arquivo,consulta,sha256,bytes,linhas,data_acesso
exportacao_8703_1997_pais.json,"POST general {""flow"": ""export"", ""monthDetail"": true, ""period"": {""from"": ""1997-01"", ""to"": ""1997-12""}, ""filters"": [{""filter"": ""heading"", ""values"": [""8703""]}], ""details"": [""ncm"", ""country""], ""metrics"": [""metricFOB"", ""metricKG"", ""metricStatistic""]}",aecabac03da10890497956333905271f6f1a26b46edf2ea7312e04fd819e116b,181289,698,2026-10-04T03:53:30+00:00
exportacao_8703_1997_total.json,"POST general {""flow"": ""export"", ""monthDetail"": true, ""period"": {""from"": ""1997-01"", ""to"": ""1997-12""}, ""filters"": [{""filter"": ""heading"", ""values"": [""8703""]}], ""details"": [""ncm""], ""metrics"": [""metricFOB"", ""metricKG"", ""metricStatistic""]}",36d0b8aad10294e5ff12393ad918f1155714547f0cd851dbc2ca42967c4b282a,26105,112,2026-10-04T03:54:05+00:00
exportacao_8703_1998_pais.json,"POST general {""flow"": ""export"", ""monthDetail"": true, ""period"": {""from"": ""1998-01"", ""to"": ""1998-12""}, ""filters"": [{""filter"": ""heading"", ""values"": [""8703""]}], ""details"": [""ncm"", ""country""], ""metrics"": [""metricFOB"", ""metricKG"", ""metricStatistic""]}",24f917b6c67a051eed446d8d3b3936ff79c4203b887a9c3bff1bf1428472a2e9,250057,958,2026-10-04T03:54:09+00:00
exportacao_8703_1998_total.json,"POST general {""flow"": ""export"", ""monthDetail"": true, ""period"": {""from"": ""1998-01"", ""to"": ""1998-12""}, ""filters"": [{""filter"": ""heading"", ""values"": [""8703""]}], ""details"": [""ncm""], ""metrics"": [""metricFOB"", ""metricKG"", ""metricStatistic""]}",d1025e740b4cf3c43db9fd92da17ab1ff83efa2702cc21b1c30ddbf307e8b140,26471,116,2026-10-04T03:54:13+00:00
exportacao_8703_1999_pais.json,"POST general {""flow"": ""export"", ""monthDetail"": true, ""period"": {""from"": ""1999-01"", ""to"": ""1999-12""}, ""filters"": [{""filter"": ""heading"", ""values"": [""8703""]}], ""details"": [""ncm"", ""country""], ""metrics"": [""metricFOB"", ""metricKG"", ""metricStatistic""]}",3c369262dfe8c11de971c64d7766b95ac02bcb1225652b74b95586d7d143bc7a,197871,756,2026-10-04T03:54:17+00:00
exportacao_8703_1999_total.json,"POST general {""flow"": ""export"", ""monthDetail"": true, ""period"": {""from"": ""1999-01"", ""to"": ""1999-12""}, ""filters"": [{""filter"": ""heading"", ""values"": [""8703""]}], ""details"": [""ncm""], ""metrics"": [""metricFOB"", ""metricKG"", ""metricStatistic""]}",96117eeafa78402dc181f0cc4e187190dd873623fc7df7b9c377405a4618d359,25320,111,2026-10-04T03:54:21+00:00
exportacao_8703_2000_pais.json,"POST general {""flow"": ""export"", ""monthDetail"": true, ""period"": {""from"": ""2000-01"", ""to"": ""2000-12""}, ""filters"": [{""filter"": ""heading"", ""values"": [""8703""]}], ""details"": [""ncm"", ""country""], ""metrics"": [""metricFOB"", ""metricKG"", ""metricStatistic""]}",2125f549b9c6f285b7f32c5227ba219291d38b5f3a3d6fbb24fa4cff5ad0693f,189466,757,2026-10-04T03:54:25+00:00
exportacao_8703_2000_total.json,"POST general {""flow"": ""export"", ""monthDetail"": true, ""period"": {""from"": ""2000-01"", ""to"": ""2000-12""}, ""filters"": [{""filter"": ""heading"", ""values"": [""8703""]}], ""details"": [""ncm""], ""metrics"": [""metricFOB"", ""metricKG"", ""metricStatistic""]}",69ae209ffa52766f09f14b9160544748749ae275319a5279cc302b0ccc0cabd4,25950,114,2026-10-04T03:54:29+00:00
exportacao_8703_2001_pais.json,"POST general {""flow"": ""export"", ""monthDetail"": true, ""period"": {""from"": ""2001-01"", ""to"": ""2001-12""}, ""filters"": [{""filter"": ""heading"", ""values"": [""8703""]}], ""details"": [""ncm"", ""country""], ""metrics"": [""metricFOB"", ""metricKG"", ""metricStatistic""]}",7e51d97f8dcc65f2b544db4a6d8168208759429d1cc81cb06b7e3a65efee266d,178528,723,2026-10-04T03:55:04+00:00
exportacao_8703_2001_total.json,"POST general {""flow"": ""export"", ""monthDetail"": true, ""period"": {""from"": ""2001-01"", ""to"": ""2001-12""}, ""filters"": [{""filter"": ""heading"", ""values"": [""8703""]}], ""details"": [""ncm""], ""metrics"": [""metricFOB"", ""metricKG"", ""metricStatistic""]}",6b3385562e895542206d696a50a167ee429e996b22cc6acb7c3da02c993e670a,24492,107,2026-10-04T03:55:08+00:00
exportacao_8703_2002_pais.json,"POST general {""flow"": ""export"", ""monthDetail"": true, ""period"": {""from"": ""2002-01"", ""to"": ""2002-12""}, ""filters"": [{""filter"": ""heading"", ""values"": [""8703""]}], ""details"": [""ncm"", ""country""], ""metrics"": [""metricFOB"", ""metricKG"", ""metricStatistic""]}",9e63f6b8d89f9a9ea2189f0e01cd3698c7b6336fb100a8a04b51685610a0d1c6,205006,826,2026-10-04T03:55:12+00:00
exportacao_8703_2002_total.json,"POST general {""flow"": ""export"", ""monthDetail"": true, ""period"": {""from"": ""2002-01"", ""to"": ""2002-12""}, ""filters"": [{""filter"": ""heading"", ""values"": [""8703""]}], ""details"": [""ncm""], ""metrics"": [""metricFOB"", ""metricKG"", ""metricStatistic""]}",cd3984663448aecd5c0f35426eea58aca208b66c540270c2c73a0d86ea8454ef,26997,119,2026-10-04T03:55:17+00:00
exportacao_8703_2003_pais.json,"POST general {""flow"": ""export"", ""monthDetail"": true, ""period"": {""from"": ""2003-01"", ""to"": ""2003-12""}, ""filters"": [{""filter"": ""heading"", ""values"": [""8703""]}], ""details"": [""ncm"", ""country""], ""metrics"": [""metricFOB"", ""metricKG"", ""metricStatistic""]}",095b51424cfd38c40624928b3c879147c174a6610912f7f60695452f24f0855a,243101,969,2026-10-04T03:55:21+00:00
exportacao_8703_2003_total.json,"POST general {""flow"": ""export"", ""monthDetail"": true, ""period"": {""from"": ""2003-01"", ""to"": ""2003-12""}, ""filters"": [{""filter"": ""heading"", ""values"": [""8703""]}], ""details"": [""ncm""], ""metrics"": [""metricFOB"", ""metricKG"", ""metricStatistic""]}",18e41956dc1e79c6c8e1eada31ca092eabd3fe3ab288484ae4079f5137beb15c,27678,123,2026-10-04T03:55:25+00:00
exportacao_8703_2004_pais.json,"POST general {""flow"": ""export"", ""monthDetail"": true, ""period"": {""from"": ""2004-01"", ""to"": ""2004-12""}, ""filters"": [{""filter"": ""heading"", ""values"": [""8703""]}], ""details"": [""ncm"", ""country""], ""metrics"": [""metricFOB"", ""metricKG"", ""metricStatistic""]}",670de1f06aed52ec75161a03e5fe133ff5d71bb6937fe28baca096f63051b944,336585,1300,2026-10-04T03:55:29+00:00
exportacao_8703_2004_total.json,"POST general {""flow"": ""export"", ""monthDetail"": true, ""period"": {""from"": ""2004-01"", ""to"": ""2004-12""}, ""filters"": [{""filter"": ""heading"", ""values"": [""8703""]}], ""details"": [""ncm""], ""metrics"": [""metricFOB"", ""metricKG"", ""metricStatistic""]}",be1bc39a3c4cefd883226b2480379bae7bfb49d4daa2fdd6a6cd073b3dba9b3a,24533,108,2026-10-04T03:55:33+00:00
exportacao_8703_2005_pais.json,"POST general {""flow"": ""export"", ""monthDetail"": true, ""period"": {""from"": ""2005-01"", ""to"": ""2005-12""}, ""filters"": [{""filter"": ""heading"", ""values"": [""8703""]}], ""details"": [""ncm"", ""country""], ""metrics"": [""metricFOB"", ""metricKG"", ""metricStatistic""]}",1e1c0c6ee4604efe166ae644d19726263f1e781fdd53c90ef9e69ba91d61040b,318909,1224,2026-10-04T03:55:37+00:00
exportacao_8703_2005_total.json,"POST general {""flow"": ""export"", ""monthDetail"": true, ""period"": {""from"": ""2005-01"", ""to"": ""2005-12""}, ""filters"": [{""filter"": ""heading"", ""values"": [""8703""]}], ""details"": [""ncm""], ""metrics"": [""metricFOB"", ""metricKG"", ""metricStatistic""]}",8f8e3dac257ae8aca18aff995053813ccf201aad7b29199d4cea9acfbab2f18b,26103,116,2026-10-04T03:55:41+00:00
exportacao_8703_2006_pais.json,"POST general {""flow"": ""export"", ""monthDetail"": true, ""period"": {""from"": ""2006-01"", ""to"": ""2006-12""}, ""filters"": [{""filter"": ""heading"", ""values"": [""8703""]}], ""details"": [""ncm"", ""country""], ""metrics"": [""metricFOB"", ""metricKG"", ""metricStatistic""]}",eb2d2ecb5bdb3e0510f3a6179c08c9ec499dea0a6cf3c94462515628306a074e,293245,1120,2026-10-04T03:55:45+00:00
exportacao_8703_2006_total.json,"POST general {""flow"": ""export"", ""monthDetail"": true, ""period"": {""from"": ""2006-01"", ""to"": ""2006-12""}, ""filters"": [{""filter"": ""heading"", ""values"": [""8703""]}], ""details"": [""ncm""], ""metrics"": [""metricFOB"", ""metricKG"", ""metricStatistic""]}",4c270226ecde904cef6ccb180551452cdc1b04c934412cc192bd26a26c7454f6,23134,102,2026-10-04T03:55:49+00:00
exportacao_8703_2007_pais.json,"POST general {""flow"": ""export"", ""monthDetail"": true, ""period"": {""from"": ""2007-01"", ""to"": ""2007-12""}, ""filters"": [{""filter"": ""heading"", ""values"": [""8703""]}], ""details"": [""ncm"", ""country""], ""metrics"": [""metricFOB"", ""metricKG"", ""metricStatistic""]}",08b87776780339a41f8c16d863d54c9cfc7546c6a3f39a936eaf25c0775576dd,243543,936,2026-10-04T03:56:23+00:00
exportacao_8703_2007_total.json,"POST general {""flow"": ""export"", ""monthDetail"": true, ""period"": {""from"": ""2007-01"", ""to"": ""2007-12""}, ""filters"": [{""filter"": ""heading"", ""values"": [""8703""]}], ""details"": [""ncm""], ""metrics"": [""metricFOB"", ""metricKG"", ""metricStatistic""]}",16f49cf40a2f15fbfa47015986bdc0125354901d094c9637b7ba5f10b7865ca4,26265,115,2026-10-04T03:56:27+00:00
exportacao_8703_2008_pais.json,"POST general {""flow"": ""export"", ""monthDetail"": true, ""period"": {""from"": ""2008-01"", ""to"": ""2008-12""}, ""filters"": [{""filter"": ""heading"", ""values"": [""8703""]}], ""details"": [""ncm"", ""country""], ""metrics"": [""metricFOB"", ""metricKG"", ""metricStatistic""]}",2ec5900e67afa668fec4a3cb053e23b15d634a4d50f2b834673251d84abfd236,179138,696,2026-10-04T03:56:31+00:00
exportacao_8703_2008_total.json,"POST general {""flow"": ""export"", ""monthDetail"": true, ""period"": {""from"": ""2008-01"", ""to"": ""2008-12""}, ""filters"": [{""filter"": ""heading"", ""values"": [""8703""]}], ""details"": [""ncm""], ""metrics"": [""metricFOB"", ""metricKG"", ""metricStatistic""]}",a7b3f21edb6217681b363fb3e8ba775b585239f290b26bc8e30acfdec8607eff,26370,118,2026-10-04T03:57:05+00:00
exportacao_8703_2009_pais.json,"POST general {""flow"": ""export"", ""monthDetail"": true, ""period"": {""from"": ""2009-01"", ""to"": ""2009-12""}, ""filters"": [{""filter"": ""heading"", ""values"": [""8703""]}], ""details"": [""ncm"", ""country""], ""metrics"": [""metricFOB"", ""metricKG"", ""metricStatistic""]}",65d41bbb87d521c7a6b97845d756ed1c89b490508c4aa4da81f3c1976ee9fd91,145934,558,2026-10-04T03:57:09+00:00
exportacao_8703_2009_total.json,"POST general {""flow"": ""export"", ""monthDetail"": true, ""period"": {""from"": ""2009-01"", ""to"": ""2009-12""}, ""filters"": [{""filter"": ""heading"", ""values"": [""8703""]}], ""details"": [""ncm""], ""metrics"": [""metricFOB"", ""metricKG"", ""metricStatistic""]}",f1102cead3330234b2725f3d0fac38a4aae1b393648173d9375700d2399039de,25308,112,2026-10-04T03:57:13+00:00
exportacao_8703_2010_pais.json,"POST general {""flow"": ""export"", ""monthDetail"": true, ""period"": {""from"": ""2010-01"", ""to"": ""2010-12""}, ""filters"": [{""filter"": ""heading"", ""values"": [""8703""]}], ""details"": [""ncm"", ""country""], ""metrics"": [""metricFOB"", ""metricKG"", ""metricStatistic""]}",99ad5cbdb4f948b0bf6c66310b847a969f285c1eec8ccb43ccd4c2f4121ff1cf,152283,577,2026-10-04T03:57:17+00:00
exportacao_8703_2010_total.json,"POST general {""flow"": ""export"", ""monthDetail"": true, ""period"": {""from"": ""2010-01"", ""to"": ""2010-12""}, ""filters"": [{""filter"": ""heading"", ""values"": [""8703""]}], ""details"": [""ncm""], ""metrics"": [""metricFOB"", ""metricKG"", ""metricStatistic""]}",d2968fdbd150f7ba6abd3c3a3b5953894ee883cf0745c5d814985d72fd3a3bcc,24382,108,2026-10-04T03:57:51+00:00
exportacao_8703_2011_pais.json,"POST general {""flow"": ""export"", ""monthDetail"": true, ""period"": {""from"": ""2011-01"", ""to"": ""2011-12""}, ""filters"": [{""filter"": ""heading"", ""values"": [""8703""]}], ""details"": [""ncm"", ""country""], ""metrics"": [""metricFOB"", ""metricKG"", ""metricStatistic""]}",6ccdfea339defa43479f27f9d7e5b83b9f4fa67d6a28b8c4ded14b4a0c189b23,108778,405,2026-10-04T03:57:56+00:00
exportacao_8703_2011_total.json,"POST general {""flow"": ""export"", ""monthDetail"": true, ""period"": {""from"": ""2011-01"", ""to"": ""2011-12""}, ""filters"": [{""filter"": ""heading"", ""values"": [""8703""]}], ""details"": [""ncm""], ""metrics"": [""metricFOB"", ""metricKG"", ""metricStatistic""]}",0e04d7f06a17e9f450d0f6ac86fad7b41ae361cc790e586f185b9e4dfe09951c,20985,92,2026-10-04T03:58:00+00:00
exportacao_8703_2012_pais.json,"POST general {""flow"": ""export"", ""monthDetail"": true, ""period"": {""from"": ""2012-01"", ""to"": ""2012-12""}, ""filters"": [{""filter"": ""heading"", ""values"": [""8703""]}], ""details"": [""ncm"", ""country""], ""metrics"": [""metricFOB"", ""metricKG"", ""metricStatistic""]}",9cd69a77b53ceec046103d92c2938bc4d7afdfc3bf3d749297be1953b502c4cb,101423,383,2026-10-04T03:58:03+00:00
exportacao_8703_2012_total.json,"POST general {""flow"": ""export"", ""monthDetail"": true, ""period"": {""from"": ""2012-01"", ""to"": ""2012-12""}, ""filters"": [{""filter"": ""heading"", ""values"": [""8703""]}], ""details"": [""ncm""], ""metrics"": [""metricFOB"", ""metricKG"", ""metricStatistic""]}",1f1bf8d52b83ab8a10449ea1b6be8d82111f0e4de0388f3b5ce8226fbbcdd406,20439,89,2026-10-04T03:58:07+00:00
exportacao_8703_2013_pais.json,"POST general {""flow"": ""export"", ""monthDetail"": true, ""period"": {""from"": ""2013-01"", ""to"": ""2013-12""}, ""filters"": [{""filter"": ""heading"", ""values"": [""8703""]}], ""details"": [""ncm"", ""country""], ""metrics"": [""metricFOB"", ""metricKG"", ""metricStatistic""]}",afc42ef5569bc5b7b49dd0eec4fa3de7454d3d7bce26f4d6aa3ec8058227a8a6,117398,448,2026-10-04T03:58:11+00:00
exportacao_8703_2013_total.json,"POST general {""flow"": ""export"", ""monthDetail"": true, ""period"": {""from"": ""2013-01"", ""to"": ""2013-12""}, ""filters"": [{""filter"": ""heading"", ""values"": [""8703""]}], ""details"": [""ncm""], ""metrics"": [""metricFOB"", ""metricKG"", ""metricStatistic""]}",7c7df2c55a0f107e9d385148ec888afda10de5fa9543157ba42022eca024aaba,24085,106,2026-10-04T03:58:15+00:00
exportacao_8703_2014_pais.json,"POST general {""flow"": ""export"", ""monthDetail"": true, ""period"": {""from"": ""2014-01"", ""to"": ""2014-12""}, ""filters"": [{""filter"": ""heading"", ""values"": [""8703""]}], ""details"": [""ncm"", ""country""], ""metrics"": [""metricFOB"", ""metricKG"", ""metricStatistic""]}",3392052ecc5ef7c5289a6fbd10593f775a679854f67ad931dc55a4bfd52da9d2,133786,510,2026-10-04T03:58:19+00:00
exportacao_8703_2014_total.json,"POST general {""flow"": ""export"", ""monthDetail"": true, ""period"": {""from"": ""2014-01"", ""to"": ""2014-12""}, ""filters"": [{""filter"": ""heading"", ""values"": [""8703""]}], ""details"": [""ncm""], ""metrics"": [""metricFOB"", ""metricKG"", ""metricStatistic""]}",fa33e996102e7d1a4cf3bbb91a8f2af4d2cd730f022097a47e725aeda42b36c2,23403,103,2026-10-04T03:58:23+00:00
exportacao_8703_2015_pais.json,"POST general {""flow"": ""export"", ""monthDetail"": true, ""period"": {""from"": ""2015-01"", ""to"": ""2015-12""}, ""filters"": [{""filter"": ""heading"", ""values"": [""8703""]}], ""details"": [""ncm"", ""country""], ""metrics"": [""metricFOB"", ""metricKG"", ""metricStatistic""]}",0548998706c481b24db08c2ba06ad81ab2e2d6fd007bffd3f30af31009ec4c1a,142780,546,2026-10-04T03:58:26+00:00
exportacao_8703_2015_total.json,"POST general {""flow"": ""export"", ""monthDetail"": true, ""period"": {""from"": ""2015-01"", ""to"": ""2015-12""}, ""filters"": [{""filter"": ""heading"", ""values"": [""8703""]}], ""details"": [""ncm""], ""metrics"": [""metricFOB"", ""metricKG"", ""metricStatistic""]}",dd68823c5e114a6cc077a08f7adddc41cb36d7ae690bc87b0cca09f590b44f12,24996,111,2026-10-04T03:58:30+00:00
exportacao_8703_2016_pais.json,"POST general {""flow"": ""export"", ""monthDetail"": true, ""period"": {""from"": ""2016-01"", ""to"": ""2016-12""}, ""filters"": [{""filter"": ""heading"", ""values"": [""8703""]}], ""details"": [""ncm"", ""country""], ""metrics"": [""metricFOB"", ""metricKG"", ""metricStatistic""]}",bc3a5cf74698dd09fe07786ad73c8c963c7cf1057a65fec6cc0ec9b60c26b6af,204407,780,2026-10-04T03:58:34+00:00
exportacao_8703_2016_total.json,"POST general {""flow"": ""export"", ""monthDetail"": true, ""period"": {""from"": ""2016-01"", ""to"": ""2016-12""}, ""filters"": [{""filter"": ""heading"", ""values"": [""8703""]}], ""details"": [""ncm""], ""metrics"": [""metricFOB"", ""metricKG"", ""metricStatistic""]}",84ebd1ac8f6d7286074acd05ce76b1d380b947e429cc714de53571ed69f2353f,26254,117,2026-10-04T03:58:38+00:00
exportacao_8703_2017_pais.json,"POST general {""flow"": ""export"", ""monthDetail"": true, ""period"": {""from"": ""2017-01"", ""to"": ""2017-12""}, ""filters"": [{""filter"": ""heading"", ""values"": [""8703""]}], ""details"": [""ncm"", ""country""], ""metrics"": [""metricFOB"", ""metricKG"", ""metricStatistic""]}",216aff7836cf6325bd038ab426eebe1263b4373d498cdcb194a5d04421207389,197886,751,2026-10-04T03:58:42+00:00
exportacao_8703_2017_total.json,"POST general {""flow"": ""export"", ""monthDetail"": true, ""period"": {""from"": ""2017-01"", ""to"": ""2017-12""}, ""filters"": [{""filter"": ""heading"", ""values"": [""8703""]}], ""details"": [""ncm""], ""metrics"": [""metricFOB"", ""metricKG"", ""metricStatistic""]}",c156f54ace095a0ad65d0a97bf8a21d553d8c6face189dbc89d7d2ccd7368366,26824,118,2026-10-04T03:58:46+00:00
exportacao_8703_2018_pais.json,"POST general {""flow"": ""export"", ""monthDetail"": true, ""period"": {""from"": ""2018-01"", ""to"": ""2018-12""}, ""filters"": [{""filter"": ""heading"", ""values"": [""8703""]}], ""details"": [""ncm"", ""country""], ""metrics"": [""metricFOB"", ""metricKG"", ""metricStatistic""]}",c26a331771f6904714b9f8b4c355dfa5a6c64f0b91fe21ed2b06f4890f3e97e3,200048,761,2026-10-04T03:58:50+00:00
exportacao_8703_2018_total.json,"POST general {""flow"": ""export"", ""monthDetail"": true, ""period"": {""from"": ""2018-01"", ""to"": ""2018-12""}, ""filters"": [{""filter"": ""heading"", ""values"": [""8703""]}], ""details"": [""ncm""], ""metrics"": [""metricFOB"", ""metricKG"", ""metricStatistic""]}",125b67a24cd93e4ab87e275f6aa99db1666e368ab0a3d96df29ccd2dc3223d3f,26741,117,2026-10-04T03:58:54+00:00
exportacao_8703_2019_pais.json,"POST general {""flow"": ""export"", ""monthDetail"": true, ""period"": {""from"": ""2019-01"", ""to"": ""2019-12""}, ""filters"": [{""filter"": ""heading"", ""values"": [""8703""]}], ""details"": [""ncm"", ""country""], ""metrics"": [""metricFOB"", ""metricKG"", ""metricStatistic""]}",b685ebd2160b49d3d4ee47aa1f4df288dd5be5b91b3369166de397812f4c6142,243047,922,2026-10-04T03:58:58+00:00
exportacao_8703_2019_total.json,"POST general {""flow"": ""export"", ""monthDetail"": true, ""period"": {""from"": ""2019-01"", ""to"": ""2019-12""}, ""filters"": [{""filter"": ""heading"", ""values"": [""8703""]}], ""details"": [""ncm""], ""metrics"": [""metricFOB"", ""metricKG"", ""metricStatistic""]}",7e7c83b3f7b37f1c3912f97f137d6986d893718c3198912fa3ed57951c0784ea,28822,124,2026-10-04T03:59:02+00:00
exportacao_8703_2020_pais.json,"POST general {""flow"": ""export"", ""monthDetail"": true, ""period"": {""from"": ""2020-01"", ""to"": ""2020-12""}, ""filters"": [{""filter"": ""heading"", ""values"": [""8703""]}], ""details"": [""ncm"", ""country""], ""metrics"": [""metricFOB"", ""metricKG"", ""metricStatistic""]}",de9e4ba3644bb47f9058162442eace1e8d99e3abb972e555aec93704e9392b46,240489,879,2026-10-04T03:59:06+00:00
exportacao_8703_2020_total.json,"POST general {""flow"": ""export"", ""monthDetail"": true, ""period"": {""from"": ""2020-01"", ""to"": ""2020-12""}, ""filters"": [{""filter"": ""heading"", ""values"": [""8703""]}], ""details"": [""ncm""], ""metrics"": [""metricFOB"", ""metricKG"", ""metricStatistic""]}",f7133852f145325be407af5f1cbf5d4df23233ec1c611a6ef2f8cd0d00e37e38,30740,126,2026-10-04T03:59:41+00:00
exportacao_8703_2021_pais.json,"POST general {""flow"": ""export"", ""monthDetail"": true, ""period"": {""from"": ""2021-01"", ""to"": ""2021-12""}, ""filters"": [{""filter"": ""heading"", ""values"": [""8703""]}], ""details"": [""ncm"", ""country""], ""metrics"": [""metricFOB"", ""metricKG"", ""metricStatistic""]}",531a1add0f740944f818ac22830502e9ac6f9da923051f40dbaacde9249ddd15,353642,1257,2026-10-04T03:59:45+00:00
exportacao_8703_2021_total.json,"POST general {""flow"": ""export"", ""monthDetail"": true, ""period"": {""from"": ""2021-01"", ""to"": ""2021-12""}, ""filters"": [{""filter"": ""heading"", ""values"": [""8703""]}], ""details"": [""ncm""], ""metrics"": [""metricFOB"", ""metricKG"", ""metricStatistic""]}",fbf9e1083b1ccbc018b21d46d22b0bb0255ee4b97df9ca117827024fae4e27e0,31879,130,2026-10-04T03:59:49+00:00
exportacao_8703_2022_pais.json,"POST general {""flow"": ""export"", ""monthDetail"": true, ""period"": {""from"": ""2022-01"", ""to"": ""2022-12""}, ""filters"": [{""filter"": ""heading"", ""values"": [""8703""]}], ""details"": [""ncm"", ""country""], ""metrics"": [""metricFOB"", ""metricKG"", ""metricStatistic""]}",fc27d1b3d51d0ebc2be88746b32f12e6fc5013c3b1452edf42694cf9674d57b3,396817,1380,2026-10-04T04:01:24+00:00
exportacao_8703_2022_total.json,"POST general {""flow"": ""export"", ""monthDetail"": true, ""period"": {""from"": ""2022-01"", ""to"": ""2022-12""}, ""filters"": [{""filter"": ""heading"", ""values"": [""8703""]}], ""details"": [""ncm""], ""metrics"": [""metricFOB"", ""metricKG"", ""metricStatistic""]}",3cbaea09c205b2a945e5bf9c87218e34ef299483dccbe97e56d3fde09dd4f6bd,34084,139,2026-10-04T04:01:59+00:00
exportacao_8703_2023_pais.json,"POST general {""flow"": ""export"", ""monthDetail"": true, ""period"": {""from"": ""2023-01"", ""to"": ""2023-12""}, ""filters"": [{""filter"": ""heading"", ""values"": [""8703""]}], ""details"": [""ncm"", ""country""], ""metrics"": [""metricFOB"", ""metricKG"", ""metricStatistic""]}",e50b27739c4c26453f921fe864d39c5df985b090f9821b141a2db6d4b7910dd5,369369,1267,2026-10-04T04:02:03+00:00
exportacao_8703_2023_total.json,"POST general {""flow"": ""export"", ""monthDetail"": true, ""period"": {""from"": ""2023-01"", ""to"": ""2023-12""}, ""filters"": [{""filter"": ""heading"", ""values"": [""8703""]}], ""details"": [""ncm""], ""metrics"": [""metricFOB"", ""metricKG"", ""metricStatistic""]}",5f57770028d0ab9101274bddc2798f280d387f0752aa8315368b703ceba10641,33378,137,2026-10-04T04:02:06+00:00
exportacao_8703_2024_pais.json,"POST general {""flow"": ""export"", ""monthDetail"": true, ""period"": {""from"": ""2024-01"", ""to"": ""2024-12""}, ""filters"": [{""filter"": ""heading"", ""values"": [""8703""]}], ""details"": [""ncm"", ""country""], ""metrics"": [""metricFOB"", ""metricKG"", ""metricStatistic""]}",f5eda70bc501cc5992486c3f43cf26d4bb5657b9b06cee6022230b8d55791471,326879,1091,2026-10-04T04:02:10+00:00
exportacao_8703_2024_total.json,"POST general {""flow"": ""export"", ""monthDetail"": true, ""period"": {""from"": ""2024-01"", ""to"": ""2024-12""}, ""filters"": [{""filter"": ""heading"", ""values"": [""8703""]}], ""details"": [""ncm""], ""metrics"": [""metricFOB"", ""metricKG"", ""metricStatistic""]}",5566b7eaacb1e1649225b5efe010f1aed17bb3e072402e0889431065c6781383,28783,115,2026-10-04T04:02:14+00:00
exportacao_8703_2025_pais.json,"POST general {""flow"": ""export"", ""monthDetail"": true, ""period"": {""from"": ""2025-01"", ""to"": ""2025-12""}, ""filters"": [{""filter"": ""heading"", ""values"": [""8703""]}], ""details"": [""ncm"", ""country""], ""metrics"": [""metricFOB"", ""metricKG"", ""metricStatistic""]}",a594f2e601e177f4e5b9c705f80f9f976f9b0c692ffe0423c6909902ba10b10d,328621,1127,2026-10-04T04:02:49+00:00
exportacao_8703_2025_total.json,"POST general {""flow"": ""export"", ""monthDetail"": true, ""period"": {""from"": ""2025-01"", ""to"": ""2025-12""}, ""filters"": [{""filter"": ""heading"", ""values"": [""8703""]}], ""details"": [""ncm""], ""metrics"": [""metricFOB"", ""metricKG"", ""metricStatistic""]}",ae83560b3c09a29fd42f8cbd118af56d099e8a2923bff1c74430c1abdf633a56,30403,117,2026-10-04T04:02:53+00:00
exportacao_8703_2026_pais.json,"POST general {""flow"": ""export"", ""monthDetail"": true, ""period"": {""from"": ""2026-01"", ""to"": ""2026-12""}, ""filters"": [{""filter"": ""heading"", ""values"": [""8703""]}], ""details"": [""ncm"", ""country""], ""metrics"": [""metricFOB"", ""metricKG"", ""metricStatistic""]}",a1449ef4aa8c34ccb10f166bb20e43e406eae070243cb643d021b05ce48b02c0,212987,726,2026-10-04T04:02:57+00:00
exportacao_8703_2026_total.json,"POST general {""flow"": ""export"", ""monthDetail"": true, ""period"": {""from"": ""2026-01"", ""to"": ""2026-12""}, ""filters"": [{""filter"": ""heading"", ""values"": [""8703""]}], ""details"": [""ncm""], ""metrics"": [""metricFOB"", ""metricKG"", ""metricStatistic""]}",67dcc83aa535a710bea30fe35838a1fc71cd2e4f8f2eb5a4b28cb46f6d9875a5,19331,75,2026-10-04T04:03:01+00:00
exportacao_8704_1997_pais.json,"POST general {""flow"": ""export"", ""monthDetail"": true, ""period"": {""from"": ""1997-01"", ""to"": ""1997-12""}, ""filters"": [{""filter"": ""heading"", ""values"": [""8704""]}], ""details"": [""ncm"", ""country""], ""metrics"": [""metricFOB"", ""metricKG"", ""metricStatistic""]}",911bedaa6b296e4c657c7ef01a8fd045c9b5ee431f7eeb54a19d5313e6925682,186664,819,2026-10-04T04:03:35+00:00
exportacao_8704_1997_total.json,"POST general {""flow"": ""export"", ""monthDetail"": true, ""period"": {""from"": ""1997-01"", ""to"": ""1997-12""}, ""filters"": [{""filter"": ""heading"", ""values"": [""8704""]}], ""details"": [""ncm""], ""metrics"": [""metricFOB"", ""metricKG"", ""metricStatistic""]}",64cba85a59c364f8076544fbbcc25b82609be2c5987a9a4beb67eda408d23f81,24793,118,2026-10-04T04:04:09+00:00
exportacao_8704_1998_pais.json,"POST general {""flow"": ""export"", ""monthDetail"": true, ""period"": {""from"": ""1998-01"", ""to"": ""1998-12""}, ""filters"": [{""filter"": ""heading"", ""values"": [""8704""]}], ""details"": [""ncm"", ""country""], ""metrics"": [""metricFOB"", ""metricKG"", ""metricStatistic""]}",76bda5b1c400f3e75d6ba7fb0963c036ff78bdec20c29c7b21fcbdcc9da14764,172073,757,2026-10-04T04:04:13+00:00
exportacao_8704_1998_total.json,"POST general {""flow"": ""export"", ""monthDetail"": true, ""period"": {""from"": ""1998-01"", ""to"": ""1998-12""}, ""filters"": [{""filter"": ""heading"", ""values"": [""8704""]}], ""details"": [""ncm""], ""metrics"": [""metricFOB"", ""metricKG"", ""metricStatistic""]}",50c9bd75f13befe542a33520052c4bfb37a13ef0756cce052f8f9af0251b74ad,22424,108,2026-10-04T04:04:17+00:00
exportacao_8704_1999_pais.json,"POST general {""flow"": ""export"", ""monthDetail"": true, ""period"": {""from"": ""1999-01"", ""to"": ""1999-12""}, ""filters"": [{""filter"": ""heading"", ""values"": [""8704""]}], ""details"": [""ncm"", ""country""], ""metrics"": [""metricFOB"", ""metricKG"", ""metricStatistic""]}",eb2abb42a8673482d9b7a0955262e8437ddd0b0bbc5517a1f79d1d17f2a903cf,141289,622,2026-10-04T04:04:21+00:00
exportacao_8704_1999_total.json,"POST general {""flow"": ""export"", ""monthDetail"": true, ""period"": {""from"": ""1999-01"", ""to"": ""1999-12""}, ""filters"": [{""filter"": ""heading"", ""values"": [""8704""]}], ""details"": [""ncm""], ""metrics"": [""metricFOB"", ""metricKG"", ""metricStatistic""]}",4598d52f4a310aa771aa6af21a69eca3db1fa2999e11b64b83e22ee44a2781ff,20019,97,2026-10-04T04:04:24+00:00
exportacao_8704_2000_pais.json,"POST general {""flow"": ""export"", ""monthDetail"": true, ""period"": {""from"": ""2000-01"", ""to"": ""2000-12""}, ""filters"": [{""filter"": ""heading"", ""values"": [""8704""]}], ""details"": [""ncm"", ""country""], ""metrics"": [""metricFOB"", ""metricKG"", ""metricStatistic""]}",048ce83c366d3f8199acaad91b7510b2adb1767ad0259f65087784f9b7f622cb,136417,602,2026-10-04T04:04:59+00:00
exportacao_8704_2000_total.json,"POST general {""flow"": ""export"", ""monthDetail"": true, ""period"": {""from"": ""2000-01"", ""to"": ""2000-12""}, ""filters"": [{""filter"": ""heading"", ""values"": [""8704""]}], ""details"": [""ncm""], ""metrics"": [""metricFOB"", ""metricKG"", ""metricStatistic""]}",65f80f182a41ddbc7083ac2c7218cc48afb5ad28b5553c59e1f705ba6f29c2a3,19828,96,2026-10-04T04:05:03+00:00
exportacao_8704_2001_pais.json,"POST general {""flow"": ""export"", ""monthDetail"": true, ""period"": {""from"": ""2001-01"", ""to"": ""2001-12""}, ""filters"": [{""filter"": ""heading"", ""values"": [""8704""]}], ""details"": [""ncm"", ""country""], ""metrics"": [""metricFOB"", ""metricKG"", ""metricStatistic""]}",79c46e5acfc32fea7e490a87d426c553b6f833f7a446a66659491c70dc4593af,144305,637,2026-10-04T04:05:38+00:00
exportacao_8704_2001_total.json,"POST general {""flow"": ""export"", ""monthDetail"": true, ""period"": {""from"": ""2001-01"", ""to"": ""2001-12""}, ""filters"": [{""filter"": ""heading"", ""values"": [""8704""]}], ""details"": [""ncm""], ""metrics"": [""metricFOB"", ""metricKG"", ""metricStatistic""]}",f0288694485a7250687f8f6c47b8bf5600f0df0d7e7ae3b321b17af0dc17928e,21598,103,2026-10-04T04:05:42+00:00
exportacao_8704_2002_pais.json,"POST general {""flow"": ""export"", ""monthDetail"": true, ""period"": {""from"": ""2002-01"", ""to"": ""2002-12""}, ""filters"": [{""filter"": ""heading"", ""values"": [""8704""]}], ""details"": [""ncm"", ""country""], ""metrics"": [""metricFOB"", ""metricKG"", ""metricStatistic""]}",dca236c845cf05bffe7ab91567623ccba111565b393d4957a2f83c1eeb031c6f,158608,697,2026-10-04T04:06:16+00:00
exportacao_8704_2002_total.json,"POST general {""flow"": ""export"", ""monthDetail"": true, ""period"": {""from"": ""2002-01"", ""to"": ""2002-12""}, ""filters"": [{""filter"": ""heading"", ""values"": [""8704""]}], ""details"": [""ncm""], ""metrics"": [""metricFOB"", ""metricKG"", ""metricStatistic""]}",c082fa62d609cbdf31508b8325a7ee2a31b276bf26212f98dd4424bf36ece9c1,22012,106,2026-10-04T04:06:20+00:00
exportacao_8704_2003_pais.json,"POST general {""flow"": ""export"", ""monthDetail"": true, ""period"": {""from"": ""2003-01"", ""to"": ""2003-12""}, ""filters"": [{""filter"": ""heading"", ""values"": [""8704""]}], ""details"": [""ncm"", ""country""], ""metrics"": [""metricFOB"", ""metricKG"", ""metricStatistic""]}",d7c47c9dcc5d9539912fcde49b72b588e75377a4288b2507469bd67626abb13e,172715,762,2026-10-04T04:06:24+00:00
exportacao_8704_2003_total.json,"POST general {""flow"": ""export"", ""monthDetail"": true, ""period"": {""from"": ""2003-01"", ""to"": ""2003-12""}, ""filters"": [{""filter"": ""heading"", ""values"": [""8704""]}], ""details"": [""ncm""], ""metrics"": [""metricFOB"", ""metricKG"", ""metricStatistic""]}",bb4d6462ac803bc6b0c6d05beac48f489d7721b4ca3a29693ab3dd4def8c0ecb,22754,110,2026-10-04T04:06:28+00:00
exportacao_8704_2004_pais.json,"POST general {""flow"": ""export"", ""monthDetail"": true, ""period"": {""from"": ""2004-01"", ""to"": ""2004-12""}, ""filters"": [{""filter"": ""heading"", ""values"": [""8704""]}], ""details"": [""ncm"", ""country""], ""metrics"": [""metricFOB"", ""metricKG"", ""metricStatistic""]}",a936ec43a8dffde031cc015036dfae02369548c99a0444cffafbb174cd2dd42b,258227,1140,2026-10-04T04:06:33+00:00
exportacao_8704_2004_total.json,"POST general {""flow"": ""export"", ""monthDetail"": true, ""period"": {""from"": ""2004-01"", ""to"": ""2004-12""}, ""filters"": [{""filter"": ""heading"", ""values"": [""8704""]}], ""details"": [""ncm""], ""metrics"": [""metricFOB"", ""metricKG"", ""metricStatistic""]}",0d0246ac0fe59f4684ceb597f6940ff3ab7c926f45993161197f6b06f2a3e9f5,23760,115,2026-10-04T04:06:36+00:00
exportacao_8704_2005_pais.json,"POST general {""flow"": ""export"", ""monthDetail"": true, ""period"": {""from"": ""2005-01"", ""to"": ""2005-12""}, ""filters"": [{""filter"": ""heading"", ""values"": [""8704""]}], ""details"": [""ncm"", ""country""], ""metrics"": [""metricFOB"", ""metricKG"", ""metricStatistic""]}",adc64aa5e49076f1ca799fd2a13ce6bfc6756f9c54c4af388ae853eecb7a33a7,280631,1240,2026-10-04T04:06:40+00:00
exportacao_8704_2005_total.json,"POST general {""flow"": ""export"", ""monthDetail"": true, ""period"": {""from"": ""2005-01"", ""to"": ""2005-12""}, ""filters"": [{""filter"": ""heading"", ""values"": [""8704""]}], ""details"": [""ncm""], ""metrics"": [""metricFOB"", ""metricKG"", ""metricStatistic""]}",336f360d578141fcf33d0457eb2512eda47d8a7c0d53306d1b117b79ce63cea1,24237,117,2026-10-04T04:06:44+00:00
exportacao_8704_2006_pais.json,"POST general {""flow"": ""export"", ""monthDetail"": true, ""period"": {""from"": ""2006-01"", ""to"": ""2006-12""}, ""filters"": [{""filter"": ""heading"", ""values"": [""8704""]}], ""details"": [""ncm"", ""country""], ""metrics"": [""metricFOB"", ""metricKG"", ""metricStatistic""]}",76395286cc1879a31802115d9e26bcddaa2c050cd094569ea7ddb7bcf70d4355,246828,1091,2026-10-04T04:06:48+00:00
exportacao_8704_2006_total.json,"POST general {""flow"": ""export"", ""monthDetail"": true, ""period"": {""from"": ""2006-01"", ""to"": ""2006-12""}, ""filters"": [{""filter"": ""heading"", ""values"": [""8704""]}], ""details"": [""ncm""], ""metrics"": [""metricFOB"", ""metricKG"", ""metricStatistic""]}",e9355a2aed6c31398fc20a97a497e15f7d1dab738c161f06930a611fadc57ce7,24706,119,2026-10-04T04:06:52+00:00
exportacao_8704_2007_pais.json,"POST general {""flow"": ""export"", ""monthDetail"": true, ""period"": {""from"": ""2007-01"", ""to"": ""2007-12""}, ""filters"": [{""filter"": ""heading"", ""values"": [""8704""]}], ""details"": [""ncm"", ""country""], ""metrics"": [""metricFOB"", ""metricKG"", ""metricStatistic""]}",03c9651f5d0a7c4805a3a410d7ac13df675629fb7fb23e94dd4e1f4f0e5119f3,228652,1009,2026-10-04T04:06:56+00:00
exportacao_8704_2007_total.json,"POST general {""flow"": ""export"", ""monthDetail"": true, ""period"": {""from"": ""2007-01"", ""to"": ""2007-12""}, ""filters"": [{""filter"": ""heading"", ""values"": [""8704""]}], ""details"": [""ncm""], ""metrics"": [""metricFOB"", ""metricKG"", ""metricStatistic""]}",2c7d30539d0c05984767b9e0b9e8e35ca56f53bf29549ae8ebe68d4490a17a8a,28289,135,2026-10-04T04:07:00+00:00
exportacao_8704_2008_pais.json,"POST general {""flow"": ""export"", ""monthDetail"": true, ""period"": {""from"": ""2008-01"", ""to"": ""2008-12""}, ""filters"": [{""filter"": ""heading"", ""values"": [""8704""]}], ""details"": [""ncm"", ""country""], ""metrics"": [""metricFOB"", ""metricKG"", ""metricStatistic""]}",78ad53056f35cd57ff496b8a6d4918aa3d4abf9675f15dcfebb68d995ccac7c2,211021,931,2026-10-04T04:07:04+00:00
exportacao_8704_2008_total.json,"POST general {""flow"": ""export"", ""monthDetail"": true, ""period"": {""from"": ""2008-01"", ""to"": ""2008-12""}, ""filters"": [{""filter"": ""heading"", ""values"": [""8704""]}], ""details"": [""ncm""], ""metrics"": [""metricFOB"", ""metricKG"", ""metricStatistic""]}",c2cc0051d6a327a78640695a6857c7f752fd56c33c3ae6f3cf7f1a124351109c,25157,121,2026-10-04T04:07:08+00:00
exportacao_8704_2009_pais.json,"POST general {""flow"": ""export"", ""monthDetail"": true, ""period"": {""from"": ""2009-01"", ""to"": ""2009-12""}, ""filters"": [{""filter"": ""heading"", ""values"": [""8704""]}], ""details"": [""ncm"", ""country""], ""metrics"": [""metricFOB"", ""metricKG"", ""metricStatistic""]}",5fa41daf40d666d21b02ef81b42e6a4e600091ee2a5df43993672a32cbb4830e,140808,623,2026-10-04T04:07:42+00:00
exportacao_8704_2009_total.json,"POST general {""flow"": ""export"", ""monthDetail"": true, ""period"": {""from"": ""2009-01"", ""to"": ""2009-12""}, ""filters"": [{""filter"": ""heading"", ""values"": [""8704""]}], ""details"": [""ncm""], ""metrics"": [""metricFOB"", ""metricKG"", ""metricStatistic""]}",7a989e54fd9261dae78d36606fe122c143d71709f5393a9e199680c41b7e5938,22117,107,2026-10-04T04:07:46+00:00
exportacao_8704_2010_pais.json,"POST general {""flow"": ""export"", ""monthDetail"": true, ""period"": {""from"": ""2010-01"", ""to"": ""2010-12""}, ""filters"": [{""filter"": ""heading"", ""values"": [""8704""]}], ""details"": [""ncm"", ""country""], ""metrics"": [""metricFOB"", ""metricKG"", ""metricStatistic""]}",37781d29d1542e3e05748d673c9cb80c77bc3bc651afb73b936bd4ca05a7b5b7,156403,690,2026-10-04T04:07:50+00:00
exportacao_8704_2010_total.json,"POST general {""flow"": ""export"", ""monthDetail"": true, ""period"": {""from"": ""2010-01"", ""to"": ""2010-12""}, ""filters"": [{""filter"": ""heading"", ""values"": [""8704""]}], ""details"": [""ncm""], ""metrics"": [""metricFOB"", ""metricKG"", ""metricStatistic""]}",2f9be143b6104df42d6cb7bbb023ce260c634067f2cba231640a6babf473ae5d,22748,110,2026-10-04T04:07:54+00:00
exportacao_8704_2011_pais.json,"POST general {""flow"": ""export"", ""monthDetail"": true, ""period"": {""from"": ""2011-01"", ""to"": ""2011-12""}, ""filters"": [{""filter"": ""heading"", ""values"": [""8704""]}], ""details"": [""ncm"", ""country""], ""metrics"": [""metricFOB"", ""metricKG"", ""metricStatistic""]}",f1273ff594c75c674c66dfde92467425c4c1c1ac99264a94de97ab7cc8076055,140231,619,2026-10-04T04:07:58+00:00
exportacao_8704_2011_total.json,"POST general {""flow"": ""export"", ""monthDetail"": true, ""period"": {""from"": ""2011-01"", ""to"": ""2011-12""}, ""filters"": [{""filter"": ""heading"", ""values"": [""8704""]}], ""details"": [""ncm""], ""metrics"": [""metricFOB"", ""metricKG"", ""metricStatistic""]}",a36f49829beaf25b09c4aafa4873a0a7d876e73d9585bdf0e12d34ccb0e5935a,21750,105,2026-10-04T04:08:01+00:00
exportacao_8704_2012_pais.json,"POST general {""flow"": ""export"", ""monthDetail"": true, ""period"": {""from"": ""2012-01"", ""to"": ""2012-12""}, ""filters"": [{""filter"": ""heading"", ""values"": [""8704""]}], ""details"": [""ncm"", ""country""], ""metrics"": [""metricFOB"", ""metricKG"", ""metricStatistic""]}",48de9e426a27d584a9a3b1b525e2ca1ad58679133e411ff4431ad6c20997cbf8,143152,631,2026-10-04T04:08:05+00:00
exportacao_8704_2012_total.json,"POST general {""flow"": ""export"", ""monthDetail"": true, ""period"": {""from"": ""2012-01"", ""to"": ""2012-12""}, ""filters"": [{""filter"": ""heading"", ""values"": [""8704""]}], ""details"": [""ncm""], ""metrics"": [""metricFOB"", ""metricKG"", ""metricStatistic""]}",58b5406f53798ac83ed8cdc5b091da4955d3cd05a2da98c6326965e1cabc74cd,21506,104,2026-10-04T04:08:09+00:00
exportacao_8704_2013_pais.json,"POST general {""flow"": ""export"", ""monthDetail"": true, ""period"": {""from"": ""2013-01"", ""to"": ""2013-12""}, ""filters"": [{""filter"": ""heading"", ""values"": [""8704""]}], ""details"": [""ncm"", ""country""], ""metrics"": [""metricFOB"", ""metricKG"", ""metricStatistic""]}",28ebeef2bac089b8cfa4f8f70176cbf56f9278897a9e32981b1b7bacf0557bfc,145850,642,2026-10-04T04:08:13+00:00
exportacao_8704_2013_total.json,"POST general {""flow"": ""export"", ""monthDetail"": true, ""period"": {""from"": ""2013-01"", ""to"": ""2013-12""}, ""filters"": [{""filter"": ""heading"", ""values"": [""8704""]}], ""details"": [""ncm""], ""metrics"": [""metricFOB"", ""metricKG"", ""metricStatistic""]}",4202462ed92bac5c49150ff8373f82cbd7c67ccdf0922b7fa57357f781ff75a9,23499,113,2026-10-04T04:08:16+00:00
exportacao_8704_2014_pais.json,"POST general {""flow"": ""export"", ""monthDetail"": true, ""period"": {""from"": ""2014-01"", ""to"": ""2014-12""}, ""filters"": [{""filter"": ""heading"", ""values"": [""8704""]}], ""details"": [""ncm"", ""country""], ""metrics"": [""metricFOB"", ""metricKG"", ""metricStatistic""]}",00f8b69ecaeda72886b9b5ee7902b8a2bbfbb829d3516ead1e2648e9766152c9,130912,578,2026-10-04T04:08:20+00:00
exportacao_8704_2014_total.json,"POST general {""flow"": ""export"", ""monthDetail"": true, ""period"": {""from"": ""2014-01"", ""to"": ""2014-12""}, ""filters"": [{""filter"": ""heading"", ""values"": [""8704""]}], ""details"": [""ncm""], ""metrics"": [""metricFOB"", ""metricKG"", ""metricStatistic""]}",cd3bcd5037f44c4ad4ed839551c1415ab72b90005a85c653760a3d18e39c3017,22413,108,2026-10-04T04:08:24+00:00
exportacao_8704_2015_pais.json,"POST general {""flow"": ""export"", ""monthDetail"": true, ""period"": {""from"": ""2015-01"", ""to"": ""2015-12""}, ""filters"": [{""filter"": ""heading"", ""values"": [""8704""]}], ""details"": [""ncm"", ""country""], ""metrics"": [""metricFOB"", ""metricKG"", ""metricStatistic""]}",5fcc681befc3322bc28fb028d5ce903a3d5e15d5e963856bc3584782d91c119e,118024,520,2026-10-04T04:08:28+00:00
exportacao_8704_2015_total.json,"POST general {""flow"": ""export"", ""monthDetail"": true, ""period"": {""from"": ""2015-01"", ""to"": ""2015-12""}, ""filters"": [{""filter"": ""heading"", ""values"": [""8704""]}], ""details"": [""ncm""], ""metrics"": [""metricFOB"", ""metricKG"", ""metricStatistic""]}",d8ad0f2febceac409cc03b518dc518928b90824602056097a3864035539e3177,24510,118,2026-10-04T04:08:32+00:00
exportacao_8704_2016_pais.json,"POST general {""flow"": ""export"", ""monthDetail"": true, ""period"": {""from"": ""2016-01"", ""to"": ""2016-12""}, ""filters"": [{""filter"": ""heading"", ""values"": [""8704""]}], ""details"": [""ncm"", ""country""], ""metrics"": [""metricFOB"", ""metricKG"", ""metricStatistic""]}",afa75f78d69266da50085cf4c00571b366e53455c9496324b5fbf6097a134a6b,149485,658,2026-10-04T04:08:36+00:00
exportacao_8704_2016_total.json,"POST general {""flow"": ""export"", ""monthDetail"": true, ""period"": {""from"": ""2016-01"", ""to"": ""2016-12""}, ""filters"": [{""filter"": ""heading"", ""values"": [""8704""]}], ""details"": [""ncm""], ""metrics"": [""metricFOB"", ""metricKG"", ""metricStatistic""]}",065f098d035c2e40eefc2043fe6734d42cfc51074582915cc84ddc3592a82e49,27790,133,2026-10-04T04:08:40+00:00
exportacao_8704_2017_pais.json,"POST general {""flow"": ""export"", ""monthDetail"": true, ""period"": {""from"": ""2017-01"", ""to"": ""2017-12""}, ""filters"": [{""filter"": ""heading"", ""values"": [""8704""]}], ""details"": [""ncm"", ""country""], ""metrics"": [""metricFOB"", ""metricKG"", ""metricStatistic""]}",5af14ba10836d42186574fb4c351e05d4e3cc710754fafecc4c594771fbe9d5a,169711,747,2026-10-04T04:08:44+00:00
exportacao_8704_2017_total.json,"POST general {""flow"": ""export"", ""monthDetail"": true, ""period"": {""from"": ""2017-01"", ""to"": ""2017-12""}, ""filters"": [{""filter"": ""heading"", ""values"": [""8704""]}], ""details"": [""ncm""], ""metrics"": [""metricFOB"", ""metricKG"", ""metricStatistic""]}",f3c8ab850282bc8b2eb3784013733a6da252520168d22ac7afde073ad67080ab,27571,132,2026-10-04T04:08:47+00:00
exportacao_8704_2018_pais.json,"POST general {""flow"": ""export"", ""monthDetail"": true, ""period"": {""from"": ""2018-01"", ""to"": ""2018-12""}, ""filters"": [{""filter"": ""heading"", ""values"": [""8704""]}], ""details"": [""ncm"", ""country""], ""metrics"": [""metricFOB"", ""metricKG"", ""metricStatistic""]}",977fe5fe07c176e3f6401c539992b5cf2cb24c7fc58f6c76bdceec93caf08d53,178446,787,2026-10-04T04:08:51+00:00
exportacao_8704_2018_total.json,"POST general {""flow"": ""export"", ""monthDetail"": true, ""period"": {""from"": ""2018-01"", ""to"": ""2018-12""}, ""filters"": [{""filter"": ""heading"", ""values"": [""8704""]}], ""details"": [""ncm""], ""metrics"": [""metricFOB"", ""metricKG"", ""metricStatistic""]}",3e333d38038260349e977f24c56f048927b31249e6c177c5c7b7bdf6c5814459,24935,119,2026-10-04T04:08:55+00:00
exportacao_8704_2019_pais.json,"POST general {""flow"": ""export"", ""monthDetail"": true, ""period"": {""from"": ""2019-01"", ""to"": ""2019-12""}, ""filters"": [{""filter"": ""heading"", ""values"": [""8704""]}], ""details"": [""ncm"", ""country""], ""metrics"": [""metricFOB"", ""metricKG"", ""metricStatistic""]}",82751f8eaca4aeab526e615700d01a1dbc08ecf9ffd4ae8642346e72330c8c4e,180155,793,2026-10-04T04:08:59+00:00
exportacao_8704_2019_total.json,"POST general {""flow"": ""export"", ""monthDetail"": true, ""period"": {""from"": ""2019-01"", ""to"": ""2019-12""}, ""filters"": [{""filter"": ""heading"", ""values"": [""8704""]}], ""details"": [""ncm""], ""metrics"": [""metricFOB"", ""metricKG"", ""metricStatistic""]}",5b83c123d12d40b03dabcfabad490058007fc7688cbbd7a09db6c0540d150395,26076,124,2026-10-04T04:09:34+00:00
exportacao_8704_2020_pais.json,"POST general {""flow"": ""export"", ""monthDetail"": true, ""period"": {""from"": ""2020-01"", ""to"": ""2020-12""}, ""filters"": [{""filter"": ""heading"", ""values"": [""8704""]}], ""details"": [""ncm"", ""country""], ""metrics"": [""metricFOB"", ""metricKG"", ""metricStatistic""]}",0427a275eaa9456acddf031e1c3c75d11e869117738cebfa40ccf9196a9566e1,156062,688,2026-10-04T04:09:38+00:00
exportacao_8704_2020_total.json,"POST general {""flow"": ""export"", ""monthDetail"": true, ""period"": {""from"": ""2020-01"", ""to"": ""2020-12""}, ""filters"": [{""filter"": ""heading"", ""values"": [""8704""]}], ""details"": [""ncm""], ""metrics"": [""metricFOB"", ""metricKG"", ""metricStatistic""]}",954c7470ab1f045a9fbe65b745a795a1a5aa8bddeb30391881a4f0edbef7e54d,26984,127,2026-10-04T04:10:13+00:00
exportacao_8704_2021_pais.json,"POST general {""flow"": ""export"", ""monthDetail"": true, ""period"": {""from"": ""2021-01"", ""to"": ""2021-12""}, ""filters"": [{""filter"": ""heading"", ""values"": [""8704""]}], ""details"": [""ncm"", ""country""], ""metrics"": [""metricFOB"", ""metricKG"", ""metricStatistic""]}",f12e423ed0705682a0ce9aceca668e0e233b4ae8f13a5fb637d2c75ceb095fc0,221491,978,2026-10-04T04:10:17+00:00
exportacao_8704_2021_total.json,"POST general {""flow"": ""export"", ""monthDetail"": true, ""period"": {""from"": ""2021-01"", ""to"": ""2021-12""}, ""filters"": [{""filter"": ""heading"", ""values"": [""8704""]}], ""details"": [""ncm""], ""metrics"": [""metricFOB"", ""metricKG"", ""metricStatistic""]}",b771371af747f5ab0abf58deb0d1034b0ee90616a571c45935b8a796dc8c4055,27367,132,2026-10-04T04:10:21+00:00
exportacao_8704_2022_pais.json,"POST general {""flow"": ""export"", ""monthDetail"": true, ""period"": {""from"": ""2022-01"", ""to"": ""2022-12""}, ""filters"": [{""filter"": ""heading"", ""values"": [""8704""]}], ""details"": [""ncm"", ""country""], ""metrics"": [""metricFOB"", ""metricKG"", ""metricStatistic""]}",b7ce7084b148f58dbaf37aa6854ef7c52a66aaf34ce30c443c192a01f893f0b0,261535,1152,2026-10-04T04:10:25+00:00
exportacao_8704_2022_total.json,"POST general {""flow"": ""export"", ""monthDetail"": true, ""period"": {""from"": ""2022-01"", ""to"": ""2022-12""}, ""filters"": [{""filter"": ""heading"", ""values"": [""8704""]}], ""details"": [""ncm""], ""metrics"": [""metricFOB"", ""metricKG"", ""metricStatistic""]}",82674ed25807982ad3aff217916da72c0a326bf0efa632ec8e0cb4e936d1410b,29178,140,2026-10-04T04:11:00+00:00
exportacao_8704_2023_pais.json,"POST general {""flow"": ""export"", ""monthDetail"": true, ""period"": {""from"": ""2023-01"", ""to"": ""2023-12""}, ""filters"": [{""filter"": ""heading"", ""values"": [""8704""]}], ""details"": [""ncm"", ""country""], ""metrics"": [""metricFOB"", ""metricKG"", ""metricStatistic""]}",07ffcfe8a0a990902a99599578b20600788b030baf3910c7bec959a549cffa78,245278,1078,2026-10-04T04:11:04+00:00
exportacao_8704_2023_total.json,"POST general {""flow"": ""export"", ""monthDetail"": true, ""period"": {""from"": ""2023-01"", ""to"": ""2023-12""}, ""filters"": [{""filter"": ""heading"", ""values"": [""8704""]}], ""details"": [""ncm""], ""metrics"": [""metricFOB"", ""metricKG"", ""metricStatistic""]}",6b1d47f74d27188ba07a0b6b1a952eb3ae0bf406fa6edb51c8cde297f95f0d98,31019,147,2026-10-04T04:11:08+00:00
exportacao_8704_2024_pais.json,"POST general {""flow"": ""export"", ""monthDetail"": true, ""period"": {""from"": ""2024-01"", ""to"": ""2024-12""}, ""filters"": [{""filter"": ""heading"", ""values"": [""8704""]}], ""details"": [""ncm"", ""country""], ""metrics"": [""metricFOB"", ""metricKG"", ""metricStatistic""]}",3f91824beef6f3c5e95918ece206ff3e0111d1881fd011610a259795408ca690,199425,878,2026-10-04T04:11:43+00:00
exportacao_8704_2024_total.json,"POST general {""flow"": ""export"", ""monthDetail"": true, ""period"": {""from"": ""2024-01"", ""to"": ""2024-12""}, ""filters"": [{""filter"": ""heading"", ""values"": [""8704""]}], ""details"": [""ncm""], ""metrics"": [""metricFOB"", ""metricKG"", ""metricStatistic""]}",0e8742eb2970535d71e43a05725161aff07bb31b4749d88688042f0b4688a3c4,28622,137,2026-10-04T04:11:46+00:00
exportacao_8704_2025_pais.json,"POST general {""flow"": ""export"", ""monthDetail"": true, ""period"": {""from"": ""2025-01"", ""to"": ""2025-12""}, ""filters"": [{""filter"": ""heading"", ""values"": [""8704""]}], ""details"": [""ncm"", ""country""], ""metrics"": [""metricFOB"", ""metricKG"", ""metricStatistic""]}",4d1b1d3ecdcf15e52a97a2d5785651483c2c2e6e6fe6cbf7f2884462238fcfa7,209446,922,2026-10-04T04:11:50+00:00
exportacao_8704_2025_total.json,"POST general {""flow"": ""export"", ""monthDetail"": true, ""period"": {""from"": ""2025-01"", ""to"": ""2025-12""}, ""filters"": [{""filter"": ""heading"", ""values"": [""8704""]}], ""details"": [""ncm""], ""metrics"": [""metricFOB"", ""metricKG"", ""metricStatistic""]}",429d474f8a440775b33a80a5337173d5da82d09e8793c117850cc7d076133c69,29567,141,2026-10-04T04:11:54+00:00
exportacao_8704_2026_pais.json,"POST general {""flow"": ""export"", ""monthDetail"": true, ""period"": {""from"": ""2026-01"", ""to"": ""2026-12""}, ""filters"": [{""filter"": ""heading"", ""values"": [""8704""]}], ""details"": [""ncm"", ""country""], ""metrics"": [""metricFOB"", ""metricKG"", ""metricStatistic""]}",85c2488cd461cead983f9b1ebba66835f2e7afccd6b84de9221f1ed4b18e73bd,140280,616,2026-10-04T04:11:58+00:00
exportacao_8704_2026_total.json,"POST general {""flow"": ""export"", ""monthDetail"": true, ""period"": {""from"": ""2026-01"", ""to"": ""2026-12""}, ""filters"": [{""filter"": ""heading"", ""values"": [""8704""]}], ""details"": [""ncm""], ""metrics"": [""metricFOB"", ""metricKG"", ""metricStatistic""]}",44deaf7109f8183246b86ac0cbc0d09fbad7d065ce989948ff7ef90f54e15e5d,20616,97,2026-10-04T04:12:32+00:00
importacao_8703_1997_pais.json,"POST general {""flow"": ""import"", ""monthDetail"": true, ""period"": {""from"": ""1997-01"", ""to"": ""1997-12""}, ""filters"": [{""filter"": ""heading"", ""values"": [""8703""]}], ""details"": [""ncm"", ""country""], ""metrics"": [""metricFOB"", ""metricKG"", ""metricStatistic""]}",34b66e67b4b2b6c2750f7eaddb081918278e5040cf3e5ce83ba17eca6d912073,103456,429,2026-10-04T03:39:21+00:00
importacao_8703_1997_total.json,"POST general {""flow"": ""import"", ""monthDetail"": true, ""period"": {""from"": ""1997-01"", ""to"": ""1997-12""}, ""filters"": [{""filter"": ""heading"", ""values"": [""8703""]}], ""details"": [""ncm""], ""metrics"": [""metricFOB"", ""metricKG"", ""metricStatistic""]}",beccedd2f49169ec967239d6ce2b247a8c4ca3d72050689c83e528af75a3d5d4,27657,124,2026-10-04T03:39:22+00:00
importacao_8703_1998_pais.json,"POST general {""flow"": ""import"", ""monthDetail"": true, ""period"": {""from"": ""1998-01"", ""to"": ""1998-12""}, ""filters"": [{""filter"": ""heading"", ""values"": [""8703""]}], ""details"": [""ncm"", ""country""], ""metrics"": [""metricFOB"", ""metricKG"", ""metricStatistic""]}",47c8a6bf41d1ff0f8099b9738207a3779d7057192953068a9ecedf1e584f7d56,118606,490,2026-10-04T03:39:24+00:00
importacao_8703_1998_total.json,"POST general {""flow"": ""import"", ""monthDetail"": true, ""period"": {""from"": ""1998-01"", ""to"": ""1998-12""}, ""filters"": [{""filter"": ""heading"", ""values"": [""8703""]}], ""details"": [""ncm""], ""metrics"": [""metricFOB"", ""metricKG"", ""metricStatistic""]}",f94b79fc21313d15bb35ea002ffc5ce1040f3899dc1e406e5fcfcfab00c574ba,28248,127,2026-10-04T03:39:25+00:00
importacao_8703_1999_pais.json,"POST general {""flow"": ""import"", ""monthDetail"": true, ""period"": {""from"": ""1999-01"", ""to"": ""1999-12""}, ""filters"": [{""filter"": ""heading"", ""values"": [""8703""]}], ""details"": [""ncm"", ""country""], ""metrics"": [""metricFOB"", ""metricKG"", ""metricStatistic""]}",bf80e03cd0e2483a27ea44457813c28f292134a2201a7abd8424204a8435575c,106126,442,2026-10-04T03:39:59+00:00
importacao_8703_1999_total.json,"POST general {""flow"": ""import"", ""monthDetail"": true, ""period"": {""from"": ""1999-01"", ""to"": ""1999-12""}, ""filters"": [{""filter"": ""heading"", ""values"": [""8703""]}], ""details"": [""ncm""], ""metrics"": [""metricFOB"", ""metricKG"", ""metricStatistic""]}",7bb35e7b42a6c93c7f09df7c8d4425877f2886860af98877fa9a669e41504ac4,24764,112,2026-10-04T03:40:01+00:00
importacao_8703_2000_pais.json,"POST general {""flow"": ""import"", ""monthDetail"": true, ""period"": {""from"": ""2000-01"", ""to"": ""2000-12""}, ""filters"": [{""filter"": ""heading"", ""values"": [""8703""]}], ""details"": [""ncm"", ""country""], ""metrics"": [""metricFOB"", ""metricKG"", ""metricStatistic""]}",03917333cfd570a881d7348761cf2653d5cb3a8b2444d7811ec738015c42e87b,113496,478,2026-10-04T03:40:02+00:00
importacao_8703_2000_total.json,"POST general {""flow"": ""import"", ""monthDetail"": true, ""period"": {""from"": ""2000-01"", ""to"": ""2000-12""}, ""filters"": [{""filter"": ""heading"", ""values"": [""8703""]}], ""details"": [""ncm""], ""metrics"": [""metricFOB"", ""metricKG"", ""metricStatistic""]}",eff065f5ed903f30cf20ad50621c4b29382a68d844fee970114d815f7fc251fb,27873,125,2026-10-04T03:40:04+00:00
importacao_8703_2001_pais.json,"POST general {""flow"": ""import"", ""monthDetail"": true, ""period"": {""from"": ""2001-01"", ""to"": ""2001-12""}, ""filters"": [{""filter"": ""heading"", ""values"": [""8703""]}], ""details"": [""ncm"", ""country""], ""metrics"": [""metricFOB"", ""metricKG"", ""metricStatistic""]}",dd99aa513f4f7b5233c404a1359213cc655eb122754c728f524a34016b35c9a8,117042,488,2026-10-04T03:40:06+00:00
importacao_8703_2001_total.json,"POST general {""flow"": ""import"", ""monthDetail"": true, ""period"": {""from"": ""2001-01"", ""to"": ""2001-12""}, ""filters"": [{""filter"": ""heading"", ""values"": [""8703""]}], ""details"": [""ncm""], ""metrics"": [""metricFOB"", ""metricKG"", ""metricStatistic""]}",c32b9b973cff449e9776a495c39a6498f3014a77633a9313aef1e56ee53dccc9,27504,124,2026-10-04T03:40:07+00:00
importacao_8703_2002_pais.json,"POST general {""flow"": ""import"", ""monthDetail"": true, ""period"": {""from"": ""2002-01"", ""to"": ""2002-12""}, ""filters"": [{""filter"": ""heading"", ""values"": [""8703""]}], ""details"": [""ncm"", ""country""], ""metrics"": [""metricFOB"", ""metricKG"", ""metricStatistic""]}",28b6fa18266be8c305970b2aa3f8f2ad5770555fbf6f7c5c98c9ee898f38c2ec,95631,410,2026-10-04T03:40:24+00:00
importacao_8703_2002_total.json,"POST general {""flow"": ""import"", ""monthDetail"": true, ""period"": {""from"": ""2002-01"", ""to"": ""2002-12""}, ""filters"": [{""filter"": ""heading"", ""values"": [""8703""]}], ""details"": [""ncm""], ""metrics"": [""metricFOB"", ""metricKG"", ""metricStatistic""]}",89041ea7b7293d4703813298ff6e8743766b48b91dddbc76aab8acb1d3c32803,24987,116,2026-10-04T03:40:25+00:00
importacao_8703_2003_pais.json,"POST general {""flow"": ""import"", ""monthDetail"": true, ""period"": {""from"": ""2003-01"", ""to"": ""2003-12""}, ""filters"": [{""filter"": ""heading"", ""values"": [""8703""]}], ""details"": [""ncm"", ""country""], ""metrics"": [""metricFOB"", ""metricKG"", ""metricStatistic""]}",26e49e1f09207ffcb4e9cc4bf9f67392e25a573487d13d71f8ee7934e738b7d2,82284,352,2026-10-04T03:40:27+00:00
importacao_8703_2003_total.json,"POST general {""flow"": ""import"", ""monthDetail"": true, ""period"": {""from"": ""2003-01"", ""to"": ""2003-12""}, ""filters"": [{""filter"": ""heading"", ""values"": [""8703""]}], ""details"": [""ncm""], ""metrics"": [""metricFOB"", ""metricKG"", ""metricStatistic""]}",13aed6fcc6b6cace5ed5e23ef667e22e362d61c95146a7dfc63a7fe3224faf66,24148,111,2026-10-04T03:40:28+00:00
importacao_8703_2004_pais.json,"POST general {""flow"": ""import"", ""monthDetail"": true, ""period"": {""from"": ""2004-01"", ""to"": ""2004-12""}, ""filters"": [{""filter"": ""heading"", ""values"": [""8703""]}], ""details"": [""ncm"", ""country""], ""metrics"": [""metricFOB"", ""metricKG"", ""metricStatistic""]}",c03f6585b41a15d0b8b252023b25b46b3e065afebeec64aeef13785fdc4d964b,95456,410,2026-10-04T03:40:30+00:00
importacao_8703_2004_total.json,"POST general {""flow"": ""import"", ""monthDetail"": true, ""period"": {""from"": ""2004-01"", ""to"": ""2004-12""}, ""filters"": [{""filter"": ""heading"", ""values"": [""8703""]}], ""details"": [""ncm""], ""metrics"": [""metricFOB"", ""metricKG"", ""metricStatistic""]}",3131cfae2679ac89db302b8e322599193cd8aaab3805e358e8b933b30f012bc1,24776,114,2026-10-04T03:40:31+00:00
importacao_8703_2005_pais.json,"POST general {""flow"": ""import"", ""monthDetail"": true, ""period"": {""from"": ""2005-01"", ""to"": ""2005-12""}, ""filters"": [{""filter"": ""heading"", ""values"": [""8703""]}], ""details"": [""ncm"", ""country""], ""metrics"": [""metricFOB"", ""metricKG"", ""metricStatistic""]}",e872d6fb4dbe7cd4f1da8c8a05b8b6348a8be948236b3180dcfcd183a48e98a4,114763,490,2026-10-04T03:41:05+00:00
importacao_8703_2005_total.json,"POST general {""flow"": ""import"", ""monthDetail"": true, ""period"": {""from"": ""2005-01"", ""to"": ""2005-12""}, ""filters"": [{""filter"": ""heading"", ""values"": [""8703""]}], ""details"": [""ncm""], ""metrics"": [""metricFOB"", ""metricKG"", ""metricStatistic""]}",cc8dbe513a397222dee6c6ccea20c9e684e14942601ad0fa73fa3f5fd0a0c891,28808,130,2026-10-04T03:41:06+00:00
importacao_8703_2006_pais.json,"POST general {""flow"": ""import"", ""monthDetail"": true, ""period"": {""from"": ""2006-01"", ""to"": ""2006-12""}, ""filters"": [{""filter"": ""heading"", ""values"": [""8703""]}], ""details"": [""ncm"", ""country""], ""metrics"": [""metricFOB"", ""metricKG"", ""metricStatistic""]}",5c21b1e3552211c40e1769cf74a9c3a6e338a8967270d099ae46bdc72718f2a3,119668,507,2026-10-04T03:41:08+00:00
importacao_8703_2006_total.json,"POST general {""flow"": ""import"", ""monthDetail"": true, ""period"": {""from"": ""2006-01"", ""to"": ""2006-12""}, ""filters"": [{""filter"": ""heading"", ""values"": [""8703""]}], ""details"": [""ncm""], ""metrics"": [""metricFOB"", ""metricKG"", ""metricStatistic""]}",1354952ff291e26cc4e9ffad5f4a0ae5ce81d5e6145ad89c2560c1c4db4b1787,26180,118,2026-10-04T03:41:09+00:00
importacao_8703_2007_pais.json,"POST general {""flow"": ""import"", ""monthDetail"": true, ""period"": {""from"": ""2007-01"", ""to"": ""2007-12""}, ""filters"": [{""filter"": ""heading"", ""values"": [""8703""]}], ""details"": [""ncm"", ""country""], ""metrics"": [""metricFOB"", ""metricKG"", ""metricStatistic""]}",0fbd53c75359396b4c6db252ecbbf32dbf937a47de25c5b1f3210ea07cbf53fd,148511,622,2026-10-04T03:41:11+00:00
importacao_8703_2007_total.json,"POST general {""flow"": ""import"", ""monthDetail"": true, ""period"": {""from"": ""2007-01"", ""to"": ""2007-12""}, ""filters"": [{""filter"": ""heading"", ""values"": [""8703""]}], ""details"": [""ncm""], ""metrics"": [""metricFOB"", ""metricKG"", ""metricStatistic""]}",6d41cf5ae6786c43b5a479138324a33fe322cfcf019da8ab556dc36b52be9499,28428,126,2026-10-04T03:41:13+00:00
importacao_8703_2008_pais.json,"POST general {""flow"": ""import"", ""monthDetail"": true, ""period"": {""from"": ""2008-01"", ""to"": ""2008-12""}, ""filters"": [{""filter"": ""heading"", ""values"": [""8703""]}], ""details"": [""ncm"", ""country""], ""metrics"": [""metricFOB"", ""metricKG"", ""metricStatistic""]}",89c3a54fdc6d7f941c6922da23859c651dc36240ac967f3a7a7426c7be0d3e13,177766,742,2026-10-04T03:41:21+00:00
importacao_8703_2008_total.json,"POST general {""flow"": ""import"", ""monthDetail"": true, ""period"": {""from"": ""2008-01"", ""to"": ""2008-12""}, ""filters"": [{""filter"": ""heading"", ""values"": [""8703""]}], ""details"": [""ncm""], ""metrics"": [""metricFOB"", ""metricKG"", ""metricStatistic""]}",e91ee482d5e060947edbfd123f6417ff6aa90e758f13c2d98b08b10fd9a2f154,31746,140,2026-10-04T03:41:25+00:00
importacao_8703_2009_pais.json,"POST general {""flow"": ""import"", ""monthDetail"": true, ""period"": {""from"": ""2009-01"", ""to"": ""2009-12""}, ""filters"": [{""filter"": ""heading"", ""values"": [""8703""]}], ""details"": [""ncm"", ""country""], ""metrics"": [""metricFOB"", ""metricKG"", ""metricStatistic""]}",2bfe678ec72d956f76798a9c0d0812349544b47bc848115b0bfd7097a03a6b8e,155598,651,2026-10-04T03:41:42+00:00
importacao_8703_2009_total.json,"POST general {""flow"": ""import"", ""monthDetail"": true, ""period"": {""from"": ""2009-01"", ""to"": ""2009-12""}, ""filters"": [{""filter"": ""heading"", ""values"": [""8703""]}], ""details"": [""ncm""], ""metrics"": [""metricFOB"", ""metricKG"", ""metricStatistic""]}",b490ab71f395f263af46e408380611102709e06d6a270b61f18af7f80ab825f1,30651,135,2026-10-04T03:41:43+00:00
importacao_8703_2010_pais.json,"POST general {""flow"": ""import"", ""monthDetail"": true, ""period"": {""from"": ""2010-01"", ""to"": ""2010-12""}, ""filters"": [{""filter"": ""heading"", ""values"": [""8703""]}], ""details"": [""ncm"", ""country""], ""metrics"": [""metricFOB"", ""metricKG"", ""metricStatistic""]}",1d691a0b075eba073a44335bce071f4875f35fb803d2cfdffaf5718fb1ce7ab5,184633,760,2026-10-04T03:41:45+00:00
importacao_8703_2010_total.json,"POST general {""flow"": ""import"", ""monthDetail"": true, ""period"": {""from"": ""2010-01"", ""to"": ""2010-12""}, ""filters"": [{""filter"": ""heading"", ""values"": [""8703""]}], ""details"": [""ncm""], ""metrics"": [""metricFOB"", ""metricKG"", ""metricStatistic""]}",0ea69084af4527940d8923bc9635a9384e36e1ae6220e672e59250e15b864806,30922,136,2026-10-04T03:41:46+00:00
importacao_8703_2011_pais.json,"POST general {""flow"": ""import"", ""monthDetail"": true, ""period"": {""from"": ""2011-01"", ""to"": ""2011-12""}, ""filters"": [{""filter"": ""heading"", ""values"": [""8703""]}], ""details"": [""ncm"", ""country""], ""metrics"": [""metricFOB"", ""metricKG"", ""metricStatistic""]}",f8a7bcdd7df56be55af70471d15d60461ddc9d92b14117606c0999b794bddf13,188286,766,2026-10-04T03:41:48+00:00
importacao_8703_2011_total.json,"POST general {""flow"": ""import"", ""monthDetail"": true, ""period"": {""from"": ""2011-01"", ""to"": ""2011-12""}, ""filters"": [{""filter"": ""heading"", ""values"": [""8703""]}], ""details"": [""ncm""], ""metrics"": [""metricFOB"", ""metricKG"", ""metricStatistic""]}",e6abea06346fa08da2aec543119ed491d5031c125c7ebd48c44cafb2228be75f,30844,136,2026-10-04T03:41:51+00:00
importacao_8703_2012_pais.json,"POST general {""flow"": ""import"", ""monthDetail"": true, ""period"": {""from"": ""2012-01"", ""to"": ""2012-12""}, ""filters"": [{""filter"": ""heading"", ""values"": [""8703""]}], ""details"": [""ncm"", ""country""], ""metrics"": [""metricFOB"", ""metricKG"", ""metricStatistic""]}",0efc59d51a425e216fbc5c82a72dc784152ae16c299fd40477bae1a0fac6c22d,166881,678,2026-10-04T03:41:53+00:00
importacao_8703_2012_total.json,"POST general {""flow"": ""import"", ""monthDetail"": true, ""period"": {""from"": ""2012-01"", ""to"": ""2012-12""}, ""filters"": [{""filter"": ""heading"", ""values"": [""8703""]}], ""details"": [""ncm""], ""metrics"": [""metricFOB"", ""metricKG"", ""metricStatistic""]}",7563d82d65ae5e8e60d2877e79d4a339041b6dc0ea6acc5952f2352c4a3ad5a7,29718,130,2026-10-04T03:42:27+00:00
importacao_8703_2013_pais.json,"POST general {""flow"": ""import"", ""monthDetail"": true, ""period"": {""from"": ""2013-01"", ""to"": ""2013-12""}, ""filters"": [{""filter"": ""heading"", ""values"": [""8703""]}], ""details"": [""ncm"", ""country""], ""metrics"": [""metricFOB"", ""metricKG"", ""metricStatistic""]}",bec60ed2326db17023e4a0ed3a453bac8237c8fa8fb978ad932967965722fc9a,171943,706,2026-10-04T03:42:29+00:00
importacao_8703_2013_total.json,"POST general {""flow"": ""import"", ""monthDetail"": true, ""period"": {""from"": ""2013-01"", ""to"": ""2013-12""}, ""filters"": [{""filter"": ""heading"", ""values"": [""8703""]}], ""details"": [""ncm""], ""metrics"": [""metricFOB"", ""metricKG"", ""metricStatistic""]}",6ef2714d8a1d323a9fa7fffafe118e965171579a6971481b2241bc2eb14efb68,30018,133,2026-10-04T03:42:30+00:00
importacao_8703_2014_pais.json,"POST general {""flow"": ""import"", ""monthDetail"": true, ""period"": {""from"": ""2014-01"", ""to"": ""2014-12""}, ""filters"": [{""filter"": ""heading"", ""values"": [""8703""]}], ""details"": [""ncm"", ""country""], ""metrics"": [""metricFOB"", ""metricKG"", ""metricStatistic""]}",ffd0652538e7b50829514b55c83dc9db83342d77d4727ec5f7d8477dfeb55905,183008,736,2026-10-04T03:42:31+00:00
importacao_8703_2014_total.json,"POST general {""flow"": ""import"", ""monthDetail"": true, ""period"": {""from"": ""2014-01"", ""to"": ""2014-12""}, ""filters"": [{""filter"": ""heading"", ""values"": [""8703""]}], ""details"": [""ncm""], ""metrics"": [""metricFOB"", ""metricKG"", ""metricStatistic""]}",0383aff6d6772632d729fc5dc345ab7aa89a372d9b5a3eb1278ada6f21b6fbdf,29188,129,2026-10-04T03:42:33+00:00
importacao_8703_2015_pais.json,"POST general {""flow"": ""import"", ""monthDetail"": true, ""period"": {""from"": ""2015-01"", ""to"": ""2015-12""}, ""filters"": [{""filter"": ""heading"", ""values"": [""8703""]}], ""details"": [""ncm"", ""country""], ""metrics"": [""metricFOB"", ""metricKG"", ""metricStatistic""]}",76f16a8ddc7034b6ccc4eee9d892284e456656af99b5cb2295bb7738804a5f2a,184329,746,2026-10-04T03:42:34+00:00
importacao_8703_2015_total.json,"POST general {""flow"": ""import"", ""monthDetail"": true, ""period"": {""from"": ""2015-01"", ""to"": ""2015-12""}, ""filters"": [{""filter"": ""heading"", ""values"": [""8703""]}], ""details"": [""ncm""], ""metrics"": [""metricFOB"", ""metricKG"", ""metricStatistic""]}",122014b7f67290898a89394fb67f3fb70614ff1d8865c04a947adeef1d21486a,31271,140,2026-10-04T03:42:51+00:00
importacao_8703_2016_pais.json,"POST general {""flow"": ""import"", ""monthDetail"": true, ""period"": {""from"": ""2016-01"", ""to"": ""2016-12""}, ""filters"": [{""filter"": ""heading"", ""values"": [""8703""]}], ""details"": [""ncm"", ""country""], ""metrics"": [""metricFOB"", ""metricKG"", ""metricStatistic""]}",8fec60b2b8081b8aad918005ac41ed5eb1c03b6e3002e9180e3e5d8b21c8946e,150202,610,2026-10-04T03:42:52+00:00
importacao_8703_2016_total.json,"POST general {""flow"": ""import"", ""monthDetail"": true, ""period"": {""from"": ""2016-01"", ""to"": ""2016-12""}, ""filters"": [{""filter"": ""heading"", ""values"": [""8703""]}], ""details"": [""ncm""], ""metrics"": [""metricFOB"", ""metricKG"", ""metricStatistic""]}",a659846ece3d53f6942441b51e6372a8cf7a6a8131518b53f4e42533ad9bf064,29449,133,2026-10-04T03:42:54+00:00
importacao_8703_2017_pais.json,"POST general {""flow"": ""import"", ""monthDetail"": true, ""period"": {""from"": ""2017-01"", ""to"": ""2017-12""}, ""filters"": [{""filter"": ""heading"", ""values"": [""8703""]}], ""details"": [""ncm"", ""country""], ""metrics"": [""metricFOB"", ""metricKG"", ""metricStatistic""]}",167423883cc5c64cbffba94280f255e6fda4d1887003dd5b294765ec2126f2c6,182670,701,2026-10-04T03:42:55+00:00
importacao_8703_2017_total.json,"POST general {""flow"": ""import"", ""monthDetail"": true, ""period"": {""from"": ""2017-01"", ""to"": ""2017-12""}, ""filters"": [{""filter"": ""heading"", ""values"": [""8703""]}], ""details"": [""ncm""], ""metrics"": [""metricFOB"", ""metricKG"", ""metricStatistic""]}",6e6fa440d8e6d9a759cb29514585d68bf88d238cd79f4e673ef498de65912f28,40831,163,2026-10-04T03:42:57+00:00
importacao_8703_2018_pais.json,"POST general {""flow"": ""import"", ""monthDetail"": true, ""period"": {""from"": ""2018-01"", ""to"": ""2018-12""}, ""filters"": [{""filter"": ""heading"", ""values"": [""8703""]}], ""details"": [""ncm"", ""country""], ""metrics"": [""metricFOB"", ""metricKG"", ""metricStatistic""]}",a020fb20ace3a52c8642ac743905d173ddddf5a9145f2edf8895f933a5325c41,211625,796,2026-10-04T03:42:58+00:00
importacao_8703_2018_total.json,"POST general {""flow"": ""import"", ""monthDetail"": true, ""period"": {""from"": ""2018-01"", ""to"": ""2018-12""}, ""filters"": [{""filter"": ""heading"", ""values"": [""8703""]}], ""details"": [""ncm""], ""metrics"": [""metricFOB"", ""metricKG"", ""metricStatistic""]}",406992de3406aa3ed97f21ace795591ec689129a6e30ddbb4d7251a2597ad463,43673,173,2026-10-04T03:43:00+00:00
importacao_8703_2019_pais.json,"POST general {""flow"": ""import"", ""monthDetail"": true, ""period"": {""from"": ""2019-01"", ""to"": ""2019-12""}, ""filters"": [{""filter"": ""heading"", ""values"": [""8703""]}], ""details"": [""ncm"", ""country""], ""metrics"": [""metricFOB"", ""metricKG"", ""metricStatistic""]}",3e6459ae50ca9559895cfeedbe134b1affbe5858faff206c16c3f3aaf3df15da,218509,814,2026-10-04T03:43:01+00:00
importacao_8703_2019_total.json,"POST general {""flow"": ""import"", ""monthDetail"": true, ""period"": {""from"": ""2019-01"", ""to"": ""2019-12""}, ""filters"": [{""filter"": ""heading"", ""values"": [""8703""]}], ""details"": [""ncm""], ""metrics"": [""metricFOB"", ""metricKG"", ""metricStatistic""]}",db10ed1454a41eff2dcf1c1d18a5dc29aadd39c0c0a76fc86ef5c84cdb7b65dd,45850,180,2026-10-04T03:43:10+00:00
importacao_8703_2020_pais.json,"POST general {""flow"": ""import"", ""monthDetail"": true, ""period"": {""from"": ""2020-01"", ""to"": ""2020-12""}, ""filters"": [{""filter"": ""heading"", ""values"": [""8703""]}], ""details"": [""ncm"", ""country""], ""metrics"": [""metricFOB"", ""metricKG"", ""metricStatistic""]}",08fac738a49c3db5dacead597112ad1697c5beb23fa018ec80cb9b4fd9eebf35,206856,745,2026-10-04T03:43:18+00:00
importacao_8703_2020_total.json,"POST general {""flow"": ""import"", ""monthDetail"": true, ""period"": {""from"": ""2020-01"", ""to"": ""2020-12""}, ""filters"": [{""filter"": ""heading"", ""values"": [""8703""]}], ""details"": [""ncm""], ""metrics"": [""metricFOB"", ""metricKG"", ""metricStatistic""]}",25879f5868af54d3590624ea892a7e7f0cffd737145a6bbce3580b2925c16b00,41348,165,2026-10-04T03:43:35+00:00
importacao_8703_2021_pais.json,"POST general {""flow"": ""import"", ""monthDetail"": true, ""period"": {""from"": ""2021-01"", ""to"": ""2021-12""}, ""filters"": [{""filter"": ""heading"", ""values"": [""8703""]}], ""details"": [""ncm"", ""country""], ""metrics"": [""metricFOB"", ""metricKG"", ""metricStatistic""]}",0cd44a562a2eb2d719ab673204c028d6dbe2b6868f829577c8e4bf1fa13c86be,233758,815,2026-10-04T03:43:52+00:00
importacao_8703_2021_total.json,"POST general {""flow"": ""import"", ""monthDetail"": true, ""period"": {""from"": ""2021-01"", ""to"": ""2021-12""}, ""filters"": [{""filter"": ""heading"", ""values"": [""8703""]}], ""details"": [""ncm""], ""metrics"": [""metricFOB"", ""metricKG"", ""metricStatistic""]}",2c7dbd40c404fd6764262323b33ef73bfb1e96faf521d6cdf94547242ce7fcd2,46616,180,2026-10-04T03:44:08+00:00
importacao_8703_2022_pais.json,"POST general {""flow"": ""import"", ""monthDetail"": true, ""period"": {""from"": ""2022-01"", ""to"": ""2022-12""}, ""filters"": [{""filter"": ""heading"", ""values"": [""8703""]}], ""details"": [""ncm"", ""country""], ""metrics"": [""metricFOB"", ""metricKG"", ""metricStatistic""]}",b209bcc0aa1250d6caeda12adda64b3dcfaa360318e263dcdf89af19181b6808,220376,734,2026-10-04T03:44:10+00:00
importacao_8703_2022_total.json,"POST general {""flow"": ""import"", ""monthDetail"": true, ""period"": {""from"": ""2022-01"", ""to"": ""2022-12""}, ""filters"": [{""filter"": ""heading"", ""values"": [""8703""]}], ""details"": [""ncm""], ""metrics"": [""metricFOB"", ""metricKG"", ""metricStatistic""]}",278df2d1af430fcf8ac14d55b8fa44563dd91a02d39a76cac5a2a86c19a629a0,47784,179,2026-10-04T03:44:11+00:00
importacao_8703_2023_pais.json,"POST general {""flow"": ""import"", ""monthDetail"": true, ""period"": {""from"": ""2023-01"", ""to"": ""2023-12""}, ""filters"": [{""filter"": ""heading"", ""values"": [""8703""]}], ""details"": [""ncm"", ""country""], ""metrics"": [""metricFOB"", ""metricKG"", ""metricStatistic""]}",81cf17a287f66ab8936edf9200bf2d8d20db16cf58a930df7d19cbc191fe8731,242437,774,2026-10-04T03:44:13+00:00
importacao_8703_2023_total.json,"POST general {""flow"": ""import"", ""monthDetail"": true, ""period"": {""from"": ""2023-01"", ""to"": ""2023-12""}, ""filters"": [{""filter"": ""heading"", ""values"": [""8703""]}], ""details"": [""ncm""], ""metrics"": [""metricFOB"", ""metricKG"", ""metricStatistic""]}",195d1304dfbcfac5d6e222ece33f54ca642ef93af4633a5f582a9aaea148fbd7,46597,173,2026-10-04T03:44:17+00:00
importacao_8703_2024_pais.json,"POST general {""flow"": ""import"", ""monthDetail"": true, ""period"": {""from"": ""2024-01"", ""to"": ""2024-12""}, ""filters"": [{""filter"": ""heading"", ""values"": [""8703""]}], ""details"": [""ncm"", ""country""], ""metrics"": [""metricFOB"", ""metricKG"", ""metricStatistic""]}",4be1ecf9062945060af75432b3d60872c77cb5f7f82f2a8cfd71ae6d5fe2bd67,231002,734,2026-10-04T03:44:18+00:00
importacao_8703_2024_total.json,"POST general {""flow"": ""import"", ""monthDetail"": true, ""period"": {""from"": ""2024-01"", ""to"": ""2024-12""}, ""filters"": [{""filter"": ""heading"", ""values"": [""8703""]}], ""details"": [""ncm""], ""metrics"": [""metricFOB"", ""metricKG"", ""metricStatistic""]}",a61dcf24845d156d43e898b7ba117b4451ba9aa7a86fb9c6b3805823019c63eb,46023,171,2026-10-04T03:44:20+00:00
importacao_8703_2025_pais.json,"POST general {""flow"": ""import"", ""monthDetail"": true, ""period"": {""from"": ""2025-01"", ""to"": ""2025-12""}, ""filters"": [{""filter"": ""heading"", ""values"": [""8703""]}], ""details"": [""ncm"", ""country""], ""metrics"": [""metricFOB"", ""metricKG"", ""metricStatistic""]}",e142dd79f9cef80bc49d5bdaca6b9fb384a711b075476a3fe68bc24257655cb5,214893,683,2026-10-04T03:44:37+00:00
importacao_8703_2025_total.json,"POST general {""flow"": ""import"", ""monthDetail"": true, ""period"": {""from"": ""2025-01"", ""to"": ""2025-12""}, ""filters"": [{""filter"": ""heading"", ""values"": [""8703""]}], ""details"": [""ncm""], ""metrics"": [""metricFOB"", ""metricKG"", ""metricStatistic""]}",a38f0e67f862e113581963063a53e0511e528c1e344c37a0f94350019b20769f,44315,163,2026-10-04T03:44:38+00:00
importacao_8703_2026_pais.json,"POST general {""flow"": ""import"", ""monthDetail"": true, ""period"": {""from"": ""2026-01"", ""to"": ""2026-12""}, ""filters"": [{""filter"": ""heading"", ""values"": [""8703""]}], ""details"": [""ncm"", ""country""], ""metrics"": [""metricFOB"", ""metricKG"", ""metricStatistic""]}",afcf5297cf7efe60d89c534f51165db27a479e34a3bcc4d180266bd19af7e39e,148357,481,2026-10-04T03:44:40+00:00
importacao_8703_2026_total.json,"POST general {""flow"": ""import"", ""monthDetail"": true, ""period"": {""from"": ""2026-01"", ""to"": ""2026-12""}, ""filters"": [{""filter"": ""heading"", ""values"": [""8703""]}], ""details"": [""ncm""], ""metrics"": [""metricFOB"", ""metricKG"", ""metricStatistic""]}",1b9f428a55780e58188675235209256959e29b600ac4cf17c4843dd40ba83391,30086,111,2026-10-04T03:44:48+00:00
importacao_8704_1997_pais.json,"POST general {""flow"": ""import"", ""monthDetail"": true, ""period"": {""from"": ""1997-01"", ""to"": ""1997-12""}, ""filters"": [{""filter"": ""heading"", ""values"": [""8704""]}], ""details"": [""ncm"", ""country""], ""metrics"": [""metricFOB"", ""metricKG"", ""metricStatistic""]}",bacadebaa2a8b189a3a266acff3386db085600731a782e0dcf43bba79f28bf37,48116,208,2026-10-04T03:44:52+00:00
importacao_8704_1997_total.json,"POST general {""flow"": ""import"", ""monthDetail"": true, ""period"": {""from"": ""1997-01"", ""to"": ""1997-12""}, ""filters"": [{""filter"": ""heading"", ""values"": [""8704""]}], ""details"": [""ncm""], ""metrics"": [""metricFOB"", ""metricKG"", ""metricStatistic""]}",443fff4d8fed8eeabbd41a8cb334dee28c66b93c74defe960f598406dbb93c77,19024,91,2026-10-04T03:44:55+00:00
importacao_8704_1998_pais.json,"POST general {""flow"": ""import"", ""monthDetail"": true, ""period"": {""from"": ""1998-01"", ""to"": ""1998-12""}, ""filters"": [{""filter"": ""heading"", ""values"": [""8704""]}], ""details"": [""ncm"", ""country""], ""metrics"": [""metricFOB"", ""metricKG"", ""metricStatistic""]}",521dddb01220c953dfe302a69ba77e98e90fa061cbbd7a69b9608325a1df84dd,47931,209,2026-10-04T03:45:28+00:00
importacao_8704_1998_total.json,"POST general {""flow"": ""import"", ""monthDetail"": true, ""period"": {""from"": ""1998-01"", ""to"": ""1998-12""}, ""filters"": [{""filter"": ""heading"", ""values"": [""8704""]}], ""details"": [""ncm""], ""metrics"": [""metricFOB"", ""metricKG"", ""metricStatistic""]}",2cfd4af35cb8dcc3ac70e256182a9759de2cfc09af1b6cbf1b463d33e732b94a,16649,80,2026-10-04T03:45:29+00:00
importacao_8704_1999_pais.json,"POST general {""flow"": ""import"", ""monthDetail"": true, ""period"": {""from"": ""1999-01"", ""to"": ""1999-12""}, ""filters"": [{""filter"": ""heading"", ""values"": [""8704""]}], ""details"": [""ncm"", ""country""], ""metrics"": [""metricFOB"", ""metricKG"", ""metricStatistic""]}",b585c01b02579500929aba6b23181f9947e5a9ae5f7808f92cd37313de02f6b3,31289,138,2026-10-04T03:45:30+00:00
importacao_8704_1999_total.json,"POST general {""flow"": ""import"", ""monthDetail"": true, ""period"": {""from"": ""1999-01"", ""to"": ""1999-12""}, ""filters"": [{""filter"": ""heading"", ""values"": [""8704""]}], ""details"": [""ncm""], ""metrics"": [""metricFOB"", ""metricKG"", ""metricStatistic""]}",e755ed7c9986f5f96e97bb35eacb417876c17b338f53cf7f1a0198cdd005325a,13153,64,2026-10-04T03:45:32+00:00
importacao_8704_2000_pais.json,"POST general {""flow"": ""import"", ""monthDetail"": true, ""period"": {""from"": ""2000-01"", ""to"": ""2000-12""}, ""filters"": [{""filter"": ""heading"", ""values"": [""8704""]}], ""details"": [""ncm"", ""country""], ""metrics"": [""metricFOB"", ""metricKG"", ""metricStatistic""]}",68a798bee48ff20b7d06155b0165c16ee934c588d1213602a6b12f15f452c87b,28101,123,2026-10-04T03:45:33+00:00
importacao_8704_2000_total.json,"POST general {""flow"": ""import"", ""monthDetail"": true, ""period"": {""from"": ""2000-01"", ""to"": ""2000-12""}, ""filters"": [{""filter"": ""heading"", ""values"": [""8704""]}], ""details"": [""ncm""], ""metrics"": [""metricFOB"", ""metricKG"", ""metricStatistic""]}",2e874a120a6d1e357876222ababe70ee9a69006fc72d475f26255484c07f6f6a,11858,57,2026-10-04T03:45:50+00:00
importacao_8704_2001_pais.json,"POST general {""flow"": ""import"", ""monthDetail"": true, ""period"": {""from"": ""2001-01"", ""to"": ""2001-12""}, ""filters"": [{""filter"": ""heading"", ""values"": [""8704""]}], ""details"": [""ncm"", ""country""], ""metrics"": [""metricFOB"", ""metricKG"", ""metricStatistic""]}",e0b1188eae4efddedf12c08e231d3ff55cbf7b750418406671da49433e89bd3a,24058,105,2026-10-04T03:45:51+00:00
importacao_8704_2001_total.json,"POST general {""flow"": ""import"", ""monthDetail"": true, ""period"": {""from"": ""2001-01"", ""to"": ""2001-12""}, ""filters"": [{""filter"": ""heading"", ""values"": [""8704""]}], ""details"": [""ncm""], ""metrics"": [""metricFOB"", ""metricKG"", ""metricStatistic""]}",7530db9758672f43eca062b9997f1cbc8e96f28796c66f9d9a6b799157803e33,11361,55,2026-10-04T03:45:53+00:00
importacao_8704_2002_pais.json,"POST general {""flow"": ""import"", ""monthDetail"": true, ""period"": {""from"": ""2002-01"", ""to"": ""2002-12""}, ""filters"": [{""filter"": ""heading"", ""values"": [""8704""]}], ""details"": [""ncm"", ""country""], ""metrics"": [""metricFOB"", ""metricKG"", ""metricStatistic""]}",99cfe77eb48d638abda63159563dae1ee483227180b2d149e0958bbce4a56764,15945,70,2026-10-04T03:45:54+00:00
importacao_8704_2002_total.json,"POST general {""flow"": ""import"", ""monthDetail"": true, ""period"": {""from"": ""2002-01"", ""to"": ""2002-12""}, ""filters"": [{""filter"": ""heading"", ""values"": [""8704""]}], ""details"": [""ncm""], ""metrics"": [""metricFOB"", ""metricKG"", ""metricStatistic""]}",429cbab5133e4089ce737e8cfb5095419497ef09efbab7899e8368fe112f6452,9842,48,2026-10-04T03:46:27+00:00
importacao_8704_2003_pais.json,"POST general {""flow"": ""import"", ""monthDetail"": true, ""period"": {""from"": ""2003-01"", ""to"": ""2003-12""}, ""filters"": [{""filter"": ""heading"", ""values"": [""8704""]}], ""details"": [""ncm"", ""country""], ""metrics"": [""metricFOB"", ""metricKG"", ""metricStatistic""]}",a3637939676d07eb6d1ebd4131948439bcc5ff777d02c4e6fdd2ed6ad73a5f8d,16781,74,2026-10-04T03:46:28+00:00
importacao_8704_2003_total.json,"POST general {""flow"": ""import"", ""monthDetail"": true, ""period"": {""from"": ""2003-01"", ""to"": ""2003-12""}, ""filters"": [{""filter"": ""heading"", ""values"": [""8704""]}], ""details"": [""ncm""], ""metrics"": [""metricFOB"", ""metricKG"", ""metricStatistic""]}",a5929555d6161ef57c5f358c8f1be3ec46489938af718895cd3469948dfdefb1,11641,57,2026-10-04T03:46:29+00:00
importacao_8704_2004_pais.json,"POST general {""flow"": ""import"", ""monthDetail"": true, ""period"": {""from"": ""2004-01"", ""to"": ""2004-12""}, ""filters"": [{""filter"": ""heading"", ""values"": [""8704""]}], ""details"": [""ncm"", ""country""], ""metrics"": [""metricFOB"", ""metricKG"", ""metricStatistic""]}",94ef2515f61a1e5f4cf73c638a246f1fd2abfd9c19458d1ac2b8167ceb7acf16,22062,97,2026-10-04T03:46:31+00:00
importacao_8704_2004_total.json,"POST general {""flow"": ""import"", ""monthDetail"": true, ""period"": {""from"": ""2004-01"", ""to"": ""2004-12""}, ""filters"": [{""filter"": ""heading"", ""values"": [""8704""]}], ""details"": [""ncm""], ""metrics"": [""metricFOB"", ""metricKG"", ""metricStatistic""]}",6ba676f8c3d81a3007a94728770ca8b2a0e1f68927f4f8981f15754c36372fc7,12794,62,2026-10-04T03:46:34+00:00
importacao_8704_2005_pais.json,"POST general {""flow"": ""import"", ""monthDetail"": true, ""period"": {""from"": ""2005-01"", ""to"": ""2005-12""}, ""filters"": [{""filter"": ""heading"", ""values"": [""8704""]}], ""details"": [""ncm"", ""country""], ""metrics"": [""metricFOB"", ""metricKG"", ""metricStatistic""]}",1c35d3ed9833063b11f45c5f58ed970aed883eac8df91c467d638f186f395c37,28563,127,2026-10-04T03:46:51+00:00
importacao_8704_2005_total.json,"POST general {""flow"": ""import"", ""monthDetail"": true, ""period"": {""from"": ""2005-01"", ""to"": ""2005-12""}, ""filters"": [{""filter"": ""heading"", ""values"": [""8704""]}], ""details"": [""ncm""], ""metrics"": [""metricFOB"", ""metricKG"", ""metricStatistic""]}",2a3c389f26356eed76b145c437ffeefc47b93f057854232b51cae457a0e120fa,14735,72,2026-10-04T03:46:52+00:00
importacao_8704_2006_pais.json,"POST general {""flow"": ""import"", ""monthDetail"": true, ""period"": {""from"": ""2006-01"", ""to"": ""2006-12""}, ""filters"": [{""filter"": ""heading"", ""values"": [""8704""]}], ""details"": [""ncm"", ""country""], ""metrics"": [""metricFOB"", ""metricKG"", ""metricStatistic""]}",73ce0dca4c4543f88fbb4eb5fb603061274a942cdb024eef89e8f28ee2ed53e3,28149,123,2026-10-04T03:46:53+00:00
importacao_8704_2006_total.json,"POST general {""flow"": ""import"", ""monthDetail"": true, ""period"": {""from"": ""2006-01"", ""to"": ""2006-12""}, ""filters"": [{""filter"": ""heading"", ""values"": [""8704""]}], ""details"": [""ncm""], ""metrics"": [""metricFOB"", ""metricKG"", ""metricStatistic""]}",34727466fe111e1da737229920c4c387821c9274ddf618b0230b4611e86607a7,15509,75,2026-10-04T03:46:54+00:00
importacao_8704_2007_pais.json,"POST general {""flow"": ""import"", ""monthDetail"": true, ""period"": {""from"": ""2007-01"", ""to"": ""2007-12""}, ""filters"": [{""filter"": ""heading"", ""values"": [""8704""]}], ""details"": [""ncm"", ""country""], ""metrics"": [""metricFOB"", ""metricKG"", ""metricStatistic""]}",b5cebd55b08236e02e39c09fc46daf090fc77c5b917b7da2945dd1cd1a5b102a,34386,150,2026-10-04T03:46:55+00:00
importacao_8704_2007_total.json,"POST general {""flow"": ""import"", ""monthDetail"": true, ""period"": {""from"": ""2007-01"", ""to"": ""2007-12""}, ""filters"": [{""filter"": ""heading"", ""values"": [""8704""]}], ""details"": [""ncm""], ""metrics"": [""metricFOB"", ""metricKG"", ""metricStatistic""]}",c44f67d729bce69a91586bb27f977ce6110359e86b3da1cd0c9ad2ab0b53de85,16394,79,2026-10-04T03:47:28+00:00
importacao_8704_2008_pais.json,"POST general {""flow"": ""import"", ""monthDetail"": true, ""period"": {""from"": ""2008-01"", ""to"": ""2008-12""}, ""filters"": [{""filter"": ""heading"", ""values"": [""8704""]}], ""details"": [""ncm"", ""country""], ""metrics"": [""metricFOB"", ""metricKG"", ""metricStatistic""]}",e4b1fb8e7d5676b6c630610193c53f0d6710b02217bd8b7e76395efad820aa5b,41310,181,2026-10-04T03:47:29+00:00
importacao_8704_2008_total.json,"POST general {""flow"": ""import"", ""monthDetail"": true, ""period"": {""from"": ""2008-01"", ""to"": ""2008-12""}, ""filters"": [{""filter"": ""heading"", ""values"": [""8704""]}], ""details"": [""ncm""], ""metrics"": [""metricFOB"", ""metricKG"", ""metricStatistic""]}",b06c53c9cf91dd343eb88d506caf9eb42986e3dbdd6bd18e4288b6eb6bc5bfde,17408,84,2026-10-04T03:47:33+00:00
importacao_8704_2009_pais.json,"POST general {""flow"": ""import"", ""monthDetail"": true, ""period"": {""from"": ""2009-01"", ""to"": ""2009-12""}, ""filters"": [{""filter"": ""heading"", ""values"": [""8704""]}], ""details"": [""ncm"", ""country""], ""metrics"": [""metricFOB"", ""metricKG"", ""metricStatistic""]}",01699913a6b744ca8136c791aa5af1afa13c40366874ae4a813bd6e76ea460d8,41991,185,2026-10-04T03:47:37+00:00
importacao_8704_2009_total.json,"POST general {""flow"": ""import"", ""monthDetail"": true, ""period"": {""from"": ""2009-01"", ""to"": ""2009-12""}, ""filters"": [{""filter"": ""heading"", ""values"": [""8704""]}], ""details"": [""ncm""], ""metrics"": [""metricFOB"", ""metricKG"", ""metricStatistic""]}",8982abdd51696cfb1affb2399040fed2f064c7fc1171aecdd32b1fe3da655b71,17928,87,2026-10-04T03:47:38+00:00
importacao_8704_2010_pais.json,"POST general {""flow"": ""import"", ""monthDetail"": true, ""period"": {""from"": ""2010-01"", ""to"": ""2010-12""}, ""filters"": [{""filter"": ""heading"", ""values"": [""8704""]}], ""details"": [""ncm"", ""country""], ""metrics"": [""metricFOB"", ""metricKG"", ""metricStatistic""]}",6c5685bb26c059bd2a9f781a765cbc98478af62b4d472957d37c279ba5d52def,51548,227,2026-10-04T03:48:12+00:00
importacao_8704_2010_total.json,"POST general {""flow"": ""import"", ""monthDetail"": true, ""period"": {""from"": ""2010-01"", ""to"": ""2010-12""}, ""filters"": [{""filter"": ""heading"", ""values"": [""8704""]}], ""details"": [""ncm""], ""metrics"": [""metricFOB"", ""metricKG"", ""metricStatistic""]}",d98658cbdaa76a748d291b83e7552b6884c3b3377a8c5dbc4d4a24377ef386ce,21711,105,2026-10-04T03:48:13+00:00
importacao_8704_2011_pais.json,"POST general {""flow"": ""import"", ""monthDetail"": true, ""period"": {""from"": ""2011-01"", ""to"": ""2011-12""}, ""filters"": [{""filter"": ""heading"", ""values"": [""8704""]}], ""details"": [""ncm"", ""country""], ""metrics"": [""metricFOB"", ""metricKG"", ""metricStatistic""]}",604883e534a84f164a2db98c2488662f03f4a3cc125e76c4af6ba807439e9a80,66921,294,2026-10-04T03:48:14+00:00
importacao_8704_2011_total.json,"POST general {""flow"": ""import"", ""monthDetail"": true, ""period"": {""from"": ""2011-01"", ""to"": ""2011-12""}, ""filters"": [{""filter"": ""heading"", ""values"": [""8704""]}], ""details"": [""ncm""], ""metrics"": [""metricFOB"", ""metricKG"", ""metricStatistic""]}",2a669d4dcfa50698c3104295ac7736ba497354ffe8787c09ad07df649a5edcf5,22342,107,2026-10-04T03:48:18+00:00
importacao_8704_2012_pais.json,"POST general {""flow"": ""import"", ""monthDetail"": true, ""period"": {""from"": ""2012-01"", ""to"": ""2012-12""}, ""filters"": [{""filter"": ""heading"", ""values"": [""8704""]}], ""details"": [""ncm"", ""country""], ""metrics"": [""metricFOB"", ""metricKG"", ""metricStatistic""]}",dbf664176738aeb5c33e1e5e9152ca3110a138c481fedeb9fc78f028e02635de,50141,220,2026-10-04T03:48:19+00:00
importacao_8704_2012_total.json,"POST general {""flow"": ""import"", ""monthDetail"": true, ""period"": {""from"": ""2012-01"", ""to"": ""2012-12""}, ""filters"": [{""filter"": ""heading"", ""values"": [""8704""]}], ""details"": [""ncm""], ""metrics"": [""metricFOB"", ""metricKG"", ""metricStatistic""]}",4fa351b5200b1813db66205c995c51416cf2415b751e2f2aab49ddb9e18f22a0,19148,92,2026-10-04T03:48:35+00:00
importacao_8704_2013_pais.json,"POST general {""flow"": ""import"", ""monthDetail"": true, ""period"": {""from"": ""2013-01"", ""to"": ""2013-12""}, ""filters"": [{""filter"": ""heading"", ""values"": [""8704""]}], ""details"": [""ncm"", ""country""], ""metrics"": [""metricFOB"", ""metricKG"", ""metricStatistic""]}",b08e74ab4ef0a3d647bb4447c729d5a2741d7a13c1a30131cf23f4a9b4d03a2f,48472,213,2026-10-04T03:48:36+00:00
importacao_8704_2013_total.json,"POST general {""flow"": ""import"", ""monthDetail"": true, ""period"": {""from"": ""2013-01"", ""to"": ""2013-12""}, ""filters"": [{""filter"": ""heading"", ""values"": [""8704""]}], ""details"": [""ncm""], ""metrics"": [""metricFOB"", ""metricKG"", ""metricStatistic""]}",aa7fb2098346aa1fe44f2d121f16a63e9a27b9d8eeb493c7357fd1e014987b17,18420,89,2026-10-04T03:49:10+00:00
importacao_8704_2014_pais.json,"POST general {""flow"": ""import"", ""monthDetail"": true, ""period"": {""from"": ""2014-01"", ""to"": ""2014-12""}, ""filters"": [{""filter"": ""heading"", ""values"": [""8704""]}], ""details"": [""ncm"", ""country""], ""metrics"": [""metricFOB"", ""metricKG"", ""metricStatistic""]}",419cc6489da12f31e80d0a8bde3795064dbf6ef5a9db9a0d4aaab64524b28fde,38572,170,2026-10-04T03:49:11+00:00
importacao_8704_2014_total.json,"POST general {""flow"": ""import"", ""monthDetail"": true, ""period"": {""from"": ""2014-01"", ""to"": ""2014-12""}, ""filters"": [{""filter"": ""heading"", ""values"": [""8704""]}], ""details"": [""ncm""], ""metrics"": [""metricFOB"", ""metricKG"", ""metricStatistic""]}",c79db826b0399a3b455bfea83fc5930544fb9feb5eed7cebccfef95a5c702ad8,17764,86,2026-10-04T03:49:12+00:00
importacao_8704_2015_pais.json,"POST general {""flow"": ""import"", ""monthDetail"": true, ""period"": {""from"": ""2015-01"", ""to"": ""2015-12""}, ""filters"": [{""filter"": ""heading"", ""values"": [""8704""]}], ""details"": [""ncm"", ""country""], ""metrics"": [""metricFOB"", ""metricKG"", ""metricStatistic""]}",8005c992737e3ea249c245fae084b3a9884e49deff867ed9ed554a13fac5ba12,28155,123,2026-10-04T03:49:14+00:00
importacao_8704_2015_total.json,"POST general {""flow"": ""import"", ""monthDetail"": true, ""period"": {""from"": ""2015-01"", ""to"": ""2015-12""}, ""filters"": [{""filter"": ""heading"", ""values"": [""8704""]}], ""details"": [""ncm""], ""metrics"": [""metricFOB"", ""metricKG"", ""metricStatistic""]}",0d2cee1a79b744da5858085da1673b7e5495a1c14800bd8931af5d339ce71009,13965,67,2026-10-04T03:49:15+00:00
importacao_8704_2016_pais.json,"POST general {""flow"": ""import"", ""monthDetail"": true, ""period"": {""from"": ""2016-01"", ""to"": ""2016-12""}, ""filters"": [{""filter"": ""heading"", ""values"": [""8704""]}], ""details"": [""ncm"", ""country""], ""metrics"": [""metricFOB"", ""metricKG"", ""metricStatistic""]}",50df9ddb3395892821aa9ea64bccdadc7791c452f37de1c52051c3adb1b694d6,17315,76,2026-10-04T03:49:31+00:00
importacao_8704_2016_total.json,"POST general {""flow"": ""import"", ""monthDetail"": true, ""period"": {""from"": ""2016-01"", ""to"": ""2016-12""}, ""filters"": [{""filter"": ""heading"", ""values"": [""8704""]}], ""details"": [""ncm""], ""metrics"": [""metricFOB"", ""metricKG"", ""metricStatistic""]}",ce6d5ef7975154a9e91a676e106c141b2a6dcf69c1fa580321608f52cc3ca900,11138,54,2026-10-04T03:49:33+00:00
importacao_8704_2017_pais.json,"POST general {""flow"": ""import"", ""monthDetail"": true, ""period"": {""from"": ""2017-01"", ""to"": ""2017-12""}, ""filters"": [{""filter"": ""heading"", ""values"": [""8704""]}], ""details"": [""ncm"", ""country""], ""metrics"": [""metricFOB"", ""metricKG"", ""metricStatistic""]}",14a3817affc0c954af6ce7507fb858c101e678859fb4c887d1af9d6a53506d05,22309,98,2026-10-04T03:49:34+00:00
importacao_8704_2017_total.json,"POST general {""flow"": ""import"", ""monthDetail"": true, ""period"": {""from"": ""2017-01"", ""to"": ""2017-12""}, ""filters"": [{""filter"": ""heading"", ""values"": [""8704""]}], ""details"": [""ncm""], ""metrics"": [""metricFOB"", ""metricKG"", ""metricStatistic""]}",1ed4ab073d79e71e3e6e1b181fe9f8b706f67711b3f922acbbbe388d4c0525ed,12243,59,2026-10-04T03:49:35+00:00
importacao_8704_2018_pais.json,"POST general {""flow"": ""import"", ""monthDetail"": true, ""period"": {""from"": ""2018-01"", ""to"": ""2018-12""}, ""filters"": [{""filter"": ""heading"", ""values"": [""8704""]}], ""details"": [""ncm"", ""country""], ""metrics"": [""metricFOB"", ""metricKG"", ""metricStatistic""]}",391ceec55bafec7326131883e8fbc98957a63df64f293603e0afc16af48d9541,38359,168,2026-10-04T03:49:37+00:00
importacao_8704_2018_total.json,"POST general {""flow"": ""import"", ""monthDetail"": true, ""period"": {""from"": ""2018-01"", ""to"": ""2018-12""}, ""filters"": [{""filter"": ""heading"", ""values"": [""8704""]}], ""details"": [""ncm""], ""metrics"": [""metricFOB"", ""metricKG"", ""metricStatistic""]}",9047965fa4e4413ba160b9420836e24d75f7343ab6fbb236d3a771677d6d6737,15247,73,2026-10-04T03:49:38+00:00
importacao_8704_2019_pais.json,"POST general {""flow"": ""import"", ""monthDetail"": true, ""period"": {""from"": ""2019-01"", ""to"": ""2019-12""}, ""filters"": [{""filter"": ""heading"", ""values"": [""8704""]}], ""details"": [""ncm"", ""country""], ""metrics"": [""metricFOB"", ""metricKG"", ""metricStatistic""]}",95d8dcb77bbb660d66475254958c271acf9825baf210e48c15fa1054a8bb3570,38647,171,2026-10-04T03:49:39+00:00
importacao_8704_2019_total.json,"POST general {""flow"": ""import"", ""monthDetail"": true, ""period"": {""from"": ""2019-01"", ""to"": ""2019-12""}, ""filters"": [{""filter"": ""heading"", ""values"": [""8704""]}], ""details"": [""ncm""], ""metrics"": [""metricFOB"", ""metricKG"", ""metricStatistic""]}",27bff2ba40282191bd9f6a128b69d840ab88eb93c869f9c3d2c6004f7c1e5d61,16522,80,2026-10-04T03:49:40+00:00
importacao_8704_2020_pais.json,"POST general {""flow"": ""import"", ""monthDetail"": true, ""period"": {""from"": ""2020-01"", ""to"": ""2020-12""}, ""filters"": [{""filter"": ""heading"", ""values"": [""8704""]}], ""details"": [""ncm"", ""country""], ""metrics"": [""metricFOB"", ""metricKG"", ""metricStatistic""]}",a866c8f162e0a627309b6703ab32431b8f13c20cafc20f385991c862f609ddf8,37741,167,2026-10-04T03:49:57+00:00
importacao_8704_2020_total.json,"POST general {""flow"": ""import"", ""monthDetail"": true, ""period"": {""from"": ""2020-01"", ""to"": ""2020-12""}, ""filters"": [{""filter"": ""heading"", ""values"": [""8704""]}], ""details"": [""ncm""], ""metrics"": [""metricFOB"", ""metricKG"", ""metricStatistic""]}",3519541137bcfdf34f81426358b6765b48e59572044822f371850d1e39be903f,16828,82,2026-10-04T03:49:58+00:00
importacao_8704_2021_pais.json,"POST general {""flow"": ""import"", ""monthDetail"": true, ""period"": {""from"": ""2021-01"", ""to"": ""2021-12""}, ""filters"": [{""filter"": ""heading"", ""values"": [""8704""]}], ""details"": [""ncm"", ""country""], ""metrics"": [""metricFOB"", ""metricKG"", ""metricStatistic""]}",d2b428335caefd5fffdae2ca5828da3c28eec1841d5dcba3b2db9d0ba0caceef,44092,195,2026-10-04T03:49:59+00:00
importacao_8704_2021_total.json,"POST general {""flow"": ""import"", ""monthDetail"": true, ""period"": {""from"": ""2021-01"", ""to"": ""2021-12""}, ""filters"": [{""filter"": ""heading"", ""values"": [""8704""]}], ""details"": [""ncm""], ""metrics"": [""metricFOB"", ""metricKG"", ""metricStatistic""]}",ea9ae464fdbb01512c882941e3c564e4677c770ab45d670e50385dbdb3f2cd97,16688,81,2026-10-04T03:50:00+00:00
importacao_8704_2022_pais.json,"POST general {""flow"": ""import"", ""monthDetail"": true, ""period"": {""from"": ""2022-01"", ""to"": ""2022-12""}, ""filters"": [{""filter"": ""heading"", ""values"": [""8704""]}], ""details"": [""ncm"", ""country""], ""metrics"": [""metricFOB"", ""metricKG"", ""metricStatistic""]}",70537ad980b4e7585d9c617f78391fd2adfa65c761228d2cf52a3f6d8d1161b6,55072,233,2026-10-04T03:50:34+00:00
importacao_8704_2022_total.json,"POST general {""flow"": ""import"", ""monthDetail"": true, ""period"": {""from"": ""2022-01"", ""to"": ""2022-12""}, ""filters"": [{""filter"": ""heading"", ""values"": [""8704""]}], ""details"": [""ncm""], ""metrics"": [""metricFOB"", ""metricKG"", ""metricStatistic""]}",81f002e6aa9314a618e96605fcbf5431127744fdaea253f4d88b73e8ab9a3b07,21954,100,2026-10-04T03:50:35+00:00
importacao_8704_2023_pais.json,"POST general {""flow"": ""import"", ""monthDetail"": true, ""period"": {""from"": ""2023-01"", ""to"": ""2023-12""}, ""filters"": [{""filter"": ""heading"", ""values"": [""8704""]}], ""details"": [""ncm"", ""country""], ""metrics"": [""metricFOB"", ""metricKG"", ""metricStatistic""]}",5ca4c2c372d3c20fe6c68f065f112dfc2266424da43b62e3fdbd752998d28bd3,62796,258,2026-10-04T03:50:43+00:00
importacao_8704_2023_total.json,"POST general {""flow"": ""import"", ""monthDetail"": true, ""period"": {""from"": ""2023-01"", ""to"": ""2023-12""}, ""filters"": [{""filter"": ""heading"", ""values"": [""8704""]}], ""details"": [""ncm""], ""metrics"": [""metricFOB"", ""metricKG"", ""metricStatistic""]}",3ac0870cb6831f724e6bf692136662ab782193fd1fa16a80c0642c94356684b2,25948,114,2026-10-04T03:50:44+00:00
importacao_8704_2024_pais.json,"POST general {""flow"": ""import"", ""monthDetail"": true, ""period"": {""from"": ""2024-01"", ""to"": ""2024-12""}, ""filters"": [{""filter"": ""heading"", ""values"": [""8704""]}], ""details"": [""ncm"", ""country""], ""metrics"": [""metricFOB"", ""metricKG"", ""metricStatistic""]}",4349f7af10d70781bef4f27405da9032eab1f6ba250db69323f17be98e4fc75a,75372,305,2026-10-04T03:50:48+00:00
importacao_8704_2024_total.json,"POST general {""flow"": ""import"", ""monthDetail"": true, ""period"": {""from"": ""2024-01"", ""to"": ""2024-12""}, ""filters"": [{""filter"": ""heading"", ""values"": [""8704""]}], ""details"": [""ncm""], ""metrics"": [""metricFOB"", ""metricKG"", ""metricStatistic""]}",06783ddca15e105ac07eab3374742580ee6ac05e05a9ea03b0e017e724a7d730,29259,125,2026-10-04T03:52:40+00:00
importacao_8704_2025_pais.json,"POST general {""flow"": ""import"", ""monthDetail"": true, ""period"": {""from"": ""2025-01"", ""to"": ""2025-12""}, ""filters"": [{""filter"": ""heading"", ""values"": [""8704""]}], ""details"": [""ncm"", ""country""], ""metrics"": [""metricFOB"", ""metricKG"", ""metricStatistic""]}",5088b15435e67da7fa912fda69c9cb08200e3fb653559d6563ba182aede46142,83056,339,2026-10-04T03:52:44+00:00
importacao_8704_2025_total.json,"POST general {""flow"": ""import"", ""monthDetail"": true, ""period"": {""from"": ""2025-01"", ""to"": ""2025-12""}, ""filters"": [{""filter"": ""heading"", ""values"": [""8704""]}], ""details"": [""ncm""], ""metrics"": [""metricFOB"", ""metricKG"", ""metricStatistic""]}",16f3f1da1ae7838738df2b5e1b5e0a8e743a7d30558170948e3934a490987565,31768,134,2026-10-04T03:52:48+00:00
importacao_8704_2026_pais.json,"POST general {""flow"": ""import"", ""monthDetail"": true, ""period"": {""from"": ""2026-01"", ""to"": ""2026-12""}, ""filters"": [{""filter"": ""heading"", ""values"": [""8704""]}], ""details"": [""ncm"", ""country""], ""metrics"": [""metricFOB"", ""metricKG"", ""metricStatistic""]}",99c2ddfab1dbbcfc526502c14937d39767f9b511f9e70ba98abb9d62f5d5c21d,60212,241,2026-10-04T03:53:22+00:00
importacao_8704_2026_total.json,"POST general {""flow"": ""import"", ""monthDetail"": true, ""period"": {""from"": ""2026-01"", ""to"": ""2026-12""}, ""filters"": [{""filter"": ""heading"", ""values"": [""8704""]}], ""details"": [""ncm""], ""metrics"": [""metricFOB"", ""metricKG"", ""metricStatistic""]}",630dd345d137a7e1e1912148d7bc0b1bb37f10fde945c979ed0bbfd426c40ad2,23078,94,2026-10-04T03:53:26+00:00
ncm_87031000.json,GET tables/ncm?search=87031000,caea8bf009cdfbc491785ac773bb97c6b5b1f24b3791c5f64ccc64adb4e8b52d,322,1,2026-10-04T04:12:36+00:00
ncm_87032100.json,GET tables/ncm?search=87032100,782121d54ae2bffdc523a1625d3993c933e8a1e1f376369614a41ab5243f25f2,238,1,2026-10-04T04:12:37+00:00
ncm_87032210.json,GET tables/ncm?search=87032210,a3d8ca5bdf14f94ed77c479f5c85f4b2613bc49ff1cf4d1acfaec79a79cd9da8,362,1,2026-10-04T04:12:39+00:00
ncm_87032290.json,GET tables/ncm?search=87032290,76a7cd9c1c66cfc4e41a7ef6be8cce344dbbadf40f7f26e30c102be451b67e9f,290,1,2026-10-04T04:12:41+00:00
ncm_87032310.json,GET tables/ncm?search=87032310,efb7cf6325d77f15ef553821a849517806f50abb6eed7e369052a32b88ee09a5,247,1,2026-10-04T04:12:43+00:00
ncm_87032390.json,GET tables/ncm?search=87032390,1ffbdea459f2f70074ffb239cedc12cadf875fbaf971711e4449d4c049fc873a,248,1,2026-10-04T04:12:44+00:00
ncm_87032410.json,GET tables/ncm?search=87032410,57f82c8ded188a2053183b6346ea0986a39b48d4b30c84291f500e2f43c503cb,234,1,2026-10-04T04:12:46+00:00
ncm_87032490.json,GET tables/ncm?search=87032490,09da9494f026a2cbfdc6efb8a2ba6ae5984c69ac3bf847d044748e33e1a7542e,236,1,2026-10-04T04:12:48+00:00
ncm_87033110.json,GET tables/ncm?search=87033110,a3e5b0c318a11c191074f5da0ba05dbc51f50814e6aabc2f8674d850318c4162,228,1,2026-10-04T04:13:20+00:00
ncm_87033190.json,GET tables/ncm?search=87033190,22aadb62d54b789036cf369ffc02c41919c14a2c3adc568e714f4471fff0fbb2,230,1,2026-10-04T04:13:22+00:00
ncm_87033210.json,GET tables/ncm?search=87033210,050c49a0d2ccb0b4e85a1c16ab5cd64402124ee912b7655f3556184b1b152f84,240,1,2026-10-04T04:13:24+00:00
ncm_87033290.json,GET tables/ncm?search=87033290,78642627f78a8a34d825df940ad5633b88ecdcc34a276423ed491ead53dbb662,242,1,2026-10-04T04:13:26+00:00
ncm_87033310.json,GET tables/ncm?search=87033310,dc8cce8f13d9f9b01f17696bc695908cf0b7d279c0e0647c321954c302f983b3,227,1,2026-10-04T04:13:58+00:00
ncm_87033390.json,GET tables/ncm?search=87033390,8e4a141d750e699c7cf166189c841db6f12d3957496989ff0f09b297d3c7ed53,229,1,2026-10-04T04:14:00+00:00
ncm_87034000.json,GET tables/ncm?search=87034000,645096b6eabe8e4ed814d625a827fd22135d211fe7ce1dedfedba2ea91eb3221,446,1,2026-10-04T04:14:01+00:00
ncm_87035000.json,GET tables/ncm?search=87035000,fff63007d761f3fbd9d8291564ba8c989a9562774b82c2c0dff99855bb78b2b7,450,1,2026-10-04T04:14:03+00:00
ncm_87036000.json,GET tables/ncm?search=87036000,278140820a8504b5339d7ac6c522bc7cd339fa0a2c56a2e6ba39ae9b3274ec5d,436,1,2026-10-04T04:14:05+00:00
ncm_87037000.json,GET tables/ncm?search=87037000,57cd0c3afb0a402f5e261aca0bf2eec6b1fc6fca30c0558cbbf75b9754bafdb0,440,1,2026-10-04T04:14:06+00:00
ncm_87038000.json,GET tables/ncm?search=87038000,02287b4e09eb9f911547b7213ca509408bba04b9d41f54fa4ac2bcfbaee3665c,240,1,2026-10-04T04:14:39+00:00
ncm_87039000.json,GET tables/ncm?search=87039000,5651a36e2e8fd8d07cff95feed5f4862742d1e69ea3e0cb007895f12db29d884,221,1,2026-10-04T04:14:41+00:00
ncm_87041000.json,GET tables/ncm?search=87041000,bbf717d36aed72c04aa8d9b6707a6a3857505ca4248ab51deed5a5b05b4517be,219,1,2026-10-04T04:14:42+00:00
ncm_87041010.json,GET tables/ncm?search=87041010,fc7fcf8055622a13ec0733a048529f587d9ae52ba2ca2488babdb619587d109b,240,1,2026-10-04T04:14:44+00:00
ncm_87041090.json,GET tables/ncm?search=87041090,a9321549091d4e66f28468c52364000994a1ccd0d704d20520a9c5f22279c0cc,238,1,2026-10-04T04:15:16+00:00
ncm_87042110.json,GET tables/ncm?search=87042110,968020573cf31471761b547860f5a264d061066a5feb1d2b708be9026771ff2d,219,1,2026-10-04T04:15:18+00:00
ncm_87042120.json,GET tables/ncm?search=87042120,93dae1941076c1199483c2d9bd60d7a2ee7568fbb484adb89cfe48a30a1f08c7,247,1,2026-10-04T04:15:19+00:00
ncm_87042130.json,GET tables/ncm?search=87042130,7f71d77799e829297bf940c69c8074d8b31d8deea6ff142a5b56c5860eee5f03,251,1,2026-10-04T04:15:21+00:00
ncm_87042190.json,GET tables/ncm?search=87042190,5bc8cc22c6683141029b7975c02bb1f11bc74e97e45e2e85b217fdad7560eefc,239,1,2026-10-04T04:15:23+00:00
ncm_87042210.json,GET tables/ncm?search=87042210,5e2f932ee3e8b9488a38fe2c8a1778c6274bed5550dfa468e7e7a8c02dd57190,234,1,2026-10-04T04:15:25+00:00
ncm_87042220.json,GET tables/ncm?search=87042220,95d325ba002ed5bd57d74185ab75dbd1ae6c4f097a8f706aeeffa4bc6e7ceddc,262,1,2026-10-04T04:15:26+00:00
ncm_87042230.json,GET tables/ncm?search=87042230,c25bfc21eda514e3ab76ad5595cd5787aeac1210370f7762c477c366a657e893,271,1,2026-10-04T04:15:28+00:00
ncm_87042290.json,GET tables/ncm?search=87042290,5702ffdd7bf831ed5b987912bf6e9fd64908ad4799f94b6a11653490ba3ef4d4,251,1,2026-10-04T04:16:00+00:00
ncm_87042310.json,GET tables/ncm?search=87042310,e8c4a77a2af053e1a8af65cf7202320c350a40f0f536b33806c33e122a8ace56,228,1,2026-10-04T04:16:01+00:00
ncm_87042320.json,GET tables/ncm?search=87042320,8f24f9aff2657af50635c07a98876264e4ee5f730bdb980089d1ecb0e71882d4,243,1,2026-10-04T04:16:03+00:00
ncm_87042330.json,GET tables/ncm?search=87042330,eb6c5dbef1207f2de0cced3f25c3fb673413f5d2494041d2d501167db8ac54b2,262,1,2026-10-04T04:16:05+00:00
ncm_87042340.json,GET tables/ncm?search=87042340,4038100cfadb04fdcd11712588f1dff2cdbd7dc5226e970e4809aa5585019aa1,317,1,2026-10-04T04:16:06+00:00
ncm_87042390.json,GET tables/ncm?search=87042390,0dc3da2bfb2cceb3b4041d1efed78709be13dd4fdb941481df9fc4e22991a1b8,230,1,2026-10-04T04:16:08+00:00
ncm_87043110.json,GET tables/ncm?search=87043110,9738d9b5abd686825c2dae75a51baa9a2f629a4fe37c6096e57309b30897dce8,258,1,2026-10-04T04:16:40+00:00
ncm_87043120.json,GET tables/ncm?search=87043120,9bf9ef579c68c3cbd46cd4e5d7581e6701e8d48409c485a7481472fe644e45cb,294,1,2026-10-04T04:16:42+00:00
ncm_87043130.json,GET tables/ncm?search=87043130,307137e4675226687c780ca1ef14f1df19e8d0978257d0231f9f94929e754d12,310,1,2026-10-04T04:16:43+00:00
ncm_87043190.json,GET tables/ncm?search=87043190,db3435a7d30a13e2d2e805573f49a5cfe512a1b28844ad292c9153f78443e334,243,1,2026-10-04T04:16:45+00:00
ncm_87043210.json,GET tables/ncm?search=87043210,820a98bfb458be16a195d7db7661bddfbddfacbede8a57812c9d8465a55dd68d,219,1,2026-10-04T04:17:17+00:00
ncm_87043220.json,GET tables/ncm?search=87043220,82ff5dd228092cf35500c90f03ee3213b4461c8f481f174ecedc7eafa3b14002,271,1,2026-10-04T04:17:19+00:00
ncm_87043230.json,GET tables/ncm?search=87043230,e0b94a4f4d7be50bbd136590aa2f35c3df8801f8717ceb6b6c85c158160575d5,259,1,2026-10-04T04:17:20+00:00
ncm_87043290.json,GET tables/ncm?search=87043290,c19213904298efeebe2807c88962775c30aafb15215028ad9e89a302de2231d8,242,1,2026-10-04T04:17:22+00:00
ncm_87044100.json,GET tables/ncm?search=87044100,fb8183c38f4add37c73e19f237be912bd69501be3add75ee9a4f8145bb83b422,451,1,2026-10-04T04:17:24+00:00
ncm_87045100.json,GET tables/ncm?search=87045100,17ce6948dca0fd01d558980dfcd7703784a5b91b87651fecc0aff08d97ad8fee,435,1,2026-10-04T04:17:25+00:00
ncm_87046000.json,GET tables/ncm?search=87046000,673716fcc78ed77a25ab734310047354c34fa21bfdd3d90af7697e562882fb60,277,1,2026-10-04T04:17:27+00:00
ncm_87049000.json,GET tables/ncm?search=87049000,3110ffd153a8cceb957416a4a80b0488186afc6b44a4d65dd2ac2630fffa810f,221,1,2026-10-04T04:17:59+00:00
ultima_atualizacao.json,GET general/dates/updated,8aaa5341c63621e71b6f2527c2ce2c7cace7cef5a5c1777b005139e174846077,133,1,2026-10-04T03:52:09+00:00
