fabrica_id,pais,marca,modelo,segmento,periodo_inicio,periodo_fim,vinculo,regra_periodo,data_fonte,fonte_url,tipo_fonte,fonte_trecho,pagina_salva,observacao
vw_taubate,Brasil,VW,GOL,automoveis,1980-01,2022-12,producao_local,declarado,2026-01,https://omecanico.com.br/fabrica-da-volkswagen-em-taubate-completa-50-anos/,imprensa_especializada,"Em 1980, teve início a produção do Volkswagen Gol, o maior ícone da planta. [...] A produção do Gol e do Voyage foi encerrada em 2022.",fabricas_paginas/vw_taubate_50anos_omecanico,
vw_taubate,Brasil,VW,VOYAGE,automoveis,1982-01,2022-12,producao_local,declarado,2026-01,https://omecanico.com.br/fabrica-da-volkswagen-em-taubate-completa-50-anos/,imprensa_especializada,"A família Gol — composta também por Voyage, Parati e Saveiro — passou a ser produzida na unidade a partir de 1982. [...] A produção do Gol e do Voyage foi encerrada em 2022.",fabricas_paginas/vw_taubate_50anos_omecanico,
vw_taubate,Brasil,VW,PARATI,automoveis,1982-01,2026-01,producao_local,inicio_ate_a_pagina,2026-01,https://omecanico.com.br/fabrica-da-volkswagen-em-taubate-completa-50-anos/,imprensa_especializada,"A família Gol — composta também por Voyage, Parati e Saveiro — passou a ser produzida na unidade a partir de 1982.",fabricas_paginas/vw_taubate_50anos_omecanico,"A pagina da' o inicio em Taubate e lista o modelo entre os ja' produzidos ali, sem o fim."
vw_taubate,Brasil,VW,SAVEIRO,comerciais_leves,1982-01,2026-01,producao_local,inicio_ate_a_pagina,2026-01,https://omecanico.com.br/fabrica-da-volkswagen-em-taubate-completa-50-anos/,imprensa_especializada,"A família Gol — composta também por Voyage, Parati e Saveiro — passou a ser produzida na unidade a partir de 1982.",fabricas_paginas/vw_taubate_50anos_omecanico,"A pagina da' o inicio em Taubate e lista o modelo entre os ja' produzidos ali, sem o fim."
vw_taubate,Brasil,VW,UP,automoveis,2014-01,2021-12,producao_local,declarado,2026-01,https://omecanico.com.br/fabrica-da-volkswagen-em-taubate-completa-50-anos/,imprensa_especializada,"Entre 2014 e 2021, Taubaté produziu o Volkswagen up!",fabricas_paginas/vw_taubate_50anos_omecanico,
vw_taubate,Brasil,VW,POLO,automoveis,2023-01,2026-01,producao_local,inicio_ate_a_pagina,2026-01,https://omecanico.com.br/fabrica-da-volkswagen-em-taubate-completa-50-anos/,imprensa_especializada,"possibilitando a produção do Polo Track, iniciada em 2023. [...] Atualmente, a fábrica produz Tera, Polo e Polo Track",fabricas_paginas/vw_taubate_50anos_omecanico,
vw_taubate,Brasil,VW,TERA,automoveis,2025-06,2026-01,producao_local,inicio_ate_a_pagina,2026-01,https://omecanico.com.br/fabrica-da-volkswagen-em-taubate-completa-50-anos/,imprensa_especializada,"O SUV Tera, lançado em junho de 2025 [...] Atualmente, a fábrica produz Tera, Polo e Polo Track",fabricas_paginas/vw_taubate_50anos_omecanico,
vw_taubate,Brasil,VW,TERA,automoveis,2025-12,2025-12,producao_local,na_data_da_pagina,2025-12,https://www.autodata.com.br/?p=98288,imprensa_especializada,"Atualmente dois modelos são produzidos em Taubaté, o Polo e o Tera.",fabricas_paginas/vw_taubate_8milhoes_autodata_98288,
vw_taubate,Brasil,VW,POLO,automoveis,2025-12,2025-12,producao_local,na_data_da_pagina,2025-12,https://www.autodata.com.br/?p=98288,imprensa_especializada,"Atualmente dois modelos são produzidos em Taubaté, o Polo e o Tera.",fabricas_paginas/vw_taubate_8milhoes_autodata_98288,
vw_taubate,Brasil,VW,TERA,automoveis,2026-01,2026-01,producao_local,na_data_da_pagina,2026-01,https://www.autodata.com.br/?p=98597,imprensa_especializada,"Atualmente produz o Tera, SUV compacto, e os hatches Polo e Polo Track.",fabricas_paginas/vw_taubate_50anos_autodata_98597,
vw_taubate,Brasil,VW,POLO,automoveis,2026-01,2026-01,producao_local,na_data_da_pagina,2026-01,https://www.autodata.com.br/?p=98597,imprensa_especializada,"Atualmente produz o Tera, SUV compacto, e os hatches Polo e Polo Track.",fabricas_paginas/vw_taubate_50anos_autodata_98597,
vw_taubate,Brasil,VW,GOL,automoveis,2022-11,2022-11,producao_local,na_data_da_pagina,2022-11,https://www.autodata.com.br/noticias/2022/11/11/volkswagen-inicia-troca-de-bastao-do-gol-para-o-polo-track/48428/,imprensa_especializada,"Na virada do ano o Gol deixará as linhas de montagem de Taubaté, SP, para dar lugar ao Polo Track [...] ainda há volume de Gol e Voyage em produção na fábrica",fabricas_paginas/vw_gol_polo_track_autodata_48428,
vw_taubate,Brasil,VW,VOYAGE,automoveis,2022-11,2022-11,producao_local,na_data_da_pagina,2022-11,https://www.autodata.com.br/noticias/2022/11/11/volkswagen-inicia-troca-de-bastao-do-gol-para-o-polo-track/48428/,imprensa_especializada,"Na virada do ano o Gol deixará as linhas de montagem de Taubaté, SP, para dar lugar ao Polo Track [...] ainda há volume de Gol e Voyage em produção na fábrica",fabricas_paginas/vw_gol_polo_track_autodata_48428,
vw_sjp,Brasil,VW,FOX/CROSS FOX,automoveis,2003-01,2021-10,producao_local,declarado,2021-10,https://autopapo.com.br/noticia/volkswagen-confirma-fim-do-fox-apos-18-anos-de-producao,imprensa_especializada,"“Desde o seu lançamento, em 2003, o Fox foi produzido exclusivamente na fábrica do Paraná e ao longo destes 18 anos",fabricas_paginas/vw_fox_fim_autopapo,
vw_sjp,Brasil,VW,GOLF,automoveis,1998-01,2013-12,producao_local,declarado,2026-01,https://motorshow.com.br/14-carros-nacionais-mais-fabricados-vw-brasil,imprensa_especializada,"A produção nacional do hatch médio da VW ocorreu em dois períodos distintos: entre 1998 e 2013, e depois entre 2016 e 2019, sempre na fábrica paranaense de Pinhais.",fabricas_paginas/vw_14_mais_fabricados_motorshow,
vw_sjp,Brasil,VW,GOLF,automoveis,2016-01,2019-12,producao_local,declarado,2026-01,https://motorshow.com.br/14-carros-nacionais-mais-fabricados-vw-brasil,imprensa_especializada,"A produção nacional do hatch médio da VW ocorreu em dois períodos distintos: entre 1998 e 2013, e depois entre 2016 e 2019, sempre na fábrica paranaense de Pinhais.",fabricas_paginas/vw_14_mais_fabricados_motorshow,
vw_sjp,Brasil,VW,T CROSS,automoveis,2019-01,2026-01,producao_local,inicio_ate_a_pagina,2026-01,https://motorshow.com.br/14-carros-nacionais-mais-fabricados-vw-brasil,imprensa_especializada,"Lançado em 2019, o T-Cross é o primeiro SUV compacto da Volks produzido no Brasil. Rapidamente se consolidou como um dos SUVs mais vendidos do País e segue em produção em São José dos Pinhais.",fabricas_paginas/vw_14_mais_fabricados_motorshow,
vw_anchieta,Brasil,VW,NIVUS,automoveis,2020-01,2026-01,producao_local,inicio_ate_a_pagina,2026-01,https://motorshow.com.br/14-carros-nacionais-mais-fabricados-vw-brasil,imprensa_especializada,"Apresentado em 2020, o Nivus inaugurou o segmento de SUVs coupés compactos da VW no Brasil. Desenvolvido localmente, é produzido em São Bernardo do Campo",fabricas_paginas/vw_14_mais_fabricados_motorshow,
vw_taubate,Brasil,VW,TERA,automoveis,2026-01,2026-01,producao_local,na_data_da_pagina,2026-01,https://motorshow.com.br/14-carros-nacionais-mais-fabricados-vw-brasil,imprensa_especializada,"O Tera é o SUV mais recente da VW no Brasil, com produção em Taubaté.",fabricas_paginas/vw_14_mais_fabricados_motorshow,
,Brasil,VW,KOMBI,comerciais_leves,1957-01,2013-12,producao_local,declarado,2026-01,https://motorshow.com.br/14-carros-nacionais-mais-fabricados-vw-brasil,imprensa_especializada,"Produzida no Brasil desde 1957, a Kombi foi um dos veículos mais longevos da indústria nacional. [...] Saiu de linha em 2013, encerrando sua trajetória",fabricas_paginas/vw_14_mais_fabricados_motorshow,Pais sem fabrica: a pagina nao diz a planta.
,Brasil,VW,PARATI,automoveis,1982-01,2012-12,producao_local,declarado,2026-01,https://motorshow.com.br/14-carros-nacionais-mais-fabricados-vw-brasil,imprensa_especializada,"Versão perua do VW Gol, a Parati estreou em 1982 [...] Saiu de linha em 2012, com o fim da família Gol derivada.",fabricas_paginas/vw_14_mais_fabricados_motorshow,Pais sem fabrica: a lista e' de carros produzidos no Brasil.
,Brasil,VW,VOYAGE,automoveis,1981-01,2023-12,producao_local,declarado,2026-01,https://motorshow.com.br/14-carros-nacionais-mais-fabricados-vw-brasil,imprensa_especializada,"Sedan derivado do Gol, o Voyage estreou em 1981 [...] Saiu de linha em 2023.",fabricas_paginas/vw_14_mais_fabricados_motorshow,Pais sem fabrica: a lista e' de carros produzidos no Brasil.
,Brasil,VW,SAVEIRO,comerciais_leves,1982-01,2026-01,producao_local,inicio_ate_a_pagina,2026-01,https://motorshow.com.br/14-carros-nacionais-mais-fabricados-vw-brasil,imprensa_especializada,"Lançada em 1982, a Saveiro é a versão picape do Gol. [...] A picape segue em linha no mercado brasileiro",fabricas_paginas/vw_14_mais_fabricados_motorshow,Pais sem fabrica: a lista e' de carros produzidos no Brasil.
,Brasil,VW,GOL,automoveis,1980-01,2022-12,producao_local,declarado,2026-01,https://motorshow.com.br/14-carros-nacionais-mais-fabricados-vw-brasil,imprensa_especializada,"Lançado em 1980, o Gol nasceu como hatch compacto [...] Saiu de linha em 2022 como o modelo mais produzido, vendido e exportado da história do Brasil.",fabricas_paginas/vw_14_mais_fabricados_motorshow,Pais sem fabrica: a lista e' de carros produzidos no Brasil.
vw_anchieta,Brasil,VW,POLO,automoveis,2002-01,2024-11,producao_local,inicio_ate_a_pagina,2024-11,https://revistacarro.com.br/volkswagen-comemora-65-anos-da-fabrica-anchieta-veja-linha-do-tempo/,imprensa_especializada,"2002: Inauguração da Nova Anchieta para produção do Polo. [...] Atualmente, a Anchieta fabrica o Polo GTS, o Virtus e o Saveiro.",fabricas_paginas/vw_anchieta_65anos_revistacarro,
vw_anchieta,Brasil,VW,SAVEIRO,comerciais_leves,2016-01,2024-11,producao_local,inicio_ate_a_pagina,2024-11,https://revistacarro.com.br/volkswagen-comemora-65-anos-da-fabrica-anchieta-veja-linha-do-tempo/,imprensa_especializada,"2016: Anchieta inicia a produção de Novo Gol e a Nova Saveiro [...] Atualmente, a Anchieta fabrica o Polo GTS, o Virtus e o Saveiro.",fabricas_paginas/vw_anchieta_65anos_revistacarro,
vw_anchieta,Brasil,VW,GOL,automoveis,1994-01,2022-12,producao_local,inicio_ate_a_pagina,2024-11,https://revistacarro.com.br/volkswagen-comemora-65-anos-da-fabrica-anchieta-veja-linha-do-tempo/,imprensa_especializada,1994: Início da produção do Gol na fábrica Anchieta [...] 2016: Anchieta inicia a produção de Novo Gol e a Nova Saveiro,fabricas_paginas/vw_anchieta_65anos_revistacarro,"Fim no fim da producao do Gol (2022), dado pela pagina de Taubate."
vw_anchieta,Brasil,VW,VIRTUS,automoveis,2018-01,2024-11,producao_local,inicio_ate_a_pagina,2024-11,https://revistacarro.com.br/volkswagen-comemora-65-anos-da-fabrica-anchieta-veja-linha-do-tempo/,imprensa_especializada,"2018: Início da produção do Virtus [...] Atualmente, a Anchieta fabrica o Polo GTS, o Virtus e o Saveiro.",fabricas_paginas/vw_anchieta_65anos_revistacarro,
vw_anchieta,Brasil,VW,POLO,automoveis,2026-02,2026-02,producao_local,na_data_da_pagina,2026-02,https://www.autodata.com.br/noticias/2026/02/09/volkswagen-celebra-15-milhoes-de-carros-fabricados-em-sao-bernardo-do-campo/99647/,imprensa_especializada,"Hoje saem das linhas de produção da Anchieta Polo Track, Nivus, Virtus e Saveiro",fabricas_paginas/vw_anchieta_15milhoes_autodata_99647,
vw_anchieta,Brasil,VW,NIVUS,automoveis,2026-02,2026-02,producao_local,na_data_da_pagina,2026-02,https://www.autodata.com.br/noticias/2026/02/09/volkswagen-celebra-15-milhoes-de-carros-fabricados-em-sao-bernardo-do-campo/99647/,imprensa_especializada,"Hoje saem das linhas de produção da Anchieta Polo Track, Nivus, Virtus e Saveiro",fabricas_paginas/vw_anchieta_15milhoes_autodata_99647,
vw_anchieta,Brasil,VW,VIRTUS,automoveis,2026-02,2026-02,producao_local,na_data_da_pagina,2026-02,https://www.autodata.com.br/noticias/2026/02/09/volkswagen-celebra-15-milhoes-de-carros-fabricados-em-sao-bernardo-do-campo/99647/,imprensa_especializada,"Hoje saem das linhas de produção da Anchieta Polo Track, Nivus, Virtus e Saveiro",fabricas_paginas/vw_anchieta_15milhoes_autodata_99647,
vw_anchieta,Brasil,VW,SAVEIRO,comerciais_leves,2026-02,2026-02,producao_local,na_data_da_pagina,2026-02,https://www.autodata.com.br/noticias/2026/02/09/volkswagen-celebra-15-milhoes-de-carros-fabricados-em-sao-bernardo-do-campo/99647/,imprensa_especializada,"Hoje saem das linhas de produção da Anchieta Polo Track, Nivus, Virtus e Saveiro",fabricas_paginas/vw_anchieta_15milhoes_autodata_99647,
vw_anchieta,Brasil,VW,VIRTUS,automoveis,2018-01,2025-11,producao_local,inicio_ate_a_pagina,2025-11,https://www.autoindustria.com.br/2025/11/14/em-sete-anos-300-mil-virtus-produzidos-no-brasil/,imprensa_especializada,"Com produção iniciada em 2018 na fábrica de São Bernardo do Campo, SP, e complementada em São José dos Pinhais, PR",fabricas_paginas/vw_virtus_300mil_autoindustria,
vw_sjp,Brasil,VW,VIRTUS,automoveis,2025-01,2025-11,producao_local,inicio_ate_a_pagina,2025-11,https://www.autoindustria.com.br/2025/11/14/em-sete-anos-300-mil-virtus-produzidos-no-brasil/,imprensa_especializada,"“A chegada do Virtus à produção de São José dos Pinhais, neste ano, consolida nossa fábrica",fabricas_paginas/vw_virtus_300mil_autoindustria,
fiat_betim,Brasil,FIAT,STRADA,comerciais_leves,1998-01,2025-09,producao_local,inicio_ate_a_pagina,2025-09,https://www.autodata.com.br/noticias/2025/09/15/fiat-strada-soma-25-milhoes-de-unidades-produzidas-em-betim/94026/,imprensa_especializada,"A Fiat Strada chegou à marca de 2,5 milhões de unidades produzidas na fábrica de Betim, MG, desde 1998",fabricas_paginas/fiat_strada_25milhoes_autodata_94026,
fiat_betim,Brasil,FIAT,ARGO,automoveis,2025-09,2025-09,producao_local,na_data_da_pagina,2025-09,https://www.autodata.com.br/noticias/2025/09/15/fiat-strada-soma-25-milhoes-de-unidades-produzidas-em-betim/94026/,imprensa_especializada,"A fábrica de Betim tem capacidade para produzir 650 mil veículos/ano e, além da Strada, produz Argo, Mobi, Pulse, Fastback, Fiorino e Peugeot Partner Rapid.",fabricas_paginas/fiat_strada_25milhoes_autodata_94026,"O Partner do painel, desde 2023, e' o Partner Rapid."
fiat_betim,Brasil,FIAT,MOBI,automoveis,2025-09,2025-09,producao_local,na_data_da_pagina,2025-09,https://www.autodata.com.br/noticias/2025/09/15/fiat-strada-soma-25-milhoes-de-unidades-produzidas-em-betim/94026/,imprensa_especializada,"A fábrica de Betim tem capacidade para produzir 650 mil veículos/ano e, além da Strada, produz Argo, Mobi, Pulse, Fastback, Fiorino e Peugeot Partner Rapid.",fabricas_paginas/fiat_strada_25milhoes_autodata_94026,"O Partner do painel, desde 2023, e' o Partner Rapid."
fiat_betim,Brasil,FIAT,PULSE,automoveis,2025-09,2025-09,producao_local,na_data_da_pagina,2025-09,https://www.autodata.com.br/noticias/2025/09/15/fiat-strada-soma-25-milhoes-de-unidades-produzidas-em-betim/94026/,imprensa_especializada,"A fábrica de Betim tem capacidade para produzir 650 mil veículos/ano e, além da Strada, produz Argo, Mobi, Pulse, Fastback, Fiorino e Peugeot Partner Rapid.",fabricas_paginas/fiat_strada_25milhoes_autodata_94026,"O Partner do painel, desde 2023, e' o Partner Rapid."
fiat_betim,Brasil,FIAT,FASTBACK,automoveis,2025-09,2025-09,producao_local,na_data_da_pagina,2025-09,https://www.autodata.com.br/noticias/2025/09/15/fiat-strada-soma-25-milhoes-de-unidades-produzidas-em-betim/94026/,imprensa_especializada,"A fábrica de Betim tem capacidade para produzir 650 mil veículos/ano e, além da Strada, produz Argo, Mobi, Pulse, Fastback, Fiorino e Peugeot Partner Rapid.",fabricas_paginas/fiat_strada_25milhoes_autodata_94026,"O Partner do painel, desde 2023, e' o Partner Rapid."
fiat_betim,Brasil,FIAT,FIORINO,comerciais_leves,2025-09,2025-09,producao_local,na_data_da_pagina,2025-09,https://www.autodata.com.br/noticias/2025/09/15/fiat-strada-soma-25-milhoes-de-unidades-produzidas-em-betim/94026/,imprensa_especializada,"A fábrica de Betim tem capacidade para produzir 650 mil veículos/ano e, além da Strada, produz Argo, Mobi, Pulse, Fastback, Fiorino e Peugeot Partner Rapid.",fabricas_paginas/fiat_strada_25milhoes_autodata_94026,"O Partner do painel, desde 2023, e' o Partner Rapid."
fiat_betim,Brasil,PEUGEOT,PARTNER,comerciais_leves,2025-09,2025-09,producao_local,na_data_da_pagina,2025-09,https://www.autodata.com.br/noticias/2025/09/15/fiat-strada-soma-25-milhoes-de-unidades-produzidas-em-betim/94026/,imprensa_especializada,"A fábrica de Betim tem capacidade para produzir 650 mil veículos/ano e, além da Strada, produz Argo, Mobi, Pulse, Fastback, Fiorino e Peugeot Partner Rapid.",fabricas_paginas/fiat_strada_25milhoes_autodata_94026,"O Partner do painel, desde 2023, e' o Partner Rapid."
fiat_betim,Brasil,FIAT,STRADA,comerciais_leves,2025-09,2025-09,producao_local,na_data_da_pagina,2025-09,https://www.autodata.com.br/noticias/2025/09/15/fiat-strada-soma-25-milhoes-de-unidades-produzidas-em-betim/94026/,imprensa_especializada,"A fábrica de Betim tem capacidade para produzir 650 mil veículos/ano e, além da Strada, produz Argo, Mobi, Pulse, Fastback, Fiorino e Peugeot Partner Rapid.",fabricas_paginas/fiat_strada_25milhoes_autodata_94026,"O Partner do painel, desde 2023, e' o Partner Rapid."
fiat_betim,Brasil,FIAT,UNO,automoveis,1984-08,2021-12,producao_local,inicio_ate_a_pagina,2021-12,https://motorshow.com.br/fiat-uno-da-adeus-com-serie-limitada-ciao-foram-37-anos-no-mercado,imprensa_especializada,"Fabricado de forma ininterrupta desde agosto de 1984 no Polo Automotivo de Betim (MG), o Fiat Uno acumula 4.379.356 milhões de unidades produzidas.",fabricas_paginas/fiat_uno_ciao_motorshow,"A chave comerciais leves e' o Uno furgao, da mesma linha."
fiat_betim,Brasil,FIAT,UNO,comerciais_leves,1984-08,2021-12,producao_local,inicio_ate_a_pagina,2021-12,https://motorshow.com.br/fiat-uno-da-adeus-com-serie-limitada-ciao-foram-37-anos-no-mercado,imprensa_especializada,"Fabricado de forma ininterrupta desde agosto de 1984 no Polo Automotivo de Betim (MG), o Fiat Uno acumula 4.379.356 milhões de unidades produzidas.",fabricas_paginas/fiat_uno_ciao_motorshow,"A chave comerciais leves e' o Uno furgao, da mesma linha."
fiat_betim,Brasil,FIAT,PALIO,automoveis,2017-11,2017-11,producao_local,na_data_da_pagina,2017-11,https://autopapo.com.br/noticia/fiat-palio-saiu-de-linha/,imprensa_especializada,"De acordo com a assessoria de imprensa da Fiat, o Palio “continua em produção em Betim e, portanto, segue no mercado normalmente”.",fabricas_paginas/fiat_palio_fim_autopapo,
fiat_betim,Brasil,FIAT,WEEKEND,automoveis,1997-01,2020-01,producao_local,duracao_ate_a_pagina,2020-01,https://www.autodata.com.br/noticias/2020/01/27/fiat-produz-em-betim-a-ultima-weekend/30411/,imprensa_especializada,"As linhas da fábrica da Fiat em Betim, MG, montaram na segunda-feira, 27, a última Weekend. Foram 23 anos de produção",fabricas_paginas/fiat_weekend_ultima_autodata_30411,23 anos contados para tras da ultima unidade (janeiro de 2020).
fiat_betim,Brasil,FIAT,PALIO WEEKEND,automoveis,1997-01,2020-01,producao_local,duracao_ate_a_pagina,2020-01,https://www.autodata.com.br/noticias/2020/01/27/fiat-produz-em-betim-a-ultima-weekend/30411/,imprensa_especializada,"As linhas da fábrica da Fiat em Betim, MG, montaram na segunda-feira, 27, a última Weekend. Foram 23 anos de produção",fabricas_paginas/fiat_weekend_ultima_autodata_30411,23 anos contados para tras da ultima unidade (janeiro de 2020).
fiat_betim,Brasil,FIAT,SIENA,automoveis,1999-01,2025-03,producao_local,inicio_ate_a_pagina,2025-03,https://autopapo.com.br/noticia/carro-usado-fiat-siena-2010/,imprensa_especializada,O carro passou a ser feito em Betim (MG) em 1999.,fabricas_paginas/fiat_siena_2010_autopapo,
fiat_betim,Brasil,FIAT,MOBI,automoveis,2016-04,2026-04,producao_local,inicio_ate_a_pagina,2026-04,https://autopapo.com.br/curta/fiat-mobi-completa-dez-anos-com-700-mil-unidades-produzidas-em-minas-gerais/,imprensa_especializada,"Fabricado no Polo Automotivo de Betim (MG), o hatch subcompacto atingiu a marca de 700 mil unidades produzidas desde o seu lançamento, em abril de 2016.",fabricas_paginas/fiat_mobi_10anos_autopapo,
fiat_betim,Brasil,FIAT,ARGO,automoveis,2017-01,2023-11,producao_local,inicio_ate_a_pagina,2023-11,https://revistacarro.com.br/fiat-argo-chega-a-marca-de-500-mil-unidades-produzidas-no-brasil/,imprensa_especializada,"Lançado no Brasil em 2017, o Fiat Argo chega à marca de 500 mil unidades produzidas na fábrica da Stellantis em Betim, em Minas Gerais.",fabricas_paginas/fiat_argo_500mil_revistacarro,
stellantis_goiana,Brasil,JEEP,RENEGADE,automoveis,2015-04,2025-05,producao_local,inicio_ate_a_pagina,2025-05,https://www.autodata.com.br/noticias/2025/05/12/jeep-completa-10-anos-de-producao-no-brasil-com-promessa-de-novas-tecnologias/87978/,imprensa_especializada,"a operação nasceu, em abril de 2015, com o nome de Polo Automotivo Jeep, e o primeiro modelo produzido foi o Renegade.",fabricas_paginas/jeep_goiana_10anos_autodata_87978,
stellantis_goiana,Brasil,JEEP,COMMANDER,automoveis,2021-01,2025-05,producao_local,inicio_ate_a_pagina,2025-05,https://www.autodata.com.br/noticias/2025/05/12/jeep-completa-10-anos-de-producao-no-brasil-com-promessa-de-novas-tecnologias/87978/,imprensa_especializada,"completaram, no fim de abril, dez anos de operação com a produção de quase 1,3 milhão de unidades dos SUVs Renegade [660 mil], Compass [545 mil] e Commander [75 mil] [...] até o sofisticado Commander de grande porte em 2021",fabricas_paginas/jeep_goiana_10anos_autodata_87978,
stellantis_goiana,Brasil,JEEP,RENEGADE,automoveis,2023-04,2023-04,producao_local,na_data_da_pagina,2023-04,https://www.autoindustria.com.br/2023/04/04/perto-de-15-milhao-de-veiculos-goiana-prepara-oitavo-aniversario-com-picape-ram/,imprensa_especializada,"São três SUVs da Jeep — o pioneiro Renegade, o médio Compass e o topo de linha Commander — e a picape Fiat Toro em diversas versões.",fabricas_paginas/stellantis_goiana_15milhao_autoindustria,
stellantis_goiana,Brasil,JEEP,COMPASS,automoveis,2023-04,2023-04,producao_local,na_data_da_pagina,2023-04,https://www.autoindustria.com.br/2023/04/04/perto-de-15-milhao-de-veiculos-goiana-prepara-oitavo-aniversario-com-picape-ram/,imprensa_especializada,"São três SUVs da Jeep — o pioneiro Renegade, o médio Compass e o topo de linha Commander — e a picape Fiat Toro em diversas versões.",fabricas_paginas/stellantis_goiana_15milhao_autoindustria,
stellantis_goiana,Brasil,JEEP,COMMANDER,automoveis,2023-04,2023-04,producao_local,na_data_da_pagina,2023-04,https://www.autoindustria.com.br/2023/04/04/perto-de-15-milhao-de-veiculos-goiana-prepara-oitavo-aniversario-com-picape-ram/,imprensa_especializada,"São três SUVs da Jeep — o pioneiro Renegade, o médio Compass e o topo de linha Commander — e a picape Fiat Toro em diversas versões.",fabricas_paginas/stellantis_goiana_15milhao_autoindustria,
stellantis_goiana,Brasil,FIAT,TORO,comerciais_leves,2023-04,2023-04,producao_local,na_data_da_pagina,2023-04,https://www.autoindustria.com.br/2023/04/04/perto-de-15-milhao-de-veiculos-goiana-prepara-oitavo-aniversario-com-picape-ram/,imprensa_especializada,"São três SUVs da Jeep — o pioneiro Renegade, o médio Compass e o topo de linha Commander — e a picape Fiat Toro em diversas versões.",fabricas_paginas/stellantis_goiana_15milhao_autoindustria,
stellantis_goiana,Brasil,FIAT,TORO,comerciais_leves,2016-01,2023-04,producao_local,inicio_ate_a_pagina,2023-04,https://www.autoindustria.com.br/2023/04/04/perto-de-15-milhao-de-veiculos-goiana-prepara-oitavo-aniversario-com-picape-ram/,imprensa_especializada,"Já no ano seguinte, 2016, Toro e o Compass chegaram às lojas. [...] Única representante da linha Fiat fabricada em Goiana, a Toro também lidera seu segmento",fabricas_paginas/stellantis_goiana_15milhao_autoindustria,
stellantis_goiana,Brasil,JEEP,RENEGADE,automoveis,2015-03,2026-01,producao_local,inicio_ate_a_pagina,2026-01,https://www.autodata.com.br/noticias/2026/01/16/jeep-renegade-soma-700-mil-unidades-produzidas-em-goiana/98722/,imprensa_especializada,"O Jeep Renegade chegou à marca de 700 mil unidades produzidas na fábrica de Goiana, PE. O SUV foi o primeiro modelo a ser fabricado ali, com a sua primeira geração saindo da linha de produção em março de 2015",fabricas_paginas/jeep_renegade_700mil_autodata_98722,
stellantis_porto_real,Brasil,CITROEN,XSARA PICASSO,automoveis,2001-02,2026-02,producao_local,inicio_ate_a_pagina,2026-02,https://www.autodata.com.br/noticias/2026/02/02/fabrica-de-stellantis-em-porto-real-comemora-25-anos/99406/,imprensa_especializada,Inaugurada em fevereiro de 2001 com a produção do Citroën Xsara Picasso,fabricas_paginas/stellantis_porto_real_25anos_autodata_99406,
stellantis_porto_real,Brasil,PEUGEOT,206,automoveis,2001-02,2026-02,producao_local,inicio_ate_a_pagina,2026-02,https://revistacarro.com.br/polo-automotivo-stellantis-de-porto-real-completa-25-anos-e-inicia-novo-ciclo-com-avenger/,imprensa_especializada,"Inaugurada em fevereiro de 2001, a unidade foi a primeira fábrica de automóveis instalada no estado do Rio de Janeiro [...] Ao longo do período, 16 modelos passaram pelas linhas de montagem, com início nos projetos Peugeot 206 e Citroën Xsara Picasso.",fabricas_paginas/stellantis_porto_real_25anos_revistacarro,
stellantis_porto_real,Brasil,CITROEN,XSARA PICASSO,automoveis,2001-02,2026-02,producao_local,inicio_ate_a_pagina,2026-02,https://revistacarro.com.br/polo-automotivo-stellantis-de-porto-real-completa-25-anos-e-inicia-novo-ciclo-com-avenger/,imprensa_especializada,"Inaugurada em fevereiro de 2001, a unidade foi a primeira fábrica de automóveis instalada no estado do Rio de Janeiro [...] Ao longo do período, 16 modelos passaram pelas linhas de montagem, com início nos projetos Peugeot 206 e Citroën Xsara Picasso.",fabricas_paginas/stellantis_porto_real_25anos_revistacarro,
stellantis_porto_real,Brasil,CITROEN,C3,automoveis,2026-02,2026-02,producao_local,na_data_da_pagina,2026-02,https://revistacarro.com.br/polo-automotivo-stellantis-de-porto-real-completa-25-anos-e-inicia-novo-ciclo-com-avenger/,imprensa_especializada,"Atualmente, a unidade produz os modelos Citroën C3, Aircross e Basalt",fabricas_paginas/stellantis_porto_real_25anos_revistacarro,
stellantis_porto_real,Brasil,CITROEN,AIRCROSS,automoveis,2026-02,2026-02,producao_local,na_data_da_pagina,2026-02,https://revistacarro.com.br/polo-automotivo-stellantis-de-porto-real-completa-25-anos-e-inicia-novo-ciclo-com-avenger/,imprensa_especializada,"Atualmente, a unidade produz os modelos Citroën C3, Aircross e Basalt",fabricas_paginas/stellantis_porto_real_25anos_revistacarro,
stellantis_porto_real,Brasil,CITROEN,BASALT,automoveis,2026-02,2026-02,producao_local,na_data_da_pagina,2026-02,https://revistacarro.com.br/polo-automotivo-stellantis-de-porto-real-completa-25-anos-e-inicia-novo-ciclo-com-avenger/,imprensa_especializada,"Atualmente, a unidade produz os modelos Citroën C3, Aircross e Basalt",fabricas_paginas/stellantis_porto_real_25anos_revistacarro,
gm_gravatai,Brasil,GM,CELTA,automoveis,2000-07,2026-07,producao_local,inicio_ate_a_pagina,2026-07,https://www.autoindustria.com.br/2026/07/23/gm-alcanca-5-milhoes-de-veiculos-produzidos-em-gravatai/,imprensa_especializada,"unidade inaugurada em julho de 2000 para fabricar o Chevrolet Celta [...] Ao longo de sua trajetória, a unidade produziu modelos de grande volume da Chevrolet, caso de Celta, Prisma e da família Onix",fabricas_paginas/gm_gravatai_5milhoes_autoindustria,
gm_gravatai,Brasil,GM,PRISMA,automoveis,2006-01,2026-07,producao_local,inicio_ate_a_pagina,2026-07,https://www.autoindustria.com.br/2026/07/23/gm-alcanca-5-milhoes-de-veiculos-produzidos-em-gravatai/,imprensa_especializada,"Ao longo de sua trajetória, a unidade produziu modelos de grande volume da Chevrolet, caso de Celta, Prisma e da família Onix [...] 2000 — Inauguração com o Celta (R$ 1,1 bilhão) 2006 — Ampliação para o Prisma (R$ 240 milhões) 2010-2012 — Expansão para o Onix (R$ 1,4 bilhão) 2019 — Modernização para novos Onix e Onix Plus (R$ 1,9 bilhão)",fabricas_paginas/gm_gravatai_5milhoes_autoindustria,
gm_gravatai,Brasil,GM,ONIX,automoveis,2012-01,2026-07,producao_local,inicio_ate_a_pagina,2026-07,https://www.autoindustria.com.br/2026/07/23/gm-alcanca-5-milhoes-de-veiculos-produzidos-em-gravatai/,imprensa_especializada,"Ao longo de sua trajetória, a unidade produziu modelos de grande volume da Chevrolet, caso de Celta, Prisma e da família Onix [...] 2000 — Inauguração com o Celta (R$ 1,1 bilhão) 2006 — Ampliação para o Prisma (R$ 240 milhões) 2010-2012 — Expansão para o Onix (R$ 1,4 bilhão) 2019 — Modernização para novos Onix e Onix Plus (R$ 1,9 bilhão)",fabricas_paginas/gm_gravatai_5milhoes_autoindustria,
gm_gravatai,Brasil,GM,ONIX PLUS,automoveis,2019-01,2026-07,producao_local,inicio_ate_a_pagina,2026-07,https://www.autoindustria.com.br/2026/07/23/gm-alcanca-5-milhoes-de-veiculos-produzidos-em-gravatai/,imprensa_especializada,"Ao longo de sua trajetória, a unidade produziu modelos de grande volume da Chevrolet, caso de Celta, Prisma e da família Onix [...] 2000 — Inauguração com o Celta (R$ 1,1 bilhão) 2006 — Ampliação para o Prisma (R$ 240 milhões) 2010-2012 — Expansão para o Onix (R$ 1,4 bilhão) 2019 — Modernização para novos Onix e Onix Plus (R$ 1,9 bilhão)",fabricas_paginas/gm_gravatai_5milhoes_autoindustria,
gm_gravatai,Brasil,GM,SONIC,automoveis,2026-07,2026-07,producao_local,na_data_da_pagina,2026-07,https://www.autoindustria.com.br/2026/07/23/gm-alcanca-5-milhoes-de-veiculos-produzidos-em-gravatai/,imprensa_especializada,"Recentemente, a fábrica iniciou a produção do novo Chevrolet Sonic",fabricas_paginas/gm_gravatai_5milhoes_autoindustria,
gm_gravatai,Brasil,GM,ONIX,automoveis,2020-07,2020-07,producao_local,na_data_da_pagina,2020-07,https://www.autodata.com.br/curtas-algo-mais/2020/07/20/gm-gravatai-completa-20-anos/31644/,imprensa_especializada,"produz o modelo campeão de vendas do mercado brasileiro, o Onix, além de sua versão sedã Onix Plus",fabricas_paginas/gm_gravatai_20anos_autodata_31644,
gm_gravatai,Brasil,GM,ONIX PLUS,automoveis,2020-07,2020-07,producao_local,na_data_da_pagina,2020-07,https://www.autodata.com.br/curtas-algo-mais/2020/07/20/gm-gravatai-completa-20-anos/31644/,imprensa_especializada,"produz o modelo campeão de vendas do mercado brasileiro, o Onix, além de sua versão sedã Onix Plus",fabricas_paginas/gm_gravatai_20anos_autodata_31644,
gm_sjc,Brasil,GM,S10,comerciais_leves,1995-01,2020-07,producao_local,inicio_ate_a_pagina,2020-07,https://www.autodata.com.br/curtas-algo-mais/2020/07/06/chevrolet-s10-completa-25-anos-e-1-milhao-de-unidades/31542/,imprensa_especializada,"a picape Chevrolet S10, produzida desde 1995 em São José dos Campos, SP",fabricas_paginas/gm_s10_25anos_autodata_31542,
gm_sjc,Brasil,GM,S10,comerciais_leves,2024-03,2024-03,producao_local,na_data_da_pagina,2024-03,https://media.gm.com/media/br/pt/chevrolet/home.detail.html/content/Pages/news/br/pt/2024/mar/0312-sanjose.html,oficial,São seis fábricas que concentram a produção da picape S10 e do SUV Trailblazer,fabricas_paginas/gm_sjc_65anos_media_gm,
gm_sjc,Brasil,GM,TRAILBLAZER,automoveis,2024-03,2024-03,producao_local,na_data_da_pagina,2024-03,https://media.gm.com/media/br/pt/chevrolet/home.detail.html/content/Pages/news/br/pt/2024/mar/0312-sanjose.html,oficial,São seis fábricas que concentram a produção da picape S10 e do SUV Trailblazer,fabricas_paginas/gm_sjc_65anos_media_gm,
gm_scs,Brasil,GM,TRACKER,automoveis,2020-08,2020-08,producao_local,na_data_da_pagina,2020-08,https://www.autodata.com.br/curtas-algo-mais/2020/08/11/fabrica-da-gm-em-sao-caetano-do-sul-completa-90-anos/31820/,imprensa_especializada,"As linhas que produziram modelos icônicos, como Chevrolet Opala e Monza, eram bem diferentes das que, atualmente, entregam Tracker, Joy, Joy Plus, Spin e Montana.",fabricas_paginas/gm_scs_90anos_autodata_31820,"Joy e' o Onix da primeira geracao e Joy Plus o Prisma, vendidos com esses nomes."
gm_scs,Brasil,GM,SPIN,automoveis,2020-08,2020-08,producao_local,na_data_da_pagina,2020-08,https://www.autodata.com.br/curtas-algo-mais/2020/08/11/fabrica-da-gm-em-sao-caetano-do-sul-completa-90-anos/31820/,imprensa_especializada,"As linhas que produziram modelos icônicos, como Chevrolet Opala e Monza, eram bem diferentes das que, atualmente, entregam Tracker, Joy, Joy Plus, Spin e Montana.",fabricas_paginas/gm_scs_90anos_autodata_31820,"Joy e' o Onix da primeira geracao e Joy Plus o Prisma, vendidos com esses nomes."
gm_scs,Brasil,GM,MONTANA,comerciais_leves,2020-08,2020-08,producao_local,na_data_da_pagina,2020-08,https://www.autodata.com.br/curtas-algo-mais/2020/08/11/fabrica-da-gm-em-sao-caetano-do-sul-completa-90-anos/31820/,imprensa_especializada,"As linhas que produziram modelos icônicos, como Chevrolet Opala e Monza, eram bem diferentes das que, atualmente, entregam Tracker, Joy, Joy Plus, Spin e Montana.",fabricas_paginas/gm_scs_90anos_autodata_31820,"Joy e' o Onix da primeira geracao e Joy Plus o Prisma, vendidos com esses nomes."
gm_scs,Brasil,GM,ONIX,automoveis,2020-08,2020-08,producao_local,na_data_da_pagina,2020-08,https://www.autodata.com.br/curtas-algo-mais/2020/08/11/fabrica-da-gm-em-sao-caetano-do-sul-completa-90-anos/31820/,imprensa_especializada,"As linhas que produziram modelos icônicos, como Chevrolet Opala e Monza, eram bem diferentes das que, atualmente, entregam Tracker, Joy, Joy Plus, Spin e Montana.",fabricas_paginas/gm_scs_90anos_autodata_31820,"Joy e' o Onix da primeira geracao e Joy Plus o Prisma, vendidos com esses nomes."
gm_scs,Brasil,GM,PRISMA,automoveis,2020-08,2020-08,producao_local,na_data_da_pagina,2020-08,https://www.autodata.com.br/curtas-algo-mais/2020/08/11/fabrica-da-gm-em-sao-caetano-do-sul-completa-90-anos/31820/,imprensa_especializada,"As linhas que produziram modelos icônicos, como Chevrolet Opala e Monza, eram bem diferentes das que, atualmente, entregam Tracker, Joy, Joy Plus, Spin e Montana.",fabricas_paginas/gm_scs_90anos_autodata_31820,"Joy e' o Onix da primeira geracao e Joy Plus o Prisma, vendidos com esses nomes."
gm_scs,Brasil,GM,MONTANA,comerciais_leves,2023-01,2023-01,producao_local,na_data_da_pagina,2023-01,https://www.autodata.com.br/noticias/2023/01/16/gm-sao-caetano-atualizada-comeca-a-produzir-montana/50290/,imprensa_especializada,"GM São Caetano, atualizada, começa a produzir Montana [...] a Nova Montana demandou mais de um ano de obras na unidade São Caetano, em paralelo com a produção de Tracker e de Spin.",fabricas_paginas/gm_scs_montana_autodata_50290,
gm_scs,Brasil,GM,TRACKER,automoveis,2023-01,2023-01,producao_local,na_data_da_pagina,2023-01,https://www.autodata.com.br/noticias/2023/01/16/gm-sao-caetano-atualizada-comeca-a-produzir-montana/50290/,imprensa_especializada,"GM São Caetano, atualizada, começa a produzir Montana [...] a Nova Montana demandou mais de um ano de obras na unidade São Caetano, em paralelo com a produção de Tracker e de Spin.",fabricas_paginas/gm_scs_montana_autodata_50290,
gm_scs,Brasil,GM,SPIN,automoveis,2023-01,2023-01,producao_local,na_data_da_pagina,2023-01,https://www.autodata.com.br/noticias/2023/01/16/gm-sao-caetano-atualizada-comeca-a-produzir-montana/50290/,imprensa_especializada,"GM São Caetano, atualizada, começa a produzir Montana [...] a Nova Montana demandou mais de um ano de obras na unidade São Caetano, em paralelo com a produção de Tracker e de Spin.",fabricas_paginas/gm_scs_montana_autodata_50290,
gm_scs,Brasil,GM,MONTANA,comerciais_leves,2021-04,2021-04,producao_local,na_data_da_pagina,2021-05,https://revistacarro.com.br/apos-anuncio-de-nova-picape-chevrolet-montana-deixa-de-ser-produzida/,imprensa_especializada,o Sindicato dos Metalúrgicos de São Caetano do Sul confirmou que a Montana não é mais produzida pela General Motors desde o fim de abril.,fabricas_paginas/gm_montana_fim_revistacarro,A pagina de maio de 2021 da' o fim da producao em Sao Caetano: cobre o ultimo mes.
,Argentina,GM,CLASSIC,automoveis,2016-08,2016-08,abastece_o_brasil,na_data_da_pagina,2016-09,https://revistacarro.com.br/sem-o-chevrolet-classic-gm-da-adeus-ao-seculo-20/,imprensa_especializada,"a GM confirmou o fim da importação do Classic, mas sua fabricação, atualmente em Rosário, na Argentina, ainda não terminou.",fabricas_paginas/gm_classic_fim_revistacarro,Importado da Argentina ate' o mes anterior ao da pagina.
toyota_indaiatuba,Brasil,TOYOTA,COROLLA,automoveis,1998-01,2026-06,producao_local,declarado,2026-06,https://www.autoindustria.com.br/2026/06/30/nesta-terca-feira-o-adeus-definitivo-da-toyota-a-indaiatuba/amp/,imprensa_especializada,"Inaugurada em 1998, a fábrica do interior paulista produziu mais de 1 milhão de Corolla Anunciado em 2024, o processo de transferência da produção do Corolla para Sorocaba, SP, está sendo concluído oficialmente nesta terça-feira, 30 de junho, com o encerramento das operações da fábrica de Indaiatuba",fabricas_paginas/toyota_indaiatuba_adeus_autoindustria,
toyota_indaiatuba,Brasil,TOYOTA,COROLLA,automoveis,1998-01,2025-06,producao_local,inicio_ate_a_pagina,2025-06,https://motorshow.com.br/quais-os-maiores-sucessos-da-toyota-no-brasil-apos-3-milhoes-de-carros-produzidos,imprensa_especializada,"A fábrica de Indaiatuba, erguida no final dos anos 1990, dá luz ao Corolla Sedan desde então [...] Início de produção do Corolla em Indaiatuba, em 1998",fabricas_paginas/toyota_3milhoes_motorshow,
toyota_indaiatuba,Brasil,TOYOTA,FIELDER,automoveis,2000-01,2009-12,producao_local,declarado,2025-06,https://motorshow.com.br/quais-os-maiores-sucessos-da-toyota-no-brasil-apos-3-milhoes-de-carros-produzidos,imprensa_especializada,além de ter produzido sua perua Fielder por alguns anos na década de 2000.,fabricas_paginas/toyota_3milhoes_motorshow,A pagina so' da' a decada.
toyota_sorocaba,Brasil,TOYOTA,ETIOS HB,automoveis,2012-01,2025-06,producao_local,inicio_ate_a_pagina,2025-06,https://motorshow.com.br/quais-os-maiores-sucessos-da-toyota-no-brasil-apos-3-milhoes-de-carros-produzidos,imprensa_especializada,"Lá, foram feitos Etios Hatch, Etios Sedan, Yaris Sedan, Yaris Hatch e Corolla Cross. [...] O Etios nasceu em 2012 com carroceria hatch ou sedan [...] Sempre foi feito em Sorocaba (SP), assim como Etios e Yaris",fabricas_paginas/toyota_3milhoes_motorshow,
toyota_sorocaba,Brasil,TOYOTA,ETIOS SEDAN,automoveis,2012-01,2025-06,producao_local,inicio_ate_a_pagina,2025-06,https://motorshow.com.br/quais-os-maiores-sucessos-da-toyota-no-brasil-apos-3-milhoes-de-carros-produzidos,imprensa_especializada,"Lá, foram feitos Etios Hatch, Etios Sedan, Yaris Sedan, Yaris Hatch e Corolla Cross. [...] O Etios nasceu em 2012 com carroceria hatch ou sedan [...] Sempre foi feito em Sorocaba (SP), assim como Etios e Yaris",fabricas_paginas/toyota_3milhoes_motorshow,
toyota_sorocaba,Brasil,TOYOTA,YARIS HB,automoveis,2018-06,2025-06,producao_local,inicio_ate_a_pagina,2025-06,https://motorshow.com.br/quais-os-maiores-sucessos-da-toyota-no-brasil-apos-3-milhoes-de-carros-produzidos,imprensa_especializada,"Lá, foram feitos Etios Hatch, Etios Sedan, Yaris Sedan, Yaris Hatch e Corolla Cross. [...] O Yaris chegou na metade de 2018 [...] Sempre foi feito em Sorocaba (SP), assim como Etios e Yaris",fabricas_paginas/toyota_3milhoes_motorshow,
toyota_sorocaba,Brasil,TOYOTA,YARIS SEDAN,automoveis,2018-06,2025-06,producao_local,inicio_ate_a_pagina,2025-06,https://motorshow.com.br/quais-os-maiores-sucessos-da-toyota-no-brasil-apos-3-milhoes-de-carros-produzidos,imprensa_especializada,"Lá, foram feitos Etios Hatch, Etios Sedan, Yaris Sedan, Yaris Hatch e Corolla Cross. [...] O Yaris chegou na metade de 2018 [...] Sempre foi feito em Sorocaba (SP), assim como Etios e Yaris",fabricas_paginas/toyota_3milhoes_motorshow,
toyota_sorocaba,Brasil,TOYOTA,COROLLA CROSS,automoveis,2021-01,2025-06,producao_local,inicio_ate_a_pagina,2025-06,https://motorshow.com.br/quais-os-maiores-sucessos-da-toyota-no-brasil-apos-3-milhoes-de-carros-produzidos,imprensa_especializada,o Cross nasceu oficialmente no começo de 2021 [...] Sempre foi feito em Sorocaba (SP),fabricas_paginas/toyota_3milhoes_motorshow,
hyundai_piracicaba,Brasil,HYUNDAI,HB20,automoveis,2012-09,2017-09,producao_local,declarado,2017-09,https://www.autodata.com.br/noticias/2017/09/20/hyundai-hb20-completa-cinco-anos-de-producao/25293/,imprensa_especializada,"completaram-se os cinco primeiros anos de produção do HB20 na fábrica da Hyundai instalada em Piracicaba, SP. [...] foram produzidos 26 mil 3 HB20 de setembro a dezembro de 2012",fabricas_paginas/hyundai_hb20_5anos_autodata_25293,
hyundai_piracicaba,Brasil,HYUNDAI,HB20S,automoveis,2013-01,2017-09,producao_local,declarado,2017-09,https://www.autodata.com.br/noticias/2017/09/20/hyundai-hb20-completa-cinco-anos-de-producao/25293/,imprensa_especializada,"completaram-se os cinco primeiros anos de produção do HB20 na fábrica da Hyundai instalada em Piracicaba, SP. [...] No primeiro ano completo de produção, esse volume saltou para 166 mil 269 unidades, já com as três versões disponíveis: o hatch HB20, o sedã HB20S",fabricas_paginas/hyundai_hb20_5anos_autodata_25293,
hyundai_piracicaba,Brasil,HYUNDAI,HB20,automoveis,2018-08,2018-08,producao_local,na_data_da_pagina,2018-08,https://www.autoindustria.com.br/2018/08/14/com-capacidade-no-limite-hyundai-chega-a-1-milhao-de-veiculos-no-brasil/,imprensa_especializada,"dos HB20 hatch e sedã e do utilitário esportivo Creta, os três modelos fabricados no interior paulista.",fabricas_paginas/hyundai_1milhao_autoindustria,
hyundai_piracicaba,Brasil,HYUNDAI,HB20S,automoveis,2018-08,2018-08,producao_local,na_data_da_pagina,2018-08,https://www.autoindustria.com.br/2018/08/14/com-capacidade-no-limite-hyundai-chega-a-1-milhao-de-veiculos-no-brasil/,imprensa_especializada,"dos HB20 hatch e sedã e do utilitário esportivo Creta, os três modelos fabricados no interior paulista.",fabricas_paginas/hyundai_1milhao_autoindustria,
hyundai_piracicaba,Brasil,HYUNDAI,CRETA,automoveis,2018-08,2018-08,producao_local,na_data_da_pagina,2018-08,https://www.autoindustria.com.br/2018/08/14/com-capacidade-no-limite-hyundai-chega-a-1-milhao-de-veiculos-no-brasil/,imprensa_especializada,"dos HB20 hatch e sedã e do utilitário esportivo Creta, os três modelos fabricados no interior paulista.",fabricas_paginas/hyundai_1milhao_autoindustria,
hyundai_piracicaba,Brasil,HYUNDAI,CRETA,automoveis,2017-01,2020-12,producao_local,inicio_ate_a_pagina,2020-12,https://www.autoindustria.com.br/2020/12/01/hyundai-atinge-producao-de-200-mil-creta-no-brasil/,imprensa_especializada,"Lançado em janeiro de 2017, o Hyundai Creta acaba de acumular 200 mil unidades produzidas na fábrica da montadora em Piracicaba",fabricas_paginas/hyundai_creta_200mil_autoindustria,
ford_camacari,Brasil,FORD,ECOSPORT,automoveis,2003-01,2021-01,producao_local,declarado,2021-03,https://autopapo.com.br/noticia/5-fabricas-ford-fechou-brasil/,imprensa_especializada,"Em 2003, a unidade começou a fornecer o EcoSport [...] bruscamente encerrada no dia 11 de janeiro de 2021.",fabricas_paginas/ford_5fabricas_autopapo,
ford_camacari,Brasil,FORD,KA,automoveis,2014-01,2021-01,producao_local,declarado,2021-03,https://autopapo.com.br/noticia/5-fabricas-ford-fechou-brasil/,imprensa_especializada,"Por fim, em 2014, a planta começou a fabricar a última geração do Ka, também nas configurações hatch e sedã. [...] bruscamente encerrada no dia 11 de janeiro de 2021.",fabricas_paginas/ford_5fabricas_autopapo,
ford_camacari,Brasil,FORD,KA SEDAN,automoveis,2014-01,2021-01,producao_local,declarado,2021-03,https://autopapo.com.br/noticia/5-fabricas-ford-fechou-brasil/,imprensa_especializada,"Por fim, em 2014, a planta começou a fabricar a última geração do Ka, também nas configurações hatch e sedã. [...] bruscamente encerrada no dia 11 de janeiro de 2021.",fabricas_paginas/ford_5fabricas_autopapo,
ford_camacari,Brasil,FORD,KA,automoveis,2019-02,2019-02,producao_local,na_data_da_pagina,2019-02,https://www.autodata.com.br/noticias/2019/02/19/ford-fechara-a-fabrica-de-sao-bernardo/28347/,imprensa_especializada,Na Bahia são produzidos os modelos Ford Ka e EcoSport e motores.,fabricas_paginas/ford_sbc_fechamento_autodata_28347,
ford_camacari,Brasil,FORD,ECOSPORT,automoveis,2019-02,2019-02,producao_local,na_data_da_pagina,2019-02,https://www.autodata.com.br/noticias/2019/02/19/ford-fechara-a-fabrica-de-sao-bernardo/28347/,imprensa_especializada,Na Bahia são produzidos os modelos Ford Ka e EcoSport e motores.,fabricas_paginas/ford_sbc_fechamento_autodata_28347,
ford_sbc,Brasil,FORD,FIESTA,automoveis,2019-02,2019-02,producao_local,na_data_da_pagina,2019-02,https://www.autodata.com.br/noticias/2019/02/19/ford-fechara-a-fabrica-de-sao-bernardo/28347/,imprensa_especializada,"anunciou o encerramento da produção de caminhões e do modelo hatch do Fiesta, que mantinha ativa a linha instalada no bairro do Taboão.",fabricas_paginas/ford_sbc_fechamento_autodata_28347,
,Brasil,FORD,FIESTA,automoveis,1996-01,2019-12,producao_local,declarado,2019-11,https://autopapo.com.br/noticia/ford-del-rey-fiesta-sao-bernardo/,imprensa_especializada,"Em seus 24 anos de mercado, o Ford Fiesta marcou época. Ele começou a ser fabricado no Brasil em 1996, já na planta do ABC paulista. Depois de um tempo, passou a ser feito em Camaçari (BA), mas, depois, voltou para São Bernardo.",fabricas_paginas/ford_sbc_icones_autopapo,"Pais sem fabrica: a pagina alterna Sao Bernardo e Camacari sem datas; o fim (2019) e' o da fabrica, na mesma pagina."
,Brasil,FORD,KA,automoveis,1997-01,2017-04,producao_local,inicio_ate_a_pagina,2017-04,https://motorshow.com.br/ford-ka-atinge-marca-de-1-milhao-de-unidades-produzidas-no-brasil,imprensa_especializada,"O Ka começou a ser produzido no Brasil em 1997, um ano após o lançamento do modelo no mercado europeu.",fabricas_paginas/ford_ka_1milhao_motorshow,Pais sem fabrica para a segunda geracao.
ford_sbc,Brasil,FORD,KA,automoveis,1997-01,1997-12,producao_local,na_data_da_pagina,2017-04,https://motorshow.com.br/ford-ka-atinge-marca-de-1-milhao-de-unidades-produzidas-no-brasil,imprensa_especializada,O Ka começou a ser produzido no Brasil em 1997 [...] Montado na fábrica da Ford em São Bernardo do Campo (SP).,fabricas_paginas/ford_ka_1milhao_motorshow,So' o inicio da primeira geracao tem fabrica na pagina.
renault_sjp,Brasil,RENAULT,SCENIC,automoveis,1998-01,2018-11,producao_local,inicio_ate_a_pagina,2018-11,https://www.autoindustria.com.br/2018/11/29/renault-3-milhoes-de-veiculos-produzido-no-brasil/,imprensa_especializada,"A fábrica paranaense da marca nasceu em 1998 a partir de investimento inicial de US$ 1,3 bilhão para iniciar a produção do Scénic",fabricas_paginas/renault_3milhoes_autoindustria,
renault_sjp,Brasil,RENAULT,CLIO,automoveis,2000-01,2007-12,producao_local,declarado,2018-11,https://www.autoindustria.com.br/2018/11/29/renault-3-milhoes-de-veiculos-produzido-no-brasil/,imprensa_especializada,"Logo em seguida, a unidade recebeu o Clio, produzido de 2000 a 2007",fabricas_paginas/renault_3milhoes_autoindustria,O texto nao separa hatch e sedan.
renault_sjp,Brasil,RENAULT,CLIO SEDAN,automoveis,2000-01,2007-12,producao_local,declarado,2018-11,https://www.autoindustria.com.br/2018/11/29/renault-3-milhoes-de-veiculos-produzido-no-brasil/,imprensa_especializada,"Logo em seguida, a unidade recebeu o Clio, produzido de 2000 a 2007",fabricas_paginas/renault_3milhoes_autoindustria,O texto nao separa hatch e sedan.
renault_sjp,Brasil,RENAULT,KWID,automoveis,2018-11,2018-11,producao_local,na_data_da_pagina,2018-11,https://www.autoindustria.com.br/2018/11/29/renault-3-milhoes-de-veiculos-produzido-no-brasil/,imprensa_especializada,"Atualmente, saem das linhas do complexo o Kwid, Sandero, Logan, Duster, Duster Oroch, Captur e o comercial leve Master.",fabricas_paginas/renault_3milhoes_autoindustria,
renault_sjp,Brasil,RENAULT,SANDERO,automoveis,2018-11,2018-11,producao_local,na_data_da_pagina,2018-11,https://www.autoindustria.com.br/2018/11/29/renault-3-milhoes-de-veiculos-produzido-no-brasil/,imprensa_especializada,"Atualmente, saem das linhas do complexo o Kwid, Sandero, Logan, Duster, Duster Oroch, Captur e o comercial leve Master.",fabricas_paginas/renault_3milhoes_autoindustria,
renault_sjp,Brasil,RENAULT,LOGAN,automoveis,2018-11,2018-11,producao_local,na_data_da_pagina,2018-11,https://www.autoindustria.com.br/2018/11/29/renault-3-milhoes-de-veiculos-produzido-no-brasil/,imprensa_especializada,"Atualmente, saem das linhas do complexo o Kwid, Sandero, Logan, Duster, Duster Oroch, Captur e o comercial leve Master.",fabricas_paginas/renault_3milhoes_autoindustria,
renault_sjp,Brasil,RENAULT,DUSTER,automoveis,2018-11,2018-11,producao_local,na_data_da_pagina,2018-11,https://www.autoindustria.com.br/2018/11/29/renault-3-milhoes-de-veiculos-produzido-no-brasil/,imprensa_especializada,"Atualmente, saem das linhas do complexo o Kwid, Sandero, Logan, Duster, Duster Oroch, Captur e o comercial leve Master.",fabricas_paginas/renault_3milhoes_autoindustria,
renault_sjp,Brasil,RENAULT,OROCH,comerciais_leves,2018-11,2018-11,producao_local,na_data_da_pagina,2018-11,https://www.autoindustria.com.br/2018/11/29/renault-3-milhoes-de-veiculos-produzido-no-brasil/,imprensa_especializada,"Atualmente, saem das linhas do complexo o Kwid, Sandero, Logan, Duster, Duster Oroch, Captur e o comercial leve Master.",fabricas_paginas/renault_3milhoes_autoindustria,
renault_sjp,Brasil,RENAULT,CAPTUR,automoveis,2018-11,2018-11,producao_local,na_data_da_pagina,2018-11,https://www.autoindustria.com.br/2018/11/29/renault-3-milhoes-de-veiculos-produzido-no-brasil/,imprensa_especializada,"Atualmente, saem das linhas do complexo o Kwid, Sandero, Logan, Duster, Duster Oroch, Captur e o comercial leve Master.",fabricas_paginas/renault_3milhoes_autoindustria,
renault_sjp,Brasil,RENAULT,MASTER,comerciais_leves,2018-11,2018-11,producao_local,na_data_da_pagina,2018-11,https://www.autoindustria.com.br/2018/11/29/renault-3-milhoes-de-veiculos-produzido-no-brasil/,imprensa_especializada,"Atualmente, saem das linhas do complexo o Kwid, Sandero, Logan, Duster, Duster Oroch, Captur e o comercial leve Master.",fabricas_paginas/renault_3milhoes_autoindustria,
renault_sjp,Brasil,RENAULT,KWID,automoveis,2017-01,2026-07,producao_local,inicio_ate_a_pagina,2026-07,https://www.autoindustria.com.br/2026/07/31/em-9-anos-producao-do-renault-kwid-atinge-800-mil-unidades/,imprensa_especializada,"A Renault anuncia o marco de 800 mil Kwid produzidos no Complexo Ayrton Senna, em São José dos Pinhais (PR). [...] Lançado no mercado brasileiro em 2017",fabricas_paginas/renault_kwid_800mil_autoindustria,
honda_sumare,Brasil,HONDA,CIVIC,automoveis,1997-01,2019-03,producao_local,inicio_ate_a_pagina,2019-03,https://www.autoindustria.com.br/2019/03/27/honda-inaugura-itirapina-apos-tres-anos-de-espera/,imprensa_especializada,"localizada a cerca de 100 quilômetros de Sumaré, onde desde 1997 produz seus carros aqui",fabricas_paginas/honda_itirapina_inaugura_autoindustria,A frase cobre os carros da Honda feitos no Brasil ate' a data da pagina.
honda_sumare,Brasil,HONDA,FIT,automoveis,1997-01,2019-03,producao_local,inicio_ate_a_pagina,2019-03,https://www.autoindustria.com.br/2019/03/27/honda-inaugura-itirapina-apos-tres-anos-de-espera/,imprensa_especializada,"localizada a cerca de 100 quilômetros de Sumaré, onde desde 1997 produz seus carros aqui",fabricas_paginas/honda_itirapina_inaugura_autoindustria,A frase cobre os carros da Honda feitos no Brasil ate' a data da pagina.
honda_sumare,Brasil,HONDA,CITY,automoveis,1997-01,2019-03,producao_local,inicio_ate_a_pagina,2019-03,https://www.autoindustria.com.br/2019/03/27/honda-inaugura-itirapina-apos-tres-anos-de-espera/,imprensa_especializada,"localizada a cerca de 100 quilômetros de Sumaré, onde desde 1997 produz seus carros aqui",fabricas_paginas/honda_itirapina_inaugura_autoindustria,A frase cobre os carros da Honda feitos no Brasil ate' a data da pagina.
honda_sumare,Brasil,HONDA,HR-V,automoveis,1997-01,2019-03,producao_local,inicio_ate_a_pagina,2019-03,https://www.autoindustria.com.br/2019/03/27/honda-inaugura-itirapina-apos-tres-anos-de-espera/,imprensa_especializada,"localizada a cerca de 100 quilômetros de Sumaré, onde desde 1997 produz seus carros aqui",fabricas_paginas/honda_itirapina_inaugura_autoindustria,A frase cobre os carros da Honda feitos no Brasil ate' a data da pagina.
honda_sumare,Brasil,HONDA,WR-V,automoveis,1997-01,2019-03,producao_local,inicio_ate_a_pagina,2019-03,https://www.autoindustria.com.br/2019/03/27/honda-inaugura-itirapina-apos-tres-anos-de-espera/,imprensa_especializada,"localizada a cerca de 100 quilômetros de Sumaré, onde desde 1997 produz seus carros aqui",fabricas_paginas/honda_itirapina_inaugura_autoindustria,A frase cobre os carros da Honda feitos no Brasil ate' a data da pagina.
honda_itirapina,Brasil,HONDA,FIT,automoveis,2019-02,2019-03,producao_local,inicio_ate_a_pagina,2019-03,https://www.autoindustria.com.br/2019/03/27/honda-inaugura-itirapina-apos-tres-anos-de-espera/,imprensa_especializada,No dia 27 de fevereiro foi produzido o primeiro Fit em Itirapina.,fabricas_paginas/honda_itirapina_inaugura_autoindustria,
nissan_resende,Brasil,NISSAN,MARCH,automoveis,2020-08,2020-08,producao_local,na_data_da_pagina,2020-08,https://www.autoindustria.com.br/2020/08/28/nissan-march-deixa-de-ser-produzido-no-pais/,imprensa_especializada,A Nissan confirma o fim da produção do compacto March no complexo industrial da fabricante em Resende,fabricas_paginas/nissan_march_fim_autoindustria,
,Brasil,FIAT,PALIO,automoveis,1996-04,2017-11,producao_local,declarado,2026-09,https://autopapo.com.br/noticia/fiat-palio-foi-um-divisor-de-aguas-no-mercado-brasieliro/,imprensa_especializada,O Fiat Palio permaneceu em produção de abril de 1996 até novembro de 2017.,fabricas_paginas/fiat_palio_divisor_autopapo,Pais sem fabrica nesta frase; a fabrica vem da pagina 'palio-2010'.
fiat_betim,Brasil,FIAT,PALIO,automoveis,1996-04,2017-11,producao_local,declarado,2024-09,https://autopapo.com.br/noticia/palio-2010/,imprensa_especializada,o hatch deu as caras no Brasil em 1996. Produzido em Betim (MG) sobre a plataforma do Uno europeu,fabricas_paginas/fiat_palio_2010_autopapo,Periodo de producao (abril de 1996 a novembro de 2017) dado pela pagina 'divisor de aguas'; esta da' a fabrica.
,Brasil,FIAT,PALIO WEEKEND,automoveis,1997-01,2020-12,producao_local,declarado,2026-09,https://autopapo.com.br/noticia/fiat-palio-foi-um-divisor-de-aguas-no-mercado-brasieliro/,imprensa_especializada,"já no ano seguinte, em 1997, chegou o restante da família: a perua Palio Weekend, o sedã Siena e a picape Strada. [...] Palio Weekend ficou em linha até 2020",fabricas_paginas/fiat_palio_divisor_autopapo,
,Brasil,FIAT,WEEKEND,automoveis,1997-01,2020-12,producao_local,declarado,2026-09,https://autopapo.com.br/noticia/fiat-palio-foi-um-divisor-de-aguas-no-mercado-brasieliro/,imprensa_especializada,"já no ano seguinte, em 1997, chegou o restante da família: a perua Palio Weekend, o sedã Siena e a picape Strada. [...] Palio Weekend ficou em linha até 2020",fabricas_paginas/fiat_palio_divisor_autopapo,
fiat_betim,Brasil,FIAT,STRADA,comerciais_leves,2023-07,2023-07,producao_local,na_data_da_pagina,2023-07,https://www.autoindustria.com.br/2023/07/12/fabrica-de-betim-acumula-producao-de-17-milhoes-de-veiculos/,imprensa_especializada,"Lá são produzidos os modelos Fiat Strada, Argo, Mobi, Pulse e Fastback, além dos comerciais leves Fiat Fiorino e Peugeot Partner Rapid.",fabricas_paginas/fiat_betim_17milhoes_autoindustria,
fiat_betim,Brasil,FIAT,ARGO,automoveis,2023-07,2023-07,producao_local,na_data_da_pagina,2023-07,https://www.autoindustria.com.br/2023/07/12/fabrica-de-betim-acumula-producao-de-17-milhoes-de-veiculos/,imprensa_especializada,"Lá são produzidos os modelos Fiat Strada, Argo, Mobi, Pulse e Fastback, além dos comerciais leves Fiat Fiorino e Peugeot Partner Rapid.",fabricas_paginas/fiat_betim_17milhoes_autoindustria,
fiat_betim,Brasil,FIAT,MOBI,automoveis,2023-07,2023-07,producao_local,na_data_da_pagina,2023-07,https://www.autoindustria.com.br/2023/07/12/fabrica-de-betim-acumula-producao-de-17-milhoes-de-veiculos/,imprensa_especializada,"Lá são produzidos os modelos Fiat Strada, Argo, Mobi, Pulse e Fastback, além dos comerciais leves Fiat Fiorino e Peugeot Partner Rapid.",fabricas_paginas/fiat_betim_17milhoes_autoindustria,
fiat_betim,Brasil,FIAT,PULSE,automoveis,2023-07,2023-07,producao_local,na_data_da_pagina,2023-07,https://www.autoindustria.com.br/2023/07/12/fabrica-de-betim-acumula-producao-de-17-milhoes-de-veiculos/,imprensa_especializada,"Lá são produzidos os modelos Fiat Strada, Argo, Mobi, Pulse e Fastback, além dos comerciais leves Fiat Fiorino e Peugeot Partner Rapid.",fabricas_paginas/fiat_betim_17milhoes_autoindustria,
fiat_betim,Brasil,FIAT,FASTBACK,automoveis,2023-07,2023-07,producao_local,na_data_da_pagina,2023-07,https://www.autoindustria.com.br/2023/07/12/fabrica-de-betim-acumula-producao-de-17-milhoes-de-veiculos/,imprensa_especializada,"Lá são produzidos os modelos Fiat Strada, Argo, Mobi, Pulse e Fastback, além dos comerciais leves Fiat Fiorino e Peugeot Partner Rapid.",fabricas_paginas/fiat_betim_17milhoes_autoindustria,
fiat_betim,Brasil,FIAT,FIORINO,comerciais_leves,2023-07,2023-07,producao_local,na_data_da_pagina,2023-07,https://www.autoindustria.com.br/2023/07/12/fabrica-de-betim-acumula-producao-de-17-milhoes-de-veiculos/,imprensa_especializada,"Lá são produzidos os modelos Fiat Strada, Argo, Mobi, Pulse e Fastback, além dos comerciais leves Fiat Fiorino e Peugeot Partner Rapid.",fabricas_paginas/fiat_betim_17milhoes_autoindustria,
fiat_betim,Brasil,PEUGEOT,PARTNER,comerciais_leves,2023-07,2023-07,producao_local,na_data_da_pagina,2023-07,https://www.autoindustria.com.br/2023/07/12/fabrica-de-betim-acumula-producao-de-17-milhoes-de-veiculos/,imprensa_especializada,"Lá são produzidos os modelos Fiat Strada, Argo, Mobi, Pulse e Fastback, além dos comerciais leves Fiat Fiorino e Peugeot Partner Rapid.",fabricas_paginas/fiat_betim_17milhoes_autoindustria,
fiat_betim,Brasil,FIAT,PULSE,automoveis,2021-07,2023-07,producao_local,inicio_ate_a_pagina,2023-07,https://revistacarro.com.br/fiat-faz-45-anos-e-inicia-producao-do-pulse-em-betim/,imprensa_especializada,A Fiat deu início à produção de unidades pré-série do SUV Pulse. O modelo começou a deixar a linha de montagem em Betim (MG),fabricas_paginas/fiat_pulse_betim_revistacarro,"Fim na data da pagina de 2023 (Betim, 17 milhoes)."
fiat_betim,Brasil,FIAT,ARGO,automoveis,2021-07,2021-07,producao_local,na_data_da_pagina,2021-07,https://revistacarro.com.br/fiat-faz-45-anos-e-inicia-producao-do-pulse-em-betim/,imprensa_especializada,"Além do Pulse, o Polo Automotivo de Betim é responsável pela produção dos modelos Argo, Mobi, Strada, Uno, Fiorino, Doblò e Grand Siena.",fabricas_paginas/fiat_pulse_betim_revistacarro,Grand Siena e' a chave SIENA.
fiat_betim,Brasil,FIAT,MOBI,automoveis,2021-07,2021-07,producao_local,na_data_da_pagina,2021-07,https://revistacarro.com.br/fiat-faz-45-anos-e-inicia-producao-do-pulse-em-betim/,imprensa_especializada,"Além do Pulse, o Polo Automotivo de Betim é responsável pela produção dos modelos Argo, Mobi, Strada, Uno, Fiorino, Doblò e Grand Siena.",fabricas_paginas/fiat_pulse_betim_revistacarro,Grand Siena e' a chave SIENA.
fiat_betim,Brasil,FIAT,STRADA,comerciais_leves,2021-07,2021-07,producao_local,na_data_da_pagina,2021-07,https://revistacarro.com.br/fiat-faz-45-anos-e-inicia-producao-do-pulse-em-betim/,imprensa_especializada,"Além do Pulse, o Polo Automotivo de Betim é responsável pela produção dos modelos Argo, Mobi, Strada, Uno, Fiorino, Doblò e Grand Siena.",fabricas_paginas/fiat_pulse_betim_revistacarro,Grand Siena e' a chave SIENA.
fiat_betim,Brasil,FIAT,UNO,automoveis,2021-07,2021-07,producao_local,na_data_da_pagina,2021-07,https://revistacarro.com.br/fiat-faz-45-anos-e-inicia-producao-do-pulse-em-betim/,imprensa_especializada,"Além do Pulse, o Polo Automotivo de Betim é responsável pela produção dos modelos Argo, Mobi, Strada, Uno, Fiorino, Doblò e Grand Siena.",fabricas_paginas/fiat_pulse_betim_revistacarro,Grand Siena e' a chave SIENA.
fiat_betim,Brasil,FIAT,UNO,comerciais_leves,2021-07,2021-07,producao_local,na_data_da_pagina,2021-07,https://revistacarro.com.br/fiat-faz-45-anos-e-inicia-producao-do-pulse-em-betim/,imprensa_especializada,"Além do Pulse, o Polo Automotivo de Betim é responsável pela produção dos modelos Argo, Mobi, Strada, Uno, Fiorino, Doblò e Grand Siena.",fabricas_paginas/fiat_pulse_betim_revistacarro,Grand Siena e' a chave SIENA.
fiat_betim,Brasil,FIAT,FIORINO,comerciais_leves,2021-07,2021-07,producao_local,na_data_da_pagina,2021-07,https://revistacarro.com.br/fiat-faz-45-anos-e-inicia-producao-do-pulse-em-betim/,imprensa_especializada,"Além do Pulse, o Polo Automotivo de Betim é responsável pela produção dos modelos Argo, Mobi, Strada, Uno, Fiorino, Doblò e Grand Siena.",fabricas_paginas/fiat_pulse_betim_revistacarro,Grand Siena e' a chave SIENA.
fiat_betim,Brasil,FIAT,DOBLO,automoveis,2021-07,2021-07,producao_local,na_data_da_pagina,2021-07,https://revistacarro.com.br/fiat-faz-45-anos-e-inicia-producao-do-pulse-em-betim/,imprensa_especializada,"Além do Pulse, o Polo Automotivo de Betim é responsável pela produção dos modelos Argo, Mobi, Strada, Uno, Fiorino, Doblò e Grand Siena.",fabricas_paginas/fiat_pulse_betim_revistacarro,Grand Siena e' a chave SIENA.
fiat_betim,Brasil,FIAT,DOBLO,comerciais_leves,2021-07,2021-07,producao_local,na_data_da_pagina,2021-07,https://revistacarro.com.br/fiat-faz-45-anos-e-inicia-producao-do-pulse-em-betim/,imprensa_especializada,"Além do Pulse, o Polo Automotivo de Betim é responsável pela produção dos modelos Argo, Mobi, Strada, Uno, Fiorino, Doblò e Grand Siena.",fabricas_paginas/fiat_pulse_betim_revistacarro,Grand Siena e' a chave SIENA.
fiat_betim,Brasil,FIAT,SIENA,automoveis,2021-07,2021-07,producao_local,na_data_da_pagina,2021-07,https://revistacarro.com.br/fiat-faz-45-anos-e-inicia-producao-do-pulse-em-betim/,imprensa_especializada,"Além do Pulse, o Polo Automotivo de Betim é responsável pela produção dos modelos Argo, Mobi, Strada, Uno, Fiorino, Doblò e Grand Siena.",fabricas_paginas/fiat_pulse_betim_revistacarro,Grand Siena e' a chave SIENA.
renault_sjp,Brasil,RENAULT,LOGAN,automoveis,2007-01,2024-10,producao_local,duracao_ate_a_pagina,2024-10,https://autopapo.com.br/noticia/renault-logan-fim-producao/,imprensa_especializada,A produção do Renault Logan em São José dos Pinhais (PR) foi encerrada após 17 anos. [...] O Renault Logan foi lançado no Brasil em 2007,fabricas_paginas/renault_logan_fim_autopapo,
renault_sjp,Brasil,RENAULT,SANDERO,automoveis,2007-10,2025-01,producao_local,declarado,2025-01,https://www.autoindustria.com.br/2025/01/23/renault-sandero-ou-stepway-finalmente-sai-de-cena/,imprensa_especializada,"nada mais natural do que o encerramento da produção em São José dos Pinhais, PR [...] Projeto original da romena Dacia, o Sandero começou a ser fabricado no Brasil no fim de 2007.",fabricas_paginas/renault_sandero_fim_autoindustria,'fim de 2007' lido como o ultimo trimestre.
renault_sjp,Brasil,RENAULT,KWID,automoveis,2025-01,2025-01,producao_local,na_data_da_pagina,2025-01,https://www.autoindustria.com.br/2025/01/23/renault-sandero-ou-stepway-finalmente-sai-de-cena/,imprensa_especializada,"a mesma do SUV Kardian lançado no ano passado e, ao lado do Kwid, já o produto de grande volume da fábrica de São José dos Pinhais.",fabricas_paginas/renault_sandero_fim_autoindustria,
renault_sjp,Brasil,RENAULT,KARDIAN,automoveis,2025-01,2025-01,producao_local,na_data_da_pagina,2025-01,https://www.autoindustria.com.br/2025/01/23/renault-sandero-ou-stepway-finalmente-sai-de-cena/,imprensa_especializada,"a mesma do SUV Kardian lançado no ano passado e, ao lado do Kwid, já o produto de grande volume da fábrica de São José dos Pinhais.",fabricas_paginas/renault_sandero_fim_autoindustria,
renault_sjp,Brasil,RENAULT,CAPTUR,automoveis,2022-04,2022-04,producao_local,na_data_da_pagina,2022-04,https://www.autodata.com.br/noticias/2022/04/12/plataforma-cmf-b-marca-nova-fase-da-renault-no-brasil/37718/,imprensa_especializada,"a fábrica de carros de passeio em São José dos Pinhais, de onde saem Captur, Duster, Kwid, Logan e Sandero",fabricas_paginas/renault_cmfb_autodata_37718,
renault_sjp,Brasil,RENAULT,DUSTER,automoveis,2022-04,2022-04,producao_local,na_data_da_pagina,2022-04,https://www.autodata.com.br/noticias/2022/04/12/plataforma-cmf-b-marca-nova-fase-da-renault-no-brasil/37718/,imprensa_especializada,"a fábrica de carros de passeio em São José dos Pinhais, de onde saem Captur, Duster, Kwid, Logan e Sandero",fabricas_paginas/renault_cmfb_autodata_37718,
renault_sjp,Brasil,RENAULT,KWID,automoveis,2022-04,2022-04,producao_local,na_data_da_pagina,2022-04,https://www.autodata.com.br/noticias/2022/04/12/plataforma-cmf-b-marca-nova-fase-da-renault-no-brasil/37718/,imprensa_especializada,"a fábrica de carros de passeio em São José dos Pinhais, de onde saem Captur, Duster, Kwid, Logan e Sandero",fabricas_paginas/renault_cmfb_autodata_37718,
renault_sjp,Brasil,RENAULT,LOGAN,automoveis,2022-04,2022-04,producao_local,na_data_da_pagina,2022-04,https://www.autodata.com.br/noticias/2022/04/12/plataforma-cmf-b-marca-nova-fase-da-renault-no-brasil/37718/,imprensa_especializada,"a fábrica de carros de passeio em São José dos Pinhais, de onde saem Captur, Duster, Kwid, Logan e Sandero",fabricas_paginas/renault_cmfb_autodata_37718,
renault_sjp,Brasil,RENAULT,SANDERO,automoveis,2022-04,2022-04,producao_local,na_data_da_pagina,2022-04,https://www.autodata.com.br/noticias/2022/04/12/plataforma-cmf-b-marca-nova-fase-da-renault-no-brasil/37718/,imprensa_especializada,"a fábrica de carros de passeio em São José dos Pinhais, de onde saem Captur, Duster, Kwid, Logan e Sandero",fabricas_paginas/renault_cmfb_autodata_37718,
renault_sjp,Brasil,RENAULT,OROCH,comerciais_leves,2022-04,2022-04,producao_local,na_data_da_pagina,2022-04,https://www.autodata.com.br/noticias/2022/04/12/plataforma-cmf-b-marca-nova-fase-da-renault-no-brasil/37718/,imprensa_especializada,"A Oroch, recente lançamento, seguiu em produção no período – suas linhas foram transferidas, ainda antes da pandemia, para a unidade de veículos comerciais.",fabricas_paginas/renault_cmfb_autodata_37718,
hyundai_piracicaba,Brasil,HYUNDAI,HB20,automoveis,2012-09,2018-09,producao_local,duracao_ate_a_pagina,2018-09,https://motorshow.com.br/hyundai-hb20-completa-seis-anos-de-producao-em-piracicaba,imprensa_especializada,"Nesta quinta-feira (20), a Hyundai celebra os seis anos da produção do primeiro HB20 na fábrica de Piracicaba (SP).",fabricas_paginas/hyundai_hb20_6anos_motorshow,
hyundai_piracicaba,Brasil,HYUNDAI,HB20,automoveis,2018-09,2018-09,producao_local,na_data_da_pagina,2018-09,https://motorshow.com.br/hyundai-hb20-completa-seis-anos-de-producao-em-piracicaba,imprensa_especializada,"Além dos carros da família HB20, a fábrica do interior paulista produz também o SUV compacto Creta.",fabricas_paginas/hyundai_hb20_6anos_motorshow,
hyundai_piracicaba,Brasil,HYUNDAI,HB20S,automoveis,2018-09,2018-09,producao_local,na_data_da_pagina,2018-09,https://motorshow.com.br/hyundai-hb20-completa-seis-anos-de-producao-em-piracicaba,imprensa_especializada,"Além dos carros da família HB20, a fábrica do interior paulista produz também o SUV compacto Creta.",fabricas_paginas/hyundai_hb20_6anos_motorshow,
hyundai_piracicaba,Brasil,HYUNDAI,CRETA,automoveis,2018-09,2018-09,producao_local,na_data_da_pagina,2018-09,https://motorshow.com.br/hyundai-hb20-completa-seis-anos-de-producao-em-piracicaba,imprensa_especializada,"Além dos carros da família HB20, a fábrica do interior paulista produz também o SUV compacto Creta.",fabricas_paginas/hyundai_hb20_6anos_motorshow,
hyundai_piracicaba,Brasil,HYUNDAI,HB20,automoveis,2026-06,2026-06,producao_local,na_data_da_pagina,2026-06,https://www.autoindustria.com.br/2026/06/15/hyundai-i20-e-primeiro-modelo-de-nova-familia-de-veiculos-sem-seda/,imprensa_especializada,"não vai alterar, nos próximos meses de 2026, o ritmo de produção na fábrica da Hyundai em Piracicaba, SP, de forma significativa. [...] “Perto de 75 mil para o Creta e o restante entre HB20 e agora o I20”.",fabricas_paginas/hyundai_i20_piracicaba_autoindustria,
hyundai_piracicaba,Brasil,HYUNDAI,CRETA,automoveis,2026-06,2026-06,producao_local,na_data_da_pagina,2026-06,https://www.autoindustria.com.br/2026/06/15/hyundai-i20-e-primeiro-modelo-de-nova-familia-de-veiculos-sem-seda/,imprensa_especializada,"não vai alterar, nos próximos meses de 2026, o ritmo de produção na fábrica da Hyundai em Piracicaba, SP, de forma significativa. [...] “Perto de 75 mil para o Creta e o restante entre HB20 e agora o I20”.",fabricas_paginas/hyundai_i20_piracicaba_autoindustria,
hyundai_piracicaba,Brasil,HYUNDAI,I20,automoveis,2026-06,2026-06,producao_local,na_data_da_pagina,2026-06,https://www.autoindustria.com.br/2026/06/15/hyundai-i20-e-primeiro-modelo-de-nova-familia-de-veiculos-sem-seda/,imprensa_especializada,"não vai alterar, nos próximos meses de 2026, o ritmo de produção na fábrica da Hyundai em Piracicaba, SP, de forma significativa. [...] “Perto de 75 mil para o Creta e o restante entre HB20 e agora o I20”.",fabricas_paginas/hyundai_i20_piracicaba_autoindustria,
hyundai_piracicaba,Brasil,HYUNDAI,HB20S,automoveis,2013-01,2026-06,producao_local,inicio_ate_a_pagina,2026-06,https://www.autoindustria.com.br/2026/06/15/hyundai-i20-e-primeiro-modelo-de-nova-familia-de-veiculos-sem-seda/,imprensa_especializada,"HB20, é bom frisar, com a carroceria hatch, já que a configuração sedã, apresentada no primeiro semestre de 2013, deixou de ser fabricada exatamente para abrir espaço na linha de montagem do interior paulista para o I20.",fabricas_paginas/hyundai_i20_piracicaba_autoindustria,"Do lancamento do sedan (1o semestre de 2013) ao fim, dado na pagina de junho de 2026."
stellantis_porto_real,Brasil,CITROEN,C3,automoveis,2003-05,2025-12,producao_local,inicio_ate_a_pagina,2025-12,https://www.autodata.com.br/noticias/2025/12/10/citroen-celebra-100-mil-unidades-do-novo-c3-produzidas-no-brasil/97976/,imprensa_especializada,"Desde maio de 2003 saíram do Polo Automotivo Stellantis de Porto Real, RJ, 100 mil unidades do hatch compacto Citroën C3.",fabricas_paginas/citroen_c3_100mil_autodata_97976,
nissan_resende,Brasil,NISSAN,KICKS,automoveis,2017-07,2024-08,producao_local,inicio_ate_a_pagina,2024-08,https://www.autodata.com.br/noticias/2024/08/28/nissan-kicks-alcanca-a-marca-de-350-mil-unidades-produzidas-em-resende/76926/,imprensa_especializada,"A Nissan celebrou a marca de 350 mil SUV Kicks produzidos no Complexo Industrial de Resende, RJ. [...] Desde que começou a ser fabricado, em julho de 2017",fabricas_paginas/nissan_kicks_350mil_autodata_76926,
gm_scs,Brasil,GM,COBALT,automoveis,2011-01,2020-02,producao_local,declarado,2020-03,https://www.autodata.com.br/curtas-algo-mais/2020/03/02/producao-do-chevrolet-cobalt-chega-ao-fim/30633/,imprensa_especializada,"O Chevrolet Cobalt saiu das linhas de montagem de São Caetano do Sul, SP, onde era produzido desde 2011.",fabricas_paginas/gm_cobalt_fim_autodata_30633,Fim no mes anterior ao da pagina (marco de 2020).
gm_scs,Brasil,GM,TRACKER,automoveis,2020-05,2020-05,producao_local,na_data_da_pagina,2020-05,https://revistacarro.com.br/gm-retoma-producao-do-tracker-no-brasil/,imprensa_especializada,"na unidade de São Caetano do Sul (SP), com a fabricação do novo Tracker. [...] é possível ver os modelos Joy e Joy Plus (ex-Onix Joy e Prisma Joy) sendo produzidos na mesma linha do Tracker",fabricas_paginas/gm_tracker_scs_revistacarro,
gm_scs,Brasil,GM,ONIX,automoveis,2020-05,2020-05,producao_local,na_data_da_pagina,2020-05,https://revistacarro.com.br/gm-retoma-producao-do-tracker-no-brasil/,imprensa_especializada,"na unidade de São Caetano do Sul (SP), com a fabricação do novo Tracker. [...] é possível ver os modelos Joy e Joy Plus (ex-Onix Joy e Prisma Joy) sendo produzidos na mesma linha do Tracker",fabricas_paginas/gm_tracker_scs_revistacarro,
gm_scs,Brasil,GM,PRISMA,automoveis,2020-05,2020-05,producao_local,na_data_da_pagina,2020-05,https://revistacarro.com.br/gm-retoma-producao-do-tracker-no-brasil/,imprensa_especializada,"na unidade de São Caetano do Sul (SP), com a fabricação do novo Tracker. [...] é possível ver os modelos Joy e Joy Plus (ex-Onix Joy e Prisma Joy) sendo produzidos na mesma linha do Tracker",fabricas_paginas/gm_tracker_scs_revistacarro,
gm_scs,Brasil,GM,TRACKER,automoveis,2021-01,2021-01,producao_local,na_data_da_pagina,2021-01,https://www.autoindustria.com.br/2021/01/26/aos-96-anos-gm-e-agora-a-montadora-mais-antiga-do-pais/,imprensa_especializada,"a do ABC paulista, que hoje produz o novo Tracker, Spin, Joy, Joy Plus e Montana.",fabricas_paginas/gm_96anos_autoindustria,
gm_scs,Brasil,GM,SPIN,automoveis,2021-01,2021-01,producao_local,na_data_da_pagina,2021-01,https://www.autoindustria.com.br/2021/01/26/aos-96-anos-gm-e-agora-a-montadora-mais-antiga-do-pais/,imprensa_especializada,"a do ABC paulista, que hoje produz o novo Tracker, Spin, Joy, Joy Plus e Montana.",fabricas_paginas/gm_96anos_autoindustria,
gm_scs,Brasil,GM,ONIX,automoveis,2021-01,2021-01,producao_local,na_data_da_pagina,2021-01,https://www.autoindustria.com.br/2021/01/26/aos-96-anos-gm-e-agora-a-montadora-mais-antiga-do-pais/,imprensa_especializada,"a do ABC paulista, que hoje produz o novo Tracker, Spin, Joy, Joy Plus e Montana.",fabricas_paginas/gm_96anos_autoindustria,
gm_scs,Brasil,GM,PRISMA,automoveis,2021-01,2021-01,producao_local,na_data_da_pagina,2021-01,https://www.autoindustria.com.br/2021/01/26/aos-96-anos-gm-e-agora-a-montadora-mais-antiga-do-pais/,imprensa_especializada,"a do ABC paulista, que hoje produz o novo Tracker, Spin, Joy, Joy Plus e Montana.",fabricas_paginas/gm_96anos_autoindustria,
gm_scs,Brasil,GM,MONTANA,comerciais_leves,2021-01,2021-01,producao_local,na_data_da_pagina,2021-01,https://www.autoindustria.com.br/2021/01/26/aos-96-anos-gm-e-agora-a-montadora-mais-antiga-do-pais/,imprensa_especializada,"a do ABC paulista, que hoje produz o novo Tracker, Spin, Joy, Joy Plus e Montana.",fabricas_paginas/gm_96anos_autoindustria,
gm_sjc,Brasil,GM,CORSA,automoveis,1994-02,2006-09,producao_local,duracao_ate_a_pagina,2006-09,https://mecanicaonline.com.br/2006/09/gm-ultrapassa-a-marca-de-2-000-000-de-unidades-produzidas-do-chevrolet-corsa-no-brasil/,imprensa_especializada,"A General Motors do Brasil comemora a marca histórica de 2.074.619 unidades produzidas do Chevrolet Corsa nos Complexos Industriais de São José dos Campos e São Caetano do Sul. [...] O Corsa, que completou no último mês de fevereiro 12 anos de produção ininterrupta",fabricas_paginas/gm_corsa_2milhoes_mecanicaonline,"A pagina da' as duas fabricas para a familia Corsa, sem separar versao por fabrica."
gm_sjc,Brasil,GM,CORSA SEDAN,automoveis,1994-02,2006-09,producao_local,duracao_ate_a_pagina,2006-09,https://mecanicaonline.com.br/2006/09/gm-ultrapassa-a-marca-de-2-000-000-de-unidades-produzidas-do-chevrolet-corsa-no-brasil/,imprensa_especializada,"A General Motors do Brasil comemora a marca histórica de 2.074.619 unidades produzidas do Chevrolet Corsa nos Complexos Industriais de São José dos Campos e São Caetano do Sul. [...] O Corsa, que completou no último mês de fevereiro 12 anos de produção ininterrupta",fabricas_paginas/gm_corsa_2milhoes_mecanicaonline,"A pagina da' as duas fabricas para a familia Corsa, sem separar versao por fabrica."
gm_sjc,Brasil,GM,CLASSIC,automoveis,1995-01,2006-09,producao_local,inicio_ate_a_pagina,2006-09,https://mecanicaonline.com.br/2006/09/gm-ultrapassa-a-marca-de-2-000-000-de-unidades-produzidas-do-chevrolet-corsa-no-brasil/,imprensa_especializada,"A General Motors do Brasil comemora a marca histórica de 2.074.619 unidades produzidas do Chevrolet Corsa nos Complexos Industriais de São José dos Campos e São Caetano do Sul. [...] O Corsa, que completou no último mês de fevereiro 12 anos de produção ininterrupta [...] Lançado no mercado em 1995, o Chevrolet Corsa sedã, primeira geração, foi reposicionado como Chevrolet Classic em 2002",fabricas_paginas/gm_corsa_2milhoes_mecanicaonline,"O Classic e' o Corsa seda' de primeira geracao, parte da familia contada na pagina."
gm_scs,Brasil,GM,CORSA,automoveis,1994-02,2006-09,producao_local,duracao_ate_a_pagina,2006-09,https://mecanicaonline.com.br/2006/09/gm-ultrapassa-a-marca-de-2-000-000-de-unidades-produzidas-do-chevrolet-corsa-no-brasil/,imprensa_especializada,"A General Motors do Brasil comemora a marca histórica de 2.074.619 unidades produzidas do Chevrolet Corsa nos Complexos Industriais de São José dos Campos e São Caetano do Sul. [...] O Corsa, que completou no último mês de fevereiro 12 anos de produção ininterrupta",fabricas_paginas/gm_corsa_2milhoes_mecanicaonline,"A pagina da' as duas fabricas para a familia Corsa, sem separar versao por fabrica."
gm_scs,Brasil,GM,CORSA SEDAN,automoveis,1994-02,2006-09,producao_local,duracao_ate_a_pagina,2006-09,https://mecanicaonline.com.br/2006/09/gm-ultrapassa-a-marca-de-2-000-000-de-unidades-produzidas-do-chevrolet-corsa-no-brasil/,imprensa_especializada,"A General Motors do Brasil comemora a marca histórica de 2.074.619 unidades produzidas do Chevrolet Corsa nos Complexos Industriais de São José dos Campos e São Caetano do Sul. [...] O Corsa, que completou no último mês de fevereiro 12 anos de produção ininterrupta",fabricas_paginas/gm_corsa_2milhoes_mecanicaonline,"A pagina da' as duas fabricas para a familia Corsa, sem separar versao por fabrica."
gm_scs,Brasil,GM,CLASSIC,automoveis,1995-01,2006-09,producao_local,inicio_ate_a_pagina,2006-09,https://mecanicaonline.com.br/2006/09/gm-ultrapassa-a-marca-de-2-000-000-de-unidades-produzidas-do-chevrolet-corsa-no-brasil/,imprensa_especializada,"A General Motors do Brasil comemora a marca histórica de 2.074.619 unidades produzidas do Chevrolet Corsa nos Complexos Industriais de São José dos Campos e São Caetano do Sul. [...] O Corsa, que completou no último mês de fevereiro 12 anos de produção ininterrupta [...] Lançado no mercado em 1995, o Chevrolet Corsa sedã, primeira geração, foi reposicionado como Chevrolet Classic em 2002",fabricas_paginas/gm_corsa_2milhoes_mecanicaonline,"O Classic e' o Corsa seda' de primeira geracao, parte da familia contada na pagina."
hpe_catalao,Brasil,MITSUBISHI,L200,comerciais_leves,2018-08,2018-08,producao_local,na_data_da_pagina,2018-08,https://motorshow.com.br/mitsubishi-comemora-20-anos-da-fabrica-de-catalao-go/,imprensa_especializada,"Além da picape L200 Triton Sport, são produzidos atualmente na fábrica goiana os modelos ASX, Lancer e Pajero HPE.",fabricas_paginas/hpe_catalao_20anos_motorshow,
hpe_catalao,Brasil,MITSUBISHI,ASX,automoveis,2018-08,2018-08,producao_local,na_data_da_pagina,2018-08,https://motorshow.com.br/mitsubishi-comemora-20-anos-da-fabrica-de-catalao-go/,imprensa_especializada,"Além da picape L200 Triton Sport, são produzidos atualmente na fábrica goiana os modelos ASX, Lancer e Pajero HPE.",fabricas_paginas/hpe_catalao_20anos_motorshow,
hpe_catalao,Brasil,MITSUBISHI,LANCER,automoveis,2018-08,2018-08,producao_local,na_data_da_pagina,2018-08,https://motorshow.com.br/mitsubishi-comemora-20-anos-da-fabrica-de-catalao-go/,imprensa_especializada,"Além da picape L200 Triton Sport, são produzidos atualmente na fábrica goiana os modelos ASX, Lancer e Pajero HPE.",fabricas_paginas/hpe_catalao_20anos_motorshow,
hpe_catalao,Brasil,MITSUBISHI,PAJERO,automoveis,2018-08,2018-08,producao_local,na_data_da_pagina,2018-08,https://motorshow.com.br/mitsubishi-comemora-20-anos-da-fabrica-de-catalao-go/,imprensa_especializada,"Além da picape L200 Triton Sport, são produzidos atualmente na fábrica goiana os modelos ASX, Lancer e Pajero HPE.",fabricas_paginas/hpe_catalao_20anos_motorshow,
hpe_catalao,Brasil,MITSUBISHI,L200,comerciais_leves,1998-01,2020-12,producao_local,duracao_ate_a_pagina,2020-12,https://motorshow.com.br/conheca-os-42-anos-de-historia-da-picape-mitsubishi-l200,imprensa_especializada,"A partir de 1998, a HPE Automotores inaugurou sua fábrica em Catalão (GO) para a produção da L200 [...] Nos 22 anos de história, mais de 300 mil unidades da picape L200 foram produzidas em Catalão.",fabricas_paginas/mitsubishi_l200_42anos_motorshow,22 anos contados de 1998.
gm_scs,Brasil,GM,MERIVA,automoveis,2002-01,2012-12,producao_local,declarado,2024-10,https://autopapo.com.br/noticia/chevrolet-meriva-2012/,imprensa_especializada,"Em questão de meses começou a ser produzida em São Caetano do Sul (SP) e vendida como Chevrolet Meriva por aqui. [...] Hoje, a Chevrolet Meriva, que foi vendida de 2002 a 2012",fabricas_paginas/gm_meriva_2012_autopapo,
,Brasil,GM,ZAFIRA,automoveis,2001-04,2012-12,producao_local,declarado,2025-01,https://autopapo.com.br/noticia/carro-7-lugares-usado-chevrolet-zafira/,imprensa_especializada,"o carro foi apresentado no Brasil em abril de 2001 [...] o conjunto 8V foi recalibrado em 2011, quando teve a potência elevada. Mas durou pouco tempo. No ano seguinte a Chevrolet Zafira deixou de ser produzida. Ao todo, 100 mil unidades foram feitas em 11 anos. [...] Além da minivan, a montadora produziu localmente",fabricas_paginas/gm_zafira_autopapo,
fiat_betim,Brasil,FIAT,IDEA,automoveis,2005-01,2016-07,producao_local,inicio_ate_a_pagina,2016-07,https://revistacarro.com.br/fiat-suspende-producao-de-bravo-linea-e-idea-em-mg/,imprensa_especializada,"Apresentado em 2005, defendeu a marca italiana contra o aguerrido Chevrolet Meriva [...] Quanto à suspensão dos três modelos em Betim",fabricas_paginas/fiat_bravo_linea_idea_revistacarro,Do lancamento a' suspensao da producao em Betim (julho de 2016).
fiat_betim,Brasil,FIAT,LINEA,automoveis,2008-01,2016-07,producao_local,inicio_ate_a_pagina,2016-07,https://revistacarro.com.br/fiat-suspende-producao-de-bravo-linea-e-idea-em-mg/,imprensa_especializada,"Essa estratégia havia começado em 2008, quando a marca apresentou o sedã médio (na verdade, compacto-médio) Linea [...] Quanto à suspensão dos três modelos em Betim",fabricas_paginas/fiat_bravo_linea_idea_revistacarro,Do lancamento a' suspensao da producao em Betim (julho de 2016).
fiat_betim,Brasil,FIAT,BRAVO,automoveis,2010-10,2016-07,producao_local,inicio_ate_a_pagina,2016-07,https://revistacarro.com.br/fiat-suspende-producao-de-bravo-linea-e-idea-em-mg/,imprensa_especializada,O Bravo foi lançado no final de 2010 como competidor de Focus e Volkswagen Golf [...] Quanto à suspensão dos três modelos em Betim,fabricas_paginas/fiat_bravo_linea_idea_revistacarro,'final de 2010' lido como o ultimo trimestre.
fiat_betim,Brasil,FIAT,DOBLO,automoveis,2016-07,2016-07,producao_local,na_data_da_pagina,2016-07,https://revistacarro.com.br/fiat-suspende-producao-de-bravo-linea-e-idea-em-mg/,imprensa_especializada,"É o caso do Doblò e do Punto, que mantêm produção normal nas outras linhas.",fabricas_paginas/fiat_bravo_linea_idea_revistacarro,
fiat_betim,Brasil,FIAT,DOBLO,comerciais_leves,2016-07,2016-07,producao_local,na_data_da_pagina,2016-07,https://revistacarro.com.br/fiat-suspende-producao-de-bravo-linea-e-idea-em-mg/,imprensa_especializada,"É o caso do Doblò e do Punto, que mantêm produção normal nas outras linhas.",fabricas_paginas/fiat_bravo_linea_idea_revistacarro,
fiat_betim,Brasil,FIAT,PUNTO,automoveis,2016-07,2016-07,producao_local,na_data_da_pagina,2016-07,https://revistacarro.com.br/fiat-suspende-producao-de-bravo-linea-e-idea-em-mg/,imprensa_especializada,"É o caso do Doblò e do Punto, que mantêm produção normal nas outras linhas.",fabricas_paginas/fiat_bravo_linea_idea_revistacarro,
fiat_betim,Brasil,FIAT,ARGO,automoveis,2017-12,2017-12,producao_local,na_data_da_pagina,2017-12,https://autopapo.com.br/noticia/doblo-sai-linha-weekend/,imprensa_especializada,"a fábrica da Fiat em Betim passa a produzir apenas seis modelos: Argo, Grand Siena, Mobi, Fiorino, Strada e Uno.",fabricas_paginas/fiat_doblo_weekend_autopapo,
fiat_betim,Brasil,FIAT,SIENA,automoveis,2017-12,2017-12,producao_local,na_data_da_pagina,2017-12,https://autopapo.com.br/noticia/doblo-sai-linha-weekend/,imprensa_especializada,"a fábrica da Fiat em Betim passa a produzir apenas seis modelos: Argo, Grand Siena, Mobi, Fiorino, Strada e Uno.",fabricas_paginas/fiat_doblo_weekend_autopapo,
fiat_betim,Brasil,FIAT,MOBI,automoveis,2017-12,2017-12,producao_local,na_data_da_pagina,2017-12,https://autopapo.com.br/noticia/doblo-sai-linha-weekend/,imprensa_especializada,"a fábrica da Fiat em Betim passa a produzir apenas seis modelos: Argo, Grand Siena, Mobi, Fiorino, Strada e Uno.",fabricas_paginas/fiat_doblo_weekend_autopapo,
fiat_betim,Brasil,FIAT,FIORINO,comerciais_leves,2017-12,2017-12,producao_local,na_data_da_pagina,2017-12,https://autopapo.com.br/noticia/doblo-sai-linha-weekend/,imprensa_especializada,"a fábrica da Fiat em Betim passa a produzir apenas seis modelos: Argo, Grand Siena, Mobi, Fiorino, Strada e Uno.",fabricas_paginas/fiat_doblo_weekend_autopapo,
fiat_betim,Brasil,FIAT,STRADA,comerciais_leves,2017-12,2017-12,producao_local,na_data_da_pagina,2017-12,https://autopapo.com.br/noticia/doblo-sai-linha-weekend/,imprensa_especializada,"a fábrica da Fiat em Betim passa a produzir apenas seis modelos: Argo, Grand Siena, Mobi, Fiorino, Strada e Uno.",fabricas_paginas/fiat_doblo_weekend_autopapo,
fiat_betim,Brasil,FIAT,UNO,automoveis,2017-12,2017-12,producao_local,na_data_da_pagina,2017-12,https://autopapo.com.br/noticia/doblo-sai-linha-weekend/,imprensa_especializada,"a fábrica da Fiat em Betim passa a produzir apenas seis modelos: Argo, Grand Siena, Mobi, Fiorino, Strada e Uno.",fabricas_paginas/fiat_doblo_weekend_autopapo,
fiat_betim,Brasil,FIAT,UNO,comerciais_leves,2017-12,2017-12,producao_local,na_data_da_pagina,2017-12,https://autopapo.com.br/noticia/doblo-sai-linha-weekend/,imprensa_especializada,"a fábrica da Fiat em Betim passa a produzir apenas seis modelos: Argo, Grand Siena, Mobi, Fiorino, Strada e Uno.",fabricas_paginas/fiat_doblo_weekend_autopapo,
gm_scs,Brasil,GM,TRACKER,automoveis,2020-01,2022-12,producao_local,inicio_ate_a_pagina,2022-12,https://motorshow.com.br/chevrolet-tracker-alcanca-a-marca-de-250-mil-unidades-produzidas,imprensa_especializada,"O Chevrolet Tracker alcançou a marca de 250 mil unidades produzidas na fábrica da GM em São Caetano do Sul (SP). [...] O Tracker está em sua terceira geração, na qual estreou em 2020",fabricas_paginas/gm_tracker_250mil_motorshow,
honda_itirapina,Brasil,HONDA,CITY,automoveis,2025-10,2025-10,producao_local,na_data_da_pagina,2025-10,https://www.autodata.com.br/noticias/2025/10/16/itirapina-chega-a-dois-turnos-completos-com-o-wr-v/95373/,imprensa_especializada,"Em Itirapina são produzidos os veículos City, nas carrocerias sedã e hatch, WR-V e HR-V.",fabricas_paginas/honda_itirapina_2turnos_autodata_95373,
honda_itirapina,Brasil,HONDA,CITY HATCH,automoveis,2025-10,2025-10,producao_local,na_data_da_pagina,2025-10,https://www.autodata.com.br/noticias/2025/10/16/itirapina-chega-a-dois-turnos-completos-com-o-wr-v/95373/,imprensa_especializada,"Em Itirapina são produzidos os veículos City, nas carrocerias sedã e hatch, WR-V e HR-V.",fabricas_paginas/honda_itirapina_2turnos_autodata_95373,
honda_itirapina,Brasil,HONDA,WR-V,automoveis,2025-10,2025-10,producao_local,na_data_da_pagina,2025-10,https://www.autodata.com.br/noticias/2025/10/16/itirapina-chega-a-dois-turnos-completos-com-o-wr-v/95373/,imprensa_especializada,"Em Itirapina são produzidos os veículos City, nas carrocerias sedã e hatch, WR-V e HR-V.",fabricas_paginas/honda_itirapina_2turnos_autodata_95373,
honda_itirapina,Brasil,HONDA,HR-V,automoveis,2025-10,2025-10,producao_local,na_data_da_pagina,2025-10,https://www.autodata.com.br/noticias/2025/10/16/itirapina-chega-a-dois-turnos-completos-com-o-wr-v/95373/,imprensa_especializada,"Em Itirapina são produzidos os veículos City, nas carrocerias sedã e hatch, WR-V e HR-V.",fabricas_paginas/honda_itirapina_2turnos_autodata_95373,
honda_itirapina,Brasil,HONDA,CITY,automoveis,2026-01,2026-01,producao_local,na_data_da_pagina,2026-01,https://www.autoindustria.com.br/2026/01/15/ja-sao-25-milhoes-de-automoveis-honda-produzidos-no-brasil/,imprensa_especializada,"Itirapina produz atualmente os modelos WR-V, HR-V, City Hatchback e City Sedan.",fabricas_paginas/honda_25milhoes_autoindustria,
honda_itirapina,Brasil,HONDA,CITY HATCH,automoveis,2026-01,2026-01,producao_local,na_data_da_pagina,2026-01,https://www.autoindustria.com.br/2026/01/15/ja-sao-25-milhoes-de-automoveis-honda-produzidos-no-brasil/,imprensa_especializada,"Itirapina produz atualmente os modelos WR-V, HR-V, City Hatchback e City Sedan.",fabricas_paginas/honda_25milhoes_autoindustria,
honda_itirapina,Brasil,HONDA,WR-V,automoveis,2026-01,2026-01,producao_local,na_data_da_pagina,2026-01,https://www.autoindustria.com.br/2026/01/15/ja-sao-25-milhoes-de-automoveis-honda-produzidos-no-brasil/,imprensa_especializada,"Itirapina produz atualmente os modelos WR-V, HR-V, City Hatchback e City Sedan.",fabricas_paginas/honda_25milhoes_autoindustria,
honda_itirapina,Brasil,HONDA,HR-V,automoveis,2026-01,2026-01,producao_local,na_data_da_pagina,2026-01,https://www.autoindustria.com.br/2026/01/15/ja-sao-25-milhoes-de-automoveis-honda-produzidos-no-brasil/,imprensa_especializada,"Itirapina produz atualmente os modelos WR-V, HR-V, City Hatchback e City Sedan.",fabricas_paginas/honda_25milhoes_autoindustria,
fiat_betim,Brasil,FIAT,STRADA,comerciais_leves,1998-01,2026-06,producao_local,inicio_ate_a_pagina,2026-07,https://www.autodata.com.br/noticias/2026/07/17/fiat-bate-recorde-de-producao-da-strada-em-junho/129940/,imprensa_especializada,"A Stellantis alcançou um novo recorde de produção da picape Fiat Strada no Polo Automotivo de Betim, MG. Em junho foram 19 mil 261 unidades, maior volume mensal registrado desde o seu lançamento, em 1998.",fabricas_paginas/fiat_strada_recorde_autodata_129940,"O recorde mensal 'desde o lancamento, em 1998' compara a producao de Betim desde entao."
fiat_betim,Brasil,FIAT,STRADA,comerciais_leves,2024-07,2024-07,producao_local,na_data_da_pagina,2024-08,https://revistacarro.com.br/fabrica-da-stellantis-em-betim-atinge-recorde-de-producao-desde-2021/,imprensa_especializada,"A Fiat Strada, que é fabricada por lá, teve mais de 15,7 mil unidades produzidas. A linha de montagem mineira também é responsável por fabricar Argo, Mobi, Fiat Pulse e Fastback, além dos comerciais leves Fiat Fiorino e Peugeot Partner Rapid.",fabricas_paginas/fiat_betim_recorde_revistacarro,Producao de julho de 2024.
fiat_betim,Brasil,FIAT,ARGO,automoveis,2024-07,2024-07,producao_local,na_data_da_pagina,2024-08,https://revistacarro.com.br/fabrica-da-stellantis-em-betim-atinge-recorde-de-producao-desde-2021/,imprensa_especializada,"A Fiat Strada, que é fabricada por lá, teve mais de 15,7 mil unidades produzidas. A linha de montagem mineira também é responsável por fabricar Argo, Mobi, Fiat Pulse e Fastback, além dos comerciais leves Fiat Fiorino e Peugeot Partner Rapid.",fabricas_paginas/fiat_betim_recorde_revistacarro,Producao de julho de 2024.
fiat_betim,Brasil,FIAT,MOBI,automoveis,2024-07,2024-07,producao_local,na_data_da_pagina,2024-08,https://revistacarro.com.br/fabrica-da-stellantis-em-betim-atinge-recorde-de-producao-desde-2021/,imprensa_especializada,"A Fiat Strada, que é fabricada por lá, teve mais de 15,7 mil unidades produzidas. A linha de montagem mineira também é responsável por fabricar Argo, Mobi, Fiat Pulse e Fastback, além dos comerciais leves Fiat Fiorino e Peugeot Partner Rapid.",fabricas_paginas/fiat_betim_recorde_revistacarro,Producao de julho de 2024.
fiat_betim,Brasil,FIAT,PULSE,automoveis,2024-07,2024-07,producao_local,na_data_da_pagina,2024-08,https://revistacarro.com.br/fabrica-da-stellantis-em-betim-atinge-recorde-de-producao-desde-2021/,imprensa_especializada,"A Fiat Strada, que é fabricada por lá, teve mais de 15,7 mil unidades produzidas. A linha de montagem mineira também é responsável por fabricar Argo, Mobi, Fiat Pulse e Fastback, além dos comerciais leves Fiat Fiorino e Peugeot Partner Rapid.",fabricas_paginas/fiat_betim_recorde_revistacarro,Producao de julho de 2024.
fiat_betim,Brasil,FIAT,FASTBACK,automoveis,2024-07,2024-07,producao_local,na_data_da_pagina,2024-08,https://revistacarro.com.br/fabrica-da-stellantis-em-betim-atinge-recorde-de-producao-desde-2021/,imprensa_especializada,"A Fiat Strada, que é fabricada por lá, teve mais de 15,7 mil unidades produzidas. A linha de montagem mineira também é responsável por fabricar Argo, Mobi, Fiat Pulse e Fastback, além dos comerciais leves Fiat Fiorino e Peugeot Partner Rapid.",fabricas_paginas/fiat_betim_recorde_revistacarro,Producao de julho de 2024.
fiat_betim,Brasil,FIAT,FIORINO,comerciais_leves,2024-07,2024-07,producao_local,na_data_da_pagina,2024-08,https://revistacarro.com.br/fabrica-da-stellantis-em-betim-atinge-recorde-de-producao-desde-2021/,imprensa_especializada,"A Fiat Strada, que é fabricada por lá, teve mais de 15,7 mil unidades produzidas. A linha de montagem mineira também é responsável por fabricar Argo, Mobi, Fiat Pulse e Fastback, além dos comerciais leves Fiat Fiorino e Peugeot Partner Rapid.",fabricas_paginas/fiat_betim_recorde_revistacarro,Producao de julho de 2024.
fiat_betim,Brasil,PEUGEOT,PARTNER,comerciais_leves,2024-07,2024-07,producao_local,na_data_da_pagina,2024-08,https://revistacarro.com.br/fabrica-da-stellantis-em-betim-atinge-recorde-de-producao-desde-2021/,imprensa_especializada,"A Fiat Strada, que é fabricada por lá, teve mais de 15,7 mil unidades produzidas. A linha de montagem mineira também é responsável por fabricar Argo, Mobi, Fiat Pulse e Fastback, além dos comerciais leves Fiat Fiorino e Peugeot Partner Rapid.",fabricas_paginas/fiat_betim_recorde_revistacarro,Producao de julho de 2024.
gm_sjc,Brasil,GM,S10,comerciais_leves,2026-07,2026-07,producao_local,na_data_da_pagina,2026-07,https://www.autodata.com.br/noticias/2026/07/27/chevrolet-lanca-versoes-off-road-da-s10-e-do-trailblazer/130660/,imprensa_especializada,"a picape S10 e o SUV Trailblazer, ambos fabricados em São José dos Campos, SP.",fabricas_paginas/gm_s10_trailboss_autodata_130660,
gm_sjc,Brasil,GM,TRAILBLAZER,automoveis,2026-07,2026-07,producao_local,na_data_da_pagina,2026-07,https://www.autodata.com.br/noticias/2026/07/27/chevrolet-lanca-versoes-off-road-da-s10-e-do-trailblazer/130660/,imprensa_especializada,"a picape S10 e o SUV Trailblazer, ambos fabricados em São José dos Campos, SP.",fabricas_paginas/gm_s10_trailboss_autodata_130660,
gm_sjc,Brasil,GM,S10,comerciais_leves,1995-01,2025-12,producao_local,declarado,2025-12,https://revistacarro.com.br/chevrolet-s10-completa-30-anos-de-producao-no-brasil-com-12-milhao-de-unidades/,imprensa_especializada,A Chevrolet S10 completa 30 anos de produção contínua no Brasil em 2025 [...] Produzida desde o início no complexo industrial da General Motors em São José dos Campos (SP),fabricas_paginas/gm_s10_30anos_revistacarro,30 anos contados para tras de 2025.
byd_camacari,Brasil,BYD,DOLPHIN MINI,automoveis,2025-10,2025-10,producao_local,na_data_da_pagina,2025-10,https://motorshow.com.br/byd-dolphin-mini-brasileiro,imprensa_especializada,"O Dolphin Mini, hatch pequeno, é o primeiro carro elétrico produzido no Brasil, na fábrica da BYD em Camaçari (BA). Na realidade, montado: as unidades vêm desmontadas (SKD) da China, e são finalizadas por aqui. De início, com índice de nacionalização bem baixo, quase nulo, assim como acontece com King e Song Pro, outros dois BYD montados por lá",fabricas_paginas/byd_dolphin_mini_brasileiro_motorshow,A chave SONG agrega Song Plus e Song Pro; a pagina trata do Song Pro.
byd_camacari,Brasil,BYD,KING,automoveis,2025-10,2025-10,producao_local,na_data_da_pagina,2025-10,https://motorshow.com.br/byd-dolphin-mini-brasileiro,imprensa_especializada,"O Dolphin Mini, hatch pequeno, é o primeiro carro elétrico produzido no Brasil, na fábrica da BYD em Camaçari (BA). Na realidade, montado: as unidades vêm desmontadas (SKD) da China, e são finalizadas por aqui. De início, com índice de nacionalização bem baixo, quase nulo, assim como acontece com King e Song Pro, outros dois BYD montados por lá",fabricas_paginas/byd_dolphin_mini_brasileiro_motorshow,A chave SONG agrega Song Plus e Song Pro; a pagina trata do Song Pro.
byd_camacari,Brasil,BYD,SONG,automoveis,2025-10,2025-10,producao_local,na_data_da_pagina,2025-10,https://motorshow.com.br/byd-dolphin-mini-brasileiro,imprensa_especializada,"O Dolphin Mini, hatch pequeno, é o primeiro carro elétrico produzido no Brasil, na fábrica da BYD em Camaçari (BA). Na realidade, montado: as unidades vêm desmontadas (SKD) da China, e são finalizadas por aqui. De início, com índice de nacionalização bem baixo, quase nulo, assim como acontece com King e Song Pro, outros dois BYD montados por lá",fabricas_paginas/byd_dolphin_mini_brasileiro_motorshow,A chave SONG agrega Song Plus e Song Pro; a pagina trata do Song Pro.
,China,BYD,DOLPHIN MINI,automoveis,2025-10,2025-10,abastece_o_brasil,na_data_da_pagina,2025-10,https://motorshow.com.br/byd-dolphin-mini-brasileiro,imprensa_especializada,"o Dolphin Mini brasileiro não é muito diferente do chinês, que segue sendo importado enquanto o volume de produção de Camaçari é tímido.",fabricas_paginas/byd_dolphin_mini_brasileiro_motorshow,
,China,BYD,DOLPHIN MINI,automoveis,2025-07,2025-07,abastece_o_brasil,na_data_da_pagina,2025-07,https://www.autoindustria.com.br/2025/07/01/byd-para-de-importar-carros-montados-no-brasil-se-skd-tiver-imposto-reduzido/,imprensa_especializada,"Com a montagem local, ideia é deixar de trazer da China os modelos Dolphin Mini, Song Pro e King",fabricas_paginas/byd_skd_importacao_autoindustria,Em julho de 2025 os tres vinham da China.
,China,BYD,SONG,automoveis,2025-07,2025-07,abastece_o_brasil,na_data_da_pagina,2025-07,https://www.autoindustria.com.br/2025/07/01/byd-para-de-importar-carros-montados-no-brasil-se-skd-tiver-imposto-reduzido/,imprensa_especializada,"Com a montagem local, ideia é deixar de trazer da China os modelos Dolphin Mini, Song Pro e King",fabricas_paginas/byd_skd_importacao_autoindustria,Em julho de 2025 os tres vinham da China.
,China,BYD,KING,automoveis,2025-07,2025-07,abastece_o_brasil,na_data_da_pagina,2025-07,https://www.autoindustria.com.br/2025/07/01/byd-para-de-importar-carros-montados-no-brasil-se-skd-tiver-imposto-reduzido/,imprensa_especializada,"Com a montagem local, ideia é deixar de trazer da China os modelos Dolphin Mini, Song Pro e King",fabricas_paginas/byd_skd_importacao_autoindustria,Em julho de 2025 os tres vinham da China.
byd_camacari,Brasil,BYD,DOLPHIN MINI,automoveis,2026-05,2026-05,producao_local,na_data_da_pagina,2026-05,https://www.byd.com/br/byd-lider-varejo-automotivo-brasil-2026,oficial,"Mais de 50 mil unidades dos modelos BYD Dolphin Mini, o BYD King e o BYD Song Pro já deixaram a linha de produção em Camaçari",fabricas_paginas/byd_lider_varejo_2026,Pagina da BYD posterior a abril de 2026 (lideranca no varejo em abril).
byd_camacari,Brasil,BYD,KING,automoveis,2026-05,2026-05,producao_local,na_data_da_pagina,2026-05,https://www.byd.com/br/byd-lider-varejo-automotivo-brasil-2026,oficial,"Mais de 50 mil unidades dos modelos BYD Dolphin Mini, o BYD King e o BYD Song Pro já deixaram a linha de produção em Camaçari",fabricas_paginas/byd_lider_varejo_2026,Pagina da BYD posterior a abril de 2026 (lideranca no varejo em abril).
byd_camacari,Brasil,BYD,SONG,automoveis,2026-05,2026-05,producao_local,na_data_da_pagina,2026-05,https://www.byd.com/br/byd-lider-varejo-automotivo-brasil-2026,oficial,"Mais de 50 mil unidades dos modelos BYD Dolphin Mini, o BYD King e o BYD Song Pro já deixaram a linha de produção em Camaçari",fabricas_paginas/byd_lider_varejo_2026,Pagina da BYD posterior a abril de 2026 (lideranca no varejo em abril).
ford_camacari,Brasil,FORD,FIESTA,automoveis,2002-01,2010-12,producao_local,declarado,2016-04,https://autopapo.com.br/noticia/ford-new-fiesta-hatch/,imprensa_especializada,"2002 – Lançamento da nova geração do Fiesta com conceito de design New Edge, produzida no Complexo Industrial Ford Nordeste, na Bahia. [...] 2010 – 1 milhão de unidades da Linha Fiesta (Hatch e Sedan) produzidas na Bahia.",fabricas_paginas/ford_new_fiesta_hatch_autopapo,Do lancamento da geracao feita na Bahia ao marco de 2010.
ford_camacari,Brasil,FORD,FIESTA SEDAN,automoveis,2004-01,2010-12,producao_local,declarado,2016-04,https://autopapo.com.br/noticia/ford-new-fiesta-hatch/,imprensa_especializada,"2004 – Início de produção do Novo Fiesta Sedan com motor RoCam 1.6 Flex, o primeiro bicombustível da marca. [...] 2010 – 1 milhão de unidades da Linha Fiesta (Hatch e Sedan) produzidas na Bahia.",fabricas_paginas/ford_new_fiesta_hatch_autopapo,
ford_sbc,Brasil,FORD,FIESTA,automoveis,2013-01,2016-04,producao_local,inicio_ate_a_pagina,2016-04,https://autopapo.com.br/noticia/ford-new-fiesta-hatch/,imprensa_especializada,2013 – Início da produção do New Fiesta Hatch em São Bernardo do Campo,fabricas_paginas/ford_new_fiesta_hatch_autopapo,O New Fiesta hatch nacional e' lido na chave FIESTA (a NEW FIESTA e' o importado do Mexico); ver QUESTOES_ABERTAS.
ford_camacari,Brasil,FORD,KA,automoveis,2001-01,2014-12,producao_local,declarado,2025-09,https://autopapo.com.br/noticia/ford-ka-tres-decadas-do-exotico-popular-da-nova-era/,imprensa_especializada,2001 – Início da produção em Camaçari (BA); chegada do motor Zetec Rocam. [...] A segunda geração do Ford Ka tupiniquim seguiu no mercado até 2014.,fabricas_paginas/ford_ka_tres_decadas_autopapo,
hyundai_piracicaba,Brasil,HYUNDAI,HB20,automoveis,2012-10,2023-10,producao_local,duracao_ate_a_pagina,2023-10,https://www.autoindustria.com.br/2023/10/10/hyundai-caminha-para-recorde-de-producao-no-brasil-em-2023/,imprensa_especializada,"Fábrica de Piracicaba ultrapassou 2 milhões de unidades montadas em 11 anos [...] Já a marca de 1 milhão de unidades foi registrada em 2018, apenas 5 anos e 10 meses depois da inauguração da planta paulista e do primeiro HB20 produzido. [...] Considerando as configurações de carroceria hatch e sedã, já são mais de 1,6 milhão de unidades fabricadas.",fabricas_paginas/hyundai_2milhoes_autoindustria,11 anos contados para tras de outubro de 2023.
hyundai_piracicaba,Brasil,HYUNDAI,HB20S,automoveis,2012-10,2023-10,producao_local,duracao_ate_a_pagina,2023-10,https://www.autoindustria.com.br/2023/10/10/hyundai-caminha-para-recorde-de-producao-no-brasil-em-2023/,imprensa_especializada,"Fábrica de Piracicaba ultrapassou 2 milhões de unidades montadas em 11 anos [...] Já a marca de 1 milhão de unidades foi registrada em 2018, apenas 5 anos e 10 meses depois da inauguração da planta paulista e do primeiro HB20 produzido. [...] Considerando as configurações de carroceria hatch e sedã, já são mais de 1,6 milhão de unidades fabricadas.",fabricas_paginas/hyundai_2milhoes_autoindustria,11 anos contados para tras de outubro de 2023.
hyundai_piracicaba,Brasil,HYUNDAI,CRETA,automoveis,2017-01,2023-10,producao_local,inicio_ate_a_pagina,2023-10,https://www.autoindustria.com.br/2023/10/10/hyundai-caminha-para-recorde-de-producao-no-brasil-em-2023/,imprensa_especializada,"Fábrica de Piracicaba ultrapassou 2 milhões de unidades montadas em 11 anos [...] Lançado em 2017, o Creta responde pelos 400 mil veículos restantes.",fabricas_paginas/hyundai_2milhoes_autoindustria,
gm_sjc,Brasil,GM,CLASSIC,automoveis,2012-11,2013-02,producao_local,declarado,2012-11,https://exame.com/negocios/metalurgicos-da-gm-aprovam-plano-para-evitar-demissoes/,imprensa_geral,irá deixar de produzir o Classic na unidade em fevereiro de 2013 [...] o restante continua na produção do Classic até fevereiro.,fabricas_paginas/gm_classic_sjc_exame,Fonte fraca (imprensa geral).
fiat_betim,Brasil,FIAT,ARGO,automoveis,2017-01,2026-06,producao_local,inicio_ate_a_pagina,2026-06,https://www.autoindustria.com.br/2026/06/26/em-betim-producao-do-fiat-argo-atinge-750-mil-unidades/,imprensa_especializada,"Em Betim, produção do Fiat Argo atinge 750 mil unidades [...] Lançado em 2017 e com fabricação inteiramente nacional",fabricas_paginas/fiat_argo_750mil_autoindustria,
fiat_betim,Brasil,FIAT,FASTBACK,automoveis,2022-09,2026-06,producao_local,duracao_ate_a_pagina,2026-06,https://www.autoindustria.com.br/2026/06/24/fiat-fastback-supera-200-mil-unidades-produzidas/amp/,imprensa_especializada,"Próximo de completar quatro anos de mercado, em setembro próximo, o Fastback superou as 200 mil unidades produzidas. O primeiro e ainda único SUV coupé da Fiat no Brasil é fabricado no Polo Automotivo Stellantis de Betim, MG",fabricas_paginas/fiat_fastback_200mil_autoindustria,Quatro anos contados para tras de setembro de 2026.
fiat_betim,Brasil,FIAT,PULSE,automoveis,2021-01,2026-06,producao_local,inicio_ate_a_pagina,2026-06,https://autopapo.com.br/curta/fiat-pulse-alcanca-250-mil-unidades-produzidas-e-200-mil-vendidas-no-brasil/,imprensa_especializada,Fiat Pulse alcança 250 mil unidades produzidas e 200 mil vendidas no Brasil Fabricado em Betim (MG) [...] Fiat Pulse foi lançado em 2021,fabricas_paginas/fiat_pulse_250mil_autopapo,
stellantis_goiana,Brasil,FIAT,TORO,comerciais_leves,2016-01,2026-05,producao_local,inicio_ate_a_pagina,2026-05,https://www.autoindustria.com.br/2026/05/27/fiat-toro-encara-ano-de-desafios-a-lideranca/,imprensa_especializada,"modelo que está à frente do segmento desde 2016, quando foi lançado, poucos meses depois da apresentação da Oroch, e que alcançou 650 mil unidades produzidas desde então na fábrica da Stellantis de Goiana, PE.",fabricas_paginas/fiat_toro_2026_autoindustria,
stellantis_goiana,Brasil,RAM,RAMPAGE,comerciais_leves,2026-05,2026-05,producao_local,na_data_da_pagina,2026-05,https://www.autoindustria.com.br/2026/05/27/fiat-toro-encara-ano-de-desafios-a-lideranca/,imprensa_especializada,"A Rampage, também produzida pela Stellantis em Goiana",fabricas_paginas/fiat_toro_2026_autoindustria,
gm_scs,Brasil,GM,TRACKER,automoveis,2025-12,2025-12,producao_local,na_data_da_pagina,2025-12,https://www.autodata.com.br/noticias/2025/12/02/gm-abre-as-portas-da-fabrica-de-sao-caetano-do-sul-para-o-publico/97631/,imprensa_especializada,"A General Motors abriu as portas da sua fábrica instalada em São Caetano do Sul, SP, para visitas guiadas. É a primeira vez que o público em geral poderá conhecer de perto as etapas de produção dos modelos Chevrolet Tracker, Spin e Montana.",fabricas_paginas/gm_scs_visitas_autodata_97631,
gm_scs,Brasil,GM,SPIN,automoveis,2025-12,2025-12,producao_local,na_data_da_pagina,2025-12,https://www.autodata.com.br/noticias/2025/12/02/gm-abre-as-portas-da-fabrica-de-sao-caetano-do-sul-para-o-publico/97631/,imprensa_especializada,"A General Motors abriu as portas da sua fábrica instalada em São Caetano do Sul, SP, para visitas guiadas. É a primeira vez que o público em geral poderá conhecer de perto as etapas de produção dos modelos Chevrolet Tracker, Spin e Montana.",fabricas_paginas/gm_scs_visitas_autodata_97631,
gm_scs,Brasil,GM,MONTANA,comerciais_leves,2025-12,2025-12,producao_local,na_data_da_pagina,2025-12,https://www.autodata.com.br/noticias/2025/12/02/gm-abre-as-portas-da-fabrica-de-sao-caetano-do-sul-para-o-publico/97631/,imprensa_especializada,"A General Motors abriu as portas da sua fábrica instalada em São Caetano do Sul, SP, para visitas guiadas. É a primeira vez que o público em geral poderá conhecer de perto as etapas de produção dos modelos Chevrolet Tracker, Spin e Montana.",fabricas_paginas/gm_scs_visitas_autodata_97631,
gm_scs,Brasil,GM,TRACKER,automoveis,2025-07,2025-07,producao_local,na_data_da_pagina,2025-07,https://revistacarro.com.br/tracker-2026-comeca-ser-produzido-no-brasil-suv-ficou-a-cara-do-equinox/,imprensa_especializada,"o Chevrolet Tracker 2026 foi revelado por inteiro, uma vez que já começou a ser fabricado em São Caetano do Sul.",fabricas_paginas/gm_tracker_2026_revistacarro,
nissan_resende,Brasil,NISSAN,KICKS,automoveis,2025-04,2025-04,producao_local,na_data_da_pagina,2025-04,https://www.autodata.com.br/noticias/2025/04/15/nissan-inicia-a-producao-da-nova-geracao-do-kicks-em-resende/86823/,imprensa_especializada,"A Nissan deu início à produção da nova geração do Kicks em sua fábrica brasileira [...] é maior do que a geração anterior, agora batizada de Kicks Play – e que segue em linha em Resende.",fabricas_paginas/nissan_kicks_nova_geracao_autodata_86823,A chave KICKS agrega as duas geracoes.
,China,GWM,HAVAL H6,automoveis,2025-11,2025-11,abastece_o_brasil,na_data_da_pagina,2025-11,https://www.autoindustria.com.br/2025/11/17/com-novo-haval-h6-gwm-inicia-transicao-do-importado-para-o-nacional/,imprensa_especializada,O modelo segue também vindo da China e entre o final deste ano e início do próximo a montadora fará a transição do importado para o nacional,fabricas_paginas/gwm_h6_transicao_autoindustria,
gwm_iracemapolis,Brasil,GWM,HAVAL H6,automoveis,2025-11,2025-11,producao_local,na_data_da_pagina,2025-11,https://www.autoindustria.com.br/2025/11/17/com-novo-haval-h6-gwm-inicia-transicao-do-importado-para-o-nacional/,imprensa_especializada,"o novo Haval H6 já está em processo de montagem na fábrica da GWM em Iracemápolis, SP.",fabricas_paginas/gwm_h6_transicao_autoindustria,
gm_sjc,Brasil,GM,CORSA,automoveis,2009-03,2009-03,producao_local,na_data_da_pagina,2009-03,https://omecanico.com.br/fabrica-da-gm-em-sao-jose-dos-campos-comemora-50-anos/,imprensa_especializada,"Os modelos produzidos são: Corsa hatchback e sedã, com motores de 1.0 VHC Flexpower e 1.4 Econo.Flex litro, os monovolumes Meriva com motores 1.4 Econo.Flex e 1.8 Flexpower litro e Zafira 2.0 litros, a picape Montana 1.4 Econo.Flex e 1.8 Flexpower, a picape média S10 e o utilitário esportivo Blazer.",fabricas_paginas/gm_sjc_50anos_omecanico,'Corsa sedã' lido como a chave CORSA SEDAN; a pagina nao separa o Classic.
gm_sjc,Brasil,GM,CORSA SEDAN,automoveis,2009-03,2009-03,producao_local,na_data_da_pagina,2009-03,https://omecanico.com.br/fabrica-da-gm-em-sao-jose-dos-campos-comemora-50-anos/,imprensa_especializada,"Os modelos produzidos são: Corsa hatchback e sedã, com motores de 1.0 VHC Flexpower e 1.4 Econo.Flex litro, os monovolumes Meriva com motores 1.4 Econo.Flex e 1.8 Flexpower litro e Zafira 2.0 litros, a picape Montana 1.4 Econo.Flex e 1.8 Flexpower, a picape média S10 e o utilitário esportivo Blazer.",fabricas_paginas/gm_sjc_50anos_omecanico,'Corsa sedã' lido como a chave CORSA SEDAN; a pagina nao separa o Classic.
gm_sjc,Brasil,GM,MERIVA,automoveis,2009-03,2009-03,producao_local,na_data_da_pagina,2009-03,https://omecanico.com.br/fabrica-da-gm-em-sao-jose-dos-campos-comemora-50-anos/,imprensa_especializada,"Os modelos produzidos são: Corsa hatchback e sedã, com motores de 1.0 VHC Flexpower e 1.4 Econo.Flex litro, os monovolumes Meriva com motores 1.4 Econo.Flex e 1.8 Flexpower litro e Zafira 2.0 litros, a picape Montana 1.4 Econo.Flex e 1.8 Flexpower, a picape média S10 e o utilitário esportivo Blazer.",fabricas_paginas/gm_sjc_50anos_omecanico,'Corsa sedã' lido como a chave CORSA SEDAN; a pagina nao separa o Classic.
gm_sjc,Brasil,GM,ZAFIRA,automoveis,2009-03,2009-03,producao_local,na_data_da_pagina,2009-03,https://omecanico.com.br/fabrica-da-gm-em-sao-jose-dos-campos-comemora-50-anos/,imprensa_especializada,"Os modelos produzidos são: Corsa hatchback e sedã, com motores de 1.0 VHC Flexpower e 1.4 Econo.Flex litro, os monovolumes Meriva com motores 1.4 Econo.Flex e 1.8 Flexpower litro e Zafira 2.0 litros, a picape Montana 1.4 Econo.Flex e 1.8 Flexpower, a picape média S10 e o utilitário esportivo Blazer.",fabricas_paginas/gm_sjc_50anos_omecanico,'Corsa sedã' lido como a chave CORSA SEDAN; a pagina nao separa o Classic.
gm_sjc,Brasil,GM,MONTANA,comerciais_leves,2009-03,2009-03,producao_local,na_data_da_pagina,2009-03,https://omecanico.com.br/fabrica-da-gm-em-sao-jose-dos-campos-comemora-50-anos/,imprensa_especializada,"Os modelos produzidos são: Corsa hatchback e sedã, com motores de 1.0 VHC Flexpower e 1.4 Econo.Flex litro, os monovolumes Meriva com motores 1.4 Econo.Flex e 1.8 Flexpower litro e Zafira 2.0 litros, a picape Montana 1.4 Econo.Flex e 1.8 Flexpower, a picape média S10 e o utilitário esportivo Blazer.",fabricas_paginas/gm_sjc_50anos_omecanico,'Corsa sedã' lido como a chave CORSA SEDAN; a pagina nao separa o Classic.
gm_sjc,Brasil,GM,S10,comerciais_leves,2009-03,2009-03,producao_local,na_data_da_pagina,2009-03,https://omecanico.com.br/fabrica-da-gm-em-sao-jose-dos-campos-comemora-50-anos/,imprensa_especializada,"Os modelos produzidos são: Corsa hatchback e sedã, com motores de 1.0 VHC Flexpower e 1.4 Econo.Flex litro, os monovolumes Meriva com motores 1.4 Econo.Flex e 1.8 Flexpower litro e Zafira 2.0 litros, a picape Montana 1.4 Econo.Flex e 1.8 Flexpower, a picape média S10 e o utilitário esportivo Blazer.",fabricas_paginas/gm_sjc_50anos_omecanico,'Corsa sedã' lido como a chave CORSA SEDAN; a pagina nao separa o Classic.
gm_sjc,Brasil,GM,BLAZER,automoveis,2009-03,2009-03,producao_local,na_data_da_pagina,2009-03,https://omecanico.com.br/fabrica-da-gm-em-sao-jose-dos-campos-comemora-50-anos/,imprensa_especializada,"Os modelos produzidos são: Corsa hatchback e sedã, com motores de 1.0 VHC Flexpower e 1.4 Econo.Flex litro, os monovolumes Meriva com motores 1.4 Econo.Flex e 1.8 Flexpower litro e Zafira 2.0 litros, a picape Montana 1.4 Econo.Flex e 1.8 Flexpower, a picape média S10 e o utilitário esportivo Blazer.",fabricas_paginas/gm_sjc_50anos_omecanico,'Corsa sedã' lido como a chave CORSA SEDAN; a pagina nao separa o Classic.
stellantis_goiana,Brasil,JEEP,COMPASS,automoveis,2016-10,2025-11,producao_local,inicio_ate_a_pagina,2025-11,https://www.autodata.com.br/noticias/2025/11/12/jeep-compass-soma-600-mil-unidades-produzidas-em-goiana/96712/,imprensa_especializada,"O Jeep Compass chegou a 600 mil unidades produzidas na fábrica de Goiana, PE, desde outubro de 2016.",fabricas_paginas/jeep_compass_600mil_autodata_96712,
stellantis_goiana,Brasil,RAM,RAMPAGE,comerciais_leves,2023-01,2025-08,producao_local,inicio_ate_a_pagina,2025-08,https://www.autodata.com.br/?p=92708,imprensa_especializada,"O veículo que registrou este recorde foi a picape Ram Rampage, que é produzida na unidade desde 2023.",fabricas_paginas/stellantis_goiana_2milhoes_autodata_92708,So' o ano de inicio: lido como 2023-01 (convencao da fase 2).
stellantis_goiana,Brasil,JEEP,RENEGADE,automoveis,2025-08,2025-08,producao_local,na_data_da_pagina,2025-08,https://www.autodata.com.br/?p=92708,imprensa_especializada,"Atualmente, junto com a Rampage e o Renegade, a unidade também produz a Fiat Toro, o Jeep Compass e o Jeep Commander",fabricas_paginas/stellantis_goiana_2milhoes_autodata_92708,
stellantis_goiana,Brasil,FIAT,TORO,comerciais_leves,2025-08,2025-08,producao_local,na_data_da_pagina,2025-08,https://www.autodata.com.br/?p=92708,imprensa_especializada,"Atualmente, junto com a Rampage e o Renegade, a unidade também produz a Fiat Toro, o Jeep Compass e o Jeep Commander",fabricas_paginas/stellantis_goiana_2milhoes_autodata_92708,
stellantis_goiana,Brasil,JEEP,COMPASS,automoveis,2025-08,2025-08,producao_local,na_data_da_pagina,2025-08,https://www.autodata.com.br/?p=92708,imprensa_especializada,"Atualmente, junto com a Rampage e o Renegade, a unidade também produz a Fiat Toro, o Jeep Compass e o Jeep Commander",fabricas_paginas/stellantis_goiana_2milhoes_autodata_92708,
stellantis_goiana,Brasil,JEEP,COMMANDER,automoveis,2025-08,2025-08,producao_local,na_data_da_pagina,2025-08,https://www.autodata.com.br/?p=92708,imprensa_especializada,"Atualmente, junto com a Rampage e o Renegade, a unidade também produz a Fiat Toro, o Jeep Compass e o Jeep Commander",fabricas_paginas/stellantis_goiana_2milhoes_autodata_92708,
caoa_anapolis,Brasil,CAOA CHERY,TIGGO 5X,automoveis,2025-01,2025-07,producao_local,declarado,2025-08,https://www.autodata.com.br/noticias/2025/08/04/caoa-soma-200-mil-suvs-produzidos-em-anapolis/91833/,imprensa_especializada,"Em 2025 os modelos Caoa Chery produzidos em Anápolis, os SUVs Tiggo 5, Tiggo 7 e Tiggo 8, somaram 35 mil emplacamentos até julho",fabricas_paginas/caoa_200mil_autodata_91833,Periodo tratado: janeiro a julho de 2025. 'Tiggo 5' lido como a chave TIGGO 5X.
caoa_anapolis,Brasil,CAOA CHERY,TIGGO 7,automoveis,2025-01,2025-07,producao_local,declarado,2025-08,https://www.autodata.com.br/noticias/2025/08/04/caoa-soma-200-mil-suvs-produzidos-em-anapolis/91833/,imprensa_especializada,"Em 2025 os modelos Caoa Chery produzidos em Anápolis, os SUVs Tiggo 5, Tiggo 7 e Tiggo 8, somaram 35 mil emplacamentos até julho",fabricas_paginas/caoa_200mil_autodata_91833,Periodo tratado: janeiro a julho de 2025. 'Tiggo 5' lido como a chave TIGGO 5X.
caoa_anapolis,Brasil,CAOA CHERY,TIGGO 8,automoveis,2025-01,2025-07,producao_local,declarado,2025-08,https://www.autodata.com.br/noticias/2025/08/04/caoa-soma-200-mil-suvs-produzidos-em-anapolis/91833/,imprensa_especializada,"Em 2025 os modelos Caoa Chery produzidos em Anápolis, os SUVs Tiggo 5, Tiggo 7 e Tiggo 8, somaram 35 mil emplacamentos até julho",fabricas_paginas/caoa_200mil_autodata_91833,Periodo tratado: janeiro a julho de 2025. 'Tiggo 5' lido como a chave TIGGO 5X.
caoa_anapolis,Brasil,CAOA CHERY,TIGGO 5X,automoveis,2026-02,2026-02,producao_local,na_data_da_pagina,2026-02,https://mecanicaonline.com.br/2026/02/durr-brasil-moderniza-planta-de-pintura-da-caoa-em-anapolis-e-amplia-capacidade-produtiva-dos-suvs-tiggo/,imprensa_especializada,"A Dürr Brasil concluiu a primeira etapa da ampliação da planta de pintura da CAOA em Anápolis (GO), modernizando processos e dobrando a capacidade produtiva dos SUVs Tiggo 5, Tiggo 7 e Tiggo 8.",fabricas_paginas/caoa_anapolis_pintura_mecanicaonline,'Tiggo 5' lido como a chave TIGGO 5X.
caoa_anapolis,Brasil,CAOA CHERY,TIGGO 7,automoveis,2026-02,2026-02,producao_local,na_data_da_pagina,2026-02,https://mecanicaonline.com.br/2026/02/durr-brasil-moderniza-planta-de-pintura-da-caoa-em-anapolis-e-amplia-capacidade-produtiva-dos-suvs-tiggo/,imprensa_especializada,"A Dürr Brasil concluiu a primeira etapa da ampliação da planta de pintura da CAOA em Anápolis (GO), modernizando processos e dobrando a capacidade produtiva dos SUVs Tiggo 5, Tiggo 7 e Tiggo 8.",fabricas_paginas/caoa_anapolis_pintura_mecanicaonline,'Tiggo 5' lido como a chave TIGGO 5X.
caoa_anapolis,Brasil,CAOA CHERY,TIGGO 8,automoveis,2026-02,2026-02,producao_local,na_data_da_pagina,2026-02,https://mecanicaonline.com.br/2026/02/durr-brasil-moderniza-planta-de-pintura-da-caoa-em-anapolis-e-amplia-capacidade-produtiva-dos-suvs-tiggo/,imprensa_especializada,"A Dürr Brasil concluiu a primeira etapa da ampliação da planta de pintura da CAOA em Anápolis (GO), modernizando processos e dobrando a capacidade produtiva dos SUVs Tiggo 5, Tiggo 7 e Tiggo 8.",fabricas_paginas/caoa_anapolis_pintura_mecanicaonline,'Tiggo 5' lido como a chave TIGGO 5X.
caoa_anapolis,Brasil,CAOA CHERY,TIGGO 5X,automoveis,2026-02,2026-02,producao_local,na_data_da_pagina,2026-02,https://mecanicaonline.com.br/2026/02/novo-caoa-chery-tiggo-5x-2027-renovado-pacote-premium-7-anos-de-garantia-e-precos-a-partir-de-r-119-990/,imprensa_especializada,"Fabricado em Anápolis (GO), o modelo chega em duas versões, Sport e Pro",fabricas_paginas/caoa_tiggo5x_2027_mecanicaonline,
hyundai_piracicaba,Brasil,HYUNDAI,HB20,automoveis,2026-03,2026-03,producao_local,na_data_da_pagina,2026-03,https://mecanicaonline.com.br/2026/03/hyundai-confirma-novo-modelo-nacional-entre-hb20-e-creta/,imprensa_especializada,"A estratégia reforça o papel da fábrica de Piracicaba como base do sucesso da Hyundai no Brasil desde 2012, responsável por dois pilares da marca: o HB20, competitivo entre compactos, e o Creta",fabricas_paginas/hyundai_terceiro_modelo_mecanicaonline,
hyundai_piracicaba,Brasil,HYUNDAI,CRETA,automoveis,2026-03,2026-03,producao_local,na_data_da_pagina,2026-03,https://mecanicaonline.com.br/2026/03/hyundai-confirma-novo-modelo-nacional-entre-hb20-e-creta/,imprensa_especializada,"A estratégia reforça o papel da fábrica de Piracicaba como base do sucesso da Hyundai no Brasil desde 2012, responsável por dois pilares da marca: o HB20, competitivo entre compactos, e o Creta",fabricas_paginas/hyundai_terceiro_modelo_mecanicaonline,
,China,BYD,DOLPHIN MINI,automoveis,2024-02,2024-02,abastece_o_brasil,na_data_da_pagina,2024-02,https://www.autoindustria.com.br/2024/02/28/mesmo-para-4-pessoas-dolphin-mini-pode-ser-a-mosca-na-sopa-dos-compactos/,imprensa_especializada,"A BYD lançou nesta quarta-feira, 28, o Dolphin Mini. O modelo importado da China e lá fora conhecido como Seagull é oferecido por R$ 115.800,00.",fabricas_paginas/byd_dolphin_mini_lancamento_autoindustria,
,China,BYD,DOLPHIN,automoveis,2025-02,2025-02,abastece_o_brasil,na_data_da_pagina,2025-03,https://autopapo.com.br/noticia/navio-byd-5-500-veiculos-para-brasil-novidade-2025/,imprensa_especializada,"Na última quinta-feira (27), 5.500 carros elétricos e híbridos da BYD desembarcaram em Aracruz no Espírito Santo vindos diretamente da China. [...] Ele trouxe os automóveis das famílias Dolphin, Song e Yuan",fabricas_paginas/byd_navio_5500_autopapo,"Desembarque de 27 de fevereiro de 2025. Familias lidas como as chaves DOLPHIN, DOLPHIN MINI, SONG e YUAN."
,China,BYD,DOLPHIN MINI,automoveis,2025-02,2025-02,abastece_o_brasil,na_data_da_pagina,2025-03,https://autopapo.com.br/noticia/navio-byd-5-500-veiculos-para-brasil-novidade-2025/,imprensa_especializada,"Na última quinta-feira (27), 5.500 carros elétricos e híbridos da BYD desembarcaram em Aracruz no Espírito Santo vindos diretamente da China. [...] Ele trouxe os automóveis das famílias Dolphin, Song e Yuan",fabricas_paginas/byd_navio_5500_autopapo,"Desembarque de 27 de fevereiro de 2025. Familias lidas como as chaves DOLPHIN, DOLPHIN MINI, SONG e YUAN."
,China,BYD,SONG,automoveis,2025-02,2025-02,abastece_o_brasil,na_data_da_pagina,2025-03,https://autopapo.com.br/noticia/navio-byd-5-500-veiculos-para-brasil-novidade-2025/,imprensa_especializada,"Na última quinta-feira (27), 5.500 carros elétricos e híbridos da BYD desembarcaram em Aracruz no Espírito Santo vindos diretamente da China. [...] Ele trouxe os automóveis das famílias Dolphin, Song e Yuan",fabricas_paginas/byd_navio_5500_autopapo,"Desembarque de 27 de fevereiro de 2025. Familias lidas como as chaves DOLPHIN, DOLPHIN MINI, SONG e YUAN."
,China,BYD,YUAN,automoveis,2025-02,2025-02,abastece_o_brasil,na_data_da_pagina,2025-03,https://autopapo.com.br/noticia/navio-byd-5-500-veiculos-para-brasil-novidade-2025/,imprensa_especializada,"Na última quinta-feira (27), 5.500 carros elétricos e híbridos da BYD desembarcaram em Aracruz no Espírito Santo vindos diretamente da China. [...] Ele trouxe os automóveis das famílias Dolphin, Song e Yuan",fabricas_paginas/byd_navio_5500_autopapo,"Desembarque de 27 de fevereiro de 2025. Familias lidas como as chaves DOLPHIN, DOLPHIN MINI, SONG e YUAN."
fiat_betim,Brasil,FIAT,PUNTO,automoveis,2007-01,2017-01,producao_local,declarado,2026-03,https://autopapo.com.br/noticia/carro-usado-fiat-punto/,imprensa_especializada,"Lançado na Europa em 2005 e no Brasil dois anos depois, o Fiat Punto rapidamente virou figurinha carimbada nas ruas. Produzido em Betim (MG) [...] o hatch seguiu firme até janeiro de 2017, quando saiu de linha após 270 mil unidades produzidas",fabricas_paginas/fiat_punto_10fatos_autopapo,Inicio so' com o ano (2005 + dois anos): lido como 2007-01.
,Brasil,GM,ASTRA,automoveis,1998-01,2011-12,producao_local,declarado,2021-06,https://autopapo.com.br/noticia/chevrolet-astra-10-consumo-problemas-comuns-qualidades-melhor-ano/,imprensa_especializada,"O modelo estreou no Brasil em sua primeira geração entre 1994 e 1996, vindo da Bélgica nas configurações hatch e station wagon. Dois anos depois, a segunda geração passou a ser produzida no Brasil [...] O último ano de produção do Chevrolet Astra, 2011",fabricas_paginas/gm_astra_10verdades_autopapo,A pagina nao nomeia a fabrica. Inicio: 1996 + dois anos.
,Brasil,GM,ASTRA SEDAN,automoveis,1999-01,2011-12,producao_local,declarado,2021-06,https://autopapo.com.br/noticia/chevrolet-astra-10-consumo-problemas-comuns-qualidades-melhor-ano/,imprensa_especializada,"a segunda geração passou a ser produzida no Brasil, inicialmente como um hatch duas portas e, em 1999, como sedã. [...] O último ano de produção do Chevrolet Astra, 2011",fabricas_paginas/gm_astra_10verdades_autopapo,A pagina nao nomeia a fabrica.
,Coreia do Sul,HYUNDAI,I30,automoveis,2009-03,2016-12,abastece_o_brasil,declarado,2025-03,https://autopapo.com.br/noticia/carro-usado-hyundai-i30/,imprensa_especializada,"Importado da Coreia do Sul, o Hyundai i30 [...] O Hyundai i30 começou a ser importado para o Brasil em março de 2009 com motor 2.0 16V. [...] Deixou de ser vendido em 2016",fabricas_paginas/hyundai_i30_10fatos_autopapo,
caoa_anapolis,Brasil,HYUNDAI,TUCSON,automoveis,2010-01,2018-12,producao_local,declarado,2024-12,https://autopapo.com.br/noticia/hyundai-tucson-2010/,imprensa_especializada,"Em 2010, o Hyundai Tucson começou a ser montado no Brasil. [...] até ser descontinuado em 2018. [...] Foi naquele ano em que a planta do Grupo Caoa em Anápolis (GO), que já fazia o caminhãozinho HR, iniciou a linha de montagem do SUV médio.",fabricas_paginas/hyundai_tucson_9fatos_autopapo,A primeira geracao; a pagina diz que as tres geracoes conviveram em Anapolis.
caoa_anapolis,Brasil,HYUNDAI,HR,comerciais_leves,2010-01,2010-12,producao_local,declarado,2024-12,https://autopapo.com.br/noticia/hyundai-tucson-2010/,imprensa_especializada,"Foi naquele ano em que a planta do Grupo Caoa em Anápolis (GO), que já fazia o caminhãozinho HR, iniciou a linha de montagem do SUV médio.",fabricas_paginas/hyundai_tucson_9fatos_autopapo,O ano tratado e' 2010.
renault_sjp,Brasil,NISSAN,LIVINA,automoveis,2009-03,2014-12,producao_local,declarado,2024-12,https://autopapo.com.br/noticia/carro-usado-nissan-grand-livina/,imprensa_especializada,"O lançamento oficial por aqui foi em março de 2009 [...] A gama Nissan Livina foi produzida sobre a plataforma B da fabricante japonesa, só que na planta da Renault em São José dos Pinhais (PR). [...] Os dois modelos deixaram de ser produzidos em 2014.",fabricas_paginas/nissan_livina_10fatos_autopapo,A chave LIVINA agrega Livina e Grand Livina.
,Coreia do Sul,KIA,SOUL,automoveis,2009-07,2019-12,abastece_o_brasil,declarado,2025-09,https://autopapo.com.br/noticia/carro-usado-kia-soul/,imprensa_especializada,"Desembarcou no Brasil em julho de 2009, importado da Coreia do Sul. [...] o crossover coreano só teve opção automática no mercado brasileiro até 2019, quando deixou de ser vendido.",fabricas_paginas/kia_soul_10fatos_autopapo,A origem e' dada na chegada; o periodo vai ate' o fim das vendas.
gm_sjc,Brasil,GM,CORSA,automoveis,1994-01,2012-12,producao_local,declarado,2024-06,https://www.autodata.com.br/revistas/flipbook/411-2024-06/50/,imprensa_especializada,"1994 Início da produção do Chevrolet Corsa, que nos dois anos seguintes fez a produção da GMB crescer 42%. [...] 2012 SUV Blazer sai de linha e dá lugar à Trailblazer. Encerramento da produção do Corsa hatch",fabricas_paginas/gm_sjc_65anos_autodata_revista411,
gm_sjc,Brasil,GM,CLASSIC,automoveis,1995-11,2013-12,producao_local,declarado,2024-06,https://www.autodata.com.br/revistas/flipbook/411-2024-06/50/,imprensa_especializada,"1994 Início da produção do Chevrolet Corsa [...] Encerramento da produção do Corsa hatch e, no ano seguinte, da versão sedã Classic, fechando assim a linha de fabricação de veículos leves na unidade.",fabricas_paginas/gm_sjc_65anos_autodata_revista411,"Fim em Sao Jose dos Campos: 2013. Inicio: lancamento do Corsa Sedan, 'anos depois rebatizado Classic', em 11 de novembro [de 1995], na pagina gm_100anos_autodata_revista418_p87."
gm_sjc,Brasil,GM,BLAZER,automoveis,1995-01,2012-12,producao_local,declarado,2024-06,https://www.autodata.com.br/revistas/flipbook/411-2024-06/50/,imprensa_especializada,"1995 Início da produção da S10, primeira picape média nacional, e do derivado Blazer, primeiro SUV nacional. [...] 2012 SUV Blazer sai de linha e dá lugar à Trailblazer.",fabricas_paginas/gm_sjc_65anos_autodata_revista411,
,Brasil,GM,CORSA,automoveis,2002-01,2012-12,producao_local,declarado,2021-04,https://autopapo.com.br/noticia/10-carros-mas-fracassaram-apos-trocas-geracoes/,imprensa_especializada,"No embalo, a GM lançou, em 2002, a nova geração do hatch – a segunda no Brasil – com promessa de uma arquitetura mais avançada e melhor acerto dinâmico. Viveu até a era das estreias dos motores flex, deu crias sedã e picape [...] a linha nova deixou de ser feita em 2012",fabricas_paginas/carros_trocas_geracoes_autopapo,A pagina nao nomeia a fabrica. A 'linha nova' e' a segunda geracao (hatch e sedã).
,Brasil,GM,CORSA SEDAN,automoveis,2002-01,2012-12,producao_local,declarado,2021-04,https://autopapo.com.br/noticia/10-carros-mas-fracassaram-apos-trocas-geracoes/,imprensa_especializada,"No embalo, a GM lançou, em 2002, a nova geração do hatch – a segunda no Brasil – com promessa de uma arquitetura mais avançada e melhor acerto dinâmico. Viveu até a era das estreias dos motores flex, deu crias sedã e picape [...] a linha nova deixou de ser feita em 2012",fabricas_paginas/carros_trocas_geracoes_autopapo,A pagina nao nomeia a fabrica. A 'linha nova' e' a segunda geracao (hatch e sedã).
,Brasil,GM,VECTRA,automoveis,1993-01,2011-06,producao_local,declarado,2021-12,https://autopapo.com.br/noticia/chevrolet-vectra-10-fatos-modelo/,imprensa_especializada,"O Vectra foi um caso emblemático. Projeto Opel do fim dos anos 1980, começou a ser produzido por aqui em 1993 com várias inovações. [...] Em junho de 2011, o Vectra deixou de ser produzido",fabricas_paginas/gm_vectra_10fatos_autopapo,A pagina nao nomeia a fabrica.
,Brasil,GM,VECTRA HATCH,automoveis,2007-01,2011-06,producao_local,declarado,2021-12,https://autopapo.com.br/noticia/chevrolet-vectra-10-fatos-modelo/,imprensa_especializada,"Em 2007, surgiu a derivação hatch do Astrão, ou melhor, do Vectra. Era o Vectra GT [...] deixou de ser fabricado juntamente com o sedã, em junho de 2011, para dar lugar à linha Cruze.",fabricas_paginas/gm_vectra_10fatos_autopapo,A pagina trata da producao brasileira do Vectra e nao nomeia a fabrica.
gm_scs,Brasil,GM,MERIVA,automoveis,2002-12,2012-12,producao_local,declarado,2024-10,https://autopapo.com.br/noticia/chevrolet-meriva-2012/,imprensa_especializada,"O monovolume compacto surgiu sob a bandeira da Opel [...] no primeiro semestre de 2002. Em questão de meses começou a ser produzida em São Caetano do Sul (SP) e vendida como Chevrolet Meriva por aqui. [...] No último ano da Chevrolet Meriva, 2012",fabricas_paginas/gm_meriva_10fatos_autopapo,Inicio 'em questao de meses' depois do 1o semestre de 2002: lido como 2002-12.
byd_camacari,Brasil,BYD,DOLPHIN MINI,automoveis,2025-10,2025-11,producao_local,inicio_ate_a_pagina,2025-11,https://www.autodata.com.br/?p=96403,imprensa_especializada,"A BYD montou 363 Dolphin Mini no primeiro mês de operação da fábrica de Camaçari, BA, inaugurada em outubro.",origem_paginas/byd_camacari_autodata_96403,
gwm_iracemapolis,Brasil,GWM,HAVAL H6,automoveis,2025-09,2026-08,producao_local,inicio_ate_a_pagina,2026-08,https://www.gwmmotors.com.br/pt/media-center/news/2026/um-ano-apos-inauguracao-fabrica-da-gwm-em-iracemapolis-consolida-operacao-industrial-e-impulsiona-crescimento-da-marca-no-brasil,oficial,"Depois do início da produção, em setembro de 2025, a unidade incorporou novos processos industriais [...] Desde a inauguração, a planta produz toda a linha híbrida Haval H6 Flex (nas versões HEV, PHEV19, PHEV35 e GT), a picape média Poer P30 e o SUV de 7 lugares Haval H9, ambos a diesel.",origem_paginas/gwm_iracemapolis_um_ano,
gwm_iracemapolis,Brasil,GWM,HAVAL H9,automoveis,2025-09,2026-08,producao_local,inicio_ate_a_pagina,2026-08,https://www.gwmmotors.com.br/pt/media-center/news/2026/um-ano-apos-inauguracao-fabrica-da-gwm-em-iracemapolis-consolida-operacao-industrial-e-impulsiona-crescimento-da-marca-no-brasil,oficial,"Depois do início da produção, em setembro de 2025, a unidade incorporou novos processos industriais [...] Desde a inauguração, a planta produz toda a linha híbrida Haval H6 Flex (nas versões HEV, PHEV19, PHEV35 e GT), a picape média Poer P30 e o SUV de 7 lugares Haval H9, ambos a diesel.",origem_paginas/gwm_iracemapolis_um_ano,
gwm_iracemapolis,Brasil,GWM,POER,comerciais_leves,2025-09,2026-08,producao_local,inicio_ate_a_pagina,2026-08,https://www.gwmmotors.com.br/pt/media-center/news/2026/um-ano-apos-inauguracao-fabrica-da-gwm-em-iracemapolis-consolida-operacao-industrial-e-impulsiona-crescimento-da-marca-no-brasil,oficial,"Depois do início da produção, em setembro de 2025, a unidade incorporou novos processos industriais [...] Desde a inauguração, a planta produz toda a linha híbrida Haval H6 Flex (nas versões HEV, PHEV19, PHEV35 e GT), a picape média Poer P30 e o SUV de 7 lugares Haval H9, ambos a diesel.",origem_paginas/gwm_iracemapolis_um_ano,
bmw_araquari,Brasil,BMW,X1,automoveis,2023-04,2023-08,producao_local,inicio_ate_a_pagina,2023-08,https://www.autodata.com.br/?p=59749,imprensa_especializada,"A fábrica foi inaugurada em 2014 e o modelo de número 90 mil produzido foi um X1 sDrive20i M Sport, que teve sua nova geração nacionalizada e é produzida aqui desde abril.",origem_paginas/bmw_araquari_autodata_59749,
bmw_araquari,Brasil,BMW,X3,automoveis,2018-03,2018-03,producao_local,inicio_ate_a_pagina,2018-03,https://www.press.bmwgroup.com/brazil/article/detail/T0279452PT/novo-bmw-x3-come%C3%A7a-a-ser-produzido-em-araquari-sc?language=pt,oficial,"O novo BMW X3 começa [...] a ser produzido hoje (26) na fábrica do BMW Group em Araquari, Santa",origem_paginas/bmw_x3_press_araquari_2018,
jlr_itatiaia,Brasil,LAND ROVER,EVOQUE,automoveis,2016-06,2016-06,producao_local,na_data_da_pagina,2016-06,https://media.jaguarlandrover.com/news/2016/06/jaguar-land-rover-opens-factory-brazil,oficial,The new facility will build both the Range Rover Evoque and Land Rover Discovery Sport for Brazilian customers. Vehicles will be on sale in dealers across Brazil this month.,origem_paginas/jlr_itatiaia_media_jlr,A chave DISCOVERY agrega o Discovery Sport (Itatiaia) e o Discovery importado.
jlr_itatiaia,Brasil,LAND ROVER,DISCOVERY,automoveis,2016-06,2016-06,producao_local,na_data_da_pagina,2016-06,https://media.jaguarlandrover.com/news/2016/06/jaguar-land-rover-opens-factory-brazil,oficial,The new facility will build both the Range Rover Evoque and Land Rover Discovery Sport for Brazilian customers. Vehicles will be on sale in dealers across Brazil this month.,origem_paginas/jlr_itatiaia_media_jlr,A chave DISCOVERY agrega o Discovery Sport (Itatiaia) e o Discovery importado.
audi_sjp,Brasil,AUDI,Q3,automoveis,2016-03,2016-03,producao_local,inicio_ate_a_pagina,2016-03,https://motorshow.com.br/audi-comeca-a-produzir-o-crossover-q3-no-brasil,imprensa_especializada,A fábrica de São José dos Pinhais (PR) iniciou oficialmente nesta sexta-feira (11) a produção local do Q3,origem_paginas/audi_sjp_motorshow_q3,
stellantis_goiana,Brasil,JEEP,COMPASS,automoveis,2016-09,2025-07,producao_local,inicio_ate_a_pagina,2025-07,https://www.autodata.com.br/?p=91613,imprensa_especializada,"Lançado em setembro de 2016 o Jeep Compass, fabricado em Goiana, PE, superou a marca de 500 mil unidades vendidas no mercado brasileiro.",origem_paginas/jeep_compass_goiana_autodata_91613,
hpe_catalao,Brasil,MITSUBISHI,ASX,automoveis,2013-01,2021-10,producao_local,declarado,2021-11,https://revistacarro.com.br/mitsubishi-asx-sai-de-linha-no-brasil-apos-11-anos/,imprensa_especializada,A produção nacional teve início em 2013 [...] O utilitário esportivo deixou de ser produzido em Catalão (GO),origem_paginas/mitsubishi_asx_revistacarro_fim,Fim no mes anterior ao da pagina (novembro de 2021).
hpe_catalao,Brasil,SUZUKI,JIMNY,automoveis,2013-01,2022-08,producao_local,declarado,2022-08,https://motorshow.com.br/producao-do-suzuki-jimny-e-encerrada-na-fabrica-de-catalao-go/,imprensa_especializada,"Vale lembrar que o utilitário é fabricado no País desde 2013. [...] A HPE Automotores, representante oficial da Suzuki no Brasil, encerrou a produção do Jimny na fábrica de Catalão (GO).",origem_paginas/suzuki_jimny_motorshow_fim,
gm_scs,Brasil,GM,CRUZE SEDAN,automoveis,2016-05,2016-05,producao_local,na_data_da_pagina,2016-05,https://motorshow.com.br/chevrolet-confirma-novo-cruze-para-o-segundo-semestre,imprensa_especializada,O sedã deixa de ser produzido em São Caetano do Sul (SP) e passa a ser importado da Argentina.,origem_paginas/gm_cruze_motorshow_novo_2016,Em maio de 2016 o seda' ainda saia de Sao Caetano; o hatch nao e' citado.
gm_scs,Brasil,GM,CRUZE HB,automoveis,2016-05,2016-05,producao_local,na_data_da_pagina,2016-05,https://motorshow.com.br/chevrolet-confirma-novo-cruze-para-o-segundo-semestre,imprensa_especializada,O sedã deixa de ser produzido em São Caetano do Sul (SP) e passa a ser importado da Argentina.,origem_paginas/gm_cruze_motorshow_novo_2016,Em maio de 2016 o seda' ainda saia de Sao Caetano; o hatch nao e' citado.
nissan_resende,Brasil,NISSAN,KICKS,automoveis,2017-04,2017-04,producao_local,na_data_da_pagina,2017-04,https://motorshow.com.br/nissan-kicks-comeca-ser-produzido-no-brasil,imprensa_especializada,"o Nissan Kicks começa a ser produzido na fábrica da marca japonesa em Resende (RJ), que também produz os compactos March e Versa.",origem_paginas/nissan_kicks_motorshow_inicio,
nissan_resende,Brasil,NISSAN,MARCH,automoveis,2017-04,2017-04,producao_local,na_data_da_pagina,2017-04,https://motorshow.com.br/nissan-kicks-comeca-ser-produzido-no-brasil,imprensa_especializada,"o Nissan Kicks começa a ser produzido na fábrica da marca japonesa em Resende (RJ), que também produz os compactos March e Versa.",origem_paginas/nissan_kicks_motorshow_inicio,
nissan_resende,Brasil,NISSAN,VERSA,automoveis,2017-04,2017-04,producao_local,na_data_da_pagina,2017-04,https://motorshow.com.br/nissan-kicks-comeca-ser-produzido-no-brasil,imprensa_especializada,"o Nissan Kicks começa a ser produzido na fábrica da marca japonesa em Resende (RJ), que também produz os compactos March e Versa.",origem_paginas/nissan_kicks_motorshow_inicio,
nissan_resende,Brasil,NISSAN,VERSA,automoveis,2015-03,2015-03,producao_local,na_data_da_pagina,2015-03,https://motorshow.com.br/novo-versa-chega-as-lojas-a-partir-de-r-41-990,imprensa_especializada,Produzido junto do hatch New March na planta industrial de Resende (RJ),origem_paginas/nissan_versa_motorshow_2015,
nissan_resende,Brasil,NISSAN,MARCH,automoveis,2015-03,2015-03,producao_local,na_data_da_pagina,2015-03,https://motorshow.com.br/novo-versa-chega-as-lojas-a-partir-de-r-41-990,imprensa_especializada,Produzido junto do hatch New March na planta industrial de Resende (RJ),origem_paginas/nissan_versa_motorshow_2015,
toyota_sorocaba,Brasil,TOYOTA,YARIS CROSS,automoveis,2026-01,2026-01,producao_local,inicio_ate_a_pagina,2026-01,https://www.autodata.com.br/noticias/2026/01/27/toyota-inicia-a-producao-do-yaris-cross-em-sorocaba/99142/,imprensa_especializada,"a Toyota iniciou a produção do SUV compacto Yaris Cross em Sorocaba, SP.",origem_paginas/toyota_yaris_cross_autodata_99142,
hpe_catalao,Brasil,MITSUBISHI,TRITON,comerciais_leves,2025-01,2025-01,producao_local,na_data_da_pagina,2025-01,https://www.autodata.com.br/?p=82909,imprensa_especializada,"A Triton, produzida em Catalão, GO, foi o modelo mais vendido",origem_paginas/mitsubishi_triton_autodata_82909,
,Brasil,MITSUBISHI,ECLIPSE CROSS,automoveis,2025-01,2025-01,producao_local,na_data_da_pagina,2025-01,https://www.autodata.com.br/?p=82909,imprensa_especializada,"O Eclipse Cross, também nacional, somou 8,3 mil vendas",origem_paginas/mitsubishi_triton_autodata_82909,
,Tailândia,MITSUBISHI,PAJERO,automoveis,2025-01,2025-01,abastece_o_brasil,na_data_da_pagina,2025-01,https://www.autodata.com.br/?p=82909,imprensa_especializada,"o Pajero Sport, importado da Tailândia, registrou 2,9 mil unidades comercializadas.",origem_paginas/mitsubishi_triton_autodata_82909,A chave agrega os Pajero; a fonte trata do Pajero Sport.
ar_vw,Argentina,VW,SPACE FOX,automoveis,2006-01,2018-12,abastece_o_brasil,declarado,2019-01,https://autopapo.com.br/noticia/vw-spacefox-fim-producao/,imprensa_especializada,"a VW SpaceFox já não está sendo mais produzida na Argentina, de onde era exportada para nosso mercado. [...] A SpaceFox foi lançada em 2006 e produzida na Argentina desde então.",origem_paginas/vw_spacefox_autopapo_fim,
caoa_anapolis,Brasil,CAOA CHERY,TIGGO 5X,automoveis,2025-01,2025-07,producao_local,declarado,2025-08,https://www.autodata.com.br/noticias/2025/08/04/caoa-soma-200-mil-suvs-produzidos-em-anapolis/91833/,imprensa_especializada,"Em 2025 os modelos Caoa Chery produzidos em Anápolis, os SUVs Tiggo 5, Tiggo 7 e Tiggo 8, somaram 35 mil emplacamentos até julho",origem_paginas/caoa_anapolis_autodata_200mil,Tiggo 5 e' a chave TIGGO 5X.
caoa_anapolis,Brasil,CAOA CHERY,TIGGO 7,automoveis,2025-01,2025-07,producao_local,declarado,2025-08,https://www.autodata.com.br/noticias/2025/08/04/caoa-soma-200-mil-suvs-produzidos-em-anapolis/91833/,imprensa_especializada,"Em 2025 os modelos Caoa Chery produzidos em Anápolis, os SUVs Tiggo 5, Tiggo 7 e Tiggo 8, somaram 35 mil emplacamentos até julho",origem_paginas/caoa_anapolis_autodata_200mil,Tiggo 5 e' a chave TIGGO 5X.
caoa_anapolis,Brasil,CAOA CHERY,TIGGO 8,automoveis,2025-01,2025-07,producao_local,declarado,2025-08,https://www.autodata.com.br/noticias/2025/08/04/caoa-soma-200-mil-suvs-produzidos-em-anapolis/91833/,imprensa_especializada,"Em 2025 os modelos Caoa Chery produzidos em Anápolis, os SUVs Tiggo 5, Tiggo 7 e Tiggo 8, somaram 35 mil emplacamentos até julho",origem_paginas/caoa_anapolis_autodata_200mil,Tiggo 5 e' a chave TIGGO 5X.
iveco_sete_lagoas,Brasil,IVECO,DAILY,comerciais_leves,2026-08,2026-08,producao_local,na_data_da_pagina,2026-08,https://www.autodata.com.br/noticias/2026/08/14/maior-demanda-por-leves-faz-iveco-contratar-200-trabalhadores-e-abrir-turno-em-sete-lagoas/132279/,imprensa_especializada,"o reflexo desta maior procura pelos veículos da família Daily resultou na contratação de duzentos trabalhadores na fábrica de Sete Lagoas, MG",origem_paginas/iveco_daily_autodata_sete_lagoas,
iveco_sete_lagoas,Brasil,IVECO,DAILY 30-130,comerciais_leves,2026-08,2026-08,producao_local,na_data_da_pagina,2026-08,https://www.autodata.com.br/noticias/2026/08/14/maior-demanda-por-leves-faz-iveco-contratar-200-trabalhadores-e-abrir-turno-em-sete-lagoas/132279/,imprensa_especializada,"o reflexo desta maior procura pelos veículos da família Daily resultou na contratação de duzentos trabalhadores na fábrica de Sete Lagoas, MG",origem_paginas/iveco_daily_autodata_sete_lagoas,
iveco_sete_lagoas,Brasil,IVECO,DAILY 30S13,comerciais_leves,2026-08,2026-08,producao_local,na_data_da_pagina,2026-08,https://www.autodata.com.br/noticias/2026/08/14/maior-demanda-por-leves-faz-iveco-contratar-200-trabalhadores-e-abrir-turno-em-sete-lagoas/132279/,imprensa_especializada,"o reflexo desta maior procura pelos veículos da família Daily resultou na contratação de duzentos trabalhadores na fábrica de Sete Lagoas, MG",origem_paginas/iveco_daily_autodata_sete_lagoas,
iveco_sete_lagoas,Brasil,IVECO,DAILY 35-150,comerciais_leves,2026-08,2026-08,producao_local,na_data_da_pagina,2026-08,https://www.autodata.com.br/noticias/2026/08/14/maior-demanda-por-leves-faz-iveco-contratar-200-trabalhadores-e-abrir-turno-em-sete-lagoas/132279/,imprensa_especializada,"o reflexo desta maior procura pelos veículos da família Daily resultou na contratação de duzentos trabalhadores na fábrica de Sete Lagoas, MG",origem_paginas/iveco_daily_autodata_sete_lagoas,
iveco_sete_lagoas,Brasil,IVECO,DAILY 3514,comerciais_leves,2026-08,2026-08,producao_local,na_data_da_pagina,2026-08,https://www.autodata.com.br/noticias/2026/08/14/maior-demanda-por-leves-faz-iveco-contratar-200-trabalhadores-e-abrir-turno-em-sete-lagoas/132279/,imprensa_especializada,"o reflexo desta maior procura pelos veículos da família Daily resultou na contratação de duzentos trabalhadores na fábrica de Sete Lagoas, MG",origem_paginas/iveco_daily_autodata_sete_lagoas,
iveco_sete_lagoas,Brasil,IVECO,DAILY 35S14,comerciais_leves,2026-08,2026-08,producao_local,na_data_da_pagina,2026-08,https://www.autodata.com.br/noticias/2026/08/14/maior-demanda-por-leves-faz-iveco-contratar-200-trabalhadores-e-abrir-turno-em-sete-lagoas/132279/,imprensa_especializada,"o reflexo desta maior procura pelos veículos da família Daily resultou na contratação de duzentos trabalhadores na fábrica de Sete Lagoas, MG",origem_paginas/iveco_daily_autodata_sete_lagoas,
renault_sjp,Brasil,NISSAN,LIVINA,automoveis,2009-01,2009-01,producao_local,inicio_ate_a_pagina,2009-01,https://global.nissannews.com/en/releases/090113-01-e,oficial,The Nissan Livina is the first passenger vehicle to be produced through the Renault-Nissan Alliance Plant in São José dos Pinhais.,origem_paginas/nissan_livina_release_2009,
stellantis_porto_real,Brasil,PEUGEOT,2008,automoveis,2024-04,2024-04,producao_local,na_data_da_pagina,2024-04,https://www.autodata.com.br/?p=71222,imprensa_especializada,"A geração anterior deixará de ser produzida em Porto Real, RJ",origem_paginas/peugeot_2008_autodata_71222,Em abril de 2024 a geracao anterior ainda saia de Porto Real; conflita com a data de fim de outra fonte (novembro de 2023).
caoa_anapolis,Brasil,HYUNDAI,IX35,automoveis,2013-01,2017-09,producao_local,inicio_ate_a_pagina,2017-09,https://www.autodata.com.br/?p=25343,imprensa_especializada,"A CAOA anunciou na quinta-feira, 28, que já foram produzidos no País 51 mil unidades do modelo Hyundai iX35, veículo fabricado pela empresa em Anápolis, GO, desde 2013.",origem_paginas/hyundai_autodata_25343,
gm_scs,Brasil,GM,TRACKER,automoveis,2020-03,2020-03,producao_local,na_data_da_pagina,2020-03,https://www.autoindustria.com.br/2020/03/18/general-motors-quer-quadruplicar-vendas-do-tracker/,imprensa_especializada,"Com a nova geração produzida em São Caetano, objetivo é estar entre os SUVs líderes",origem_paginas/gm_tracker_autoindustria_2020,
mb_iracemapolis,Brasil,M.BENZ,CLASSE GLA,automoveis,2016-09,2016-09,producao_local,na_data_da_pagina,2016-09,https://www.automotiveworld.com/news/mercedes-benz-starts-production-gla-iracemapolis/,imprensa_especializada,Mercedes-Benz has started the production of a second model at its new passenger-car plant in Iracemápolis. The compact SUV GLA will be flexibly assembled on the same line as the C-Class Sedan.,origem_paginas/mb_gla_automotiveworld,
mb_iracemapolis,Brasil,M.BENZ,CLASSE C,automoveis,2016-09,2016-09,producao_local,na_data_da_pagina,2016-09,https://www.automotiveworld.com/news/mercedes-benz-starts-production-gla-iracemapolis/,imprensa_especializada,Mercedes-Benz has started the production of a second model at its new passenger-car plant in Iracemápolis. The compact SUV GLA will be flexibly assembled on the same line as the C-Class Sedan.,origem_paginas/mb_gla_automotiveworld,
honda_sumare,Brasil,HONDA,CIVIC,automoveis,2021-10,2021-10,producao_local,na_data_da_pagina,2021-10,https://www.marklines.com/en/news/260331,imprensa_especializada,Honda's Brazilian factory in Sumare will end production of the Civic in November,origem_paginas/honda_civic_marklines_260331,
gm_horizonte,Brasil,GM,SPARK,automoveis,2025-12,2025-12,producao_local,inicio_ate_a_pagina,2025-12,https://autopapo.com.br/noticia/inauguracao-fabrica-pace-chevrolet-spark/,imprensa_especializada,"Ela fica localizada em Horizonte (CE), onde era a unidade fabril da Troller. [...] O primeiro produto feito lá é o Chevrolet Spark EUV.",origem_paginas/gm_spark_autopapo_pace,
caoa_anapolis,Brasil,HYUNDAI,TUCSON,automoveis,2010-01,2019-12,producao_local,declarado,2024-03,https://caoa.com.br/noticia/caoa-ira-leiloar-o-ultimo-hyundai-tucson-flex-produzido-no-mundo,oficial,entre modelos importados (2004 a 2010) e produzidos em Anápolis-GO (entre os anos de 2010 e 2019),origem_paginas/hyundai_tucson_caoa_ultimo,Os importados nao tem pais na pagina.
hpe_catalao,Brasil,MITSUBISHI,LANCER,automoveis,2014-01,2019-12,producao_local,declarado,2020-01,https://autopapo.com.br/blog-do-boris/mitsubishi-lancer-sai-de-linha-brasil/,imprensa_especializada,"ele passou a ser produzido, em 2014, na fábrica da Mitsubishi em Catalão (GO). [...] o Brasil foi o último país a produzi-lo, até o final do ano passado.",origem_paginas/mitsubishi_lancer_autopapo_fim,
,Brasil,MITSUBISHI,OUTLANDER,automoveis,2014-01,2022-12,producao_local,declarado,2025-06,https://www.autoindustria.com.br/2025/05/15/nacional-novamente-mitsubishi-outlander-phev-chega-em-junho/,imprensa_especializada,O SUV foi fabricado aqui com motorização híbrida já entre os distantes anos de 2014 a 2016 [...] A geração anterior saiu de linha em 2022,origem_paginas/mitsubishi_outlander_autoindustria_2025,
ar_renault,Argentina,RENAULT,KANGOO,automoveis,1998-01,2018-05,abastece_o_brasil,inicio_ate_a_pagina,2018-05,https://parabrisas.perfil.com/noticias/historia/2018-05-09-historia-del-renault-kangoo-en-argentina.phtml,imprensa_especializada,"En 1998 dejó de importarse desde Francia para lanzarse el Kangoo producido en la planta Santa Isabel, ubicada en la provincia de Córdoba. [...] Además de comercializarse en el mercado interno, fue exportado a Brasil,",origem_paginas/renault_kangoo_parabrisas_historia,
ar_renault,Argentina,RENAULT,KANGOO,comerciais_leves,1998-01,2018-05,abastece_o_brasil,inicio_ate_a_pagina,2018-05,https://parabrisas.perfil.com/noticias/historia/2018-05-09-historia-del-renault-kangoo-en-argentina.phtml,imprensa_especializada,"En 1998 dejó de importarse desde Francia para lanzarse el Kangoo producido en la planta Santa Isabel, ubicada en la provincia de Córdoba. [...] Además de comercializarse en el mercado interno, fue exportado a Brasil,",origem_paginas/renault_kangoo_parabrisas_historia,
ar_renault,Argentina,RENAULT,KANGOO,automoveis,2024-05,2024-05,abastece_o_brasil,inicio_ate_a_pagina,2024-05,https://www.autodata.com.br/noticias/2024/05/07/renault-argentina-comeca-a-exportar-kangoo-para-o-brasil/71784/,imprensa_especializada,"A Renault iniciou a exportação do Kangoo, produzido na fábrica de Santa Isabel, em Córdoba, Argentina, para o Brasil.",origem_paginas/renault_kangoo_autodata_71784,
ar_renault,Argentina,RENAULT,KANGOO,comerciais_leves,2024-05,2024-05,abastece_o_brasil,inicio_ate_a_pagina,2024-05,https://www.autodata.com.br/noticias/2024/05/07/renault-argentina-comeca-a-exportar-kangoo-para-o-brasil/71784/,imprensa_especializada,"A Renault iniciou a exportação do Kangoo, produzido na fábrica de Santa Isabel, em Córdoba, Argentina, para o Brasil.",origem_paginas/renault_kangoo_autodata_71784,
mb_juiz_de_fora,Brasil,M.BENZ,CLASSE A,automoveis,1999-02,2005-08,producao_local,declarado,2025-06,https://motorshow.com.br/classe-a-por-que-o-mercedes-brasileiro-foi-um-fracasso-de-vendas,imprensa_especializada,"em fevereiro de 1999, a Mercedes-Benz passou a produzir integralmente o novo Classe A em uma fábrica especialmente concebida para isso, na cidade de Juiz de Fora (MG). [...] Em agosto de 2005, a produção do Classe A geração W168 foi descontinuada no Brasil.",origem_paginas/mb_classea_motorshow_fracasso,
,Alemanha,M.BENZ,CLASSE A,automoveis,2025-06,2025-06,abastece_o_brasil,na_data_da_pagina,2025-06,https://motorshow.com.br/classe-a-por-que-o-mercedes-brasileiro-foi-um-fracasso-de-vendas,imprensa_especializada,"Hoje o Classe A é hatch médio, importado da Alemanha,",origem_paginas/mb_classea_motorshow_fracasso,
ar_psa,Argentina,CITROEN,C4 PALLAS,automoveis,2008-01,2008-12,producao_no_exterior,ano_da_tabela,2008-12,https://www.adefa.org.ar/upload/anuarios/anuario2013/4.pdf#page=9,oficial,C4 - 1.6 3.093 249 113 935 4 35 4.429 [...] C4 - 1.6 HDI 949 7 0 0 0 0 956 [...] C4 - 2.0 EXCLUSIVE 1.655 249 4 1 83 134 2.126 [...] C4 - 2.0 EXCLUSIVE BVA 8.031 3.989 3.725 3.335 497 25 19.602 [...] C4 - 2.0 EXPO 3 0 0 0 0 0 3 [...] C4 - 2.0 HDI EXCLUSIVE 508 0 8 0 0 0 516 [...] C4 - 2.0 HDI SX 5.047 2.152 603 1.524 33 0 9.359 [...] C4 - 2.0 HDI X 228 0 0 0 0 0 228 [...] C4 - 2.0 SX 5.064 3.577 5.707 1.029 1.222 0 16.599 [...] C4 - 2.0 SX BVA 6.507 3.334 4.569 2.203 1.008 20 17.641 [...] C4 - 2.0 X 70 0 0 537 181 88 876,fabricas_paginas/adefa_anuario2013_produccion_por_modelo,"ADEFA, producao na Argentina em 2008: 31155 unidades (soma das versoes)."
ar_psa,Argentina,CITROEN,C4 PALLAS,automoveis,2009-01,2009-12,producao_no_exterior,ano_da_tabela,2009-12,https://www.adefa.org.ar/upload/anuarios/anuario2013/4.pdf#page=9,oficial,C4 - 1.6 3.093 249 113 935 4 35 4.429 [...] C4 - 1.6 HDI 949 7 0 0 0 0 956 [...] C4 - 1.6 HDI EXCLUSIVE EXPORT 0 3 0 0 0 0 3 [...] C4 - 1.6 HDI SX EXPORT 0 16 54 263 113 23 469 [...] C4 - 2.0 EXCLUSIVE 1.655 249 4 1 83 134 2.126 [...] C4 - 2.0 EXCLUSIVE BVA 8.031 3.989 3.725 3.335 497 25 19.602 [...] C4 - 2.0 HDI SX 5.047 2.152 603 1.524 33 0 9.359 [...] C4 - 2.0 SX 5.064 3.577 5.707 1.029 1.222 0 16.599 [...] C4 - 2.0 SX BVA 6.507 3.334 4.569 2.203 1.008 20 17.641,fabricas_paginas/adefa_anuario2013_produccion_por_modelo,"ADEFA, producao na Argentina em 2009: 13576 unidades (soma das versoes)."
ar_psa,Argentina,CITROEN,C4 PALLAS,automoveis,2010-01,2010-12,producao_no_exterior,ano_da_tabela,2010-12,https://www.adefa.org.ar/upload/anuarios/anuario2017/4.pdf#page=8,oficial,C4 - 1.6 HDI SX EXPORT 54 263 113 23 0 0 0 0 453 [...] C4 - 2.0 HDI EXCLUSIVE 8 0 0 0 0 0 0 0 8,fabricas_paginas/adefa_anuario2017_produccion_por_modelo,"ADEFA, producao na Argentina em 2010: 62 unidades (soma das versoes)."
ar_psa,Argentina,CITROEN,C4 PALLAS,automoveis,2011-01,2011-12,producao_no_exterior,ano_da_tabela,2011-12,https://www.adefa.org.ar/upload/anuarios/anuario2017/4.pdf#page=8,oficial,C4 - 1.6 HDI SX EXPORT 54 263 113 23 0 0 0 0 453 [...] C4 - 2.0 X 0 537 181 88 0 0 0 0 806,fabricas_paginas/adefa_anuario2017_produccion_por_modelo,"ADEFA, producao na Argentina em 2011: 800 unidades (soma das versoes)."
ar_psa,Argentina,CITROEN,C4 PALLAS,automoveis,2012-01,2012-12,producao_no_exterior,ano_da_tabela,2012-12,https://www.adefa.org.ar/upload/anuarios/anuario2017/4.pdf#page=8,oficial,C4 - 1.6 HDI SX EXPORT 54 263 113 23 0 0 0 0 453 [...] C4 - 2.0 X 0 537 181 88 0 0 0 0 806,fabricas_paginas/adefa_anuario2017_produccion_por_modelo,"ADEFA, producao na Argentina em 2012: 294 unidades (soma das versoes)."
ar_psa,Argentina,CITROEN,C4 PALLAS,automoveis,2013-01,2013-12,producao_no_exterior,ano_da_tabela,2013-12,https://www.adefa.org.ar/upload/anuarios/anuario2017/4.pdf#page=8,oficial,C4 - 1.6 HDI SX EXPORT 54 263 113 23 0 0 0 0 453 [...] C4 - 2.0 X 0 537 181 88 0 0 0 0 806,fabricas_paginas/adefa_anuario2017_produccion_por_modelo,"ADEFA, producao na Argentina em 2013: 111 unidades (soma das versoes)."
ar_psa,Argentina,CITROEN,C4L,automoveis,2013-01,2013-12,producao_no_exterior,ano_da_tabela,2013-12,https://www.adefa.org.ar/upload/anuarios/anuario2017/4.pdf#page=8,oficial,C4 LOUNGE - 1.6 HDI 0 0 0 817 1.080 2.031 2.503 2.382 8.813 [...] C4 LOUNGE - 1.6I THP 0 0 0 1.507 2.266 1.885 2.949 3.106 11.713 [...] C4 LOUNGE - 1.6I THP EXPORT 0 0 0 3.130 4.303 3.120 2.873 2.860 16.286 [...] C4 LOUNGE - 2.0I 16V 0 0 0 1.626 1.895 3.156 2.136 0 8.813 [...] C4 LOUNGE - 2.0I 16V BVA EXPORT 0 0 0 3.599 2.152 2.099 386 0 8.236 [...] C4 LOUNGE - 2.0I 16V EXPORT 0 0 0 1.288 419 459 20 0 2.186,fabricas_paginas/adefa_anuario2017_produccion_por_modelo,"ADEFA, producao na Argentina em 2013: 11967 unidades (soma das versoes)."
ar_psa,Argentina,CITROEN,C4L,automoveis,2014-01,2014-12,producao_no_exterior,ano_da_tabela,2014-12,https://www.adefa.org.ar/upload/anuarios/anuario2017/4.pdf#page=8,oficial,C4 LOUNGE - 1.6 HDI 0 0 0 817 1.080 2.031 2.503 2.382 8.813 [...] C4 LOUNGE - 1.6I THP 0 0 0 1.507 2.266 1.885 2.949 3.106 11.713 [...] C4 LOUNGE - 1.6I THP EXPORT 0 0 0 3.130 4.303 3.120 2.873 2.860 16.286 [...] C4 LOUNGE - 2.0I 16V 0 0 0 1.626 1.895 3.156 2.136 0 8.813 [...] C4 LOUNGE - 2.0I 16V BVA EXPORT 0 0 0 3.599 2.152 2.099 386 0 8.236 [...] C4 LOUNGE - 2.0I 16V EXPORT 0 0 0 1.288 419 459 20 0 2.186,fabricas_paginas/adefa_anuario2017_produccion_por_modelo,"ADEFA, producao na Argentina em 2014: 12115 unidades (soma das versoes)."
ar_psa,Argentina,CITROEN,C4L,automoveis,2015-01,2015-12,producao_no_exterior,ano_da_tabela,2015-12,https://www.adefa.org.ar/upload/anuarios/anuario2017/4.pdf#page=8,oficial,C4 LOUNGE - 1.6 HDI 0 0 0 817 1.080 2.031 2.503 2.382 8.813 [...] C4 LOUNGE - 1.6I THP 0 0 0 1.507 2.266 1.885 2.949 3.106 11.713 [...] C4 LOUNGE - 1.6I THP EXPORT 0 0 0 3.130 4.303 3.120 2.873 2.860 16.286 [...] C4 LOUNGE - 2.0I 16V 0 0 0 1.626 1.895 3.156 2.136 0 8.813 [...] C4 LOUNGE - 2.0I 16V BVA EXPORT 0 0 0 3.599 2.152 2.099 386 0 8.236 [...] C4 LOUNGE - 2.0I 16V EXPORT 0 0 0 1.288 419 459 20 0 2.186,fabricas_paginas/adefa_anuario2017_produccion_por_modelo,"ADEFA, producao na Argentina em 2015: 12750 unidades (soma das versoes)."
ar_psa,Argentina,CITROEN,C4L,automoveis,2016-01,2016-12,producao_no_exterior,ano_da_tabela,2016-12,https://www.adefa.org.ar/upload/anuarios/anuario2017/4.pdf#page=8,oficial,C4 LOUNGE - 1.6 HDI 0 0 0 817 1.080 2.031 2.503 2.382 8.813 [...] C4 LOUNGE - 1.6I THP 0 0 0 1.507 2.266 1.885 2.949 3.106 11.713 [...] C4 LOUNGE - 1.6I THP EXPORT 0 0 0 3.130 4.303 3.120 2.873 2.860 16.286 [...] C4 LOUNGE - 2.0I 16V 0 0 0 1.626 1.895 3.156 2.136 0 8.813 [...] C4 LOUNGE - 2.0I 16V BVA EXPORT 0 0 0 3.599 2.152 2.099 386 0 8.236 [...] C4 LOUNGE - 2.0I 16V EXPORT 0 0 0 1.288 419 459 20 0 2.186,fabricas_paginas/adefa_anuario2017_produccion_por_modelo,"ADEFA, producao na Argentina em 2016: 10867 unidades (soma das versoes)."
ar_psa,Argentina,CITROEN,C4L,automoveis,2017-01,2017-12,producao_no_exterior,ano_da_tabela,2017-12,https://www.adefa.org.ar/upload/anuarios/anuario2017/4.pdf#page=8,oficial,C4 LOUNGE - 1.6 HDI 0 0 0 817 1.080 2.031 2.503 2.382 8.813 [...] C4 LOUNGE - 1.6I THP 0 0 0 1.507 2.266 1.885 2.949 3.106 11.713 [...] C4 LOUNGE - 1.6I THP EXPORT 0 0 0 3.130 4.303 3.120 2.873 2.860 16.286,fabricas_paginas/adefa_anuario2017_produccion_por_modelo,"ADEFA, producao na Argentina em 2017: 8348 unidades (soma das versoes)."
ar_psa,Argentina,CITROEN,C4L,automoveis,2018-01,2018-12,producao_no_exterior,ano_da_tabela,2018-12,https://www.adefa.org.ar/upload/anuarios/anuario2025/4.pdf#page=9,oficial,C4 LOUNGE 7.636 1.371 1.160 936 10 0 0 0 11.113,fabricas_paginas/adefa_anuario2025_produccion_por_modelo,"ADEFA, producao na Argentina em 2018: 7636 unidades (soma das versoes)."
ar_psa,Argentina,CITROEN,C4L,automoveis,2019-01,2019-12,producao_no_exterior,ano_da_tabela,2019-12,https://www.adefa.org.ar/upload/anuarios/anuario2025/4.pdf#page=9,oficial,C4 LOUNGE 7.636 1.371 1.160 936 10 0 0 0 11.113,fabricas_paginas/adefa_anuario2025_produccion_por_modelo,"ADEFA, producao na Argentina em 2019: 1371 unidades (soma das versoes)."
ar_psa,Argentina,CITROEN,C4L,automoveis,2020-01,2020-12,producao_no_exterior,ano_da_tabela,2020-12,https://www.adefa.org.ar/upload/anuarios/anuario2025/4.pdf#page=9,oficial,C4 LOUNGE 7.636 1.371 1.160 936 10 0 0 0 11.113,fabricas_paginas/adefa_anuario2025_produccion_por_modelo,"ADEFA, producao na Argentina em 2020: 1160 unidades (soma das versoes)."
ar_psa,Argentina,CITROEN,C4L,automoveis,2021-01,2021-12,producao_no_exterior,ano_da_tabela,2021-12,https://www.adefa.org.ar/upload/anuarios/anuario2025/4.pdf#page=9,oficial,C4 LOUNGE 7.636 1.371 1.160 936 10 0 0 0 11.113,fabricas_paginas/adefa_anuario2025_produccion_por_modelo,"ADEFA, producao na Argentina em 2021: 936 unidades (soma das versoes)."
ar_psa,Argentina,CITROEN,C4L,automoveis,2022-01,2022-12,producao_no_exterior,ano_da_tabela,2022-12,https://www.adefa.org.ar/upload/anuarios/anuario2025/4.pdf#page=9,oficial,C4 LOUNGE 7.636 1.371 1.160 936 10 0 0 0 11.113,fabricas_paginas/adefa_anuario2025_produccion_por_modelo,"ADEFA, producao na Argentina em 2022: 10 unidades (soma das versoes)."
ar_psa,Argentina,CITROEN,C4,automoveis,2008-01,2008-12,producao_no_exterior,ano_da_tabela,2008-12,https://www.adefa.org.ar/upload/anuarios/anuario2013/4.pdf#page=9,oficial,C4 BICUERPO - 1.6 I X 869 2.135 5.652 5.906 6.369 3.338 24.269 [...] C4 BICUERPO - 1.6I SX BVM 280 5.214 5.644 6.234 3.937 1.408 22.717 [...] C4 BICUERPO - 2.0 HDI EXCLUSIVE 205 145 0 0 0 0 350 [...] C4 BICUERPO - 2.0 HDI SX 188 583 364 5 0 0 1.140 [...] C4 BICUERPO - 2.0 HDI X 203 13 0 0 0 0 216 [...] C4 BICUERPO - 2.0I EXCLUSIVE 459 259 382 151 195 148 1.594 [...] C4 BICUERPO - 2.0I EXCLUSIVE BVA 299 2.108 3.146 1.580 789 339 8.261 [...] C4 BICUERPO - 2.0I EXCLUSIVE BVM 4 346 101 2 21 0 474 [...] C4 BICUERPO - 2.0I SX 484 1.659 1.314 433 599 240 4.729 [...] C4 BICUERPO - 2.0I SX BVA 51 2.193 2.935 3.025 1.160 629 9.993,fabricas_paginas/adefa_anuario2013_produccion_por_modelo,"ADEFA, producao na Argentina em 2008: 3042 unidades (soma das versoes)."
ar_psa,Argentina,CITROEN,C4,automoveis,2009-01,2009-12,producao_no_exterior,ano_da_tabela,2009-12,https://www.adefa.org.ar/upload/anuarios/anuario2013/4.pdf#page=9,oficial,C4 BICUERPO - 1.6 I X 869 2.135 5.652 5.906 6.369 3.338 24.269 [...] C4 BICUERPO - 1.6 I X BVM 0 6 555 0 44 0 605 [...] C4 BICUERPO - 1.6I SX BVM 280 5.214 5.644 6.234 3.937 1.408 22.717 [...] C4 BICUERPO - 2.0 HDI EXCLUSIVE 205 145 0 0 0 0 350 [...] C4 BICUERPO - 2.0 HDI SX 188 583 364 5 0 0 1.140 [...] C4 BICUERPO - 2.0 HDI X 203 13 0 0 0 0 216 [...] C4 BICUERPO - 2.0I EXCLUSIVE 459 259 382 151 195 148 1.594 [...] C4 BICUERPO - 2.0I EXCLUSIVE BVA 299 2.108 3.146 1.580 789 339 8.261 [...] C4 BICUERPO - 2.0I EXCLUSIVE BVM 4 346 101 2 21 0 474 [...] C4 BICUERPO - 2.0I SX 484 1.659 1.314 433 599 240 4.729 [...] C4 BICUERPO - 2.0I SX BVA 51 2.193 2.935 3.025 1.160 629 9.993 [...] C4 BICUERPO - 2.0I SX BVM 0 2.362 2.548 1.551 579 0 7.040,fabricas_paginas/adefa_anuario2013_produccion_por_modelo,"ADEFA, producao na Argentina em 2009: 17023 unidades (soma das versoes)."
ar_psa,Argentina,CITROEN,C4,automoveis,2010-01,2010-12,producao_no_exterior,ano_da_tabela,2010-12,https://www.adefa.org.ar/upload/anuarios/anuario2017/4.pdf#page=8,oficial,C4 BICUERPO - 1.6 I X 5.652 5.906 6.369 3.338 927 0 0 0 22.192 [...] C4 BICUERPO - 1.6I SX BVM 5.644 6.234 3.937 1.408 147 0 0 0 17.370 [...] C4 BICUERPO - 2.0 HDI SX 364 5 0 0 0 0 0 0 369 [...] C4 BICUERPO - 2.0I EXCLUSIVE 382 151 195 148 22 0 0 0 898 [...] C4 BICUERPO - 2.0I EXCLUSIVE BVA 3.146 1.580 789 339 0 0 0 0 5.854 [...] C4 BICUERPO - 2.0I SX 1.314 433 599 240 0 0 0 0 2.586 [...] C4 BICUERPO - 2.0I SX BVA 2.935 3.025 1.160 629 0 0 0 0 7.749,fabricas_paginas/adefa_anuario2017_produccion_por_modelo,"ADEFA, producao na Argentina em 2010: 19437 unidades (soma das versoes)."
ar_psa,Argentina,CITROEN,C4,automoveis,2011-01,2011-12,producao_no_exterior,ano_da_tabela,2011-12,https://www.adefa.org.ar/upload/anuarios/anuario2017/4.pdf#page=8,oficial,C4 BICUERPO - 1.6 I X 5.652 5.906 6.369 3.338 927 0 0 0 22.192 [...] C4 BICUERPO - 1.6I SX BVM 5.644 6.234 3.937 1.408 147 0 0 0 17.370 [...] C4 BICUERPO - 2.0 HDI SX 364 5 0 0 0 0 0 0 369 [...] C4 BICUERPO - 2.0I EXCLUSIVE 382 151 195 148 22 0 0 0 898 [...] C4 BICUERPO - 2.0I EXCLUSIVE BVA 3.146 1.580 789 339 0 0 0 0 5.854 [...] C4 BICUERPO - 2.0I SX 1.314 433 599 240 0 0 0 0 2.586 [...] C4 BICUERPO - 2.0I SX BVA 2.935 3.025 1.160 629 0 0 0 0 7.749,fabricas_paginas/adefa_anuario2017_produccion_por_modelo,"ADEFA, producao na Argentina em 2011: 17334 unidades (soma das versoes)."
ar_psa,Argentina,CITROEN,C4,automoveis,2012-01,2012-12,producao_no_exterior,ano_da_tabela,2012-12,https://www.adefa.org.ar/upload/anuarios/anuario2017/4.pdf#page=8,oficial,C4 BICUERPO - 1.6 I X 5.652 5.906 6.369 3.338 927 0 0 0 22.192 [...] C4 BICUERPO - 1.6I SX BVM 5.644 6.234 3.937 1.408 147 0 0 0 17.370 [...] C4 BICUERPO - 2.0I EXCLUSIVE 382 151 195 148 22 0 0 0 898 [...] C4 BICUERPO - 2.0I EXCLUSIVE BVA 3.146 1.580 789 339 0 0 0 0 5.854 [...] C4 BICUERPO - 2.0I SX 1.314 433 599 240 0 0 0 0 2.586 [...] C4 BICUERPO - 2.0I SX BVA 2.935 3.025 1.160 629 0 0 0 0 7.749,fabricas_paginas/adefa_anuario2017_produccion_por_modelo,"ADEFA, producao na Argentina em 2012: 13049 unidades (soma das versoes)."
ar_psa,Argentina,CITROEN,C4,automoveis,2013-01,2013-12,producao_no_exterior,ano_da_tabela,2013-12,https://www.adefa.org.ar/upload/anuarios/anuario2017/4.pdf#page=8,oficial,C4 BICUERPO - 1.6 I X 5.652 5.906 6.369 3.338 927 0 0 0 22.192 [...] C4 BICUERPO - 1.6I SX BVM 5.644 6.234 3.937 1.408 147 0 0 0 17.370 [...] C4 BICUERPO - 2.0I EXCLUSIVE 382 151 195 148 22 0 0 0 898 [...] C4 BICUERPO - 2.0I EXCLUSIVE BVA 3.146 1.580 789 339 0 0 0 0 5.854 [...] C4 BICUERPO - 2.0I SX 1.314 433 599 240 0 0 0 0 2.586 [...] C4 BICUERPO - 2.0I SX BVA 2.935 3.025 1.160 629 0 0 0 0 7.749,fabricas_paginas/adefa_anuario2017_produccion_por_modelo,"ADEFA, producao na Argentina em 2013: 6102 unidades (soma das versoes)."
ar_psa,Argentina,CITROEN,C4,automoveis,2014-01,2014-12,producao_no_exterior,ano_da_tabela,2014-12,https://www.adefa.org.ar/upload/anuarios/anuario2017/4.pdf#page=8,oficial,C4 BICUERPO - 1.6 I X 5.652 5.906 6.369 3.338 927 0 0 0 22.192 [...] C4 BICUERPO - 1.6I SX BVM 5.644 6.234 3.937 1.408 147 0 0 0 17.370 [...] C4 BICUERPO - 2.0I EXCLUSIVE 382 151 195 148 22 0 0 0 898,fabricas_paginas/adefa_anuario2017_produccion_por_modelo,"ADEFA, producao na Argentina em 2014: 1096 unidades (soma das versoes)."
ar_fiat,Argentina,FIAT,CRONOS,automoveis,2017-01,2017-12,producao_no_exterior,ano_da_tabela,2017-12,https://www.adefa.org.ar/upload/anuarios/anuario2017/4.pdf#page=8,oficial,CRONOS DRIVE-PREC 0 0 0 0 0 0 0 2.506 2.506,fabricas_paginas/adefa_anuario2017_produccion_por_modelo,"ADEFA, producao na Argentina em 2017: 2506 unidades (soma das versoes)."
ar_fiat,Argentina,FIAT,CRONOS,automoveis,2018-01,2018-12,producao_no_exterior,ano_da_tabela,2018-12,https://www.adefa.org.ar/upload/anuarios/anuario2025/4.pdf#page=9,oficial,CRONOS 53.385 31.907 33.588 70.876 81.496 95.587 72.421 54.489 493.749,fabricas_paginas/adefa_anuario2025_produccion_por_modelo,"ADEFA, producao na Argentina em 2018: 53385 unidades (soma das versoes)."
ar_fiat,Argentina,FIAT,CRONOS,automoveis,2019-01,2019-12,producao_no_exterior,ano_da_tabela,2019-12,https://www.adefa.org.ar/upload/anuarios/anuario2025/4.pdf#page=9,oficial,CRONOS 53.385 31.907 33.588 70.876 81.496 95.587 72.421 54.489 493.749,fabricas_paginas/adefa_anuario2025_produccion_por_modelo,"ADEFA, producao na Argentina em 2019: 31907 unidades (soma das versoes)."
ar_fiat,Argentina,FIAT,CRONOS,automoveis,2020-01,2020-12,producao_no_exterior,ano_da_tabela,2020-12,https://www.adefa.org.ar/upload/anuarios/anuario2025/4.pdf#page=9,oficial,CRONOS 53.385 31.907 33.588 70.876 81.496 95.587 72.421 54.489 493.749,fabricas_paginas/adefa_anuario2025_produccion_por_modelo,"ADEFA, producao na Argentina em 2020: 33588 unidades (soma das versoes)."
ar_fiat,Argentina,FIAT,CRONOS,automoveis,2021-01,2021-12,producao_no_exterior,ano_da_tabela,2021-12,https://www.adefa.org.ar/upload/anuarios/anuario2025/4.pdf#page=9,oficial,CRONOS 53.385 31.907 33.588 70.876 81.496 95.587 72.421 54.489 493.749,fabricas_paginas/adefa_anuario2025_produccion_por_modelo,"ADEFA, producao na Argentina em 2021: 70876 unidades (soma das versoes)."
ar_fiat,Argentina,FIAT,CRONOS,automoveis,2022-01,2022-12,producao_no_exterior,ano_da_tabela,2022-12,https://www.adefa.org.ar/upload/anuarios/anuario2025/4.pdf#page=9,oficial,CRONOS 53.385 31.907 33.588 70.876 81.496 95.587 72.421 54.489 493.749,fabricas_paginas/adefa_anuario2025_produccion_por_modelo,"ADEFA, producao na Argentina em 2022: 81496 unidades (soma das versoes)."
ar_fiat,Argentina,FIAT,CRONOS,automoveis,2023-01,2023-12,producao_no_exterior,ano_da_tabela,2023-12,https://www.adefa.org.ar/upload/anuarios/anuario2025/4.pdf#page=9,oficial,CRONOS 53.385 31.907 33.588 70.876 81.496 95.587 72.421 54.489 493.749,fabricas_paginas/adefa_anuario2025_produccion_por_modelo,"ADEFA, producao na Argentina em 2023: 95587 unidades (soma das versoes)."
ar_fiat,Argentina,FIAT,CRONOS,automoveis,2024-01,2024-12,producao_no_exterior,ano_da_tabela,2024-12,https://www.adefa.org.ar/upload/anuarios/anuario2025/4.pdf#page=9,oficial,CRONOS 53.385 31.907 33.588 70.876 81.496 95.587 72.421 54.489 493.749,fabricas_paginas/adefa_anuario2025_produccion_por_modelo,"ADEFA, producao na Argentina em 2024: 72421 unidades (soma das versoes)."
ar_fiat,Argentina,FIAT,CRONOS,automoveis,2025-01,2025-12,producao_no_exterior,ano_da_tabela,2025-12,https://www.adefa.org.ar/upload/anuarios/anuario2025/4.pdf#page=9,oficial,CRONOS 53.385 31.907 33.588 70.876 81.496 95.587 72.421 54.489 493.749,fabricas_paginas/adefa_anuario2025_produccion_por_modelo,"ADEFA, producao na Argentina em 2025: 54489 unidades (soma das versoes)."
ar_fiat,Argentina,FIAT,PALIO,automoveis,2002-01,2002-12,producao_no_exterior,ano_da_tabela,2002-12,https://www.adefa.org.ar/upload/anuarios/anuario2006/2_produccion-production.pdf#page=6,oficial,Palio 5p. 5.741 3 0 0 0 0 5.744,fabricas_paginas/adefa_anuario2006_produccion_por_modelo,"ADEFA, producao na Argentina em 2002: 3 unidades (soma das versoes)."
ar_fiat,Argentina,FIAT,PALIO,automoveis,2008-01,2008-12,producao_no_exterior,ano_da_tabela,2008-12,https://www.adefa.org.ar/upload/anuarios/anuario2013/4.pdf#page=9,oficial,PALIO 5P. 1.903 3.950 1.990 25.719 35.222 61.768 130.552,fabricas_paginas/adefa_anuario2013_produccion_por_modelo,"ADEFA, producao na Argentina em 2008: 1903 unidades (soma das versoes)."
ar_fiat,Argentina,FIAT,PALIO,automoveis,2009-01,2009-12,producao_no_exterior,ano_da_tabela,2009-12,https://www.adefa.org.ar/upload/anuarios/anuario2013/4.pdf#page=9,oficial,PALIO 5P. 1.903 3.950 1.990 25.719 35.222 61.768 130.552,fabricas_paginas/adefa_anuario2013_produccion_por_modelo,"ADEFA, producao na Argentina em 2009: 3950 unidades (soma das versoes)."
ar_fiat,Argentina,FIAT,PALIO,automoveis,2010-01,2010-12,producao_no_exterior,ano_da_tabela,2010-12,https://www.adefa.org.ar/upload/anuarios/anuario2017/4.pdf#page=8,oficial,PALIO ELX 5P N 1.990 25.719 35.222 61.768 61.699 48.537 35.314 30.213 300.462,fabricas_paginas/adefa_anuario2017_produccion_por_modelo,"ADEFA, producao na Argentina em 2010: 1990 unidades (soma das versoes)."
ar_fiat,Argentina,FIAT,PALIO,automoveis,2011-01,2011-12,producao_no_exterior,ano_da_tabela,2011-12,https://www.adefa.org.ar/upload/anuarios/anuario2017/4.pdf#page=8,oficial,PALIO ELX 5P N 1.990 25.719 35.222 61.768 61.699 48.537 35.314 30.213 300.462,fabricas_paginas/adefa_anuario2017_produccion_por_modelo,"ADEFA, producao na Argentina em 2011: 25719 unidades (soma das versoes)."
ar_fiat,Argentina,FIAT,PALIO,automoveis,2012-01,2012-12,producao_no_exterior,ano_da_tabela,2012-12,https://www.adefa.org.ar/upload/anuarios/anuario2017/4.pdf#page=8,oficial,PALIO ELX 5P N 1.990 25.719 35.222 61.768 61.699 48.537 35.314 30.213 300.462,fabricas_paginas/adefa_anuario2017_produccion_por_modelo,"ADEFA, producao na Argentina em 2012: 35222 unidades (soma das versoes)."
ar_fiat,Argentina,FIAT,PALIO,automoveis,2013-01,2013-12,producao_no_exterior,ano_da_tabela,2013-12,https://www.adefa.org.ar/upload/anuarios/anuario2017/4.pdf#page=8,oficial,PALIO ELX 5P N 1.990 25.719 35.222 61.768 61.699 48.537 35.314 30.213 300.462,fabricas_paginas/adefa_anuario2017_produccion_por_modelo,"ADEFA, producao na Argentina em 2013: 61768 unidades (soma das versoes)."
ar_fiat,Argentina,FIAT,PALIO,automoveis,2014-01,2014-12,producao_no_exterior,ano_da_tabela,2014-12,https://www.adefa.org.ar/upload/anuarios/anuario2017/4.pdf#page=8,oficial,PALIO ELX 5P N 1.990 25.719 35.222 61.768 61.699 48.537 35.314 30.213 300.462,fabricas_paginas/adefa_anuario2017_produccion_por_modelo,"ADEFA, producao na Argentina em 2014: 61699 unidades (soma das versoes)."
ar_fiat,Argentina,FIAT,PALIO,automoveis,2015-01,2015-12,producao_no_exterior,ano_da_tabela,2015-12,https://www.adefa.org.ar/upload/anuarios/anuario2017/4.pdf#page=8,oficial,PALIO ELX 5P N 1.990 25.719 35.222 61.768 61.699 48.537 35.314 30.213 300.462,fabricas_paginas/adefa_anuario2017_produccion_por_modelo,"ADEFA, producao na Argentina em 2015: 48537 unidades (soma das versoes)."
ar_fiat,Argentina,FIAT,PALIO,automoveis,2016-01,2016-12,producao_no_exterior,ano_da_tabela,2016-12,https://www.adefa.org.ar/upload/anuarios/anuario2017/4.pdf#page=8,oficial,PALIO ELX 5P N 1.990 25.719 35.222 61.768 61.699 48.537 35.314 30.213 300.462,fabricas_paginas/adefa_anuario2017_produccion_por_modelo,"ADEFA, producao na Argentina em 2016: 35314 unidades (soma das versoes)."
ar_fiat,Argentina,FIAT,PALIO,automoveis,2017-01,2017-12,producao_no_exterior,ano_da_tabela,2017-12,https://www.adefa.org.ar/upload/anuarios/anuario2017/4.pdf#page=8,oficial,PALIO ELX 5P N 1.990 25.719 35.222 61.768 61.699 48.537 35.314 30.213 300.462,fabricas_paginas/adefa_anuario2017_produccion_por_modelo,"ADEFA, producao na Argentina em 2017: 30213 unidades (soma das versoes)."
ar_fiat,Argentina,FIAT,SIENA,automoveis,2002-01,2002-12,producao_no_exterior,ano_da_tabela,2002-12,https://www.adefa.org.ar/upload/anuarios/anuario2006/2_produccion-production.pdf#page=6,oficial,Siena Diesel 23.320 151 0 0 0 0 23.471 [...] Siena Nafta 98.150 525 0 0 0 0 98.675,fabricas_paginas/adefa_anuario2006_produccion_por_modelo,"ADEFA, producao na Argentina em 2002: 676 unidades (soma das versoes)."
ar_fiat,Argentina,FIAT,SIENA,automoveis,2008-01,2008-12,producao_no_exterior,ano_da_tabela,2008-12,https://www.adefa.org.ar/upload/anuarios/anuario2013/4.pdf#page=9,oficial,SIENA NAFTA 26.797 74.623 94.069 87.749 38.641 43.123 365.002,fabricas_paginas/adefa_anuario2013_produccion_por_modelo,"ADEFA, producao na Argentina em 2008: 26797 unidades (soma das versoes)."
ar_fiat,Argentina,FIAT,SIENA,automoveis,2009-01,2009-12,producao_no_exterior,ano_da_tabela,2009-12,https://www.adefa.org.ar/upload/anuarios/anuario2013/4.pdf#page=9,oficial,SIENA NAFTA 26.797 74.623 94.069 87.749 38.641 43.123 365.002,fabricas_paginas/adefa_anuario2013_produccion_por_modelo,"ADEFA, producao na Argentina em 2009: 74623 unidades (soma das versoes)."
ar_fiat,Argentina,FIAT,SIENA,automoveis,2010-01,2010-12,producao_no_exterior,ano_da_tabela,2010-12,https://www.adefa.org.ar/upload/anuarios/anuario2017/4.pdf#page=8,oficial,SIENA NAFTA 94.069 87.749 38.641 43.123 33.839 28.962 424 0 326.807,fabricas_paginas/adefa_anuario2017_produccion_por_modelo,"ADEFA, producao na Argentina em 2010: 94069 unidades (soma das versoes)."
ar_fiat,Argentina,FIAT,SIENA,automoveis,2011-01,2011-12,producao_no_exterior,ano_da_tabela,2011-12,https://www.adefa.org.ar/upload/anuarios/anuario2017/4.pdf#page=8,oficial,SIENA NAFTA 94.069 87.749 38.641 43.123 33.839 28.962 424 0 326.807,fabricas_paginas/adefa_anuario2017_produccion_por_modelo,"ADEFA, producao na Argentina em 2011: 87749 unidades (soma das versoes)."
ar_fiat,Argentina,FIAT,SIENA,automoveis,2012-01,2012-12,producao_no_exterior,ano_da_tabela,2012-12,https://www.adefa.org.ar/upload/anuarios/anuario2017/4.pdf#page=8,oficial,SIENA NAFTA 94.069 87.749 38.641 43.123 33.839 28.962 424 0 326.807,fabricas_paginas/adefa_anuario2017_produccion_por_modelo,"ADEFA, producao na Argentina em 2012: 38641 unidades (soma das versoes)."
ar_fiat,Argentina,FIAT,SIENA,automoveis,2013-01,2013-12,producao_no_exterior,ano_da_tabela,2013-12,https://www.adefa.org.ar/upload/anuarios/anuario2017/4.pdf#page=8,oficial,SIENA NAFTA 94.069 87.749 38.641 43.123 33.839 28.962 424 0 326.807,fabricas_paginas/adefa_anuario2017_produccion_por_modelo,"ADEFA, producao na Argentina em 2013: 43123 unidades (soma das versoes)."
ar_fiat,Argentina,FIAT,SIENA,automoveis,2014-01,2014-12,producao_no_exterior,ano_da_tabela,2014-12,https://www.adefa.org.ar/upload/anuarios/anuario2017/4.pdf#page=8,oficial,SIENA NAFTA 94.069 87.749 38.641 43.123 33.839 28.962 424 0 326.807,fabricas_paginas/adefa_anuario2017_produccion_por_modelo,"ADEFA, producao na Argentina em 2014: 33839 unidades (soma das versoes)."
ar_fiat,Argentina,FIAT,SIENA,automoveis,2015-01,2015-12,producao_no_exterior,ano_da_tabela,2015-12,https://www.adefa.org.ar/upload/anuarios/anuario2017/4.pdf#page=8,oficial,SIENA NAFTA 94.069 87.749 38.641 43.123 33.839 28.962 424 0 326.807,fabricas_paginas/adefa_anuario2017_produccion_por_modelo,"ADEFA, producao na Argentina em 2015: 28962 unidades (soma das versoes)."
ar_fiat,Argentina,FIAT,SIENA,automoveis,2016-01,2016-12,producao_no_exterior,ano_da_tabela,2016-12,https://www.adefa.org.ar/upload/anuarios/anuario2017/4.pdf#page=8,oficial,SIENA NAFTA 94.069 87.749 38.641 43.123 33.839 28.962 424 0 326.807,fabricas_paginas/adefa_anuario2017_produccion_por_modelo,"ADEFA, producao na Argentina em 2016: 424 unidades (soma das versoes)."
ar_fiat,Argentina,FIAT,TITANO,comerciais_leves,2025-01,2025-12,producao_no_exterior,ano_da_tabela,2025-12,https://www.adefa.org.ar/upload/anuarios/anuario2025/4.pdf#page=9,oficial,TITANO 0 0 0 0 0 0 0 872 872,fabricas_paginas/adefa_anuario2025_produccion_por_modelo,"ADEFA, producao na Argentina em 2025: 872 unidades (soma das versoes)."
ar_ford,Argentina,FORD,FOCUS SEDAN,automoveis,2008-01,2008-12,producao_no_exterior,ano_da_tabela,2008-12,https://www.adefa.org.ar/upload/anuarios/anuario2013/4.pdf#page=9,oficial,FORD FOCUS CLX D 4P. 5 0 0 0 0 0 5 [...] FORD FOCUS CLX D 5P. 3 0 0 0 0 0 3 [...] FORD FOCUS CLX N 4P. 714 126 0 0 0 0 840 [...] FORD FOCUS CLX N 5P. 1.612 226 0 0 0 0 1.838 [...] FOCUS - GH 4P 22 48 0 0 0 0 70 [...] FOCUS - GH 5P 6 0 0 0 0 0 6 [...] FORD FOCUS GL N 5P. 8.532 5.305 0 0 0 0 13.837 [...] FORD FOCUS GLX N 4P. 4.717 779 0 0 0 0 5.496 [...] FORD FOCUS GLX N 5P. 4.225 911 0 0 0 0 5.136 [...] FORD FOCUS GHIA N 4P 471 0 0 0 0 0 471 [...] FORD FOCUS GHIA N 5P. 380 0 0 0 0 0 380 [...] FORD FOCUS GHIA TDI 4P. 82 0 0 0 0 0 82 [...] FORD FOCUS GHIA TDI 5P. 264 0 0 0 0 0 264 [...] FORD FOCUS LUX N 4P. 303 0 0 0 0 0 303 [...] FORD FOCUS LUX N 5P. 93 0 0 0 0 0 93 [...] FORD FOCUS LX N 4P. 1.495 1.572 0 0 0 0 3.067 [...] FORD FOCUS LX N 5P. 4.332 3.244 0 0 0 0 7.576 [...] FORD FOCUS LX TDI 4P. 122 0 0 0 0 0 122 [...] FORD FOCUS LX TDI 5P. 242 0 0 0 0 0 242 [...] FOCUS 2 - CLX 5P 927 61 3.214 8.022 4.855 3.752 20.831 [...] FOCUS 2 - EXE GHIA 4P 301 755 2.219 1.093 1.018 281 5.667 [...] FOCUS 2 - EXE STYLE 4P DIESEL 74 77 58 0 0 0 209 [...] FOCUS 2 - EXE TREN PLUS 4P DIESEL 50 175 274 0 0 0 499 [...] FOCUS 2 - EXE TREND 4P 487 705 61 224 0 0 1.477 [...] FOCUS 2 - EXE TREND PLUS 4P 197 990 813 0 0 0 2.000 [...] FOCUS 2 - GHIA 4P 639 2.152 670 0 0 0 3.461 [...] FOCUS 2 - GHIA 5P 351 3.699 3.461 1.446 1.517 563 11.037 [...] FOCUS 2 - GHIA 5P DIESEL 63 402 695 403 535 223 2.321 [...] FOCUS 2 - GLX 4P 2.776 5.591 6.110 0 1.358 1.276 17.111 [...] FOCUS 2 - GLX 5P 1.425 6.914 21.050 22.435 20.988 11.291 84.103 [...] FOCUS 2 - STYLE 5P DIESEL 23 82 90 0 0 0 195 [...] FOCUS 2 - TREND 5P 496 1.529 266 1.191 1.357 797 5.636 [...] FOCUS 2 - TREND PLUS 5PT 174 1.816 1.411 0 902 623 4.926 [...] FOCUS 2 - TREND PLUS 5P DIESEL 36 251 341 190 102 0 920,fabricas_paginas/adefa_anuario2013_produccion_por_modelo,"ADEFA, producao na Argentina em 2008: 35639 unidades (soma das versoes)."
ar_ford,Argentina,FORD,FOCUS SEDAN,automoveis,2009-01,2009-12,producao_no_exterior,ano_da_tabela,2009-12,https://www.adefa.org.ar/upload/anuarios/anuario2013/4.pdf#page=9,oficial,FORD FOCUS CLX N 4P. 714 126 0 0 0 0 840 [...] FORD FOCUS CLX N 5P. 1.612 226 0 0 0 0 1.838 [...] FOCUS - GH 4P 22 48 0 0 0 0 70 [...] FORD FOCUS GL N 5P. 8.532 5.305 0 0 0 0 13.837 [...] FORD FOCUS GLX N 4P. 4.717 779 0 0 0 0 5.496 [...] FORD FOCUS GLX N 5P. 4.225 911 0 0 0 0 5.136 [...] FORD FOCUS LX N 4P. 1.495 1.572 0 0 0 0 3.067 [...] FORD FOCUS LX N 5P. 4.332 3.244 0 0 0 0 7.576 [...] FOCUS 2 - CLX 4P 0 48 1.061 2.878 1.348 285 5.620 [...] FOCUS 2 - CLX 5P 927 61 3.214 8.022 4.855 3.752 20.831 [...] FOCUS 2 - EXE GHIA 4P 301 755 2.219 1.093 1.018 281 5.667 [...] FOCUS 2 - EXE GHIA 4P DIESEL 0 285 585 416 410 117 1.813 [...] FOCUS 2 - EXE LX 4P 0 11 1.178 1.577 1.141 609 4.516 [...] FOCUS 2 - EXE STYLE 4P DIESEL 74 77 58 0 0 0 209 [...] FOCUS 2 - EXE TREN PLUS 4P DIESEL 50 175 274 0 0 0 499 [...] FOCUS 2 - EXE TREND 4P 487 705 61 224 0 0 1.477 [...] FOCUS 2 - EXE TREND PLUS 4P 197 990 813 0 0 0 2.000 [...] FOCUS 2 - GHIA 4P 639 2.152 670 0 0 0 3.461 [...] FOCUS 2 - GHIA 5P 351 3.699 3.461 1.446 1.517 563 11.037 [...] FOCUS 2 - GHIA 5P DIESEL 63 402 695 403 535 223 2.321 [...] FOCUS 2 - GL 4P 0 3 1.091 195 51 13 1.353 [...] FOCUS 2 - GL 5P N 0 526 3.327 1.812 237 0 5.902 [...] FOCUS 2 - GLX 4P 2.776 5.591 6.110 0 1.358 1.276 17.111 [...] FOCUS 2 - GLX 5P 1.425 6.914 21.050 22.435 20.988 11.291 84.103 [...] FOCUS 2 - LX 5P NAFTA 0 12 1.480 2.144 546 0 4.182 [...] FOCUS 2 - STYLE 5P DIESEL 23 82 90 0 0 0 195 [...] FOCUS 2 - TREND 5P 496 1.529 266 1.191 1.357 797 5.636 [...] FOCUS 2 - TREND PLUS 5PT 174 1.816 1.411 0 902 623 4.926 [...] FOCUS 2 - TREND PLUS 5P DIESEL 36 251 341 190 102 0 920,fabricas_paginas/adefa_anuario2013_produccion_por_modelo,"ADEFA, producao na Argentina em 2009: 38295 unidades (soma das versoes)."
ar_ford,Argentina,FORD,FOCUS SEDAN,automoveis,2010-01,2010-12,producao_no_exterior,ano_da_tabela,2010-12,https://www.adefa.org.ar/upload/anuarios/anuario2017/4.pdf#page=8,oficial,FOCUS 2 - CLX 4P 1.061 2.878 1.348 285 0 0 0 0 0 [...] FOCUS 2 - CLX 5P 3.214 8.022 4.855 3.752 0 0 0 0 0 [...] FOCUS 2 - EXE GHIA 4P 2.219 1.093 1.018 281 0 0 0 0 0 [...] FOCUS 2 - EXE GHIA 4P DIESEL 585 416 410 117 0 0 0 0 0 [...] FOCUS 2 - EXE LX 4P 1.178 1.577 1.141 609 0 0 0 0 0 [...] FOCUS 2 - EXE STYLE 4P DIESEL 58 0 0 0 0 0 0 0 0 [...] FOCUS 2 - EXE TREN PLUS 4P DIESEL 274 0 0 0 0 0 0 0 0 [...] FOCUS 2 - EXE TREND 4P 61 224 0 0 0 0 0 0 0 [...] FOCUS 2 - EXE TREND PLUS 4P 813 0 0 0 0 0 0 0 0 [...] FOCUS 2 - GHIA 4P 670 0 0 0 0 0 0 0 0 [...] FOCUS 2 - GHIA 5P 3.461 1.446 1.517 563 0 0 0 0 0 [...] FOCUS 2 - GHIA 5P DIESEL 695 403 535 223 0 0 0 0 0 [...] FOCUS 2 - GL 4P 1.091 195 51 13 0 0 0 0 0 [...] FOCUS 2 - GL 5P N 3.327 1.812 237 0 0 0 0 0 0 [...] FOCUS 2 - GLX 4P 6.110 0 1.358 1.276 0 0 0 0 0 [...] FOCUS 2 - GLX 5P 21.050 22.435 20.988 11.291 0 0 0 0 0 [...] FOCUS 2 - LX 5P NAFTA 1.480 2.144 546 0 0 0 0 0 0 [...] FOCUS 2 - STYLE 5P DIESEL 90 0 0 0 0 0 0 0 90 [...] FOCUS 2 - TREND 5P 266 1.191 1.357 797 0 0 0 0 3.611 [...] FOCUS 2 - EXE CLX 4P 166 1.011 2.685 2.401 0 0 0 0 6.263 [...] FOCUS 2 - EXE CLX 4P DIESEL 33 229 302 123 0 0 0 0 687 [...] FOCUS 2 - EXE GLX 4P 1.435 8.954 5.391 4.153 0 0 0 0 19.933 [...] FOCUS 2 - EXE TIT 4P 320 952 365 178 0 0 0 0 1.815 [...] FOCUS 2 - TIT 5P NAFTA 245 2.762 1.128 894 0 0 0 0 5.029 [...] FOCUS 2 - TREND PLUS 5P 1.411 0 902 623 0 0 0 0 2.936 [...] FOCUS 2 - TREND PLUS 5P DIESEL 341 190 102 0 0 0 0 0 633,fabricas_paginas/adefa_anuario2017_produccion_por_modelo,"ADEFA, producao na Argentina em 2010: 51654 unidades (soma das versoes)."
ar_ford,Argentina,FORD,FOCUS SEDAN,automoveis,2011-01,2011-12,producao_no_exterior,ano_da_tabela,2011-12,https://www.adefa.org.ar/upload/anuarios/anuario2017/4.pdf#page=8,oficial,FOCUS 2 - CLX 4P 1.061 2.878 1.348 285 0 0 0 0 0 [...] FOCUS 2 - CLX 5P 3.214 8.022 4.855 3.752 0 0 0 0 0 [...] FOCUS 2 - EXE GHIA 4P 2.219 1.093 1.018 281 0 0 0 0 0 [...] FOCUS 2 - EXE GHIA 4P DIESEL 585 416 410 117 0 0 0 0 0 [...] FOCUS 2 - EXE LX 4P 1.178 1.577 1.141 609 0 0 0 0 0 [...] FOCUS 2 - EXE TREND 4P 61 224 0 0 0 0 0 0 0 [...] FOCUS 2 - GHIA 5P 3.461 1.446 1.517 563 0 0 0 0 0 [...] FOCUS 2 - GHIA 5P DIESEL 695 403 535 223 0 0 0 0 0 [...] FOCUS 2 - GL 4P 1.091 195 51 13 0 0 0 0 0 [...] FOCUS 2 - GL 5P N 3.327 1.812 237 0 0 0 0 0 0 [...] FOCUS 2 - GLX 5P 21.050 22.435 20.988 11.291 0 0 0 0 0 [...] FOCUS 2 - LX 5P NAFTA 1.480 2.144 546 0 0 0 0 0 0 [...] FOCUS 2 - TREND 5P 266 1.191 1.357 797 0 0 0 0 3.611 [...] FOCUS 2 - EXE CLX 4P 166 1.011 2.685 2.401 0 0 0 0 6.263 [...] FOCUS 2 - EXE CLX 4P DIESEL 33 229 302 123 0 0 0 0 687 [...] FOCUS 2 - EXE GLX 4P 1.435 8.954 5.391 4.153 0 0 0 0 19.933 [...] FOCUS 2 - EXE TIT 4P 320 952 365 178 0 0 0 0 1.815 [...] FOCUS 2 - TIT 5P NAFTA 245 2.762 1.128 894 0 0 0 0 5.029 [...] FOCUS 2 - TREND PLUS 5P DIESEL 341 190 102 0 0 0 0 0 633,fabricas_paginas/adefa_anuario2017_produccion_por_modelo,"ADEFA, producao na Argentina em 2011: 57934 unidades (soma das versoes)."
ar_ford,Argentina,FORD,FOCUS SEDAN,automoveis,2012-01,2012-12,producao_no_exterior,ano_da_tabela,2012-12,https://www.adefa.org.ar/upload/anuarios/anuario2017/4.pdf#page=8,oficial,FOCUS 2 - CLX 4P 1.061 2.878 1.348 285 0 0 0 0 0 [...] FOCUS 2 - CLX 5P 3.214 8.022 4.855 3.752 0 0 0 0 0 [...] FOCUS 2 - EXE GHIA 4P 2.219 1.093 1.018 281 0 0 0 0 0 [...] FOCUS 2 - EXE GHIA 4P DIESEL 585 416 410 117 0 0 0 0 0 [...] FOCUS 2 - EXE LX 4P 1.178 1.577 1.141 609 0 0 0 0 0 [...] FOCUS 2 - GHIA 5P 3.461 1.446 1.517 563 0 0 0 0 0 [...] FOCUS 2 - GHIA 5P DIESEL 695 403 535 223 0 0 0 0 0 [...] FOCUS 2 - GL 4P 1.091 195 51 13 0 0 0 0 0 [...] FOCUS 2 - GL 5P N 3.327 1.812 237 0 0 0 0 0 0 [...] FOCUS 2 - GLX 4P 6.110 0 1.358 1.276 0 0 0 0 0 [...] FOCUS 2 - GLX 5P 21.050 22.435 20.988 11.291 0 0 0 0 0 [...] FOCUS 2 - LX 5P NAFTA 1.480 2.144 546 0 0 0 0 0 0 [...] FOCUS 2 - LX SIGMA 1.6 5P 0 0 1.549 1.349 0 0 0 0 0 [...] FOCUS 2 - PACK I 1.6L 5P 0 0 381 3 0 0 0 0 384 [...] FOCUS 2 - TREND 5P 266 1.191 1.357 797 0 0 0 0 3.611 [...] FOCUS 2 - EXE CLX 4P 166 1.011 2.685 2.401 0 0 0 0 6.263 [...] FOCUS 2 - EXE CLX 4P DIESEL 33 229 302 123 0 0 0 0 687 [...] FOCUS 2 - EXE GLX 4P 1.435 8.954 5.391 4.153 0 0 0 0 19.933 [...] FOCUS 2 - EXE TIT 4P 320 952 365 178 0 0 0 0 1.815 [...] FOCUS 2 - TIT 5P NAFTA 245 2.762 1.128 894 0 0 0 0 5.029 [...] FOCUS 2 - TREND PLUS 5P 1.411 0 902 623 0 0 0 0 2.936 [...] FOCUS 2 - TREND DIESEL 5P 0 0 326 272 0 0 0 0 598 [...] FOCUS 2 - TREND PLUS 5P DIESEL 341 190 102 0 0 0 0 0 633,fabricas_paginas/adefa_anuario2017_produccion_por_modelo,"ADEFA, producao na Argentina em 2012: 48492 unidades (soma das versoes)."
ar_ford,Argentina,FORD,FOCUS SEDAN,automoveis,2013-01,2013-12,producao_no_exterior,ano_da_tabela,2013-12,https://www.adefa.org.ar/upload/anuarios/anuario2017/4.pdf#page=8,oficial,FOCUS 2 - CLX 4P 1.061 2.878 1.348 285 0 0 0 0 0 [...] FOCUS 2 - CLX 5P 3.214 8.022 4.855 3.752 0 0 0 0 0 [...] FOCUS 2 - EXE GHIA 4P 2.219 1.093 1.018 281 0 0 0 0 0 [...] FOCUS 2 - EXE GHIA 4P DIESEL 585 416 410 117 0 0 0 0 0 [...] FOCUS 2 - EXE LX 4P 1.178 1.577 1.141 609 0 0 0 0 0 [...] FOCUS 2 - GHIA 5P 3.461 1.446 1.517 563 0 0 0 0 0 [...] FOCUS 2 - GHIA 5P DIESEL 695 403 535 223 0 0 0 0 0 [...] FOCUS 2 - GL 4P 1.091 195 51 13 0 0 0 0 0 [...] FOCUS 2 - GLX 4P 6.110 0 1.358 1.276 0 0 0 0 0 [...] FOCUS 2 - GLX 5P 21.050 22.435 20.988 11.291 0 0 0 0 0 [...] FOCUS 2 - LX SIGMA 1.6 5P 0 0 1.549 1.349 0 0 0 0 0 [...] FOCUS 2 - PACK I 1.6L 5P 0 0 381 3 0 0 0 0 384 [...] FOCUS 2 - TREND 5P 266 1.191 1.357 797 0 0 0 0 3.611 [...] FOCUS 2 - EXE CLX 4P 166 1.011 2.685 2.401 0 0 0 0 6.263 [...] FOCUS 2 - EXE CLX 4P DIESEL 33 229 302 123 0 0 0 0 687 [...] FOCUS 2 - EXE GLX 4P 1.435 8.954 5.391 4.153 0 0 0 0 19.933 [...] FOCUS 2 - EXE TIT 4P 320 952 365 178 0 0 0 0 1.815 [...] FOCUS 2 - TIT 5P NAFTA 245 2.762 1.128 894 0 0 0 0 5.029 [...] FOCUS 2 - TREND PLUS 5P 1.411 0 902 623 0 0 0 0 2.936 [...] FOCUS 2 - TREND DIESEL 5P 0 0 326 272 0 0 0 0 598 [...] NUEVO FOCUS - 4P S NAFTA 0 0 0 2.941 4.721 2.332 2.278 2.761 15.033 [...] NUEVO FOCUS - 4P SE NAFTA 0 0 0 4.185 8.725 7.392 4.158 2.419 26.879 [...] NUEVO FOCUS - 4P TIT NAFTA 0 0 0 918 3.927 4.660 7.158 6.887 23.550 [...] NUEVO FOCUS - 5P S NAFTA 0 0 0 4.841 12.092 7.880 6.390 2.393 33.596 [...] NUEVO FOCUS - 5P SE NAFTA 0 0 0 5.792 13.035 13.052 9.447 8.963 50.289 [...] NUEVO FOCUS - 5P TIT NAFTA 0 0 0 936 4.563 5.334 6.001 6.130 22.964,fabricas_paginas/adefa_anuario2017_produccion_por_modelo,"ADEFA, producao na Argentina em 2013: 48816 unidades (soma das versoes)."
ar_ford,Argentina,FORD,FOCUS SEDAN,automoveis,2014-01,2014-12,producao_no_exterior,ano_da_tabela,2014-12,https://www.adefa.org.ar/upload/anuarios/anuario2017/4.pdf#page=8,oficial,NUEVO FOCUS - 4P S NAFTA 0 0 0 2.941 4.721 2.332 2.278 2.761 15.033 [...] NUEVO FOCUS - 4P SE NAFTA 0 0 0 4.185 8.725 7.392 4.158 2.419 26.879 [...] NUEVO FOCUS - 4P TIT NAFTA 0 0 0 918 3.927 4.660 7.158 6.887 23.550 [...] NUEVO FOCUS - 5P S NAFTA 0 0 0 4.841 12.092 7.880 6.390 2.393 33.596 [...] NUEVO FOCUS - 5P SE NAFTA 0 0 0 5.792 13.035 13.052 9.447 8.963 50.289 [...] NUEVO FOCUS - 5P TIT NAFTA 0 0 0 936 4.563 5.334 6.001 6.130 22.964,fabricas_paginas/adefa_anuario2017_produccion_por_modelo,"ADEFA, producao na Argentina em 2014: 47063 unidades (soma das versoes)."
ar_ford,Argentina,FORD,FOCUS SEDAN,automoveis,2015-01,2015-12,producao_no_exterior,ano_da_tabela,2015-12,https://www.adefa.org.ar/upload/anuarios/anuario2017/4.pdf#page=8,oficial,NUEVO FOCUS - 4P S NAFTA 0 0 0 2.941 4.721 2.332 2.278 2.761 15.033 [...] NUEVO FOCUS - 4P SE NAFTA 0 0 0 4.185 8.725 7.392 4.158 2.419 26.879 [...] NUEVO FOCUS - 4P TIT NAFTA 0 0 0 918 3.927 4.660 7.158 6.887 23.550 [...] NUEVO FOCUS - 5P S NAFTA 0 0 0 4.841 12.092 7.880 6.390 2.393 33.596 [...] NUEVO FOCUS - 5P SE NAFTA 0 0 0 5.792 13.035 13.052 9.447 8.963 50.289 [...] NUEVO FOCUS - 5P TIT NAFTA 0 0 0 936 4.563 5.334 6.001 6.130 22.964,fabricas_paginas/adefa_anuario2017_produccion_por_modelo,"ADEFA, producao na Argentina em 2015: 40650 unidades (soma das versoes)."
ar_ford,Argentina,FORD,FOCUS SEDAN,automoveis,2016-01,2016-12,producao_no_exterior,ano_da_tabela,2016-12,https://www.adefa.org.ar/upload/anuarios/anuario2017/4.pdf#page=8,oficial,NUEVO FOCUS - 4P S NAFTA 0 0 0 2.941 4.721 2.332 2.278 2.761 15.033 [...] NUEVO FOCUS - 4P SE NAFTA 0 0 0 4.185 8.725 7.392 4.158 2.419 26.879 [...] NUEVO FOCUS - 4P TIT NAFTA 0 0 0 918 3.927 4.660 7.158 6.887 23.550 [...] NUEVO FOCUS - 5P S NAFTA 0 0 0 4.841 12.092 7.880 6.390 2.393 33.596 [...] NUEVO FOCUS - 5P SE NAFTA 0 0 0 5.792 13.035 13.052 9.447 8.963 50.289 [...] NUEVO FOCUS - 5P TIT NAFTA 0 0 0 936 4.563 5.334 6.001 6.130 22.964,fabricas_paginas/adefa_anuario2017_produccion_por_modelo,"ADEFA, producao na Argentina em 2016: 35432 unidades (soma das versoes)."
ar_ford,Argentina,FORD,FOCUS SEDAN,automoveis,2017-01,2017-12,producao_no_exterior,ano_da_tabela,2017-12,https://www.adefa.org.ar/upload/anuarios/anuario2017/4.pdf#page=8,oficial,NUEVO FOCUS - 4P S NAFTA 0 0 0 2.941 4.721 2.332 2.278 2.761 15.033 [...] NUEVO FOCUS - 4P SE NAFTA 0 0 0 4.185 8.725 7.392 4.158 2.419 26.879 [...] NUEVO FOCUS - 4P TIT NAFTA 0 0 0 918 3.927 4.660 7.158 6.887 23.550 [...] NUEVO FOCUS - 5P S NAFTA 0 0 0 4.841 12.092 7.880 6.390 2.393 33.596 [...] NUEVO FOCUS - 5P SE NAFTA 0 0 0 5.792 13.035 13.052 9.447 8.963 50.289 [...] NUEVO FOCUS - 5P TIT NAFTA 0 0 0 936 4.563 5.334 6.001 6.130 22.964,fabricas_paginas/adefa_anuario2017_produccion_por_modelo,"ADEFA, producao na Argentina em 2017: 29553 unidades (soma das versoes)."
ar_ford,Argentina,FORD,FOCUS SEDAN,automoveis,2018-01,2018-12,producao_no_exterior,ano_da_tabela,2018-12,https://www.adefa.org.ar/upload/anuarios/anuario2025/4.pdf#page=9,oficial,FOCUS 15.766 3.893 0 0 0 0 0 0 19.659,fabricas_paginas/adefa_anuario2025_produccion_por_modelo,"ADEFA, producao na Argentina em 2018: 15766 unidades (soma das versoes)."
ar_ford,Argentina,FORD,FOCUS SEDAN,automoveis,2019-01,2019-12,producao_no_exterior,ano_da_tabela,2019-12,https://www.adefa.org.ar/upload/anuarios/anuario2025/4.pdf#page=9,oficial,FOCUS 15.766 3.893 0 0 0 0 0 0 19.659,fabricas_paginas/adefa_anuario2025_produccion_por_modelo,"ADEFA, producao na Argentina em 2019: 3893 unidades (soma das versoes)."
ar_ford,Argentina,FORD,FOCUS,automoveis,2008-01,2008-12,producao_no_exterior,ano_da_tabela,2008-12,https://www.adefa.org.ar/upload/anuarios/anuario2013/4.pdf#page=9,oficial,FORD FOCUS CLX D 4P. 5 0 0 0 0 0 5 [...] FORD FOCUS CLX D 5P. 3 0 0 0 0 0 3 [...] FORD FOCUS CLX N 4P. 714 126 0 0 0 0 840 [...] FORD FOCUS CLX N 5P. 1.612 226 0 0 0 0 1.838 [...] FOCUS - GH 4P 22 48 0 0 0 0 70 [...] FOCUS - GH 5P 6 0 0 0 0 0 6 [...] FORD FOCUS GL N 5P. 8.532 5.305 0 0 0 0 13.837 [...] FORD FOCUS GLX N 4P. 4.717 779 0 0 0 0 5.496 [...] FORD FOCUS GLX N 5P. 4.225 911 0 0 0 0 5.136 [...] FORD FOCUS GHIA N 4P 471 0 0 0 0 0 471 [...] FORD FOCUS GHIA N 5P. 380 0 0 0 0 0 380 [...] FORD FOCUS GHIA TDI 4P. 82 0 0 0 0 0 82 [...] FORD FOCUS GHIA TDI 5P. 264 0 0 0 0 0 264 [...] FORD FOCUS LUX N 4P. 303 0 0 0 0 0 303 [...] FORD FOCUS LUX N 5P. 93 0 0 0 0 0 93 [...] FORD FOCUS LX N 4P. 1.495 1.572 0 0 0 0 3.067 [...] FORD FOCUS LX N 5P. 4.332 3.244 0 0 0 0 7.576 [...] FORD FOCUS LX TDI 4P. 122 0 0 0 0 0 122 [...] FORD FOCUS LX TDI 5P. 242 0 0 0 0 0 242 [...] FOCUS 2 - CLX 5P 927 61 3.214 8.022 4.855 3.752 20.831 [...] FOCUS 2 - EXE GHIA 4P 301 755 2.219 1.093 1.018 281 5.667 [...] FOCUS 2 - EXE STYLE 4P DIESEL 74 77 58 0 0 0 209 [...] FOCUS 2 - EXE TREN PLUS 4P DIESEL 50 175 274 0 0 0 499 [...] FOCUS 2 - EXE TREND 4P 487 705 61 224 0 0 1.477 [...] FOCUS 2 - EXE TREND PLUS 4P 197 990 813 0 0 0 2.000 [...] FOCUS 2 - GHIA 4P 639 2.152 670 0 0 0 3.461 [...] FOCUS 2 - GHIA 5P 351 3.699 3.461 1.446 1.517 563 11.037 [...] FOCUS 2 - GHIA 5P DIESEL 63 402 695 403 535 223 2.321 [...] FOCUS 2 - GLX 4P 2.776 5.591 6.110 0 1.358 1.276 17.111 [...] FOCUS 2 - GLX 5P 1.425 6.914 21.050 22.435 20.988 11.291 84.103 [...] FOCUS 2 - STYLE 5P DIESEL 23 82 90 0 0 0 195 [...] FOCUS 2 - TREND 5P 496 1.529 266 1.191 1.357 797 5.636 [...] FOCUS 2 - TREND PLUS 5PT 174 1.816 1.411 0 902 623 4.926 [...] FOCUS 2 - TREND PLUS 5P DIESEL 36 251 341 190 102 0 920,fabricas_paginas/adefa_anuario2013_produccion_por_modelo,"ADEFA, producao na Argentina em 2008: 35639 unidades (soma das versoes)."
ar_ford,Argentina,FORD,FOCUS,automoveis,2009-01,2009-12,producao_no_exterior,ano_da_tabela,2009-12,https://www.adefa.org.ar/upload/anuarios/anuario2013/4.pdf#page=9,oficial,FORD FOCUS CLX N 4P. 714 126 0 0 0 0 840 [...] FORD FOCUS CLX N 5P. 1.612 226 0 0 0 0 1.838 [...] FOCUS - GH 4P 22 48 0 0 0 0 70 [...] FORD FOCUS GL N 5P. 8.532 5.305 0 0 0 0 13.837 [...] FORD FOCUS GLX N 4P. 4.717 779 0 0 0 0 5.496 [...] FORD FOCUS GLX N 5P. 4.225 911 0 0 0 0 5.136 [...] FORD FOCUS LX N 4P. 1.495 1.572 0 0 0 0 3.067 [...] FORD FOCUS LX N 5P. 4.332 3.244 0 0 0 0 7.576 [...] FOCUS 2 - CLX 4P 0 48 1.061 2.878 1.348 285 5.620 [...] FOCUS 2 - CLX 5P 927 61 3.214 8.022 4.855 3.752 20.831 [...] FOCUS 2 - EXE GHIA 4P 301 755 2.219 1.093 1.018 281 5.667 [...] FOCUS 2 - EXE GHIA 4P DIESEL 0 285 585 416 410 117 1.813 [...] FOCUS 2 - EXE LX 4P 0 11 1.178 1.577 1.141 609 4.516 [...] FOCUS 2 - EXE STYLE 4P DIESEL 74 77 58 0 0 0 209 [...] FOCUS 2 - EXE TREN PLUS 4P DIESEL 50 175 274 0 0 0 499 [...] FOCUS 2 - EXE TREND 4P 487 705 61 224 0 0 1.477 [...] FOCUS 2 - EXE TREND PLUS 4P 197 990 813 0 0 0 2.000 [...] FOCUS 2 - GHIA 4P 639 2.152 670 0 0 0 3.461 [...] FOCUS 2 - GHIA 5P 351 3.699 3.461 1.446 1.517 563 11.037 [...] FOCUS 2 - GHIA 5P DIESEL 63 402 695 403 535 223 2.321 [...] FOCUS 2 - GL 4P 0 3 1.091 195 51 13 1.353 [...] FOCUS 2 - GL 5P N 0 526 3.327 1.812 237 0 5.902 [...] FOCUS 2 - GLX 4P 2.776 5.591 6.110 0 1.358 1.276 17.111 [...] FOCUS 2 - GLX 5P 1.425 6.914 21.050 22.435 20.988 11.291 84.103 [...] FOCUS 2 - LX 5P NAFTA 0 12 1.480 2.144 546 0 4.182 [...] FOCUS 2 - STYLE 5P DIESEL 23 82 90 0 0 0 195 [...] FOCUS 2 - TREND 5P 496 1.529 266 1.191 1.357 797 5.636 [...] FOCUS 2 - TREND PLUS 5PT 174 1.816 1.411 0 902 623 4.926 [...] FOCUS 2 - TREND PLUS 5P DIESEL 36 251 341 190 102 0 920,fabricas_paginas/adefa_anuario2013_produccion_por_modelo,"ADEFA, producao na Argentina em 2009: 38295 unidades (soma das versoes)."
ar_ford,Argentina,FORD,FOCUS,automoveis,2010-01,2010-12,producao_no_exterior,ano_da_tabela,2010-12,https://www.adefa.org.ar/upload/anuarios/anuario2017/4.pdf#page=8,oficial,FOCUS 2 - CLX 4P 1.061 2.878 1.348 285 0 0 0 0 0 [...] FOCUS 2 - CLX 5P 3.214 8.022 4.855 3.752 0 0 0 0 0 [...] FOCUS 2 - EXE GHIA 4P 2.219 1.093 1.018 281 0 0 0 0 0 [...] FOCUS 2 - EXE GHIA 4P DIESEL 585 416 410 117 0 0 0 0 0 [...] FOCUS 2 - EXE LX 4P 1.178 1.577 1.141 609 0 0 0 0 0 [...] FOCUS 2 - EXE STYLE 4P DIESEL 58 0 0 0 0 0 0 0 0 [...] FOCUS 2 - EXE TREN PLUS 4P DIESEL 274 0 0 0 0 0 0 0 0 [...] FOCUS 2 - EXE TREND 4P 61 224 0 0 0 0 0 0 0 [...] FOCUS 2 - EXE TREND PLUS 4P 813 0 0 0 0 0 0 0 0 [...] FOCUS 2 - GHIA 4P 670 0 0 0 0 0 0 0 0 [...] FOCUS 2 - GHIA 5P 3.461 1.446 1.517 563 0 0 0 0 0 [...] FOCUS 2 - GHIA 5P DIESEL 695 403 535 223 0 0 0 0 0 [...] FOCUS 2 - GL 4P 1.091 195 51 13 0 0 0 0 0 [...] FOCUS 2 - GL 5P N 3.327 1.812 237 0 0 0 0 0 0 [...] FOCUS 2 - GLX 4P 6.110 0 1.358 1.276 0 0 0 0 0 [...] FOCUS 2 - GLX 5P 21.050 22.435 20.988 11.291 0 0 0 0 0 [...] FOCUS 2 - LX 5P NAFTA 1.480 2.144 546 0 0 0 0 0 0 [...] FOCUS 2 - STYLE 5P DIESEL 90 0 0 0 0 0 0 0 90 [...] FOCUS 2 - TREND 5P 266 1.191 1.357 797 0 0 0 0 3.611 [...] FOCUS 2 - EXE CLX 4P 166 1.011 2.685 2.401 0 0 0 0 6.263 [...] FOCUS 2 - EXE CLX 4P DIESEL 33 229 302 123 0 0 0 0 687 [...] FOCUS 2 - EXE GLX 4P 1.435 8.954 5.391 4.153 0 0 0 0 19.933 [...] FOCUS 2 - EXE TIT 4P 320 952 365 178 0 0 0 0 1.815 [...] FOCUS 2 - TIT 5P NAFTA 245 2.762 1.128 894 0 0 0 0 5.029 [...] FOCUS 2 - TREND PLUS 5P 1.411 0 902 623 0 0 0 0 2.936 [...] FOCUS 2 - TREND PLUS 5P DIESEL 341 190 102 0 0 0 0 0 633,fabricas_paginas/adefa_anuario2017_produccion_por_modelo,"ADEFA, producao na Argentina em 2010: 51654 unidades (soma das versoes)."
ar_ford,Argentina,FORD,FOCUS,automoveis,2011-01,2011-12,producao_no_exterior,ano_da_tabela,2011-12,https://www.adefa.org.ar/upload/anuarios/anuario2017/4.pdf#page=8,oficial,FOCUS 2 - CLX 4P 1.061 2.878 1.348 285 0 0 0 0 0 [...] FOCUS 2 - CLX 5P 3.214 8.022 4.855 3.752 0 0 0 0 0 [...] FOCUS 2 - EXE GHIA 4P 2.219 1.093 1.018 281 0 0 0 0 0 [...] FOCUS 2 - EXE GHIA 4P DIESEL 585 416 410 117 0 0 0 0 0 [...] FOCUS 2 - EXE LX 4P 1.178 1.577 1.141 609 0 0 0 0 0 [...] FOCUS 2 - EXE TREND 4P 61 224 0 0 0 0 0 0 0 [...] FOCUS 2 - GHIA 5P 3.461 1.446 1.517 563 0 0 0 0 0 [...] FOCUS 2 - GHIA 5P DIESEL 695 403 535 223 0 0 0 0 0 [...] FOCUS 2 - GL 4P 1.091 195 51 13 0 0 0 0 0 [...] FOCUS 2 - GL 5P N 3.327 1.812 237 0 0 0 0 0 0 [...] FOCUS 2 - GLX 5P 21.050 22.435 20.988 11.291 0 0 0 0 0 [...] FOCUS 2 - LX 5P NAFTA 1.480 2.144 546 0 0 0 0 0 0 [...] FOCUS 2 - TREND 5P 266 1.191 1.357 797 0 0 0 0 3.611 [...] FOCUS 2 - EXE CLX 4P 166 1.011 2.685 2.401 0 0 0 0 6.263 [...] FOCUS 2 - EXE CLX 4P DIESEL 33 229 302 123 0 0 0 0 687 [...] FOCUS 2 - EXE GLX 4P 1.435 8.954 5.391 4.153 0 0 0 0 19.933 [...] FOCUS 2 - EXE TIT 4P 320 952 365 178 0 0 0 0 1.815 [...] FOCUS 2 - TIT 5P NAFTA 245 2.762 1.128 894 0 0 0 0 5.029 [...] FOCUS 2 - TREND PLUS 5P DIESEL 341 190 102 0 0 0 0 0 633,fabricas_paginas/adefa_anuario2017_produccion_por_modelo,"ADEFA, producao na Argentina em 2011: 57934 unidades (soma das versoes)."
ar_ford,Argentina,FORD,FOCUS,automoveis,2012-01,2012-12,producao_no_exterior,ano_da_tabela,2012-12,https://www.adefa.org.ar/upload/anuarios/anuario2017/4.pdf#page=8,oficial,FOCUS 2 - CLX 4P 1.061 2.878 1.348 285 0 0 0 0 0 [...] FOCUS 2 - CLX 5P 3.214 8.022 4.855 3.752 0 0 0 0 0 [...] FOCUS 2 - EXE GHIA 4P 2.219 1.093 1.018 281 0 0 0 0 0 [...] FOCUS 2 - EXE GHIA 4P DIESEL 585 416 410 117 0 0 0 0 0 [...] FOCUS 2 - EXE LX 4P 1.178 1.577 1.141 609 0 0 0 0 0 [...] FOCUS 2 - GHIA 5P 3.461 1.446 1.517 563 0 0 0 0 0 [...] FOCUS 2 - GHIA 5P DIESEL 695 403 535 223 0 0 0 0 0 [...] FOCUS 2 - GL 4P 1.091 195 51 13 0 0 0 0 0 [...] FOCUS 2 - GL 5P N 3.327 1.812 237 0 0 0 0 0 0 [...] FOCUS 2 - GLX 4P 6.110 0 1.358 1.276 0 0 0 0 0 [...] FOCUS 2 - GLX 5P 21.050 22.435 20.988 11.291 0 0 0 0 0 [...] FOCUS 2 - LX 5P NAFTA 1.480 2.144 546 0 0 0 0 0 0 [...] FOCUS 2 - LX SIGMA 1.6 5P 0 0 1.549 1.349 0 0 0 0 0 [...] FOCUS 2 - PACK I 1.6L 5P 0 0 381 3 0 0 0 0 384 [...] FOCUS 2 - TREND 5P 266 1.191 1.357 797 0 0 0 0 3.611 [...] FOCUS 2 - EXE CLX 4P 166 1.011 2.685 2.401 0 0 0 0 6.263 [...] FOCUS 2 - EXE CLX 4P DIESEL 33 229 302 123 0 0 0 0 687 [...] FOCUS 2 - EXE GLX 4P 1.435 8.954 5.391 4.153 0 0 0 0 19.933 [...] FOCUS 2 - EXE TIT 4P 320 952 365 178 0 0 0 0 1.815 [...] FOCUS 2 - TIT 5P NAFTA 245 2.762 1.128 894 0 0 0 0 5.029 [...] FOCUS 2 - TREND PLUS 5P 1.411 0 902 623 0 0 0 0 2.936 [...] FOCUS 2 - TREND DIESEL 5P 0 0 326 272 0 0 0 0 598 [...] FOCUS 2 - TREND PLUS 5P DIESEL 341 190 102 0 0 0 0 0 633,fabricas_paginas/adefa_anuario2017_produccion_por_modelo,"ADEFA, producao na Argentina em 2012: 48492 unidades (soma das versoes)."
ar_ford,Argentina,FORD,FOCUS,automoveis,2013-01,2013-12,producao_no_exterior,ano_da_tabela,2013-12,https://www.adefa.org.ar/upload/anuarios/anuario2017/4.pdf#page=8,oficial,FOCUS 2 - CLX 4P 1.061 2.878 1.348 285 0 0 0 0 0 [...] FOCUS 2 - CLX 5P 3.214 8.022 4.855 3.752 0 0 0 0 0 [...] FOCUS 2 - EXE GHIA 4P 2.219 1.093 1.018 281 0 0 0 0 0 [...] FOCUS 2 - EXE GHIA 4P DIESEL 585 416 410 117 0 0 0 0 0 [...] FOCUS 2 - EXE LX 4P 1.178 1.577 1.141 609 0 0 0 0 0 [...] FOCUS 2 - GHIA 5P 3.461 1.446 1.517 563 0 0 0 0 0 [...] FOCUS 2 - GHIA 5P DIESEL 695 403 535 223 0 0 0 0 0 [...] FOCUS 2 - GL 4P 1.091 195 51 13 0 0 0 0 0 [...] FOCUS 2 - GLX 4P 6.110 0 1.358 1.276 0 0 0 0 0 [...] FOCUS 2 - GLX 5P 21.050 22.435 20.988 11.291 0 0 0 0 0 [...] FOCUS 2 - LX SIGMA 1.6 5P 0 0 1.549 1.349 0 0 0 0 0 [...] FOCUS 2 - PACK I 1.6L 5P 0 0 381 3 0 0 0 0 384 [...] FOCUS 2 - TREND 5P 266 1.191 1.357 797 0 0 0 0 3.611 [...] FOCUS 2 - EXE CLX 4P 166 1.011 2.685 2.401 0 0 0 0 6.263 [...] FOCUS 2 - EXE CLX 4P DIESEL 33 229 302 123 0 0 0 0 687 [...] FOCUS 2 - EXE GLX 4P 1.435 8.954 5.391 4.153 0 0 0 0 19.933 [...] FOCUS 2 - EXE TIT 4P 320 952 365 178 0 0 0 0 1.815 [...] FOCUS 2 - TIT 5P NAFTA 245 2.762 1.128 894 0 0 0 0 5.029 [...] FOCUS 2 - TREND PLUS 5P 1.411 0 902 623 0 0 0 0 2.936 [...] FOCUS 2 - TREND DIESEL 5P 0 0 326 272 0 0 0 0 598 [...] NUEVO FOCUS - 4P S NAFTA 0 0 0 2.941 4.721 2.332 2.278 2.761 15.033 [...] NUEVO FOCUS - 4P SE NAFTA 0 0 0 4.185 8.725 7.392 4.158 2.419 26.879 [...] NUEVO FOCUS - 4P TIT NAFTA 0 0 0 918 3.927 4.660 7.158 6.887 23.550 [...] NUEVO FOCUS - 5P S NAFTA 0 0 0 4.841 12.092 7.880 6.390 2.393 33.596 [...] NUEVO FOCUS - 5P SE NAFTA 0 0 0 5.792 13.035 13.052 9.447 8.963 50.289 [...] NUEVO FOCUS - 5P TIT NAFTA 0 0 0 936 4.563 5.334 6.001 6.130 22.964,fabricas_paginas/adefa_anuario2017_produccion_por_modelo,"ADEFA, producao na Argentina em 2013: 48816 unidades (soma das versoes)."
ar_ford,Argentina,FORD,FOCUS,automoveis,2014-01,2014-12,producao_no_exterior,ano_da_tabela,2014-12,https://www.adefa.org.ar/upload/anuarios/anuario2017/4.pdf#page=8,oficial,NUEVO FOCUS - 4P S NAFTA 0 0 0 2.941 4.721 2.332 2.278 2.761 15.033 [...] NUEVO FOCUS - 4P SE NAFTA 0 0 0 4.185 8.725 7.392 4.158 2.419 26.879 [...] NUEVO FOCUS - 4P TIT NAFTA 0 0 0 918 3.927 4.660 7.158 6.887 23.550 [...] NUEVO FOCUS - 5P S NAFTA 0 0 0 4.841 12.092 7.880 6.390 2.393 33.596 [...] NUEVO FOCUS - 5P SE NAFTA 0 0 0 5.792 13.035 13.052 9.447 8.963 50.289 [...] NUEVO FOCUS - 5P TIT NAFTA 0 0 0 936 4.563 5.334 6.001 6.130 22.964,fabricas_paginas/adefa_anuario2017_produccion_por_modelo,"ADEFA, producao na Argentina em 2014: 47063 unidades (soma das versoes)."
ar_ford,Argentina,FORD,FOCUS,automoveis,2015-01,2015-12,producao_no_exterior,ano_da_tabela,2015-12,https://www.adefa.org.ar/upload/anuarios/anuario2017/4.pdf#page=8,oficial,NUEVO FOCUS - 4P S NAFTA 0 0 0 2.941 4.721 2.332 2.278 2.761 15.033 [...] NUEVO FOCUS - 4P SE NAFTA 0 0 0 4.185 8.725 7.392 4.158 2.419 26.879 [...] NUEVO FOCUS - 4P TIT NAFTA 0 0 0 918 3.927 4.660 7.158 6.887 23.550 [...] NUEVO FOCUS - 5P S NAFTA 0 0 0 4.841 12.092 7.880 6.390 2.393 33.596 [...] NUEVO FOCUS - 5P SE NAFTA 0 0 0 5.792 13.035 13.052 9.447 8.963 50.289 [...] NUEVO FOCUS - 5P TIT NAFTA 0 0 0 936 4.563 5.334 6.001 6.130 22.964,fabricas_paginas/adefa_anuario2017_produccion_por_modelo,"ADEFA, producao na Argentina em 2015: 40650 unidades (soma das versoes)."
ar_ford,Argentina,FORD,FOCUS,automoveis,2016-01,2016-12,producao_no_exterior,ano_da_tabela,2016-12,https://www.adefa.org.ar/upload/anuarios/anuario2017/4.pdf#page=8,oficial,NUEVO FOCUS - 4P S NAFTA 0 0 0 2.941 4.721 2.332 2.278 2.761 15.033 [...] NUEVO FOCUS - 4P SE NAFTA 0 0 0 4.185 8.725 7.392 4.158 2.419 26.879 [...] NUEVO FOCUS - 4P TIT NAFTA 0 0 0 918 3.927 4.660 7.158 6.887 23.550 [...] NUEVO FOCUS - 5P S NAFTA 0 0 0 4.841 12.092 7.880 6.390 2.393 33.596 [...] NUEVO FOCUS - 5P SE NAFTA 0 0 0 5.792 13.035 13.052 9.447 8.963 50.289 [...] NUEVO FOCUS - 5P TIT NAFTA 0 0 0 936 4.563 5.334 6.001 6.130 22.964,fabricas_paginas/adefa_anuario2017_produccion_por_modelo,"ADEFA, producao na Argentina em 2016: 35432 unidades (soma das versoes)."
ar_ford,Argentina,FORD,FOCUS,automoveis,2017-01,2017-12,producao_no_exterior,ano_da_tabela,2017-12,https://www.adefa.org.ar/upload/anuarios/anuario2017/4.pdf#page=8,oficial,NUEVO FOCUS - 4P S NAFTA 0 0 0 2.941 4.721 2.332 2.278 2.761 15.033 [...] NUEVO FOCUS - 4P SE NAFTA 0 0 0 4.185 8.725 7.392 4.158 2.419 26.879 [...] NUEVO FOCUS - 4P TIT NAFTA 0 0 0 918 3.927 4.660 7.158 6.887 23.550 [...] NUEVO FOCUS - 5P S NAFTA 0 0 0 4.841 12.092 7.880 6.390 2.393 33.596 [...] NUEVO FOCUS - 5P SE NAFTA 0 0 0 5.792 13.035 13.052 9.447 8.963 50.289 [...] NUEVO FOCUS - 5P TIT NAFTA 0 0 0 936 4.563 5.334 6.001 6.130 22.964,fabricas_paginas/adefa_anuario2017_produccion_por_modelo,"ADEFA, producao na Argentina em 2017: 29553 unidades (soma das versoes)."
ar_ford,Argentina,FORD,FOCUS,automoveis,2018-01,2018-12,producao_no_exterior,ano_da_tabela,2018-12,https://www.adefa.org.ar/upload/anuarios/anuario2025/4.pdf#page=9,oficial,FOCUS 15.766 3.893 0 0 0 0 0 0 19.659,fabricas_paginas/adefa_anuario2025_produccion_por_modelo,"ADEFA, producao na Argentina em 2018: 15766 unidades (soma das versoes)."
ar_ford,Argentina,FORD,FOCUS,automoveis,2019-01,2019-12,producao_no_exterior,ano_da_tabela,2019-12,https://www.adefa.org.ar/upload/anuarios/anuario2025/4.pdf#page=9,oficial,FOCUS 15.766 3.893 0 0 0 0 0 0 19.659,fabricas_paginas/adefa_anuario2025_produccion_por_modelo,"ADEFA, producao na Argentina em 2019: 3893 unidades (soma das versoes)."
ar_ford,Argentina,FORD,RANGER,comerciais_leves,2008-01,2008-12,producao_no_exterior,ano_da_tabela,2008-12,https://www.adefa.org.ar/upload/anuarios/anuario2013/4.pdf#page=9,oficial,FORD RANGER LTD 4X2 C/C - PICK UP 1.290 199 708 0 0 518 2.715 [...] FORD RANGER XL 4X2 C/C - PICK UP 11.203 8.602 9.172 11.915 4.757 5.060 50.709 [...] FORD RANGER XL 4X2 C/C DIESEL - PICK UP 6.155 4.218 5.790 4.633 5.560 5.496 31.852 [...] FORD RANGER XL 4X2 R/C - PICK UP 6.910 3.108 4.731 2.504 1.338 2.246 20.837 [...] FORD RANGER XL 4X2 R/C DIESEL - PICK UP 1.389 622 679 853 8 284 3.835 [...] FORD RANGER XL 4X4 C/C DIESEL - PICK UP 4.413 2.938 3.096 6.108 2.670 5.084 24.309 [...] FORD RANGER XL 4X4 R/C DIESEL - PICK UP 674 517 1.069 937 146 437 3.780 [...] FORD RANGER XLS 4X2 C/C - PICK UP 1.534 1.440 591 271 4.767 4.356 12.959 [...] FORD RANGER XLS 4X2 C/C - PICK UP DIESEL 440 414 569 761 1.670 2.052 5.906 [...] FORD RANGER XLS 4X2 R/C - PICK UP 2.828 516 1.965 1.078 385 41 6.813 [...] FORD RANGER XLS 4X2 R/C - PICK UP DIESEL 108 94 148 56 0 0 406 [...] FORD RANGER XLS 4X4 C/C - PICK UP 13 701 0 0 0 0 714 [...] FORD RANGER XLS 4X4 C/C DIESEL - PICK UP 729 396 129 32 264 1.779 3.329 [...] FORD RANGER XLT 4X2 C/C - PICK UP 3.257 4.716 5.874 8.533 9.115 5.377 36.872 [...] FORD RANGER XLT 4X2 C/C DIESEL - PICK UP 1.863 1.188 1.776 2.153 2.679 3.748 13.407 [...] FORD RANGER XLT 4X4 C/C DIESEL - PICK UP 5.198 4.164 5.170 5.607 6.424 8.907 35.470,fabricas_paginas/adefa_anuario2013_produccion_por_modelo,"ADEFA, producao na Argentina em 2008: 48004 unidades (soma das versoes)."
ar_ford,Argentina,FORD,RANGER,comerciais_leves,2009-01,2009-12,producao_no_exterior,ano_da_tabela,2009-12,https://www.adefa.org.ar/upload/anuarios/anuario2013/4.pdf#page=9,oficial,FORD RANGER LTD 4X2 C/C - PICK UP 1.290 199 708 0 0 518 2.715 [...] FORD RANGER LTD 4X4 D C/C - PICK UP 0 287 3.204 0 0 6.697 10.188 [...] FORD RANGER XL 4X2 C/C - PICK UP 11.203 8.602 9.172 11.915 4.757 5.060 50.709 [...] FORD RANGER XL 4X2 C/C DIESEL - PICK UP 6.155 4.218 5.790 4.633 5.560 5.496 31.852 [...] FORD RANGER XL 4X2 R/C - PICK UP 6.910 3.108 4.731 2.504 1.338 2.246 20.837 [...] FORD RANGER XL 4X2 R/C DIESEL - PICK UP 1.389 622 679 853 8 284 3.835 [...] FORD RANGER XL 4X4 C/C DIESEL - PICK UP 4.413 2.938 3.096 6.108 2.670 5.084 24.309 [...] FORD RANGER XL 4X4 R/C - PICK UP 0 29 97 508 563 876 2.073 [...] FORD RANGER XL 4X4 R/C DIESEL - PICK UP 674 517 1.069 937 146 437 3.780 [...] FORD RANGER XLS 4X2 C/C - PICK UP 1.534 1.440 591 271 4.767 4.356 12.959 [...] FORD RANGER XLS 4X2 C/C - PICK UP DIESEL 440 414 569 761 1.670 2.052 5.906 [...] FORD RANGER XLS 4X2 R/C - PICK UP 2.828 516 1.965 1.078 385 41 6.813 [...] FORD RANGER XLS 4X2 R/C - PICK UP DIESEL 108 94 148 56 0 0 406 [...] FORD RANGER XLS 4X4 C/C - PICK UP 13 701 0 0 0 0 714 [...] FORD RANGER XLS 4X4 C/C DIESEL - PICK UP 729 396 129 32 264 1.779 3.329 [...] FORD RANGER XLT 4X2 C/C - PICK UP 3.257 4.716 5.874 8.533 9.115 5.377 36.872 [...] FORD RANGER XLT 4X2 C/C DIESEL - PICK UP 1.863 1.188 1.776 2.153 2.679 3.748 13.407 [...] FORD RANGER XLT 4X2 R/C - PICK UP 0 110 0 0 0 0 110 [...] FORD RANGER XLT 4X4 C/C DIESEL - PICK UP 5.198 4.164 5.170 5.607 6.424 8.907 35.470,fabricas_paginas/adefa_anuario2013_produccion_por_modelo,"ADEFA, producao na Argentina em 2009: 34259 unidades (soma das versoes)."
ar_ford,Argentina,FORD,RANGER,comerciais_leves,2010-01,2010-12,producao_no_exterior,ano_da_tabela,2010-12,https://www.adefa.org.ar/upload/anuarios/anuario2017/4.pdf#page=8,oficial,FORD RANGER LTD 4X2 C/C - PICK UP 708 0 0 518 1.058 1.499 420 0 4.203 [...] FORD RANGER LTD 4X4 D C/C - PICK UP 3.204 0 0 6.697 6.691 3.604 8.947 0 29.143 [...] FORD RANGER XL 4X2 C/C - PICK UP 9.172 11.915 4.757 5.060 2.831 4.289 6.912 0 44.936 [...] FORD RANGER XL 4X2 C/C DIESEL - PICK UP 5.790 4.633 5.560 5.496 5.918 6.183 8.558 0 42.138 [...] FORD RANGER XL 4X2 R/C - PICK UP 4.731 2.504 1.338 2.246 1.999 975 411 0 14.204 [...] FORD RANGER XL 4X2 R/C DIESEL - PICK UP 679 853 8 284 4.201 774 677 0 7.476 [...] FORD RANGER XL 4X4 C/C DIESEL - PICK UP 3.096 6.108 2.670 5.084 4.841 8.227 3.861 0 33.887 [...] FORD RANGER XL 4X4 R/C - PICK UP 97 508 563 876 90 0 0 0 2.134 [...] FORD RANGER XL 4X4 R/C DIESEL - PICK UP 1.069 937 146 437 474 912 1.017 0 4.992 [...] FORD RANGER XL PLUS 4X2 R/C DIESEL - PICK UP 32 0 0 0 0 0 0 0 32 [...] FORD RANGER XLS 4X2 C/C - PICK UP 591 271 4.767 4.356 2.813 1.306 0 0 14.104 [...] FORD RANGER XLS 4X2 C/C - PICK UP DIESEL 569 761 1.670 2.052 1.368 2.427 2.648 0 11.495 [...] FORD RANGER XLS 4X2 R/C - PICK UP 1.965 1.078 385 41 0 630 0 0 4.099 [...] FORD RANGER XLS 4X2 R/C - PICK UP DIESEL 148 56 0 0 0 0 0 0 204 [...] FORD RANGER XLS 4X4 C/C DIESEL - PICK UP 129 32 264 1.779 2.351 1.176 1.624 0 7.355 [...] FORD RANGER XLT 4X2 C/C - PICK UP 5.874 8.533 9.115 5.377 9.272 5.882 1.526 0 45.579 [...] FORD RANGER XLT 4X2 C/C DIESEL - PICK UP 1.776 2.153 2.679 3.748 3.495 2.717 3.473 0 20.041 [...] FORD RANGER XLT 4X4 C/C DIESEL - PICK UP 5.170 5.607 6.424 8.907 7.178 5.740 9.122 0 48.148,fabricas_paginas/adefa_anuario2017_produccion_por_modelo,"ADEFA, producao na Argentina em 2010: 44800 unidades (soma das versoes)."
ar_ford,Argentina,FORD,RANGER,comerciais_leves,2011-01,2011-12,producao_no_exterior,ano_da_tabela,2011-12,https://www.adefa.org.ar/upload/anuarios/anuario2017/4.pdf#page=8,oficial,FORD RANGER XL 4X2 C/C - PICK UP 9.172 11.915 4.757 5.060 2.831 4.289 6.912 0 44.936 [...] FORD RANGER XL 4X2 C/C DIESEL - PICK UP 5.790 4.633 5.560 5.496 5.918 6.183 8.558 0 42.138 [...] FORD RANGER XL 4X2 R/C - PICK UP 4.731 2.504 1.338 2.246 1.999 975 411 0 14.204 [...] FORD RANGER XL 4X2 R/C DIESEL - PICK UP 679 853 8 284 4.201 774 677 0 7.476 [...] FORD RANGER XL 4X4 C/C DIESEL - PICK UP 3.096 6.108 2.670 5.084 4.841 8.227 3.861 0 33.887 [...] FORD RANGER XL 4X4 R/C - PICK UP 97 508 563 876 90 0 0 0 2.134 [...] FORD RANGER XL 4X4 R/C DIESEL - PICK UP 1.069 937 146 437 474 912 1.017 0 4.992 [...] FORD RANGER XLS 4X2 C/C - PICK UP 591 271 4.767 4.356 2.813 1.306 0 0 14.104 [...] FORD RANGER XLS 4X2 C/C - PICK UP DIESEL 569 761 1.670 2.052 1.368 2.427 2.648 0 11.495 [...] FORD RANGER XLS 4X2 R/C - PICK UP 1.965 1.078 385 41 0 630 0 0 4.099 [...] FORD RANGER XLS 4X2 R/C - PICK UP DIESEL 148 56 0 0 0 0 0 0 204 [...] FORD RANGER XLS 4X4 C/C DIESEL - PICK UP 129 32 264 1.779 2.351 1.176 1.624 0 7.355 [...] FORD RANGER XLT 4X2 C/C - PICK UP 5.874 8.533 9.115 5.377 9.272 5.882 1.526 0 45.579 [...] FORD RANGER XLT 4X2 C/C DIESEL - PICK UP 1.776 2.153 2.679 3.748 3.495 2.717 3.473 0 20.041 [...] FORD RANGER XLT 4X4 C/C DIESEL - PICK UP 5.170 5.607 6.424 8.907 7.178 5.740 9.122 0 48.148,fabricas_paginas/adefa_anuario2017_produccion_por_modelo,"ADEFA, producao na Argentina em 2011: 45949 unidades (soma das versoes)."
ar_ford,Argentina,FORD,RANGER,comerciais_leves,2012-01,2012-12,producao_no_exterior,ano_da_tabela,2012-12,https://www.adefa.org.ar/upload/anuarios/anuario2017/4.pdf#page=8,oficial,FORD RANGER XL 4X2 C/C - PICK UP 9.172 11.915 4.757 5.060 2.831 4.289 6.912 0 44.936 [...] FORD RANGER XL 4X2 C/C DIESEL - PICK UP 5.790 4.633 5.560 5.496 5.918 6.183 8.558 0 42.138 [...] FORD RANGER XL 4X2 R/C - PICK UP 4.731 2.504 1.338 2.246 1.999 975 411 0 14.204 [...] FORD RANGER XL 4X2 R/C DIESEL - PICK UP 679 853 8 284 4.201 774 677 0 7.476 [...] FORD RANGER XL 4X4 C/C - PICK UP 0 0 234 369 752 0 919 0 2.274 [...] FORD RANGER XL 4X4 C/C DIESEL - PICK UP 3.096 6.108 2.670 5.084 4.841 8.227 3.861 0 33.887 [...] FORD RANGER XL 4X4 R/C - PICK UP 97 508 563 876 90 0 0 0 2.134 [...] FORD RANGER XL 4X4 R/C DIESEL - PICK UP 1.069 937 146 437 474 912 1.017 0 4.992 [...] FORD RANGER XLS 4X2 C/C - PICK UP 591 271 4.767 4.356 2.813 1.306 0 0 14.104 [...] FORD RANGER XLS 4X2 C/C - PICK UP DIESEL 569 761 1.670 2.052 1.368 2.427 2.648 0 11.495 [...] FORD RANGER XLS 4X2 R/C - PICK UP 1.965 1.078 385 41 0 630 0 0 4.099 [...] FORD RANGER XLS 4X4 C/C DIESEL - PICK UP 129 32 264 1.779 2.351 1.176 1.624 0 7.355 [...] FORD RANGER XLT 4X2 C/C - PICK UP 5.874 8.533 9.115 5.377 9.272 5.882 1.526 0 45.579 [...] FORD RANGER XLT 4X2 C/C DIESEL - PICK UP 1.776 2.153 2.679 3.748 3.495 2.717 3.473 0 20.041 [...] FORD RANGER XLT 4X4 C/C DIESEL - PICK UP 5.170 5.607 6.424 8.907 7.178 5.740 9.122 0 48.148,fabricas_paginas/adefa_anuario2017_produccion_por_modelo,"ADEFA, producao na Argentina em 2012: 40580 unidades (soma das versoes)."
ar_ford,Argentina,FORD,RANGER,comerciais_leves,2013-01,2013-12,producao_no_exterior,ano_da_tabela,2013-12,https://www.adefa.org.ar/upload/anuarios/anuario2017/4.pdf#page=8,oficial,FORD RANGER LTD 4X2 C/C - PICK UP 708 0 0 518 1.058 1.499 420 0 4.203 [...] FORD RANGER LTD 4X2 R/C - PICK UP 0 0 0 137 691 63 0 0 891 [...] FORD RANGER LTD 4X4 D C/C - PICK UP 3.204 0 0 6.697 6.691 3.604 8.947 0 29.143 [...] FORD RANGER XL 4X2 C/C - PICK UP 9.172 11.915 4.757 5.060 2.831 4.289 6.912 0 44.936 [...] FORD RANGER XL 4X2 C/C DIESEL - PICK UP 5.790 4.633 5.560 5.496 5.918 6.183 8.558 0 42.138 [...] FORD RANGER XL 4X2 R/C - PICK UP 4.731 2.504 1.338 2.246 1.999 975 411 0 14.204 [...] FORD RANGER XL 4X2 R/C DIESEL - PICK UP 679 853 8 284 4.201 774 677 0 7.476 [...] FORD RANGER XL 4X4 C/C - PICK UP 0 0 234 369 752 0 919 0 2.274 [...] FORD RANGER XL 4X4 C/C DIESEL - PICK UP 3.096 6.108 2.670 5.084 4.841 8.227 3.861 0 33.887 [...] FORD RANGER XL 4X4 R/C - PICK UP 97 508 563 876 90 0 0 0 2.134 [...] FORD RANGER XL 4X4 R/C DIESEL - PICK UP 1.069 937 146 437 474 912 1.017 0 4.992 [...] FORD RANGER XLS 4X2 C/C - PICK UP 591 271 4.767 4.356 2.813 1.306 0 0 14.104 [...] FORD RANGER XLS 4X2 C/C - PICK UP DIESEL 569 761 1.670 2.052 1.368 2.427 2.648 0 11.495 [...] FORD RANGER XLS 4X2 R/C - PICK UP 1.965 1.078 385 41 0 630 0 0 4.099 [...] FORD RANGER XLS 4X4 C/C DIESEL - PICK UP 129 32 264 1.779 2.351 1.176 1.624 0 7.355 [...] FORD RANGER XLT 4X2 C/C - PICK UP 5.874 8.533 9.115 5.377 9.272 5.882 1.526 0 45.579 [...] FORD RANGER XLT 4X2 C/C DIESEL - PICK UP 1.776 2.153 2.679 3.748 3.495 2.717 3.473 0 20.041 [...] FORD RANGER XLT 4X4 C/C DIESEL - PICK UP 5.170 5.607 6.424 8.907 7.178 5.740 9.122 0 48.148,fabricas_paginas/adefa_anuario2017_produccion_por_modelo,"ADEFA, producao na Argentina em 2013: 53464 unidades (soma das versoes)."
ar_ford,Argentina,FORD,RANGER,comerciais_leves,2014-01,2014-12,producao_no_exterior,ano_da_tabela,2014-12,https://www.adefa.org.ar/upload/anuarios/anuario2017/4.pdf#page=8,oficial,FORD RANGER LTD 4X2 C/C - PICK UP 708 0 0 518 1.058 1.499 420 0 4.203 [...] FORD RANGER LTD 4X2 R/C - PICK UP 0 0 0 137 691 63 0 0 891 [...] FORD RANGER LTD 4X4 D C/C - PICK UP 3.204 0 0 6.697 6.691 3.604 8.947 0 29.143 [...] FORD RANGER XL 4X2 C/C - PICK UP 9.172 11.915 4.757 5.060 2.831 4.289 6.912 0 44.936 [...] FORD RANGER XL 4X2 C/C DIESEL - PICK UP 5.790 4.633 5.560 5.496 5.918 6.183 8.558 0 42.138 [...] FORD RANGER XL 4X2 R/C - PICK UP 4.731 2.504 1.338 2.246 1.999 975 411 0 14.204 [...] FORD RANGER XL 4X2 R/C DIESEL - PICK UP 679 853 8 284 4.201 774 677 0 7.476 [...] FORD RANGER XL 4X4 C/C - PICK UP 0 0 234 369 752 0 919 0 2.274 [...] FORD RANGER XL 4X4 C/C DIESEL - PICK UP 3.096 6.108 2.670 5.084 4.841 8.227 3.861 0 33.887 [...] FORD RANGER XL 4X4 R/C - PICK UP 97 508 563 876 90 0 0 0 2.134 [...] FORD RANGER XL 4X4 R/C DIESEL - PICK UP 1.069 937 146 437 474 912 1.017 0 4.992 [...] FORD RANGER XLS 4X2 C/C - PICK UP 591 271 4.767 4.356 2.813 1.306 0 0 14.104 [...] FORD RANGER XLS 4X2 C/C - PICK UP DIESEL 569 761 1.670 2.052 1.368 2.427 2.648 0 11.495 [...] FORD RANGER XLS 4X4 C/C - PICK UP 0 0 0 0 21 63 0 0 84 [...] FORD RANGER XLS 4X4 C/C DIESEL - PICK UP 129 32 264 1.779 2.351 1.176 1.624 0 7.355 [...] FORD RANGER XLT 4X2 C/C - PICK UP 5.874 8.533 9.115 5.377 9.272 5.882 1.526 0 45.579 [...] FORD RANGER XLT 4X2 C/C DIESEL - PICK UP 1.776 2.153 2.679 3.748 3.495 2.717 3.473 0 20.041 [...] FORD RANGER XLT 4X4 C/C DIESEL - PICK UP 5.170 5.607 6.424 8.907 7.178 5.740 9.122 0 48.148,fabricas_paginas/adefa_anuario2017_produccion_por_modelo,"ADEFA, producao na Argentina em 2014: 56044 unidades (soma das versoes)."
ar_ford,Argentina,FORD,RANGER,comerciais_leves,2015-01,2015-12,producao_no_exterior,ano_da_tabela,2015-12,https://www.adefa.org.ar/upload/anuarios/anuario2017/4.pdf#page=8,oficial,FORD RANGER LTD 4X2 C/C - PICK UP 708 0 0 518 1.058 1.499 420 0 4.203 [...] FORD RANGER LTD 4X2 R/C - PICK UP 0 0 0 137 691 63 0 0 891 [...] FORD RANGER LTD 4X4 D C/C - PICK UP 3.204 0 0 6.697 6.691 3.604 8.947 0 29.143 [...] FORD RANGER XL 4X2 C/C - PICK UP 9.172 11.915 4.757 5.060 2.831 4.289 6.912 0 44.936 [...] FORD RANGER XL 4X2 C/C DIESEL - PICK UP 5.790 4.633 5.560 5.496 5.918 6.183 8.558 0 42.138 [...] FORD RANGER XL 4X2 R/C - PICK UP 4.731 2.504 1.338 2.246 1.999 975 411 0 14.204 [...] FORD RANGER XL 4X2 R/C DIESEL - PICK UP 679 853 8 284 4.201 774 677 0 7.476 [...] FORD RANGER XL 4X4 C/C DIESEL - PICK UP 3.096 6.108 2.670 5.084 4.841 8.227 3.861 0 33.887 [...] FORD RANGER XL 4X4 R/C DIESEL - PICK UP 1.069 937 146 437 474 912 1.017 0 4.992 [...] FORD RANGER XLS 4X2 C/C - PICK UP 591 271 4.767 4.356 2.813 1.306 0 0 14.104 [...] FORD RANGER XLS 4X2 C/C - PICK UP DIESEL 569 761 1.670 2.052 1.368 2.427 2.648 0 11.495 [...] FORD RANGER XLS 4X2 R/C - PICK UP 1.965 1.078 385 41 0 630 0 0 4.099 [...] FORD RANGER XLS 4X4 C/C - PICK UP 0 0 0 0 21 63 0 0 84 [...] FORD RANGER XLS 4X4 C/C DIESEL - PICK UP 129 32 264 1.779 2.351 1.176 1.624 0 7.355 [...] FORD RANGER XLT 4X2 C/C - PICK UP 5.874 8.533 9.115 5.377 9.272 5.882 1.526 0 45.579 [...] FORD RANGER XLT 4X2 C/C DIESEL - PICK UP 1.776 2.153 2.679 3.748 3.495 2.717 3.473 0 20.041 [...] FORD RANGER XLT 4X4 C/C DIESEL - PICK UP 5.170 5.607 6.424 8.907 7.178 5.740 9.122 0 48.148,fabricas_paginas/adefa_anuario2017_produccion_por_modelo,"ADEFA, producao na Argentina em 2015: 46467 unidades (soma das versoes)."
ar_ford,Argentina,FORD,RANGER,comerciais_leves,2016-01,2016-12,producao_no_exterior,ano_da_tabela,2016-12,https://www.adefa.org.ar/upload/anuarios/anuario2017/4.pdf#page=8,oficial,FORD RANGER LTD 4X2 C/C - PICK UP 708 0 0 518 1.058 1.499 420 0 4.203 [...] FORD RANGER LTD 4X4 D C/C - PICK UP 3.204 0 0 6.697 6.691 3.604 8.947 0 29.143 [...] FORD RANGER XL 4X2 C/C - PICK UP 9.172 11.915 4.757 5.060 2.831 4.289 6.912 0 44.936 [...] FORD RANGER XL 4X2 C/C DIESEL - PICK UP 5.790 4.633 5.560 5.496 5.918 6.183 8.558 0 42.138 [...] FORD RANGER XL 4X2 R/C - PICK UP 4.731 2.504 1.338 2.246 1.999 975 411 0 14.204 [...] FORD RANGER XL 4X2 R/C DIESEL - PICK UP 679 853 8 284 4.201 774 677 0 7.476 [...] FORD RANGER XL 4X4 C/C - PICK UP 0 0 234 369 752 0 919 0 2.274 [...] FORD RANGER XL 4X4 C/C DIESEL - PICK UP 3.096 6.108 2.670 5.084 4.841 8.227 3.861 0 33.887 [...] FORD RANGER XL 4X4 R/C DIESEL - PICK UP 1.069 937 146 437 474 912 1.017 0 4.992 [...] FORD RANGER XLS 4X2 C/C - PICK UP DIESEL 569 761 1.670 2.052 1.368 2.427 2.648 0 11.495 [...] FORD RANGER XLS 4X4 C/C DIESEL - PICK UP 129 32 264 1.779 2.351 1.176 1.624 0 7.355 [...] FORD RANGER XLT 4X2 C/C - PICK UP 5.874 8.533 9.115 5.377 9.272 5.882 1.526 0 45.579 [...] FORD RANGER XLT 4X2 C/C DIESEL - PICK UP 1.776 2.153 2.679 3.748 3.495 2.717 3.473 0 20.041 [...] FORD RANGER XLT 4X4 C/C DIESEL - PICK UP 5.170 5.607 6.424 8.907 7.178 5.740 9.122 0 48.148,fabricas_paginas/adefa_anuario2017_produccion_por_modelo,"ADEFA, producao na Argentina em 2016: 50115 unidades (soma das versoes)."
ar_ford,Argentina,FORD,RANGER,comerciais_leves,2017-01,2017-12,producao_no_exterior,ano_da_tabela,2017-12,https://www.adefa.org.ar/upload/anuarios/anuario2017/4.pdf#page=8,oficial,NEW RANGER CC 2.5 LTD CHI 0 0 0 0 0 0 0 1.915 1.915 [...] NEW RANGER CC 2.5 XL MEX 0 0 0 0 0 0 0 1.072 1.072 [...] NEW RANGER R LTD 4X4 D CC 3.2D 6 MT 0 0 0 0 0 0 0 2.466 2.466 [...] NEW RANGER R LTD 4X4 D CC 3.2D 6MT 0 0 0 0 0 0 0 2.912 2.912 [...] NEW RANGER R LTD 4X4 D CC 3.2D AT 0 0 0 0 0 0 0 4.212 4.212 [...] NEW RANGER R XL 4X2 D 2.2 CC MT SA 0 0 0 0 0 0 0 4.149 4.149 [...] NEW RANGER R XL 4X2 D 2.2 RC 6MT 0 0 0 0 0 0 0 845 845 [...] NEW RANGER R XL 4X2 N 2.5 CC MT 0 0 0 0 0 0 0 1.041 1.041 [...] NEW RANGER R XL 4X2 N 2.5 MT R/C 0 0 0 0 0 0 0 357 357 [...] NEW RANGER R XL CC 4X4 2.2 6MT ARG 0 0 0 0 0 0 0 4.162 4.162 [...] NEW RANGER R XL N 4X2 2.5 L R/C CH 0 0 0 0 0 0 0 1.454 1.454 [...] NEW RANGER R XL RC 4X4 2.2 DSL MT 0 0 0 0 0 0 0 690 690 [...] NEW RANGER R XLS 4X2 D 3.2 C/C AT 0 0 0 0 0 0 0 1.603 1.603 [...] NEW RANGER R XLS 4X2 D 3.2 C/C MT 0 0 0 0 0 0 0 4.095 4.095 [...] NEW RANGER R XLS 4X4 CC 3.2 DSL 0 0 0 0 0 0 0 2.338 2.338 [...] NEW RANGER R XLT 4X2 D 3.2 CC 6MT 0 0 0 0 0 0 0 1.417 1.417 [...] NEW RANGER R XLT 4X2 D 3.2 CC AT 0 0 0 0 0 0 0 514 514 [...] NEW RANGER R XLT 4X2 N 2.5 C/C MT 0 0 0 0 0 0 0 1.261 1.261 [...] NEW RANGER R XLT 4X4 CC 3.2 DSL 0 0 0 0 0 0 0 1.810 1.810 [...] NEW RANGER R XLT 4X4 D 3.2 CC 6MT 0 0 0 0 0 0 0 4.215 4.215 [...] NEW RANGER R XLT 4X4 D 3.2 CC AT 0 0 0 0 0 0 0 6.100 6.100,fabricas_paginas/adefa_anuario2017_produccion_por_modelo,"ADEFA, producao na Argentina em 2017: 48628 unidades (soma das versoes)."
ar_ford,Argentina,FORD,RANGER,comerciais_leves,2018-01,2018-12,producao_no_exterior,ano_da_tabela,2018-12,https://www.adefa.org.ar/upload/anuarios/anuario2025/4.pdf#page=9,oficial,RANGER 52.849 38.395 36.578 46.624 48.119 54.882 62.121 75.662 415.230,fabricas_paginas/adefa_anuario2025_produccion_por_modelo,"ADEFA, producao na Argentina em 2018: 52849 unidades (soma das versoes)."
ar_ford,Argentina,FORD,RANGER,comerciais_leves,2019-01,2019-12,producao_no_exterior,ano_da_tabela,2019-12,https://www.adefa.org.ar/upload/anuarios/anuario2025/4.pdf#page=9,oficial,RANGER 52.849 38.395 36.578 46.624 48.119 54.882 62.121 75.662 415.230,fabricas_paginas/adefa_anuario2025_produccion_por_modelo,"ADEFA, producao na Argentina em 2019: 38395 unidades (soma das versoes)."
ar_ford,Argentina,FORD,RANGER,comerciais_leves,2020-01,2020-12,producao_no_exterior,ano_da_tabela,2020-12,https://www.adefa.org.ar/upload/anuarios/anuario2025/4.pdf#page=9,oficial,RANGER 52.849 38.395 36.578 46.624 48.119 54.882 62.121 75.662 415.230,fabricas_paginas/adefa_anuario2025_produccion_por_modelo,"ADEFA, producao na Argentina em 2020: 36578 unidades (soma das versoes)."
ar_ford,Argentina,FORD,RANGER,comerciais_leves,2021-01,2021-12,producao_no_exterior,ano_da_tabela,2021-12,https://www.adefa.org.ar/upload/anuarios/anuario2025/4.pdf#page=9,oficial,RANGER 52.849 38.395 36.578 46.624 48.119 54.882 62.121 75.662 415.230,fabricas_paginas/adefa_anuario2025_produccion_por_modelo,"ADEFA, producao na Argentina em 2021: 46624 unidades (soma das versoes)."
ar_ford,Argentina,FORD,RANGER,comerciais_leves,2022-01,2022-12,producao_no_exterior,ano_da_tabela,2022-12,https://www.adefa.org.ar/upload/anuarios/anuario2025/4.pdf#page=9,oficial,RANGER 52.849 38.395 36.578 46.624 48.119 54.882 62.121 75.662 415.230,fabricas_paginas/adefa_anuario2025_produccion_por_modelo,"ADEFA, producao na Argentina em 2022: 48119 unidades (soma das versoes)."
ar_ford,Argentina,FORD,RANGER,comerciais_leves,2023-01,2023-12,producao_no_exterior,ano_da_tabela,2023-12,https://www.adefa.org.ar/upload/anuarios/anuario2025/4.pdf#page=9,oficial,RANGER 52.849 38.395 36.578 46.624 48.119 54.882 62.121 75.662 415.230,fabricas_paginas/adefa_anuario2025_produccion_por_modelo,"ADEFA, producao na Argentina em 2023: 54882 unidades (soma das versoes)."
ar_ford,Argentina,FORD,RANGER,comerciais_leves,2024-01,2024-12,producao_no_exterior,ano_da_tabela,2024-12,https://www.adefa.org.ar/upload/anuarios/anuario2025/4.pdf#page=9,oficial,RANGER 52.849 38.395 36.578 46.624 48.119 54.882 62.121 75.662 415.230,fabricas_paginas/adefa_anuario2025_produccion_por_modelo,"ADEFA, producao na Argentina em 2024: 62121 unidades (soma das versoes)."
ar_ford,Argentina,FORD,RANGER,comerciais_leves,2025-01,2025-12,producao_no_exterior,ano_da_tabela,2025-12,https://www.adefa.org.ar/upload/anuarios/anuario2025/4.pdf#page=9,oficial,RANGER 52.849 38.395 36.578 46.624 48.119 54.882 62.121 75.662 415.230,fabricas_paginas/adefa_anuario2025_produccion_por_modelo,"ADEFA, producao na Argentina em 2025: 75662 unidades (soma das versoes)."
ar_gm,Argentina,GM,AGILE,automoveis,2009-01,2009-12,producao_no_exterior,ano_da_tabela,2009-12,https://www.adefa.org.ar/upload/anuarios/anuario2013/4.pdf#page=9,oficial,AGILE - 5P 1.4 N 0 26.632 89.028 99.294 65.212 45.635 325.801,fabricas_paginas/adefa_anuario2013_produccion_por_modelo,"ADEFA, producao na Argentina em 2009: 26632 unidades (soma das versoes)."
ar_gm,Argentina,GM,AGILE,automoveis,2010-01,2010-12,producao_no_exterior,ano_da_tabela,2010-12,https://www.adefa.org.ar/upload/anuarios/anuario2017/4.pdf#page=8,oficial,AGILE - 5P 1.4 N 89.028 99.294 65.212 45.635 9.078 5.981 6.068 0 320.296,fabricas_paginas/adefa_anuario2017_produccion_por_modelo,"ADEFA, producao na Argentina em 2010: 89028 unidades (soma das versoes)."
ar_gm,Argentina,GM,AGILE,automoveis,2011-01,2011-12,producao_no_exterior,ano_da_tabela,2011-12,https://www.adefa.org.ar/upload/anuarios/anuario2017/4.pdf#page=8,oficial,AGILE - 5P 1.4 N 89.028 99.294 65.212 45.635 9.078 5.981 6.068 0 320.296,fabricas_paginas/adefa_anuario2017_produccion_por_modelo,"ADEFA, producao na Argentina em 2011: 99294 unidades (soma das versoes)."
ar_gm,Argentina,GM,AGILE,automoveis,2012-01,2012-12,producao_no_exterior,ano_da_tabela,2012-12,https://www.adefa.org.ar/upload/anuarios/anuario2017/4.pdf#page=8,oficial,AGILE - 5P 1.4 N 89.028 99.294 65.212 45.635 9.078 5.981 6.068 0 320.296,fabricas_paginas/adefa_anuario2017_produccion_por_modelo,"ADEFA, producao na Argentina em 2012: 65212 unidades (soma das versoes)."
ar_gm,Argentina,GM,AGILE,automoveis,2013-01,2013-12,producao_no_exterior,ano_da_tabela,2013-12,https://www.adefa.org.ar/upload/anuarios/anuario2017/4.pdf#page=8,oficial,AGILE - 5P 1.4 N 89.028 99.294 65.212 45.635 9.078 5.981 6.068 0 320.296,fabricas_paginas/adefa_anuario2017_produccion_por_modelo,"ADEFA, producao na Argentina em 2013: 45635 unidades (soma das versoes)."
ar_gm,Argentina,GM,AGILE,automoveis,2014-01,2014-12,producao_no_exterior,ano_da_tabela,2014-12,https://www.adefa.org.ar/upload/anuarios/anuario2017/4.pdf#page=8,oficial,AGILE - 5P 1.4 N 89.028 99.294 65.212 45.635 9.078 5.981 6.068 0 320.296,fabricas_paginas/adefa_anuario2017_produccion_por_modelo,"ADEFA, producao na Argentina em 2014: 9078 unidades (soma das versoes)."
ar_gm,Argentina,GM,AGILE,automoveis,2015-01,2015-12,producao_no_exterior,ano_da_tabela,2015-12,https://www.adefa.org.ar/upload/anuarios/anuario2017/4.pdf#page=8,oficial,AGILE - 5P 1.4 N 89.028 99.294 65.212 45.635 9.078 5.981 6.068 0 320.296,fabricas_paginas/adefa_anuario2017_produccion_por_modelo,"ADEFA, producao na Argentina em 2015: 5981 unidades (soma das versoes)."
ar_gm,Argentina,GM,AGILE,automoveis,2016-01,2016-12,producao_no_exterior,ano_da_tabela,2016-12,https://www.adefa.org.ar/upload/anuarios/anuario2017/4.pdf#page=8,oficial,AGILE - 5P 1.4 N 89.028 99.294 65.212 45.635 9.078 5.981 6.068 0 320.296,fabricas_paginas/adefa_anuario2017_produccion_por_modelo,"ADEFA, producao na Argentina em 2016: 6068 unidades (soma das versoes)."
ar_gm,Argentina,GM,CLASSIC,automoveis,2010-01,2010-12,producao_no_exterior,ano_da_tabela,2010-12,https://www.adefa.org.ar/upload/anuarios/anuario2017/4.pdf#page=8,oficial,CORSA CLASSIC 4DR LS AA DIR 7.699 6.379 0 0 0 0 0 0 14.078,fabricas_paginas/adefa_anuario2017_produccion_por_modelo,"ADEFA, producao na Argentina em 2010: 7699 unidades (soma das versoes)."
ar_gm,Argentina,GM,CLASSIC,automoveis,2011-01,2011-12,producao_no_exterior,ano_da_tabela,2011-12,https://www.adefa.org.ar/upload/anuarios/anuario2017/4.pdf#page=8,oficial,CORSA CLASSIC 4DR LS AA DIR 7.699 6.379 0 0 0 0 0 0 14.078 [...] CHEVROLET CLASSIC SPIRIT 4P 0 9.059 21.523 6.794 0 0 0 0 37.376,fabricas_paginas/adefa_anuario2017_produccion_por_modelo,"ADEFA, producao na Argentina em 2011: 15438 unidades (soma das versoes)."
ar_gm,Argentina,GM,CLASSIC,automoveis,2012-01,2012-12,producao_no_exterior,ano_da_tabela,2012-12,https://www.adefa.org.ar/upload/anuarios/anuario2017/4.pdf#page=8,oficial,CLASSIC 4DR BASE 0 0 280 332 0 0 0 0 612 [...] CLASSIC 4DR LS AA DIR 0 0 20.627 14.700 0 0 0 0 35.327 [...] CLASSIC LS FLEX 4P 0 0 18.742 31.596 47.455 22.017 280 0 120.090 [...] CHEVROLET CLASSIC SPIRIT 4P 0 9.059 21.523 6.794 0 0 0 0 37.376,fabricas_paginas/adefa_anuario2017_produccion_por_modelo,"ADEFA, producao na Argentina em 2012: 61172 unidades (soma das versoes)."
ar_gm,Argentina,GM,CLASSIC,automoveis,2013-01,2013-12,producao_no_exterior,ano_da_tabela,2013-12,https://www.adefa.org.ar/upload/anuarios/anuario2017/4.pdf#page=8,oficial,CLASSIC 4DR BASE 0 0 280 332 0 0 0 0 612 [...] CLASSIC 4DR LS AA DIR 0 0 20.627 14.700 0 0 0 0 35.327 [...] CLASSIC LT PACK 4P 0 0 0 11.871 2.643 0 0 0 14.514 [...] CLASSIC LS FLEX 4P 0 0 18.742 31.596 47.455 22.017 280 0 120.090 [...] CHEVROLET CLASSIC SPIRIT 4P 0 9.059 21.523 6.794 0 0 0 0 37.376,fabricas_paginas/adefa_anuario2017_produccion_por_modelo,"ADEFA, producao na Argentina em 2013: 65293 unidades (soma das versoes)."
ar_gm,Argentina,GM,CLASSIC,automoveis,2014-01,2014-12,producao_no_exterior,ano_da_tabela,2014-12,https://www.adefa.org.ar/upload/anuarios/anuario2017/4.pdf#page=8,oficial,CLASSIC ADVANTAGE 4DR 0 0 0 0 4.673 0 0 0 4.673 [...] CLASSIC LS ABS AIRBAG 4DR 0 0 0 0 23.082 29.818 24.293 0 77.193 [...] CLASSIC LT PACK 4P 0 0 0 11.871 2.643 0 0 0 14.514 [...] CLASSIC LS FLEX 4P 0 0 18.742 31.596 47.455 22.017 280 0 120.090,fabricas_paginas/adefa_anuario2017_produccion_por_modelo,"ADEFA, producao na Argentina em 2014: 77853 unidades (soma das versoes)."
ar_gm,Argentina,GM,CLASSIC,automoveis,2015-01,2015-12,producao_no_exterior,ano_da_tabela,2015-12,https://www.adefa.org.ar/upload/anuarios/anuario2017/4.pdf#page=8,oficial,CLASSIC LS ABS AIRBAG 4DR 0 0 0 0 23.082 29.818 24.293 0 77.193 [...] CLASSIC LS FLEX 4P 0 0 18.742 31.596 47.455 22.017 280 0 120.090,fabricas_paginas/adefa_anuario2017_produccion_por_modelo,"ADEFA, producao na Argentina em 2015: 51835 unidades (soma das versoes)."
ar_gm,Argentina,GM,CLASSIC,automoveis,2016-01,2016-12,producao_no_exterior,ano_da_tabela,2016-12,https://www.adefa.org.ar/upload/anuarios/anuario2017/4.pdf#page=8,oficial,CLASSIC LS ABS AIRBAG 4DR 0 0 0 0 23.082 29.818 24.293 0 77.193 [...] CLASSIC LS FLEX 4P 0 0 18.742 31.596 47.455 22.017 280 0 120.090,fabricas_paginas/adefa_anuario2017_produccion_por_modelo,"ADEFA, producao na Argentina em 2016: 24573 unidades (soma das versoes)."
ar_gm,Argentina,GM,CRUZE HB,automoveis,2016-01,2016-12,producao_no_exterior,ano_da_tabela,2016-12,https://www.adefa.org.ar/upload/anuarios/anuario2017/4.pdf#page=8,oficial,CRUZE 5P 1.4 FLEX LT1 MT 0 0 0 0 0 0 2 4 6 [...] CRUZE 5P 1.4 FLEX LT2 AT 0 0 0 0 0 0 948 3.181 4.129 [...] CRUZE 5P 1.4 FLEX LTZ1 AT 0 0 0 0 0 0 467 2.041 2.508 [...] CRUZE 5P 1.4 FLEX LTZ2 AT 0 0 0 0 0 0 820 2.353 3.173 [...] CRUZE 5P 1.4 GAS AT LTZIII GMU 0 0 0 0 0 0 17 96 113 [...] CRUZE 5P 1.4 TURBO LT MT 0 0 0 0 0 0 97 3.725 3.822 [...] CRUZE 5P 1.4 TURBO LTZ AT 0 0 0 0 0 0 291 3.250 3.541 [...] CRUZE 5P 1.4 TURBO LTZ AT + 0 0 0 0 0 0 457 2.688 3.145 [...] CRUZE 5P 1.4 TURBO LTZ MT 0 0 0 0 0 0 93 2.826 2.919,fabricas_paginas/adefa_anuario2017_produccion_por_modelo,"ADEFA, producao na Argentina em 2016: 3192 unidades (soma das versoes)."
ar_gm,Argentina,GM,CRUZE HB,automoveis,2017-01,2017-12,producao_no_exterior,ano_da_tabela,2017-12,https://www.adefa.org.ar/upload/anuarios/anuario2017/4.pdf#page=8,oficial,CRUZE 5P 1.4 FLEX AT LTZII 0 0 0 0 0 0 0 16 16 [...] CRUZE 5P 1.4 FLEX AT LTZII GMP 0 0 0 0 0 0 0 43 43 [...] CRUZE 5P 1.4 FLEX LT1 MT 0 0 0 0 0 0 2 4 6 [...] CRUZE 5P 1.4 FLEX LT2 AT 0 0 0 0 0 0 948 3.181 4.129 [...] CRUZE 5P 1.4 FLEX LTZ1 AT 0 0 0 0 0 0 467 2.041 2.508 [...] CRUZE 5P 1.4 FLEX LTZ2 AT 0 0 0 0 0 0 820 2.353 3.173 [...] CRUZE 5P 1.4 GAS AT LTZIII GMU 0 0 0 0 0 0 17 96 113 [...] CRUZE 5P 1.4 TURBO LT MT 0 0 0 0 0 0 97 3.725 3.822 [...] CRUZE 5P 1.4 TURBO LTZ AT 0 0 0 0 0 0 291 3.250 3.541 [...] CRUZE 5P 1.4 TURBO LTZ AT + 0 0 0 0 0 0 457 2.688 3.145 [...] CRUZE 5P 1.4 TURBO LTZ MT 0 0 0 0 0 0 93 2.826 2.919,fabricas_paginas/adefa_anuario2017_produccion_por_modelo,"ADEFA, producao na Argentina em 2017: 20223 unidades (soma das versoes)."
ar_gm,Argentina,GM,CRUZE HB,automoveis,2018-01,2018-12,producao_no_exterior,ano_da_tabela,2018-12,https://www.adefa.org.ar/upload/anuarios/anuario2025/4.pdf#page=9,oficial,CRUZE 36.335 24.378 11.404 17.181 23.564 14.747 0 0 127.609,fabricas_paginas/adefa_anuario2025_produccion_por_modelo,"ADEFA, producao na Argentina em 2018: 36335 unidades (soma das versoes)."
ar_gm,Argentina,GM,CRUZE HB,automoveis,2019-01,2019-12,producao_no_exterior,ano_da_tabela,2019-12,https://www.adefa.org.ar/upload/anuarios/anuario2025/4.pdf#page=9,oficial,CRUZE 36.335 24.378 11.404 17.181 23.564 14.747 0 0 127.609,fabricas_paginas/adefa_anuario2025_produccion_por_modelo,"ADEFA, producao na Argentina em 2019: 24378 unidades (soma das versoes)."
ar_gm,Argentina,GM,CRUZE HB,automoveis,2020-01,2020-12,producao_no_exterior,ano_da_tabela,2020-12,https://www.adefa.org.ar/upload/anuarios/anuario2025/4.pdf#page=9,oficial,CRUZE 36.335 24.378 11.404 17.181 23.564 14.747 0 0 127.609,fabricas_paginas/adefa_anuario2025_produccion_por_modelo,"ADEFA, producao na Argentina em 2020: 11404 unidades (soma das versoes)."
ar_gm,Argentina,GM,CRUZE HB,automoveis,2021-01,2021-12,producao_no_exterior,ano_da_tabela,2021-12,https://www.adefa.org.ar/upload/anuarios/anuario2025/4.pdf#page=9,oficial,CRUZE 36.335 24.378 11.404 17.181 23.564 14.747 0 0 127.609,fabricas_paginas/adefa_anuario2025_produccion_por_modelo,"ADEFA, producao na Argentina em 2021: 17181 unidades (soma das versoes)."
ar_gm,Argentina,GM,CRUZE HB,automoveis,2022-01,2022-12,producao_no_exterior,ano_da_tabela,2022-12,https://www.adefa.org.ar/upload/anuarios/anuario2025/4.pdf#page=9,oficial,CRUZE 36.335 24.378 11.404 17.181 23.564 14.747 0 0 127.609,fabricas_paginas/adefa_anuario2025_produccion_por_modelo,"ADEFA, producao na Argentina em 2022: 23564 unidades (soma das versoes)."
ar_gm,Argentina,GM,CRUZE HB,automoveis,2023-01,2023-12,producao_no_exterior,ano_da_tabela,2023-12,https://www.adefa.org.ar/upload/anuarios/anuario2025/4.pdf#page=9,oficial,CRUZE 36.335 24.378 11.404 17.181 23.564 14.747 0 0 127.609,fabricas_paginas/adefa_anuario2025_produccion_por_modelo,"ADEFA, producao na Argentina em 2023: 14747 unidades (soma das versoes)."
ar_gm,Argentina,GM,CRUZE SEDAN,automoveis,2016-01,2016-12,producao_no_exterior,ano_da_tabela,2016-12,https://www.adefa.org.ar/upload/anuarios/anuario2017/4.pdf#page=8,oficial,CRUZE 4P 1.4 FLEX LTZ2 AT 0 0 0 0 0 0 4 3.663 3.667 [...] CRUZE 4P 1.4 TURBO LT AT 0 0 0 0 0 0 3.865 4.690 8.555 [...] CRUZE 4P 1.4 TURBO LT MT 0 0 0 0 0 0 2.291 2.852 5.143 [...] CRUZE 4P 1.4 TURBO LTZ + AT 0 0 0 0 0 0 1.082 1.822 2.904 [...] CRUZE 4P 1.4 TURBO LTZ AT 0 0 0 0 0 0 2.162 2.588 4.750 [...] CRUZE 4P 1.4 TURBO LTZ MT 0 0 0 0 0 0 1.090 2.223 3.313 [...] CRUZE 4P 1.4 TURBO LTZ1 AT 0 0 0 0 0 0 7.028 1.800 8.828 [...] CRUZE 4P 1.4 TURBO LTZ2 AT 0 0 0 0 0 0 3.648 946 4.594,fabricas_paginas/adefa_anuario2017_produccion_por_modelo,"ADEFA, producao na Argentina em 2016: 21170 unidades (soma das versoes)."
ar_gm,Argentina,GM,CRUZE SEDAN,automoveis,2017-01,2017-12,producao_no_exterior,ano_da_tabela,2017-12,https://www.adefa.org.ar/upload/anuarios/anuario2017/4.pdf#page=8,oficial,CRUZE 4P 1.4 FLEX LS AT 0 0 0 0 0 0 0 5 5 [...] CRUZE 4P 1.4 FLEX LT AT 0 0 0 0 0 0 0 4.923 4.923 [...] CRUZE 4P 1.4 FLEX LTZ1 AT 0 0 0 0 0 0 0 4.653 4.653 [...] CRUZE 4P 1.4 FLEX LTZ2 AT 0 0 0 0 0 0 4 3.663 3.667 [...] CRUZE 4P 1.4 TURBO LT AT 0 0 0 0 0 0 3.865 4.690 8.555 [...] CRUZE 4P 1.4 TURBO LT MT 0 0 0 0 0 0 2.291 2.852 5.143 [...] CRUZE 4P 1.4 TURBO LTZ + AT 0 0 0 0 0 0 1.082 1.822 2.904 [...] CRUZE 4P 1.4 TURBO LTZ AT 0 0 0 0 0 0 2.162 2.588 4.750 [...] CRUZE 4P 1.4 TURBO LTZ MT 0 0 0 0 0 0 1.090 2.223 3.313 [...] CRUZE 4P 1.4 TURBO LTZ1 AT 0 0 0 0 0 0 7.028 1.800 8.828 [...] CRUZE 4P 1.4 TURBO LTZ2 AT 0 0 0 0 0 0 3.648 946 4.594,fabricas_paginas/adefa_anuario2017_produccion_por_modelo,"ADEFA, producao na Argentina em 2017: 30165 unidades (soma das versoes)."
ar_gm,Argentina,GM,CRUZE SEDAN,automoveis,2018-01,2018-12,producao_no_exterior,ano_da_tabela,2018-12,https://www.adefa.org.ar/upload/anuarios/anuario2025/4.pdf#page=9,oficial,CRUZE 36.335 24.378 11.404 17.181 23.564 14.747 0 0 127.609,fabricas_paginas/adefa_anuario2025_produccion_por_modelo,"ADEFA, producao na Argentina em 2018: 36335 unidades (soma das versoes)."
ar_gm,Argentina,GM,CRUZE SEDAN,automoveis,2019-01,2019-12,producao_no_exterior,ano_da_tabela,2019-12,https://www.adefa.org.ar/upload/anuarios/anuario2025/4.pdf#page=9,oficial,CRUZE 36.335 24.378 11.404 17.181 23.564 14.747 0 0 127.609,fabricas_paginas/adefa_anuario2025_produccion_por_modelo,"ADEFA, producao na Argentina em 2019: 24378 unidades (soma das versoes)."
ar_gm,Argentina,GM,CRUZE SEDAN,automoveis,2020-01,2020-12,producao_no_exterior,ano_da_tabela,2020-12,https://www.adefa.org.ar/upload/anuarios/anuario2025/4.pdf#page=9,oficial,CRUZE 36.335 24.378 11.404 17.181 23.564 14.747 0 0 127.609,fabricas_paginas/adefa_anuario2025_produccion_por_modelo,"ADEFA, producao na Argentina em 2020: 11404 unidades (soma das versoes)."
ar_gm,Argentina,GM,CRUZE SEDAN,automoveis,2021-01,2021-12,producao_no_exterior,ano_da_tabela,2021-12,https://www.adefa.org.ar/upload/anuarios/anuario2025/4.pdf#page=9,oficial,CRUZE 36.335 24.378 11.404 17.181 23.564 14.747 0 0 127.609,fabricas_paginas/adefa_anuario2025_produccion_por_modelo,"ADEFA, producao na Argentina em 2021: 17181 unidades (soma das versoes)."
ar_gm,Argentina,GM,CRUZE SEDAN,automoveis,2022-01,2022-12,producao_no_exterior,ano_da_tabela,2022-12,https://www.adefa.org.ar/upload/anuarios/anuario2025/4.pdf#page=9,oficial,CRUZE 36.335 24.378 11.404 17.181 23.564 14.747 0 0 127.609,fabricas_paginas/adefa_anuario2025_produccion_por_modelo,"ADEFA, producao na Argentina em 2022: 23564 unidades (soma das versoes)."
ar_gm,Argentina,GM,CRUZE SEDAN,automoveis,2023-01,2023-12,producao_no_exterior,ano_da_tabela,2023-12,https://www.adefa.org.ar/upload/anuarios/anuario2025/4.pdf#page=9,oficial,CRUZE 36.335 24.378 11.404 17.181 23.564 14.747 0 0 127.609,fabricas_paginas/adefa_anuario2025_produccion_por_modelo,"ADEFA, producao na Argentina em 2023: 14747 unidades (soma das versoes)."
ar_gm,Argentina,GM,TRACKER,automoveis,2002-01,2002-12,producao_no_exterior,ano_da_tabela,2002-12,https://www.adefa.org.ar/upload/anuarios/anuario2006/2_produccion-production.pdf#page=6,oficial,Chevrolet Grand Vitara - pick up 3.539 48 995 3.081 6.188 8.410 22.261,fabricas_paginas/adefa_anuario2006_produccion_por_modelo,"ADEFA, producao na Argentina em 2002: 48 unidades (soma das versoes)."
ar_gm,Argentina,GM,TRACKER,automoveis,2003-01,2003-12,producao_no_exterior,ano_da_tabela,2003-12,https://www.adefa.org.ar/upload/anuarios/anuario2006/2_produccion-production.pdf#page=6,oficial,Chevrolet Grand Vitara - pick up 3.539 48 995 3.081 6.188 8.410 22.261,fabricas_paginas/adefa_anuario2006_produccion_por_modelo,"ADEFA, producao na Argentina em 2003: 995 unidades (soma das versoes)."
ar_gm,Argentina,GM,TRACKER,automoveis,2004-01,2004-12,producao_no_exterior,ano_da_tabela,2004-12,https://www.adefa.org.ar/upload/anuarios/anuario2006/2_produccion-production.pdf#page=6,oficial,Chevrolet Grand Vitara - pick up 3.539 48 995 3.081 6.188 8.410 22.261,fabricas_paginas/adefa_anuario2006_produccion_por_modelo,"ADEFA, producao na Argentina em 2004: 3081 unidades (soma das versoes)."
ar_gm,Argentina,GM,TRACKER,automoveis,2005-01,2005-12,producao_no_exterior,ano_da_tabela,2005-12,https://www.adefa.org.ar/upload/anuarios/anuario2006/2_produccion-production.pdf#page=6,oficial,Chevrolet Grand Vitara - pick up 3.539 48 995 3.081 6.188 8.410 22.261,fabricas_paginas/adefa_anuario2006_produccion_por_modelo,"ADEFA, producao na Argentina em 2005: 6188 unidades (soma das versoes)."
ar_gm,Argentina,GM,TRACKER,automoveis,2006-01,2006-12,producao_no_exterior,ano_da_tabela,2006-12,https://www.adefa.org.ar/upload/anuarios/anuario2006/2_produccion-production.pdf#page=6,oficial,Chevrolet Grand Vitara - pick up 3.539 48 995 3.081 6.188 8.410 22.261,fabricas_paginas/adefa_anuario2006_produccion_por_modelo,"ADEFA, producao na Argentina em 2006: 8410 unidades (soma das versoes)."
ar_gm,Argentina,GM,TRACKER,automoveis,2022-01,2022-12,producao_no_exterior,ano_da_tabela,2022-12,https://www.adefa.org.ar/upload/anuarios/anuario2025/4.pdf#page=9,oficial,TRACKER 0 0 0 0 13.093 25.840 24.179 16.586 79.698,fabricas_paginas/adefa_anuario2025_produccion_por_modelo,"ADEFA, producao na Argentina em 2022: 13093 unidades (soma das versoes)."
ar_gm,Argentina,GM,TRACKER,automoveis,2023-01,2023-12,producao_no_exterior,ano_da_tabela,2023-12,https://www.adefa.org.ar/upload/anuarios/anuario2025/4.pdf#page=9,oficial,TRACKER 0 0 0 0 13.093 25.840 24.179 16.586 79.698,fabricas_paginas/adefa_anuario2025_produccion_por_modelo,"ADEFA, producao na Argentina em 2023: 25840 unidades (soma das versoes)."
ar_gm,Argentina,GM,TRACKER,automoveis,2024-01,2024-12,producao_no_exterior,ano_da_tabela,2024-12,https://www.adefa.org.ar/upload/anuarios/anuario2025/4.pdf#page=9,oficial,TRACKER 0 0 0 0 13.093 25.840 24.179 16.586 79.698,fabricas_paginas/adefa_anuario2025_produccion_por_modelo,"ADEFA, producao na Argentina em 2024: 24179 unidades (soma das versoes)."
ar_gm,Argentina,GM,TRACKER,automoveis,2025-01,2025-12,producao_no_exterior,ano_da_tabela,2025-12,https://www.adefa.org.ar/upload/anuarios/anuario2025/4.pdf#page=9,oficial,TRACKER 0 0 0 0 13.093 25.840 24.179 16.586 79.698,fabricas_paginas/adefa_anuario2025_produccion_por_modelo,"ADEFA, producao na Argentina em 2025: 16586 unidades (soma das versoes)."
ar_honda,Argentina,HONDA,CITY,automoveis,2011-01,2011-12,producao_no_exterior,ano_da_tabela,2011-12,https://www.adefa.org.ar/upload/anuarios/anuario2017/4.pdf#page=8,oficial,CITY - ELX AT NAC 0 239 1.258 814 1.348 0 0 0 3.659 [...] CITY - ELX MT NAC 0 240 1.147 828 1.124 0 0 0 3.339 [...] CITY - LX MT NAC 0 400 152 0 2.471 0 0 0 3.023,fabricas_paginas/adefa_anuario2017_produccion_por_modelo,"ADEFA, producao na Argentina em 2011: 879 unidades (soma das versoes)."
ar_honda,Argentina,HONDA,CITY,automoveis,2012-01,2012-12,producao_no_exterior,ano_da_tabela,2012-12,https://www.adefa.org.ar/upload/anuarios/anuario2017/4.pdf#page=8,oficial,CITY - ELX AT NAC 0 239 1.258 814 1.348 0 0 0 3.659 [...] CITY - ELX MT NAC 0 240 1.147 828 1.124 0 0 0 3.339 [...] CITY - EXC AT NAC EXPO 0 0 3.937 4.521 931 0 0 0 9.389 [...] CITY - LXC AT NAC 0 0 1.620 5.356 960 0 0 0 7.936 [...] CITY - LX MT NAC 0 400 152 0 2.471 0 0 0 3.023,fabricas_paginas/adefa_anuario2017_produccion_por_modelo,"ADEFA, producao na Argentina em 2012: 8114 unidades (soma das versoes)."
ar_honda,Argentina,HONDA,CITY,automoveis,2013-01,2013-12,producao_no_exterior,ano_da_tabela,2013-12,https://www.adefa.org.ar/upload/anuarios/anuario2017/4.pdf#page=8,oficial,CITY - ELX AT NAC 0 239 1.258 814 1.348 0 0 0 3.659 [...] CITY - ELX MT NAC 0 240 1.147 828 1.124 0 0 0 3.339 [...] CITY - EXC AT NAC EXPO 0 0 3.937 4.521 931 0 0 0 9.389 [...] CITY - LXC AT NAC 0 0 1.620 5.356 960 0 0 0 7.936,fabricas_paginas/adefa_anuario2017_produccion_por_modelo,"ADEFA, producao na Argentina em 2013: 11519 unidades (soma das versoes)."
ar_honda,Argentina,HONDA,CITY,automoveis,2014-01,2014-12,producao_no_exterior,ano_da_tabela,2014-12,https://www.adefa.org.ar/upload/anuarios/anuario2017/4.pdf#page=8,oficial,CITY - ELX AT NAC 0 239 1.258 814 1.348 0 0 0 3.659 [...] CITY - ELX MT NAC 0 240 1.147 828 1.124 0 0 0 3.339 [...] CITY - EXC AT NAC EXPO 0 0 3.937 4.521 931 0 0 0 9.389 [...] CITY - LXC AT NAC 0 0 1.620 5.356 960 0 0 0 7.936 [...] CITY - LX MT NAC 0 400 152 0 2.471 0 0 0 3.023,fabricas_paginas/adefa_anuario2017_produccion_por_modelo,"ADEFA, producao na Argentina em 2014: 6834 unidades (soma das versoes)."
ar_honda,Argentina,HONDA,HR-V,automoveis,2015-01,2015-12,producao_no_exterior,ano_da_tabela,2015-12,https://www.adefa.org.ar/upload/anuarios/anuario2017/4.pdf#page=8,oficial,HRV EX CVT 0 0 0 0 0 6.494 6.782 5.157 18.433 [...] HRV EXL CVT 0 0 0 0 0 1.383 2.746 3.341 7.470 [...] HRV LX CVT 0 0 0 0 0 2.040 2.505 1.814 6.359 [...] HRV LX MT 0 0 0 0 0 120 0 0 120,fabricas_paginas/adefa_anuario2017_produccion_por_modelo,"ADEFA, producao na Argentina em 2015: 10037 unidades (soma das versoes)."
ar_honda,Argentina,HONDA,HR-V,automoveis,2016-01,2016-12,producao_no_exterior,ano_da_tabela,2016-12,https://www.adefa.org.ar/upload/anuarios/anuario2017/4.pdf#page=8,oficial,HRV EX CVT 0 0 0 0 0 6.494 6.782 5.157 18.433 [...] HRV EXL CVT 0 0 0 0 0 1.383 2.746 3.341 7.470 [...] HRV LX CVT 0 0 0 0 0 2.040 2.505 1.814 6.359,fabricas_paginas/adefa_anuario2017_produccion_por_modelo,"ADEFA, producao na Argentina em 2016: 12033 unidades (soma das versoes)."
ar_honda,Argentina,HONDA,HR-V,automoveis,2017-01,2017-12,producao_no_exterior,ano_da_tabela,2017-12,https://www.adefa.org.ar/upload/anuarios/anuario2017/4.pdf#page=8,oficial,HRV EX CVT 0 0 0 0 0 6.494 6.782 5.157 18.433 [...] HRV EXL CVT 0 0 0 0 0 1.383 2.746 3.341 7.470 [...] HRV LX CVT 0 0 0 0 0 2.040 2.505 1.814 6.359,fabricas_paginas/adefa_anuario2017_produccion_por_modelo,"ADEFA, producao na Argentina em 2017: 10312 unidades (soma das versoes)."
ar_honda,Argentina,HONDA,HR-V,automoveis,2018-01,2018-12,producao_no_exterior,ano_da_tabela,2018-12,https://www.adefa.org.ar/upload/anuarios/anuario2025/4.pdf#page=9,oficial,HRV 9.597 8.542 1.938 0 0 0 0 0 20.077,fabricas_paginas/adefa_anuario2025_produccion_por_modelo,"ADEFA, producao na Argentina em 2018: 9597 unidades (soma das versoes)."
ar_honda,Argentina,HONDA,HR-V,automoveis,2019-01,2019-12,producao_no_exterior,ano_da_tabela,2019-12,https://www.adefa.org.ar/upload/anuarios/anuario2025/4.pdf#page=9,oficial,HRV 9.597 8.542 1.938 0 0 0 0 0 20.077,fabricas_paginas/adefa_anuario2025_produccion_por_modelo,"ADEFA, producao na Argentina em 2019: 8542 unidades (soma das versoes)."
ar_honda,Argentina,HONDA,HR-V,automoveis,2020-01,2020-12,producao_no_exterior,ano_da_tabela,2020-12,https://www.adefa.org.ar/upload/anuarios/anuario2025/4.pdf#page=9,oficial,HRV 9.597 8.542 1.938 0 0 0 0 0 20.077,fabricas_paginas/adefa_anuario2025_produccion_por_modelo,"ADEFA, producao na Argentina em 2020: 1938 unidades (soma das versoes)."
ar_mb,Argentina,M.BENZ,SPRINTER 311,comerciais_leves,2008-01,2008-12,producao_no_exterior,ano_da_tabela,2008-12,https://www.adefa.org.ar/upload/anuarios/anuario2013/4.pdf#page=9,oficial,SPRINTER - COMBI DIESEL 6.841 4.518 987 1.101 0 0 13.447 [...] SPRINTER - FURGóN DIESEL 23.051 6.288 12.845 14.185 0 0 56.369 [...] SPRINTER - CHASSIS DIESEL 1.267 892 421 576 0 0 3.156,fabricas_paginas/adefa_anuario2013_produccion_por_modelo,"ADEFA, producao na Argentina em 2008: 31159 unidades (soma das versoes)."
ar_mb,Argentina,M.BENZ,SPRINTER 311,comerciais_leves,2009-01,2009-12,producao_no_exterior,ano_da_tabela,2009-12,https://www.adefa.org.ar/upload/anuarios/anuario2013/4.pdf#page=9,oficial,SPRINTER - COMBI DIESEL 6.841 4.518 987 1.101 0 0 13.447 [...] SPRINTER - FURGóN DIESEL 23.051 6.288 12.845 14.185 0 0 56.369 [...] SPRINTER - CHASSIS DIESEL 1.267 892 421 576 0 0 3.156,fabricas_paginas/adefa_anuario2013_produccion_por_modelo,"ADEFA, producao na Argentina em 2009: 11698 unidades (soma das versoes)."
ar_mb,Argentina,M.BENZ,SPRINTER 311,comerciais_leves,2010-01,2010-12,producao_no_exterior,ano_da_tabela,2010-12,https://www.adefa.org.ar/upload/anuarios/anuario2017/4.pdf#page=8,oficial,SPRINTER - COMBI DIESEL 987 1.101 0 0 0 - - - 2.088 [...] SPRINTER - FURGóN DIESEL 12.845 14.185 0 0 0 - - - 27.030 [...] SPRINTER - CHASSIS DIESEL 421 576 0 0 0 - - - 997,fabricas_paginas/adefa_anuario2017_produccion_por_modelo,"ADEFA, producao na Argentina em 2010: 14253 unidades (soma das versoes)."
ar_mb,Argentina,M.BENZ,SPRINTER 311,comerciais_leves,2011-01,2011-12,producao_no_exterior,ano_da_tabela,2011-12,https://www.adefa.org.ar/upload/anuarios/anuario2017/4.pdf#page=8,oficial,SPRINTER - COMBI DIESEL 987 1.101 0 0 0 - - - 2.088 [...] SPRINTER - FURGóN DIESEL 12.845 14.185 0 0 0 - - - 27.030 [...] SPRINTER - CHASSIS DIESEL 421 576 0 0 0 - - - 997,fabricas_paginas/adefa_anuario2017_produccion_por_modelo,"ADEFA, producao na Argentina em 2011: 15862 unidades (soma das versoes)."
ar_mb,Argentina,M.BENZ,SPRINTER 311,comerciais_leves,2012-01,2012-12,producao_no_exterior,ano_da_tabela,2012-12,https://www.adefa.org.ar/upload/anuarios/anuario2017/4.pdf#page=8,oficial,SPRINTER 0 0 12.244 14.640 14.006 - - - 40.890 [...] SPRINTER BUS 0 0 1.173 1.647 911 - - - 3.731,fabricas_paginas/adefa_anuario2017_produccion_por_modelo,"ADEFA, producao na Argentina em 2012: 13417 unidades (soma das versoes)."
ar_mb,Argentina,M.BENZ,SPRINTER 311,comerciais_leves,2013-01,2013-12,producao_no_exterior,ano_da_tabela,2013-12,https://www.adefa.org.ar/upload/anuarios/anuario2017/4.pdf#page=8,oficial,SPRINTER 0 0 12.244 14.640 14.006 - - - 40.890 [...] SPRINTER BUS 0 0 1.173 1.647 911 - - - 3.731,fabricas_paginas/adefa_anuario2017_produccion_por_modelo,"ADEFA, producao na Argentina em 2013: 16287 unidades (soma das versoes)."
ar_mb,Argentina,M.BENZ,SPRINTER 311,comerciais_leves,2014-01,2014-12,producao_no_exterior,ano_da_tabela,2014-12,https://www.adefa.org.ar/upload/anuarios/anuario2017/4.pdf#page=8,oficial,SPRINTER 0 0 12.244 14.640 14.006 - - - 40.890 [...] SPRINTER BUS 0 0 1.173 1.647 911 - - - 3.731,fabricas_paginas/adefa_anuario2017_produccion_por_modelo,"ADEFA, producao na Argentina em 2014: 14917 unidades (soma das versoes)."
ar_mb,Argentina,M.BENZ,SPRINTER 313,comerciais_leves,2008-01,2008-12,producao_no_exterior,ano_da_tabela,2008-12,https://www.adefa.org.ar/upload/anuarios/anuario2013/4.pdf#page=9,oficial,SPRINTER - COMBI DIESEL 6.841 4.518 987 1.101 0 0 13.447 [...] SPRINTER - FURGóN DIESEL 23.051 6.288 12.845 14.185 0 0 56.369 [...] SPRINTER - CHASSIS DIESEL 1.267 892 421 576 0 0 3.156,fabricas_paginas/adefa_anuario2013_produccion_por_modelo,"ADEFA, producao na Argentina em 2008: 31159 unidades (soma das versoes)."
ar_mb,Argentina,M.BENZ,SPRINTER 313,comerciais_leves,2009-01,2009-12,producao_no_exterior,ano_da_tabela,2009-12,https://www.adefa.org.ar/upload/anuarios/anuario2013/4.pdf#page=9,oficial,SPRINTER - COMBI DIESEL 6.841 4.518 987 1.101 0 0 13.447 [...] SPRINTER - FURGóN DIESEL 23.051 6.288 12.845 14.185 0 0 56.369 [...] SPRINTER - CHASSIS DIESEL 1.267 892 421 576 0 0 3.156,fabricas_paginas/adefa_anuario2013_produccion_por_modelo,"ADEFA, producao na Argentina em 2009: 11698 unidades (soma das versoes)."
ar_mb,Argentina,M.BENZ,SPRINTER 313,comerciais_leves,2010-01,2010-12,producao_no_exterior,ano_da_tabela,2010-12,https://www.adefa.org.ar/upload/anuarios/anuario2017/4.pdf#page=8,oficial,SPRINTER - COMBI DIESEL 987 1.101 0 0 0 - - - 2.088 [...] SPRINTER - FURGóN DIESEL 12.845 14.185 0 0 0 - - - 27.030 [...] SPRINTER - CHASSIS DIESEL 421 576 0 0 0 - - - 997,fabricas_paginas/adefa_anuario2017_produccion_por_modelo,"ADEFA, producao na Argentina em 2010: 14253 unidades (soma das versoes)."
ar_mb,Argentina,M.BENZ,SPRINTER 313,comerciais_leves,2011-01,2011-12,producao_no_exterior,ano_da_tabela,2011-12,https://www.adefa.org.ar/upload/anuarios/anuario2017/4.pdf#page=8,oficial,SPRINTER - COMBI DIESEL 987 1.101 0 0 0 - - - 2.088 [...] SPRINTER - FURGóN DIESEL 12.845 14.185 0 0 0 - - - 27.030 [...] SPRINTER - CHASSIS DIESEL 421 576 0 0 0 - - - 997,fabricas_paginas/adefa_anuario2017_produccion_por_modelo,"ADEFA, producao na Argentina em 2011: 15862 unidades (soma das versoes)."
ar_mb,Argentina,M.BENZ,SPRINTER 313,comerciais_leves,2012-01,2012-12,producao_no_exterior,ano_da_tabela,2012-12,https://www.adefa.org.ar/upload/anuarios/anuario2017/4.pdf#page=8,oficial,SPRINTER 0 0 12.244 14.640 14.006 - - - 40.890 [...] SPRINTER BUS 0 0 1.173 1.647 911 - - - 3.731,fabricas_paginas/adefa_anuario2017_produccion_por_modelo,"ADEFA, producao na Argentina em 2012: 13417 unidades (soma das versoes)."
ar_mb,Argentina,M.BENZ,SPRINTER 313,comerciais_leves,2013-01,2013-12,producao_no_exterior,ano_da_tabela,2013-12,https://www.adefa.org.ar/upload/anuarios/anuario2017/4.pdf#page=8,oficial,SPRINTER 0 0 12.244 14.640 14.006 - - - 40.890 [...] SPRINTER BUS 0 0 1.173 1.647 911 - - - 3.731,fabricas_paginas/adefa_anuario2017_produccion_por_modelo,"ADEFA, producao na Argentina em 2013: 16287 unidades (soma das versoes)."
ar_mb,Argentina,M.BENZ,SPRINTER 313,comerciais_leves,2014-01,2014-12,producao_no_exterior,ano_da_tabela,2014-12,https://www.adefa.org.ar/upload/anuarios/anuario2017/4.pdf#page=8,oficial,SPRINTER 0 0 12.244 14.640 14.006 - - - 40.890 [...] SPRINTER BUS 0 0 1.173 1.647 911 - - - 3.731,fabricas_paginas/adefa_anuario2017_produccion_por_modelo,"ADEFA, producao na Argentina em 2014: 14917 unidades (soma das versoes)."
ar_mb,Argentina,M.BENZ,SPRINTER 314,comerciais_leves,2008-01,2008-12,producao_no_exterior,ano_da_tabela,2008-12,https://www.adefa.org.ar/upload/anuarios/anuario2013/4.pdf#page=9,oficial,SPRINTER - COMBI DIESEL 6.841 4.518 987 1.101 0 0 13.447 [...] SPRINTER - FURGóN DIESEL 23.051 6.288 12.845 14.185 0 0 56.369 [...] SPRINTER - CHASSIS DIESEL 1.267 892 421 576 0 0 3.156,fabricas_paginas/adefa_anuario2013_produccion_por_modelo,"ADEFA, producao na Argentina em 2008: 31159 unidades (soma das versoes)."
ar_mb,Argentina,M.BENZ,SPRINTER 314,comerciais_leves,2009-01,2009-12,producao_no_exterior,ano_da_tabela,2009-12,https://www.adefa.org.ar/upload/anuarios/anuario2013/4.pdf#page=9,oficial,SPRINTER - COMBI DIESEL 6.841 4.518 987 1.101 0 0 13.447 [...] SPRINTER - FURGóN DIESEL 23.051 6.288 12.845 14.185 0 0 56.369 [...] SPRINTER - CHASSIS DIESEL 1.267 892 421 576 0 0 3.156,fabricas_paginas/adefa_anuario2013_produccion_por_modelo,"ADEFA, producao na Argentina em 2009: 11698 unidades (soma das versoes)."
ar_mb,Argentina,M.BENZ,SPRINTER 314,comerciais_leves,2010-01,2010-12,producao_no_exterior,ano_da_tabela,2010-12,https://www.adefa.org.ar/upload/anuarios/anuario2017/4.pdf#page=8,oficial,SPRINTER - COMBI DIESEL 987 1.101 0 0 0 - - - 2.088 [...] SPRINTER - FURGóN DIESEL 12.845 14.185 0 0 0 - - - 27.030 [...] SPRINTER - CHASSIS DIESEL 421 576 0 0 0 - - - 997,fabricas_paginas/adefa_anuario2017_produccion_por_modelo,"ADEFA, producao na Argentina em 2010: 14253 unidades (soma das versoes)."
ar_mb,Argentina,M.BENZ,SPRINTER 314,comerciais_leves,2011-01,2011-12,producao_no_exterior,ano_da_tabela,2011-12,https://www.adefa.org.ar/upload/anuarios/anuario2017/4.pdf#page=8,oficial,SPRINTER - COMBI DIESEL 987 1.101 0 0 0 - - - 2.088 [...] SPRINTER - FURGóN DIESEL 12.845 14.185 0 0 0 - - - 27.030 [...] SPRINTER - CHASSIS DIESEL 421 576 0 0 0 - - - 997,fabricas_paginas/adefa_anuario2017_produccion_por_modelo,"ADEFA, producao na Argentina em 2011: 15862 unidades (soma das versoes)."
ar_mb,Argentina,M.BENZ,SPRINTER 314,comerciais_leves,2012-01,2012-12,producao_no_exterior,ano_da_tabela,2012-12,https://www.adefa.org.ar/upload/anuarios/anuario2017/4.pdf#page=8,oficial,SPRINTER 0 0 12.244 14.640 14.006 - - - 40.890 [...] SPRINTER BUS 0 0 1.173 1.647 911 - - - 3.731,fabricas_paginas/adefa_anuario2017_produccion_por_modelo,"ADEFA, producao na Argentina em 2012: 13417 unidades (soma das versoes)."
ar_mb,Argentina,M.BENZ,SPRINTER 314,comerciais_leves,2013-01,2013-12,producao_no_exterior,ano_da_tabela,2013-12,https://www.adefa.org.ar/upload/anuarios/anuario2017/4.pdf#page=8,oficial,SPRINTER 0 0 12.244 14.640 14.006 - - - 40.890 [...] SPRINTER BUS 0 0 1.173 1.647 911 - - - 3.731,fabricas_paginas/adefa_anuario2017_produccion_por_modelo,"ADEFA, producao na Argentina em 2013: 16287 unidades (soma das versoes)."
ar_mb,Argentina,M.BENZ,SPRINTER 314,comerciais_leves,2014-01,2014-12,producao_no_exterior,ano_da_tabela,2014-12,https://www.adefa.org.ar/upload/anuarios/anuario2017/4.pdf#page=8,oficial,SPRINTER 0 0 12.244 14.640 14.006 - - - 40.890 [...] SPRINTER BUS 0 0 1.173 1.647 911 - - - 3.731,fabricas_paginas/adefa_anuario2017_produccion_por_modelo,"ADEFA, producao na Argentina em 2014: 14917 unidades (soma das versoes)."
ar_mb,Argentina,M.BENZ,SPRINTER 315,comerciais_leves,2008-01,2008-12,producao_no_exterior,ano_da_tabela,2008-12,https://www.adefa.org.ar/upload/anuarios/anuario2013/4.pdf#page=9,oficial,SPRINTER - COMBI DIESEL 6.841 4.518 987 1.101 0 0 13.447 [...] SPRINTER - FURGóN DIESEL 23.051 6.288 12.845 14.185 0 0 56.369 [...] SPRINTER - CHASSIS DIESEL 1.267 892 421 576 0 0 3.156,fabricas_paginas/adefa_anuario2013_produccion_por_modelo,"ADEFA, producao na Argentina em 2008: 31159 unidades (soma das versoes)."
ar_mb,Argentina,M.BENZ,SPRINTER 315,comerciais_leves,2009-01,2009-12,producao_no_exterior,ano_da_tabela,2009-12,https://www.adefa.org.ar/upload/anuarios/anuario2013/4.pdf#page=9,oficial,SPRINTER - COMBI DIESEL 6.841 4.518 987 1.101 0 0 13.447 [...] SPRINTER - FURGóN DIESEL 23.051 6.288 12.845 14.185 0 0 56.369 [...] SPRINTER - CHASSIS DIESEL 1.267 892 421 576 0 0 3.156,fabricas_paginas/adefa_anuario2013_produccion_por_modelo,"ADEFA, producao na Argentina em 2009: 11698 unidades (soma das versoes)."
ar_mb,Argentina,M.BENZ,SPRINTER 315,comerciais_leves,2010-01,2010-12,producao_no_exterior,ano_da_tabela,2010-12,https://www.adefa.org.ar/upload/anuarios/anuario2017/4.pdf#page=8,oficial,SPRINTER - COMBI DIESEL 987 1.101 0 0 0 - - - 2.088 [...] SPRINTER - FURGóN DIESEL 12.845 14.185 0 0 0 - - - 27.030 [...] SPRINTER - CHASSIS DIESEL 421 576 0 0 0 - - - 997,fabricas_paginas/adefa_anuario2017_produccion_por_modelo,"ADEFA, producao na Argentina em 2010: 14253 unidades (soma das versoes)."
ar_mb,Argentina,M.BENZ,SPRINTER 315,comerciais_leves,2011-01,2011-12,producao_no_exterior,ano_da_tabela,2011-12,https://www.adefa.org.ar/upload/anuarios/anuario2017/4.pdf#page=8,oficial,SPRINTER - COMBI DIESEL 987 1.101 0 0 0 - - - 2.088 [...] SPRINTER - FURGóN DIESEL 12.845 14.185 0 0 0 - - - 27.030 [...] SPRINTER - CHASSIS DIESEL 421 576 0 0 0 - - - 997,fabricas_paginas/adefa_anuario2017_produccion_por_modelo,"ADEFA, producao na Argentina em 2011: 15862 unidades (soma das versoes)."
ar_mb,Argentina,M.BENZ,SPRINTER 315,comerciais_leves,2012-01,2012-12,producao_no_exterior,ano_da_tabela,2012-12,https://www.adefa.org.ar/upload/anuarios/anuario2017/4.pdf#page=8,oficial,SPRINTER 0 0 12.244 14.640 14.006 - - - 40.890 [...] SPRINTER BUS 0 0 1.173 1.647 911 - - - 3.731,fabricas_paginas/adefa_anuario2017_produccion_por_modelo,"ADEFA, producao na Argentina em 2012: 13417 unidades (soma das versoes)."
ar_mb,Argentina,M.BENZ,SPRINTER 315,comerciais_leves,2013-01,2013-12,producao_no_exterior,ano_da_tabela,2013-12,https://www.adefa.org.ar/upload/anuarios/anuario2017/4.pdf#page=8,oficial,SPRINTER 0 0 12.244 14.640 14.006 - - - 40.890 [...] SPRINTER BUS 0 0 1.173 1.647 911 - - - 3.731,fabricas_paginas/adefa_anuario2017_produccion_por_modelo,"ADEFA, producao na Argentina em 2013: 16287 unidades (soma das versoes)."
ar_mb,Argentina,M.BENZ,SPRINTER 315,comerciais_leves,2014-01,2014-12,producao_no_exterior,ano_da_tabela,2014-12,https://www.adefa.org.ar/upload/anuarios/anuario2017/4.pdf#page=8,oficial,SPRINTER 0 0 12.244 14.640 14.006 - - - 40.890 [...] SPRINTER BUS 0 0 1.173 1.647 911 - - - 3.731,fabricas_paginas/adefa_anuario2017_produccion_por_modelo,"ADEFA, producao na Argentina em 2014: 14917 unidades (soma das versoes)."
ar_mb,Argentina,M.BENZ,SPRINTER 317,comerciais_leves,2008-01,2008-12,producao_no_exterior,ano_da_tabela,2008-12,https://www.adefa.org.ar/upload/anuarios/anuario2013/4.pdf#page=9,oficial,SPRINTER - COMBI DIESEL 6.841 4.518 987 1.101 0 0 13.447 [...] SPRINTER - FURGóN DIESEL 23.051 6.288 12.845 14.185 0 0 56.369 [...] SPRINTER - CHASSIS DIESEL 1.267 892 421 576 0 0 3.156,fabricas_paginas/adefa_anuario2013_produccion_por_modelo,"ADEFA, producao na Argentina em 2008: 31159 unidades (soma das versoes)."
ar_mb,Argentina,M.BENZ,SPRINTER 317,comerciais_leves,2009-01,2009-12,producao_no_exterior,ano_da_tabela,2009-12,https://www.adefa.org.ar/upload/anuarios/anuario2013/4.pdf#page=9,oficial,SPRINTER - COMBI DIESEL 6.841 4.518 987 1.101 0 0 13.447 [...] SPRINTER - FURGóN DIESEL 23.051 6.288 12.845 14.185 0 0 56.369 [...] SPRINTER - CHASSIS DIESEL 1.267 892 421 576 0 0 3.156,fabricas_paginas/adefa_anuario2013_produccion_por_modelo,"ADEFA, producao na Argentina em 2009: 11698 unidades (soma das versoes)."
ar_mb,Argentina,M.BENZ,SPRINTER 317,comerciais_leves,2010-01,2010-12,producao_no_exterior,ano_da_tabela,2010-12,https://www.adefa.org.ar/upload/anuarios/anuario2017/4.pdf#page=8,oficial,SPRINTER - COMBI DIESEL 987 1.101 0 0 0 - - - 2.088 [...] SPRINTER - FURGóN DIESEL 12.845 14.185 0 0 0 - - - 27.030 [...] SPRINTER - CHASSIS DIESEL 421 576 0 0 0 - - - 997,fabricas_paginas/adefa_anuario2017_produccion_por_modelo,"ADEFA, producao na Argentina em 2010: 14253 unidades (soma das versoes)."
ar_mb,Argentina,M.BENZ,SPRINTER 317,comerciais_leves,2011-01,2011-12,producao_no_exterior,ano_da_tabela,2011-12,https://www.adefa.org.ar/upload/anuarios/anuario2017/4.pdf#page=8,oficial,SPRINTER - COMBI DIESEL 987 1.101 0 0 0 - - - 2.088 [...] SPRINTER - FURGóN DIESEL 12.845 14.185 0 0 0 - - - 27.030 [...] SPRINTER - CHASSIS DIESEL 421 576 0 0 0 - - - 997,fabricas_paginas/adefa_anuario2017_produccion_por_modelo,"ADEFA, producao na Argentina em 2011: 15862 unidades (soma das versoes)."
ar_mb,Argentina,M.BENZ,SPRINTER 317,comerciais_leves,2012-01,2012-12,producao_no_exterior,ano_da_tabela,2012-12,https://www.adefa.org.ar/upload/anuarios/anuario2017/4.pdf#page=8,oficial,SPRINTER 0 0 12.244 14.640 14.006 - - - 40.890 [...] SPRINTER BUS 0 0 1.173 1.647 911 - - - 3.731,fabricas_paginas/adefa_anuario2017_produccion_por_modelo,"ADEFA, producao na Argentina em 2012: 13417 unidades (soma das versoes)."
ar_mb,Argentina,M.BENZ,SPRINTER 317,comerciais_leves,2013-01,2013-12,producao_no_exterior,ano_da_tabela,2013-12,https://www.adefa.org.ar/upload/anuarios/anuario2017/4.pdf#page=8,oficial,SPRINTER 0 0 12.244 14.640 14.006 - - - 40.890 [...] SPRINTER BUS 0 0 1.173 1.647 911 - - - 3.731,fabricas_paginas/adefa_anuario2017_produccion_por_modelo,"ADEFA, producao na Argentina em 2013: 16287 unidades (soma das versoes)."
ar_mb,Argentina,M.BENZ,SPRINTER 317,comerciais_leves,2014-01,2014-12,producao_no_exterior,ano_da_tabela,2014-12,https://www.adefa.org.ar/upload/anuarios/anuario2017/4.pdf#page=8,oficial,SPRINTER 0 0 12.244 14.640 14.006 - - - 40.890 [...] SPRINTER BUS 0 0 1.173 1.647 911 - - - 3.731,fabricas_paginas/adefa_anuario2017_produccion_por_modelo,"ADEFA, producao na Argentina em 2014: 14917 unidades (soma das versoes)."
ar_mb,Argentina,M.BENZ,SPRINTER 413,comerciais_leves,2008-01,2008-12,producao_no_exterior,ano_da_tabela,2008-12,https://www.adefa.org.ar/upload/anuarios/anuario2013/4.pdf#page=9,oficial,SPRINTER - COMBI DIESEL 6.841 4.518 987 1.101 0 0 13.447 [...] SPRINTER - FURGóN DIESEL 23.051 6.288 12.845 14.185 0 0 56.369 [...] SPRINTER - CHASSIS DIESEL 1.267 892 421 576 0 0 3.156,fabricas_paginas/adefa_anuario2013_produccion_por_modelo,"ADEFA, producao na Argentina em 2008: 31159 unidades (soma das versoes)."
ar_mb,Argentina,M.BENZ,SPRINTER 413,comerciais_leves,2009-01,2009-12,producao_no_exterior,ano_da_tabela,2009-12,https://www.adefa.org.ar/upload/anuarios/anuario2013/4.pdf#page=9,oficial,SPRINTER - COMBI DIESEL 6.841 4.518 987 1.101 0 0 13.447 [...] SPRINTER - FURGóN DIESEL 23.051 6.288 12.845 14.185 0 0 56.369 [...] SPRINTER - CHASSIS DIESEL 1.267 892 421 576 0 0 3.156,fabricas_paginas/adefa_anuario2013_produccion_por_modelo,"ADEFA, producao na Argentina em 2009: 11698 unidades (soma das versoes)."
ar_mb,Argentina,M.BENZ,SPRINTER 413,comerciais_leves,2010-01,2010-12,producao_no_exterior,ano_da_tabela,2010-12,https://www.adefa.org.ar/upload/anuarios/anuario2017/4.pdf#page=8,oficial,SPRINTER - COMBI DIESEL 987 1.101 0 0 0 - - - 2.088 [...] SPRINTER - FURGóN DIESEL 12.845 14.185 0 0 0 - - - 27.030 [...] SPRINTER - CHASSIS DIESEL 421 576 0 0 0 - - - 997,fabricas_paginas/adefa_anuario2017_produccion_por_modelo,"ADEFA, producao na Argentina em 2010: 14253 unidades (soma das versoes)."
ar_mb,Argentina,M.BENZ,SPRINTER 413,comerciais_leves,2011-01,2011-12,producao_no_exterior,ano_da_tabela,2011-12,https://www.adefa.org.ar/upload/anuarios/anuario2017/4.pdf#page=8,oficial,SPRINTER - COMBI DIESEL 987 1.101 0 0 0 - - - 2.088 [...] SPRINTER - FURGóN DIESEL 12.845 14.185 0 0 0 - - - 27.030 [...] SPRINTER - CHASSIS DIESEL 421 576 0 0 0 - - - 997,fabricas_paginas/adefa_anuario2017_produccion_por_modelo,"ADEFA, producao na Argentina em 2011: 15862 unidades (soma das versoes)."
ar_mb,Argentina,M.BENZ,SPRINTER 413,comerciais_leves,2012-01,2012-12,producao_no_exterior,ano_da_tabela,2012-12,https://www.adefa.org.ar/upload/anuarios/anuario2017/4.pdf#page=8,oficial,SPRINTER 0 0 12.244 14.640 14.006 - - - 40.890 [...] SPRINTER BUS 0 0 1.173 1.647 911 - - - 3.731,fabricas_paginas/adefa_anuario2017_produccion_por_modelo,"ADEFA, producao na Argentina em 2012: 13417 unidades (soma das versoes)."
ar_mb,Argentina,M.BENZ,SPRINTER 413,comerciais_leves,2013-01,2013-12,producao_no_exterior,ano_da_tabela,2013-12,https://www.adefa.org.ar/upload/anuarios/anuario2017/4.pdf#page=8,oficial,SPRINTER 0 0 12.244 14.640 14.006 - - - 40.890 [...] SPRINTER BUS 0 0 1.173 1.647 911 - - - 3.731,fabricas_paginas/adefa_anuario2017_produccion_por_modelo,"ADEFA, producao na Argentina em 2013: 16287 unidades (soma das versoes)."
ar_mb,Argentina,M.BENZ,SPRINTER 413,comerciais_leves,2014-01,2014-12,producao_no_exterior,ano_da_tabela,2014-12,https://www.adefa.org.ar/upload/anuarios/anuario2017/4.pdf#page=8,oficial,SPRINTER 0 0 12.244 14.640 14.006 - - - 40.890 [...] SPRINTER BUS 0 0 1.173 1.647 911 - - - 3.731,fabricas_paginas/adefa_anuario2017_produccion_por_modelo,"ADEFA, producao na Argentina em 2014: 14917 unidades (soma das versoes)."
ar_mb,Argentina,M.BENZ,SPRINTER 416,comerciais_leves,2008-01,2008-12,producao_no_exterior,ano_da_tabela,2008-12,https://www.adefa.org.ar/upload/anuarios/anuario2013/4.pdf#page=9,oficial,SPRINTER - COMBI DIESEL 6.841 4.518 987 1.101 0 0 13.447 [...] SPRINTER - FURGóN DIESEL 23.051 6.288 12.845 14.185 0 0 56.369 [...] SPRINTER - CHASSIS DIESEL 1.267 892 421 576 0 0 3.156,fabricas_paginas/adefa_anuario2013_produccion_por_modelo,"ADEFA, producao na Argentina em 2008: 31159 unidades (soma das versoes)."
ar_mb,Argentina,M.BENZ,SPRINTER 416,comerciais_leves,2009-01,2009-12,producao_no_exterior,ano_da_tabela,2009-12,https://www.adefa.org.ar/upload/anuarios/anuario2013/4.pdf#page=9,oficial,SPRINTER - COMBI DIESEL 6.841 4.518 987 1.101 0 0 13.447 [...] SPRINTER - FURGóN DIESEL 23.051 6.288 12.845 14.185 0 0 56.369 [...] SPRINTER - CHASSIS DIESEL 1.267 892 421 576 0 0 3.156,fabricas_paginas/adefa_anuario2013_produccion_por_modelo,"ADEFA, producao na Argentina em 2009: 11698 unidades (soma das versoes)."
ar_mb,Argentina,M.BENZ,SPRINTER 416,comerciais_leves,2010-01,2010-12,producao_no_exterior,ano_da_tabela,2010-12,https://www.adefa.org.ar/upload/anuarios/anuario2017/4.pdf#page=8,oficial,SPRINTER - COMBI DIESEL 987 1.101 0 0 0 - - - 2.088 [...] SPRINTER - FURGóN DIESEL 12.845 14.185 0 0 0 - - - 27.030 [...] SPRINTER - CHASSIS DIESEL 421 576 0 0 0 - - - 997,fabricas_paginas/adefa_anuario2017_produccion_por_modelo,"ADEFA, producao na Argentina em 2010: 14253 unidades (soma das versoes)."
ar_mb,Argentina,M.BENZ,SPRINTER 416,comerciais_leves,2011-01,2011-12,producao_no_exterior,ano_da_tabela,2011-12,https://www.adefa.org.ar/upload/anuarios/anuario2017/4.pdf#page=8,oficial,SPRINTER - COMBI DIESEL 987 1.101 0 0 0 - - - 2.088 [...] SPRINTER - FURGóN DIESEL 12.845 14.185 0 0 0 - - - 27.030 [...] SPRINTER - CHASSIS DIESEL 421 576 0 0 0 - - - 997,fabricas_paginas/adefa_anuario2017_produccion_por_modelo,"ADEFA, producao na Argentina em 2011: 15862 unidades (soma das versoes)."
ar_mb,Argentina,M.BENZ,SPRINTER 416,comerciais_leves,2012-01,2012-12,producao_no_exterior,ano_da_tabela,2012-12,https://www.adefa.org.ar/upload/anuarios/anuario2017/4.pdf#page=8,oficial,SPRINTER 0 0 12.244 14.640 14.006 - - - 40.890 [...] SPRINTER BUS 0 0 1.173 1.647 911 - - - 3.731,fabricas_paginas/adefa_anuario2017_produccion_por_modelo,"ADEFA, producao na Argentina em 2012: 13417 unidades (soma das versoes)."
ar_mb,Argentina,M.BENZ,SPRINTER 416,comerciais_leves,2013-01,2013-12,producao_no_exterior,ano_da_tabela,2013-12,https://www.adefa.org.ar/upload/anuarios/anuario2017/4.pdf#page=8,oficial,SPRINTER 0 0 12.244 14.640 14.006 - - - 40.890 [...] SPRINTER BUS 0 0 1.173 1.647 911 - - - 3.731,fabricas_paginas/adefa_anuario2017_produccion_por_modelo,"ADEFA, producao na Argentina em 2013: 16287 unidades (soma das versoes)."
ar_mb,Argentina,M.BENZ,SPRINTER 416,comerciais_leves,2014-01,2014-12,producao_no_exterior,ano_da_tabela,2014-12,https://www.adefa.org.ar/upload/anuarios/anuario2017/4.pdf#page=8,oficial,SPRINTER 0 0 12.244 14.640 14.006 - - - 40.890 [...] SPRINTER BUS 0 0 1.173 1.647 911 - - - 3.731,fabricas_paginas/adefa_anuario2017_produccion_por_modelo,"ADEFA, producao na Argentina em 2014: 14917 unidades (soma das versoes)."
ar_mb,Argentina,M.BENZ,SPRINTER,comerciais_leves,2008-01,2008-12,producao_no_exterior,ano_da_tabela,2008-12,https://www.adefa.org.ar/upload/anuarios/anuario2013/4.pdf#page=9,oficial,SPRINTER - COMBI DIESEL 6.841 4.518 987 1.101 0 0 13.447 [...] SPRINTER - FURGóN DIESEL 23.051 6.288 12.845 14.185 0 0 56.369 [...] SPRINTER - CHASSIS DIESEL 1.267 892 421 576 0 0 3.156,fabricas_paginas/adefa_anuario2013_produccion_por_modelo,"ADEFA, producao na Argentina em 2008: 31159 unidades (soma das versoes)."
ar_mb,Argentina,M.BENZ,SPRINTER,comerciais_leves,2009-01,2009-12,producao_no_exterior,ano_da_tabela,2009-12,https://www.adefa.org.ar/upload/anuarios/anuario2013/4.pdf#page=9,oficial,SPRINTER - COMBI DIESEL 6.841 4.518 987 1.101 0 0 13.447 [...] SPRINTER - FURGóN DIESEL 23.051 6.288 12.845 14.185 0 0 56.369 [...] SPRINTER - CHASSIS DIESEL 1.267 892 421 576 0 0 3.156,fabricas_paginas/adefa_anuario2013_produccion_por_modelo,"ADEFA, producao na Argentina em 2009: 11698 unidades (soma das versoes)."
ar_mb,Argentina,M.BENZ,SPRINTER,comerciais_leves,2010-01,2010-12,producao_no_exterior,ano_da_tabela,2010-12,https://www.adefa.org.ar/upload/anuarios/anuario2017/4.pdf#page=8,oficial,SPRINTER - COMBI DIESEL 987 1.101 0 0 0 - - - 2.088 [...] SPRINTER - FURGóN DIESEL 12.845 14.185 0 0 0 - - - 27.030 [...] SPRINTER - CHASSIS DIESEL 421 576 0 0 0 - - - 997,fabricas_paginas/adefa_anuario2017_produccion_por_modelo,"ADEFA, producao na Argentina em 2010: 14253 unidades (soma das versoes)."
ar_mb,Argentina,M.BENZ,SPRINTER,comerciais_leves,2011-01,2011-12,producao_no_exterior,ano_da_tabela,2011-12,https://www.adefa.org.ar/upload/anuarios/anuario2017/4.pdf#page=8,oficial,SPRINTER - COMBI DIESEL 987 1.101 0 0 0 - - - 2.088 [...] SPRINTER - FURGóN DIESEL 12.845 14.185 0 0 0 - - - 27.030 [...] SPRINTER - CHASSIS DIESEL 421 576 0 0 0 - - - 997,fabricas_paginas/adefa_anuario2017_produccion_por_modelo,"ADEFA, producao na Argentina em 2011: 15862 unidades (soma das versoes)."
ar_mb,Argentina,M.BENZ,SPRINTER,comerciais_leves,2012-01,2012-12,producao_no_exterior,ano_da_tabela,2012-12,https://www.adefa.org.ar/upload/anuarios/anuario2017/4.pdf#page=8,oficial,SPRINTER 0 0 12.244 14.640 14.006 - - - 40.890 [...] SPRINTER BUS 0 0 1.173 1.647 911 - - - 3.731,fabricas_paginas/adefa_anuario2017_produccion_por_modelo,"ADEFA, producao na Argentina em 2012: 13417 unidades (soma das versoes)."
ar_mb,Argentina,M.BENZ,SPRINTER,comerciais_leves,2013-01,2013-12,producao_no_exterior,ano_da_tabela,2013-12,https://www.adefa.org.ar/upload/anuarios/anuario2017/4.pdf#page=8,oficial,SPRINTER 0 0 12.244 14.640 14.006 - - - 40.890 [...] SPRINTER BUS 0 0 1.173 1.647 911 - - - 3.731,fabricas_paginas/adefa_anuario2017_produccion_por_modelo,"ADEFA, producao na Argentina em 2013: 16287 unidades (soma das versoes)."
ar_mb,Argentina,M.BENZ,SPRINTER,comerciais_leves,2014-01,2014-12,producao_no_exterior,ano_da_tabela,2014-12,https://www.adefa.org.ar/upload/anuarios/anuario2017/4.pdf#page=8,oficial,SPRINTER 0 0 12.244 14.640 14.006 - - - 40.890 [...] SPRINTER BUS 0 0 1.173 1.647 911 - - - 3.731,fabricas_paginas/adefa_anuario2017_produccion_por_modelo,"ADEFA, producao na Argentina em 2014: 14917 unidades (soma das versoes)."
ar_nissan,Argentina,NISSAN,FRONTIER,comerciais_leves,2018-01,2018-12,producao_no_exterior,ano_da_tabela,2018-12,https://www.adefa.org.ar/upload/anuarios/anuario2025/4.pdf#page=9,oficial,FRONTIER 4.213 10.769 10.839 18.551 19.500 29.519 16.431 9.775 119.597,fabricas_paginas/adefa_anuario2025_produccion_por_modelo,"ADEFA, producao na Argentina em 2018: 4213 unidades (soma das versoes)."
ar_nissan,Argentina,NISSAN,FRONTIER,comerciais_leves,2019-01,2019-12,producao_no_exterior,ano_da_tabela,2019-12,https://www.adefa.org.ar/upload/anuarios/anuario2025/4.pdf#page=9,oficial,FRONTIER 4.213 10.769 10.839 18.551 19.500 29.519 16.431 9.775 119.597,fabricas_paginas/adefa_anuario2025_produccion_por_modelo,"ADEFA, producao na Argentina em 2019: 10769 unidades (soma das versoes)."
ar_nissan,Argentina,NISSAN,FRONTIER,comerciais_leves,2020-01,2020-12,producao_no_exterior,ano_da_tabela,2020-12,https://www.adefa.org.ar/upload/anuarios/anuario2025/4.pdf#page=9,oficial,FRONTIER 4.213 10.769 10.839 18.551 19.500 29.519 16.431 9.775 119.597,fabricas_paginas/adefa_anuario2025_produccion_por_modelo,"ADEFA, producao na Argentina em 2020: 10839 unidades (soma das versoes)."
ar_nissan,Argentina,NISSAN,FRONTIER,comerciais_leves,2021-01,2021-12,producao_no_exterior,ano_da_tabela,2021-12,https://www.adefa.org.ar/upload/anuarios/anuario2025/4.pdf#page=9,oficial,FRONTIER 4.213 10.769 10.839 18.551 19.500 29.519 16.431 9.775 119.597,fabricas_paginas/adefa_anuario2025_produccion_por_modelo,"ADEFA, producao na Argentina em 2021: 18551 unidades (soma das versoes)."
ar_nissan,Argentina,NISSAN,FRONTIER,comerciais_leves,2022-01,2022-12,producao_no_exterior,ano_da_tabela,2022-12,https://www.adefa.org.ar/upload/anuarios/anuario2025/4.pdf#page=9,oficial,FRONTIER 4.213 10.769 10.839 18.551 19.500 29.519 16.431 9.775 119.597,fabricas_paginas/adefa_anuario2025_produccion_por_modelo,"ADEFA, producao na Argentina em 2022: 19500 unidades (soma das versoes)."
ar_nissan,Argentina,NISSAN,FRONTIER,comerciais_leves,2023-01,2023-12,producao_no_exterior,ano_da_tabela,2023-12,https://www.adefa.org.ar/upload/anuarios/anuario2025/4.pdf#page=9,oficial,FRONTIER 4.213 10.769 10.839 18.551 19.500 29.519 16.431 9.775 119.597,fabricas_paginas/adefa_anuario2025_produccion_por_modelo,"ADEFA, producao na Argentina em 2023: 29519 unidades (soma das versoes)."
ar_nissan,Argentina,NISSAN,FRONTIER,comerciais_leves,2024-01,2024-12,producao_no_exterior,ano_da_tabela,2024-12,https://www.adefa.org.ar/upload/anuarios/anuario2025/4.pdf#page=9,oficial,FRONTIER 4.213 10.769 10.839 18.551 19.500 29.519 16.431 9.775 119.597,fabricas_paginas/adefa_anuario2025_produccion_por_modelo,"ADEFA, producao na Argentina em 2024: 16431 unidades (soma das versoes)."
ar_nissan,Argentina,NISSAN,FRONTIER,comerciais_leves,2025-01,2025-12,producao_no_exterior,ano_da_tabela,2025-12,https://www.adefa.org.ar/upload/anuarios/anuario2025/4.pdf#page=9,oficial,FRONTIER 4.213 10.769 10.839 18.551 19.500 29.519 16.431 9.775 119.597,fabricas_paginas/adefa_anuario2025_produccion_por_modelo,"ADEFA, producao na Argentina em 2025: 9775 unidades (soma das versoes)."
ar_psa,Argentina,PEUGEOT,207 SEDAN,automoveis,2008-01,2008-12,producao_no_exterior,ano_da_tabela,2008-12,https://www.adefa.org.ar/upload/anuarios/anuario2013/4.pdf#page=9,oficial,207 COMPACT BERLINA - DIESEL 3P 309 8 150 3 0 0 470 [...] 207 COMPACT BERLINA - DIESEL 5P 1.928 2.774 3.739 4.144 2.778 1.878 17.241 [...] 207 COMPACT BERLINA - EXP N 5.381 3.493 18.775 24.292 14.640 1 66.582 [...] 207 COMPACT BERLINA - NAFTA 3P 2.401 3.156 5.811 5.471 3.761 1.984 22.584 [...] 207 COMPACT BERLINA - NAFTA 5P 3.463 11.536 15.349 16.768 16.943 16.094 80.153,fabricas_paginas/adefa_anuario2013_produccion_por_modelo,"ADEFA, producao na Argentina em 2008: 13482 unidades (soma das versoes)."
ar_psa,Argentina,PEUGEOT,207 SEDAN,automoveis,2009-01,2009-12,producao_no_exterior,ano_da_tabela,2009-12,https://www.adefa.org.ar/upload/anuarios/anuario2013/4.pdf#page=9,oficial,207 COMPACT BERLINA - DIESEL 3P 309 8 150 3 0 0 470 [...] 207 COMPACT BERLINA - DIESEL 5P 1.928 2.774 3.739 4.144 2.778 1.878 17.241 [...] 207 COMPACT BERLINA - EXP N 5.381 3.493 18.775 24.292 14.640 1 66.582 [...] 207 COMPACT BERLINA - NAFTA 3P 2.401 3.156 5.811 5.471 3.761 1.984 22.584 [...] 207 COMPACT BERLINA - NAFTA 5P 3.463 11.536 15.349 16.768 16.943 16.094 80.153,fabricas_paginas/adefa_anuario2013_produccion_por_modelo,"ADEFA, producao na Argentina em 2009: 20967 unidades (soma das versoes)."
ar_psa,Argentina,PEUGEOT,207 SEDAN,automoveis,2010-01,2010-12,producao_no_exterior,ano_da_tabela,2010-12,https://www.adefa.org.ar/upload/anuarios/anuario2017/4.pdf#page=8,oficial,207 COMPACT BERLINA - DIESEL 3P 150 3 0 0 0 0 0 0 153 [...] 207 COMPACT BERLINA - DIESEL 5P 3.739 4.144 2.778 1.878 729 753 159 0 14.180 [...] 207 COMPACT BERLINA - EXP N 18.775 24.292 14.640 1 0 0 0 0 57.708 [...] 207 COMPACT BERLINA - NAFTA 3P 5.811 5.471 3.761 1.984 0 0 0 0 17.027 [...] 207 COMPACT BERLINA - NAFTA 5P 15.349 16.768 16.943 16.094 7.319 6.318 3.983 0 82.774,fabricas_paginas/adefa_anuario2017_produccion_por_modelo,"ADEFA, producao na Argentina em 2010: 43824 unidades (soma das versoes)."
ar_psa,Argentina,PEUGEOT,207 SEDAN,automoveis,2011-01,2011-12,producao_no_exterior,ano_da_tabela,2011-12,https://www.adefa.org.ar/upload/anuarios/anuario2017/4.pdf#page=8,oficial,207 COMPACT BERLINA - DIESEL 3P 150 3 0 0 0 0 0 0 153 [...] 207 COMPACT BERLINA - DIESEL 5P 3.739 4.144 2.778 1.878 729 753 159 0 14.180 [...] 207 COMPACT BERLINA - EXP N 18.775 24.292 14.640 1 0 0 0 0 57.708 [...] 207 COMPACT BERLINA - NAFTA 3P 5.811 5.471 3.761 1.984 0 0 0 0 17.027 [...] 207 COMPACT BERLINA - NAFTA 5P 15.349 16.768 16.943 16.094 7.319 6.318 3.983 0 82.774,fabricas_paginas/adefa_anuario2017_produccion_por_modelo,"ADEFA, producao na Argentina em 2011: 50678 unidades (soma das versoes)."
ar_psa,Argentina,PEUGEOT,207 SEDAN,automoveis,2012-01,2012-12,producao_no_exterior,ano_da_tabela,2012-12,https://www.adefa.org.ar/upload/anuarios/anuario2017/4.pdf#page=8,oficial,207 COMPACT BERLINA - DIESEL 5P 3.739 4.144 2.778 1.878 729 753 159 0 14.180 [...] 207 COMPACT BERLINA - EXP N 18.775 24.292 14.640 1 0 0 0 0 57.708 [...] 207 COMPACT BERLINA - NAFTA 3P 5.811 5.471 3.761 1.984 0 0 0 0 17.027 [...] 207 COMPACT BERLINA - NAFTA 5P 15.349 16.768 16.943 16.094 7.319 6.318 3.983 0 82.774,fabricas_paginas/adefa_anuario2017_produccion_por_modelo,"ADEFA, producao na Argentina em 2012: 38122 unidades (soma das versoes)."
ar_psa,Argentina,PEUGEOT,207 SEDAN,automoveis,2013-01,2013-12,producao_no_exterior,ano_da_tabela,2013-12,https://www.adefa.org.ar/upload/anuarios/anuario2017/4.pdf#page=8,oficial,207 COMPACT BERLINA - DIESEL 5P 3.739 4.144 2.778 1.878 729 753 159 0 14.180 [...] 207 COMPACT BERLINA - EXP N 18.775 24.292 14.640 1 0 0 0 0 57.708 [...] 207 COMPACT BERLINA - NAFTA 3P 5.811 5.471 3.761 1.984 0 0 0 0 17.027 [...] 207 COMPACT BERLINA - NAFTA 5P 15.349 16.768 16.943 16.094 7.319 6.318 3.983 0 82.774,fabricas_paginas/adefa_anuario2017_produccion_por_modelo,"ADEFA, producao na Argentina em 2013: 19957 unidades (soma das versoes)."
ar_psa,Argentina,PEUGEOT,207 SEDAN,automoveis,2014-01,2014-12,producao_no_exterior,ano_da_tabela,2014-12,https://www.adefa.org.ar/upload/anuarios/anuario2017/4.pdf#page=8,oficial,207 COMPACT BERLINA - DIESEL 5P 3.739 4.144 2.778 1.878 729 753 159 0 14.180 [...] 207 COMPACT BERLINA - NAFTA 5P 15.349 16.768 16.943 16.094 7.319 6.318 3.983 0 82.774,fabricas_paginas/adefa_anuario2017_produccion_por_modelo,"ADEFA, producao na Argentina em 2014: 8048 unidades (soma das versoes)."
ar_psa,Argentina,PEUGEOT,207 SEDAN,automoveis,2015-01,2015-12,producao_no_exterior,ano_da_tabela,2015-12,https://www.adefa.org.ar/upload/anuarios/anuario2017/4.pdf#page=8,oficial,207 COMPACT BERLINA - DIESEL 5P 3.739 4.144 2.778 1.878 729 753 159 0 14.180 [...] 207 COMPACT BERLINA - NAFTA 5P 15.349 16.768 16.943 16.094 7.319 6.318 3.983 0 82.774,fabricas_paginas/adefa_anuario2017_produccion_por_modelo,"ADEFA, producao na Argentina em 2015: 7071 unidades (soma das versoes)."
ar_psa,Argentina,PEUGEOT,207 SEDAN,automoveis,2016-01,2016-12,producao_no_exterior,ano_da_tabela,2016-12,https://www.adefa.org.ar/upload/anuarios/anuario2017/4.pdf#page=8,oficial,207 COMPACT BERLINA - DIESEL 5P 3.739 4.144 2.778 1.878 729 753 159 0 14.180 [...] 207 COMPACT BERLINA - NAFTA 5P 15.349 16.768 16.943 16.094 7.319 6.318 3.983 0 82.774,fabricas_paginas/adefa_anuario2017_produccion_por_modelo,"ADEFA, producao na Argentina em 2016: 4142 unidades (soma das versoes)."
ar_psa,Argentina,PEUGEOT,307 SEDAN,automoveis,2008-01,2008-12,producao_no_exterior,ano_da_tabela,2008-12,https://www.adefa.org.ar/upload/anuarios/anuario2013/4.pdf#page=9,oficial,PEUGEOT 307 EXPO DIESEL 139 6 20 0 0 0 165 [...] PEUGEOT 307 EXPO NAFTA 22.153 14.191 12.655 3.518 0 0 52.517 [...] PEUGEOT 307 XR 1.6 5P 1.060 0 0 0 0 0 1.060 [...] PEUGEOT 307 XS NAFTA 4.070 0 0 0 0 0 4.070,fabricas_paginas/adefa_anuario2013_produccion_por_modelo,"ADEFA, producao na Argentina em 2008: 27422 unidades (soma das versoes)."
ar_psa,Argentina,PEUGEOT,307 SEDAN,automoveis,2009-01,2009-12,producao_no_exterior,ano_da_tabela,2009-12,https://www.adefa.org.ar/upload/anuarios/anuario2013/4.pdf#page=9,oficial,PEUGEOT 307 EXPO DIESEL 139 6 20 0 0 0 165 [...] PEUGEOT 307 EXPO NAFTA 22.153 14.191 12.655 3.518 0 0 52.517,fabricas_paginas/adefa_anuario2013_produccion_por_modelo,"ADEFA, producao na Argentina em 2009: 14197 unidades (soma das versoes)."
ar_psa,Argentina,PEUGEOT,307 SEDAN,automoveis,2010-01,2010-12,producao_no_exterior,ano_da_tabela,2010-12,https://www.adefa.org.ar/upload/anuarios/anuario2017/4.pdf#page=8,oficial,PEUGEOT 307 EXPO DIESEL 20 0 0 0 0 0 0 0 20 [...] PEUGEOT 307 EXPO NAFTA 12.655 3.518 0 0 0 0 0 0 16.173,fabricas_paginas/adefa_anuario2017_produccion_por_modelo,"ADEFA, producao na Argentina em 2010: 12675 unidades (soma das versoes)."
ar_psa,Argentina,PEUGEOT,307 SEDAN,automoveis,2011-01,2011-12,producao_no_exterior,ano_da_tabela,2011-12,https://www.adefa.org.ar/upload/anuarios/anuario2017/4.pdf#page=8,oficial,PEUGEOT 307 EXPO NAFTA 12.655 3.518 0 0 0 0 0 0 16.173,fabricas_paginas/adefa_anuario2017_produccion_por_modelo,"ADEFA, producao na Argentina em 2011: 3518 unidades (soma das versoes)."
ar_psa,Argentina,PEUGEOT,307,automoveis,2008-01,2008-12,producao_no_exterior,ano_da_tabela,2008-12,https://www.adefa.org.ar/upload/anuarios/anuario2013/4.pdf#page=9,oficial,PEUGEOT 307 EXPO DIESEL 139 6 20 0 0 0 165 [...] PEUGEOT 307 EXPO NAFTA 22.153 14.191 12.655 3.518 0 0 52.517 [...] PEUGEOT 307 XR 1.6 5P 1.060 0 0 0 0 0 1.060 [...] PEUGEOT 307 XS NAFTA 4.070 0 0 0 0 0 4.070,fabricas_paginas/adefa_anuario2013_produccion_por_modelo,"ADEFA, producao na Argentina em 2008: 27422 unidades (soma das versoes)."
ar_psa,Argentina,PEUGEOT,307,automoveis,2009-01,2009-12,producao_no_exterior,ano_da_tabela,2009-12,https://www.adefa.org.ar/upload/anuarios/anuario2013/4.pdf#page=9,oficial,PEUGEOT 307 EXPO DIESEL 139 6 20 0 0 0 165 [...] PEUGEOT 307 EXPO NAFTA 22.153 14.191 12.655 3.518 0 0 52.517,fabricas_paginas/adefa_anuario2013_produccion_por_modelo,"ADEFA, producao na Argentina em 2009: 14197 unidades (soma das versoes)."
ar_psa,Argentina,PEUGEOT,307,automoveis,2010-01,2010-12,producao_no_exterior,ano_da_tabela,2010-12,https://www.adefa.org.ar/upload/anuarios/anuario2017/4.pdf#page=8,oficial,PEUGEOT 307 EXPO DIESEL 20 0 0 0 0 0 0 0 20 [...] PEUGEOT 307 EXPO NAFTA 12.655 3.518 0 0 0 0 0 0 16.173,fabricas_paginas/adefa_anuario2017_produccion_por_modelo,"ADEFA, producao na Argentina em 2010: 12675 unidades (soma das versoes)."
ar_psa,Argentina,PEUGEOT,307,automoveis,2011-01,2011-12,producao_no_exterior,ano_da_tabela,2011-12,https://www.adefa.org.ar/upload/anuarios/anuario2017/4.pdf#page=8,oficial,PEUGEOT 307 EXPO NAFTA 12.655 3.518 0 0 0 0 0 0 16.173,fabricas_paginas/adefa_anuario2017_produccion_por_modelo,"ADEFA, producao na Argentina em 2011: 3518 unidades (soma das versoes)."
ar_psa,Argentina,PEUGEOT,308,automoveis,2011-01,2011-12,producao_no_exterior,ano_da_tabela,2011-12,https://www.adefa.org.ar/upload/anuarios/anuario2017/4.pdf#page=8,oficial,308 - ACTIVE 1.6 N 4P 0 65 2.011 3.878 2.719 2.141 1.581 1.035 13.430 [...] 308 - ACTIVE HDI 4P 0 61 924 1.063 845 2.678 3.506 2.847 11.924 [...] 308 - ALLURE 1.6 N 4P 0 90 6.462 8.737 4.181 2.640 1.983 1.616 25.709 [...] 308 - ALLURE HDI 4P 0 64 2.064 1.397 836 759 389 0 5.509 [...] 308 - FELINE 1.6 N 4P 0 642 3.324 1.722 791 730 1.183 1.330 9.722 [...] 308 - FELINE 1.6 N TIP 4P 0 162 761 0 0 448 1.158 806 3.335 [...] 308 - FELINE HDI 4P 0 142 1.836 1.199 623 829 1.215 1.273 7.117,fabricas_paginas/adefa_anuario2017_produccion_por_modelo,"ADEFA, producao na Argentina em 2011: 1226 unidades (soma das versoes)."
ar_psa,Argentina,PEUGEOT,308,automoveis,2012-01,2012-12,producao_no_exterior,ano_da_tabela,2012-12,https://www.adefa.org.ar/upload/anuarios/anuario2017/4.pdf#page=8,oficial,308 - ACTIVE 1.6 N 4P 0 65 2.011 3.878 2.719 2.141 1.581 1.035 13.430 [...] 308 - ACTIVE HDI 4P 0 61 924 1.063 845 2.678 3.506 2.847 11.924 [...] 308 - ALLURE 1.6 N 4P 0 90 6.462 8.737 4.181 2.640 1.983 1.616 25.709 [...] 308 - ALLURE HDI 4P 0 64 2.064 1.397 836 759 389 0 5.509 [...] 308 - EXPO NAFTA 0 0 14.237 12.011 2.737 2.950 1.529 712 34.176 [...] 308 - FELINE 1.6 N 4P 0 642 3.324 1.722 791 730 1.183 1.330 9.722 [...] 308 - FELINE 1.6 N TIP 4P 0 162 761 0 0 448 1.158 806 3.335 [...] 308 - FELINE HDI 4P 0 142 1.836 1.199 623 829 1.215 1.273 7.117 [...] 308 - SPORT 0 0 465 2.685 1.853 758 0 0 5.761,fabricas_paginas/adefa_anuario2017_produccion_por_modelo,"ADEFA, producao na Argentina em 2012: 32084 unidades (soma das versoes)."
ar_psa,Argentina,PEUGEOT,308,automoveis,2013-01,2013-12,producao_no_exterior,ano_da_tabela,2013-12,https://www.adefa.org.ar/upload/anuarios/anuario2017/4.pdf#page=8,oficial,308 - ACTIVE 1.6 N 4P 0 65 2.011 3.878 2.719 2.141 1.581 1.035 13.430 [...] 308 - ACTIVE HDI 4P 0 61 924 1.063 845 2.678 3.506 2.847 11.924 [...] 308 - ALLURE 1.6 N 4P 0 90 6.462 8.737 4.181 2.640 1.983 1.616 25.709 [...] 308 - ALLURE HDI 4P 0 64 2.064 1.397 836 759 389 0 5.509 [...] 308 - EXPO DIESEL 0 0 0 7 0 0 1 14 22 [...] 308 - EXPO NAFTA 0 0 14.237 12.011 2.737 2.950 1.529 712 34.176 [...] 308 - FELINE 1.6 N 4P 0 642 3.324 1.722 791 730 1.183 1.330 9.722 [...] 308 - FELINE HDI 4P 0 142 1.836 1.199 623 829 1.215 1.273 7.117 [...] 308 - SPORT 0 0 465 2.685 1.853 758 0 0 5.761,fabricas_paginas/adefa_anuario2017_produccion_por_modelo,"ADEFA, producao na Argentina em 2013: 32699 unidades (soma das versoes)."
ar_psa,Argentina,PEUGEOT,308,automoveis,2014-01,2014-12,producao_no_exterior,ano_da_tabela,2014-12,https://www.adefa.org.ar/upload/anuarios/anuario2017/4.pdf#page=8,oficial,308 - ACTIVE 1.6 N 4P 0 65 2.011 3.878 2.719 2.141 1.581 1.035 13.430 [...] 308 - ACTIVE HDI 4P 0 61 924 1.063 845 2.678 3.506 2.847 11.924 [...] 308 - ALLURE 1.6 N 4P 0 90 6.462 8.737 4.181 2.640 1.983 1.616 25.709 [...] 308 - ALLURE HDI 4P 0 64 2.064 1.397 836 759 389 0 5.509 [...] 308 - EXPO NAFTA 0 0 14.237 12.011 2.737 2.950 1.529 712 34.176 [...] 308 - FELINE 1.6 N 4P 0 642 3.324 1.722 791 730 1.183 1.330 9.722 [...] 308 - FELINE HDI 4P 0 142 1.836 1.199 623 829 1.215 1.273 7.117 [...] 308 - SPORT 0 0 465 2.685 1.853 758 0 0 5.761,fabricas_paginas/adefa_anuario2017_produccion_por_modelo,"ADEFA, producao na Argentina em 2014: 14585 unidades (soma das versoes)."
ar_psa,Argentina,PEUGEOT,308,automoveis,2015-01,2015-12,producao_no_exterior,ano_da_tabela,2015-12,https://www.adefa.org.ar/upload/anuarios/anuario2017/4.pdf#page=8,oficial,308 - ACTIVE 1.6 N 4P 0 65 2.011 3.878 2.719 2.141 1.581 1.035 13.430 [...] 308 - ACTIVE HDI 4P 0 61 924 1.063 845 2.678 3.506 2.847 11.924 [...] 308 - ALLURE 1.6 N 4P 0 90 6.462 8.737 4.181 2.640 1.983 1.616 25.709 [...] 308 - ALLURE HDI 4P 0 64 2.064 1.397 836 759 389 0 5.509 [...] 308 - EXPO NAFTA 0 0 14.237 12.011 2.737 2.950 1.529 712 34.176 [...] 308 - FELINE 1.6 N 4P 0 642 3.324 1.722 791 730 1.183 1.330 9.722 [...] 308 - FELINE 1.6 N TIP 4P 0 162 761 0 0 448 1.158 806 3.335 [...] 308 - FELINE HDI 4P 0 142 1.836 1.199 623 829 1.215 1.273 7.117 [...] 308 - SPORT 0 0 465 2.685 1.853 758 0 0 5.761,fabricas_paginas/adefa_anuario2017_produccion_por_modelo,"ADEFA, producao na Argentina em 2015: 13933 unidades (soma das versoes)."
ar_psa,Argentina,PEUGEOT,308,automoveis,2016-01,2016-12,producao_no_exterior,ano_da_tabela,2016-12,https://www.adefa.org.ar/upload/anuarios/anuario2017/4.pdf#page=8,oficial,308 - ACTIVE 1.6 N 4P 0 65 2.011 3.878 2.719 2.141 1.581 1.035 13.430 [...] 308 - ACTIVE HDI 4P 0 61 924 1.063 845 2.678 3.506 2.847 11.924 [...] 308 - ALLURE 1.6 N 4P 0 90 6.462 8.737 4.181 2.640 1.983 1.616 25.709 [...] 308 - ALLURE HDI 4P 0 64 2.064 1.397 836 759 389 0 5.509 [...] 308 - EXPO DIESEL 0 0 0 7 0 0 1 14 22 [...] 308 - EXPO NAFTA 0 0 14.237 12.011 2.737 2.950 1.529 712 34.176 [...] 308 - FELINE 1.6 N 4P 0 642 3.324 1.722 791 730 1.183 1.330 9.722 [...] 308 - FELINE 1.6 N TIP 4P 0 162 761 0 0 448 1.158 806 3.335 [...] 308 - FELINE HDI 4P 0 142 1.836 1.199 623 829 1.215 1.273 7.117,fabricas_paginas/adefa_anuario2017_produccion_por_modelo,"ADEFA, producao na Argentina em 2016: 12545 unidades (soma das versoes)."
ar_psa,Argentina,PEUGEOT,308,automoveis,2017-01,2017-12,producao_no_exterior,ano_da_tabela,2017-12,https://www.adefa.org.ar/upload/anuarios/anuario2017/4.pdf#page=8,oficial,308 - ACTIVE 1.6 N 4P 0 65 2.011 3.878 2.719 2.141 1.581 1.035 13.430 [...] 308 - ACTIVE HDI 4P 0 61 924 1.063 845 2.678 3.506 2.847 11.924 [...] 308 - ALLURE 1.6 N 4P 0 90 6.462 8.737 4.181 2.640 1.983 1.616 25.709 [...] 308 - EXPO DIESEL 0 0 0 7 0 0 1 14 22 [...] 308 - EXPO NAFTA 0 0 14.237 12.011 2.737 2.950 1.529 712 34.176 [...] 308 - FELINE 1.6 N 4P 0 642 3.324 1.722 791 730 1.183 1.330 9.722 [...] 308 - FELINE 1.6 N TIP 4P 0 162 761 0 0 448 1.158 806 3.335 [...] 308 - FELINE HDI 4P 0 142 1.836 1.199 623 829 1.215 1.273 7.117,fabricas_paginas/adefa_anuario2017_produccion_por_modelo,"ADEFA, producao na Argentina em 2017: 9633 unidades (soma das versoes)."
ar_psa,Argentina,PEUGEOT,408,automoveis,2010-01,2010-12,producao_no_exterior,ano_da_tabela,2010-12,https://www.adefa.org.ar/upload/anuarios/anuario2017/4.pdf#page=8,oficial,408 - ALLURE 2.0N 4P 45 2.003 2.240 4.011 1.130 1.677 0 645 11.751 [...] 408 - ALLURE PLUS 2.0N 4P 20 3.460 2.704 2.525 1.414 702 1.089 0 11.914 [...] 408 - ALLURE PLUS TIPTRONIC 2.0N 4P 18 842 572 260 128 789 1.369 890 4.868 [...] 408 - ALLURE TIPTRONIC 2.0N 4P 35 538 104 9 0 401 1.073 1.032 3.192 [...] 408 - EXPO NAFTA 123 14.729 3.245 6.015 347 1.551 784 759 27.553 [...] 408 - FELINE 2.0N 4P 22 1.394 650 510 386 408 707 744 4.821,fabricas_paginas/adefa_anuario2017_produccion_por_modelo,"ADEFA, producao na Argentina em 2010: 263 unidades (soma das versoes)."
ar_psa,Argentina,PEUGEOT,408,automoveis,2011-01,2011-12,producao_no_exterior,ano_da_tabela,2011-12,https://www.adefa.org.ar/upload/anuarios/anuario2017/4.pdf#page=8,oficial,408 - ALLURE 1.6 HDI 0 1.220 931 918 415 827 1.650 923 6.884 [...] 408 - ALLURE 2.0N 4P 45 2.003 2.240 4.011 1.130 1.677 0 645 11.751 [...] 408 - ALLURE PLUS 1.6 HDI 0 1.343 1.075 901 378 407 981 941 6.026 [...] 408 - ALLURE PLUS 2.0N 4P 20 3.460 2.704 2.525 1.414 702 1.089 0 11.914 [...] 408 - ALLURE PLUS TIPTRONIC 2.0N 4P 18 842 572 260 128 789 1.369 890 4.868 [...] 408 - ALLURE TIPTRONIC 2.0N 4P 35 538 104 9 0 401 1.073 1.032 3.192 [...] 408 - EXPO NAFTA 123 14.729 3.245 6.015 347 1.551 784 759 27.553 [...] 408 - FELINE 1.6 HDI 0 548 683 408 214 81 0 0 1.934 [...] 408 - FELINE 2.0N 4P 22 1.394 650 510 386 408 707 744 4.821 [...] 408 - SPORT 0 533 1.385 975 555 267 0 0 3.715,fabricas_paginas/adefa_anuario2017_produccion_por_modelo,"ADEFA, producao na Argentina em 2011: 26610 unidades (soma das versoes)."
ar_psa,Argentina,PEUGEOT,408,automoveis,2012-01,2012-12,producao_no_exterior,ano_da_tabela,2012-12,https://www.adefa.org.ar/upload/anuarios/anuario2017/4.pdf#page=8,oficial,408 - ALLURE 1.6 HDI 0 1.220 931 918 415 827 1.650 923 6.884 [...] 408 - ALLURE 2.0N 4P 45 2.003 2.240 4.011 1.130 1.677 0 645 11.751 [...] 408 - ALLURE PLUS 1.6 HDI 0 1.343 1.075 901 378 407 981 941 6.026 [...] 408 - ALLURE PLUS 2.0N 4P 20 3.460 2.704 2.525 1.414 702 1.089 0 11.914 [...] 408 - ALLURE PLUS TIPTRONIC 2.0N 4P 18 842 572 260 128 789 1.369 890 4.868 [...] 408 - ALLURE TIPTRONIC 2.0N 4P 35 538 104 9 0 401 1.073 1.032 3.192 [...] 408 - EXPO DIESEL 0 0 5 4 0 0 0 0 9 [...] 408 - EXPO NAFTA 123 14.729 3.245 6.015 347 1.551 784 759 27.553 [...] 408 - FELINE 1.6 HDI 0 548 683 408 214 81 0 0 1.934 [...] 408 - FELINE 2.0N 4P 22 1.394 650 510 386 408 707 744 4.821 [...] 408 - SPORT 0 533 1.385 975 555 267 0 0 3.715,fabricas_paginas/adefa_anuario2017_produccion_por_modelo,"ADEFA, producao na Argentina em 2012: 13594 unidades (soma das versoes)."
ar_psa,Argentina,PEUGEOT,408,automoveis,2013-01,2013-12,producao_no_exterior,ano_da_tabela,2013-12,https://www.adefa.org.ar/upload/anuarios/anuario2017/4.pdf#page=8,oficial,408 - ALLURE 1.6 HDI 0 1.220 931 918 415 827 1.650 923 6.884 [...] 408 - ALLURE 2.0N 4P 45 2.003 2.240 4.011 1.130 1.677 0 645 11.751 [...] 408 - ALLURE PLUS 1.6 HDI 0 1.343 1.075 901 378 407 981 941 6.026 [...] 408 - ALLURE PLUS 2.0N 4P 20 3.460 2.704 2.525 1.414 702 1.089 0 11.914 [...] 408 - ALLURE PLUS TIPTRONIC 2.0N 4P 18 842 572 260 128 789 1.369 890 4.868 [...] 408 - ALLURE TIPTRONIC 2.0N 4P 35 538 104 9 0 401 1.073 1.032 3.192 [...] 408 - EXPO DIESEL 0 0 5 4 0 0 0 0 9 [...] 408 - EXPO NAFTA 123 14.729 3.245 6.015 347 1.551 784 759 27.553 [...] 408 - FELINE 1.6 HDI 0 548 683 408 214 81 0 0 1.934 [...] 408 - FELINE 2.0N 4P 22 1.394 650 510 386 408 707 744 4.821 [...] 408 - SPORT 0 533 1.385 975 555 267 0 0 3.715,fabricas_paginas/adefa_anuario2017_produccion_por_modelo,"ADEFA, producao na Argentina em 2013: 16536 unidades (soma das versoes)."
ar_psa,Argentina,PEUGEOT,408,automoveis,2014-01,2014-12,producao_no_exterior,ano_da_tabela,2014-12,https://www.adefa.org.ar/upload/anuarios/anuario2017/4.pdf#page=8,oficial,408 - ALLURE 1.6 HDI 0 1.220 931 918 415 827 1.650 923 6.884 [...] 408 - ALLURE 2.0N 4P 45 2.003 2.240 4.011 1.130 1.677 0 645 11.751 [...] 408 - ALLURE PLUS 1.6 HDI 0 1.343 1.075 901 378 407 981 941 6.026 [...] 408 - ALLURE PLUS 2.0N 4P 20 3.460 2.704 2.525 1.414 702 1.089 0 11.914 [...] 408 - ALLURE PLUS TIPTRONIC 2.0N 4P 18 842 572 260 128 789 1.369 890 4.868 [...] 408 - EXPO NAFTA 123 14.729 3.245 6.015 347 1.551 784 759 27.553 [...] 408 - FELINE 1.6 HDI 0 548 683 408 214 81 0 0 1.934 [...] 408 - FELINE 2.0N 4P 22 1.394 650 510 386 408 707 744 4.821 [...] 408 - SPORT 0 533 1.385 975 555 267 0 0 3.715,fabricas_paginas/adefa_anuario2017_produccion_por_modelo,"ADEFA, producao na Argentina em 2014: 4967 unidades (soma das versoes)."
ar_psa,Argentina,PEUGEOT,408,automoveis,2015-01,2015-12,producao_no_exterior,ano_da_tabela,2015-12,https://www.adefa.org.ar/upload/anuarios/anuario2017/4.pdf#page=8,oficial,408 - ALLURE 1.6 HDI 0 1.220 931 918 415 827 1.650 923 6.884 [...] 408 - ALLURE 2.0N 4P 45 2.003 2.240 4.011 1.130 1.677 0 645 11.751 [...] 408 - ALLURE PLUS 1.6 HDI 0 1.343 1.075 901 378 407 981 941 6.026 [...] 408 - ALLURE PLUS 2.0N 4P 20 3.460 2.704 2.525 1.414 702 1.089 0 11.914 [...] 408 - ALLURE PLUS TIPTRONIC 2.0N 4P 18 842 572 260 128 789 1.369 890 4.868 [...] 408 - ALLURE TIPTRONIC 2.0N 4P 35 538 104 9 0 401 1.073 1.032 3.192 [...] 408 - EXPO NAFTA 123 14.729 3.245 6.015 347 1.551 784 759 27.553 [...] 408 - FELINE 1.6 HDI 0 548 683 408 214 81 0 0 1.934 [...] 408 - FELINE 2.0N 4P 22 1.394 650 510 386 408 707 744 4.821 [...] 408 - SPORT 0 533 1.385 975 555 267 0 0 3.715,fabricas_paginas/adefa_anuario2017_produccion_por_modelo,"ADEFA, producao na Argentina em 2015: 7110 unidades (soma das versoes)."
ar_psa,Argentina,PEUGEOT,408,automoveis,2016-01,2016-12,producao_no_exterior,ano_da_tabela,2016-12,https://www.adefa.org.ar/upload/anuarios/anuario2017/4.pdf#page=8,oficial,408 - ALLURE 1.6 HDI 0 1.220 931 918 415 827 1.650 923 6.884 [...] 408 - ALLURE PLUS 1.6 HDI 0 1.343 1.075 901 378 407 981 941 6.026 [...] 408 - ALLURE PLUS 2.0N 4P 20 3.460 2.704 2.525 1.414 702 1.089 0 11.914 [...] 408 - ALLURE PLUS TIPTRONIC 2.0N 4P 18 842 572 260 128 789 1.369 890 4.868 [...] 408 - ALLURE TIPTRONIC 2.0N 4P 35 538 104 9 0 401 1.073 1.032 3.192 [...] 408 - EXPO NAFTA 123 14.729 3.245 6.015 347 1.551 784 759 27.553 [...] 408 - FELINE 2.0N 4P 22 1.394 650 510 386 408 707 744 4.821,fabricas_paginas/adefa_anuario2017_produccion_por_modelo,"ADEFA, producao na Argentina em 2016: 7653 unidades (soma das versoes)."
ar_psa,Argentina,PEUGEOT,408,automoveis,2017-01,2017-12,producao_no_exterior,ano_da_tabela,2017-12,https://www.adefa.org.ar/upload/anuarios/anuario2017/4.pdf#page=8,oficial,408 - ALLURE 1.6 HDI 0 1.220 931 918 415 827 1.650 923 6.884 [...] 408 - ALLURE 2.0N 4P 45 2.003 2.240 4.011 1.130 1.677 0 645 11.751 [...] 408 - ALLURE PLUS 1.6 HDI 0 1.343 1.075 901 378 407 981 941 6.026 [...] 408 - ALLURE PLUS TIPTRONIC 2.0N 4P 18 842 572 260 128 789 1.369 890 4.868 [...] 408 - ALLURE TIPTRONIC 2.0N 4P 35 538 104 9 0 401 1.073 1.032 3.192 [...] 408 - EXPO NAFTA 123 14.729 3.245 6.015 347 1.551 784 759 27.553 [...] 408 - FELINE 2.0N 4P 22 1.394 650 510 386 408 707 744 4.821,fabricas_paginas/adefa_anuario2017_produccion_por_modelo,"ADEFA, producao na Argentina em 2017: 5934 unidades (soma das versoes)."
ar_psa,Argentina,PEUGEOT,PARTNER,comerciais_leves,2008-01,2008-12,producao_no_exterior,ano_da_tabela,2008-12,https://www.adefa.org.ar/upload/anuarios/anuario2013/4.pdf#page=9,oficial,PEUGEOT PARTNER PATAGóNICA - DIESEL 2.022 1.252 32 0 2.868 3.331 9.505 [...] PEUGEOT PARTNER URBANA 558 124 3 0 0 0 685 [...] PARTNER - FURGóN 1.4 N 1 463 21 0 0 0 485 [...] PARTNER - FURGóN 1.4 N PRESENCE 1.433 617 415 607 0 0 3.072 [...] PEUGEOT PARTNER D - FURGóN DIESEL 38 0 0 0 0 98 136 [...] PEUGEOT PARTNER D PLC - FURGóN DIESEL 4.680 0 0 0 5.894 5.732 16.306 [...] PEUGEOT PARTNER N - FURGóN 1.868 0 0 0 6.085 6.246 14.199 [...] PARTNER - FURGóN 1.4 N 510 0 0 0 0 0 510 [...] PARTNER - FURGóN 1.4 N PRESENCE 1.311 0 0 0 0 0 1.311,fabricas_paginas/adefa_anuario2013_produccion_por_modelo,"ADEFA, producao na Argentina em 2008: 12421 unidades (soma das versoes)."
ar_psa,Argentina,PEUGEOT,PARTNER,comerciais_leves,2009-01,2009-12,producao_no_exterior,ano_da_tabela,2009-12,https://www.adefa.org.ar/upload/anuarios/anuario2013/4.pdf#page=9,oficial,PEUGEOT PARTNER PATAGóNICA - DIESEL 2.022 1.252 32 0 2.868 3.331 9.505 [...] PEUGEOT PARTNER URBANA 558 124 3 0 0 0 685 [...] PARTNER - 1.8 N - FURGóN 0 405 4.502 4.454 0 0 9.361 [...] PARTNER - 1.9 D - FURGóN 0 14 0 0 0 0 14 [...] PARTNER - FURGóN 1.4 N 1 463 21 0 0 0 485 [...] PARTNER - FURGóN 1.4 N PRESENCE 1.433 617 415 607 0 0 3.072 [...] PARTNER - FURGóN 1.9 D CONFORT PLC 0 3.398 156 0 0 0 3.554 [...] PARTNER - FURGóN 1.9 D PRESENCE 0 14 4 0 0 0 18 [...] PARTNER - FURGóN 1.9 D PRESENCE PLC 0 181 14 0 0 0 195,fabricas_paginas/adefa_anuario2013_produccion_por_modelo,"ADEFA, producao na Argentina em 2009: 6468 unidades (soma das versoes)."
ar_psa,Argentina,PEUGEOT,PARTNER,comerciais_leves,2010-01,2010-12,producao_no_exterior,ano_da_tabela,2010-12,https://www.adefa.org.ar/upload/anuarios/anuario2017/4.pdf#page=8,oficial,PARTNER - PATAGóNICA 1.6 HDI VTC 2.170 2.118 0 0 0 0 0 0 4.288 [...] PARTNER PATAGONICA N 1.266 2.771 3.454 3.878 2.407 1.933 2.977 2.221 20.907 [...] PEUGEOT PARTNER PATAGóNICA - DIESEL 32 0 2.868 3.331 2.394 2.108 3.083 3.289 17.105 [...] PEUGEOT PARTNER URBANA 3 0 0 0 0 0 0 0 3 [...] PARTNER - 1.8 N - FURGóN 4.502 4.454 0 0 0 0 0 0 8.956 [...] PARTNER - FURGóN 1.4 N 21 0 0 0 0 0 0 0 21 [...] PARTNER - FURGóN 1.4 N PRESENCE 415 607 0 0 0 0 0 0 1.022 [...] PARTNER - FURGóN 1.9 D CONFORT PLC 156 0 0 0 0 0 0 0 156 [...] PARTNER - FURGóN 1.9 D PRESENCE 4 0 0 0 0 0 0 0 4 [...] PARTNER - FURGóN 1.9 D PRESENCE PLC 14 0 0 0 0 0 0 0 14 [...] PARTNER - FURGóN 1.6 HDI CONFORT 3.511 4.610 0 0 0 0 0 0 8.121 [...] PARTNER - FURGóN 1.6 HDI PRESENCE PLC 1.002 603 0 0 0 0 0 0 1.605,fabricas_paginas/adefa_anuario2017_produccion_por_modelo,"ADEFA, producao na Argentina em 2010: 13096 unidades (soma das versoes)."
ar_psa,Argentina,PEUGEOT,PARTNER,comerciais_leves,2011-01,2011-12,producao_no_exterior,ano_da_tabela,2011-12,https://www.adefa.org.ar/upload/anuarios/anuario2017/4.pdf#page=8,oficial,PARTNER - PATAGóNICA 1.6 HDI VTC 2.170 2.118 0 0 0 0 0 0 4.288 [...] PARTNER PATAGONICA N 1.266 2.771 3.454 3.878 2.407 1.933 2.977 2.221 20.907 [...] PARTNER - 1.8 N - FURGóN 4.502 4.454 0 0 0 0 0 0 8.956 [...] PARTNER - FURGóN 1.4 N PRESENCE 415 607 0 0 0 0 0 0 1.022 [...] PARTNER - FURGóN 1.6 HDI CONFORT 3.511 4.610 0 0 0 0 0 0 8.121 [...] PARTNER - FURGóN 1.6 HDI PRESENCE PLC 1.002 603 0 0 0 0 0 0 1.605,fabricas_paginas/adefa_anuario2017_produccion_por_modelo,"ADEFA, producao na Argentina em 2011: 15163 unidades (soma das versoes)."
ar_psa,Argentina,PEUGEOT,PARTNER,comerciais_leves,2012-01,2012-12,producao_no_exterior,ano_da_tabela,2012-12,https://www.adefa.org.ar/upload/anuarios/anuario2017/4.pdf#page=8,oficial,PARTNER PATAGONICA N 1.266 2.771 3.454 3.878 2.407 1.933 2.977 2.221 20.907 [...] PEUGEOT PARTNER PATAGóNICA - DIESEL 32 0 2.868 3.331 2.394 2.108 3.083 3.289 17.105 [...] PARTNER FURGON CONFORT 1.6 HDI 0 0 5.894 5.732 3.197 3.655 6.229 4.522 29.229 [...] PARTNER FURGON CONFORT 1.4 0 0 6.085 6.246 3.421 2.498 4.302 3.375 25.927,fabricas_paginas/adefa_anuario2017_produccion_por_modelo,"ADEFA, producao na Argentina em 2012: 18301 unidades (soma das versoes)."
ar_psa,Argentina,PEUGEOT,PARTNER,comerciais_leves,2013-01,2013-12,producao_no_exterior,ano_da_tabela,2013-12,https://www.adefa.org.ar/upload/anuarios/anuario2017/4.pdf#page=8,oficial,PARTNER PATAGONICA N 1.266 2.771 3.454 3.878 2.407 1.933 2.977 2.221 20.907 [...] PEUGEOT PARTNER PATAGóNICA - DIESEL 32 0 2.868 3.331 2.394 2.108 3.083 3.289 17.105 [...] PEUGEOT PARTNER D - FURGóN DIESEL 0 0 0 98 0 0 0 0 98 [...] PARTNER FURGON CONFORT 1.6 HDI 0 0 5.894 5.732 3.197 3.655 6.229 4.522 29.229 [...] PARTNER FURGON CONFORT 1.4 0 0 6.085 6.246 3.421 2.498 4.302 3.375 25.927,fabricas_paginas/adefa_anuario2017_produccion_por_modelo,"ADEFA, producao na Argentina em 2013: 19285 unidades (soma das versoes)."
ar_psa,Argentina,PEUGEOT,PARTNER,comerciais_leves,2014-01,2014-12,producao_no_exterior,ano_da_tabela,2014-12,https://www.adefa.org.ar/upload/anuarios/anuario2017/4.pdf#page=8,oficial,PARTNER PATAGONICA N 1.266 2.771 3.454 3.878 2.407 1.933 2.977 2.221 20.907 [...] PEUGEOT PARTNER PATAGóNICA - DIESEL 32 0 2.868 3.331 2.394 2.108 3.083 3.289 17.105 [...] PARTNER FURGON CONFORT 1.6 HDI 0 0 5.894 5.732 3.197 3.655 6.229 4.522 29.229 [...] PARTNER FURGON CONFORT 1.4 0 0 6.085 6.246 3.421 2.498 4.302 3.375 25.927,fabricas_paginas/adefa_anuario2017_produccion_por_modelo,"ADEFA, producao na Argentina em 2014: 11419 unidades (soma das versoes)."
ar_psa,Argentina,PEUGEOT,PARTNER,comerciais_leves,2015-01,2015-12,producao_no_exterior,ano_da_tabela,2015-12,https://www.adefa.org.ar/upload/anuarios/anuario2017/4.pdf#page=8,oficial,PARTNER PATAGONICA N 1.266 2.771 3.454 3.878 2.407 1.933 2.977 2.221 20.907 [...] PEUGEOT PARTNER PATAGóNICA - DIESEL 32 0 2.868 3.331 2.394 2.108 3.083 3.289 17.105 [...] PARTNER FURGON CONFORT 1.6 HDI 0 0 5.894 5.732 3.197 3.655 6.229 4.522 29.229 [...] PARTNER FURGON CONFORT 1.4 0 0 6.085 6.246 3.421 2.498 4.302 3.375 25.927,fabricas_paginas/adefa_anuario2017_produccion_por_modelo,"ADEFA, producao na Argentina em 2015: 10194 unidades (soma das versoes)."
ar_psa,Argentina,PEUGEOT,PARTNER,comerciais_leves,2016-01,2016-12,producao_no_exterior,ano_da_tabela,2016-12,https://www.adefa.org.ar/upload/anuarios/anuario2017/4.pdf#page=8,oficial,PARTNER PATAGONICA N 1.266 2.771 3.454 3.878 2.407 1.933 2.977 2.221 20.907 [...] PEUGEOT PARTNER PATAGóNICA - DIESEL 32 0 2.868 3.331 2.394 2.108 3.083 3.289 17.105 [...] PARTNER FURGON CONFORT 1.6 HDI 0 0 5.894 5.732 3.197 3.655 6.229 4.522 29.229 [...] PARTNER FURGON CONFORT 1.4 0 0 6.085 6.246 3.421 2.498 4.302 3.375 25.927,fabricas_paginas/adefa_anuario2017_produccion_por_modelo,"ADEFA, producao na Argentina em 2016: 16591 unidades (soma das versoes)."
ar_psa,Argentina,PEUGEOT,PARTNER,comerciais_leves,2017-01,2017-12,producao_no_exterior,ano_da_tabela,2017-12,https://www.adefa.org.ar/upload/anuarios/anuario2017/4.pdf#page=8,oficial,PARTNER PATAGONICA N 1.266 2.771 3.454 3.878 2.407 1.933 2.977 2.221 20.907 [...] PEUGEOT PARTNER PATAGóNICA - DIESEL 32 0 2.868 3.331 2.394 2.108 3.083 3.289 17.105 [...] PARTNER FURGON CONFORT 1.6 HDI 0 0 5.894 5.732 3.197 3.655 6.229 4.522 29.229 [...] PARTNER FURGON CONFORT 1.4 0 0 6.085 6.246 3.421 2.498 4.302 3.375 25.927 [...] PARTNER FURGON FURGóN 1.4 N PRESéNSE 0 0 0 0 0 0 0 162 162 [...] PARTNER FURGON FURGóN EXPO DIESEL 0 0 0 0 0 0 0 81 81 [...] PARTNER FURGON FURGóN EXPO NAFTA 0 0 0 0 0 0 0 1.183 1.183,fabricas_paginas/adefa_anuario2017_produccion_por_modelo,"ADEFA, producao na Argentina em 2017: 14833 unidades (soma das versoes)."
ar_psa,Argentina,PEUGEOT,PARTNER,comerciais_leves,2018-01,2018-12,producao_no_exterior,ano_da_tabela,2018-12,https://www.adefa.org.ar/upload/anuarios/anuario2025/4.pdf#page=9,oficial,PARTNER 9.242 3.307 3.322 5.241 4.104 3.974 2.767 3.649 35.606,fabricas_paginas/adefa_anuario2025_produccion_por_modelo,"ADEFA, producao na Argentina em 2018: 9242 unidades (soma das versoes)."
ar_psa,Argentina,PEUGEOT,PARTNER,comerciais_leves,2019-01,2019-12,producao_no_exterior,ano_da_tabela,2019-12,https://www.adefa.org.ar/upload/anuarios/anuario2025/4.pdf#page=9,oficial,PARTNER 9.242 3.307 3.322 5.241 4.104 3.974 2.767 3.649 35.606,fabricas_paginas/adefa_anuario2025_produccion_por_modelo,"ADEFA, producao na Argentina em 2019: 3307 unidades (soma das versoes)."
ar_psa,Argentina,PEUGEOT,PARTNER,comerciais_leves,2020-01,2020-12,producao_no_exterior,ano_da_tabela,2020-12,https://www.adefa.org.ar/upload/anuarios/anuario2025/4.pdf#page=9,oficial,PARTNER 9.242 3.307 3.322 5.241 4.104 3.974 2.767 3.649 35.606,fabricas_paginas/adefa_anuario2025_produccion_por_modelo,"ADEFA, producao na Argentina em 2020: 3322 unidades (soma das versoes)."
ar_psa,Argentina,PEUGEOT,PARTNER,comerciais_leves,2021-01,2021-12,producao_no_exterior,ano_da_tabela,2021-12,https://www.adefa.org.ar/upload/anuarios/anuario2025/4.pdf#page=9,oficial,PARTNER 9.242 3.307 3.322 5.241 4.104 3.974 2.767 3.649 35.606,fabricas_paginas/adefa_anuario2025_produccion_por_modelo,"ADEFA, producao na Argentina em 2021: 5241 unidades (soma das versoes)."
ar_psa,Argentina,PEUGEOT,PARTNER,comerciais_leves,2022-01,2022-12,producao_no_exterior,ano_da_tabela,2022-12,https://www.adefa.org.ar/upload/anuarios/anuario2025/4.pdf#page=9,oficial,PARTNER 9.242 3.307 3.322 5.241 4.104 3.974 2.767 3.649 35.606,fabricas_paginas/adefa_anuario2025_produccion_por_modelo,"ADEFA, producao na Argentina em 2022: 4104 unidades (soma das versoes)."
ar_psa,Argentina,PEUGEOT,PARTNER,comerciais_leves,2023-01,2023-12,producao_no_exterior,ano_da_tabela,2023-12,https://www.adefa.org.ar/upload/anuarios/anuario2025/4.pdf#page=9,oficial,PARTNER 9.242 3.307 3.322 5.241 4.104 3.974 2.767 3.649 35.606,fabricas_paginas/adefa_anuario2025_produccion_por_modelo,"ADEFA, producao na Argentina em 2023: 3974 unidades (soma das versoes)."
ar_psa,Argentina,PEUGEOT,PARTNER,comerciais_leves,2024-01,2024-12,producao_no_exterior,ano_da_tabela,2024-12,https://www.adefa.org.ar/upload/anuarios/anuario2025/4.pdf#page=9,oficial,PARTNER 9.242 3.307 3.322 5.241 4.104 3.974 2.767 3.649 35.606,fabricas_paginas/adefa_anuario2025_produccion_por_modelo,"ADEFA, producao na Argentina em 2024: 2767 unidades (soma das versoes)."
ar_psa,Argentina,PEUGEOT,PARTNER,comerciais_leves,2025-01,2025-12,producao_no_exterior,ano_da_tabela,2025-12,https://www.adefa.org.ar/upload/anuarios/anuario2025/4.pdf#page=9,oficial,PARTNER 9.242 3.307 3.322 5.241 4.104 3.974 2.767 3.649 35.606,fabricas_paginas/adefa_anuario2025_produccion_por_modelo,"ADEFA, producao na Argentina em 2025: 3649 unidades (soma das versoes)."
ar_fiat,Argentina,RAM,DAKOTA,comerciais_leves,2025-01,2025-12,producao_no_exterior,ano_da_tabela,2025-12,https://www.adefa.org.ar/upload/anuarios/anuario2025/4.pdf#page=9,oficial,DAKOTA 0 0 0 0 0 0 0 9.464 9.464,fabricas_paginas/adefa_anuario2025_produccion_por_modelo,"ADEFA, producao na Argentina em 2025: 9464 unidades (soma das versoes)."
ar_renault,Argentina,RENAULT,CLIO,automoveis,2008-01,2008-12,producao_no_exterior,ano_da_tabela,2008-12,https://www.adefa.org.ar/upload/anuarios/anuario2013/4.pdf#page=9,oficial,RENAULT CLIO II 4P. / 5P. NAFTA 23.629 0 0 0 0 0 23.629 [...] RENAULT CLIO II AUT/EXP 4P. / 5P.DIESEL 504 0 0 0 0 0 504 [...] RENAULT CLIO II PRIVILEGE 4P. / 5P. NAFTA 1.761 0 0 0 0 0 1.761 [...] RENAULT CLIO II RN 3P. / 4P. / 5P 6.222 5.937 13.323 10.110 6.336 6.596 48.524 [...] RENAULT CLIO II - YAHOO 3P NAFTA 5.197 3.034 4.321 6.099 4.916 0 23.567,fabricas_paginas/adefa_anuario2013_produccion_por_modelo,"ADEFA, producao na Argentina em 2008: 37313 unidades (soma das versoes)."
ar_renault,Argentina,RENAULT,CLIO,automoveis,2009-01,2009-12,producao_no_exterior,ano_da_tabela,2009-12,https://www.adefa.org.ar/upload/anuarios/anuario2013/4.pdf#page=9,oficial,RENAULT CLIO II AUT/EXP 4P. / 5P. NAFTA 0 19.411 29.801 26.790 25.734 21.446 123.182 [...] RENAULT CLIO II RN 3P. / 4P. / 5P 6.222 5.937 13.323 10.110 6.336 6.596 48.524 [...] RENAULT CLIO II - YAHOO 3P NAFTA 5.197 3.034 4.321 6.099 4.916 0 23.567,fabricas_paginas/adefa_anuario2013_produccion_por_modelo,"ADEFA, producao na Argentina em 2009: 28382 unidades (soma das versoes)."
ar_renault,Argentina,RENAULT,CLIO,automoveis,2010-01,2010-12,producao_no_exterior,ano_da_tabela,2010-12,https://www.adefa.org.ar/upload/anuarios/anuario2017/4.pdf#page=8,oficial,RENAULT CLIO II AUT/EXP 4P. / 5P. NAFTA 29.801 26.790 25.734 21.446 17.338 16.052 4.317 0 141.478 [...] RENAULT CLIO II RN 3P. / 4P. / 5P 13.323 10.110 6.336 6.596 3.635 370 0 0 40.370 [...] RENAULT CLIO II - YAHOO 3P NAFTA 4.321 6.099 4.916 0 0 0 0 0 15.336,fabricas_paginas/adefa_anuario2017_produccion_por_modelo,"ADEFA, producao na Argentina em 2010: 47445 unidades (soma das versoes)."
ar_renault,Argentina,RENAULT,CLIO,automoveis,2011-01,2011-12,producao_no_exterior,ano_da_tabela,2011-12,https://www.adefa.org.ar/upload/anuarios/anuario2017/4.pdf#page=8,oficial,RENAULT CLIO II AUT/EXP 4P. / 5P. NAFTA 29.801 26.790 25.734 21.446 17.338 16.052 4.317 0 141.478 [...] RENAULT CLIO II RN 3P. / 4P. / 5P 13.323 10.110 6.336 6.596 3.635 370 0 0 40.370 [...] RENAULT CLIO II - YAHOO 3P NAFTA 4.321 6.099 4.916 0 0 0 0 0 15.336,fabricas_paginas/adefa_anuario2017_produccion_por_modelo,"ADEFA, producao na Argentina em 2011: 42999 unidades (soma das versoes)."
ar_renault,Argentina,RENAULT,CLIO,automoveis,2012-01,2012-12,producao_no_exterior,ano_da_tabela,2012-12,https://www.adefa.org.ar/upload/anuarios/anuario2017/4.pdf#page=8,oficial,RENAULT CLIO II AUT/EXP 4P. / 5P. NAFTA 29.801 26.790 25.734 21.446 17.338 16.052 4.317 0 141.478 [...] RENAULT CLIO II RN 3P. / 4P. / 5P 13.323 10.110 6.336 6.596 3.635 370 0 0 40.370 [...] RENAULT CLIO II - YAHOO 3P NAFTA 4.321 6.099 4.916 0 0 0 0 0 15.336 [...] NUEVO CLIO MIO + MIO 3P 0 0 2.110 10.273 4.099 4.134 5.692 0 26.308 [...] NUEVO CLIO MIO - MIO 5P 0 0 3.239 24.287 20.004 18.408 19.544 0 85.482,fabricas_paginas/adefa_anuario2017_produccion_por_modelo,"ADEFA, producao na Argentina em 2012: 42335 unidades (soma das versoes)."
ar_renault,Argentina,RENAULT,CLIO,automoveis,2013-01,2013-12,producao_no_exterior,ano_da_tabela,2013-12,https://www.adefa.org.ar/upload/anuarios/anuario2017/4.pdf#page=8,oficial,RENAULT CLIO II AUT/EXP 4P. / 5P. NAFTA 29.801 26.790 25.734 21.446 17.338 16.052 4.317 0 141.478 [...] RENAULT CLIO II RN 3P. / 4P. / 5P 13.323 10.110 6.336 6.596 3.635 370 0 0 40.370 [...] NUEVO CLIO MIO + MIO 3P 0 0 2.110 10.273 4.099 4.134 5.692 0 26.308 [...] NUEVO CLIO MIO - MIO 5P 0 0 3.239 24.287 20.004 18.408 19.544 0 85.482,fabricas_paginas/adefa_anuario2017_produccion_por_modelo,"ADEFA, producao na Argentina em 2013: 62602 unidades (soma das versoes)."
ar_renault,Argentina,RENAULT,CLIO,automoveis,2014-01,2014-12,producao_no_exterior,ano_da_tabela,2014-12,https://www.adefa.org.ar/upload/anuarios/anuario2017/4.pdf#page=8,oficial,RENAULT CLIO II AUT/EXP 4P. / 5P. NAFTA 29.801 26.790 25.734 21.446 17.338 16.052 4.317 0 141.478 [...] RENAULT CLIO II RN 3P. / 4P. / 5P 13.323 10.110 6.336 6.596 3.635 370 0 0 40.370 [...] NUEVO CLIO MIO + MIO 3P 0 0 2.110 10.273 4.099 4.134 5.692 0 26.308 [...] NUEVO CLIO MIO - MIO 5P 0 0 3.239 24.287 20.004 18.408 19.544 0 85.482,fabricas_paginas/adefa_anuario2017_produccion_por_modelo,"ADEFA, producao na Argentina em 2014: 45076 unidades (soma das versoes)."
ar_renault,Argentina,RENAULT,CLIO,automoveis,2015-01,2015-12,producao_no_exterior,ano_da_tabela,2015-12,https://www.adefa.org.ar/upload/anuarios/anuario2017/4.pdf#page=8,oficial,RENAULT CLIO II AUT/EXP 4P. / 5P. NAFTA 29.801 26.790 25.734 21.446 17.338 16.052 4.317 0 141.478 [...] RENAULT CLIO II RN 3P. / 4P. / 5P 13.323 10.110 6.336 6.596 3.635 370 0 0 40.370 [...] NUEVO CLIO MIO + MIO 3P 0 0 2.110 10.273 4.099 4.134 5.692 0 26.308 [...] NUEVO CLIO MIO - MIO 5P 0 0 3.239 24.287 20.004 18.408 19.544 0 85.482,fabricas_paginas/adefa_anuario2017_produccion_por_modelo,"ADEFA, producao na Argentina em 2015: 38964 unidades (soma das versoes)."
ar_renault,Argentina,RENAULT,CLIO,automoveis,2016-01,2016-12,producao_no_exterior,ano_da_tabela,2016-12,https://www.adefa.org.ar/upload/anuarios/anuario2017/4.pdf#page=8,oficial,RENAULT CLIO II AUT/EXP 4P. / 5P. NAFTA 29.801 26.790 25.734 21.446 17.338 16.052 4.317 0 141.478 [...] NUEVO CLIO MIO + MIO 3P 0 0 2.110 10.273 4.099 4.134 5.692 0 26.308 [...] NUEVO CLIO MIO - MIO 5P 0 0 3.239 24.287 20.004 18.408 19.544 0 85.482,fabricas_paginas/adefa_anuario2017_produccion_por_modelo,"ADEFA, producao na Argentina em 2016: 29553 unidades (soma das versoes)."
ar_renault,Argentina,RENAULT,FLUENCE,automoveis,2010-01,2010-12,producao_no_exterior,ano_da_tabela,2010-12,https://www.adefa.org.ar/upload/anuarios/anuario2017/4.pdf#page=8,oficial,FLUENCE - CONFORT 1.6 618 4.278 4.864 1.835 23 0 0 0 11.618 [...] FLUENCE - DYNAMIQUE 2.0 295 11.351 10.631 1.612 877 2 0 0 24.768 [...] FLUENCE - LUXE 2.0 221 6.018 3.312 1.228 589 0 0 0 11.368 [...] FLUENCE - PRIVILEGE 2.0 202 3.286 1.116 870 406 0 0 0 5.880 [...] FLUENCE - PRIVILEGE AT 2.0 391 3.450 5.074 642 230 0 0 0 9.787,fabricas_paginas/adefa_anuario2017_produccion_por_modelo,"ADEFA, producao na Argentina em 2010: 1727 unidades (soma das versoes)."
ar_renault,Argentina,RENAULT,FLUENCE,automoveis,2011-01,2011-12,producao_no_exterior,ano_da_tabela,2011-12,https://www.adefa.org.ar/upload/anuarios/anuario2017/4.pdf#page=8,oficial,FLUENCE - CONFORT 1.6 618 4.278 4.864 1.835 23 0 0 0 11.618 [...] FLUENCE - DYNAMIQUE 2.0 295 11.351 10.631 1.612 877 2 0 0 24.768 [...] FLUENCE - LUXE 2.0 221 6.018 3.312 1.228 589 0 0 0 11.368 [...] FLUENCE - PRIVILEGE 2.0 202 3.286 1.116 870 406 0 0 0 5.880 [...] FLUENCE - PRIVILEGE AT 2.0 391 3.450 5.074 642 230 0 0 0 9.787,fabricas_paginas/adefa_anuario2017_produccion_por_modelo,"ADEFA, producao na Argentina em 2011: 28383 unidades (soma das versoes)."
ar_renault,Argentina,RENAULT,FLUENCE,automoveis,2012-01,2012-12,producao_no_exterior,ano_da_tabela,2012-12,https://www.adefa.org.ar/upload/anuarios/anuario2017/4.pdf#page=8,oficial,FLUENCE - CONFORT 1.6 618 4.278 4.864 1.835 23 0 0 0 11.618 [...] FLUENCE - DYNAMIQUE 2.0 295 11.351 10.631 1.612 877 2 0 0 24.768 [...] FLUENCE - LUXE 2.0 221 6.018 3.312 1.228 589 0 0 0 11.368 [...] FLUENCE - PRIVILEGE 2.0 202 3.286 1.116 870 406 0 0 0 5.880 [...] FLUENCE - PRIVILEGE AT 2.0 391 3.450 5.074 642 230 0 0 0 9.787 [...] FLUENCE - SPORT 2.0 0 0 753 53 0 0 0 0 806 [...] FLUENCE - GT 2.0 16V 0 0 211 689 263 171 599 0 1.933,fabricas_paginas/adefa_anuario2017_produccion_por_modelo,"ADEFA, producao na Argentina em 2012: 25961 unidades (soma das versoes)."
ar_renault,Argentina,RENAULT,FLUENCE,automoveis,2013-01,2013-12,producao_no_exterior,ano_da_tabela,2013-12,https://www.adefa.org.ar/upload/anuarios/anuario2017/4.pdf#page=8,oficial,FLUENCE - CONFORT 1.6 618 4.278 4.864 1.835 23 0 0 0 11.618 [...] FLUENCE - CONFORT PLUS 1.6 0 0 0 1.095 1.556 0 0 0 2.651 [...] FLUENCE - DYNAMIQUE 2.0 295 11.351 10.631 1.612 877 2 0 0 24.768 [...] FLUENCE - EXPO 0 0 0 13.676 6.757 7.837 3.391 961 32.622 [...] FLUENCE - LUXE 2.0 221 6.018 3.312 1.228 589 0 0 0 11.368 [...] FLUENCE - PRIVILEGE 2.0 202 3.286 1.116 870 406 0 0 0 5.880 [...] FLUENCE - PRIVILEGE AT 2.0 391 3.450 5.074 642 230 0 0 0 9.787 [...] FLUENCE - SPORT 2.0 0 0 753 53 0 0 0 0 806 [...] FLUENCE - GT 2.0 16V 0 0 211 689 263 171 599 0 1.933,fabricas_paginas/adefa_anuario2017_produccion_por_modelo,"ADEFA, producao na Argentina em 2013: 21700 unidades (soma das versoes)."
ar_renault,Argentina,RENAULT,FLUENCE,automoveis,2014-01,2014-12,producao_no_exterior,ano_da_tabela,2014-12,https://www.adefa.org.ar/upload/anuarios/anuario2017/4.pdf#page=8,oficial,FLUENCE - CONFORT 1.6 618 4.278 4.864 1.835 23 0 0 0 11.618 [...] FLUENCE - CONFORT PLUS 1.6 0 0 0 1.095 1.556 0 0 0 2.651 [...] FLUENCE - DYNAMIQUE 2.0 295 11.351 10.631 1.612 877 2 0 0 24.768 [...] FLUENCE - EXPO 0 0 0 13.676 6.757 7.837 3.391 961 32.622 [...] FLUENCE - LUXE 2.0 221 6.018 3.312 1.228 589 0 0 0 11.368 [...] FLUENCE - PRIVILEGE 2.0 202 3.286 1.116 870 406 0 0 0 5.880 [...] FLUENCE - PRIVILEGE AT 2.0 391 3.450 5.074 642 230 0 0 0 9.787 [...] FLUENCE - LUXE RLINK CUERO 2.0 0 0 0 0 353 0 0 0 353 [...] FLUENCE - GT 2.0 16V 0 0 211 689 263 171 599 0 1.933 [...] FLUENCE - PH2 1.6 DYNAMIQUE 0 0 0 0 118 787 484 542 1.931 [...] FLUENCE - PH2 1.6 DYNAMIQUE PACK 0 0 0 0 7 1.363 784 577 2.731 [...] FLUENCE - PH2 2.0 LUXE 0 0 0 0 69 2.049 1.234 260 3.612 [...] FLUENCE - PH2 2.0 LUXE PACK 0 0 0 0 38 529 44 0 611 [...] FLUENCE - PH2 2.0 LUXE PACK CUERO 0 0 0 0 23 493 491 274 1.281 [...] FLUENCE - PH2 2.0 PRIVILEGE 0 0 0 0 15 4 319 236 574 [...] FLUENCE - PH2 2.0 PRIVILEGE CVT 0 0 0 0 18 4 290 141 453,fabricas_paginas/adefa_anuario2017_produccion_por_modelo,"ADEFA, producao na Argentina em 2014: 11342 unidades (soma das versoes)."
ar_renault,Argentina,RENAULT,FLUENCE,automoveis,2015-01,2015-12,producao_no_exterior,ano_da_tabela,2015-12,https://www.adefa.org.ar/upload/anuarios/anuario2017/4.pdf#page=8,oficial,FLUENCE - DYNAMIQUE 2.0 295 11.351 10.631 1.612 877 2 0 0 24.768 [...] FLUENCE - EXPO 0 0 0 13.676 6.757 7.837 3.391 961 32.622 [...] FLUENCE - GT 2.0 16V 0 0 211 689 263 171 599 0 1.933 [...] FLUENCE - PH2 1.6 DYNAMIQUE 0 0 0 0 118 787 484 542 1.931 [...] FLUENCE - PH2 1.6 DYNAMIQUE PACK 0 0 0 0 7 1.363 784 577 2.731 [...] FLUENCE - PH2 2.0 LUXE 0 0 0 0 69 2.049 1.234 260 3.612 [...] FLUENCE - PH2 2.0 LUXE PACK 0 0 0 0 38 529 44 0 611 [...] FLUENCE - PH2 2.0 LUXE PACK CUERO 0 0 0 0 23 493 491 274 1.281 [...] FLUENCE - PH2 2.0 PRIVILEGE 0 0 0 0 15 4 319 236 574 [...] FLUENCE - PH2 2.0 PRIVILEGE CVT 0 0 0 0 18 4 290 141 453,fabricas_paginas/adefa_anuario2017_produccion_por_modelo,"ADEFA, producao na Argentina em 2015: 13239 unidades (soma das versoes)."
ar_renault,Argentina,RENAULT,FLUENCE,automoveis,2016-01,2016-12,producao_no_exterior,ano_da_tabela,2016-12,https://www.adefa.org.ar/upload/anuarios/anuario2017/4.pdf#page=8,oficial,FLUENCE - EXPO 0 0 0 13.676 6.757 7.837 3.391 961 32.622 [...] FLUENCE - GT 2.0 16V 0 0 211 689 263 171 599 0 1.933 [...] FLUENCE - PH2 1.6 DYNAMIQUE 0 0 0 0 118 787 484 542 1.931 [...] FLUENCE - PH2 1.6 DYNAMIQUE PACK 0 0 0 0 7 1.363 784 577 2.731 [...] FLUENCE - PH2 2.0 LUXE 0 0 0 0 69 2.049 1.234 260 3.612 [...] FLUENCE - PH2 2.0 LUXE PACK 0 0 0 0 38 529 44 0 611 [...] FLUENCE - PH2 2.0 LUXE PACK CUERO 0 0 0 0 23 493 491 274 1.281 [...] FLUENCE - PH2 2.0 LUXE PACK CVT 0 0 0 0 0 0 189 160 349 [...] FLUENCE - PH2 2.0 PRIVILEGE 0 0 0 0 15 4 319 236 574 [...] FLUENCE - PH2 2.0 PRIVILEGE CVT 0 0 0 0 18 4 290 141 453,fabricas_paginas/adefa_anuario2017_produccion_por_modelo,"ADEFA, producao na Argentina em 2016: 7825 unidades (soma das versoes)."
ar_renault,Argentina,RENAULT,FLUENCE,automoveis,2017-01,2017-12,producao_no_exterior,ano_da_tabela,2017-12,https://www.adefa.org.ar/upload/anuarios/anuario2017/4.pdf#page=8,oficial,FLUENCE - EXPO 0 0 0 13.676 6.757 7.837 3.391 961 32.622 [...] FLUENCE - PH2 2.0 GT 0 0 0 0 0 0 0 148 148 [...] FLUENCE - PH2 1.6 DYNAMIQUE 0 0 0 0 118 787 484 542 1.931 [...] FLUENCE - PH2 1.6 DYNAMIQUE PACK 0 0 0 0 7 1.363 784 577 2.731 [...] FLUENCE - PH2 2.0 LUXE 0 0 0 0 69 2.049 1.234 260 3.612 [...] FLUENCE - PH2 2.0 LUXE PACK CUERO 0 0 0 0 23 493 491 274 1.281 [...] FLUENCE - PH2 2.0 LUXE PACK CVT 0 0 0 0 0 0 189 160 349 [...] FLUENCE - PH2 2.0 PRIVILEGE 0 0 0 0 15 4 319 236 574 [...] FLUENCE - PH2 2.0 PRIVILEGE CVT 0 0 0 0 18 4 290 141 453,fabricas_paginas/adefa_anuario2017_produccion_por_modelo,"ADEFA, producao na Argentina em 2017: 3299 unidades (soma das versoes)."
ar_renault,Argentina,RENAULT,FLUENCE,automoveis,2018-01,2018-12,producao_no_exterior,ano_da_tabela,2018-12,https://www.adefa.org.ar/upload/anuarios/anuario2025/4.pdf#page=9,oficial,FLUENCE 126 0 0 0 0 0 0 0 126,fabricas_paginas/adefa_anuario2025_produccion_por_modelo,"ADEFA, producao na Argentina em 2018: 126 unidades (soma das versoes)."
ar_renault,Argentina,RENAULT,KANGOO,automoveis,2008-01,2008-12,producao_no_exterior,ano_da_tabela,2008-12,https://www.adefa.org.ar/upload/anuarios/anuario2013/4.pdf#page=9,oficial,RENAULT KANGOO 6.034 5.057 4.982 4.552 6.723 4.779 32.127 [...] RENAULT KANGOO DIESEL 3.224 1.519 1.467 1.260 637 459 8.566 [...] RENAULT KANGOO - FURGóN 8.030 7.787 13.294 15.950 21.377 13.801 80.239 [...] RENAULT KANGOO DIESEL - FURGóN 7.420 5.006 3.743 3.783 2.369 1.906 24.227,fabricas_paginas/adefa_anuario2013_produccion_por_modelo,"ADEFA, producao na Argentina em 2008: 24708 unidades (soma das versoes)."
ar_renault,Argentina,RENAULT,KANGOO,automoveis,2009-01,2009-12,producao_no_exterior,ano_da_tabela,2009-12,https://www.adefa.org.ar/upload/anuarios/anuario2013/4.pdf#page=9,oficial,RENAULT KANGOO 6.034 5.057 4.982 4.552 6.723 4.779 32.127 [...] RENAULT KANGOO DIESEL 3.224 1.519 1.467 1.260 637 459 8.566 [...] RENAULT KANGOO - FURGóN 8.030 7.787 13.294 15.950 21.377 13.801 80.239 [...] RENAULT KANGOO DIESEL - FURGóN 7.420 5.006 3.743 3.783 2.369 1.906 24.227,fabricas_paginas/adefa_anuario2013_produccion_por_modelo,"ADEFA, producao na Argentina em 2009: 19369 unidades (soma das versoes)."
ar_renault,Argentina,RENAULT,KANGOO,automoveis,2010-01,2010-12,producao_no_exterior,ano_da_tabela,2010-12,https://www.adefa.org.ar/upload/anuarios/anuario2017/4.pdf#page=8,oficial,RENAULT KANGOO 4.982 4.552 6.723 4.779 3.970 2.681 2.454 3.028 33.169 [...] RENAULT KANGOO DIESEL 1.467 1.260 637 459 0 0 0 0 3.823 [...] RENAULT KANGOO - FURGóN 13.294 15.950 21.377 13.801 11.470 13.780 15.504 21.294 126.470 [...] RENAULT KANGOO DIESEL - FURGóN 3.743 3.783 2.369 1.906 804 1.112 970 0 14.687,fabricas_paginas/adefa_anuario2017_produccion_por_modelo,"ADEFA, producao na Argentina em 2010: 23486 unidades (soma das versoes)."
ar_renault,Argentina,RENAULT,KANGOO,automoveis,2011-01,2011-12,producao_no_exterior,ano_da_tabela,2011-12,https://www.adefa.org.ar/upload/anuarios/anuario2017/4.pdf#page=8,oficial,RENAULT KANGOO 4.982 4.552 6.723 4.779 3.970 2.681 2.454 3.028 33.169 [...] RENAULT KANGOO DIESEL 1.467 1.260 637 459 0 0 0 0 3.823 [...] RENAULT KANGOO - FURGóN 13.294 15.950 21.377 13.801 11.470 13.780 15.504 21.294 126.470 [...] RENAULT KANGOO DIESEL - FURGóN 3.743 3.783 2.369 1.906 804 1.112 970 0 14.687,fabricas_paginas/adefa_anuario2017_produccion_por_modelo,"ADEFA, producao na Argentina em 2011: 25545 unidades (soma das versoes)."
ar_renault,Argentina,RENAULT,KANGOO,automoveis,2012-01,2012-12,producao_no_exterior,ano_da_tabela,2012-12,https://www.adefa.org.ar/upload/anuarios/anuario2017/4.pdf#page=8,oficial,RENAULT KANGOO 4.982 4.552 6.723 4.779 3.970 2.681 2.454 3.028 33.169 [...] RENAULT KANGOO DIESEL 1.467 1.260 637 459 0 0 0 0 3.823 [...] RENAULT KANGOO - FURGóN 13.294 15.950 21.377 13.801 11.470 13.780 15.504 21.294 126.470 [...] RENAULT KANGOO DIESEL - FURGóN 3.743 3.783 2.369 1.906 804 1.112 970 0 14.687,fabricas_paginas/adefa_anuario2017_produccion_por_modelo,"ADEFA, producao na Argentina em 2012: 31106 unidades (soma das versoes)."
ar_renault,Argentina,RENAULT,KANGOO,automoveis,2013-01,2013-12,producao_no_exterior,ano_da_tabela,2013-12,https://www.adefa.org.ar/upload/anuarios/anuario2017/4.pdf#page=8,oficial,RENAULT KANGOO 4.982 4.552 6.723 4.779 3.970 2.681 2.454 3.028 33.169 [...] RENAULT KANGOO DIESEL 1.467 1.260 637 459 0 0 0 0 3.823 [...] RENAULT KANGOO - FURGóN 13.294 15.950 21.377 13.801 11.470 13.780 15.504 21.294 126.470 [...] RENAULT KANGOO DIESEL - FURGóN 3.743 3.783 2.369 1.906 804 1.112 970 0 14.687 [...] RENAULT KANGOO EXPOR 0 0 0 9.255 8.215 6.347 4.196 4.283 32.296,fabricas_paginas/adefa_anuario2017_produccion_por_modelo,"ADEFA, producao na Argentina em 2013: 30200 unidades (soma das versoes)."
ar_renault,Argentina,RENAULT,KANGOO,automoveis,2014-01,2014-12,producao_no_exterior,ano_da_tabela,2014-12,https://www.adefa.org.ar/upload/anuarios/anuario2017/4.pdf#page=8,oficial,RENAULT KANGOO 4.982 4.552 6.723 4.779 3.970 2.681 2.454 3.028 33.169 [...] RENAULT KANGOO - FURGóN 13.294 15.950 21.377 13.801 11.470 13.780 15.504 21.294 126.470 [...] RENAULT KANGOO DIESEL - FURGóN 3.743 3.783 2.369 1.906 804 1.112 970 0 14.687 [...] RENAULT KANGOO EXPOR 0 0 0 9.255 8.215 6.347 4.196 4.283 32.296,fabricas_paginas/adefa_anuario2017_produccion_por_modelo,"ADEFA, producao na Argentina em 2014: 24459 unidades (soma das versoes)."
ar_renault,Argentina,RENAULT,KANGOO,automoveis,2015-01,2015-12,producao_no_exterior,ano_da_tabela,2015-12,https://www.adefa.org.ar/upload/anuarios/anuario2017/4.pdf#page=8,oficial,RENAULT KANGOO 4.982 4.552 6.723 4.779 3.970 2.681 2.454 3.028 33.169 [...] RENAULT KANGOO - FURGóN 13.294 15.950 21.377 13.801 11.470 13.780 15.504 21.294 126.470 [...] RENAULT KANGOO DIESEL - FURGóN 3.743 3.783 2.369 1.906 804 1.112 970 0 14.687 [...] RENAULT KANGOO EXPOR 0 0 0 9.255 8.215 6.347 4.196 4.283 32.296,fabricas_paginas/adefa_anuario2017_produccion_por_modelo,"ADEFA, producao na Argentina em 2015: 23920 unidades (soma das versoes)."
ar_renault,Argentina,RENAULT,KANGOO,automoveis,2016-01,2016-12,producao_no_exterior,ano_da_tabela,2016-12,https://www.adefa.org.ar/upload/anuarios/anuario2017/4.pdf#page=8,oficial,RENAULT KANGOO 4.982 4.552 6.723 4.779 3.970 2.681 2.454 3.028 33.169 [...] RENAULT KANGOO - FURGóN 13.294 15.950 21.377 13.801 11.470 13.780 15.504 21.294 126.470 [...] RENAULT KANGOO DIESEL - FURGóN 3.743 3.783 2.369 1.906 804 1.112 970 0 14.687 [...] RENAULT KANGOO EXPOR 0 0 0 9.255 8.215 6.347 4.196 4.283 32.296,fabricas_paginas/adefa_anuario2017_produccion_por_modelo,"ADEFA, producao na Argentina em 2016: 23124 unidades (soma das versoes)."
ar_renault,Argentina,RENAULT,KANGOO,automoveis,2017-01,2017-12,producao_no_exterior,ano_da_tabela,2017-12,https://www.adefa.org.ar/upload/anuarios/anuario2017/4.pdf#page=8,oficial,RENAULT KANGOO 4.982 4.552 6.723 4.779 3.970 2.681 2.454 3.028 33.169 [...] RENAULT KANGOO - FURGóN 13.294 15.950 21.377 13.801 11.470 13.780 15.504 21.294 126.470 [...] RENAULT KANGOO EXPOR 0 0 0 9.255 8.215 6.347 4.196 4.283 32.296,fabricas_paginas/adefa_anuario2017_produccion_por_modelo,"ADEFA, producao na Argentina em 2017: 28605 unidades (soma das versoes)."
ar_renault,Argentina,RENAULT,KANGOO,automoveis,2018-01,2018-12,producao_no_exterior,ano_da_tabela,2018-12,https://www.adefa.org.ar/upload/anuarios/anuario2025/4.pdf#page=9,oficial,KANGOO 1.767 4.030 5.386 1.035 2.627 0 2.454 1.961 19.260 [...] KANGOO 10.979 5.279 3.120 12.534 18.346 22.970 15.752 15.342 104.322,fabricas_paginas/adefa_anuario2025_produccion_por_modelo,"ADEFA, producao na Argentina em 2018: 12746 unidades (soma das versoes)."
ar_renault,Argentina,RENAULT,KANGOO,automoveis,2019-01,2019-12,producao_no_exterior,ano_da_tabela,2019-12,https://www.adefa.org.ar/upload/anuarios/anuario2025/4.pdf#page=9,oficial,KANGOO 1.767 4.030 5.386 1.035 2.627 0 2.454 1.961 19.260 [...] KANGOO 10.979 5.279 3.120 12.534 18.346 22.970 15.752 15.342 104.322,fabricas_paginas/adefa_anuario2025_produccion_por_modelo,"ADEFA, producao na Argentina em 2019: 9309 unidades (soma das versoes)."
ar_renault,Argentina,RENAULT,KANGOO,automoveis,2020-01,2020-12,producao_no_exterior,ano_da_tabela,2020-12,https://www.adefa.org.ar/upload/anuarios/anuario2025/4.pdf#page=9,oficial,KANGOO 1.767 4.030 5.386 1.035 2.627 0 2.454 1.961 19.260 [...] KANGOO 10.979 5.279 3.120 12.534 18.346 22.970 15.752 15.342 104.322,fabricas_paginas/adefa_anuario2025_produccion_por_modelo,"ADEFA, producao na Argentina em 2020: 8506 unidades (soma das versoes)."
ar_renault,Argentina,RENAULT,KANGOO,automoveis,2021-01,2021-12,producao_no_exterior,ano_da_tabela,2021-12,https://www.adefa.org.ar/upload/anuarios/anuario2025/4.pdf#page=9,oficial,KANGOO 1.767 4.030 5.386 1.035 2.627 0 2.454 1.961 19.260 [...] KANGOO 10.979 5.279 3.120 12.534 18.346 22.970 15.752 15.342 104.322,fabricas_paginas/adefa_anuario2025_produccion_por_modelo,"ADEFA, producao na Argentina em 2021: 13569 unidades (soma das versoes)."
ar_renault,Argentina,RENAULT,KANGOO,automoveis,2022-01,2022-12,producao_no_exterior,ano_da_tabela,2022-12,https://www.adefa.org.ar/upload/anuarios/anuario2025/4.pdf#page=9,oficial,KANGOO 1.767 4.030 5.386 1.035 2.627 0 2.454 1.961 19.260 [...] KANGOO 10.979 5.279 3.120 12.534 18.346 22.970 15.752 15.342 104.322,fabricas_paginas/adefa_anuario2025_produccion_por_modelo,"ADEFA, producao na Argentina em 2022: 20973 unidades (soma das versoes)."
ar_renault,Argentina,RENAULT,KANGOO,automoveis,2023-01,2023-12,producao_no_exterior,ano_da_tabela,2023-12,https://www.adefa.org.ar/upload/anuarios/anuario2025/4.pdf#page=9,oficial,KANGOO 10.979 5.279 3.120 12.534 18.346 22.970 15.752 15.342 104.322,fabricas_paginas/adefa_anuario2025_produccion_por_modelo,"ADEFA, producao na Argentina em 2023: 22970 unidades (soma das versoes)."
ar_renault,Argentina,RENAULT,KANGOO,automoveis,2024-01,2024-12,producao_no_exterior,ano_da_tabela,2024-12,https://www.adefa.org.ar/upload/anuarios/anuario2025/4.pdf#page=9,oficial,KANGOO 1.767 4.030 5.386 1.035 2.627 0 2.454 1.961 19.260 [...] KANGOO 10.979 5.279 3.120 12.534 18.346 22.970 15.752 15.342 104.322,fabricas_paginas/adefa_anuario2025_produccion_por_modelo,"ADEFA, producao na Argentina em 2024: 18206 unidades (soma das versoes)."
ar_renault,Argentina,RENAULT,KANGOO,automoveis,2025-01,2025-12,producao_no_exterior,ano_da_tabela,2025-12,https://www.adefa.org.ar/upload/anuarios/anuario2025/4.pdf#page=9,oficial,KANGOO 1.767 4.030 5.386 1.035 2.627 0 2.454 1.961 19.260 [...] KANGOO 10.979 5.279 3.120 12.534 18.346 22.970 15.752 15.342 104.322,fabricas_paginas/adefa_anuario2025_produccion_por_modelo,"ADEFA, producao na Argentina em 2025: 17303 unidades (soma das versoes)."
ar_renault,Argentina,RENAULT,KANGOO,comerciais_leves,2008-01,2008-12,producao_no_exterior,ano_da_tabela,2008-12,https://www.adefa.org.ar/upload/anuarios/anuario2013/4.pdf#page=9,oficial,RENAULT KANGOO 6.034 5.057 4.982 4.552 6.723 4.779 32.127 [...] RENAULT KANGOO DIESEL 3.224 1.519 1.467 1.260 637 459 8.566 [...] RENAULT KANGOO - FURGóN 8.030 7.787 13.294 15.950 21.377 13.801 80.239 [...] RENAULT KANGOO DIESEL - FURGóN 7.420 5.006 3.743 3.783 2.369 1.906 24.227,fabricas_paginas/adefa_anuario2013_produccion_por_modelo,"ADEFA, producao na Argentina em 2008: 24708 unidades (soma das versoes)."
ar_renault,Argentina,RENAULT,KANGOO,comerciais_leves,2009-01,2009-12,producao_no_exterior,ano_da_tabela,2009-12,https://www.adefa.org.ar/upload/anuarios/anuario2013/4.pdf#page=9,oficial,RENAULT KANGOO 6.034 5.057 4.982 4.552 6.723 4.779 32.127 [...] RENAULT KANGOO DIESEL 3.224 1.519 1.467 1.260 637 459 8.566 [...] RENAULT KANGOO - FURGóN 8.030 7.787 13.294 15.950 21.377 13.801 80.239 [...] RENAULT KANGOO DIESEL - FURGóN 7.420 5.006 3.743 3.783 2.369 1.906 24.227,fabricas_paginas/adefa_anuario2013_produccion_por_modelo,"ADEFA, producao na Argentina em 2009: 19369 unidades (soma das versoes)."
ar_renault,Argentina,RENAULT,KANGOO,comerciais_leves,2010-01,2010-12,producao_no_exterior,ano_da_tabela,2010-12,https://www.adefa.org.ar/upload/anuarios/anuario2017/4.pdf#page=8,oficial,RENAULT KANGOO 4.982 4.552 6.723 4.779 3.970 2.681 2.454 3.028 33.169 [...] RENAULT KANGOO DIESEL 1.467 1.260 637 459 0 0 0 0 3.823 [...] RENAULT KANGOO - FURGóN 13.294 15.950 21.377 13.801 11.470 13.780 15.504 21.294 126.470 [...] RENAULT KANGOO DIESEL - FURGóN 3.743 3.783 2.369 1.906 804 1.112 970 0 14.687,fabricas_paginas/adefa_anuario2017_produccion_por_modelo,"ADEFA, producao na Argentina em 2010: 23486 unidades (soma das versoes)."
ar_renault,Argentina,RENAULT,KANGOO,comerciais_leves,2011-01,2011-12,producao_no_exterior,ano_da_tabela,2011-12,https://www.adefa.org.ar/upload/anuarios/anuario2017/4.pdf#page=8,oficial,RENAULT KANGOO 4.982 4.552 6.723 4.779 3.970 2.681 2.454 3.028 33.169 [...] RENAULT KANGOO DIESEL 1.467 1.260 637 459 0 0 0 0 3.823 [...] RENAULT KANGOO - FURGóN 13.294 15.950 21.377 13.801 11.470 13.780 15.504 21.294 126.470 [...] RENAULT KANGOO DIESEL - FURGóN 3.743 3.783 2.369 1.906 804 1.112 970 0 14.687,fabricas_paginas/adefa_anuario2017_produccion_por_modelo,"ADEFA, producao na Argentina em 2011: 25545 unidades (soma das versoes)."
ar_renault,Argentina,RENAULT,KANGOO,comerciais_leves,2012-01,2012-12,producao_no_exterior,ano_da_tabela,2012-12,https://www.adefa.org.ar/upload/anuarios/anuario2017/4.pdf#page=8,oficial,RENAULT KANGOO 4.982 4.552 6.723 4.779 3.970 2.681 2.454 3.028 33.169 [...] RENAULT KANGOO DIESEL 1.467 1.260 637 459 0 0 0 0 3.823 [...] RENAULT KANGOO - FURGóN 13.294 15.950 21.377 13.801 11.470 13.780 15.504 21.294 126.470 [...] RENAULT KANGOO DIESEL - FURGóN 3.743 3.783 2.369 1.906 804 1.112 970 0 14.687,fabricas_paginas/adefa_anuario2017_produccion_por_modelo,"ADEFA, producao na Argentina em 2012: 31106 unidades (soma das versoes)."
ar_renault,Argentina,RENAULT,KANGOO,comerciais_leves,2013-01,2013-12,producao_no_exterior,ano_da_tabela,2013-12,https://www.adefa.org.ar/upload/anuarios/anuario2017/4.pdf#page=8,oficial,RENAULT KANGOO 4.982 4.552 6.723 4.779 3.970 2.681 2.454 3.028 33.169 [...] RENAULT KANGOO DIESEL 1.467 1.260 637 459 0 0 0 0 3.823 [...] RENAULT KANGOO - FURGóN 13.294 15.950 21.377 13.801 11.470 13.780 15.504 21.294 126.470 [...] RENAULT KANGOO DIESEL - FURGóN 3.743 3.783 2.369 1.906 804 1.112 970 0 14.687 [...] RENAULT KANGOO EXPOR 0 0 0 9.255 8.215 6.347 4.196 4.283 32.296,fabricas_paginas/adefa_anuario2017_produccion_por_modelo,"ADEFA, producao na Argentina em 2013: 30200 unidades (soma das versoes)."
ar_renault,Argentina,RENAULT,KANGOO,comerciais_leves,2014-01,2014-12,producao_no_exterior,ano_da_tabela,2014-12,https://www.adefa.org.ar/upload/anuarios/anuario2017/4.pdf#page=8,oficial,RENAULT KANGOO 4.982 4.552 6.723 4.779 3.970 2.681 2.454 3.028 33.169 [...] RENAULT KANGOO - FURGóN 13.294 15.950 21.377 13.801 11.470 13.780 15.504 21.294 126.470 [...] RENAULT KANGOO DIESEL - FURGóN 3.743 3.783 2.369 1.906 804 1.112 970 0 14.687 [...] RENAULT KANGOO EXPOR 0 0 0 9.255 8.215 6.347 4.196 4.283 32.296,fabricas_paginas/adefa_anuario2017_produccion_por_modelo,"ADEFA, producao na Argentina em 2014: 24459 unidades (soma das versoes)."
ar_renault,Argentina,RENAULT,KANGOO,comerciais_leves,2015-01,2015-12,producao_no_exterior,ano_da_tabela,2015-12,https://www.adefa.org.ar/upload/anuarios/anuario2017/4.pdf#page=8,oficial,RENAULT KANGOO 4.982 4.552 6.723 4.779 3.970 2.681 2.454 3.028 33.169 [...] RENAULT KANGOO - FURGóN 13.294 15.950 21.377 13.801 11.470 13.780 15.504 21.294 126.470 [...] RENAULT KANGOO DIESEL - FURGóN 3.743 3.783 2.369 1.906 804 1.112 970 0 14.687 [...] RENAULT KANGOO EXPOR 0 0 0 9.255 8.215 6.347 4.196 4.283 32.296,fabricas_paginas/adefa_anuario2017_produccion_por_modelo,"ADEFA, producao na Argentina em 2015: 23920 unidades (soma das versoes)."
ar_renault,Argentina,RENAULT,KANGOO,comerciais_leves,2016-01,2016-12,producao_no_exterior,ano_da_tabela,2016-12,https://www.adefa.org.ar/upload/anuarios/anuario2017/4.pdf#page=8,oficial,RENAULT KANGOO 4.982 4.552 6.723 4.779 3.970 2.681 2.454 3.028 33.169 [...] RENAULT KANGOO - FURGóN 13.294 15.950 21.377 13.801 11.470 13.780 15.504 21.294 126.470 [...] RENAULT KANGOO DIESEL - FURGóN 3.743 3.783 2.369 1.906 804 1.112 970 0 14.687 [...] RENAULT KANGOO EXPOR 0 0 0 9.255 8.215 6.347 4.196 4.283 32.296,fabricas_paginas/adefa_anuario2017_produccion_por_modelo,"ADEFA, producao na Argentina em 2016: 23124 unidades (soma das versoes)."
ar_renault,Argentina,RENAULT,KANGOO,comerciais_leves,2017-01,2017-12,producao_no_exterior,ano_da_tabela,2017-12,https://www.adefa.org.ar/upload/anuarios/anuario2017/4.pdf#page=8,oficial,RENAULT KANGOO 4.982 4.552 6.723 4.779 3.970 2.681 2.454 3.028 33.169 [...] RENAULT KANGOO - FURGóN 13.294 15.950 21.377 13.801 11.470 13.780 15.504 21.294 126.470 [...] RENAULT KANGOO EXPOR 0 0 0 9.255 8.215 6.347 4.196 4.283 32.296,fabricas_paginas/adefa_anuario2017_produccion_por_modelo,"ADEFA, producao na Argentina em 2017: 28605 unidades (soma das versoes)."
ar_renault,Argentina,RENAULT,KANGOO,comerciais_leves,2018-01,2018-12,producao_no_exterior,ano_da_tabela,2018-12,https://www.adefa.org.ar/upload/anuarios/anuario2025/4.pdf#page=9,oficial,KANGOO 1.767 4.030 5.386 1.035 2.627 0 2.454 1.961 19.260 [...] KANGOO 10.979 5.279 3.120 12.534 18.346 22.970 15.752 15.342 104.322,fabricas_paginas/adefa_anuario2025_produccion_por_modelo,"ADEFA, producao na Argentina em 2018: 12746 unidades (soma das versoes)."
ar_renault,Argentina,RENAULT,KANGOO,comerciais_leves,2019-01,2019-12,producao_no_exterior,ano_da_tabela,2019-12,https://www.adefa.org.ar/upload/anuarios/anuario2025/4.pdf#page=9,oficial,KANGOO 1.767 4.030 5.386 1.035 2.627 0 2.454 1.961 19.260 [...] KANGOO 10.979 5.279 3.120 12.534 18.346 22.970 15.752 15.342 104.322,fabricas_paginas/adefa_anuario2025_produccion_por_modelo,"ADEFA, producao na Argentina em 2019: 9309 unidades (soma das versoes)."
ar_renault,Argentina,RENAULT,KANGOO,comerciais_leves,2020-01,2020-12,producao_no_exterior,ano_da_tabela,2020-12,https://www.adefa.org.ar/upload/anuarios/anuario2025/4.pdf#page=9,oficial,KANGOO 1.767 4.030 5.386 1.035 2.627 0 2.454 1.961 19.260 [...] KANGOO 10.979 5.279 3.120 12.534 18.346 22.970 15.752 15.342 104.322,fabricas_paginas/adefa_anuario2025_produccion_por_modelo,"ADEFA, producao na Argentina em 2020: 8506 unidades (soma das versoes)."
ar_renault,Argentina,RENAULT,KANGOO,comerciais_leves,2021-01,2021-12,producao_no_exterior,ano_da_tabela,2021-12,https://www.adefa.org.ar/upload/anuarios/anuario2025/4.pdf#page=9,oficial,KANGOO 1.767 4.030 5.386 1.035 2.627 0 2.454 1.961 19.260 [...] KANGOO 10.979 5.279 3.120 12.534 18.346 22.970 15.752 15.342 104.322,fabricas_paginas/adefa_anuario2025_produccion_por_modelo,"ADEFA, producao na Argentina em 2021: 13569 unidades (soma das versoes)."
ar_renault,Argentina,RENAULT,KANGOO,comerciais_leves,2022-01,2022-12,producao_no_exterior,ano_da_tabela,2022-12,https://www.adefa.org.ar/upload/anuarios/anuario2025/4.pdf#page=9,oficial,KANGOO 1.767 4.030 5.386 1.035 2.627 0 2.454 1.961 19.260 [...] KANGOO 10.979 5.279 3.120 12.534 18.346 22.970 15.752 15.342 104.322,fabricas_paginas/adefa_anuario2025_produccion_por_modelo,"ADEFA, producao na Argentina em 2022: 20973 unidades (soma das versoes)."
ar_renault,Argentina,RENAULT,KANGOO,comerciais_leves,2023-01,2023-12,producao_no_exterior,ano_da_tabela,2023-12,https://www.adefa.org.ar/upload/anuarios/anuario2025/4.pdf#page=9,oficial,KANGOO 10.979 5.279 3.120 12.534 18.346 22.970 15.752 15.342 104.322,fabricas_paginas/adefa_anuario2025_produccion_por_modelo,"ADEFA, producao na Argentina em 2023: 22970 unidades (soma das versoes)."
ar_renault,Argentina,RENAULT,KANGOO,comerciais_leves,2024-01,2024-12,producao_no_exterior,ano_da_tabela,2024-12,https://www.adefa.org.ar/upload/anuarios/anuario2025/4.pdf#page=9,oficial,KANGOO 1.767 4.030 5.386 1.035 2.627 0 2.454 1.961 19.260 [...] KANGOO 10.979 5.279 3.120 12.534 18.346 22.970 15.752 15.342 104.322,fabricas_paginas/adefa_anuario2025_produccion_por_modelo,"ADEFA, producao na Argentina em 2024: 18206 unidades (soma das versoes)."
ar_renault,Argentina,RENAULT,KANGOO,comerciais_leves,2025-01,2025-12,producao_no_exterior,ano_da_tabela,2025-12,https://www.adefa.org.ar/upload/anuarios/anuario2025/4.pdf#page=9,oficial,KANGOO 1.767 4.030 5.386 1.035 2.627 0 2.454 1.961 19.260 [...] KANGOO 10.979 5.279 3.120 12.534 18.346 22.970 15.752 15.342 104.322,fabricas_paginas/adefa_anuario2025_produccion_por_modelo,"ADEFA, producao na Argentina em 2025: 17303 unidades (soma das versoes)."
ar_renault,Argentina,RENAULT,LOGAN,automoveis,2018-01,2018-12,producao_no_exterior,ano_da_tabela,2018-12,https://www.adefa.org.ar/upload/anuarios/anuario2025/4.pdf#page=9,oficial,LOGAN 11.331 4.305 4.944 4.578 6.663 7.624 4.335 5.001 48.781,fabricas_paginas/adefa_anuario2025_produccion_por_modelo,"ADEFA, producao na Argentina em 2018: 11331 unidades (soma das versoes)."
ar_renault,Argentina,RENAULT,LOGAN,automoveis,2019-01,2019-12,producao_no_exterior,ano_da_tabela,2019-12,https://www.adefa.org.ar/upload/anuarios/anuario2025/4.pdf#page=9,oficial,LOGAN 11.331 4.305 4.944 4.578 6.663 7.624 4.335 5.001 48.781,fabricas_paginas/adefa_anuario2025_produccion_por_modelo,"ADEFA, producao na Argentina em 2019: 4305 unidades (soma das versoes)."
ar_renault,Argentina,RENAULT,LOGAN,automoveis,2020-01,2020-12,producao_no_exterior,ano_da_tabela,2020-12,https://www.adefa.org.ar/upload/anuarios/anuario2025/4.pdf#page=9,oficial,LOGAN 11.331 4.305 4.944 4.578 6.663 7.624 4.335 5.001 48.781,fabricas_paginas/adefa_anuario2025_produccion_por_modelo,"ADEFA, producao na Argentina em 2020: 4944 unidades (soma das versoes)."
ar_renault,Argentina,RENAULT,LOGAN,automoveis,2021-01,2021-12,producao_no_exterior,ano_da_tabela,2021-12,https://www.adefa.org.ar/upload/anuarios/anuario2025/4.pdf#page=9,oficial,LOGAN 11.331 4.305 4.944 4.578 6.663 7.624 4.335 5.001 48.781,fabricas_paginas/adefa_anuario2025_produccion_por_modelo,"ADEFA, producao na Argentina em 2021: 4578 unidades (soma das versoes)."
ar_renault,Argentina,RENAULT,LOGAN,automoveis,2022-01,2022-12,producao_no_exterior,ano_da_tabela,2022-12,https://www.adefa.org.ar/upload/anuarios/anuario2025/4.pdf#page=9,oficial,LOGAN 11.331 4.305 4.944 4.578 6.663 7.624 4.335 5.001 48.781,fabricas_paginas/adefa_anuario2025_produccion_por_modelo,"ADEFA, producao na Argentina em 2022: 6663 unidades (soma das versoes)."
ar_renault,Argentina,RENAULT,LOGAN,automoveis,2023-01,2023-12,producao_no_exterior,ano_da_tabela,2023-12,https://www.adefa.org.ar/upload/anuarios/anuario2025/4.pdf#page=9,oficial,LOGAN 11.331 4.305 4.944 4.578 6.663 7.624 4.335 5.001 48.781,fabricas_paginas/adefa_anuario2025_produccion_por_modelo,"ADEFA, producao na Argentina em 2023: 7624 unidades (soma das versoes)."
ar_renault,Argentina,RENAULT,LOGAN,automoveis,2024-01,2024-12,producao_no_exterior,ano_da_tabela,2024-12,https://www.adefa.org.ar/upload/anuarios/anuario2025/4.pdf#page=9,oficial,LOGAN 11.331 4.305 4.944 4.578 6.663 7.624 4.335 5.001 48.781,fabricas_paginas/adefa_anuario2025_produccion_por_modelo,"ADEFA, producao na Argentina em 2024: 4335 unidades (soma das versoes)."
ar_renault,Argentina,RENAULT,LOGAN,automoveis,2025-01,2025-12,producao_no_exterior,ano_da_tabela,2025-12,https://www.adefa.org.ar/upload/anuarios/anuario2025/4.pdf#page=9,oficial,LOGAN 11.331 4.305 4.944 4.578 6.663 7.624 4.335 5.001 48.781,fabricas_paginas/adefa_anuario2025_produccion_por_modelo,"ADEFA, producao na Argentina em 2025: 5001 unidades (soma das versoes)."
ar_renault,Argentina,RENAULT,MEGANE,automoveis,2008-01,2008-12,producao_no_exterior,ano_da_tabela,2008-12,https://www.adefa.org.ar/upload/anuarios/anuario2013/4.pdf#page=9,oficial,RENAULT MEGANE AUT/EXP/PRIV - DIESEL 1.558 0 0 0 0 0 1.558 [...] RENAULT MEGANE AUT/EXP/PRIV - NAFTA 9.757 0 0 0 0 0 9.757,fabricas_paginas/adefa_anuario2013_produccion_por_modelo,"ADEFA, producao na Argentina em 2008: 11315 unidades (soma das versoes)."
ar_renault,Argentina,RENAULT,MEGANE,automoveis,2009-01,2009-12,producao_no_exterior,ano_da_tabela,2009-12,https://www.adefa.org.ar/upload/anuarios/anuario2013/4.pdf#page=9,oficial,RENAULT MEGANE AUT/EXP 4P NAFTA 0 1 0 0 0 0 1,fabricas_paginas/adefa_anuario2013_produccion_por_modelo,"ADEFA, producao na Argentina em 2009: 1 unidades (soma das versoes)."
ar_renault,Argentina,RENAULT,SANDERO,automoveis,2017-01,2017-12,producao_no_exterior,ano_da_tabela,2017-12,https://www.adefa.org.ar/upload/anuarios/anuario2017/4.pdf#page=8,oficial,NUEVO SANDERO DYNAMIQUE MY17 0 0 0 0 0 0 0 1.714 1.714 [...] NUEVO SANDERO EXPRESION MY17 0 0 0 0 0 0 0 1.574 1.574 [...] NUEVO SANDERO EXPRESSION PACK MY17 0 0 0 0 0 0 0 1.863 1.863 [...] NUEVO SANDERO PRIVILEGE MY17 0 0 0 0 0 0 0 2.052 2.052 [...] NUEVO SANDERO PRIVILEGE PACK MY17 0 0 0 0 0 0 0 400 400 [...] SANDERO STEPWAY DYNAMIQUE MY17 0 0 0 0 0 0 0 1.331 1.331 [...] SANDERO STEPWAY EXPRESSION MY17 0 0 0 0 0 0 0 704 704 [...] SANDERO STEPWAY PRIVILEGE MY17 0 0 0 0 0 0 0 4.301 4.301,fabricas_paginas/adefa_anuario2017_produccion_por_modelo,"ADEFA, producao na Argentina em 2017: 13939 unidades (soma das versoes)."
ar_renault,Argentina,RENAULT,SANDERO,automoveis,2018-01,2018-12,producao_no_exterior,ano_da_tabela,2018-12,https://www.adefa.org.ar/upload/anuarios/anuario2025/4.pdf#page=9,oficial,SANDERO 15.978 7.229 7.501 7.725 15.519 18.748 5.871 4.538 83.109,fabricas_paginas/adefa_anuario2025_produccion_por_modelo,"ADEFA, producao na Argentina em 2018: 15978 unidades (soma das versoes)."
ar_renault,Argentina,RENAULT,SANDERO,automoveis,2019-01,2019-12,producao_no_exterior,ano_da_tabela,2019-12,https://www.adefa.org.ar/upload/anuarios/anuario2025/4.pdf#page=9,oficial,SANDERO 15.978 7.229 7.501 7.725 15.519 18.748 5.871 4.538 83.109,fabricas_paginas/adefa_anuario2025_produccion_por_modelo,"ADEFA, producao na Argentina em 2019: 7229 unidades (soma das versoes)."
ar_renault,Argentina,RENAULT,SANDERO,automoveis,2020-01,2020-12,producao_no_exterior,ano_da_tabela,2020-12,https://www.adefa.org.ar/upload/anuarios/anuario2025/4.pdf#page=9,oficial,SANDERO 15.978 7.229 7.501 7.725 15.519 18.748 5.871 4.538 83.109,fabricas_paginas/adefa_anuario2025_produccion_por_modelo,"ADEFA, producao na Argentina em 2020: 7501 unidades (soma das versoes)."
ar_renault,Argentina,RENAULT,SANDERO,automoveis,2021-01,2021-12,producao_no_exterior,ano_da_tabela,2021-12,https://www.adefa.org.ar/upload/anuarios/anuario2025/4.pdf#page=9,oficial,SANDERO 15.978 7.229 7.501 7.725 15.519 18.748 5.871 4.538 83.109,fabricas_paginas/adefa_anuario2025_produccion_por_modelo,"ADEFA, producao na Argentina em 2021: 7725 unidades (soma das versoes)."
ar_renault,Argentina,RENAULT,SANDERO,automoveis,2022-01,2022-12,producao_no_exterior,ano_da_tabela,2022-12,https://www.adefa.org.ar/upload/anuarios/anuario2025/4.pdf#page=9,oficial,SANDERO 15.978 7.229 7.501 7.725 15.519 18.748 5.871 4.538 83.109,fabricas_paginas/adefa_anuario2025_produccion_por_modelo,"ADEFA, producao na Argentina em 2022: 15519 unidades (soma das versoes)."
ar_renault,Argentina,RENAULT,SANDERO,automoveis,2023-01,2023-12,producao_no_exterior,ano_da_tabela,2023-12,https://www.adefa.org.ar/upload/anuarios/anuario2025/4.pdf#page=9,oficial,SANDERO 15.978 7.229 7.501 7.725 15.519 18.748 5.871 4.538 83.109,fabricas_paginas/adefa_anuario2025_produccion_por_modelo,"ADEFA, producao na Argentina em 2023: 18748 unidades (soma das versoes)."
ar_renault,Argentina,RENAULT,SANDERO,automoveis,2024-01,2024-12,producao_no_exterior,ano_da_tabela,2024-12,https://www.adefa.org.ar/upload/anuarios/anuario2025/4.pdf#page=9,oficial,SANDERO 15.978 7.229 7.501 7.725 15.519 18.748 5.871 4.538 83.109,fabricas_paginas/adefa_anuario2025_produccion_por_modelo,"ADEFA, producao na Argentina em 2024: 5871 unidades (soma das versoes)."
ar_renault,Argentina,RENAULT,SANDERO,automoveis,2025-01,2025-12,producao_no_exterior,ano_da_tabela,2025-12,https://www.adefa.org.ar/upload/anuarios/anuario2025/4.pdf#page=9,oficial,SANDERO 15.978 7.229 7.501 7.725 15.519 18.748 5.871 4.538 83.109,fabricas_paginas/adefa_anuario2025_produccion_por_modelo,"ADEFA, producao na Argentina em 2025: 4538 unidades (soma das versoes)."
ar_renault,Argentina,RENAULT,SYMBOL,automoveis,2009-01,2009-12,producao_no_exterior,ano_da_tabela,2009-12,https://www.adefa.org.ar/upload/anuarios/anuario2013/4.pdf#page=9,oficial,SYMBOL - CONFORT 1.5 4P 0 305 532 78 0 0 915 [...] SYMBOL - CONFORT 1.6 4P 0 8.130 9.400 8.087 3.403 1.301 30.321 [...] SYMBOL - LUXE 1.6 4P 0 6.626 5.096 3.254 4.557 1.047 20.580 [...] SYMBOL - PACK 1.5 DCI 4P 0 150 0 0 0 0 150 [...] SYMBOL - PACK 1.6 8V 4P 0 2.507 3.536 3.146 1.543 707 11.439,fabricas_paginas/adefa_anuario2013_produccion_por_modelo,"ADEFA, producao na Argentina em 2009: 17718 unidades (soma das versoes)."
ar_renault,Argentina,RENAULT,SYMBOL,automoveis,2010-01,2010-12,producao_no_exterior,ano_da_tabela,2010-12,https://www.adefa.org.ar/upload/anuarios/anuario2017/4.pdf#page=8,oficial,SYMBOL - CONFORT 1.5 4P 532 78 0 0 0 0 0 0 610 [...] SYMBOL - CONFORT 1.6 4P 9.400 8.087 3.403 1.301 0 0 0 0 22.191 [...] SYMBOL - LUXE 1.6 4P 5.096 3.254 4.557 1.047 0 0 0 0 13.954 [...] SYMBOL - PACK 1.6 8V 4P 3.536 3.146 1.543 707 0 0 0 0 8.932,fabricas_paginas/adefa_anuario2017_produccion_por_modelo,"ADEFA, producao na Argentina em 2010: 18564 unidades (soma das versoes)."
ar_renault,Argentina,RENAULT,SYMBOL,automoveis,2011-01,2011-12,producao_no_exterior,ano_da_tabela,2011-12,https://www.adefa.org.ar/upload/anuarios/anuario2017/4.pdf#page=8,oficial,SYMBOL - CONFORT 1.5 4P 532 78 0 0 0 0 0 0 610 [...] SYMBOL - CONFORT 1.6 4P 9.400 8.087 3.403 1.301 0 0 0 0 22.191 [...] SYMBOL - LUXE 1.6 4P 5.096 3.254 4.557 1.047 0 0 0 0 13.954 [...] SYMBOL - PACK 1.6 8V 4P 3.536 3.146 1.543 707 0 0 0 0 8.932,fabricas_paginas/adefa_anuario2017_produccion_por_modelo,"ADEFA, producao na Argentina em 2011: 14565 unidades (soma das versoes)."
ar_renault,Argentina,RENAULT,SYMBOL,automoveis,2012-01,2012-12,producao_no_exterior,ano_da_tabela,2012-12,https://www.adefa.org.ar/upload/anuarios/anuario2017/4.pdf#page=8,oficial,SYMBOL - CONFORT 1.6 4P 9.400 8.087 3.403 1.301 0 0 0 0 22.191 [...] SYMBOL - LUXE 1.6 4P 5.096 3.254 4.557 1.047 0 0 0 0 13.954 [...] SYMBOL - PACK 1.6 8V 4P 3.536 3.146 1.543 707 0 0 0 0 8.932,fabricas_paginas/adefa_anuario2017_produccion_por_modelo,"ADEFA, producao na Argentina em 2012: 9503 unidades (soma das versoes)."
ar_renault,Argentina,RENAULT,SYMBOL,automoveis,2013-01,2013-12,producao_no_exterior,ano_da_tabela,2013-12,https://www.adefa.org.ar/upload/anuarios/anuario2017/4.pdf#page=8,oficial,SYMBOL - EXPO 0 0 0 78 0 0 0 0 78 [...] SYMBOL - CONFORT 1.6 4P 9.400 8.087 3.403 1.301 0 0 0 0 22.191 [...] SYMBOL - LUXE 1.6 4P 5.096 3.254 4.557 1.047 0 0 0 0 13.954 [...] SYMBOL - PACK 1.6 8V 4P 3.536 3.146 1.543 707 0 0 0 0 8.932,fabricas_paginas/adefa_anuario2017_produccion_por_modelo,"ADEFA, producao na Argentina em 2013: 3133 unidades (soma das versoes)."
ar_toyota,Argentina,TOYOTA,HIACE,comerciais_leves,2024-01,2024-12,producao_no_exterior,ano_da_tabela,2024-12,https://www.adefa.org.ar/upload/anuarios/anuario2025/4.pdf#page=9,oficial,HIACE 0 0 0 0 0 0 1.398 2.696 4.094,fabricas_paginas/adefa_anuario2025_produccion_por_modelo,"ADEFA, producao na Argentina em 2024: 1398 unidades (soma das versoes)."
ar_toyota,Argentina,TOYOTA,HIACE,comerciais_leves,2025-01,2025-12,producao_no_exterior,ano_da_tabela,2025-12,https://www.adefa.org.ar/upload/anuarios/anuario2025/4.pdf#page=9,oficial,HIACE 0 0 0 0 0 0 1.398 2.696 4.094,fabricas_paginas/adefa_anuario2025_produccion_por_modelo,"ADEFA, producao na Argentina em 2025: 2696 unidades (soma das versoes)."
ar_toyota,Argentina,TOYOTA,HILUX SW4,automoveis,2005-01,2005-12,producao_no_exterior,ano_da_tabela,2005-12,https://www.adefa.org.ar/upload/anuarios/anuario2006/2_produccion-production.pdf#page=6,oficial,Hilux SW4 SRV 0 0 0 0 3.173 9.844 13.017,fabricas_paginas/adefa_anuario2006_produccion_por_modelo,"ADEFA, producao na Argentina em 2005: 3173 unidades (soma das versoes)."
ar_toyota,Argentina,TOYOTA,HILUX SW4,automoveis,2006-01,2006-12,producao_no_exterior,ano_da_tabela,2006-12,https://www.adefa.org.ar/upload/anuarios/anuario2006/2_produccion-production.pdf#page=6,oficial,Hilux SW4 SR 0 0 0 0 0 407 407 [...] Hilux SW4 SRV 0 0 0 0 3.173 9.844 13.017,fabricas_paginas/adefa_anuario2006_produccion_por_modelo,"ADEFA, producao na Argentina em 2006: 10251 unidades (soma das versoes)."
ar_toyota,Argentina,TOYOTA,HILUX SW4,automoveis,2008-01,2008-12,producao_no_exterior,ano_da_tabela,2008-12,https://www.adefa.org.ar/upload/anuarios/anuario2013/4.pdf#page=9,oficial,HILUX SW4 SR 86 56 127 0 5 1.519 1.793 [...] HILUX SW4 SRV 9.607 892 1.135 919 2.653 991 16.197,fabricas_paginas/adefa_anuario2013_produccion_por_modelo,"ADEFA, producao na Argentina em 2008: 9693 unidades (soma das versoes)."
ar_toyota,Argentina,TOYOTA,HILUX SW4,automoveis,2009-01,2009-12,producao_no_exterior,ano_da_tabela,2009-12,https://www.adefa.org.ar/upload/anuarios/anuario2013/4.pdf#page=9,oficial,HILUX SW4 SR 86 56 127 0 5 1.519 1.793 [...] SW 4 - HILUX SW4 SR AT 0 4 0 0 0 0 4 [...] SW 4 - HILUX SW4 SR AT N 0 475 300 3 3.379 3.386 7.543 [...] SW 4 - HILUX SW4 SR DIESEL 0 2 1 0 0 0 3 [...] HILUX SW4 SRV 9.607 892 1.135 919 2.653 991 16.197 [...] SW 4 - HILUX SW4 SRV AT 0 5.433 8.559 10.060 9.966 766 34.784 [...] SW 4 - HILUX SW4 SRV GA 0 564 166 5 0 0 735,fabricas_paginas/adefa_anuario2013_produccion_por_modelo,"ADEFA, producao na Argentina em 2009: 7426 unidades (soma das versoes)."
ar_toyota,Argentina,TOYOTA,HILUX SW4,automoveis,2010-01,2010-12,producao_no_exterior,ano_da_tabela,2010-12,https://www.adefa.org.ar/upload/anuarios/anuario2017/4.pdf#page=8,oficial,HILUX SW4 SR 127 0 5 1.519 770 140 1.320 0 3.881 [...] SW 4 - HILUX SW4 SR AT N 300 3 3.379 3.386 4.031 45 0 0 11.144 [...] SW 4 - HILUX SW4 SR DIESEL 1 0 0 0 0 0 0 0 1 [...] HILUX SW4 SRV 1.135 919 2.653 991 295 216 687 0 6.896,fabricas_paginas/adefa_anuario2017_produccion_por_modelo,"ADEFA, producao na Argentina em 2010: 1563 unidades (soma das versoes)."
ar_toyota,Argentina,TOYOTA,HILUX SW4,automoveis,2011-01,2011-12,producao_no_exterior,ano_da_tabela,2011-12,https://www.adefa.org.ar/upload/anuarios/anuario2017/4.pdf#page=8,oficial,SW 4 - HILUX SW4 SR AT N 300 3 3.379 3.386 4.031 45 0 0 11.144 [...] HILUX SW4 SRV 1.135 919 2.653 991 295 216 687 0 6.896,fabricas_paginas/adefa_anuario2017_produccion_por_modelo,"ADEFA, producao na Argentina em 2011: 922 unidades (soma das versoes)."
ar_toyota,Argentina,TOYOTA,HILUX SW4,automoveis,2012-01,2012-12,producao_no_exterior,ano_da_tabela,2012-12,https://www.adefa.org.ar/upload/anuarios/anuario2017/4.pdf#page=8,oficial,HILUX SW4 SR 127 0 5 1.519 770 140 1.320 0 3.881 [...] SW 4 - HILUX SW4 SR AT N 300 3 3.379 3.386 4.031 45 0 0 11.144 [...] SW 4 - HILUX SW4 SRV 5AT 4X4 0 0 429 11.454 11.305 5.528 0 0 28.716 [...] HILUX SW4 SRV 1.135 919 2.653 991 295 216 687 0 6.896,fabricas_paginas/adefa_anuario2017_produccion_por_modelo,"ADEFA, producao na Argentina em 2012: 6466 unidades (soma das versoes)."
ar_toyota,Argentina,TOYOTA,HILUX SW4,automoveis,2013-01,2013-12,producao_no_exterior,ano_da_tabela,2013-12,https://www.adefa.org.ar/upload/anuarios/anuario2017/4.pdf#page=8,oficial,HILUX SW4 SR 127 0 5 1.519 770 140 1.320 0 3.881 [...] SW 4 - HILUX SW4 SR AT N 300 3 3.379 3.386 4.031 45 0 0 11.144 [...] SW 4 - HILUX SW4 SRV 5AT 4X4 0 0 429 11.454 11.305 5.528 0 0 28.716 [...] HILUX SW4 SRV 1.135 919 2.653 991 295 216 687 0 6.896,fabricas_paginas/adefa_anuario2017_produccion_por_modelo,"ADEFA, producao na Argentina em 2013: 17350 unidades (soma das versoes)."
ar_toyota,Argentina,TOYOTA,HILUX SW4,automoveis,2014-01,2014-12,producao_no_exterior,ano_da_tabela,2014-12,https://www.adefa.org.ar/upload/anuarios/anuario2017/4.pdf#page=8,oficial,HILUX SW4 SR 127 0 5 1.519 770 140 1.320 0 3.881 [...] SW 4 - HILUX SW4 SR AT N 300 3 3.379 3.386 4.031 45 0 0 11.144 [...] SW 4 - HILUX SW4 SRV 5AT 4X4 0 0 429 11.454 11.305 5.528 0 0 28.716 [...] HILUX SW4 SRV 1.135 919 2.653 991 295 216 687 0 6.896,fabricas_paginas/adefa_anuario2017_produccion_por_modelo,"ADEFA, producao na Argentina em 2014: 16401 unidades (soma das versoes)."
ar_toyota,Argentina,TOYOTA,HILUX SW4,automoveis,2015-01,2015-12,producao_no_exterior,ano_da_tabela,2015-12,https://www.adefa.org.ar/upload/anuarios/anuario2017/4.pdf#page=8,oficial,HILUX SW4 SR 127 0 5 1.519 770 140 1.320 0 3.881 [...] SW 4 - HILUX SW4 SR AT 0 0 0 0 0 3.918 0 0 3.918 [...] SW 4 - HILUX SW4 SR AT N 300 3 3.379 3.386 4.031 45 0 0 11.144 [...] SW 4 - HILUX SW4 SRV 5AT 4X4 0 0 429 11.454 11.305 5.528 0 0 28.716 [...] HILUX SW4 SRV 1.135 919 2.653 991 295 216 687 0 6.896 [...] HILUX SW4 SRX 0 0 0 0 0 345 16.522 0 16.867,fabricas_paginas/adefa_anuario2017_produccion_por_modelo,"ADEFA, producao na Argentina em 2015: 10192 unidades (soma das versoes)."
ar_toyota,Argentina,TOYOTA,HILUX SW4,automoveis,2016-01,2016-12,producao_no_exterior,ano_da_tabela,2016-12,https://www.adefa.org.ar/upload/anuarios/anuario2017/4.pdf#page=8,oficial,HILUX SW4 DX 0 0 0 0 0 0 1.775 0 1.775 [...] HILUX SW4 SR 127 0 5 1.519 770 140 1.320 0 3.881 [...] HILUX SW4 SRV 1.135 919 2.653 991 295 216 687 0 6.896 [...] HILUX SW4 SRX 0 0 0 0 0 345 16.522 0 16.867,fabricas_paginas/adefa_anuario2017_produccion_por_modelo,"ADEFA, producao na Argentina em 2016: 20304 unidades (soma das versoes)."
ar_toyota,Argentina,TOYOTA,HILUX SW4,automoveis,2018-01,2018-12,producao_no_exterior,ano_da_tabela,2018-12,https://www.adefa.org.ar/upload/anuarios/anuario2025/4.pdf#page=9,oficial,SW4 27.865 23.068 16.436 24.324 28.346 34.218 34.511 35.578 224.346,fabricas_paginas/adefa_anuario2025_produccion_por_modelo,"ADEFA, producao na Argentina em 2018: 27865 unidades (soma das versoes)."
ar_toyota,Argentina,TOYOTA,HILUX SW4,automoveis,2019-01,2019-12,producao_no_exterior,ano_da_tabela,2019-12,https://www.adefa.org.ar/upload/anuarios/anuario2025/4.pdf#page=9,oficial,SW4 27.865 23.068 16.436 24.324 28.346 34.218 34.511 35.578 224.346,fabricas_paginas/adefa_anuario2025_produccion_por_modelo,"ADEFA, producao na Argentina em 2019: 23068 unidades (soma das versoes)."
ar_toyota,Argentina,TOYOTA,HILUX SW4,automoveis,2020-01,2020-12,producao_no_exterior,ano_da_tabela,2020-12,https://www.adefa.org.ar/upload/anuarios/anuario2025/4.pdf#page=9,oficial,SW4 27.865 23.068 16.436 24.324 28.346 34.218 34.511 35.578 224.346,fabricas_paginas/adefa_anuario2025_produccion_por_modelo,"ADEFA, producao na Argentina em 2020: 16436 unidades (soma das versoes)."
ar_toyota,Argentina,TOYOTA,HILUX SW4,automoveis,2021-01,2021-12,producao_no_exterior,ano_da_tabela,2021-12,https://www.adefa.org.ar/upload/anuarios/anuario2025/4.pdf#page=9,oficial,SW4 27.865 23.068 16.436 24.324 28.346 34.218 34.511 35.578 224.346,fabricas_paginas/adefa_anuario2025_produccion_por_modelo,"ADEFA, producao na Argentina em 2021: 24324 unidades (soma das versoes)."
ar_toyota,Argentina,TOYOTA,HILUX SW4,automoveis,2022-01,2022-12,producao_no_exterior,ano_da_tabela,2022-12,https://www.adefa.org.ar/upload/anuarios/anuario2025/4.pdf#page=9,oficial,SW4 27.865 23.068 16.436 24.324 28.346 34.218 34.511 35.578 224.346,fabricas_paginas/adefa_anuario2025_produccion_por_modelo,"ADEFA, producao na Argentina em 2022: 28346 unidades (soma das versoes)."
ar_toyota,Argentina,TOYOTA,HILUX SW4,automoveis,2023-01,2023-12,producao_no_exterior,ano_da_tabela,2023-12,https://www.adefa.org.ar/upload/anuarios/anuario2025/4.pdf#page=9,oficial,SW4 27.865 23.068 16.436 24.324 28.346 34.218 34.511 35.578 224.346,fabricas_paginas/adefa_anuario2025_produccion_por_modelo,"ADEFA, producao na Argentina em 2023: 34218 unidades (soma das versoes)."
ar_toyota,Argentina,TOYOTA,HILUX SW4,automoveis,2024-01,2024-12,producao_no_exterior,ano_da_tabela,2024-12,https://www.adefa.org.ar/upload/anuarios/anuario2025/4.pdf#page=9,oficial,SW4 27.865 23.068 16.436 24.324 28.346 34.218 34.511 35.578 224.346,fabricas_paginas/adefa_anuario2025_produccion_por_modelo,"ADEFA, producao na Argentina em 2024: 34511 unidades (soma das versoes)."
ar_toyota,Argentina,TOYOTA,HILUX SW4,automoveis,2025-01,2025-12,producao_no_exterior,ano_da_tabela,2025-12,https://www.adefa.org.ar/upload/anuarios/anuario2025/4.pdf#page=9,oficial,SW4 27.865 23.068 16.436 24.324 28.346 34.218 34.511 35.578 224.346,fabricas_paginas/adefa_anuario2025_produccion_por_modelo,"ADEFA, producao na Argentina em 2025: 35578 unidades (soma das versoes)."
ar_toyota,Argentina,TOYOTA,HILUX,comerciais_leves,2002-01,2002-12,producao_no_exterior,ano_da_tabela,2002-12,https://www.adefa.org.ar/upload/anuarios/anuario2006/2_produccion-production.pdf#page=6,oficial,Hilux cabina doble - pick up Diesel 57.310 9.785 12.460 14.265 22.112 28.974 144.906 [...] Hilux cabina simple - pick up Diesel 17.605 1.265 2.625 3.007 661 58 25.221,fabricas_paginas/adefa_anuario2006_produccion_por_modelo,"ADEFA, producao na Argentina em 2002: 11050 unidades (soma das versoes)."
ar_toyota,Argentina,TOYOTA,HILUX,comerciais_leves,2003-01,2003-12,producao_no_exterior,ano_da_tabela,2003-12,https://www.adefa.org.ar/upload/anuarios/anuario2006/2_produccion-production.pdf#page=6,oficial,Hilux cabina doble - pick up Diesel 57.310 9.785 12.460 14.265 22.112 28.974 144.906 [...] Hilux cabina simple - pick up Diesel 17.605 1.265 2.625 3.007 661 58 25.221,fabricas_paginas/adefa_anuario2006_produccion_por_modelo,"ADEFA, producao na Argentina em 2003: 15085 unidades (soma das versoes)."
ar_toyota,Argentina,TOYOTA,HILUX,comerciais_leves,2004-01,2004-12,producao_no_exterior,ano_da_tabela,2004-12,https://www.adefa.org.ar/upload/anuarios/anuario2006/2_produccion-production.pdf#page=6,oficial,Hilux cabina doble - pick up Diesel 57.310 9.785 12.460 14.265 22.112 28.974 144.906 [...] Hilux cabina simple - pick up Diesel 17.605 1.265 2.625 3.007 661 58 25.221,fabricas_paginas/adefa_anuario2006_produccion_por_modelo,"ADEFA, producao na Argentina em 2004: 17272 unidades (soma das versoes)."
ar_toyota,Argentina,TOYOTA,HILUX,comerciais_leves,2005-01,2005-12,producao_no_exterior,ano_da_tabela,2005-12,https://www.adefa.org.ar/upload/anuarios/anuario2006/2_produccion-production.pdf#page=6,oficial,Hilux cabina doble - pick up Diesel 57.310 9.785 12.460 14.265 22.112 28.974 144.906 [...] Hilux cabina simple - pick up Diesel 17.605 1.265 2.625 3.007 661 58 25.221,fabricas_paginas/adefa_anuario2006_produccion_por_modelo,"ADEFA, producao na Argentina em 2005: 22773 unidades (soma das versoes)."
ar_toyota,Argentina,TOYOTA,HILUX,comerciais_leves,2006-01,2006-12,producao_no_exterior,ano_da_tabela,2006-12,https://www.adefa.org.ar/upload/anuarios/anuario2006/2_produccion-production.pdf#page=6,oficial,Hilux cabina doble - pick up Diesel 57.310 9.785 12.460 14.265 22.112 28.974 144.906 [...] Hilux cabina simple - pick up Diesel 17.605 1.265 2.625 3.007 661 58 25.221,fabricas_paginas/adefa_anuario2006_produccion_por_modelo,"ADEFA, producao na Argentina em 2006: 29032 unidades (soma das versoes)."
ar_toyota,Argentina,TOYOTA,HILUX,comerciais_leves,2008-01,2008-12,producao_no_exterior,ano_da_tabela,2008-12,https://www.adefa.org.ar/upload/anuarios/anuario2013/4.pdf#page=9,oficial,HILUX - PICK UP NAFTA 54.273 0 0 0 0 0 54.273 [...] HILUX CABINA DOBLE - PICK UP DIESEL 437 0 0 0 0 0 437 [...] HILUX CABINA SIMPLE - PICK UP DIESEL 136 0 0 0 0 0 136,fabricas_paginas/adefa_anuario2013_produccion_por_modelo,"ADEFA, producao na Argentina em 2008: 54846 unidades (soma das versoes)."
ar_toyota,Argentina,TOYOTA,HILUX,comerciais_leves,2009-01,2009-12,producao_no_exterior,ano_da_tabela,2009-12,https://www.adefa.org.ar/upload/anuarios/anuario2013/4.pdf#page=9,oficial,HILUX - 4X4 DC DLX - PICK-UP 0 326 545 652 6 667 2.196 [...] HILUX - DX DIESEL 4P 0 14.281 14.107 16.040 17.889 19.137 81.454 [...] HILUX - SR DIESEL 4P 0 3.806 4.965 5.009 12.863 7.512 34.155 [...] HILUX - SRV NAFTA 4P 0 30.039 32.656 34.814 42.094 14.394 153.997 [...] HILUX NUEVA - DX 2P 4X2 0 50 33 7 17 17 124 [...] HILUX NUEVA - DX 4P 4X2 0 5.406 6.115 1.100 3.222 2.053 17.896 [...] HILUX NUEVA - DX 4P 4X4 0 696 573 316 76 292 1.953 [...] HILUX NUEVA - SR 0 514 750 0 0 0 1.264 [...] HILUX NUEVA - SRV 2.7 N 0 1 0 4 23 237 265,fabricas_paginas/adefa_anuario2013_produccion_por_modelo,"ADEFA, producao na Argentina em 2009: 55119 unidades (soma das versoes)."
ar_toyota,Argentina,TOYOTA,HILUX,comerciais_leves,2010-01,2010-12,producao_no_exterior,ano_da_tabela,2010-12,https://www.adefa.org.ar/upload/anuarios/anuario2017/4.pdf#page=8,oficial,HILUX - 4X4 DC DLX - PICK-UP 545 652 6 667 0 0 0 0 1.870 [...] HILUX - DX DIESEL 4P 14.107 16.040 17.889 19.137 11.807 22.020 14.568 0 115.568 [...] HILUX - SR DIESEL 4P 4.965 5.009 12.863 7.512 9.652 8.566 0 0 48.567 [...] HILUX - SRV NAFTA 4P 32.656 34.814 42.094 14.394 14.887 2.013 0 0 140.858 [...] HILUX NUEVA - DX 2P 4X2 33 7 17 17 2.348 0 0 0 2.422 [...] HILUX NUEVA - DX 4P 4X2 6.115 1.100 3.222 2.053 3.051 0 0 0 15.541 [...] HILUX NUEVA - DX 4P 4X4 573 316 76 292 161 390 0 0 1.808 [...] HILUX NUEVA - SR 750 0 0 0 0 335 7.757 0 8.842,fabricas_paginas/adefa_anuario2017_produccion_por_modelo,"ADEFA, producao na Argentina em 2010: 59744 unidades (soma das versoes)."
ar_toyota,Argentina,TOYOTA,HILUX,comerciais_leves,2011-01,2011-12,producao_no_exterior,ano_da_tabela,2011-12,https://www.adefa.org.ar/upload/anuarios/anuario2017/4.pdf#page=8,oficial,HILUX - 4X4 DC DLX - PICK-UP 545 652 6 667 0 0 0 0 1.870 [...] HILUX - DX DIESEL 4P 14.107 16.040 17.889 19.137 11.807 22.020 14.568 0 115.568 [...] HILUX - SR DIESEL 4P 4.965 5.009 12.863 7.512 9.652 8.566 0 0 48.567 [...] HILUX - SRV NAFTA 4P 32.656 34.814 42.094 14.394 14.887 2.013 0 0 140.858 [...] HILUX NUEVA - DX 2P 4X2 33 7 17 17 2.348 0 0 0 2.422 [...] HILUX NUEVA - DX 4P 4X2 6.115 1.100 3.222 2.053 3.051 0 0 0 15.541 [...] HILUX NUEVA - DX 4P 4X4 573 316 76 292 161 390 0 0 1.808 [...] HILUX NUEVA - SRV 2.7 N 0 4 23 237 137 0 0 0 401,fabricas_paginas/adefa_anuario2017_produccion_por_modelo,"ADEFA, producao na Argentina em 2011: 57942 unidades (soma das versoes)."
ar_toyota,Argentina,TOYOTA,HILUX,comerciais_leves,2012-01,2012-12,producao_no_exterior,ano_da_tabela,2012-12,https://www.adefa.org.ar/upload/anuarios/anuario2017/4.pdf#page=8,oficial,HILUX - 4X4 DC DLX - PICK-UP 545 652 6 667 0 0 0 0 1.870 [...] HILUX - DX DIESEL 4P 14.107 16.040 17.889 19.137 11.807 22.020 14.568 0 115.568 [...] HILUX - SR DIESEL 4P 4.965 5.009 12.863 7.512 9.652 8.566 0 0 48.567 [...] HILUX - SRV NAFTA 4P 32.656 34.814 42.094 14.394 14.887 2.013 0 0 140.858 [...] HILUX NUEVA - CC 0 0 407 0 0 0 0 0 407 [...] HILUX NUEVA - DX 2P 4X2 33 7 17 17 2.348 0 0 0 2.422 [...] HILUX NUEVA - DX 4P 4X2 6.115 1.100 3.222 2.053 3.051 0 0 0 15.541 [...] HILUX NUEVA - DX 4P 4X4 573 316 76 292 161 390 0 0 1.808 [...] HILUX NUEVA - SRV 2.7 N 0 4 23 237 137 0 0 0 401 [...] HILUX NUEVA - SRV 4X4 N 0 0 22 2.402 2.154 9.933 30.647 0 45.158 [...] HILUX NUEVA - SRV 5AT 4X4 0 0 519 29.641 30.435 17.433 0 0 78.028,fabricas_paginas/adefa_anuario2017_produccion_por_modelo,"ADEFA, producao na Argentina em 2012: 77138 unidades (soma das versoes)."
ar_toyota,Argentina,TOYOTA,HILUX,comerciais_leves,2013-01,2013-12,producao_no_exterior,ano_da_tabela,2013-12,https://www.adefa.org.ar/upload/anuarios/anuario2017/4.pdf#page=8,oficial,HILUX - 4X4 DC DLX - PICK-UP 545 652 6 667 0 0 0 0 1.870 [...] HILUX - DX DIESEL 4P 14.107 16.040 17.889 19.137 11.807 22.020 14.568 0 115.568 [...] HILUX - SR DIESEL 4P 4.965 5.009 12.863 7.512 9.652 8.566 0 0 48.567 [...] HILUX - SRV NAFTA 4P 32.656 34.814 42.094 14.394 14.887 2.013 0 0 140.858 [...] HILUX NUEVA - DX 2P 4X2 33 7 17 17 2.348 0 0 0 2.422 [...] HILUX NUEVA - DX 4P 4X2 6.115 1.100 3.222 2.053 3.051 0 0 0 15.541 [...] HILUX NUEVA - DX 4P 4X4 573 316 76 292 161 390 0 0 1.808 [...] HILUX NUEVA - SRV 2.7 N 0 4 23 237 137 0 0 0 401 [...] HILUX NUEVA - SRV 4X4 N 0 0 22 2.402 2.154 9.933 30.647 0 45.158 [...] HILUX NUEVA - SRV 5AT 4X4 0 0 519 29.641 30.435 17.433 0 0 78.028,fabricas_paginas/adefa_anuario2017_produccion_por_modelo,"ADEFA, producao na Argentina em 2013: 76352 unidades (soma das versoes)."
ar_toyota,Argentina,TOYOTA,HILUX,comerciais_leves,2014-01,2014-12,producao_no_exterior,ano_da_tabela,2014-12,https://www.adefa.org.ar/upload/anuarios/anuario2017/4.pdf#page=8,oficial,HILUX - DX DIESEL 4P 14.107 16.040 17.889 19.137 11.807 22.020 14.568 0 115.568 [...] HILUX - SR DIESEL 4P 4.965 5.009 12.863 7.512 9.652 8.566 0 0 48.567 [...] HILUX - SRV NAFTA 4P 32.656 34.814 42.094 14.394 14.887 2.013 0 0 140.858 [...] HILUX NUEVA - C&C 2P 4X4 0 0 0 0 577 884 158 0 1.619 [...] HILUX NUEVA - DX 2P 4X2 33 7 17 17 2.348 0 0 0 2.422 [...] HILUX NUEVA - DX 2P 4X4 0 0 0 0 4.124 0 0 0 4.124 [...] HILUX NUEVA - DX 4P 4X2 6.115 1.100 3.222 2.053 3.051 0 0 0 15.541 [...] HILUX NUEVA - DX 4P 4X4 573 316 76 292 161 390 0 0 1.808 [...] HILUX NUEVA - SRV 2.7 N 0 4 23 237 137 0 0 0 401 [...] HILUX NUEVA - SRV 4X4 N 0 0 22 2.402 2.154 9.933 30.647 0 45.158 [...] HILUX NUEVA - SRV 5AT 4X4 0 0 519 29.641 30.435 17.433 0 0 78.028,fabricas_paginas/adefa_anuario2017_produccion_por_modelo,"ADEFA, producao na Argentina em 2014: 79333 unidades (soma das versoes)."
ar_toyota,Argentina,TOYOTA,HILUX,comerciais_leves,2015-01,2015-12,producao_no_exterior,ano_da_tabela,2015-12,https://www.adefa.org.ar/upload/anuarios/anuario2017/4.pdf#page=8,oficial,HILUX - DX DIESEL 4P 14.107 16.040 17.889 19.137 11.807 22.020 14.568 0 115.568 [...] HILUX - SR DIESEL 4P 4.965 5.009 12.863 7.512 9.652 8.566 0 0 48.567 [...] HILUX - SRV NAFTA 4P 32.656 34.814 42.094 14.394 14.887 2.013 0 0 140.858 [...] HILUX NUEVA - C&C 2P 4X4 0 0 0 0 577 884 158 0 1.619 [...] HILUX NUEVA - DX 4P 4X4 573 316 76 292 161 390 0 0 1.808 [...] HILUX NUEVA - SR 750 0 0 0 0 335 7.757 0 8.842 [...] HILUX NUEVA - SRV 4X4 N 0 0 22 2.402 2.154 9.933 30.647 0 45.158 [...] HILUX NUEVA - SRV 5AT 4X4 0 0 519 29.641 30.435 17.433 0 0 78.028 [...] HILUX NUEVA - SRX 0 0 0 0 0 4.556 24.375 0 28.931,fabricas_paginas/adefa_anuario2017_produccion_por_modelo,"ADEFA, producao na Argentina em 2015: 66130 unidades (soma das versoes)."
ar_toyota,Argentina,TOYOTA,HILUX,comerciais_leves,2016-01,2016-12,producao_no_exterior,ano_da_tabela,2016-12,https://www.adefa.org.ar/upload/anuarios/anuario2017/4.pdf#page=8,oficial,HILUX - DX DIESEL 4P 14.107 16.040 17.889 19.137 11.807 22.020 14.568 0 115.568 [...] HILUX NUEVA - C&C 2P 4X4 0 0 0 0 577 884 158 0 1.619 [...] HILUX NUEVA - SR 750 0 0 0 0 335 7.757 0 8.842 [...] HILUX NUEVA - SRV 4X4 N 0 0 22 2.402 2.154 9.933 30.647 0 45.158 [...] HILUX NUEVA - SRX 0 0 0 0 0 4.556 24.375 0 28.931,fabricas_paginas/adefa_anuario2017_produccion_por_modelo,"ADEFA, producao na Argentina em 2016: 77505 unidades (soma das versoes)."
ar_toyota,Argentina,TOYOTA,HILUX,comerciais_leves,2017-01,2017-12,producao_no_exterior,ano_da_tabela,2017-12,https://www.adefa.org.ar/upload/anuarios/anuario2017/4.pdf#page=8,oficial,NEW HILUX DX 0 0 0 0 0 0 0 29.962 29.962 [...] NEW HILUX DX GAS DC 0 0 0 0 0 0 0 122 122 [...] NEW HILUX SR 0 0 0 0 0 0 0 15.540 15.540 [...] NEW HILUX SRV 0 0 0 0 0 0 0 35.283 35.283 [...] NEW HILUX SRX 0 0 0 0 0 0 0 22.238 22.238,fabricas_paginas/adefa_anuario2017_produccion_por_modelo,"ADEFA, producao na Argentina em 2017: 103145 unidades (soma das versoes)."
ar_toyota,Argentina,TOYOTA,HILUX,comerciais_leves,2018-01,2018-12,producao_no_exterior,ano_da_tabela,2018-12,https://www.adefa.org.ar/upload/anuarios/anuario2025/4.pdf#page=9,oficial,HILUX 113.360 101.992 77.392 116.961 138.357 146.983 134.426 142.078 971.549,fabricas_paginas/adefa_anuario2025_produccion_por_modelo,"ADEFA, producao na Argentina em 2018: 113360 unidades (soma das versoes)."
ar_toyota,Argentina,TOYOTA,HILUX,comerciais_leves,2019-01,2019-12,producao_no_exterior,ano_da_tabela,2019-12,https://www.adefa.org.ar/upload/anuarios/anuario2025/4.pdf#page=9,oficial,HILUX 113.360 101.992 77.392 116.961 138.357 146.983 134.426 142.078 971.549,fabricas_paginas/adefa_anuario2025_produccion_por_modelo,"ADEFA, producao na Argentina em 2019: 101992 unidades (soma das versoes)."
ar_toyota,Argentina,TOYOTA,HILUX,comerciais_leves,2020-01,2020-12,producao_no_exterior,ano_da_tabela,2020-12,https://www.adefa.org.ar/upload/anuarios/anuario2025/4.pdf#page=9,oficial,HILUX 113.360 101.992 77.392 116.961 138.357 146.983 134.426 142.078 971.549,fabricas_paginas/adefa_anuario2025_produccion_por_modelo,"ADEFA, producao na Argentina em 2020: 77392 unidades (soma das versoes)."
ar_toyota,Argentina,TOYOTA,HILUX,comerciais_leves,2021-01,2021-12,producao_no_exterior,ano_da_tabela,2021-12,https://www.adefa.org.ar/upload/anuarios/anuario2025/4.pdf#page=9,oficial,HILUX 113.360 101.992 77.392 116.961 138.357 146.983 134.426 142.078 971.549,fabricas_paginas/adefa_anuario2025_produccion_por_modelo,"ADEFA, producao na Argentina em 2021: 116961 unidades (soma das versoes)."
ar_toyota,Argentina,TOYOTA,HILUX,comerciais_leves,2022-01,2022-12,producao_no_exterior,ano_da_tabela,2022-12,https://www.adefa.org.ar/upload/anuarios/anuario2025/4.pdf#page=9,oficial,HILUX 113.360 101.992 77.392 116.961 138.357 146.983 134.426 142.078 971.549,fabricas_paginas/adefa_anuario2025_produccion_por_modelo,"ADEFA, producao na Argentina em 2022: 138357 unidades (soma das versoes)."
ar_toyota,Argentina,TOYOTA,HILUX,comerciais_leves,2023-01,2023-12,producao_no_exterior,ano_da_tabela,2023-12,https://www.adefa.org.ar/upload/anuarios/anuario2025/4.pdf#page=9,oficial,HILUX 113.360 101.992 77.392 116.961 138.357 146.983 134.426 142.078 971.549,fabricas_paginas/adefa_anuario2025_produccion_por_modelo,"ADEFA, producao na Argentina em 2023: 146983 unidades (soma das versoes)."
ar_toyota,Argentina,TOYOTA,HILUX,comerciais_leves,2024-01,2024-12,producao_no_exterior,ano_da_tabela,2024-12,https://www.adefa.org.ar/upload/anuarios/anuario2025/4.pdf#page=9,oficial,HILUX 113.360 101.992 77.392 116.961 138.357 146.983 134.426 142.078 971.549,fabricas_paginas/adefa_anuario2025_produccion_por_modelo,"ADEFA, producao na Argentina em 2024: 134426 unidades (soma das versoes)."
ar_toyota,Argentina,TOYOTA,HILUX,comerciais_leves,2025-01,2025-12,producao_no_exterior,ano_da_tabela,2025-12,https://www.adefa.org.ar/upload/anuarios/anuario2025/4.pdf#page=9,oficial,HILUX 113.360 101.992 77.392 116.961 138.357 146.983 134.426 142.078 971.549,fabricas_paginas/adefa_anuario2025_produccion_por_modelo,"ADEFA, producao na Argentina em 2025: 142078 unidades (soma das versoes)."
ar_vw,Argentina,VW,AMAROK,comerciais_leves,2009-01,2009-12,producao_no_exterior,ano_da_tabela,2009-12,https://www.adefa.org.ar/upload/anuarios/anuario2013/4.pdf#page=9,oficial,AMAROK - DC 2.0T DIESEL 0 145 12.729 16.666 14.793 16.449 60.782 [...] AMAROK - DC 2.0T DIESEL EXPO 0 48 31.794 60.299 55.509 50.588 198.238,fabricas_paginas/adefa_anuario2013_produccion_por_modelo,"ADEFA, producao na Argentina em 2009: 193 unidades (soma das versoes)."
ar_vw,Argentina,VW,AMAROK,comerciais_leves,2010-01,2010-12,producao_no_exterior,ano_da_tabela,2010-12,https://www.adefa.org.ar/upload/anuarios/anuario2013/4.pdf#page=9,oficial,AMAROK - DC 2.0T DIESEL 0 145 12.729 16.666 14.793 16.449 60.782 [...] AMAROK - DC 2.0T DIESEL EXPO 0 48 31.794 60.299 55.509 50.588 198.238,fabricas_paginas/adefa_anuario2013_produccion_por_modelo,"ADEFA, producao na Argentina em 2010: 44523 unidades (soma das versoes)."
ar_vw,Argentina,VW,AMAROK,comerciais_leves,2011-01,2011-12,producao_no_exterior,ano_da_tabela,2011-12,https://www.adefa.org.ar/upload/anuarios/anuario2013/4.pdf#page=9,oficial,AMAROK - DC 2.0T DIESEL 0 145 12.729 16.666 14.793 16.449 60.782 [...] AMAROK - DC 2.0T DIESEL EXPO 0 48 31.794 60.299 55.509 50.588 198.238,fabricas_paginas/adefa_anuario2013_produccion_por_modelo,"ADEFA, producao na Argentina em 2011: 76965 unidades (soma das versoes)."
ar_vw,Argentina,VW,AMAROK,comerciais_leves,2012-01,2012-12,producao_no_exterior,ano_da_tabela,2012-12,https://www.adefa.org.ar/upload/anuarios/anuario2013/4.pdf#page=9,oficial,AMAROK - DC 2.0T DIESEL 0 145 12.729 16.666 14.793 16.449 60.782 [...] AMAROK - DC 2.0T DIESEL EXPO 0 48 31.794 60.299 55.509 50.588 198.238,fabricas_paginas/adefa_anuario2013_produccion_por_modelo,"ADEFA, producao na Argentina em 2012: 70302 unidades (soma das versoes)."
ar_vw,Argentina,VW,AMAROK,comerciais_leves,2013-01,2013-12,producao_no_exterior,ano_da_tabela,2013-12,https://www.adefa.org.ar/upload/anuarios/anuario2013/4.pdf#page=9,oficial,AMAROK - DC 2.0T DIESEL 0 145 12.729 16.666 14.793 16.449 60.782 [...] AMAROK - DC 2.0T DIESEL EXPO 0 48 31.794 60.299 55.509 50.588 198.238,fabricas_paginas/adefa_anuario2013_produccion_por_modelo,"ADEFA, producao na Argentina em 2013: 67037 unidades (soma das versoes)."
ar_vw,Argentina,VW,AMAROK,comerciais_leves,2018-01,2018-12,producao_no_exterior,ano_da_tabela,2018-12,https://www.adefa.org.ar/upload/anuarios/anuario2025/4.pdf#page=9,oficial,AMAROK 61.247 41.914 25.883 42.762 42.807 43.528 28.874 26.144 313.159,fabricas_paginas/adefa_anuario2025_produccion_por_modelo,"ADEFA, producao na Argentina em 2018: 61247 unidades (soma das versoes)."
ar_vw,Argentina,VW,AMAROK,comerciais_leves,2019-01,2019-12,producao_no_exterior,ano_da_tabela,2019-12,https://www.adefa.org.ar/upload/anuarios/anuario2025/4.pdf#page=9,oficial,AMAROK 61.247 41.914 25.883 42.762 42.807 43.528 28.874 26.144 313.159,fabricas_paginas/adefa_anuario2025_produccion_por_modelo,"ADEFA, producao na Argentina em 2019: 41914 unidades (soma das versoes)."
ar_vw,Argentina,VW,AMAROK,comerciais_leves,2020-01,2020-12,producao_no_exterior,ano_da_tabela,2020-12,https://www.adefa.org.ar/upload/anuarios/anuario2025/4.pdf#page=9,oficial,AMAROK 61.247 41.914 25.883 42.762 42.807 43.528 28.874 26.144 313.159,fabricas_paginas/adefa_anuario2025_produccion_por_modelo,"ADEFA, producao na Argentina em 2020: 25883 unidades (soma das versoes)."
ar_vw,Argentina,VW,AMAROK,comerciais_leves,2021-01,2021-12,producao_no_exterior,ano_da_tabela,2021-12,https://www.adefa.org.ar/upload/anuarios/anuario2025/4.pdf#page=9,oficial,AMAROK 61.247 41.914 25.883 42.762 42.807 43.528 28.874 26.144 313.159,fabricas_paginas/adefa_anuario2025_produccion_por_modelo,"ADEFA, producao na Argentina em 2021: 42762 unidades (soma das versoes)."
ar_vw,Argentina,VW,AMAROK,comerciais_leves,2022-01,2022-12,producao_no_exterior,ano_da_tabela,2022-12,https://www.adefa.org.ar/upload/anuarios/anuario2025/4.pdf#page=9,oficial,AMAROK 61.247 41.914 25.883 42.762 42.807 43.528 28.874 26.144 313.159,fabricas_paginas/adefa_anuario2025_produccion_por_modelo,"ADEFA, producao na Argentina em 2022: 42807 unidades (soma das versoes)."
ar_vw,Argentina,VW,AMAROK,comerciais_leves,2023-01,2023-12,producao_no_exterior,ano_da_tabela,2023-12,https://www.adefa.org.ar/upload/anuarios/anuario2025/4.pdf#page=9,oficial,AMAROK 61.247 41.914 25.883 42.762 42.807 43.528 28.874 26.144 313.159,fabricas_paginas/adefa_anuario2025_produccion_por_modelo,"ADEFA, producao na Argentina em 2023: 43528 unidades (soma das versoes)."
ar_vw,Argentina,VW,AMAROK,comerciais_leves,2024-01,2024-12,producao_no_exterior,ano_da_tabela,2024-12,https://www.adefa.org.ar/upload/anuarios/anuario2025/4.pdf#page=9,oficial,AMAROK 61.247 41.914 25.883 42.762 42.807 43.528 28.874 26.144 313.159,fabricas_paginas/adefa_anuario2025_produccion_por_modelo,"ADEFA, producao na Argentina em 2024: 28874 unidades (soma das versoes)."
ar_vw,Argentina,VW,AMAROK,comerciais_leves,2025-01,2025-12,producao_no_exterior,ano_da_tabela,2025-12,https://www.adefa.org.ar/upload/anuarios/anuario2025/4.pdf#page=9,oficial,AMAROK 61.247 41.914 25.883 42.762 42.807 43.528 28.874 26.144 313.159,fabricas_paginas/adefa_anuario2025_produccion_por_modelo,"ADEFA, producao na Argentina em 2025: 26144 unidades (soma das versoes)."
ar_vw,Argentina,VW,SPACE FOX,automoveis,2006-01,2006-12,producao_no_exterior,ano_da_tabela,2006-12,https://www.adefa.org.ar/upload/anuarios/anuario2006/2_produccion-production.pdf#page=6,oficial,VW SURAN - 1.6 N 0 0 0 0 0 32.601 32.601,fabricas_paginas/adefa_anuario2006_produccion_por_modelo,"ADEFA, producao na Argentina em 2006: 32601 unidades (soma das versoes)."
ar_vw,Argentina,VW,SPACE FOX,automoveis,2008-01,2008-12,producao_no_exterior,ano_da_tabela,2008-12,https://www.adefa.org.ar/upload/anuarios/anuario2013/4.pdf#page=9,oficial,VW SURAN - 1.6 N 49.979 43.386 40.798 48.473 37.602 39.674 259.912 [...] VW SURAN - 1.9 DIESEL 2.653 1.550 183 0 0 0 4.386,fabricas_paginas/adefa_anuario2013_produccion_por_modelo,"ADEFA, producao na Argentina em 2008: 52632 unidades (soma das versoes)."
ar_vw,Argentina,VW,SPACE FOX,automoveis,2009-01,2009-12,producao_no_exterior,ano_da_tabela,2009-12,https://www.adefa.org.ar/upload/anuarios/anuario2013/4.pdf#page=9,oficial,VW SURAN - 1.6 N 49.979 43.386 40.798 48.473 37.602 39.674 259.912 [...] VW SURAN - 1.9 DIESEL 2.653 1.550 183 0 0 0 4.386,fabricas_paginas/adefa_anuario2013_produccion_por_modelo,"ADEFA, producao na Argentina em 2009: 44936 unidades (soma das versoes)."
ar_vw,Argentina,VW,SPACE FOX,automoveis,2010-01,2010-12,producao_no_exterior,ano_da_tabela,2010-12,https://www.adefa.org.ar/upload/anuarios/anuario2013/4.pdf#page=9,oficial,VW SURAN - 1.6 N 49.979 43.386 40.798 48.473 37.602 39.674 259.912 [...] VW SURAN - 1.9 DIESEL 2.653 1.550 183 0 0 0 4.386,fabricas_paginas/adefa_anuario2013_produccion_por_modelo,"ADEFA, producao na Argentina em 2010: 40981 unidades (soma das versoes)."
ar_vw,Argentina,VW,SPACE FOX,automoveis,2011-01,2011-12,producao_no_exterior,ano_da_tabela,2011-12,https://www.adefa.org.ar/upload/anuarios/anuario2013/4.pdf#page=9,oficial,VW SURAN - 1.6 N 49.979 43.386 40.798 48.473 37.602 39.674 259.912,fabricas_paginas/adefa_anuario2013_produccion_por_modelo,"ADEFA, producao na Argentina em 2011: 48473 unidades (soma das versoes)."
ar_vw,Argentina,VW,SPACE FOX,automoveis,2012-01,2012-12,producao_no_exterior,ano_da_tabela,2012-12,https://www.adefa.org.ar/upload/anuarios/anuario2013/4.pdf#page=9,oficial,VW SURAN - 1.6 N 49.979 43.386 40.798 48.473 37.602 39.674 259.912,fabricas_paginas/adefa_anuario2013_produccion_por_modelo,"ADEFA, producao na Argentina em 2012: 37602 unidades (soma das versoes)."
ar_vw,Argentina,VW,SPACE FOX,automoveis,2013-01,2013-12,producao_no_exterior,ano_da_tabela,2013-12,https://www.adefa.org.ar/upload/anuarios/anuario2013/4.pdf#page=9,oficial,VW SURAN - 1.6 N 49.979 43.386 40.798 48.473 37.602 39.674 259.912,fabricas_paginas/adefa_anuario2013_produccion_por_modelo,"ADEFA, producao na Argentina em 2013: 39674 unidades (soma das versoes)."
ar_vw,Argentina,VW,SPACE FOX,automoveis,2018-01,2018-12,producao_no_exterior,ano_da_tabela,2018-12,https://www.adefa.org.ar/upload/anuarios/anuario2025/4.pdf#page=9,oficial,SURAN 15.437 600 0 0 0 0 0 0 16.037,fabricas_paginas/adefa_anuario2025_produccion_por_modelo,"ADEFA, producao na Argentina em 2018: 15437 unidades (soma das versoes)."
ar_vw,Argentina,VW,SPACE FOX,automoveis,2019-01,2019-12,producao_no_exterior,ano_da_tabela,2019-12,https://www.adefa.org.ar/upload/anuarios/anuario2025/4.pdf#page=9,oficial,SURAN 15.437 600 0 0 0 0 0 0 16.037,fabricas_paginas/adefa_anuario2025_produccion_por_modelo,"ADEFA, producao na Argentina em 2019: 600 unidades (soma das versoes)."
ar_vw,Argentina,VW,SPACECROSS,automoveis,2006-01,2006-12,producao_no_exterior,ano_da_tabela,2006-12,https://www.adefa.org.ar/upload/anuarios/anuario2006/2_produccion-production.pdf#page=6,oficial,VW SURAN - 1.6 N 0 0 0 0 0 32.601 32.601,fabricas_paginas/adefa_anuario2006_produccion_por_modelo,"ADEFA, producao na Argentina em 2006: 32601 unidades (soma das versoes)."
ar_vw,Argentina,VW,SPACECROSS,automoveis,2008-01,2008-12,producao_no_exterior,ano_da_tabela,2008-12,https://www.adefa.org.ar/upload/anuarios/anuario2013/4.pdf#page=9,oficial,VW SURAN - 1.6 N 49.979 43.386 40.798 48.473 37.602 39.674 259.912 [...] VW SURAN - 1.9 DIESEL 2.653 1.550 183 0 0 0 4.386,fabricas_paginas/adefa_anuario2013_produccion_por_modelo,"ADEFA, producao na Argentina em 2008: 52632 unidades (soma das versoes)."
ar_vw,Argentina,VW,SPACECROSS,automoveis,2009-01,2009-12,producao_no_exterior,ano_da_tabela,2009-12,https://www.adefa.org.ar/upload/anuarios/anuario2013/4.pdf#page=9,oficial,VW SURAN - 1.6 N 49.979 43.386 40.798 48.473 37.602 39.674 259.912 [...] VW SURAN - 1.9 DIESEL 2.653 1.550 183 0 0 0 4.386,fabricas_paginas/adefa_anuario2013_produccion_por_modelo,"ADEFA, producao na Argentina em 2009: 44936 unidades (soma das versoes)."
ar_vw,Argentina,VW,SPACECROSS,automoveis,2010-01,2010-12,producao_no_exterior,ano_da_tabela,2010-12,https://www.adefa.org.ar/upload/anuarios/anuario2013/4.pdf#page=9,oficial,VW SURAN - 1.6 N 49.979 43.386 40.798 48.473 37.602 39.674 259.912 [...] VW SURAN - 1.9 DIESEL 2.653 1.550 183 0 0 0 4.386,fabricas_paginas/adefa_anuario2013_produccion_por_modelo,"ADEFA, producao na Argentina em 2010: 40981 unidades (soma das versoes)."
ar_vw,Argentina,VW,SPACECROSS,automoveis,2011-01,2011-12,producao_no_exterior,ano_da_tabela,2011-12,https://www.adefa.org.ar/upload/anuarios/anuario2013/4.pdf#page=9,oficial,VW SURAN - 1.6 N 49.979 43.386 40.798 48.473 37.602 39.674 259.912,fabricas_paginas/adefa_anuario2013_produccion_por_modelo,"ADEFA, producao na Argentina em 2011: 48473 unidades (soma das versoes)."
ar_vw,Argentina,VW,SPACECROSS,automoveis,2012-01,2012-12,producao_no_exterior,ano_da_tabela,2012-12,https://www.adefa.org.ar/upload/anuarios/anuario2013/4.pdf#page=9,oficial,VW SURAN - 1.6 N 49.979 43.386 40.798 48.473 37.602 39.674 259.912,fabricas_paginas/adefa_anuario2013_produccion_por_modelo,"ADEFA, producao na Argentina em 2012: 37602 unidades (soma das versoes)."
ar_vw,Argentina,VW,SPACECROSS,automoveis,2013-01,2013-12,producao_no_exterior,ano_da_tabela,2013-12,https://www.adefa.org.ar/upload/anuarios/anuario2013/4.pdf#page=9,oficial,VW SURAN - 1.6 N 49.979 43.386 40.798 48.473 37.602 39.674 259.912,fabricas_paginas/adefa_anuario2013_produccion_por_modelo,"ADEFA, producao na Argentina em 2013: 39674 unidades (soma das versoes)."
ar_vw,Argentina,VW,SPACECROSS,automoveis,2018-01,2018-12,producao_no_exterior,ano_da_tabela,2018-12,https://www.adefa.org.ar/upload/anuarios/anuario2025/4.pdf#page=9,oficial,SURAN 15.437 600 0 0 0 0 0 0 16.037,fabricas_paginas/adefa_anuario2025_produccion_por_modelo,"ADEFA, producao na Argentina em 2018: 15437 unidades (soma das versoes)."
ar_vw,Argentina,VW,SPACECROSS,automoveis,2019-01,2019-12,producao_no_exterior,ano_da_tabela,2019-12,https://www.adefa.org.ar/upload/anuarios/anuario2025/4.pdf#page=9,oficial,SURAN 15.437 600 0 0 0 0 0 0 16.037,fabricas_paginas/adefa_anuario2025_produccion_por_modelo,"ADEFA, producao na Argentina em 2019: 600 unidades (soma das versoes)."
ar_vw,Argentina,VW,TAOS,automoveis,2021-01,2021-12,producao_no_exterior,ano_da_tabela,2021-12,https://www.adefa.org.ar/upload/anuarios/anuario2025/4.pdf#page=9,oficial,TAOS 0 0 0 17.709 27.728 33.372 34.279 19.362 132.450,fabricas_paginas/adefa_anuario2025_produccion_por_modelo,"ADEFA, producao na Argentina em 2021: 17709 unidades (soma das versoes)."
ar_vw,Argentina,VW,TAOS,automoveis,2022-01,2022-12,producao_no_exterior,ano_da_tabela,2022-12,https://www.adefa.org.ar/upload/anuarios/anuario2025/4.pdf#page=9,oficial,TAOS 0 0 0 17.709 27.728 33.372 34.279 19.362 132.450,fabricas_paginas/adefa_anuario2025_produccion_por_modelo,"ADEFA, producao na Argentina em 2022: 27728 unidades (soma das versoes)."
ar_vw,Argentina,VW,TAOS,automoveis,2023-01,2023-12,producao_no_exterior,ano_da_tabela,2023-12,https://www.adefa.org.ar/upload/anuarios/anuario2025/4.pdf#page=9,oficial,TAOS 0 0 0 17.709 27.728 33.372 34.279 19.362 132.450,fabricas_paginas/adefa_anuario2025_produccion_por_modelo,"ADEFA, producao na Argentina em 2023: 33372 unidades (soma das versoes)."
ar_vw,Argentina,VW,TAOS,automoveis,2024-01,2024-12,producao_no_exterior,ano_da_tabela,2024-12,https://www.adefa.org.ar/upload/anuarios/anuario2025/4.pdf#page=9,oficial,TAOS 0 0 0 17.709 27.728 33.372 34.279 19.362 132.450,fabricas_paginas/adefa_anuario2025_produccion_por_modelo,"ADEFA, producao na Argentina em 2024: 34279 unidades (soma das versoes)."
ar_vw,Argentina,VW,TAOS,automoveis,2025-01,2025-12,producao_no_exterior,ano_da_tabela,2025-12,https://www.adefa.org.ar/upload/anuarios/anuario2025/4.pdf#page=9,oficial,TAOS 0 0 0 17.709 27.728 33.372 34.279 19.362 132.450,fabricas_paginas/adefa_anuario2025_produccion_por_modelo,"ADEFA, producao na Argentina em 2025: 19362 unidades (soma das versoes)."
mx_audi,México,AUDI,Q5,automoveis,2018-02,2021-01,abastece_o_brasil,meses_da_tabela,2020-11,https://www.inegi.org.mx/app/tabulados/pxwebv2/api/v1/es/RAIAVL/RAIAVL_10.px,oficial,"""2020"",""Marzo"",""Audi - Q5 - Camiones ligeros - SUV's - Brasil"",437",fabricas_paginas/inegi_raiavl10_exportacao_brasil,"INEGI, exportacao ao Brasil de 2018-02 a 2020-11: 4044 unidades em 32 meses (Audi - Q5); periodo = esses meses e os 2 seguintes; trecho = o mes de maior exportacao."
mx_audi,México,AUDI,Q5,automoveis,2021-03,2025-05,abastece_o_brasil,meses_da_tabela,2025-03,https://www.inegi.org.mx/app/tabulados/pxwebv2/api/v1/es/RAIAVL/RAIAVL_10.px,oficial,"""2023"",""Octubre"",""Audi - Q5 - Camiones ligeros - SUV's - Brasil"",536",fabricas_paginas/inegi_raiavl10_exportacao_brasil,"INEGI, exportacao ao Brasil de 2021-03 a 2025-03: 7647 unidades em 43 meses (Audi - Q5); periodo = esses meses e os 2 seguintes; trecho = o mes de maior exportacao."
mx_audi,México,AUDI,Q5,automoveis,2025-08,2026-10,abastece_o_brasil,meses_da_tabela,2026-08,https://www.inegi.org.mx/app/tabulados/pxwebv2/api/v1/es/RAIAVL/RAIAVL_10.px,oficial,"""2025"",""Noviembre"",""Audi - Q5 - Camiones ligeros - SUV's - Brasil"",643",fabricas_paginas/inegi_raiavl10_exportacao_brasil,"INEGI, exportacao ao Brasil de 2025-08 a 2026-08: 3160 unidades em 13 meses (Audi - Q5); periodo = esses meses e os 2 seguintes; trecho = o mes de maior exportacao."
mx_bmw,México,BMW,M2,automoveis,2023-10,2026-10,abastece_o_brasil,meses_da_tabela,2026-08,https://www.inegi.org.mx/app/tabulados/pxwebv2/api/v1/es/RAIAVL/RAIAVL_10.px,oficial,"""2025"",""Abril"",""BMW Group - M2 - Automóviles - De Lujo - Brasil"",59",fabricas_paginas/inegi_raiavl10_exportacao_brasil,"INEGI, exportacao ao Brasil de 2023-10 a 2026-08: 880 unidades em 30 meses (BMW Group - M2); periodo = esses meses e os 2 seguintes; trecho = o mes de maior exportacao."
mx_chrysler,México,DODGE,JOURNEY,automoveis,2012-01,2013-11,abastece_o_brasil,meses_da_tabela,2013-09,https://www.inegi.org.mx/app/tabulados/pxwebv2/api/v1/es/RAIAVL/RAIAVL_10.px,oficial,"""2012"",""Febrero"",""Chrysler - Journey - Camiones ligeros - SUV's - Brasil"",3260",fabricas_paginas/inegi_raiavl10_exportacao_brasil,"INEGI, exportacao ao Brasil de 2012-01 a 2013-09: 22113 unidades em 19 meses (Chrysler - Journey); periodo = esses meses e os 2 seguintes; trecho = o mes de maior exportacao."
mx_chrysler,México,DODGE,JOURNEY,automoveis,2014-01,2015-12,abastece_o_brasil,meses_da_tabela,2015-10,https://www.inegi.org.mx/app/tabulados/pxwebv2/api/v1/es/RAIAVL/RAIAVL_10.px,oficial,"""2015"",""Febrero"",""Chrysler - Journey - Camiones ligeros - SUV's - Brasil"",1064",fabricas_paginas/inegi_raiavl10_exportacao_brasil,"INEGI, exportacao ao Brasil de 2014-01 a 2015-10: 8165 unidades em 20 meses (Chrysler - Journey); periodo = esses meses e os 2 seguintes; trecho = o mes de maior exportacao."
mx_chrysler,México,DODGE,JOURNEY,automoveis,2016-09,2017-07,abastece_o_brasil,meses_da_tabela,2017-05,https://www.inegi.org.mx/app/tabulados/pxwebv2/api/v1/es/RAIAVL/RAIAVL_10.px,oficial,"""2017"",""Febrero"",""Chrysler - Journey - Camiones ligeros - SUV's - Brasil"",187",fabricas_paginas/inegi_raiavl10_exportacao_brasil,"INEGI, exportacao ao Brasil de 2016-09 a 2017-05: 446 unidades em 8 meses (Chrysler - Journey); periodo = esses meses e os 2 seguintes; trecho = o mes de maior exportacao."
mx_chrysler,México,DODGE,JOURNEY,automoveis,2017-10,2018-12,abastece_o_brasil,meses_da_tabela,2018-10,https://www.inegi.org.mx/app/tabulados/pxwebv2/api/v1/es/RAIAVL/RAIAVL_10.px,oficial,"""2018"",""Agosto"",""Chrysler - Journey - Camiones ligeros - SUV's - Brasil"",144",fabricas_paginas/inegi_raiavl10_exportacao_brasil,"INEGI, exportacao ao Brasil de 2017-10 a 2018-10: 885 unidades em 13 meses (Chrysler - Journey); periodo = esses meses e os 2 seguintes; trecho = o mes de maior exportacao."
mx_chrysler,México,RAM,2500,comerciais_leves,2012-01,2012-11,abastece_o_brasil,meses_da_tabela,2012-09,https://www.inegi.org.mx/app/tabulados/pxwebv2/api/v1/es/RAIAVL/RAIAVL_10.px,oficial,"""2012"",""Enero"",""Chrysler - RAM 2500- - Camiones ligeros - Pick Ups - Brasil"",641",fabricas_paginas/inegi_raiavl10_exportacao_brasil,"INEGI, exportacao ao Brasil de 2012-01 a 2012-09: 1493 unidades em 7 meses (Chrysler - RAM 2500-); periodo = esses meses e os 2 seguintes; trecho = o mes de maior exportacao."
mx_chrysler,México,DODGE,RAM,comerciais_leves,2012-01,2012-11,abastece_o_brasil,meses_da_tabela,2012-09,https://www.inegi.org.mx/app/tabulados/pxwebv2/api/v1/es/RAIAVL/RAIAVL_10.px,oficial,"""2012"",""Enero"",""Chrysler - RAM 2500- - Camiones ligeros - Pick Ups - Brasil"",641",fabricas_paginas/inegi_raiavl10_exportacao_brasil,"INEGI, exportacao ao Brasil de 2012-01 a 2012-09: 1493 unidades em 7 meses (Chrysler - RAM 2500-); periodo = esses meses e os 2 seguintes; trecho = o mes de maior exportacao."
mx_chrysler,México,RAM,2500,comerciais_leves,2013-02,2013-11,abastece_o_brasil,meses_da_tabela,2013-09,https://www.inegi.org.mx/app/tabulados/pxwebv2/api/v1/es/RAIAVL/RAIAVL_10.px,oficial,"""2013"",""Febrero"",""Chrysler - RAM 2500- - Camiones ligeros - Pick Ups - Brasil"",334",fabricas_paginas/inegi_raiavl10_exportacao_brasil,"INEGI, exportacao ao Brasil de 2013-02 a 2013-09: 1058 unidades em 6 meses (Chrysler - RAM 2500-); periodo = esses meses e os 2 seguintes; trecho = o mes de maior exportacao."
mx_chrysler,México,DODGE,RAM,comerciais_leves,2013-02,2013-11,abastece_o_brasil,meses_da_tabela,2013-09,https://www.inegi.org.mx/app/tabulados/pxwebv2/api/v1/es/RAIAVL/RAIAVL_10.px,oficial,"""2013"",""Febrero"",""Chrysler - RAM 2500- - Camiones ligeros - Pick Ups - Brasil"",334",fabricas_paginas/inegi_raiavl10_exportacao_brasil,"INEGI, exportacao ao Brasil de 2013-02 a 2013-09: 1058 unidades em 6 meses (Chrysler - RAM 2500-); periodo = esses meses e os 2 seguintes; trecho = o mes de maior exportacao."
mx_chrysler,México,RAM,2500,comerciais_leves,2015-09,2017-02,abastece_o_brasil,meses_da_tabela,2016-12,https://www.inegi.org.mx/app/tabulados/pxwebv2/api/v1/es/RAIAVL/RAIAVL_10.px,oficial,"""2016"",""Julio"",""Chrysler - RAM 2500- - Camiones ligeros - Pick Ups - Brasil"",160",fabricas_paginas/inegi_raiavl10_exportacao_brasil,"INEGI, exportacao ao Brasil de 2015-09 a 2016-12: 867 unidades em 13 meses (Chrysler - RAM 2500-); periodo = esses meses e os 2 seguintes; trecho = o mes de maior exportacao."
mx_chrysler,México,DODGE,RAM,comerciais_leves,2015-09,2017-02,abastece_o_brasil,meses_da_tabela,2016-12,https://www.inegi.org.mx/app/tabulados/pxwebv2/api/v1/es/RAIAVL/RAIAVL_10.px,oficial,"""2016"",""Julio"",""Chrysler - RAM 2500- - Camiones ligeros - Pick Ups - Brasil"",160",fabricas_paginas/inegi_raiavl10_exportacao_brasil,"INEGI, exportacao ao Brasil de 2015-09 a 2016-12: 867 unidades em 13 meses (Chrysler - RAM 2500-); periodo = esses meses e os 2 seguintes; trecho = o mes de maior exportacao."
mx_chrysler,México,RAM,2500,comerciais_leves,2017-10,2019-03,abastece_o_brasil,meses_da_tabela,2019-01,https://www.inegi.org.mx/app/tabulados/pxwebv2/api/v1/es/RAIAVL/RAIAVL_10.px,oficial,"""2018"",""Marzo"",""Chrysler - RAM 2500- - Camiones ligeros - Pick Ups - Brasil"",198",fabricas_paginas/inegi_raiavl10_exportacao_brasil,"INEGI, exportacao ao Brasil de 2017-10 a 2019-01: 1024 unidades em 13 meses (Chrysler - RAM 2500-); periodo = esses meses e os 2 seguintes; trecho = o mes de maior exportacao."
mx_chrysler,México,DODGE,RAM,comerciais_leves,2017-10,2019-03,abastece_o_brasil,meses_da_tabela,2019-01,https://www.inegi.org.mx/app/tabulados/pxwebv2/api/v1/es/RAIAVL/RAIAVL_10.px,oficial,"""2018"",""Marzo"",""Chrysler - RAM 2500- - Camiones ligeros - Pick Ups - Brasil"",198",fabricas_paginas/inegi_raiavl10_exportacao_brasil,"INEGI, exportacao ao Brasil de 2017-10 a 2019-01: 1024 unidades em 13 meses (Chrysler - RAM 2500-); periodo = esses meses e os 2 seguintes; trecho = o mes de maior exportacao."
mx_chrysler,México,RAM,2500,comerciais_leves,2019-10,2026-10,abastece_o_brasil,meses_da_tabela,2026-08,https://www.inegi.org.mx/app/tabulados/pxwebv2/api/v1/es/RAIAVL/RAIAVL_10.px,oficial,"""2023"",""Septiembre"",""Chrysler - RAM 2500- - Camiones ligeros - Pick Ups - Brasil"",1608",fabricas_paginas/inegi_raiavl10_exportacao_brasil,"INEGI, exportacao ao Brasil de 2019-10 a 2026-08: 25382 unidades em 70 meses (Chrysler - RAM 2500-); periodo = esses meses e os 2 seguintes; trecho = o mes de maior exportacao."
mx_chrysler,México,DODGE,RAM,comerciais_leves,2019-10,2026-10,abastece_o_brasil,meses_da_tabela,2026-08,https://www.inegi.org.mx/app/tabulados/pxwebv2/api/v1/es/RAIAVL/RAIAVL_10.px,oficial,"""2023"",""Septiembre"",""Chrysler - RAM 2500- - Camiones ligeros - Pick Ups - Brasil"",1608",fabricas_paginas/inegi_raiavl10_exportacao_brasil,"INEGI, exportacao ao Brasil de 2019-10 a 2026-08: 25382 unidades em 70 meses (Chrysler - RAM 2500-); periodo = esses meses e os 2 seguintes; trecho = o mes de maior exportacao."
mx_chrysler,México,FIAT,500,automoveis,2012-01,2015-02,abastece_o_brasil,meses_da_tabela,2014-12,https://www.inegi.org.mx/app/tabulados/pxwebv2/api/v1/es/RAIAVL/RAIAVL_10.px,oficial,"""2012"",""Enero"",""Fiat - Fiat 500- - Automóviles - Subcompactos - Brasil"",3662",fabricas_paginas/inegi_raiavl10_exportacao_brasil,"INEGI, exportacao ao Brasil de 2012-01 a 2014-12: 26042 unidades em 34 meses (Fiat - Fiat 500-); periodo = esses meses e os 2 seguintes; trecho = o mes de maior exportacao."
mx_chrysler,México,FIAT,500,automoveis,2015-04,2015-10,abastece_o_brasil,meses_da_tabela,2015-08,https://www.inegi.org.mx/app/tabulados/pxwebv2/api/v1/es/RAIAVL/RAIAVL_10.px,oficial,"""2015"",""Abril"",""Fiat - Fiat 500- - Automóviles - Subcompactos - Brasil"",1217",fabricas_paginas/inegi_raiavl10_exportacao_brasil,"INEGI, exportacao ao Brasil de 2015-04 a 2015-08: 1448 unidades em 5 meses (Fiat - Fiat 500-); periodo = esses meses e os 2 seguintes; trecho = o mes de maior exportacao."
mx_chrysler,México,FIAT,500,automoveis,2017-05,2017-10,abastece_o_brasil,meses_da_tabela,2017-08,https://www.inegi.org.mx/app/tabulados/pxwebv2/api/v1/es/RAIAVL/RAIAVL_10.px,oficial,"""2017"",""Mayo"",""Fiat - Fiat 500- - Automóviles - Subcompactos - Brasil"",360",fabricas_paginas/inegi_raiavl10_exportacao_brasil,"INEGI, exportacao ao Brasil de 2017-05 a 2017-08: 400 unidades em 4 meses (Fiat - Fiat 500-); periodo = esses meses e os 2 seguintes; trecho = o mes de maior exportacao."
mx_ford,México,FORD,BRONCO,automoveis,2020-09,2022-12,abastece_o_brasil,meses_da_tabela,2022-10,https://www.inegi.org.mx/app/tabulados/pxwebv2/api/v1/es/RAIAVL/RAIAVL_10.px,oficial,"""2021"",""Octubre"",""Ford Motor - Bronco Sport - Camiones ligeros - SUV's - Brasil"",382",fabricas_paginas/inegi_raiavl10_exportacao_brasil,"INEGI, exportacao ao Brasil de 2020-09 a 2022-10: 2806 unidades em 20 meses (Ford Motor - Bronco Sport); periodo = esses meses e os 2 seguintes; trecho = o mes de maior exportacao."
mx_ford,México,FORD,BRONCO,automoveis,2023-02,2024-12,abastece_o_brasil,meses_da_tabela,2024-10,https://www.inegi.org.mx/app/tabulados/pxwebv2/api/v1/es/RAIAVL/RAIAVL_10.px,oficial,"""2023"",""Octubre"",""Ford Motor - Bronco Sport - Camiones ligeros - SUV's - Brasil"",628",fabricas_paginas/inegi_raiavl10_exportacao_brasil,"INEGI, exportacao ao Brasil de 2023-02 a 2024-10: 3903 unidades em 19 meses (Ford Motor - Bronco Sport); periodo = esses meses e os 2 seguintes; trecho = o mes de maior exportacao."
mx_ford,México,FORD,BRONCO,automoveis,2025-02,2026-10,abastece_o_brasil,meses_da_tabela,2026-08,https://www.inegi.org.mx/app/tabulados/pxwebv2/api/v1/es/RAIAVL/RAIAVL_10.px,oficial,"""2025"",""Diciembre"",""Ford Motor - Bronco Sport - Camiones ligeros - SUV's - Brasil"",881",fabricas_paginas/inegi_raiavl10_exportacao_brasil,"INEGI, exportacao ao Brasil de 2025-02 a 2026-08: 5002 unidades em 19 meses (Ford Motor - Bronco Sport); periodo = esses meses e os 2 seguintes; trecho = o mes de maior exportacao."
mx_ford,México,FORD,NEW FIESTA,automoveis,2010-07,2012-12,abastece_o_brasil,meses_da_tabela,2012-10,https://www.inegi.org.mx/app/tabulados/pxwebv2/api/v1/es/RAIAVL/RAIAVL_10.px,oficial,"""2012"",""Julio"",""Ford Motor - Fiesta NA Sedan - Automóviles - Subcompactos - Brasil"",4405",fabricas_paginas/inegi_raiavl10_exportacao_brasil,"INEGI, exportacao ao Brasil de 2010-07 a 2012-10: 57256 unidades em 26 meses (Ford Motor - Fiesta NA Sedan); periodo = esses meses e os 2 seguintes; trecho = o mes de maior exportacao."
mx_ford,México,FORD,NEW FIESTA,automoveis,2013-03,2016-01,abastece_o_brasil,meses_da_tabela,2015-11,https://www.inegi.org.mx/app/tabulados/pxwebv2/api/v1/es/RAIAVL/RAIAVL_10.px,oficial,"""2013"",""Noviembre"",""Ford Motor - Fiesta NA Sedan - Automóviles - Subcompactos - Brasil"",2146",fabricas_paginas/inegi_raiavl10_exportacao_brasil,"INEGI, exportacao ao Brasil de 2013-03 a 2015-11: 30198 unidades em 33 meses (Ford Motor - Fiesta NA Sedan); periodo = esses meses e os 2 seguintes; trecho = o mes de maior exportacao."
mx_ford,México,FORD,NEW FIESTA,automoveis,2017-07,2018-05,abastece_o_brasil,meses_da_tabela,2018-03,https://www.inegi.org.mx/app/tabulados/pxwebv2/api/v1/es/RAIAVL/RAIAVL_10.px,oficial,"""2017"",""Octubre"",""Ford Motor - Fiesta NA Sedan - Automóviles - Subcompactos - Brasil"",638",fabricas_paginas/inegi_raiavl10_exportacao_brasil,"INEGI, exportacao ao Brasil de 2017-07 a 2018-03: 1950 unidades em 8 meses (Ford Motor - Fiesta NA Sedan); periodo = esses meses e os 2 seguintes; trecho = o mes de maior exportacao."
mx_ford,México,FORD,FUSION,automoveis,2009-03,2019-02,abastece_o_brasil,meses_da_tabela,2018-12,https://www.inegi.org.mx/app/tabulados/pxwebv2/api/v1/es/RAIAVL/RAIAVL_10.px,oficial,"""2013"",""Noviembre"",""Ford Motor - Fusion - Automóviles - Compactos - Brasil"",2315",fabricas_paginas/inegi_raiavl10_exportacao_brasil,"INEGI, exportacao ao Brasil de 2009-03 a 2018-12: 73385 unidades em 109 meses (Ford Motor - Fusion, Ford Motor - Fusion Hibrido); periodo = esses meses e os 2 seguintes; trecho = o mes de maior exportacao."
mx_ford,México,FORD,MAVERICK,comerciais_leves,2021-09,2024-12,abastece_o_brasil,meses_da_tabela,2024-10,https://www.inegi.org.mx/app/tabulados/pxwebv2/api/v1/es/RAIAVL/RAIAVL_10.px,oficial,"""2023"",""Agosto"",""Ford Motor - Maverick - Camiones ligeros - Pick Ups - Brasil"",754",fabricas_paginas/inegi_raiavl10_exportacao_brasil,"INEGI, exportacao ao Brasil de 2021-09 a 2024-10: 7255 unidades em 31 meses (Ford Motor - Maverick); periodo = esses meses e os 2 seguintes; trecho = o mes de maior exportacao."
mx_ford,México,FORD,MAVERICK,comerciais_leves,2025-02,2026-10,abastece_o_brasil,meses_da_tabela,2026-08,https://www.inegi.org.mx/app/tabulados/pxwebv2/api/v1/es/RAIAVL/RAIAVL_10.px,oficial,"""2026"",""Julio"",""Ford Motor - Maverick - Camiones ligeros - Pick Ups - Brasil"",998",fabricas_paginas/inegi_raiavl10_exportacao_brasil,"INEGI, exportacao ao Brasil de 2025-02 a 2026-08: 8616 unidades em 19 meses (Ford Motor - Maverick); periodo = esses meses e os 2 seguintes; trecho = o mes de maior exportacao."
mx_gm,México,GM,CAPTIVA,automoveis,2008-04,2012-09,abastece_o_brasil,meses_da_tabela,2012-07,https://www.inegi.org.mx/app/tabulados/pxwebv2/api/v1/es/RAIAVL/RAIAVL_10.px,oficial,"""2010"",""Marzo"",""General Motors - Captiva Sport - Camiones ligeros - SUV's - Brasil"",3652",fabricas_paginas/inegi_raiavl10_exportacao_brasil,"INEGI, exportacao ao Brasil de 2008-04 a 2012-07: 57349 unidades em 46 meses (General Motors - Captiva Sport); periodo = esses meses e os 2 seguintes; trecho = o mes de maior exportacao."
mx_gm,México,GM,CAPTIVA,automoveis,2012-12,2017-05,abastece_o_brasil,meses_da_tabela,2017-03,https://www.inegi.org.mx/app/tabulados/pxwebv2/api/v1/es/RAIAVL/RAIAVL_10.px,oficial,"""2013"",""Agosto"",""General Motors - Captiva Sport - Camiones ligeros - SUV's - Brasil"",480",fabricas_paginas/inegi_raiavl10_exportacao_brasil,"INEGI, exportacao ao Brasil de 2012-12 a 2017-03: 5993 unidades em 44 meses (General Motors - Captiva Sport); periodo = esses meses e os 2 seguintes; trecho = o mes de maior exportacao."
mx_gm,México,GM,EQUINOX,automoveis,2017-03,2020-05,abastece_o_brasil,meses_da_tabela,2020-03,https://www.inegi.org.mx/app/tabulados/pxwebv2/api/v1/es/RAIAVL/RAIAVL_10.px,oficial,"""2018"",""Diciembre"",""General Motors - Equinox SUV- - Camiones ligeros - SUV's - Brasil"",2644",fabricas_paginas/inegi_raiavl10_exportacao_brasil,"INEGI, exportacao ao Brasil de 2017-03 a 2020-03: 18440 unidades em 36 meses (General Motors - Equinox SUV-); periodo = esses meses e os 2 seguintes; trecho = o mes de maior exportacao."
mx_gm,México,GM,EQUINOX,automoveis,2020-07,2026-09,abastece_o_brasil,meses_da_tabela,2026-07,https://www.inegi.org.mx/app/tabulados/pxwebv2/api/v1/es/RAIAVL/RAIAVL_10.px,oficial,"""2022"",""Octubre"",""General Motors - Equinox SUV- - Camiones ligeros - SUV's - Brasil"",1029",fabricas_paginas/inegi_raiavl10_exportacao_brasil,"INEGI, exportacao ao Brasil de 2020-07 a 2026-07: 13834 unidades em 58 meses (General Motors - Equinox EV, General Motors - Equinox SUV-); periodo = esses meses e os 2 seguintes; trecho = o mes de maior exportacao."
mx_gm,México,GM,SILVERADO,comerciais_leves,2023-08,2026-01,abastece_o_brasil,meses_da_tabela,2025-11,https://www.inegi.org.mx/app/tabulados/pxwebv2/api/v1/es/RAIAVL/RAIAVL_10.px,oficial,"""2023"",""Diciembre"",""General Motors - Silverado 2500 Doble Cabina- - Camiones ligeros - Pick Ups - Brasil"",828",fabricas_paginas/inegi_raiavl10_exportacao_brasil,"INEGI, exportacao ao Brasil de 2023-08 a 2025-11: 2933 unidades em 20 meses (General Motors - Silverado 2500 Doble Cabina-); periodo = esses meses e os 2 seguintes; trecho = o mes de maior exportacao."
mx_gm,México,GM,SONIC,automoveis,2012-10,2014-06,abastece_o_brasil,meses_da_tabela,2014-04,https://www.inegi.org.mx/app/tabulados/pxwebv2/api/v1/es/RAIAVL/RAIAVL_10.px,oficial,"""2012"",""Noviembre"",""General Motors - Sonic- - Automóviles - Subcompactos - Brasil"",3403",fabricas_paginas/inegi_raiavl10_exportacao_brasil,"INEGI, exportacao ao Brasil de 2012-10 a 2014-04: 23535 unidades em 19 meses (General Motors - Sonic-); periodo = esses meses e os 2 seguintes; trecho = o mes de maior exportacao."
mx_gm,México,GM,SONIC SEDAN,automoveis,2012-10,2014-06,abastece_o_brasil,meses_da_tabela,2014-04,https://www.inegi.org.mx/app/tabulados/pxwebv2/api/v1/es/RAIAVL/RAIAVL_10.px,oficial,"""2012"",""Noviembre"",""General Motors - Sonic- - Automóviles - Subcompactos - Brasil"",3403",fabricas_paginas/inegi_raiavl10_exportacao_brasil,"INEGI, exportacao ao Brasil de 2012-10 a 2014-04: 23535 unidades em 19 meses (General Motors - Sonic-); periodo = esses meses e os 2 seguintes; trecho = o mes de maior exportacao."
mx_gm,México,GM,TRACKER,automoveis,2013-06,2020-01,abastece_o_brasil,meses_da_tabela,2019-11,https://www.inegi.org.mx/app/tabulados/pxwebv2/api/v1/es/RAIAVL/RAIAVL_10.px,oficial,"""2017"",""Noviembre"",""General Motors - Trax - Camiones ligeros - SUV's - Brasil"",4471",fabricas_paginas/inegi_raiavl10_exportacao_brasil,"INEGI, exportacao ao Brasil de 2013-06 a 2019-11: 95713 unidades em 71 meses (General Motors - Trax); periodo = esses meses e os 2 seguintes; trecho = o mes de maior exportacao."
mx_honda,México,HONDA,ACCORD,automoveis,2005-02,2007-11,abastece_o_brasil,meses_da_tabela,2007-09,https://www.inegi.org.mx/app/tabulados/pxwebv2/api/v1/es/RAIAVL/RAIAVL_10.px,oficial,"""2006"",""Marzo"",""Honda - Accord- - Automóviles - De Lujo - Brasil"",555",fabricas_paginas/inegi_raiavl10_exportacao_brasil,"INEGI, exportacao ao Brasil de 2005-02 a 2007-09: 5199 unidades em 25 meses (Honda - Accord-); periodo = esses meses e os 2 seguintes; trecho = o mes de maior exportacao."
mx_honda,México,HONDA,CRV,automoveis,2008-01,2012-11,abastece_o_brasil,meses_da_tabela,2012-09,https://www.inegi.org.mx/app/tabulados/pxwebv2/api/v1/es/RAIAVL/RAIAVL_10.px,oficial,"""2010"",""Junio"",""Honda - CR-V- - Camiones ligeros - SUV's - Brasil"",3158",fabricas_paginas/inegi_raiavl10_exportacao_brasil,"INEGI, exportacao ao Brasil de 2008-01 a 2012-09: 68868 unidades em 53 meses (Honda - CR-V-); periodo = esses meses e os 2 seguintes; trecho = o mes de maior exportacao."
mx_honda,México,HONDA,CRV,automoveis,2013-03,2014-10,abastece_o_brasil,meses_da_tabela,2014-08,https://www.inegi.org.mx/app/tabulados/pxwebv2/api/v1/es/RAIAVL/RAIAVL_10.px,oficial,"""2013"",""Septiembre"",""Honda - CR-V- - Camiones ligeros - SUV's - Brasil"",2488",fabricas_paginas/inegi_raiavl10_exportacao_brasil,"INEGI, exportacao ao Brasil de 2013-03 a 2014-08: 15239 unidades em 16 meses (Honda - CR-V-); periodo = esses meses e os 2 seguintes; trecho = o mes de maior exportacao."
mx_honda,México,HONDA,CRV,automoveis,2015-01,2016-03,abastece_o_brasil,meses_da_tabela,2016-01,https://www.inegi.org.mx/app/tabulados/pxwebv2/api/v1/es/RAIAVL/RAIAVL_10.px,oficial,"""2015"",""Mayo"",""Honda - CR-V- - Camiones ligeros - SUV's - Brasil"",2029",fabricas_paginas/inegi_raiavl10_exportacao_brasil,"INEGI, exportacao ao Brasil de 2015-01 a 2016-01: 3120 unidades em 7 meses (Honda - CR-V-); periodo = esses meses e os 2 seguintes; trecho = o mes de maior exportacao."
mx_honda,México,HONDA,CRV,automoveis,2016-05,2017-01,abastece_o_brasil,meses_da_tabela,2016-11,https://www.inegi.org.mx/app/tabulados/pxwebv2/api/v1/es/RAIAVL/RAIAVL_10.px,oficial,"""2016"",""Septiembre"",""Honda - CR-V- - Camiones ligeros - SUV's - Brasil"",260",fabricas_paginas/inegi_raiavl10_exportacao_brasil,"INEGI, exportacao ao Brasil de 2016-05 a 2016-11: 1320 unidades em 6 meses (Honda - CR-V-); periodo = esses meses e os 2 seguintes; trecho = o mes de maior exportacao."
mx_kia,México,KIA,CERATO,automoveis,2016-08,2017-02,abastece_o_brasil,meses_da_tabela,2016-12,https://www.inegi.org.mx/app/tabulados/pxwebv2/api/v1/es/RAIAVL/RAIAVL_10.px,oficial,"""2016"",""Noviembre"",""KIA - Forte- - Automóviles - Compactos - Brasil"",339",fabricas_paginas/inegi_raiavl10_exportacao_brasil,"INEGI, exportacao ao Brasil de 2016-08 a 2016-12: 1000 unidades em 5 meses (KIA - Forte-); periodo = esses meses e os 2 seguintes; trecho = o mes de maior exportacao."
mx_kia,México,KIA,CERATO,automoveis,2017-05,2019-01,abastece_o_brasil,meses_da_tabela,2018-11,https://www.inegi.org.mx/app/tabulados/pxwebv2/api/v1/es/RAIAVL/RAIAVL_10.px,oficial,"""2018"",""Agosto"",""KIA - Forte- - Automóviles - Compactos - Brasil"",572",fabricas_paginas/inegi_raiavl10_exportacao_brasil,"INEGI, exportacao ao Brasil de 2017-05 a 2018-11: 4650 unidades em 16 meses (KIA - Forte-); periodo = esses meses e os 2 seguintes; trecho = o mes de maior exportacao."
mx_kia,México,KIA,CERATO,automoveis,2019-07,2020-02,abastece_o_brasil,meses_da_tabela,2019-12,https://www.inegi.org.mx/app/tabulados/pxwebv2/api/v1/es/RAIAVL/RAIAVL_10.px,oficial,"""2019"",""Octubre"",""KIA - Forte- - Automóviles - Compactos - Brasil"",582",fabricas_paginas/inegi_raiavl10_exportacao_brasil,"INEGI, exportacao ao Brasil de 2019-07 a 2019-12: 1846 unidades em 6 meses (KIA - Forte-); periodo = esses meses e os 2 seguintes; trecho = o mes de maior exportacao."
mx_kia,México,KIA,CERATO,automoveis,2021-02,2021-08,abastece_o_brasil,meses_da_tabela,2021-06,https://www.inegi.org.mx/app/tabulados/pxwebv2/api/v1/es/RAIAVL/RAIAVL_10.px,oficial,"""2021"",""Mayo"",""KIA - Forte- - Automóviles - Compactos - Brasil"",461",fabricas_paginas/inegi_raiavl10_exportacao_brasil,"INEGI, exportacao ao Brasil de 2021-02 a 2021-06: 1050 unidades em 5 meses (KIA - Forte-); periodo = esses meses e os 2 seguintes; trecho = o mes de maior exportacao."
mx_mb,México,M.BENZ,CLASSE A,automoveis,2019-04,2020-03,abastece_o_brasil,meses_da_tabela,2020-01,https://www.inegi.org.mx/app/tabulados/pxwebv2/api/v1/es/RAIAVL/RAIAVL_10.px,oficial,"""2019"",""Agosto"",""Mercedes Benz_Prod_Expo - Clase A Sedán_ - Automóviles - De Lujo - Brasil"",390",fabricas_paginas/inegi_raiavl10_exportacao_brasil,"INEGI, exportacao ao Brasil de 2019-04 a 2020-01: 1034 unidades em 6 meses (Mercedes Benz_Prod_Expo - Clase A Sedán_); periodo = esses meses e os 2 seguintes; trecho = o mes de maior exportacao."
mx_mb,México,M.BENZ,CLASSE GLB,automoveis,2020-09,2025-09,abastece_o_brasil,meses_da_tabela,2025-07,https://www.inegi.org.mx/app/tabulados/pxwebv2/api/v1/es/RAIAVL/RAIAVL_10.px,oficial,"""2021"",""Noviembre"",""Mercedes Benz_Prod_Expo - GLB_ - Camiones ligeros - SUV's - Brasil"",797",fabricas_paginas/inegi_raiavl10_exportacao_brasil,"INEGI, exportacao ao Brasil de 2020-09 a 2025-07: 7194 unidades em 47 meses (Mercedes Benz_Prod_Expo - GLB_); periodo = esses meses e os 2 seguintes; trecho = o mes de maior exportacao."
mx_mb,México,M.BENZ,CLASSE GLB,automoveis,2026-02,2026-06,abastece_o_brasil,meses_da_tabela,2026-04,https://www.inegi.org.mx/app/tabulados/pxwebv2/api/v1/es/RAIAVL/RAIAVL_10.px,oficial,"""2026"",""Febrero"",""Mercedes Benz_Prod_Expo - GLB_ - Camiones ligeros - SUV's - Brasil"",564",fabricas_paginas/inegi_raiavl10_exportacao_brasil,"INEGI, exportacao ao Brasil de 2026-02 a 2026-04: 658 unidades em 2 meses (Mercedes Benz_Prod_Expo - GLB_); periodo = esses meses e os 2 seguintes; trecho = o mes de maior exportacao."
mx_nissan,México,NISSAN,KICKS,automoveis,2016-06,2017-07,abastece_o_brasil,meses_da_tabela,2017-05,https://www.inegi.org.mx/app/tabulados/pxwebv2/api/v1/es/RAIAVL/RAIAVL_10.px,oficial,"""2016"",""Agosto"",""Nissan - Kicks - Camiones ligeros - SUV's - Brasil"",4895",fabricas_paginas/inegi_raiavl10_exportacao_brasil,"INEGI, exportacao ao Brasil de 2016-06 a 2017-05: 21947 unidades em 11 meses (Nissan - Kicks); periodo = esses meses e os 2 seguintes; trecho = o mes de maior exportacao."
mx_nissan,México,NISSAN,MARCH,automoveis,2011-04,2014-05,abastece_o_brasil,meses_da_tabela,2014-03,https://www.inegi.org.mx/app/tabulados/pxwebv2/api/v1/es/RAIAVL/RAIAVL_10.px,oficial,"""2012"",""Septiembre"",""Nissan - March - Automóviles - Subcompactos - Brasil"",4978",fabricas_paginas/inegi_raiavl10_exportacao_brasil,"INEGI, exportacao ao Brasil de 2011-04 a 2014-03: 73544 unidades em 35 meses (Nissan - March); periodo = esses meses e os 2 seguintes; trecho = o mes de maior exportacao."
mx_nissan,México,NISSAN,FRONTIER,comerciais_leves,2016-04,2018-12,abastece_o_brasil,meses_da_tabela,2018-10,https://www.inegi.org.mx/app/tabulados/pxwebv2/api/v1/es/RAIAVL/RAIAVL_10.px,oficial,"""2018"",""Marzo"",""Nissan - Pickup Largo - Camiones ligeros - Pick Ups - Brasil"",1280",fabricas_paginas/inegi_raiavl10_exportacao_brasil,"INEGI, exportacao ao Brasil de 2016-04 a 2018-10: 9282 unidades em 24 meses (Nissan - NP300, Nissan - Pickup Largo); periodo = esses meses e os 2 seguintes; trecho = o mes de maior exportacao."
mx_nissan,México,NISSAN,SENTRA,automoveis,2005-01,2005-05,abastece_o_brasil,meses_da_tabela,2005-03,https://www.inegi.org.mx/app/tabulados/pxwebv2/api/v1/es/RAIAVL/RAIAVL_10.px,oficial,"""2005"",""Enero"",""Nissan - Sentra 4 PTS - Automóviles - Compactos - Brasil"",116",fabricas_paginas/inegi_raiavl10_exportacao_brasil,"INEGI, exportacao ao Brasil de 2005-01 a 2005-03: 146 unidades em 3 meses (Nissan - Sentra 4 PTS); periodo = esses meses e os 2 seguintes; trecho = o mes de maior exportacao."
mx_nissan,México,NISSAN,SENTRA,automoveis,2005-10,2006-09,abastece_o_brasil,meses_da_tabela,2006-07,https://www.inegi.org.mx/app/tabulados/pxwebv2/api/v1/es/RAIAVL/RAIAVL_10.px,oficial,"""2006"",""Julio"",""Nissan - Sentra 4 PTS - Automóviles - Compactos - Brasil"",121",fabricas_paginas/inegi_raiavl10_exportacao_brasil,"INEGI, exportacao ao Brasil de 2005-10 a 2006-07: 771 unidades em 10 meses (Nissan - Sentra 4 PTS); periodo = esses meses e os 2 seguintes; trecho = o mes de maior exportacao."
mx_nissan,México,NISSAN,SENTRA,automoveis,2006-12,2008-12,abastece_o_brasil,meses_da_tabela,2008-10,https://www.inegi.org.mx/app/tabulados/pxwebv2/api/v1/es/RAIAVL/RAIAVL_10.px,oficial,"""2007"",""Agosto"",""Nissan - Sentra - Automóviles - Compactos - Brasil"",2085",fabricas_paginas/inegi_raiavl10_exportacao_brasil,"INEGI, exportacao ao Brasil de 2006-12 a 2008-10: 16487 unidades em 22 meses (Nissan - Sentra, Nissan - Sentra 4 PTS); periodo = esses meses e os 2 seguintes; trecho = o mes de maior exportacao."
mx_nissan,México,NISSAN,SENTRA,automoveis,2009-03,2010-02,abastece_o_brasil,meses_da_tabela,2009-12,https://www.inegi.org.mx/app/tabulados/pxwebv2/api/v1/es/RAIAVL/RAIAVL_10.px,oficial,"""2009"",""Septiembre"",""Nissan - Sentra - Automóviles - Compactos - Brasil"",1025",fabricas_paginas/inegi_raiavl10_exportacao_brasil,"INEGI, exportacao ao Brasil de 2009-03 a 2009-12: 5218 unidades em 10 meses (Nissan - Sentra); periodo = esses meses e os 2 seguintes; trecho = o mes de maior exportacao."
mx_nissan,México,NISSAN,SENTRA,automoveis,2010-04,2013-06,abastece_o_brasil,meses_da_tabela,2013-04,https://www.inegi.org.mx/app/tabulados/pxwebv2/api/v1/es/RAIAVL/RAIAVL_10.px,oficial,"""2012"",""Noviembre"",""Nissan - Sentra - Automóviles - Compactos - Brasil"",1596",fabricas_paginas/inegi_raiavl10_exportacao_brasil,"INEGI, exportacao ao Brasil de 2010-04 a 2013-04: 25265 unidades em 34 meses (Nissan - Sentra); periodo = esses meses e os 2 seguintes; trecho = o mes de maior exportacao."
mx_nissan,México,NISSAN,SENTRA,automoveis,2013-08,2015-02,abastece_o_brasil,meses_da_tabela,2014-12,https://www.inegi.org.mx/app/tabulados/pxwebv2/api/v1/es/RAIAVL/RAIAVL_10.px,oficial,"""2014"",""Agosto"",""Nissan - Sentra - Automóviles - Compactos - Brasil"",2699",fabricas_paginas/inegi_raiavl10_exportacao_brasil,"INEGI, exportacao ao Brasil de 2013-08 a 2014-12: 22598 unidades em 16 meses (Nissan - Sentra); periodo = esses meses e os 2 seguintes; trecho = o mes de maior exportacao."
mx_nissan,México,NISSAN,SENTRA,automoveis,2015-04,2020-01,abastece_o_brasil,meses_da_tabela,2019-11,https://www.inegi.org.mx/app/tabulados/pxwebv2/api/v1/es/RAIAVL/RAIAVL_10.px,oficial,"""2015"",""Mayo"",""Nissan - Sentra - Automóviles - Compactos - Brasil"",2261",fabricas_paginas/inegi_raiavl10_exportacao_brasil,"INEGI, exportacao ao Brasil de 2015-04 a 2019-11: 23700 unidades em 51 meses (Nissan - Sentra); periodo = esses meses e os 2 seguintes; trecho = o mes de maior exportacao."
mx_nissan,México,NISSAN,SENTRA,automoveis,2022-11,2025-12,abastece_o_brasil,meses_da_tabela,2025-10,https://www.inegi.org.mx/app/tabulados/pxwebv2/api/v1/es/RAIAVL/RAIAVL_10.px,oficial,"""2023"",""Febrero"",""Nissan - Sentra - Automóviles - Compactos - Brasil"",2068",fabricas_paginas/inegi_raiavl10_exportacao_brasil,"INEGI, exportacao ao Brasil de 2022-11 a 2025-10: 15465 unidades em 35 meses (Nissan - Sentra); periodo = esses meses e os 2 seguintes; trecho = o mes de maior exportacao."
mx_nissan,México,NISSAN,TIIDA,automoveis,2007-03,2009-01,abastece_o_brasil,meses_da_tabela,2008-11,https://www.inegi.org.mx/app/tabulados/pxwebv2/api/v1/es/RAIAVL/RAIAVL_10.px,oficial,"""2008"",""Julio"",""Nissan - Tiida 5 PTS - Automóviles - Compactos - Brasil"",919",fabricas_paginas/inegi_raiavl10_exportacao_brasil,"INEGI, exportacao ao Brasil de 2007-03 a 2008-11: 7379 unidades em 19 meses (Nissan - Tiida 5 PTS); periodo = esses meses e os 2 seguintes; trecho = o mes de maior exportacao."
mx_nissan,México,NISSAN,TIIDA,automoveis,2009-05,2013-01,abastece_o_brasil,meses_da_tabela,2012-11,https://www.inegi.org.mx/app/tabulados/pxwebv2/api/v1/es/RAIAVL/RAIAVL_10.px,oficial,"""2010"",""Octubre"",""Nissan - Tiida 5 PTS - Automóviles - Compactos - Brasil"",1743",fabricas_paginas/inegi_raiavl10_exportacao_brasil,"INEGI, exportacao ao Brasil de 2009-05 a 2012-11: 27543 unidades em 40 meses (Nissan - Tiida 5 PTS); periodo = esses meses e os 2 seguintes; trecho = o mes de maior exportacao."
mx_nissan,México,NISSAN,TIIDA SEDAN,automoveis,2010-03,2012-09,abastece_o_brasil,meses_da_tabela,2012-07,https://www.inegi.org.mx/app/tabulados/pxwebv2/api/v1/es/RAIAVL/RAIAVL_10.px,oficial,"""2010"",""Octubre"",""Nissan - Tiida Sedan - Automóviles - Compactos - Brasil"",1073",fabricas_paginas/inegi_raiavl10_exportacao_brasil,"INEGI, exportacao ao Brasil de 2010-03 a 2012-07: 8808 unidades em 26 meses (Nissan - Tiida Sedan); periodo = esses meses e os 2 seguintes; trecho = o mes de maior exportacao."
mx_nissan,México,NISSAN,TIIDA SEDAN,automoveis,2014-01,2014-03,abastece_o_brasil,meses_da_tabela,2014-01,https://www.inegi.org.mx/app/tabulados/pxwebv2/api/v1/es/RAIAVL/RAIAVL_10.px,oficial,"""2014"",""Enero"",""Nissan - Tiida Sedan - Automóviles - Compactos - Brasil"",1760",fabricas_paginas/inegi_raiavl10_exportacao_brasil,"INEGI, exportacao ao Brasil de 2014-01 a 2014-01: 1760 unidades em 1 meses (Nissan - Tiida Sedan); periodo = esses meses e os 2 seguintes; trecho = o mes de maior exportacao."
mx_nissan,México,NISSAN,VERSA,automoveis,2011-07,2014-09,abastece_o_brasil,meses_da_tabela,2014-07,https://www.inegi.org.mx/app/tabulados/pxwebv2/api/v1/es/RAIAVL/RAIAVL_10.px,oficial,"""2012"",""Septiembre"",""Nissan - Versa - Automóviles - Compactos - Brasil"",4281",fabricas_paginas/inegi_raiavl10_exportacao_brasil,"INEGI, exportacao ao Brasil de 2011-07 a 2014-07: 60463 unidades em 36 meses (Nissan - Versa); periodo = esses meses e os 2 seguintes; trecho = o mes de maior exportacao."
mx_nissan,México,NISSAN,VERSA,automoveis,2020-09,2022-02,abastece_o_brasil,meses_da_tabela,2021-12,https://www.inegi.org.mx/app/tabulados/pxwebv2/api/v1/es/RAIAVL/RAIAVL_10.px,oficial,"""2021"",""Octubre"",""Nissan - Versa - Automóviles - Compactos - Brasil"",3333",fabricas_paginas/inegi_raiavl10_exportacao_brasil,"INEGI, exportacao ao Brasil de 2020-09 a 2021-12: 18121 unidades em 15 meses (Nissan - Versa); periodo = esses meses e os 2 seguintes; trecho = o mes de maior exportacao."
mx_nissan,México,NISSAN,VERSA,automoveis,2022-10,2026-10,abastece_o_brasil,meses_da_tabela,2026-08,https://www.inegi.org.mx/app/tabulados/pxwebv2/api/v1/es/RAIAVL/RAIAVL_10.px,oficial,"""2024"",""Diciembre"",""Nissan - Versa - Automóviles - Compactos - Brasil"",2459",fabricas_paginas/inegi_raiavl10_exportacao_brasil,"INEGI, exportacao ao Brasil de 2022-10 a 2026-08: 37326 unidades em 44 meses (Nissan - Versa); periodo = esses meses e os 2 seguintes; trecho = o mes de maior exportacao."
mx_vw,México,VW,BEETLE,automoveis,2006-02,2009-01,abastece_o_brasil,meses_da_tabela,2008-11,https://www.inegi.org.mx/app/tabulados/pxwebv2/api/v1/es/RAIAVL/RAIAVL_10.px,oficial,"""2007"",""Diciembre"",""Volkswagen - Beetle - Automóviles - Compactos - Brasil"",1029",fabricas_paginas/inegi_raiavl10_exportacao_brasil,"INEGI, exportacao ao Brasil de 2006-02 a 2008-11: 8518 unidades em 31 meses (Volkswagen - Beetle); periodo = esses meses e os 2 seguintes; trecho = o mes de maior exportacao."
mx_vw,México,VW,BEETLE,automoveis,2009-04,2010-11,abastece_o_brasil,meses_da_tabela,2010-09,https://www.inegi.org.mx/app/tabulados/pxwebv2/api/v1/es/RAIAVL/RAIAVL_10.px,oficial,"""2009"",""Abril"",""Volkswagen - Beetle - Automóviles - Compactos - Brasil"",410",fabricas_paginas/inegi_raiavl10_exportacao_brasil,"INEGI, exportacao ao Brasil de 2009-04 a 2010-09: 2966 unidades em 18 meses (Volkswagen - Beetle); periodo = esses meses e os 2 seguintes; trecho = o mes de maior exportacao."
mx_vw,México,VW,BEETLE,automoveis,2012-06,2014-11,abastece_o_brasil,meses_da_tabela,2014-09,https://www.inegi.org.mx/app/tabulados/pxwebv2/api/v1/es/RAIAVL/RAIAVL_10.px,oficial,"""2012"",""Octubre"",""Volkswagen - Beetle - Automóviles - Compactos - Brasil"",684",fabricas_paginas/inegi_raiavl10_exportacao_brasil,"INEGI, exportacao ao Brasil de 2012-06 a 2014-09: 4018 unidades em 24 meses (Volkswagen - Beetle); periodo = esses meses e os 2 seguintes; trecho = o mes de maior exportacao."
mx_vw,México,VW,BEETLE,automoveis,2015-01,2015-11,abastece_o_brasil,meses_da_tabela,2015-09,https://www.inegi.org.mx/app/tabulados/pxwebv2/api/v1/es/RAIAVL/RAIAVL_10.px,oficial,"""2015"",""Agosto"",""Volkswagen - Beetle - Automóviles - Compactos - Brasil"",75",fabricas_paginas/inegi_raiavl10_exportacao_brasil,"INEGI, exportacao ao Brasil de 2015-01 a 2015-09: 287 unidades em 9 meses (Volkswagen - Beetle); periodo = esses meses e os 2 seguintes; trecho = o mes de maior exportacao."
mx_vw,México,VW,BORA,automoveis,2006-08,2009-01,abastece_o_brasil,meses_da_tabela,2008-11,https://www.inegi.org.mx/app/tabulados/pxwebv2/api/v1/es/RAIAVL/RAIAVL_10.px,oficial,"""2007"",""Mayo"",""Volkswagen - Bora - Automóviles - Compactos - Brasil"",1091",fabricas_paginas/inegi_raiavl10_exportacao_brasil,"INEGI, exportacao ao Brasil de 2006-08 a 2008-11: 12410 unidades em 28 meses (Volkswagen - Bora); periodo = esses meses e os 2 seguintes; trecho = o mes de maior exportacao."
mx_vw,México,VW,BORA,automoveis,2009-04,2010-09,abastece_o_brasil,meses_da_tabela,2010-07,https://www.inegi.org.mx/app/tabulados/pxwebv2/api/v1/es/RAIAVL/RAIAVL_10.px,oficial,"""2009"",""Abril"",""Volkswagen - Bora - Automóviles - Compactos - Brasil"",633",fabricas_paginas/inegi_raiavl10_exportacao_brasil,"INEGI, exportacao ao Brasil de 2009-04 a 2010-07: 4779 unidades em 14 meses (Volkswagen - Bora); periodo = esses meses e os 2 seguintes; trecho = o mes de maior exportacao."
mx_vw,México,VW,GOLF,automoveis,2014-10,2015-10,abastece_o_brasil,meses_da_tabela,2015-08,https://www.inegi.org.mx/app/tabulados/pxwebv2/api/v1/es/RAIAVL/RAIAVL_10.px,oficial,"""2014"",""Diciembre"",""Volkswagen - Golf- - Automóviles - Compactos - Brasil"",2693",fabricas_paginas/inegi_raiavl10_exportacao_brasil,"INEGI, exportacao ao Brasil de 2014-10 a 2015-08: 13290 unidades em 11 meses (Volkswagen - Golf-); periodo = esses meses e os 2 seguintes; trecho = o mes de maior exportacao."
mx_vw,México,VW,GOLF VARIANT,automoveis,2015-01,2018-06,abastece_o_brasil,meses_da_tabela,2018-04,https://www.inegi.org.mx/app/tabulados/pxwebv2/api/v1/es/RAIAVL/RAIAVL_10.px,oficial,"""2015"",""Marzo"",""Volkswagen - Golf Variant-/Crossgolf - Automóviles - Compactos - Brasil"",346",fabricas_paginas/inegi_raiavl10_exportacao_brasil,"INEGI, exportacao ao Brasil de 2015-01 a 2018-04: 3136 unidades em 37 meses (Volkswagen - Golf Variant-/Crossgolf); periodo = esses meses e os 2 seguintes; trecho = o mes de maior exportacao."
mx_vw,México,VW,JETTA,automoveis,2005-10,2007-04,abastece_o_brasil,meses_da_tabela,2007-02,https://www.inegi.org.mx/app/tabulados/pxwebv2/api/v1/es/RAIAVL/RAIAVL_10.px,oficial,"""2006"",""Abril"",""Volkswagen - Jetta 4 PTAS - Automóviles - Compactos - Brasil"",869",fabricas_paginas/inegi_raiavl10_exportacao_brasil,"INEGI, exportacao ao Brasil de 2005-10 a 2007-02: 4058 unidades em 14 meses (Volkswagen - Jetta 4 PTAS); periodo = esses meses e os 2 seguintes; trecho = o mes de maior exportacao."
mx_vw,México,VW,JETTA,automoveis,2007-07,2021-12,abastece_o_brasil,meses_da_tabela,2021-10,https://www.inegi.org.mx/app/tabulados/pxwebv2/api/v1/es/RAIAVL/RAIAVL_10.px,oficial,"""2011"",""Octubre"",""Volkswagen - Nuevo Jetta - Automóviles - Compactos - Brasil"",3619",fabricas_paginas/inegi_raiavl10_exportacao_brasil,"INEGI, exportacao ao Brasil de 2007-07 a 2021-10: 118290 unidades em 163 meses (Volkswagen - Jetta, Volkswagen - Jetta 4 PTAS, Volkswagen - Nuevo Jetta); periodo = esses meses e os 2 seguintes; trecho = o mes de maior exportacao."
mx_vw,México,VW,JETTA,automoveis,2022-04,2024-09,abastece_o_brasil,meses_da_tabela,2024-07,https://www.inegi.org.mx/app/tabulados/pxwebv2/api/v1/es/RAIAVL/RAIAVL_10.px,oficial,"""2024"",""Abril"",""Volkswagen - Jetta - Automóviles - Compactos - Brasil"",768",fabricas_paginas/inegi_raiavl10_exportacao_brasil,"INEGI, exportacao ao Brasil de 2022-04 a 2024-07: 6024 unidades em 28 meses (Volkswagen - Jetta); periodo = esses meses e os 2 seguintes; trecho = o mes de maior exportacao."
mx_vw,México,VW,JETTA,automoveis,2025-08,2026-10,abastece_o_brasil,meses_da_tabela,2026-08,https://www.inegi.org.mx/app/tabulados/pxwebv2/api/v1/es/RAIAVL/RAIAVL_10.px,oficial,"""2025"",""Septiembre"",""Volkswagen - Jetta - Automóviles - Compactos - Brasil"",663",fabricas_paginas/inegi_raiavl10_exportacao_brasil,"INEGI, exportacao ao Brasil de 2025-08 a 2026-08: 2967 unidades em 13 meses (Volkswagen - Jetta); periodo = esses meses e os 2 seguintes; trecho = o mes de maior exportacao."
mx_vw,México,VW,JETTA VARIANT,automoveis,2008-01,2009-01,abastece_o_brasil,meses_da_tabela,2008-11,https://www.inegi.org.mx/app/tabulados/pxwebv2/api/v1/es/RAIAVL/RAIAVL_10.px,oficial,"""2008"",""Febrero"",""Volkswagen - Sportwagen - Automóviles - Compactos - Brasil"",312",fabricas_paginas/inegi_raiavl10_exportacao_brasil,"INEGI, exportacao ao Brasil de 2008-01 a 2008-11: 1811 unidades em 11 meses (Volkswagen - Sportwagen); periodo = esses meses e os 2 seguintes; trecho = o mes de maior exportacao."
mx_vw,México,VW,JETTA VARIANT,automoveis,2009-04,2009-09,abastece_o_brasil,meses_da_tabela,2009-07,https://www.inegi.org.mx/app/tabulados/pxwebv2/api/v1/es/RAIAVL/RAIAVL_10.px,oficial,"""2009"",""Junio"",""Volkswagen - Sportwagen - Automóviles - Compactos - Brasil"",265",fabricas_paginas/inegi_raiavl10_exportacao_brasil,"INEGI, exportacao ao Brasil de 2009-04 a 2009-07: 623 unidades em 4 meses (Volkswagen - Sportwagen); periodo = esses meses e os 2 seguintes; trecho = o mes de maior exportacao."
mx_vw,México,VW,JETTA VARIANT,automoveis,2010-01,2012-08,abastece_o_brasil,meses_da_tabela,2012-06,https://www.inegi.org.mx/app/tabulados/pxwebv2/api/v1/es/RAIAVL/RAIAVL_10.px,oficial,"""2010"",""Diciembre"",""Volkswagen - Sportwagen - Automóviles - Compactos - Brasil"",415",fabricas_paginas/inegi_raiavl10_exportacao_brasil,"INEGI, exportacao ao Brasil de 2010-01 a 2012-06: 4283 unidades em 30 meses (Volkswagen - Sportwagen); periodo = esses meses e os 2 seguintes; trecho = o mes de maior exportacao."
mx_vw,México,VW,TAOS,automoveis,2025-06,2026-10,abastece_o_brasil,meses_da_tabela,2026-08,https://www.inegi.org.mx/app/tabulados/pxwebv2/api/v1/es/RAIAVL/RAIAVL_10.px,oficial,"""2026"",""Junio"",""Volkswagen - Taos - Camiones ligeros - SUV's - Brasil"",2341",fabricas_paginas/inegi_raiavl10_exportacao_brasil,"INEGI, exportacao ao Brasil de 2025-06 a 2026-08: 17971 unidades em 14 meses (Volkswagen - Taos); periodo = esses meses e os 2 seguintes; trecho = o mes de maior exportacao."
mx_vw,México,VW,TIGUAN,automoveis,2017-12,2021-12,abastece_o_brasil,meses_da_tabela,2021-10,https://www.inegi.org.mx/app/tabulados/pxwebv2/api/v1/es/RAIAVL/RAIAVL_10.px,oficial,"""2019"",""Noviembre"",""Volkswagen - Tiguan- - Camiones ligeros - SUV's - Brasil"",3193",fabricas_paginas/inegi_raiavl10_exportacao_brasil,"INEGI, exportacao ao Brasil de 2017-12 a 2021-10: 30069 unidades em 42 meses (Volkswagen - Tiguan-); periodo = esses meses e os 2 seguintes; trecho = o mes de maior exportacao."
mx_vw,México,VW,TIGUAN,automoveis,2023-09,2025-04,abastece_o_brasil,meses_da_tabela,2025-02,https://www.inegi.org.mx/app/tabulados/pxwebv2/api/v1/es/RAIAVL/RAIAVL_10.px,oficial,"""2024"",""Diciembre"",""Volkswagen - Tiguan- - Camiones ligeros - SUV's - Brasil"",1598",fabricas_paginas/inegi_raiavl10_exportacao_brasil,"INEGI, exportacao ao Brasil de 2023-09 a 2025-02: 5983 unidades em 17 meses (Volkswagen - Tiguan-); periodo = esses meses e os 2 seguintes; trecho = o mes de maior exportacao."
mx_vw,México,VW,TIGUAN,automoveis,2026-01,2026-10,abastece_o_brasil,meses_da_tabela,2026-08,https://www.inegi.org.mx/app/tabulados/pxwebv2/api/v1/es/RAIAVL/RAIAVL_10.px,oficial,"""2026"",""Abril"",""Volkswagen - Tiguan- - Camiones ligeros - SUV's - Brasil"",869",fabricas_paginas/inegi_raiavl10_exportacao_brasil,"INEGI, exportacao ao Brasil de 2026-01 a 2026-08: 4583 unidades em 8 meses (Volkswagen - Tiguan-); periodo = esses meses e os 2 seguintes; trecho = o mes de maior exportacao."
