mes,segmento,nome_completo_fonte,unidades_acumulado,acumulado_esperado,diferenca
2016-08,automoveis,VW/VOYAGE,18752,16106.0,2646.0
2016-08,automoveis,VW/GOL,40834,43480.0,-2646.0
2015-10,automoveis,FORD/FOCUS SEDAN,8233,6177.0,2056.0
2015-10,automoveis,FORD/FOCUS,11140,13156.0,-2016.0
2018-09,automoveis,FORD/KA SEDAN,27453,26294.0,1159.0
2018-09,automoveis,FORD/KA,75458,76617.0,-1159.0
2025-09,comerciais_leves,MITSUBISHI/TRITON,8141,7019.0,1122.0
2025-09,comerciais_leves,MITSUBISHI/L200,3474,4596.0,-1122.0
2019-09,automoveis,GM/ONIX,179391,180411.0,-1020.0
2021-04,automoveis,BMW/320I,1797,899.0,898.0
2005-12,automoveis,M.BENZ/CLASSE C,821,185.0,636.0
2018-05,automoveis,TOYOTA/HILUX SW4,4935,4457.0,478.0
2016-11,automoveis,AUDI/A4,807,393.0,414.0
2016-11,comerciais_leves,TOYOTA/HILUX,30360,30742.0,-382.0
2016-11,automoveis,TOYOTA/HILUX SW4,10502,10120.0,382.0
2022-03,automoveis,RENAULT/KWID,11402,11027.0,375.0
2017-07,automoveis,CITROEN/C3,5489,5221.0,268.0
2022-03,automoveis,GM/ONIX,17348,17165.0,183.0
2022-03,automoveis,VW/T CROSS,15588,15428.0,160.0
2016-09,automoveis,HONDA/CIVIC,12707,12560.0,147.0
2022-03,automoveis,GM/TRACKER,10683,10542.0,141.0
2017-07,automoveis,VOLVO/V40,66,191.0,-125.0
2017-12,comerciais_leves,FORD/RANGER,17830,17714.0,116.0
2016-03,automoveis,VW/SPACECROSS,164,54.0,110.0
2016-03,automoveis,VW/SPACE FOX,631,741.0,-110.0
2022-03,automoveis,JEEP/COMPASS,14235,14132.0,103.0
2022-03,comerciais_leves,FIAT/STRADA,21693,21597.0,96.0
2022-09,automoveis,RENAULT/DUSTER,16264,16169.0,95.0
2016-07,automoveis,FORD/KA,41712,41806.0,-94.0
2022-03,automoveis,HYUNDAI/CRETA,12667,12576.0,91.0
2023-02,comerciais_leves,GM/MONTANA,440,350.0,90.0
2022-03,automoveis,JEEP/RENEGADE,11103,11016.0,87.0
2022-03,automoveis,RENAULT/DUSTER,4984,4901.0,83.0
2022-03,automoveis,GM/ONIX PLUS,12181,12099.0,82.0
2022-03,comerciais_leves,FIAT/TORO,10990,10913.0,77.0
2017-09,automoveis,RENAULT/DUSTER,12677,12751.0,-74.0
2016-02,automoveis,M.BENZ/CLASSE C,551,481.0,70.0
2016-02,automoveis,FORD/NEW FIESTA,614,551.0,63.0
2017-08,automoveis,RENAULT/DUSTER,11808,11871.0,-63.0
2022-03,automoveis,VW/NIVUS,7015,6955.0,60.0
2022-03,automoveis,HYUNDAI/HB20,18761,18703.0,58.0
2022-03,automoveis,TOYOTA/COROLLA CROSS,10584,10528.0,56.0
2016-09,automoveis,FORD/FIESTA,12002,11946.0,56.0
2022-03,automoveis,FIAT/ARGO,10130,10075.0,55.0
2022-03,automoveis,FIAT/MOBI,13325,13270.0,55.0
2016-06,automoveis,TOYOTA/ETIOS SEDAN,13720,13666.0,54.0
2019-11,comerciais_leves,FIAT/STRADA,69906,69958.0,-52.0
2015-04,automoveis,FORD/FOCUS SEDAN,1999,1948.0,51.0
2016-12,automoveis,FORD/FUSION,3829,3780.0,49.0
2022-03,comerciais_leves,TOYOTA/HILUX,9488,9441.0,47.0
2022-03,automoveis,RENAULT/SANDERO,1729,1683.0,46.0
2022-03,automoveis,JEEP/COMMANDER,4932,4886.0,46.0
2022-03,automoveis,NISSAN/KICKS,5408,5363.0,45.0
2022-03,automoveis,FIAT/PULSE,8729,8685.0,44.0
2022-03,automoveis,TOYOTA/COROLLA,9110,9067.0,43.0
2022-03,automoveis,TOYOTA/YARIS HB,5149,5107.0,42.0
2022-03,automoveis,PEUGEOT/208,6185,6143.0,42.0
2019-09,comerciais_leves,FIAT/STRADA,56588,56629.0,-41.0
2022-03,automoveis,CITROEN/C4 CACTUS,4794,4753.0,41.0
2022-03,automoveis,RENAULT/CAPTUR,1682,1642.0,40.0
2016-12,automoveis,JEEP/RENEGADE,51563,51524.0,39.0
2022-03,comerciais_leves,GM/S10,5561,5527.0,34.0
2003-04,automoveis,AUDI/A6,7,40.0,-33.0
2022-03,automoveis,HONDA/CITY,5362,5329.0,33.0
2016-12,automoveis,AUDI/A4,907,939.0,-32.0
2016-12,automoveis,AUDI/A4 AVANT,86,55.0,31.0
2022-03,comerciais_leves,FIAT/FIORINO,4967,4936.0,31.0
2024-05,comerciais_leves,RENAULT/OROCH,5368,5338.0,30.0
2022-03,comerciais_leves,PEUGEOT/EXPERT,996,968.0,28.0
2022-07,comerciais_leves,FIAT/STRADA,61914,61942.0,-28.0
2022-08,comerciais_leves,FIAT/STRADA,76099,76071.0,28.0
2018-05,comerciais_leves,TOYOTA/HILUX,14468,14495.0,-27.0
2017-03,automoveis,VOLVO/V40,84,57.0,27.0
2022-03,automoveis,NISSAN/VERSA,2715,2690.0,25.0
2023-05,comerciais_leves,KIA/K2500,1116,1091.0,25.0
2019-10,automoveis,TOYOTA/HILUX SW4,11212,11236.0,-24.0
2023-11,comerciais_leves,FIAT/STRADA,110005,110028.0,-23.0
2022-03,automoveis,HONDA/HR-V,3107,3084.0,23.0
2019-10,automoveis,TOYOTA/COROLLA,46948,46926.0,22.0
2022-03,automoveis,TOYOTA/YARIS SEDAN,3036,3015.0,21.0
2023-12,automoveis,FORD/MUSTANG,343,364.0,-21.0
2019-07,automoveis,PORSCHE/911,139,118.0,21.0
2022-03,automoveis,BMW/320I,1271,1251.0,20.0
2022-03,automoveis,CAOA CHERY/TIGGO 7,1908,1888.0,20.0
2016-07,automoveis,GM/ONIX,80146,80126.0,20.0
2017-10,automoveis,RENAULT/DUSTER,13955,13974.0,-19.0
2022-03,comerciais_leves,FORD/RANGER,3010,2991.0,19.0
2018-03,automoveis,M.BENZ/GLC,247,266.0,-19.0
2022-03,automoveis,TOYOTA/HILUX SW4,3106,3087.0,19.0
2019-04,comerciais_leves,FIAT/STRADA,22757,22739.0,18.0
2022-03,automoveis,VW/GOL,6355,6338.0,17.0
2018-04,comerciais_leves,RENAULT/MASTER,2214,2197.0,17.0
2022-03,automoveis,CAOA CHERY/TIGGO 5X,2346,2329.0,17.0
2022-03,automoveis,VW/TAOS,2074,2058.0,16.0
2022-03,comerciais_leves,NISSAN/FRONTIER,2149,2133.0,16.0
2022-03,automoveis,HONDA/CITY HATCH,2195,2180.0,15.0
2022-06,comerciais_leves,FIAT/STRADA,51046,51031.0,15.0
2022-03,automoveis,BMW/X1,673,658.0,15.0
2024-05,automoveis,BMW/X1,1882,1896.0,-14.0
2016-05,automoveis,VW/SPACE FOX,942,928.0,14.0
2022-03,automoveis,FIAT/CRONOS,3369,3355.0,14.0
2022-03,automoveis,RENAULT/LOGAN,2782,2768.0,14.0
2016-12,automoveis,MITSUBISHI/PAJERO,2605,2591.0,14.0
2023-06,automoveis,GM/BOLT,20,34.0,-14.0
2023-12,comerciais_leves,MITSUBISHI/L200,12644,12658.0,-14.0
2015-12,automoveis,CITROEN/C3 AIRCROSS,4667,4681.0,-14.0
2019-03,comerciais_leves,TOYOTA/HILUX,9246,9232.0,14.0
2022-03,automoveis,HYUNDAI/HB20S,6763,6750.0,13.0
2016-09,automoveis,FIAT/DOBLO,4701,4688.0,13.0
2022-03,comerciais_leves,RENAULT/OROCH,2221,2208.0,13.0
2023-12,automoveis,PORSCHE/911,1053,1065.0,-12.0
2020-11,automoveis,NISSAN/VERSA,8613,8601.0,12.0
2022-03,automoveis,CAOA CHERY/TIGGO 3X,2529,2517.0,12.0
2022-03,automoveis,VW/POLO,1050,1039.0,11.0
2022-03,comerciais_leves,MITSUBISHI/L200,2715,2704.0,11.0
2019-10,automoveis,FIAT/UNO,17093,17104.0,-11.0
2016-12,automoveis,FORD/KA SEDAN,24647,24657.0,-10.0
2026-07,automoveis,RENAULT/DUSTER,8211,8221.0,-10.0
2021-04,automoveis,GM/ONIX PLUS,23976,23986.0,-10.0
2022-03,automoveis,MITSUBISHI/PAJERO,651,641.0,10.0
2023-12,automoveis,VW/GOL,6165,6175.0,-10.0
2023-12,automoveis,GM/CORVETTE,59,68.0,-9.0
2022-03,comerciais_leves,CITROEN/JUMPY,678,669.0,9.0
2022-04,comerciais_leves,FIAT/STRADA,29667,29676.0,-9.0
2022-03,automoveis,CAOA CHERY/TIGGO 8,2100,2091.0,9.0
2025-10,comerciais_leves,FORD/RANGER,28117,28126.0,-9.0
2022-03,automoveis,HYUNDAI/TUCSON,1641,1632.0,9.0
2022-03,comerciais_leves,VW/AMAROK,1711,1703.0,8.0
2022-03,automoveis,FORD/BRONCO,313,305.0,8.0
2022-03,automoveis,GM/CRUZE SEDAN,1689,1681.0,8.0
2008-04,automoveis,PORSCHE/911,35,43.0,-8.0
2017-09,automoveis,GM/TRAILBLAZER,2465,2473.0,-8.0
2022-03,comerciais_leves,RENAULT/MASTER,1771,1763.0,8.0
2025-12,automoveis,BYD/SONG,42181,42188.0,-7.0
2024-12,automoveis,BYD/DOLPHIN MINI,21946,21953.0,-7.0
2019-08,comerciais_leves,FIAT/TORO,40186,40193.0,-7.0
2015-12,automoveis,VW/VOYAGE,41518,41525.0,-7.0
2022-03,comerciais_leves,FIAT/DUCATO,1126,1119.0,7.0
2017-03,automoveis,RENAULT/DUSTER,5251,5244.0,7.0
2024-08,automoveis,JEEP/RENEGADE,34782,34775.0,7.0
2017-05,comerciais_leves,TOYOTA/HILUX,13066,13072.0,-6.0
2022-03,automoveis,HONDA/CIVIC,1860,1854.0,6.0
2016-12,automoveis,HYUNDAI/TUCSON,11203,11197.0,6.0
2026-05,automoveis,BYD/SONG,24895,24901.0,-6.0
2026-07,automoveis,BYD/SONG,38352,38358.0,-6.0
2026-07,automoveis,BYD/DOLPHIN,24533,24539.0,-6.0
2023-12,comerciais_leves,FIAT/STRADA,120570,120576.0,-6.0
2017-02,automoveis,FORD/KA SEDAN,2406,2412.0,-6.0
2024-07,automoveis,FIAT/MOBI,39041,39047.0,-6.0
2024-05,automoveis,BYD/DOLPHIN MINI,7734,7740.0,-6.0
2018-03,automoveis,FIAT/MOBI,12335,12341.0,-6.0
2018-02,automoveis,MITSUBISHI/LANCER,168,174.0,-6.0
2019-03,automoveis,FIAT/UNO,4671,4677.0,-6.0
2008-04,comerciais_leves,M.BENZ/SPRINTER 313,1087,1081.0,6.0
2025-10,automoveis,BYD/DOLPHIN MINI,25693,25699.0,-6.0
2018-08,comerciais_leves,GM/MONTANA,8022,8028.0,-6.0
2017-04,automoveis,RENAULT/LOGAN,6594,6600.0,-6.0
2020-03,automoveis,NISSAN/KICKS,12362,12367.0,-5.0
2018-05,automoveis,M.BENZ/CLASSE GLA,1143,1148.0,-5.0
2025-10,automoveis,BYD/DOLPHIN,12071,12076.0,-5.0
2021-07,comerciais_leves,FIAT/TORO,41114,41119.0,-5.0
2017-06,automoveis,GM/ONIX,83236,83241.0,-5.0
2021-11,automoveis,JEEP/RENEGADE,69621,69626.0,-5.0
2025-08,automoveis,BYD/DOLPHIN MINI,19516,19521.0,-5.0
2017-11,comerciais_leves,GM/S10,27443,27448.0,-5.0
2025-10,automoveis,BYD/SONG,30335,30340.0,-5.0
2019-11,comerciais_leves,TOYOTA/HILUX,36769,36774.0,-5.0
2026-06,automoveis,HYUNDAI/HB20,38930,38935.0,-5.0
2015-12,automoveis,HYUNDAI/HB20,110396,110401.0,-5.0
2026-05,automoveis,BYD/DOLPHIN MINI,29215,29220.0,-5.0
2022-03,automoveis,VW/VIRTUS,1347,1342.0,5.0
2021-10,comerciais_leves,GM/S10,29726,29731.0,-5.0
2022-11,comerciais_leves,FIAT/STRADA,103288,103293.0,-5.0
2023-12,comerciais_leves,VW/SAVEIRO,46595,46600.0,-5.0
2018-11,automoveis,FIAT/DOBLO,4853,4858.0,-5.0
2008-04,comerciais_leves,RENAULT/MASTER,1555,1560.0,-5.0
2023-08,automoveis,JEEP/COMMANDER,13834,13839.0,-5.0
2023-03,comerciais_leves,FORD/TRANSIT,824,819.0,5.0
2023-05,comerciais_leves,MITSUBISHI/L200,4264,4269.0,-5.0
2024-07,comerciais_leves,TOYOTA/HILUX,27044,27049.0,-5.0
2021-10,comerciais_leves,NISSAN/FRONTIER,9053,9057.0,-4.0
2021-07,automoveis,JEEP/COMPASS,39220,39224.0,-4.0
2021-06,comerciais_leves,FIAT/TORO,34089,34093.0,-4.0
2021-07,comerciais_leves,RENAULT/MASTER,4663,4667.0,-4.0
2021-12,automoveis,MITSUBISHI/PAJERO,2077,2081.0,-4.0
2024-12,automoveis,NISSAN/SENTRA,6014,6018.0,-4.0
2024-12,automoveis,HYUNDAI/CRETA,69116,69120.0,-4.0
2025-08,automoveis,BYD/SONG,23654,23658.0,-4.0
2018-03,automoveis,VW/GOL,16257,16261.0,-4.0
2021-04,automoveis,FIAT/ARGO,21616,21620.0,-4.0
2017-12,comerciais_leves,RENAULT/MASTER,6171,6175.0,-4.0
2019-11,automoveis,HYUNDAI/CRETA,50837,50841.0,-4.0
2018-08,comerciais_leves,RENAULT/MASTER,4718,4722.0,-4.0
2008-03,automoveis,PORSCHE/911,38,34.0,4.0
2008-03,comerciais_leves,M.BENZ/SPRINTER 313,789,793.0,-4.0
2018-05,comerciais_leves,FIAT/STRADA,27033,27037.0,-4.0
2019-08,comerciais_leves,VW/AMAROK,12734,12738.0,-4.0
2019-12,automoveis,VW/VIRTUS,46876,46880.0,-4.0
2020-05,automoveis,TOYOTA/COROLLA,14792,14796.0,-4.0
2020-12,automoveis,GM/ONIX PLUS,83392,83396.0,-4.0
2020-07,automoveis,GM/ONIX,69979,69983.0,-4.0
2020-06,comerciais_leves,MITSUBISHI/L200,3622,3626.0,-4.0
2018-02,comerciais_leves,FORD/RANGER,2335,2339.0,-4.0
2024-12,automoveis,BYD/SONG,27689,27693.0,-4.0
2022-03,automoveis,LAND ROVER/DISCOVERY,357,353.0,4.0
2015-10,comerciais_leves,VW/SAVEIRO,50472,50476.0,-4.0
2015-12,automoveis,FIAT/PALIO,122364,122368.0,-4.0
2022-03,automoveis,CAOA CHERY/ARRIZO 6,621,617.0,4.0
2025-02,automoveis,BYD/SONG,5859,5863.0,-4.0
2025-08,automoveis,BYD/DOLPHIN,8893,8897.0,-4.0
2025-09,automoveis,BYD/SONG,26896,26900.0,-4.0
2022-03,comerciais_leves,RAM/2500,357,353.0,4.0
2024-11,automoveis,BYD/DOLPHIN,14671,14675.0,-4.0
2022-03,automoveis,MITSUBISHI/Outlander,620,616.0,4.0
2016-04,comerciais_leves,FIAT/TORO,8178,8182.0,-4.0
2016-05,automoveis,CITROEN/AIRCROSS,2758,2754.0,4.0
2024-06,comerciais_leves,FIAT/STRADA,56592,56596.0,-4.0
2024-10,automoveis,HONDA/HR-V,41145,41149.0,-4.0
2022-03,automoveis,MITSUBISHI/ECLIPSE CROSS,421,417.0,4.0
2022-03,automoveis,PEUGEOT/2008,2473,2469.0,4.0
2016-04,comerciais_leves,CITROEN/JUMPER,390,386.0,4.0
2022-09,automoveis,HYUNDAI/CRETA,45764,45768.0,-4.0
2022-04,automoveis,TOYOTA/COROLLA,12835,12839.0,-4.0
2023-12,automoveis,GM/ONIX PLUS,74887,74891.0,-4.0
2023-08,comerciais_leves,FIAT/TORO,34053,34057.0,-4.0
2023-11,automoveis,TOYOTA/COROLLA CROSS,37681,37685.0,-4.0
2022-12,automoveis,FIAT/PULSE,50522,50518.0,4.0
2022-11,comerciais_leves,RENAULT/MASTER,9126,9122.0,4.0
2016-09,automoveis,AUDI/A4,279,275.0,4.0
2026-05,comerciais_leves,FIAT/STRADA,68730,68734.0,-4.0
2026-08,automoveis,BYD/DOLPHIN,31269,31273.0,-4.0
2026-08,automoveis,BYD/DOLPHIN MINI,51225,51229.0,-4.0
2026-06,comerciais_leves,TOYOTA/HILUX,23363,23367.0,-4.0
2026-07,automoveis,FIAT/FASTBACK,29750,29754.0,-4.0
2026-07,automoveis,BYD/DOLPHIN MINI,42930,42934.0,-4.0
2026-06,comerciais_leves,FIAT/STRADA,83029,83033.0,-4.0
2024-08,automoveis,PEUGEOT/208,14152,14155.0,-3.0
2023-12,automoveis,GM/TRACKER,66643,66646.0,-3.0
2019-12,automoveis,GM/ONIX PLUS,26852,26855.0,-3.0
2023-12,automoveis,VW/POLO,111242,111245.0,-3.0
2023-12,automoveis,TOYOTA/COROLLA,42923,42926.0,-3.0
2019-11,automoveis,TOYOTA/YARIS HB,33789,33792.0,-3.0
2019-10,automoveis,VW/VOYAGE,25990,25993.0,-3.0
2022-07,automoveis,JEEP/RENEGADE,29141,29144.0,-3.0
2019-10,automoveis,JEEP/COMPASS,49324,49327.0,-3.0
2017-12,automoveis,RENAULT/SANDERO,67344,67347.0,-3.0
2018-06,automoveis,JEEP/COMPASS,28193,28196.0,-3.0
2016-11,automoveis,GM/ONIX,134941,134944.0,-3.0
2017-12,automoveis,JEEP/RENEGADE,38330,38333.0,-3.0
2017-12,comerciais_leves,FIAT/TORO,50723,50726.0,-3.0
2022-09,automoveis,GM/ONIX,60582,60585.0,-3.0
2022-11,automoveis,VW/T CROSS,59161,59164.0,-3.0
2021-06,automoveis,VW/POLO,14250,14253.0,-3.0
2023-11,comerciais_leves,RENAULT/MASTER,9469,9466.0,3.0
2016-08,automoveis,FIAT/MOBI,13826,13829.0,-3.0
2026-06,automoveis,BYD/SONG,31524,31527.0,-3.0
2016-07,automoveis,JEEP/RENEGADE,30439,30442.0,-3.0
2026-06,automoveis,BYD/DOLPHIN MINI,35669,35672.0,-3.0
2016-07,automoveis,HONDA/HR-V,35217,35220.0,-3.0
2021-05,automoveis,JEEP/COMPASS,26509,26512.0,-3.0
2026-06,comerciais_leves,FIAT/TORO,25898,25901.0,-3.0
2019-08,automoveis,GM/ONIX,159367,159370.0,-3.0
2023-07,automoveis,JEEP/RENEGADE,27875,27878.0,-3.0
2019-08,automoveis,VW/POLO,45035,45038.0,-3.0
2023-06,automoveis,GM/TRACKER,28964,28967.0,-3.0
2023-06,automoveis,GM/ONIX PLUS,35726,35729.0,-3.0
2019-09,automoveis,GM/PRISMA,65415,65418.0,-3.0
2019-09,automoveis,VW/T CROSS,19113,19116.0,-3.0
2021-05,comerciais_leves,FIAT/TORO,28184,28187.0,-3.0
2020-11,automoveis,GM/ONIX PLUS,70477,70480.0,-3.0
2016-02,automoveis,HYUNDAI/HB20,16835,16838.0,-3.0
2016-04,automoveis,VW/GOL,19634,19637.0,-3.0
2024-06,comerciais_leves,FIAT/TORO,23206,23209.0,-3.0
2024-06,automoveis,FIAT/ARGO,39624,39627.0,-3.0
2020-11,comerciais_leves,RENAULT/MASTER,4946,4943.0,3.0
2024-05,automoveis,JEEP/COMMANDER,5489,5486.0,3.0
2020-05,automoveis,VW/POLO,17515,17518.0,-3.0
2025-08,automoveis,BYD/YUAN,4000,4003.0,-3.0
2025-07,automoveis,BYD/SONG,20647,20650.0,-3.0
2024-02,comerciais_leves,FIAT/STRADA,16587,16590.0,-3.0
2022-03,comerciais_leves,FORD/MAVERICK,70,67.0,3.0
2025-07,automoveis,BYD/DOLPHIN MINI,16221,16224.0,-3.0
2022-03,automoveis,VOLVO/XC60,502,499.0,3.0
2025-07,automoveis,BYD/DOLPHIN,7586,7589.0,-3.0
2025-07,comerciais_leves,FORD/RANGER,19074,19077.0,-3.0
2022-03,automoveis,M.BENZ/CLASSE C,393,390.0,3.0
2023-12,automoveis,FIAT/PALIO,7,10.0,-3.0
2023-12,automoveis,FIAT/UNO,37,40.0,-3.0
2020-06,automoveis,GM/ONIX,60267,60270.0,-3.0
2018-04,automoveis,HYUNDAI/HB20,33618,33621.0,-3.0
2023-12,automoveis,BYD/DOLPHIN,6806,6809.0,-3.0
2018-05,automoveis,HYUNDAI/HB20,42128,42131.0,-3.0
2024-09,automoveis,BYD/SONG,16860,16863.0,-3.0
2016-02,automoveis,HYUNDAI/HB20S,7281,7284.0,-3.0
2024-08,comerciais_leves,RENAULT/OROCH,8275,8278.0,-3.0
2020-07,comerciais_leves,MITSUBISHI/L200,4865,4868.0,-3.0
2025-09,automoveis,BYD/DOLPHIN MINI,22905,22908.0,-3.0
2020-09,automoveis,GM/ONIX,92293,92296.0,-3.0
2015-09,automoveis,GM/PRISMA,49830,49833.0,-3.0
2022-03,comerciais_leves,VW/SAVEIRO,1528,1525.0,3.0
2024-07,automoveis,FIAT/ARGO,48284,48287.0,-3.0
2020-11,automoveis,FORD/KA,59425,59428.0,-3.0
2024-08,comerciais_leves,TOYOTA/HILUX,31771,31774.0,-3.0
2019-03,automoveis,TOYOTA/COROLLA,11321,11324.0,-3.0
2018-11,automoveis,JEEP/COMPASS,55522,55525.0,-3.0
2016-10,automoveis,GM/CAMARO,357,354.0,3.0
2023-05,comerciais_leves,TOYOTA/HILUX,17793,17796.0,-3.0
2009-07,comerciais_leves,PEUGEOT/PARTNER,580,583.0,-3.0
2019-02,automoveis,FORD/KA,15653,15656.0,-3.0
2026-07,comerciais_leves,FIAT/STRADA,97938,97941.0,-3.0
2018-10,automoveis,JEEP/COMPASS,50517,50520.0,-3.0
2021-11,automoveis,GM/TRAILBLAZER,3032,3035.0,-3.0
2021-09,automoveis,GM/SPIN,10100,10103.0,-3.0
2016-08,comerciais_leves,TOYOTA/HILUX,22519,22522.0,-3.0
2021-09,automoveis,FIAT/ARGO,65415,65418.0,-3.0
2018-12,automoveis,LAND ROVER/DISCOVERY,3788,3785.0,3.0
2019-07,automoveis,GM/ONIX,136974,136977.0,-3.0
2025-12,automoveis,VW/NIVUS,48690,48693.0,-3.0
2018-09,automoveis,VW/GOL,52533,52536.0,-3.0
2018-12,automoveis,RENAULT/KWID,67320,67323.0,-3.0
2026-04,automoveis,BYD/KING,4662,4665.0,-3.0
2025-12,automoveis,MITSUBISHI/ECLIPSE CROSS,10032,10029.0,3.0
2026-08,comerciais_leves,FIAT/STRADA,111733,111736.0,-3.0
2021-12,comerciais_leves,GM/S10,35045,35048.0,-3.0
2021-12,comerciais_leves,FIAT/TORO,70890,70893.0,-3.0
2021-10,automoveis,VW/VIRTUS,19056,19059.0,-3.0
2018-09,automoveis,HYUNDAI/HB20S,23963,23966.0,-3.0
2015-12,automoveis,HONDA/CITY,26405,26408.0,-3.0
2019-05,automoveis,RENAULT/KWID,32639,32642.0,-3.0
2026-05,automoveis,BYD/KING,6555,6558.0,-3.0
2021-07,automoveis,GM/ONIX,42894,42897.0,-3.0
2015-11,automoveis,HONDA/HR-V,44618,44621.0,-3.0
2018-08,automoveis,JEEP/RENEGADE,29925,29928.0,-3.0
2025-10,automoveis,VW/NIVUS,41356,41359.0,-3.0
2025-11,automoveis,BYD/DOLPHIN,12870,12873.0,-3.0
2018-09,automoveis,GM/ONIX,146217,146220.0,-3.0
2025-11,automoveis,FIAT/FASTBACK,51791,51794.0,-3.0
2021-07,automoveis,TOYOTA/COROLLA,23821,23824.0,-3.0
2026-04,automoveis,VW/POLO,32631,32634.0,-3.0
2025-10,automoveis,GM/ONIX,62367,62370.0,-3.0
2022-12,automoveis,JEEP/RENEGADE,51398,51401.0,-3.0
2018-11,automoveis,VW/POLO,63556,63559.0,-3.0
2017-08,comerciais_leves,VW/SAVEIRO,27908,27911.0,-3.0
2025-10,automoveis,HYUNDAI/CRETA,60308,60311.0,-3.0
2026-03,automoveis,BYD/SONG,12555,12558.0,-3.0
2025-11,automoveis,GWM/HAVAL H6,28585,28588.0,-3.0
2021-09,comerciais_leves,FIAT/TORO,54647,54649.0,-2.0
2025-09,automoveis,OMODA JAECOO/JAECOO 7,2684,2686.0,-2.0
2025-08,comerciais_leves,GM/S10,18767,18769.0,-2.0
2017-11,automoveis,JEEP/COMPASS,44068,44070.0,-2.0
2025-09,automoveis,M.BENZ/CLASSE C,1091,1089.0,2.0
2025-09,automoveis,BYD/DOLPHIN,10345,10347.0,-2.0
2015-10,automoveis,JEEP/RENEGADE,26134,26136.0,-2.0
2021-10,automoveis,JEEP/RENEGADE,65393,65395.0,-2.0
2021-10,automoveis,JEEP/COMPASS,58955,58957.0,-2.0
2025-08,automoveis,PEUGEOT/208,5814,5816.0,-2.0
2025-08,automoveis,VW/NIVUS,32930,32932.0,-2.0
2025-08,automoveis,VW/POLO,83061,83063.0,-2.0
2021-11,automoveis,GM/ONIX,62096,62098.0,-2.0
2021-10,comerciais_leves,VW/SAVEIRO,22099,22101.0,-2.0
2021-10,comerciais_leves,MITSUBISHI/L200,10190,10192.0,-2.0
2025-08,automoveis,BYD/KING,8301,8303.0,-2.0
2025-08,comerciais_leves,FIAT/FIORINO,13487,13489.0,-2.0
2017-08,comerciais_leves,MITSUBISHI/L200,6666,6668.0,-2.0
2025-08,automoveis,GM/TRACKER,39152,39154.0,-2.0
2025-08,automoveis,HYUNDAI/HB20,49980,49982.0,-2.0
2025-08,automoveis,NISSAN/VERSA,6950,6952.0,-2.0
2017-08,comerciais_leves,FORD/RANGER,10048,10050.0,-2.0
2021-08,comerciais_leves,NISSAN/FRONTIER,6837,6839.0,-2.0
2021-08,automoveis,JEEP/RENEGADE,54170,54172.0,-2.0
2021-05,automoveis,HONDA/FIT,3154,3156.0,-2.0
2021-05,automoveis,GM/ONIX PLUS,27341,27343.0,-2.0
2021-08,automoveis,TOYOTA/COROLLA CROSS,20166,20168.0,-2.0
2021-05,automoveis,VW/NIVUS,17112,17114.0,-2.0
2021-05,automoveis,TOYOTA/YARIS HB,10205,10207.0,-2.0
2021-05,automoveis,TOYOTA/HILUX SW4,4869,4871.0,-2.0
2021-08,automoveis,FIAT/MOBI,54949,54951.0,-2.0
2025-07,automoveis,HONDA/HR-V,36086,36088.0,-2.0
2021-06,automoveis,GM/TRACKER,27125,27127.0,-2.0
2021-06,automoveis,FIAT/CRONOS,10249,10251.0,-2.0
2021-05,comerciais_leves,GM/S10,9462,9464.0,-2.0
2021-05,automoveis,VW/T CROSS,25861,25863.0,-2.0
2021-07,automoveis,FIAT/ARGO,52797,52799.0,-2.0
2021-07,automoveis,FIAT/MOBI,47413,47415.0,-2.0
2021-06,automoveis,TOYOTA/COROLLA,19899,19901.0,-2.0
2021-06,automoveis,JEEP/RENEGADE,40607,40609.0,-2.0
2021-06,automoveis,HYUNDAI/HB20,45408,45410.0,-2.0
2021-07,automoveis,HYUNDAI/HB20,53205,53207.0,-2.0
2021-07,automoveis,TOYOTA/COROLLA CROSS,15379,15381.0,-2.0
2017-09,comerciais_leves,GM/S10,22222,22224.0,-2.0
2025-09,automoveis,JEEP/COMPASS,42471,42473.0,-2.0
2017-09,comerciais_leves,VW/SAVEIRO,31194,31196.0,-2.0
2025-09,comerciais_leves,FIAT/STRADA,101298,101300.0,-2.0
2021-09,automoveis,MITSUBISHI/PAJERO,1761,1763.0,-2.0
2020-12,comerciais_leves,FIAT/STRADA,80030,80032.0,-2.0
2020-12,automoveis,HYUNDAI/HB20,86548,86550.0,-2.0
2020-12,automoveis,HONDA/HR-V,32511,32513.0,-2.0
2021-03,automoveis,CITROEN/C4L,217,219.0,-2.0
2021-09,automoveis,RENAULT/CAPTUR,5131,5133.0,-2.0
2017-12,automoveis,JEEP/COMPASS,49187,49189.0,-2.0
2021-03,automoveis,VW/GOL,19013,19015.0,-2.0
2021-04,automoveis,GM/TRACKER,21420,21422.0,-2.0
2021-04,automoveis,HYUNDAI/HB20,30512,30514.0,-2.0
2021-05,automoveis,GM/ONIX,38978,38980.0,-2.0
2021-09,automoveis,FIAT/MOBI,59521,59523.0,-2.0
2021-04,comerciais_leves,FIAT/TORO,24245,24247.0,-2.0
2021-08,comerciais_leves,FIAT/TORO,47797,47799.0,-2.0
2017-12,automoveis,HONDA/FIT,25347,25349.0,-2.0
2017-12,automoveis,GM/ONIX,188654,188656.0,-2.0
2021-08,comerciais_leves,MITSUBISHI/L200,7909,7911.0,-2.0
2021-03,automoveis,VW/VIRTUS,6669,6671.0,-2.0
2018-10,comerciais_leves,RENAULT/MASTER,5988,5990.0,-2.0
2018-10,automoveis,VW/POLO,57915,57917.0,-2.0
2018-11,automoveis,FIAT/CRONOS,26658,26660.0,-2.0
2018-11,automoveis,TOYOTA/HILUX SW4,12135,12137.0,-2.0
2018-11,automoveis,RENAULT/SANDERO,48956,48958.0,-2.0
2018-12,automoveis,FIAT/DOBLO,5297,5299.0,-2.0
2026-04,automoveis,BYD/DOLPHIN MINI,21643,21645.0,-2.0
2026-04,automoveis,BYD/DOLPHIN,7575,7577.0,-2.0
2026-04,automoveis,HYUNDAI/CRETA,23793,23795.0,-2.0
2026-04,automoveis,FIAT/FASTBACK,16507,16509.0,-2.0
2017-08,comerciais_leves,GM/MONTANA,8840,8842.0,-2.0
2026-05,automoveis,FIAT/ARGO,36199,36201.0,-2.0
2026-05,automoveis,BYD/DOLPHIN,12536,12538.0,-2.0
2026-05,automoveis,JEEP/RENEGADE,16522,16524.0,-2.0
2026-05,automoveis,GM/SPARK,3082,3084.0,-2.0
2026-06,automoveis,BYD/KING,8196,8198.0,-2.0
2015-06,automoveis,FIAT/UNO,43777,43779.0,-2.0
2015-06,automoveis,FIAT/PALIO,62757,62759.0,-2.0
2015-06,automoveis,HONDA/FIT,23280,23282.0,-2.0
2015-06,automoveis,VW/GOL,44900,44902.0,-2.0
2026-06,automoveis,FIAT/PULSE,25913,25915.0,-2.0
2019-08,automoveis,RENAULT/SANDERO,30665,30667.0,-2.0
2026-04,comerciais_leves,VW/SAVEIRO,17020,17022.0,-2.0
2025-11,automoveis,BYD/DOLPHIN MINI,28572,28574.0,-2.0
2025-11,automoveis,BYD/YUAN,5555,5557.0,-2.0
2025-11,automoveis,BYD/SONG,34713,34715.0,-2.0
2025-11,automoveis,JEEP/RENEGADE,40641,40643.0,-2.0
2025-12,automoveis,BYD/KING,12402,12404.0,-2.0
2025-12,automoveis,BYD/DOLPHIN MINI,32459,32461.0,-2.0
2025-11,comerciais_leves,TOYOTA/HILUX,45404,45406.0,-2.0
2025-11,automoveis,VW/TERA,37691,37693.0,-2.0
2025-12,automoveis,GWM/HAVAL H6,31964,31966.0,-2.0
2025-12,automoveis,FIAT/ARGO,102630,102632.0,-2.0
2018-10,automoveis,HYUNDAI/HB20,88116,88118.0,-2.0
2025-12,comerciais_leves,FIAT/STRADA,142891,142893.0,-2.0
2026-03,automoveis,JEEP/COMPASS,14104,14106.0,-2.0
2026-03,automoveis,BYD/SEAL,439,441.0,-2.0
2026-07,automoveis,CAOA CHANGAN/UNIT-T,3525,3527.0,-2.0
2015-08,automoveis,FIAT/DOBLO,5694,5696.0,-2.0
2026-04,automoveis,BYD/SONG,18594,18596.0,-2.0
2019-07,automoveis,HYUNDAI/CRETA,29552,29554.0,-2.0
2019-08,automoveis,HONDA/CIVIC,17720,17722.0,-2.0
2019-08,automoveis,GM/PRISMA,56472,56474.0,-2.0
2026-07,automoveis,GWM/HAVAL H6,25809,25811.0,-2.0
2018-10,automoveis,JEEP/RENEGADE,37002,37004.0,-2.0
2025-12,comerciais_leves,TOYOTA/HILUX,49721,49723.0,-2.0
2018-05,automoveis,GM/ONIX,73403,73405.0,-2.0
2020-07,automoveis,FORD/KA,33839,33841.0,-2.0
2020-06,comerciais_leves,FIAT/STRADA,22845,22847.0,-2.0
2020-07,automoveis,HONDA/CITY,3607,3609.0,-2.0
2020-08,automoveis,AUDI/A4 AVANT,104,102.0,2.0
2020-08,automoveis,AUDI/A4,101,103.0,-2.0
2020-08,comerciais_leves,FIAT/TORO,28853,28855.0,-2.0
2020-08,automoveis,VW/UP,5961,5963.0,-2.0
2020-09,automoveis,GM/TRACKER,29603,29605.0,-2.0
2020-09,automoveis,JEEP/COMPASS,33682,33684.0,-2.0
2019-08,automoveis,M.BENZ/CLASSE C,2269,2267.0,2.0
2020-09,comerciais_leves,FIAT/STRADA,49968,49970.0,-2.0
2020-10,automoveis,GM/ONIX,104494,104496.0,-2.0
2020-11,automoveis,NISSAN/KICKS,33297,33299.0,-2.0
2020-11,automoveis,VW/VIRTUS,28004,28006.0,-2.0
2020-11,automoveis,RENAULT/SANDERO,24450,24452.0,-2.0
2018-02,automoveis,KIA/PICANTO,82,80.0,2.0
2018-03,automoveis,RENAULT/KWID,13687,13689.0,-2.0
2018-04,automoveis,FORD/KA,32790,32792.0,-2.0
2018-03,automoveis,VW/POLO,17721,17723.0,-2.0
2020-11,comerciais_leves,MITSUBISHI/L200,8786,8788.0,-2.0
2024-12,comerciais_leves,VW/SAVEIRO,56983,56985.0,-2.0
2020-09,comerciais_leves,FORD/RANGER,13409,13411.0,-2.0
2019-08,comerciais_leves,FIAT/DUCATO,3217,3219.0,-2.0
2019-08,automoveis,VW/TIGUAN,8188,8190.0,-2.0
2019-09,automoveis,HYUNDAI/HB20,77529,77531.0,-2.0
2019-09,automoveis,VW/POLO,51315,51317.0,-2.0
2019-09,automoveis,TOYOTA/COROLLA,40715,40717.0,-2.0
2018-05,automoveis,VW/GOL,27483,27485.0,-2.0
2018-06,automoveis,JEEP/RENEGADE,21429,21431.0,-2.0
2018-06,automoveis,HONDA/FIT,13832,13834.0,-2.0
2018-06,automoveis,TOYOTA/COROLLA,28553,28555.0,-2.0
2019-10,automoveis,JEEP/RENEGADE,56791,56793.0,-2.0
2020-05,automoveis,JEEP/COMPASS,14403,14405.0,-2.0
2019-10,automoveis,VW/T CROSS,24195,24197.0,-2.0
2019-10,automoveis,VW/JETTA,9959,9961.0,-2.0
2019-11,automoveis,JEEP/RENEGADE,63022,63024.0,-2.0
2019-11,automoveis,VW/GOL,73416,73418.0,-2.0
2019-11,comerciais_leves,GM/S10,28469,28471.0,-2.0
2019-12,automoveis,HYUNDAI/CRETA,57460,57462.0,-2.0
2019-12,automoveis,FORD/KA,104330,104332.0,-2.0
2019-12,automoveis,VW/POLO,72057,72059.0,-2.0
2019-12,automoveis,TOYOTA/YARIS SEDAN,29759,29761.0,-2.0
2019-12,comerciais_leves,VW/SAVEIRO,42262,42264.0,-2.0
2020-05,automoveis,GM/ONIX PLUS,28416,28418.0,-2.0
2019-10,comerciais_leves,FIAT/TORO,52794,52796.0,-2.0
2022-08,automoveis,TOYOTA/COROLLA CROSS,29128,29130.0,-2.0
2022-08,automoveis,TOYOTA/COROLLA,28255,28257.0,-2.0
2022-08,automoveis,HYUNDAI/CRETA,40182,40184.0,-2.0
2016-11,automoveis,HYUNDAI/HB20,109382,109384.0,-2.0
2016-11,automoveis,HONDA/HR-V,51434,51436.0,-2.0
2016-12,automoveis,FIAT/MOBI,28731,28733.0,-2.0
2022-09,automoveis,VW/NIVUS,26076,26078.0,-2.0
2022-10,automoveis,TOYOTA/COROLLA CROSS,35211,35213.0,-2.0
2022-10,automoveis,FIAT/MOBI,56774,56776.0,-2.0
2022-10,comerciais_leves,GM/S10,22350,22352.0,-2.0
2022-10,automoveis,VW/TAOS,9093,9095.0,-2.0
2023-07,automoveis,FIAT/FASTBACK,21130,21132.0,-2.0
2024-12,automoveis,NISSAN/KICKS,60455,60457.0,-2.0
2023-06,comerciais_leves,FIAT/TORO,25286,25288.0,-2.0
2023-07,comerciais_leves,NISSAN/FRONTIER,4624,4626.0,-2.0
2023-07,automoveis,JEEP/COMMANDER,11917,11919.0,-2.0
2023-07,automoveis,HONDA/HR-V,25525,25527.0,-2.0
2023-08,automoveis,FIAT/CRONOS,29322,29324.0,-2.0
2023-08,automoveis,JEEP/RENEGADE,32917,32919.0,-2.0
2023-08,automoveis,JEEP/COMPASS,40369,40371.0,-2.0
2023-11,automoveis,BYD/SONG PLUS,5787,5789.0,-2.0
2023-11,automoveis,JEEP/COMPASS,55171,55173.0,-2.0
2016-07,automoveis,TOYOTA/ETIOS HB,21048,21050.0,-2.0
2016-08,automoveis,HYUNDAI/HB20S,30638,30640.0,-2.0
2016-08,automoveis,HYUNDAI/HB20,75879,75881.0,-2.0
2023-06,comerciais_leves,RENAULT/MASTER,4818,4820.0,-2.0
2022-05,comerciais_leves,CITROEN/JUMPY,1305,1307.0,-2.0
2022-05,automoveis,TOYOTA/HILUX SW4,5532,5534.0,-2.0
2022-05,automoveis,TOYOTA/COROLLA CROSS,18347,18349.0,-2.0
2022-05,automoveis,TOYOTA/COROLLA,17002,17004.0,-2.0
2022-06,automoveis,FIAT/PULSE,24035,24037.0,-2.0
2023-12,automoveis,FIAT/FASTBACK,40402,40404.0,-2.0
2023-12,automoveis,AUDI/A5,559,557.0,2.0
2023-12,automoveis,FORD/BRONCO,1156,1158.0,-2.0
2023-12,automoveis,FIAT/SIENA,22,24.0,-2.0
2023-12,automoveis,JEEP/RENEGADE,47389,47391.0,-2.0
2023-12,automoveis,JEEP/COMPASS,59106,59108.0,-2.0
2023-12,automoveis,HYUNDAI/CRETA,65817,65819.0,-2.0
2022-07,comerciais_leves,TOYOTA/HILUX,25666,25668.0,-2.0
2016-05,automoveis,PEUGEOT/2008,4190,4192.0,-2.0
2016-05,automoveis,JEEP/RENEGADE,21687,21689.0,-2.0
2016-06,automoveis,FIAT/PALIO,31961,31963.0,-2.0
2016-06,automoveis,HONDA/HR-V,30882,30884.0,-2.0
2023-12,comerciais_leves,GM/S10,25966,25968.0,-2.0
2023-12,comerciais_leves,FIAT/TORO,51303,51305.0,-2.0
2023-12,automoveis,VW/T CROSS,72440,72442.0,-2.0
2024-02,comerciais_leves,FORD/RANGER,3659,3661.0,-2.0
2022-05,comerciais_leves,PEUGEOT/EXPERT,1669,1671.0,-2.0
2022-05,comerciais_leves,FIAT/TORO,21382,21384.0,-2.0
2022-07,automoveis,VW/T CROSS,36404,36406.0,-2.0
2022-07,automoveis,JEEP/COMPASS,35429,35431.0,-2.0
2022-07,automoveis,HYUNDAI/CRETA,34378,34380.0,-2.0
2016-05,automoveis,TOYOTA/HILUX SW4,4126,4128.0,-2.0
2018-09,comerciais_leves,TOYOTA/HILUX,27343,27345.0,-2.0
2003-02,automoveis,AUDI/A4,118,120.0,-2.0
2008-03,comerciais_leves,RENAULT/MASTER,1124,1122.0,2.0
2003-02,automoveis,PEUGEOT/406,74,72.0,2.0
2005-02,automoveis,GM/KADETT,2,4.0,-2.0
2006-03,automoveis,M.BENZ/CLASSE C,96,98.0,-2.0
2015-04,automoveis,HONDA/FIT,17838,17840.0,-2.0
2005-06,automoveis,GM/KADETT,13,11.0,2.0
2018-11,comerciais_leves,TOYOTA/HILUX,34749,34751.0,-2.0
2018-12,automoveis,NISSAN/KICKS,46812,46814.0,-2.0
2018-12,comerciais_leves,GM/MONTANA,13106,13108.0,-2.0
2018-12,automoveis,VW/POLO,69584,69586.0,-2.0
2016-08,automoveis,GM/ONIX,92566,92568.0,-2.0
2019-02,automoveis,NISSAN/KICKS,7621,7623.0,-2.0
2019-02,automoveis,HONDA/FIT,4377,4379.0,-2.0
2019-03,automoveis,GM/ONIX,55511,55513.0,-2.0
2019-03,automoveis,FIAT/ARGO,16235,16237.0,-2.0
2019-04,automoveis,HYUNDAI/HB20,34738,34740.0,-2.0
2019-04,automoveis,JEEP/RENEGADE,21383,21385.0,-2.0
2019-04,comerciais_leves,FIAT/TORO,17824,17826.0,-2.0
2015-07,automoveis,VW/FOX/CROSS FOX,50386,50388.0,-2.0
2018-06,comerciais_leves,VW/SAVEIRO,22187,22189.0,-2.0
2018-08,automoveis,JEEP/COMPASS,39351,39353.0,-2.0
2019-06,automoveis,GM/PRISMA,40846,40848.0,-2.0
2019-06,automoveis,GM/ONIX,116906,116908.0,-2.0
2018-08,automoveis,FORD/FIESTA,11635,11637.0,-2.0
2018-12,automoveis,TOYOTA/YARIS SEDAN,13674,13676.0,-2.0
2016-08,automoveis,JEEP/RENEGADE,34917,34919.0,-2.0
2022-11,automoveis,NISSAN/KICKS,35316,35318.0,-2.0
2022-12,automoveis,FIAT/FASTBACK,9889,9891.0,-2.0
2022-12,automoveis,FIAT/ARGO,64016,64018.0,-2.0
2022-12,automoveis,JEEP/COMPASS,63564,63566.0,-2.0
2022-12,automoveis,GM/TRAILBLAZER,3208,3210.0,-2.0
2022-12,automoveis,VW/T CROSS,65341,65343.0,-2.0
2023-03,automoveis,FIAT/PULSE,10050,10052.0,-2.0
2023-02,automoveis,M.BENZ/CLASSE A,6,4.0,2.0
2022-12,comerciais_leves,TOYOTA/HILUX,48606,48608.0,-2.0
2023-03,automoveis,JEEP/COMMANDER,5386,5388.0,-2.0
2023-03,automoveis,HYUNDAI/CRETA,15424,15426.0,-2.0
2018-10,automoveis,GM/SPIN,17818,17820.0,-2.0
2016-09,automoveis,CITROEN/C3,8969,8971.0,-2.0
2016-09,automoveis,HONDA/HR-V,43964,43966.0,-2.0
2016-09,automoveis,GM/CRUZE SEDAN,7611,7613.0,-2.0
2023-04,comerciais_leves,RENAULT/MASTER,2819,2821.0,-2.0
2012-02,automoveis,MITSUBISHI/LANCER,528,526.0,2.0
2015-04,automoveis,VW/UP,20921,20923.0,-2.0
2026-07,automoveis,OMODA JAECOO/JAECOO 7,9483,9485.0,-2.0
2026-08,automoveis,BYD/YUAN,4867,4869.0,-2.0
2026-07,comerciais_leves,FORD/RANGER,20370,20372.0,-2.0
2026-08,automoveis,JEEP/COMPASS,36431,36433.0,-2.0
2026-08,automoveis,FIAT/FASTBACK,34881,34883.0,-2.0
2026-08,automoveis,VW/TERA,61921,61923.0,-2.0
2026-08,automoveis,RENAULT/KWID,39301,39303.0,-2.0
2023-04,automoveis,GM/ONIX,28902,28904.0,-2.0
2015-10,comerciais_leves,RENAULT/MASTER,6948,6946.0,2.0
2015-11,automoveis,RENAULT/SANDERO,69834,69836.0,-2.0
2015-11,automoveis,HYUNDAI/HB20,99196,99198.0,-2.0
2015-12,automoveis,GM/ONIX,125931,125933.0,-2.0
2015-11,comerciais_leves,GM/MONTANA,22552,22554.0,-2.0
2024-12,automoveis,VW/POLO,140177,140179.0,-2.0
2025-02,automoveis,HYUNDAI/CRETA,10107,10109.0,-2.0
2025-02,automoveis,FIAT/PULSE,6900,6902.0,-2.0
2021-12,comerciais_leves,FIAT/STRADA,109099,109101.0,-2.0
2017-06,automoveis,VW/UP,18220,18222.0,-2.0
2017-06,automoveis,TOYOTA/COROLLA,29188,29190.0,-2.0
2017-06,automoveis,M.BENZ/GLC,337,335.0,2.0
2016-12,automoveis,GM/ONIX,153371,153373.0,-2.0
2017-07,automoveis,RENAULT/CAPTUR,5459,5457.0,2.0
2017-07,automoveis,JEEP/RENEGADE,20966,20968.0,-2.0
2017-08,automoveis,FIAT/ARGO,9039,9041.0,-2.0
2022-03,automoveis,AUDI/Q5,401,399.0,2.0
2022-03,automoveis,AUDI/A3 SEDAN,182,180.0,2.0
2022-02,comerciais_leves,CITROEN/JUMPY,385,383.0,2.0
2022-02,automoveis,RENAULT/DUSTER,2993,2995.0,-2.0
2022-03,automoveis,FIAT/SIENA,3601,3599.0,2.0
2022-03,automoveis,GM/SPIN,1827,1825.0,2.0
2022-03,automoveis,FORD/TERRITORY,265,263.0,2.0
2017-05,automoveis,GM/ONIX,68318,68320.0,-2.0
2017-05,automoveis,TOYOTA/ETIOS HB,16995,16997.0,-2.0
2017-05,automoveis,TOYOTA/COROLLA,23456,23458.0,-2.0
2017-07,automoveis,HONDA/CIVIC,16353,16355.0,-2.0
2017-08,comerciais_leves,FIAT/STRADA,32656,32658.0,-2.0
2017-09,automoveis,GM/PRISMA,51035,51037.0,-2.0
2021-11,automoveis,VW/GOL,57899,57901.0,-2.0
2021-11,automoveis,TOYOTA/COROLLA,36971,36973.0,-2.0
2021-11,automoveis,JEEP/COMPASS,64240,64242.0,-2.0
2021-12,automoveis,GM/SPIN,13005,13007.0,-2.0
2021-12,automoveis,GM/ONIX,73623,73625.0,-2.0
2021-11,comerciais_leves,NISSAN/FRONTIER,10414,10416.0,-2.0
2021-11,comerciais_leves,GM/S10,32827,32829.0,-2.0
2021-12,automoveis,TOYOTA/COROLLA,41891,41893.0,-2.0
2021-12,automoveis,RENAULT/KWID,52916,52918.0,-2.0
2021-12,automoveis,JEEP/COMPASS,70906,70908.0,-2.0
2015-11,automoveis,FIAT/PALIO,109454,109456.0,-2.0
2024-10,comerciais_leves,VW/AMAROK,5720,5722.0,-2.0
2024-11,automoveis,HONDA/HR-V,45618,45620.0,-2.0
2024-11,automoveis,BYD/SEAL,3335,3337.0,-2.0
2024-11,automoveis,PEUGEOT/208,17007,17009.0,-2.0
2024-11,automoveis,NISSAN/KICKS,56060,56062.0,-2.0
2024-11,comerciais_leves,TOYOTA/HILUX,45449,45451.0,-2.0
2024-11,comerciais_leves,RAM/RAMPAGE,21766,21768.0,-2.0
2024-11,automoveis,VW/T CROSS,74004,74006.0,-2.0
2024-12,automoveis,BYD/KING,4935,4937.0,-2.0
2024-12,automoveis,GM/ONIX PLUS,59960,59962.0,-2.0
2024-12,automoveis,FIAT/MOBI,67382,67384.0,-2.0
2018-09,comerciais_leves,NISSAN/FRONTIER,4614,4612.0,2.0
2024-12,automoveis,LEXUS/ES300,152,154.0,-2.0
2022-02,automoveis,GM/ONIX,11744,11746.0,-2.0
2017-03,comerciais_leves,VW/SAVEIRO,9495,9497.0,-2.0
2017-04,automoveis,JEEP/RENEGADE,11932,11934.0,-2.0
2017-04,automoveis,JEEP/COMPASS,13735,13737.0,-2.0
2022-03,automoveis,VOLVO/XC40,438,436.0,2.0
2024-03,automoveis,NISSAN/SENTRA,1162,1164.0,-2.0
2024-03,comerciais_leves,NISSAN/FRONTIER,2365,2367.0,-2.0
2024-05,automoveis,GM/ONIX,34752,34754.0,-2.0
2024-06,automoveis,BYD/DOLPHIN MINI,9050,9052.0,-2.0
2024-06,automoveis,HYUNDAI/HB20,42696,42698.0,-2.0
2024-06,automoveis,VW/POLO,57862,57864.0,-2.0
2024-06,automoveis,PEUGEOT/208,9871,9873.0,-2.0
2016-04,automoveis,BMW/X1,498,496.0,2.0
2017-05,comerciais_leves,FIAT/TORO,19108,19110.0,-2.0
2024-06,comerciais_leves,RENAULT/OROCH,6227,6229.0,-2.0
2024-06,comerciais_leves,NISSAN/FRONTIER,5323,5325.0,-2.0
2024-06,comerciais_leves,MITSUBISHI/L200,5505,5507.0,-2.0
2024-07,automoveis,JEEP/COMPASS,27517,27519.0,-2.0
2024-07,automoveis,FIAT/PULSE,21763,21765.0,-2.0
2024-07,automoveis,FIAT/FASTBACK,27384,27386.0,-2.0
2024-08,automoveis,BYD/DOLPHIN,12128,12130.0,-2.0
2022-03,comerciais_leves,VW/MAN/EXPRESS,658,656.0,2.0
2022-04,automoveis,HONDA/HR-V,3220,3222.0,-2.0
2022-04,automoveis,GM/ONIX,22920,22922.0,-2.0
2022-04,automoveis,VW/NIVUS,9657,9659.0,-2.0
2022-05,automoveis,GM/TRACKER,21654,21656.0,-2.0
2022-05,automoveis,GM/SPIN,5362,5364.0,-2.0
2024-07,automoveis,BYD/DOLPHIN MINI,10536,10538.0,-2.0
2017-05,automoveis,VW/GOL,29680,29682.0,-2.0
2017-05,automoveis,VW/FOX/CROSS FOX,17089,17091.0,-2.0
2017-06,automoveis,HONDA/FIT,12701,12703.0,-2.0
2017-06,automoveis,GM/SPIN,11199,11201.0,-2.0
2022-03,automoveis,KIA/CERATO,125,123.0,2.0
2022-03,automoveis,KIA/CARNIVAL,118,116.0,2.0
2022-03,automoveis,JAC/E-JS1,152,150.0,2.0
2022-03,automoveis,M.BENZ/CLASSE GLB,578,576.0,2.0
2024-08,automoveis,RENAULT/KWID,33775,33777.0,-2.0
2024-08,automoveis,JEEP/COMPASS,31520,31522.0,-2.0
2024-08,comerciais_leves,FIAT/TORO,34400,34402.0,-2.0
2024-08,automoveis,RENAULT/SANDERO,2931,2933.0,-2.0
2017-03,automoveis,FORD/KA SEDAN,5144,5146.0,-2.0
2024-09,automoveis,GM/TRACKER,47849,47851.0,-2.0
2024-09,automoveis,CITROEN/C3 AIRCROSS,6451,6453.0,-2.0
2024-09,automoveis,VW/T CROSS,55362,55364.0,-2.0
2024-09,automoveis,VW/POLO,97031,97033.0,-2.0
2024-09,automoveis,NISSAN/KICKS,45143,45145.0,-2.0
2024-10,automoveis,BYD/SONG,19198,19200.0,-2.0
2024-10,automoveis,BYD/DOLPHIN MINI,17809,17811.0,-2.0
2024-10,automoveis,HONDA/ZR-V,4876,4878.0,-2.0
2016-02,automoveis,GM/ONIX,23276,23278.0,-2.0
2016-02,comerciais_leves,FIAT/STRADA,8577,8579.0,-2.0
2024-10,automoveis,VW/POLO,111998,112000.0,-2.0
2024-10,automoveis,RENAULT/KWID,43220,43222.0,-2.0
2024-11,automoveis,BYD/DOLPHIN MINI,20101,20103.0,-2.0
2024-08,comerciais_leves,RENAULT/MASTER,6530,6532.0,-2.0
2026-08,comerciais_leves,MITSUBISHI/TRITON,8467,8468.0,-1.0
2008-04,automoveis,M.BENZ/CLASSE C,586,585.0,1.0
2008-04,comerciais_leves,FORD/F150,5,6.0,-1.0
2015-04,automoveis,FIAT/SIENA,22379,22380.0,-1.0
2015-04,automoveis,GM/PRISMA,24558,24559.0,-1.0
2015-04,automoveis,KIA/PICANTO,638,639.0,-1.0
2015-04,automoveis,LAND ROVER/DISCOVERY,437,438.0,-1.0
2015-04,automoveis,VW/FOX/CROSS FOX,29345,29346.0,-1.0
2015-04,automoveis,VW/VOYAGE,16749,16750.0,-1.0
2015-04,comerciais_leves,FORD/RANGER,6687,6688.0,-1.0
2015-04,comerciais_leves,VW/SAVEIRO,22288,22289.0,-1.0
2015-05,automoveis,FIAT/UNO,38065,38066.0,-1.0
2015-05,automoveis,FORD/FOCUS,6134,6135.0,-1.0
2015-05,automoveis,FORD/FOCUS SEDAN,2733,2734.0,-1.0
2015-05,automoveis,GM/CELTA,16303,16304.0,-1.0
2015-05,automoveis,GM/CRUZE SEDAN,5280,5281.0,-1.0
2015-05,automoveis,GM/SPIN,12154,12155.0,-1.0
2015-05,automoveis,HONDA/CITY,13116,13117.0,-1.0
2015-05,automoveis,HONDA/FIT,20500,20501.0,-1.0
2015-05,automoveis,HYUNDAI/HB20,42184,42185.0,-1.0
2015-05,automoveis,LAND ROVER/EVOQUE,1993,1994.0,-1.0
2026-07,automoveis,HYUNDAI/HB20,41966,41967.0,-1.0
2026-07,automoveis,JEEP/COMMANDER,9499,9500.0,-1.0
2026-07,automoveis,PEUGEOT/208,3299,3300.0,-1.0
2026-07,automoveis,TOYOTA/COROLLA,14685,14686.0,-1.0
2026-07,automoveis,VW/NIVUS,32235,32236.0,-1.0
2015-06,automoveis,HYUNDAI/HB20S,26495,26496.0,-1.0
2015-06,automoveis,RENAULT/DUSTER,16772,16773.0,-1.0
2015-06,automoveis,RENAULT/SANDERO,38382,38383.0,-1.0
2015-06,automoveis,TOYOTA/ETIOS SEDAN,12510,12511.0,-1.0
2015-06,automoveis,VW/SPACE FOX,3401,3402.0,-1.0
2015-06,automoveis,VW/UP,27829,27830.0,-1.0
2015-06,comerciais_leves,FORD/RANGER,9669,9670.0,-1.0
2015-06,comerciais_leves,GM/MONTANA,13993,13994.0,-1.0
2015-05,comerciais_leves,RENAULT/MASTER,3857,3856.0,1.0
2015-06,automoveis,BMW/X5,374,375.0,-1.0
2015-06,automoveis,FIAT/SIENA,31973,31974.0,-1.0
2015-06,automoveis,FORD/FIESTA,23035,23036.0,-1.0
2015-06,automoveis,FORD/FOCUS,7497,7498.0,-1.0
2015-06,automoveis,FORD/KA,45988,45989.0,-1.0
2015-06,automoveis,FORD/KA SEDAN,17940,17941.0,-1.0
2015-06,automoveis,GM/SPIN,14491,14492.0,-1.0
2026-06,automoveis,BYD/YUAN,3487,3488.0,-1.0
2026-06,automoveis,CITROEN/BASALT,7620,7621.0,-1.0
2026-06,automoveis,FIAT/ARGO,46029,46030.0,-1.0
2026-06,automoveis,FIAT/FASTBACK,24905,24906.0,-1.0
2026-06,automoveis,FIAT/MOBI,33492,33493.0,-1.0
2015-05,automoveis,NISSAN/LIVINA,1851,1852.0,-1.0
2015-05,automoveis,VW/UP,24317,24318.0,-1.0
2015-05,comerciais_leves,FIAT/STRADA,45830,45831.0,-1.0
2026-05,automoveis,RENAULT/KARDIAN,6270,6271.0,-1.0
2026-05,automoveis,TOYOTA/COROLLA CROSS,15492,15493.0,-1.0
2026-05,automoveis,TOYOTA/YARIS CROSS,11738,11739.0,-1.0
2026-05,automoveis,VW/NIVUS,23963,23964.0,-1.0
2026-05,automoveis,VW/POLO,43153,43154.0,-1.0
2026-05,comerciais_leves,FIAT/TORO,21699,21700.0,-1.0
2026-05,comerciais_leves,VW/SAVEIRO,20117,20118.0,-1.0
2026-06,automoveis,BYD/DOLPHIN,18047,18048.0,-1.0
2018-12,automoveis,M.BENZ/CLASSE C,5041,5042.0,-1.0
2018-12,automoveis,RENAULT/SANDERO,52401,52402.0,-1.0
2018-12,automoveis,VW/FOX/CROSS FOX,39211,39212.0,-1.0
2018-12,automoveis,VW/TIGUAN,5771,5772.0,-1.0
2018-12,automoveis,VW/VIRTUS,41634,41635.0,-1.0
2018-12,comerciais_leves,FIAT/STRADA,67182,67183.0,-1.0
2018-12,comerciais_leves,FIAT/TORO,58477,58478.0,-1.0
2018-12,comerciais_leves,GM/S10,31761,31762.0,-1.0
2018-11,comerciais_leves,GM/MONTANA,11738,11739.0,-1.0
2018-11,comerciais_leves,GM/S10,28753,28754.0,-1.0
2018-11,comerciais_leves,VW/SAVEIRO,41955,41956.0,-1.0
2018-12,automoveis,CITROEN/C4 CACTUS,3351,3352.0,-1.0
2018-12,automoveis,FIAT/ARGO,63011,63012.0,-1.0
2018-12,automoveis,HONDA/FIT,27359,27360.0,-1.0
2018-12,automoveis,HYUNDAI/CRETA,48976,48977.0,-1.0
2018-12,automoveis,JEEP/RENEGADE,46344,46345.0,-1.0
2018-11,automoveis,HONDA/CITY,13385,13386.0,-1.0
2018-11,automoveis,HONDA/HR-V,44240,44241.0,-1.0
2018-11,automoveis,NISSAN/KICKS,42486,42487.0,-1.0
2018-11,automoveis,TOYOTA/RAV4,3947,3946.0,1.0
2018-11,automoveis,VW/FOX/CROSS FOX,35743,35744.0,-1.0
2018-11,automoveis,VW/GOL,70340,70341.0,-1.0
2018-11,automoveis,VW/TIGUAN,5001,5002.0,-1.0
2018-11,automoveis,VW/UP,18598,18599.0,-1.0
2018-10,automoveis,VW/GOL,61505,61506.0,-1.0
2018-10,automoveis,VW/VIRTUS,33439,33440.0,-1.0
2018-10,comerciais_leves,TOYOTA/HILUX,31369,31370.0,-1.0
2018-11,automoveis,CHERY/TIGGO,4360,4361.0,-1.0
2018-11,automoveis,FIAT/ARGO,58977,58978.0,-1.0
2018-11,automoveis,FIAT/MOBI,46159,46160.0,-1.0
2018-11,automoveis,FIAT/SIENA,15766,15767.0,-1.0
2018-11,automoveis,GM/ONIX,190816,190817.0,-1.0
2019-04,automoveis,FIAT/ARGO,23073,23074.0,-1.0
2019-04,automoveis,FORD/KA,32764,32765.0,-1.0
2019-04,automoveis,GM/SPIN,7350,7351.0,-1.0
2019-04,automoveis,HONDA/CIVIC,8293,8294.0,-1.0
2019-04,automoveis,HONDA/WR-V,3791,3792.0,-1.0
2019-04,automoveis,HYUNDAI/CRETA,15398,15399.0,-1.0
2019-04,automoveis,JEEP/COMPASS,17884,17885.0,-1.0
2019-04,automoveis,NISSAN/KICKS,16604,16605.0,-1.0
2019-03,automoveis,TOYOTA/HILUX SW4,3235,3236.0,-1.0
2019-03,automoveis,VW/POLO,15327,15328.0,-1.0
2019-03,automoveis,VW/UP,2721,2722.0,-1.0
2019-03,comerciais_leves,FIAT/DUCATO,1087,1088.0,-1.0
2019-03,comerciais_leves,FIAT/FIORINO,3956,3957.0,-1.0
2019-03,comerciais_leves,FIAT/TORO,12348,12349.0,-1.0
2019-03,comerciais_leves,GM/MONTANA,2951,2952.0,-1.0
2019-04,automoveis,CHERY/TIGGO 5X,1456,1457.0,-1.0
2019-03,automoveis,FORD/KA,23993,23994.0,-1.0
2019-03,automoveis,GM/PRISMA,20544,20545.0,-1.0
2019-03,automoveis,HONDA/CITY,3954,3955.0,-1.0
2019-03,automoveis,HONDA/WR-V,2844,2845.0,-1.0
2019-03,automoveis,HYUNDAI/HB20,24354,24355.0,-1.0
2019-03,automoveis,JEEP/RENEGADE,15671,15672.0,-1.0
2019-03,automoveis,LAND ROVER/DISCOVERY,619,618.0,1.0
2019-03,automoveis,NISSAN/KICKS,12484,12485.0,-1.0
2018-12,comerciais_leves,RENAULT/OROCH,13409,13410.0,-1.0
2019-02,automoveis,BMW/X1,476,475.0,1.0
2019-02,automoveis,FORD/FIESTA,1320,1321.0,-1.0
2019-02,automoveis,JEEP/RENEGADE,9488,9489.0,-1.0
2019-02,automoveis,RENAULT/CAPTUR,4302,4303.0,-1.0
2019-02,automoveis,RENAULT/DUSTER,3596,3597.0,-1.0
2019-02,automoveis,VW/GOLF,526,527.0,-1.0
2019-02,comerciais_leves,M.BENZ/SPRINTER 313,339,340.0,-1.0
2018-08,automoveis,VW/POLO,46509,46510.0,-1.0
2018-09,automoveis,CITROEN/C3,5154,5155.0,-1.0
2018-09,automoveis,FIAT/ARGO,46019,46020.0,-1.0
2018-09,automoveis,GM/CRUZE SEDAN,14549,14550.0,-1.0
2018-09,automoveis,GM/PRISMA,49679,49680.0,-1.0
2018-09,automoveis,HONDA/CITY,9701,9702.0,-1.0
2018-09,automoveis,HONDA/HR-V,35585,35586.0,-1.0
2018-09,automoveis,HYUNDAI/CRETA,33860,33861.0,-1.0
2018-08,automoveis,GM/PRISMA,43148,43149.0,-1.0
2018-08,automoveis,GM/SPIN,13479,13480.0,-1.0
2018-08,automoveis,HYUNDAI/CRETA,29666,29667.0,-1.0
2018-08,automoveis,HYUNDAI/HB20,70131,70132.0,-1.0
2018-08,automoveis,NISSAN/KICKS,29785,29786.0,-1.0
2018-08,automoveis,PEUGEOT/3008,2077,2078.0,-1.0
2018-08,automoveis,RENAULT/KWID,41153,41154.0,-1.0
2018-08,automoveis,RENAULT/SANDERO,33211,33212.0,-1.0
2019-05,automoveis,HONDA/CIVIC,11246,11247.0,-1.0
2019-05,automoveis,HONDA/HR-V,19800,19801.0,-1.0
2019-05,automoveis,HYUNDAI/CRETA,19609,19610.0,-1.0
2018-06,comerciais_leves,MITSUBISHI/L200,5274,5275.0,-1.0
2018-06,comerciais_leves,TOYOTA/HILUX,17441,17442.0,-1.0
2018-08,automoveis,FORD/ECOSPORT,22128,22129.0,-1.0
2018-08,automoveis,FORD/KA SEDAN,23012,23013.0,-1.0
2018-08,automoveis,FORD/MUSTANG,804,805.0,-1.0
2019-04,automoveis,RENAULT/CAPTUR,8044,8045.0,-1.0
2019-04,automoveis,VW/FOX/CROSS FOX,14830,14831.0,-1.0
2019-04,automoveis,VW/GOL,23330,23331.0,-1.0
2019-04,comerciais_leves,FIAT/FIORINO,4947,4948.0,-1.0
2019-05,automoveis,CHERY/TIGGO 5X,2153,2154.0,-1.0
2019-05,automoveis,CITROEN/C4 CACTUS,6600,6601.0,-1.0
2019-05,automoveis,FORD/KA SEDAN,18831,18832.0,-1.0
2019-05,automoveis,GM/ONIX,97408,97409.0,-1.0
2019-06,automoveis,VW/POLO,32025,32026.0,-1.0
2019-06,automoveis,VW/T CROSS,7967,7968.0,-1.0
2019-06,automoveis,VW/VOYAGE,15368,15369.0,-1.0
2019-06,comerciais_leves,FORD/RANGER,9740,9741.0,-1.0
2019-06,comerciais_leves,NISSAN/FRONTIER,3837,3838.0,-1.0
2019-06,comerciais_leves,PEUGEOT/PARTNER,982,983.0,-1.0
2019-07,automoveis,AUDI/A5,327,328.0,-1.0
2019-07,automoveis,AUDI/Q5,853,854.0,-1.0
2019-06,automoveis,HONDA/ACCORD,96,97.0,-1.0
2019-06,automoveis,HONDA/FIT,13193,13194.0,-1.0
2019-06,automoveis,HONDA/HR-V,23696,23697.0,-1.0
2019-06,automoveis,JEEP/COMPASS,28033,28034.0,-1.0
2019-06,automoveis,MITSUBISHI/ASX,1659,1660.0,-1.0
2019-06,automoveis,NISSAN/KICKS,25826,25827.0,-1.0
2019-06,automoveis,PEUGEOT/3008,1133,1134.0,-1.0
2019-06,automoveis,RENAULT/KWID,40520,40521.0,-1.0
2019-05,comerciais_leves,FIAT/DUCATO,1891,1892.0,-1.0
2019-05,comerciais_leves,FIAT/TORO,23676,23677.0,-1.0
2019-05,comerciais_leves,GM/S10,11243,11244.0,-1.0
2019-05,comerciais_leves,PEUGEOT/EXPERT,814,815.0,-1.0
2019-05,comerciais_leves,VW/AMAROK,7922,7923.0,-1.0
2019-06,automoveis,AUDI/Q3,906,907.0,-1.0
2019-06,automoveis,GM/CRUZE HB,2716,2717.0,-1.0
2019-06,automoveis,GM/CRUZE SEDAN,8979,8980.0,-1.0
2018-09,automoveis,M.BENZ/CLASSE GLA,2146,2147.0,-1.0
2019-05,automoveis,HYUNDAI/HB20,44848,44849.0,-1.0
2019-05,automoveis,JEEP/COMPASS,22954,22955.0,-1.0
2019-05,automoveis,JEEP/RENEGADE,27136,27137.0,-1.0
2019-05,automoveis,KIA/SPORTAGE,1786,1787.0,-1.0
2019-05,automoveis,TOYOTA/COROLLA,21169,21170.0,-1.0
2019-05,automoveis,VW/POLO,26598,26599.0,-1.0
2019-05,automoveis,VW/TIGUAN,4564,4565.0,-1.0
2019-08,automoveis,JEEP/RENEGADE,44024,44025.0,-1.0
2019-08,automoveis,NISSAN/SENTRA,1974,1975.0,-1.0
2019-08,automoveis,RENAULT/CAPTUR,18535,18536.0,-1.0
2019-08,automoveis,RENAULT/KWID,56044,56045.0,-1.0
2019-08,automoveis,VW/JETTA,8169,8170.0,-1.0
2019-08,automoveis,VW/T CROSS,15340,15341.0,-1.0
2019-08,automoveis,VW/VIRTUS,30108,30109.0,-1.0
2019-08,comerciais_leves,FORD/RANGER,13702,13703.0,-1.0
2019-07,comerciais_leves,PEUGEOT/PARTNER,1156,1155.0,1.0
2019-07,comerciais_leves,VW/AMAROK,11100,11101.0,-1.0
2019-08,automoveis,AUDI/Q5,1015,1016.0,-1.0
2019-08,automoveis,FIAT/CRONOS,14164,14165.0,-1.0
2019-08,automoveis,FIAT/DOBLO,3164,3165.0,-1.0
2019-08,automoveis,FORD/KA,68861,68862.0,-1.0
2019-08,automoveis,GM/SPIN,18296,18297.0,-1.0
2019-08,automoveis,JEEP/COMPASS,39046,39047.0,-1.0
2019-07,automoveis,MITSUBISHI/PAJERO,1203,1204.0,-1.0
2019-07,automoveis,NISSAN/KICKS,31124,31125.0,-1.0
2019-07,automoveis,TOYOTA/COROLLA,32019,32020.0,-1.0
2019-07,automoveis,VW/FOX/CROSS FOX,24116,24117.0,-1.0
2019-07,automoveis,VW/JETTA,6939,6940.0,-1.0
2019-07,automoveis,VW/POLO,38223,38224.0,-1.0
2019-07,automoveis,VW/T CROSS,11117,11118.0,-1.0
2019-07,automoveis,VW/VIRTUS,25775,25776.0,-1.0
2019-07,automoveis,BMW/320,786,787.0,-1.0
2019-07,automoveis,CITROEN/C3,2154,2155.0,-1.0
2019-07,automoveis,FIAT/ARGO,42820,42821.0,-1.0
2019-07,automoveis,GM/CRUZE SEDAN,10504,10505.0,-1.0
2019-07,automoveis,HONDA/ACCORD,110,111.0,-1.0
2019-07,automoveis,HYUNDAI/HB20,62199,62200.0,-1.0
2019-07,automoveis,JEEP/RENEGADE,38837,38838.0,-1.0
2019-07,automoveis,LAND ROVER/DISCOVERY,1537,1538.0,-1.0
2018-06,automoveis,JAC/T40,1501,1502.0,-1.0
2018-06,automoveis,NISSAN/SENTRA,1797,1798.0,-1.0
2018-06,automoveis,RENAULT/CAPTUR,9341,9342.0,-1.0
2018-06,automoveis,RENAULT/SANDERO,25093,25094.0,-1.0
2018-06,automoveis,TOYOTA/ETIOS HB,19509,19510.0,-1.0
2018-06,automoveis,VW/PASSAT,716,717.0,-1.0
2018-06,automoveis,VW/POLO,34138,34139.0,-1.0
2018-06,comerciais_leves,FIAT/DUCATO,686,687.0,-1.0
2018-06,automoveis,GM/CRUZE SEDAN,9705,9706.0,-1.0
2018-06,automoveis,GM/ONIX,89620,89621.0,-1.0
2018-06,automoveis,GM/PRISMA,32014,32015.0,-1.0
2018-06,automoveis,GM/TRACKER,13440,13441.0,-1.0
2018-06,automoveis,GM/TRAILBLAZER,1535,1536.0,-1.0
2018-06,automoveis,HONDA/CITY,6334,6335.0,-1.0
2018-06,automoveis,HYUNDAI/CRETA,20152,20153.0,-1.0
2018-06,automoveis,HYUNDAI/HB20,50419,50420.0,-1.0
2019-09,comerciais_leves,FIAT/TORO,45882,45883.0,-1.0
2018-05,automoveis,VW/POLO,29165,29166.0,-1.0
2018-05,automoveis,VW/VIRTUS,12732,12733.0,-1.0
2018-05,comerciais_leves,RENAULT/OROCH,5045,5046.0,-1.0
2018-06,automoveis,FIAT/ARGO,27983,27984.0,-1.0
2018-06,automoveis,FIAT/DOBLO,2346,2347.0,-1.0
2018-06,automoveis,FIAT/MOBI,24996,24997.0,-1.0
2018-06,automoveis,FORD/KA,48261,48262.0,-1.0
2019-08,comerciais_leves,GM/S10,20259,20260.0,-1.0
2019-09,automoveis,FORD/KA SEDAN,36500,36501.0,-1.0
2019-09,automoveis,GM/CRUZE SEDAN,12971,12972.0,-1.0
2019-09,automoveis,GM/SPIN,20563,20564.0,-1.0
2019-09,automoveis,NISSAN/KICKS,39507,39508.0,-1.0
2019-09,automoveis,NISSAN/VERSA,15859,15860.0,-1.0
2019-09,automoveis,RENAULT/DUSTER,18096,18097.0,-1.0
2019-09,automoveis,VW/UP,9781,9782.0,-1.0
2019-11,automoveis,RENAULT/KWID,76943,76944.0,-1.0
2019-11,automoveis,RENAULT/LOGAN,23883,23884.0,-1.0
2019-11,automoveis,TOYOTA/COROLLA,51507,51508.0,-1.0
2019-11,automoveis,TOYOTA/YARIS SEDAN,26716,26717.0,-1.0
2019-11,automoveis,VW/VIRTUS,42811,42812.0,-1.0
2019-11,automoveis,VW/VOYAGE,28178,28179.0,-1.0
2019-11,comerciais_leves,FIAT/TORO,59074,59075.0,-1.0
2019-11,comerciais_leves,VW/AMAROK,17217,17218.0,-1.0
2019-10,comerciais_leves,GM/MONTANA,10879,10880.0,-1.0
2019-11,automoveis,CITROEN/AIRCROSS,2601,2602.0,-1.0
2019-11,automoveis,FIAT/ARGO,70965,70966.0,-1.0
2019-11,automoveis,FORD/ECOSPORT,30930,30931.0,-1.0
2019-11,automoveis,GM/ONIX,219771,219772.0,-1.0
2019-11,automoveis,GM/ONIX PLUS,16866,16867.0,-1.0
2019-11,automoveis,HONDA/HR-V,44343,44344.0,-1.0
2019-11,automoveis,NISSAN/KICKS,50091,50092.0,-1.0
2019-10,automoveis,RENAULT/KWID,70935,70936.0,-1.0
2019-10,automoveis,RENAULT/LOGAN,20657,20658.0,-1.0
2019-10,automoveis,RENAULT/SANDERO,40307,40308.0,-1.0
2019-10,automoveis,TOYOTA/YARIS SEDAN,24129,24130.0,-1.0
2019-10,automoveis,VW/GOL,66845,66846.0,-1.0
2019-10,automoveis,VW/PASSAT,950,951.0,-1.0
2019-10,automoveis,VW/UP,11009,11010.0,-1.0
2019-10,comerciais_leves,FORD/RANGER,18137,18138.0,-1.0
2018-06,comerciais_leves,FIAT/FIORINO,5608,5609.0,-1.0
2019-10,automoveis,FORD/KA,86442,86443.0,-1.0
2019-10,automoveis,FORD/MUSTANG,339,340.0,-1.0
2019-10,automoveis,GM/EQUINOX,3858,3859.0,-1.0
2019-10,automoveis,GM/ONIX,200588,200589.0,-1.0
2019-10,automoveis,GM/PRISMA,69673,69674.0,-1.0
2019-10,automoveis,HYUNDAI/CRETA,46231,46232.0,-1.0
2019-10,automoveis,NISSAN/VERSA,17817,17818.0,-1.0
2020-02,automoveis,TOYOTA/COROLLA,8446,8447.0,-1.0
2020-02,automoveis,VW/T CROSS,8712,8713.0,-1.0
2020-02,automoveis,VW/VIRTUS,6182,6183.0,-1.0
2020-02,comerciais_leves,GM/S10,4183,4184.0,-1.0
2020-03,automoveis,FIAT/CRONOS,4906,4907.0,-1.0
2020-03,automoveis,FORD/ECOSPORT,6727,6728.0,-1.0
2020-03,automoveis,GM/ONIX,47121,47122.0,-1.0
2020-03,automoveis,HYUNDAI/CRETA,11681,11682.0,-1.0
2019-12,comerciais_leves,GM/S10,32161,32162.0,-1.0
2019-12,comerciais_leves,RENAULT/MASTER,8466,8467.0,-1.0
2020-02,automoveis,FIAT/ARGO,10710,10711.0,-1.0
2020-02,automoveis,GM/ONIX PLUS,17844,17845.0,-1.0
2020-02,automoveis,HONDA/CITY,1764,1765.0,-1.0
2020-02,automoveis,HYUNDAI/HB20,14956,14957.0,-1.0
2020-02,automoveis,JEEP/RENEGADE,9678,9679.0,-1.0
2020-02,automoveis,RENAULT/SANDERO,7189,7190.0,-1.0
2019-12,automoveis,NISSAN/KICKS,56060,56061.0,-1.0
2019-12,automoveis,RENAULT/DUSTER,26090,26091.0,-1.0
2019-12,automoveis,SUZUKI/VITARA,1238,1239.0,-1.0
2019-12,automoveis,TOYOTA/YARIS HB,37686,37687.0,-1.0
2019-12,automoveis,VW/GOL,81285,81286.0,-1.0
2019-12,automoveis,VW/T CROSS,37081,37082.0,-1.0
2019-12,automoveis,VW/VOYAGE,32055,32056.0,-1.0
2019-12,comerciais_leves,FIAT/TORO,65566,65567.0,-1.0
2019-12,automoveis,BMW/330I,1288,1289.0,-1.0
2019-12,automoveis,FIAT/ARGO,79000,79001.0,-1.0
2019-12,automoveis,FORD/ECOSPORT,34205,34206.0,-1.0
2019-12,automoveis,GM/CRUZE SEDAN,17829,17830.0,-1.0
2019-12,automoveis,GM/ONIX,241214,241213.0,1.0
2019-12,automoveis,GM/TRAILBLAZER,3360,3361.0,-1.0
2019-12,automoveis,JEEP/COMPASS,60361,60362.0,-1.0
2019-12,automoveis,JEEP/RENEGADE,68726,68727.0,-1.0
2020-05,automoveis,HYUNDAI/HB20,27052,27053.0,-1.0
2020-05,automoveis,VW/FOX/CROSS FOX,7363,7364.0,-1.0
2020-05,automoveis,VW/VIRTUS,10358,10359.0,-1.0
2020-05,comerciais_leves,FIAT/TORO,16744,16745.0,-1.0
2020-05,comerciais_leves,FORD/RANGER,6982,6983.0,-1.0
2020-05,comerciais_leves,VW/AMAROK,5373,5374.0,-1.0
2020-06,automoveis,FORD/KA,29583,29584.0,-1.0
2020-06,automoveis,GM/TRAILBLAZER,1000,1001.0,-1.0
2020-04,automoveis,TOYOTA/COROLLA,13422,13423.0,-1.0
2020-04,comerciais_leves,FIAT/TORO,15083,15084.0,-1.0
2020-04,comerciais_leves,RAM/2500,449,450.0,-1.0
2020-04,comerciais_leves,RENAULT/MASTER,2073,2074.0,-1.0
2020-04,comerciais_leves,VW/AMAROK,4649,4650.0,-1.0
2020-05,automoveis,FIAT/ARGO,19724,19725.0,-1.0
2020-05,automoveis,FORD/KA,26180,26181.0,-1.0
2020-05,automoveis,HONDA/HR-V,10573,10574.0,-1.0
2020-03,comerciais_leves,FIAT/TORO,13371,13372.0,-1.0
2020-03,comerciais_leves,NISSAN/FRONTIER,2017,2018.0,-1.0
2020-03,comerciais_leves,TOYOTA/HILUX,9406,9407.0,-1.0
2020-03,comerciais_leves,VW/SAVEIRO,9108,9109.0,-1.0
2020-04,automoveis,CHRYSLER/PACIFICA,4,3.0,1.0
2020-04,automoveis,HYUNDAI/CRETA,12295,12296.0,-1.0
2020-04,automoveis,M.BENZ/CLA250,31,32.0,-1.0
2020-04,automoveis,NISSAN/KICKS,13146,13147.0,-1.0
2020-03,automoveis,M.BENZ/CLASSE GLA,430,431.0,-1.0
2020-03,automoveis,NISSAN/VERSA,5143,5144.0,-1.0
2020-03,automoveis,RENAULT/CAPTUR,3022,3023.0,-1.0
2020-03,automoveis,TOYOTA/COROLLA,12088,12089.0,-1.0
2020-03,automoveis,VOLVO/XC40,654,655.0,-1.0
2020-03,automoveis,VW/POLO,14883,14884.0,-1.0
2020-03,automoveis,VW/T CROSS,13128,13129.0,-1.0
2020-03,automoveis,VW/VOYAGE,4595,4596.0,-1.0
2018-05,automoveis,HONDA/CIVIC,10976,10977.0,-1.0
2018-05,automoveis,HONDA/WR-V,6665,6666.0,-1.0
2018-05,automoveis,HYUNDAI/TUCSON,2266,2267.0,-1.0
2018-05,automoveis,JEEP/RENEGADE,17803,17804.0,-1.0
2018-05,automoveis,NISSAN/KICKS,19208,19209.0,-1.0
2018-05,automoveis,RENAULT/CAPTUR,7330,7331.0,-1.0
2018-05,automoveis,TOYOTA/ETIOS HB,16603,16604.0,-1.0
2018-05,automoveis,TOYOTA/ETIOS SEDAN,13077,13078.0,-1.0
2018-04,automoveis,VW/JETTA,1687,1688.0,-1.0
2018-04,automoveis,VW/POLO,23538,23539.0,-1.0
2018-04,comerciais_leves,FORD/RANGER,5172,5171.0,1.0
2018-04,comerciais_leves,MITSUBISHI/L200,3414,3415.0,-1.0
2018-04,comerciais_leves,RENAULT/OROCH,4032,4033.0,-1.0
2018-04,comerciais_leves,TOYOTA/HILUX,11528,11529.0,-1.0
2018-05,automoveis,CITROEN/AIRCROSS,2520,2521.0,-1.0
2018-05,automoveis,FIAT/ARGO,22499,22500.0,-1.0
2018-04,automoveis,HYUNDAI/CRETA,13399,13400.0,-1.0
2018-04,automoveis,HYUNDAI/HB20S,10265,10266.0,-1.0
2018-04,automoveis,HYUNDAI/IX35,3074,3075.0,-1.0
2018-04,automoveis,JEEP/RENEGADE,13426,13427.0,-1.0
2018-04,automoveis,NISSAN/KICKS,16020,16021.0,-1.0
2018-04,automoveis,NISSAN/VERSA,7668,7669.0,-1.0
2018-04,automoveis,TOYOTA/HILUX SW4,3269,3270.0,-1.0
2018-04,automoveis,VW/GOL,21705,21706.0,-1.0
2020-06,automoveis,HONDA/CITY,3242,3243.0,-1.0
2020-06,automoveis,HYUNDAI/HB20,32843,32844.0,-1.0
2020-06,automoveis,VW/T CROSS,20595,20596.0,-1.0
2020-06,automoveis,VW/TIGUAN,3513,3514.0,-1.0
2020-06,automoveis,VW/VIRTUS,12290,12291.0,-1.0
2018-04,automoveis,GM/TRACKER,9212,9213.0,-1.0
2018-04,automoveis,HONDA/CITY,4144,4145.0,-1.0
2018-04,automoveis,HONDA/CIVIC,8417,8418.0,-1.0
2020-08,automoveis,TOYOTA/COROLLA,23435,23436.0,-1.0
2020-08,automoveis,VW/T CROSS,37260,37261.0,-1.0
2020-08,automoveis,VW/TIGUAN,5458,5459.0,-1.0
2020-08,comerciais_leves,HYUNDAI/HR,2879,2880.0,-1.0
2020-08,comerciais_leves,VW/SAVEIRO,18511,18512.0,-1.0
2020-09,automoveis,AUDI/Q5,856,857.0,-1.0
2020-09,automoveis,CAOA CHERY/TIGGO 7,1604,1605.0,-1.0
2020-09,automoveis,CITROEN/C4 CACTUS,7386,7387.0,-1.0
2020-08,automoveis,FORD/ECOSPORT,14078,14079.0,-1.0
2020-08,automoveis,FORD/KA,38455,38456.0,-1.0
2020-08,automoveis,GM/ONIX,80587,80588.0,-1.0
2020-08,automoveis,GM/ONIX PLUS,42634,42635.0,-1.0
2020-08,automoveis,GM/TRACKER,23202,23203.0,-1.0
2020-08,automoveis,HONDA/FIT,8662,8663.0,-1.0
2020-08,automoveis,HONDA/HR-V,18222,18223.0,-1.0
2020-08,automoveis,JEEP/COMPASS,27642,27643.0,-1.0
2020-07,automoveis,SUZUKI/JIMNY,585,586.0,-1.0
2020-07,automoveis,TOYOTA/RAV4,1818,1819.0,-1.0
2020-07,automoveis,TOYOTA/YARIS SEDAN,6982,6983.0,-1.0
2020-07,automoveis,VW/POLO,24079,24080.0,-1.0
2020-07,automoveis,VW/VIRTUS,14931,14932.0,-1.0
2020-07,comerciais_leves,FIAT/STRADA,29408,29409.0,-1.0
2020-07,comerciais_leves,GM/S10,11142,11143.0,-1.0
2020-08,automoveis,CITROEN/C4 CACTUS,6720,6721.0,-1.0
2020-07,automoveis,FIAT/ARGO,27482,27483.0,-1.0
2020-07,automoveis,FIAT/CRONOS,8797,8798.0,-1.0
2020-07,automoveis,FORD/KA SEDAN,14262,14263.0,-1.0
2020-07,automoveis,GM/TRACKER,17304,17305.0,-1.0
2020-07,automoveis,JEEP/COMPASS,22422,22423.0,-1.0
2020-07,automoveis,JEEP/RENEGADE,25444,25445.0,-1.0
2020-07,automoveis,LAND ROVER/RANGE ROVER,501,502.0,-1.0
2020-07,automoveis,NISSAN/SENTRA,702,703.0,-1.0
2020-10,automoveis,NISSAN/KICKS,29870,29871.0,-1.0
2020-10,automoveis,RENAULT/DUSTER,13748,13749.0,-1.0
2020-10,automoveis,TOYOTA/COROLLA,31009,31010.0,-1.0
2020-10,automoveis,VW/GOL,54771,54772.0,-1.0
2020-10,comerciais_leves,FIAT/STRADA,60032,60033.0,-1.0
2020-10,comerciais_leves,FIAT/TORO,40380,40381.0,-1.0
2020-10,comerciais_leves,MITSUBISHI/L200,7887,7888.0,-1.0
2020-11,automoveis,GM/ONIX,118785,118786.0,-1.0
2020-09,comerciais_leves,FIAT/TORO,34432,34433.0,-1.0
2020-09,comerciais_leves,GM/S10,16353,16354.0,-1.0
2020-09,comerciais_leves,RENAULT/MASTER,4055,4056.0,-1.0
2020-09,comerciais_leves,RENAULT/OROCH,3457,3458.0,-1.0
2020-10,automoveis,CITROEN/C4 CACTUS,8081,8082.0,-1.0
2020-10,automoveis,FIAT/MOBI,35383,35384.0,-1.0
2020-10,automoveis,GM/TRACKER,36197,36198.0,-1.0
2020-10,automoveis,HYUNDAI/CRETA,35901,35902.0,-1.0
2020-09,automoveis,RENAULT/KWID,34190,34191.0,-1.0
2020-09,automoveis,TOYOTA/COROLLA,26770,26771.0,-1.0
2020-09,automoveis,TOYOTA/YARIS SEDAN,10203,10204.0,-1.0
2020-09,automoveis,VW/GOL,46299,46300.0,-1.0
2020-09,automoveis,VW/POLO,30865,30866.0,-1.0
2020-09,automoveis,VW/TIGUAN,6196,6197.0,-1.0
2020-09,automoveis,VW/VIRTUS,21347,21348.0,-1.0
2020-09,comerciais_leves,CITROEN/JUMPY,1091,1090.0,1.0
2020-09,automoveis,FIAT/ARGO,41505,41506.0,-1.0
2020-09,automoveis,GM/CRUZE HB,2696,2697.0,-1.0
2020-09,automoveis,HONDA/CIVIC,12766,12767.0,-1.0
2020-09,automoveis,HONDA/WR-V,6424,6425.0,-1.0
2020-09,automoveis,KIA/CERATO,685,686.0,-1.0
2020-09,automoveis,M.BENZ/CLA35,71,72.0,-1.0
2020-09,automoveis,NISSAN/KICKS,25905,25906.0,-1.0
2020-09,automoveis,PEUGEOT/3008,836,837.0,-1.0
2018-03,automoveis,JEEP/COMPASS,12978,12979.0,-1.0
2018-03,automoveis,JEEP/RENEGADE,8965,8966.0,-1.0
2018-03,automoveis,SUZUKI/JIMNY,561,562.0,-1.0
2018-03,comerciais_leves,VW/AMAROK,3445,3446.0,-1.0
2018-03,comerciais_leves,VW/SAVEIRO,9782,9783.0,-1.0
2018-04,automoveis,FIAT/ARGO,17818,17819.0,-1.0
2018-04,automoveis,FIAT/CRONOS,5038,5039.0,-1.0
2018-04,automoveis,FORD/FIESTA,6015,6016.0,-1.0
2018-02,comerciais_leves,VW/SAVEIRO,6112,6111.0,1.0
2018-03,automoveis,FORD/FOCUS SEDAN,992,993.0,-1.0
2018-03,automoveis,FORD/KA,24028,24029.0,-1.0
2018-03,automoveis,GM/COBALT,3812,3813.0,-1.0
2018-03,automoveis,GM/PRISMA,16382,16383.0,-1.0
2018-03,automoveis,HONDA/WR-V,4355,4356.0,-1.0
2018-03,automoveis,HYUNDAI/CRETA,9615,9616.0,-1.0
2018-03,automoveis,HYUNDAI/HB20,24015,24016.0,-1.0
2020-11,automoveis,VW/POLO,38121,38122.0,-1.0
2020-11,automoveis,VW/T CROSS,52686,52687.0,-1.0
2018-02,automoveis,LIFAN/X60,355,356.0,-1.0
2018-02,automoveis,NISSAN/VERSA,2936,2937.0,-1.0
2018-02,automoveis,TOYOTA/COROLLA,8354,8355.0,-1.0
2018-02,comerciais_leves,MITSUBISHI/L200,1520,1521.0,-1.0
2018-02,comerciais_leves,RENAULT/MASTER,992,993.0,-1.0
2018-02,comerciais_leves,TOYOTA/HILUX,5085,5086.0,-1.0
2020-11,automoveis,GM/SPIN,14390,14391.0,-1.0
2020-11,automoveis,GM/TRACKER,42623,42624.0,-1.0
2020-11,automoveis,JEEP/COMPASS,45997,45998.0,-1.0
2020-11,automoveis,MITSUBISHI/ECLIPSE CROSS,2317,2318.0,-1.0
2020-11,automoveis,RENAULT/CAPTUR,9260,9261.0,-1.0
2020-11,automoveis,TOYOTA/COROLLA,36025,36026.0,-1.0
2020-11,automoveis,TOYOTA/YARIS HB,18677,18678.0,-1.0
2020-11,automoveis,TOYOTA/YARIS SEDAN,13893,13894.0,-1.0
2021-03,automoveis,FIAT/SIENA,3805,3806.0,-1.0
2021-03,automoveis,GM/ONIX,28759,28760.0,-1.0
2021-03,automoveis,HONDA/HR-V,10087,10088.0,-1.0
2021-03,automoveis,HYUNDAI/CRETA,15065,15066.0,-1.0
2021-03,automoveis,HYUNDAI/HB20S,5858,5859.0,-1.0
2021-03,automoveis,LAND ROVER/DISCOVERY,459,460.0,-1.0
2021-03,automoveis,M.BENZ/CLASSE C,452,453.0,-1.0
2021-03,comerciais_leves,FIAT/STRADA,28867,28868.0,-1.0
2021-02,automoveis,VW/NIVUS,6947,6948.0,-1.0
2021-02,automoveis,VW/T CROSS,10764,10765.0,-1.0
2021-02,comerciais_leves,FIAT/STRADA,18600,18601.0,-1.0
2021-02,comerciais_leves,FIAT/TORO,10858,10859.0,-1.0
2021-02,comerciais_leves,HYUNDAI/HR,575,576.0,-1.0
2021-02,comerciais_leves,PEUGEOT/EXPERT,410,411.0,-1.0
2021-02,comerciais_leves,VW/SAVEIRO,5019,5020.0,-1.0
2021-03,automoveis,AUDI/A5,115,116.0,-1.0
2020-12,automoveis,TOYOTA/HILUX SW4,9128,9129.0,-1.0
2020-12,automoveis,VW/POLO,41836,41837.0,-1.0
2020-12,comerciais_leves,MITSUBISHI/L200,9480,9481.0,-1.0
2020-12,comerciais_leves,VW/SAVEIRO,30964,30965.0,-1.0
2021-02,automoveis,CAOA CHERY/TIGGO 5X,1602,1603.0,-1.0
2021-02,automoveis,CITROEN/C4L,179,180.0,-1.0
2021-02,automoveis,GM/ONIX,20827,20828.0,-1.0
2021-02,automoveis,HONDA/HR-V,6360,6361.0,-1.0
2018-04,automoveis,FORD/MUSTANG,281,282.0,-1.0
2020-11,comerciais_leves,FIAT/STRADA,69642,69643.0,-1.0
2020-11,comerciais_leves,NISSAN/FRONTIER,7120,7121.0,-1.0
2020-11,comerciais_leves,VW/AMAROK,9709,9710.0,-1.0
2020-12,automoveis,FIAT/ARGO,65937,65938.0,-1.0
2020-12,automoveis,HONDA/CIVIC,20447,20448.0,-1.0
2020-12,automoveis,MITSUBISHI/PAJERO,2103,2104.0,-1.0
2020-12,automoveis,NISSAN/KICKS,36433,36434.0,-1.0
2017-11,comerciais_leves,TOYOTA/HILUX,30349,30350.0,-1.0
2017-12,automoveis,FIAT/ARGO,27925,27926.0,-1.0
2017-12,automoveis,FIAT/MOBI,54270,54271.0,-1.0
2017-12,automoveis,GM/CRUZE SEDAN,19192,19193.0,-1.0
2017-12,automoveis,HONDA/CIVIC,25871,25872.0,-1.0
2017-12,automoveis,HYUNDAI/SANTAFE,914,915.0,-1.0
2017-12,automoveis,LAND ROVER/DISCOVERY,3566,3565.0,1.0
2017-12,automoveis,LAND ROVER/EVOQUE,1995,1994.0,1.0
2021-05,automoveis,FORD/MUSTANG,215,214.0,1.0
2017-11,automoveis,JEEP/RENEGADE,34988,34989.0,-1.0
2017-11,automoveis,MITSUBISHI/PAJERO,1690,1689.0,1.0
2017-11,automoveis,NISSAN/KICKS,29751,29752.0,-1.0
2017-11,automoveis,RENAULT/LOGAN,23407,23408.0,-1.0
2017-11,automoveis,RENAULT/SANDERO,63434,63435.0,-1.0
2017-11,automoveis,TOYOTA/COROLLA,59621,59622.0,-1.0
2017-11,comerciais_leves,M.BENZ/VITO,418,419.0,-1.0
2021-04,automoveis,TOYOTA/COROLLA,12567,12568.0,-1.0
2021-04,automoveis,VW/T CROSS,20377,20378.0,-1.0
2021-04,automoveis,VW/VOYAGE,10430,10431.0,-1.0
2021-04,comerciais_leves,TOYOTA/HILUX,12569,12570.0,-1.0
2021-04,comerciais_leves,VW/SAVEIRO,10181,10182.0,-1.0
2021-05,automoveis,CAOA CHERY/TIGGO 5X,4549,4550.0,-1.0
2021-05,automoveis,FIAT/ARGO,32544,32545.0,-1.0
2021-05,automoveis,FIAT/MOBI,31827,31828.0,-1.0
2021-03,comerciais_leves,FIAT/TORO,17565,17566.0,-1.0
2021-03,comerciais_leves,PEUGEOT/EXPERT,667,668.0,-1.0
2021-04,automoveis,FORD/KA,7107,7108.0,-1.0
2021-04,automoveis,GM/ONIX,35160,35161.0,-1.0
2021-04,automoveis,JEEP/COMPASS,20377,20378.0,-1.0
2021-04,automoveis,JEEP/RENEGADE,25744,25745.0,-1.0
2021-04,automoveis,LAND ROVER/EVOQUE,534,535.0,-1.0
2021-04,automoveis,RENAULT/LOGAN,4264,4265.0,-1.0
2021-06,automoveis,PEUGEOT/208,6052,6053.0,-1.0
2021-06,automoveis,RENAULT/KWID,29186,29187.0,-1.0
2021-06,automoveis,TOYOTA/COROLLA CROSS,10313,10314.0,-1.0
2021-06,automoveis,TOYOTA/YARIS SEDAN,7588,7589.0,-1.0
2021-06,automoveis,VW/GOL,36969,36970.0,-1.0
2021-06,automoveis,VW/VIRTUS,13023,13024.0,-1.0
2021-06,comerciais_leves,FIAT/STRADA,61061,61062.0,-1.0
2021-06,comerciais_leves,GM/S10,12782,12783.0,-1.0
2021-05,automoveis,TOYOTA/ETIOS HB,1072,1073.0,-1.0
2021-05,automoveis,VW/POLO,12699,12700.0,-1.0
2021-05,automoveis,VW/TIGUAN,1831,1832.0,-1.0
2021-05,comerciais_leves,HYUNDAI/HR,1344,1345.0,-1.0
2021-05,comerciais_leves,RENAULT/MASTER,3151,3152.0,-1.0
2021-06,automoveis,HONDA/WR-V,5006,5007.0,-1.0
2021-06,automoveis,JEEP/COMPASS,32554,32555.0,-1.0
2021-06,automoveis,MITSUBISHI/PAJERO,1306,1307.0,-1.0
2021-05,automoveis,GM/SPIN,6026,6027.0,-1.0
2021-05,automoveis,GM/TRACKER,26137,26138.0,-1.0
2021-05,automoveis,HYUNDAI/CRETA,27591,27592.0,-1.0
2021-05,automoveis,HYUNDAI/HB20,37801,37802.0,-1.0
2021-05,automoveis,MITSUBISHI/PAJERO,1133,1134.0,-1.0
2021-05,automoveis,PEUGEOT/208,4315,4316.0,-1.0
2021-05,automoveis,RENAULT/DUSTER,10597,10598.0,-1.0
2021-05,automoveis,RENAULT/KWID,23104,23105.0,-1.0
2017-12,automoveis,RENAULT/CAPTUR,13742,13743.0,-1.0
2017-12,automoveis,RENAULT/KWID,22576,22577.0,-1.0
2017-12,automoveis,TOYOTA/COROLLA,66188,66189.0,-1.0
2017-12,automoveis,TOYOTA/ETIOS HB,41986,41987.0,-1.0
2017-12,comerciais_leves,FIAT/FIORINO,10947,10948.0,-1.0
2017-12,comerciais_leves,GM/S10,30438,30439.0,-1.0
2018-02,automoveis,GM/EQUINOX,741,742.0,-1.0
2018-02,automoveis,HYUNDAI/HB20,14799,14800.0,-1.0
2021-08,comerciais_leves,PEUGEOT/EXPERT,2534,2535.0,-1.0
2021-08,comerciais_leves,TOYOTA/HILUX,28174,28175.0,-1.0
2021-09,automoveis,AUDI/A4,463,464.0,-1.0
2021-09,automoveis,CITROEN/C4 CACTUS,12818,12819.0,-1.0
2021-09,automoveis,FORD/TERRITORY,1900,1901.0,-1.0
2021-09,automoveis,HONDA/HR-V,28463,28464.0,-1.0
2021-09,automoveis,HYUNDAI/CRETA,47131,47132.0,-1.0
2021-09,automoveis,JEEP/COMPASS,52860,52861.0,-1.0
2021-08,automoveis,MITSUBISHI/ECLIPSE CROSS,1520,1521.0,-1.0
2021-08,automoveis,RENAULT/DUSTER,16426,16427.0,-1.0
2021-08,automoveis,RENAULT/KWID,37813,37814.0,-1.0
2021-08,automoveis,RENAULT/LOGAN,7208,7209.0,-1.0
2021-08,automoveis,VW/GOL,42855,42856.0,-1.0
2021-08,automoveis,VW/T CROSS,39268,39269.0,-1.0
2021-08,automoveis,VW/TIGUAN,2989,2990.0,-1.0
2021-08,comerciais_leves,CITROEN/JUMPY,2040,2041.0,-1.0
2021-07,comerciais_leves,FORD/RANGER,11629,11630.0,-1.0
2021-08,automoveis,CAOA CHERY/TIGGO 8,6051,6052.0,-1.0
2021-08,automoveis,FIAT/ARGO,60507,60508.0,-1.0
2021-08,automoveis,FIAT/SIENA,9581,9582.0,-1.0
2021-08,automoveis,HYUNDAI/CRETA,42582,42583.0,-1.0
2021-08,automoveis,HYUNDAI/HB20,59999,60000.0,-1.0
2021-08,automoveis,JEEP/COMPASS,46038,46039.0,-1.0
2021-08,automoveis,MINI/COOPER,463,464.0,-1.0
2021-07,automoveis,HYUNDAI/HB20S,14499,14500.0,-1.0
2021-07,automoveis,M.BENZ/CLASSE GLB,1693,1694.0,-1.0
2021-07,automoveis,NISSAN/KICKS,22197,22198.0,-1.0
2021-07,automoveis,RENAULT/KWID,34050,34051.0,-1.0
2021-07,automoveis,RENAULT/SANDERO,9271,9272.0,-1.0
2021-07,automoveis,VW/TIGUAN,2760,2761.0,-1.0
2021-07,automoveis,VW/VIRTUS,14951,14952.0,-1.0
2021-07,comerciais_leves,FIAT/STRADA,70498,70499.0,-1.0
2017-11,automoveis,FIAT/PALIO,19950,19951.0,-1.0
2017-11,automoveis,FIAT/SIENA,23242,23243.0,-1.0
2017-11,automoveis,GM/ONIX,171148,171149.0,-1.0
2017-11,automoveis,GM/PRISMA,63251,63252.0,-1.0
2017-11,automoveis,GM/TRAILBLAZER,2974,2975.0,-1.0
2017-11,automoveis,HONDA/FIT,22655,22656.0,-1.0
2017-11,automoveis,HONDA/HR-V,43508,43509.0,-1.0
2017-11,automoveis,HYUNDAI/IX35,9282,9283.0,-1.0
2017-10,automoveis,RENAULT/KWID,17528,17529.0,-1.0
2017-10,automoveis,TOYOTA/ETIOS HB,34857,34858.0,-1.0
2017-10,comerciais_leves,FIAT/DUCATO,1498,1499.0,-1.0
2017-10,comerciais_leves,FIAT/FIORINO,8777,8778.0,-1.0
2017-10,comerciais_leves,GM/MONTANA,11818,11819.0,-1.0
2017-10,comerciais_leves,LIFAN/FOISON,318,317.0,1.0
2017-10,comerciais_leves,TOYOTA/HILUX,27238,27239.0,-1.0
2017-11,automoveis,FIAT/ARGO,22336,22337.0,-1.0
2017-09,comerciais_leves,TOYOTA/HILUX,24577,24578.0,-1.0
2017-10,automoveis,FORD/FOCUS SEDAN,4839,4840.0,-1.0
2017-10,automoveis,FORD/FUSION,3479,3480.0,-1.0
2017-10,automoveis,GM/ONIX,152538,152539.0,-1.0
2017-10,automoveis,HONDA/CITY,13659,13660.0,-1.0
2017-10,automoveis,HYUNDAI/HB20,88242,88243.0,-1.0
2017-10,automoveis,JEEP/COMPASS,39488,39489.0,-1.0
2017-10,automoveis,MITSUBISHI/ASX,3934,3935.0,-1.0
2021-09,automoveis,JEEP/RENEGADE,58672,58673.0,-1.0
2021-09,automoveis,TOYOTA/YARIS HB,17216,17217.0,-1.0
2021-09,automoveis,TOYOTA/YARIS SEDAN,10410,10411.0,-1.0
2021-09,automoveis,VW/NIVUS,30421,30422.0,-1.0
2017-09,automoveis,TOYOTA/PRIUS,1914,1915.0,-1.0
2017-09,automoveis,VW/UP,26600,26601.0,-1.0
2017-09,comerciais_leves,FIAT/DUCATO,1445,1446.0,-1.0
2017-09,comerciais_leves,GM/MONTANA,10236,10237.0,-1.0
2017-08,automoveis,HYUNDAI/TUCSON,2950,2951.0,-1.0
2017-08,automoveis,JEEP/RENEGADE,25541,25542.0,-1.0
2017-08,automoveis,NISSAN/KICKS,18707,18708.0,-1.0
2017-08,automoveis,VOLVO/XC60,1510,1511.0,-1.0
2017-08,automoveis,VW/UP,24041,24042.0,-1.0
2017-08,comerciais_leves,GM/S10,19358,19359.0,-1.0
2017-08,comerciais_leves,TOYOTA/HILUX,21884,21885.0,-1.0
2017-09,automoveis,FIAT/PALIO,18829,18830.0,-1.0
2021-10,comerciais_leves,FIAT/TORO,59833,59834.0,-1.0
2021-10,comerciais_leves,FORD/RANGER,16600,16601.0,-1.0
2021-10,comerciais_leves,HYUNDAI/HR,2865,2866.0,-1.0
2021-10,comerciais_leves,RENAULT/MASTER,7104,7105.0,-1.0
2021-10,comerciais_leves,TOYOTA/HILUX,36383,36384.0,-1.0
2021-11,automoveis,GM/SPIN,11469,11470.0,-1.0
2017-08,automoveis,HYUNDAI/HB20,70836,70837.0,-1.0
2017-08,automoveis,HYUNDAI/IX35,6676,6677.0,-1.0
2021-10,automoveis,GM/TRACKER,36748,36749.0,-1.0
2021-10,automoveis,HONDA/HR-V,31843,31844.0,-1.0
2021-10,automoveis,HYUNDAI/CRETA,52622,52623.0,-1.0
2021-10,automoveis,HYUNDAI/HB20,72989,72990.0,-1.0
2021-10,automoveis,TOYOTA/COROLLA,33468,33469.0,-1.0
2021-10,automoveis,TOYOTA/COROLLA CROSS,26214,26215.0,-1.0
2021-10,automoveis,VW/NIVUS,33905,33906.0,-1.0
2021-10,automoveis,VW/T CROSS,51008,51009.0,-1.0
2021-09,automoveis,VW/POLO,17337,17338.0,-1.0
2021-09,comerciais_leves,FIAT/DUCATO,1962,1961.0,1.0
2021-09,comerciais_leves,FIAT/STRADA,85377,85378.0,-1.0
2021-09,comerciais_leves,MITSUBISHI/L200,9184,9185.0,-1.0
2021-10,automoveis,FIAT/ARGO,73795,73796.0,-1.0
2021-10,automoveis,FIAT/CRONOS,19807,19808.0,-1.0
2021-10,automoveis,FIAT/MOBI,62465,62466.0,-1.0
2021-10,automoveis,GM/ONIX,52771,52772.0,-1.0
2021-12,automoveis,PEUGEOT/208,16342,16343.0,-1.0
2021-12,automoveis,VW/VIRTUS,20563,20564.0,-1.0
2021-12,comerciais_leves,MITSUBISHI/L200,13157,13158.0,-1.0
2022-02,automoveis,FIAT/CRONOS,2570,2571.0,-1.0
2022-02,automoveis,FIAT/MOBI,6689,6690.0,-1.0
2017-06,automoveis,JEEP/RENEGADE,17792,17793.0,-1.0
2017-06,automoveis,NISSAN/SENTRA,2137,2138.0,-1.0
2017-06,automoveis,RENAULT/DUSTER,9667,9668.0,-1.0
2021-11,automoveis,TOYOTA/YARIS HB,19588,19589.0,-1.0
2021-11,comerciais_leves,PEUGEOT/EXPERT,3614,3615.0,-1.0
2021-11,comerciais_leves,TOYOTA/HILUX,40485,40486.0,-1.0
2021-12,automoveis,FIAT/PULSE,6724,6725.0,-1.0
2021-12,automoveis,FIAT/SIENA,15355,15356.0,-1.0
2021-12,automoveis,GM/TRAILBLAZER,3320,3321.0,-1.0
2021-12,automoveis,JEEP/RENEGADE,73913,73914.0,-1.0
2021-12,automoveis,NISSAN/KICKS,36524,36525.0,-1.0
2017-09,automoveis,PEUGEOT/2008,7938,7939.0,-1.0
2017-09,automoveis,RENAULT/CAPTUR,7774,7775.0,-1.0
2017-09,automoveis,RENAULT/KWID,13603,13604.0,-1.0
2017-09,automoveis,RENAULT/SANDERO,55560,55561.0,-1.0
2017-09,automoveis,TOYOTA/COROLLA,48151,48152.0,-1.0
2021-11,automoveis,HONDA/HR-V,34710,34711.0,-1.0
2021-11,automoveis,MITSUBISHI/ECLIPSE CROSS,2126,2127.0,-1.0
2021-11,automoveis,NISSAN/KICKS,33947,33948.0,-1.0
2017-09,automoveis,FORD/FUSION,3190,3191.0,-1.0
2017-09,automoveis,FORD/KA SEDAN,20165,20166.0,-1.0
2017-09,automoveis,GM/CRUZE HB,5381,5382.0,-1.0
2017-09,automoveis,GM/ONIX,134217,134218.0,-1.0
2017-09,automoveis,HYUNDAI/CRETA,28335,28336.0,-1.0
2017-09,automoveis,HYUNDAI/HB20,79365,79366.0,-1.0
2017-09,automoveis,HYUNDAI/TUCSON,3618,3619.0,-1.0
2017-09,automoveis,JEEP/RENEGADE,28549,28550.0,-1.0
2022-03,automoveis,BMW/X5,249,248.0,1.0
2022-03,automoveis,FIAT/500E,132,131.0,1.0
2022-03,automoveis,GM/CRUZE HB,269,268.0,1.0
2022-03,automoveis,HONDA/ACCORD,12,13.0,-1.0
2017-05,automoveis,CITROEN/C3,3726,3727.0,-1.0
2017-05,automoveis,FORD/KA,36839,36840.0,-1.0
2017-05,automoveis,GM/CRUZE SEDAN,7141,7142.0,-1.0
2017-05,automoveis,GM/TRACKER,3870,3871.0,-1.0
2017-08,automoveis,FIAT/SIENA,17383,17384.0,-1.0
2017-08,automoveis,HONDA/CITY,10956,10957.0,-1.0
2017-08,automoveis,HONDA/HR-V,31146,31147.0,-1.0
2017-08,automoveis,HYUNDAI/CRETA,24870,24871.0,-1.0
2022-02,automoveis,GM/TRACKER,5794,5795.0,-1.0
2022-02,automoveis,JEEP/RENEGADE,7227,7228.0,-1.0
2022-02,automoveis,TOYOTA/YARIS SEDAN,1794,1795.0,-1.0
2022-03,automoveis,BMW/M340I,17,16.0,1.0
2017-07,automoveis,M.BENZ/CLASSE C,2382,2383.0,-1.0
2017-07,automoveis,MITSUBISHI/Outlander,2648,2649.0,-1.0
2017-07,automoveis,RENAULT/LOGAN,13093,13094.0,-1.0
2017-07,automoveis,TOYOTA/COROLLA,35437,35438.0,-1.0
2017-07,automoveis,TOYOTA/ETIOS HB,24188,24189.0,-1.0
2017-07,automoveis,VOLVO/XC60,1269,1270.0,-1.0
2017-07,comerciais_leves,RAM/2500,276,277.0,-1.0
2017-07,comerciais_leves,VW/SAVEIRO,23826,23827.0,-1.0
2017-06,comerciais_leves,FIAT/TORO,24686,24687.0,-1.0
2017-06,comerciais_leves,GM/MONTANA,6323,6324.0,-1.0
2017-06,comerciais_leves,TOYOTA/HILUX,15897,15898.0,-1.0
2017-06,comerciais_leves,VW/SAVEIRO,20017,20018.0,-1.0
2017-07,automoveis,GM/ONIX,98469,98470.0,-1.0
2017-07,automoveis,GM/TRACKER,5937,5938.0,-1.0
2017-07,automoveis,HONDA/HR-V,26728,26729.0,-1.0
2017-07,automoveis,HYUNDAI/HB20,60460,60461.0,-1.0
2017-03,automoveis,HYUNDAI/CRETA,6999,7000.0,-1.0
2017-03,automoveis,HYUNDAI/HB20,24520,24521.0,-1.0
2017-03,automoveis,JEEP/RENEGADE,9189,9190.0,-1.0
2017-03,automoveis,RENAULT/SANDERO,14973,14974.0,-1.0
2017-03,automoveis,SUZUKI/JIMNY,378,379.0,-1.0
2017-03,automoveis,VW/GOL,15947,15948.0,-1.0
2017-03,automoveis,VW/JETTA,1059,1060.0,-1.0
2017-03,comerciais_leves,FIAT/STRADA,12269,12270.0,-1.0
2017-06,automoveis,HYUNDAI/IX35,4587,4588.0,-1.0
2017-06,automoveis,JEEP/COMPASS,22003,22004.0,-1.0
2022-03,automoveis,HONDA/WR-V,704,703.0,1.0
2022-03,automoveis,LAND ROVER/EVOQUE,217,216.0,1.0
2022-03,automoveis,LAND ROVER/RANGE ROVER,232,231.0,1.0
2022-03,automoveis,PORSCHE/911,80,79.0,1.0
2017-03,automoveis,GM/ONIX,40624,40625.0,-1.0
2017-03,automoveis,HONDA/CITY,3594,3595.0,-1.0
2017-05,automoveis,VOLVO/XC60,846,845.0,1.0
2017-05,automoveis,VW/PASSAT,164,163.0,1.0
2017-05,comerciais_leves,FORD/RANGER,5411,5412.0,-1.0
2017-05,comerciais_leves,GM/S10,10786,10787.0,-1.0
2017-05,comerciais_leves,VW/AMAROK,3439,3440.0,-1.0
2017-06,automoveis,FIAT/SIENA,13148,13149.0,-1.0
2017-06,automoveis,FORD/KA,44650,44651.0,-1.0
2017-06,automoveis,HONDA/CIVIC,14696,14697.0,-1.0
2017-05,automoveis,HONDA/CIVIC,12437,12438.0,-1.0
2017-05,automoveis,HONDA/HR-V,19160,19161.0,-1.0
2017-05,automoveis,HYUNDAI/CRETA,13805,13806.0,-1.0
2017-05,automoveis,HYUNDAI/HB20,41434,41435.0,-1.0
2017-05,automoveis,JEEP/COMPASS,18184,18185.0,-1.0
2017-05,automoveis,JEEP/RENEGADE,14800,14801.0,-1.0
2017-05,automoveis,RENAULT/DUSTER,8724,8725.0,-1.0
2017-05,automoveis,RENAULT/SANDERO,29780,29781.0,-1.0
2022-04,automoveis,HONDA/ACCORD,12,13.0,-1.0
2022-04,automoveis,HYUNDAI/CRETA,16921,16922.0,-1.0
2022-04,automoveis,NISSAN/KICKS,7880,7881.0,-1.0
2022-04,automoveis,PEUGEOT/208,7920,7921.0,-1.0
2022-04,automoveis,RENAULT/DUSTER,6388,6389.0,-1.0
2022-04,automoveis,TOYOTA/COROLLA CROSS,14444,14445.0,-1.0
2022-04,automoveis,TOYOTA/YARIS HB,7472,7473.0,-1.0
2022-04,automoveis,TOYOTA/YARIS SEDAN,4195,4196.0,-1.0
2022-03,automoveis,VW/VOYAGE,788,787.0,1.0
2022-03,comerciais_leves,EFFA/V22,42,41.0,1.0
2022-03,comerciais_leves,IVECO/DAILY 35-150,546,545.0,1.0
2022-04,automoveis,CAOA CHERY/TIGGO 8,2982,2983.0,-1.0
2022-04,automoveis,FIAT/ARGO,15617,15618.0,-1.0
2022-04,automoveis,FIAT/CRONOS,6411,6412.0,-1.0
2022-04,automoveis,FORD/MUSTANG,97,98.0,-1.0
2022-04,automoveis,GM/TRACKER,15092,15093.0,-1.0
2017-04,automoveis,RENAULT/SANDERO,21082,21083.0,-1.0
2017-04,automoveis,TOYOTA/COROLLA,17905,17906.0,-1.0
2017-04,comerciais_leves,FIAT/TORO,14709,14710.0,-1.0
2017-04,comerciais_leves,FORD/RANGER,4144,4143.0,1.0
2017-04,comerciais_leves,GM/S10,8066,8067.0,-1.0
2017-04,comerciais_leves,RENAULT/OROCH,3676,3677.0,-1.0
2017-05,automoveis,AUDI/Q3,1721,1722.0,-1.0
2022-03,automoveis,VW/FUSCA,17,16.0,1.0
2017-03,comerciais_leves,HYUNDAI/HR,716,717.0,-1.0
2017-04,automoveis,FIAT/PALIO,10847,10848.0,-1.0
2017-04,automoveis,FORD/FIESTA,5541,5542.0,-1.0
2017-04,automoveis,GM/SPIN,7159,7160.0,-1.0
2017-04,automoveis,HONDA/HR-V,14753,14754.0,-1.0
2017-04,automoveis,HYUNDAI/HB20S,9610,9611.0,-1.0
2017-04,automoveis,MITSUBISHI/PAJERO,600,601.0,-1.0
2017-04,automoveis,NISSAN/MARCH,6001,6002.0,-1.0
2017-02,automoveis,HONDA/HR-V,6861,6862.0,-1.0
2017-02,automoveis,JEEP/RENEGADE,5681,5682.0,-1.0
2017-02,automoveis,TOYOTA/COROLLA,7482,7483.0,-1.0
2017-02,automoveis,TOYOTA/ETIOS SEDAN,4116,4117.0,-1.0
2017-02,automoveis,VW/FOX/CROSS FOX,6747,6748.0,-1.0
2017-02,comerciais_leves,CITROEN/JUMPER,182,183.0,-1.0
2017-02,comerciais_leves,FIAT/STRADA,7700,7701.0,-1.0
2017-02,comerciais_leves,HYUNDAI/HR,320,321.0,-1.0
2016-12,automoveis,VW/JETTA,8654,8655.0,-1.0
2016-12,automoveis,VW/UP,38354,38355.0,-1.0
2016-12,comerciais_leves,TOYOTA/HILUX,34031,34032.0,-1.0
2017-02,automoveis,AUDI/Q3,430,429.0,1.0
2017-02,automoveis,FORD/FOCUS SEDAN,745,746.0,-1.0
2017-02,automoveis,FORD/KA,12843,12844.0,-1.0
2017-02,automoveis,GM/PRISMA,7431,7432.0,-1.0
2017-02,automoveis,HONDA/CIVIC,4457,4458.0,-1.0
2016-12,automoveis,HONDA/CITY,15422,15423.0,-1.0
2016-12,automoveis,HONDA/CIVIC,20857,20858.0,-1.0
2016-12,automoveis,HONDA/HR-V,55758,55759.0,-1.0
2016-12,automoveis,HYUNDAI/SANTAFE,1279,1280.0,-1.0
2016-12,automoveis,NISSAN/KICKS,10709,10710.0,-1.0
2016-12,automoveis,NISSAN/MARCH,18376,18377.0,-1.0
2016-12,automoveis,RENAULT/LOGAN,23707,23708.0,-1.0
2016-12,automoveis,VW/GOL,57390,57391.0,-1.0
2022-04,automoveis,VW/T CROSS,20157,20158.0,-1.0
2022-04,comerciais_leves,MITSUBISHI/L200,3769,3770.0,-1.0
2022-04,comerciais_leves,PEUGEOT/EXPERT,1242,1243.0,-1.0
2022-05,automoveis,CAOA CHERY/TIGGO 3X,3318,3319.0,-1.0
2022-05,automoveis,FIAT/ARGO,19031,19032.0,-1.0
2022-05,automoveis,FIAT/PULSE,19198,19199.0,-1.0
2022-05,automoveis,GM/ONIX,29901,29902.0,-1.0
2022-05,automoveis,GM/ONIX PLUS,23067,23068.0,-1.0
2022-07,automoveis,GM/ONIX PLUS,35075,35076.0,-1.0
2022-07,automoveis,HONDA/ACCORD,18,19.0,-1.0
2022-07,automoveis,HONDA/CITY,14699,14700.0,-1.0
2022-07,automoveis,RENAULT/KWID,27537,27538.0,-1.0
2022-07,automoveis,RENAULT/ZOE,197,198.0,-1.0
2022-07,automoveis,TOYOTA/COROLLA CROSS,25880,25881.0,-1.0
2022-07,automoveis,VW/GOL,35531,35532.0,-1.0
2022-07,automoveis,VW/TAOS,5018,5019.0,-1.0
2022-06,automoveis,VW/TAOS,3900,3901.0,-1.0
2022-06,comerciais_leves,CITROEN/JUMPY,1582,1583.0,-1.0
2022-06,comerciais_leves,GM/S10,13976,13977.0,-1.0
2022-06,comerciais_leves,NISSAN/FRONTIER,3999,4000.0,-1.0
2022-06,comerciais_leves,RENAULT/MASTER,4434,4433.0,1.0
2022-06,comerciais_leves,TOYOTA/HILUX,21546,21547.0,-1.0
2022-06,comerciais_leves,VW/AMAROK,1943,1942.0,1.0
2022-07,automoveis,CAOA CHERY/TIGGO 8,5188,5189.0,-1.0
2022-06,automoveis,FIAT/MOBI,31453,31454.0,-1.0
2022-06,automoveis,HONDA/CITY HATCH,7340,7341.0,-1.0
2022-06,automoveis,HYUNDAI/CRETA,29255,29256.0,-1.0
2022-06,automoveis,HYUNDAI/HB20,42834,42835.0,-1.0
2022-06,automoveis,HYUNDAI/HB20S,15456,15457.0,-1.0
2022-06,automoveis,RENAULT/KWID,23049,23050.0,-1.0
2022-06,automoveis,TOYOTA/HILUX SW4,6700,6701.0,-1.0
2022-06,automoveis,VW/T CROSS,32871,32872.0,-1.0
2017-03,automoveis,CITROEN/C3,2236,2237.0,-1.0
2017-03,automoveis,FIAT/SIENA,6652,6653.0,-1.0
2017-03,automoveis,FIAT/UNO,7518,7519.0,-1.0
2022-05,automoveis,RENAULT/DUSTER,7698,7699.0,-1.0
2022-05,automoveis,RENAULT/KWID,18007,18008.0,-1.0
2022-05,comerciais_leves,FIAT/DUCATO,1560,1561.0,-1.0
2022-05,comerciais_leves,FIAT/STRADA,41191,41192.0,-1.0
2022-05,comerciais_leves,RAM/2500,538,539.0,-1.0
2016-11,automoveis,HYUNDAI/TUCSON,11036,11035.0,1.0
2016-11,automoveis,JEEP/RENEGADE,47526,47527.0,-1.0
2016-11,automoveis,LAND ROVER/RANGE ROVER,723,724.0,-1.0
2016-11,automoveis,NISSAN/KICKS,8053,8054.0,-1.0
2016-11,automoveis,NISSAN/MARCH,16847,16848.0,-1.0
2016-11,automoveis,NISSAN/SENTRA,6002,6003.0,-1.0
2016-11,comerciais_leves,NISSAN/FRONTIER,3247,3248.0,-1.0
2016-12,automoveis,AUDI/A6,184,183.0,1.0
2022-09,automoveis,FIAT/ARGO,42916,42917.0,-1.0
2016-10,comerciais_leves,FIAT/TORO,31922,31923.0,-1.0
2016-10,comerciais_leves,PEUGEOT/PARTNER,230,231.0,-1.0
2016-11,automoveis,AUDI/TT,355,356.0,-1.0
2016-11,automoveis,FIAT/MOBI,24178,24179.0,-1.0
2016-11,automoveis,FORD/ECOSPORT,25837,25838.0,-1.0
2016-11,automoveis,GM/PRISMA,59526,59527.0,-1.0
2016-11,automoveis,HYUNDAI/IX35,9733,9734.0,-1.0
2022-08,automoveis,RENAULT/KWID,34365,34366.0,-1.0
2022-08,automoveis,TOYOTA/YARIS HB,16434,16435.0,-1.0
2022-08,comerciais_leves,FORD/MAVERICK,1097,1098.0,-1.0
2022-08,comerciais_leves,NISSAN/FRONTIER,5340,5341.0,-1.0
2022-08,comerciais_leves,PEUGEOT/EXPERT,2618,2619.0,-1.0
2022-08,comerciais_leves,RENAULT/MASTER,6435,6436.0,-1.0
2022-08,comerciais_leves,TOYOTA/HILUX,29644,29645.0,-1.0
2022-09,automoveis,CAOA CHERY/TIGGO 8,7970,7969.0,1.0
2022-07,comerciais_leves,FIAT/TORO,30195,30196.0,-1.0
2022-07,comerciais_leves,FORD/RANGER,7323,7324.0,-1.0
2022-07,comerciais_leves,GM/S10,16204,16205.0,-1.0
2022-07,comerciais_leves,NISSAN/FRONTIER,4741,4742.0,-1.0
2022-08,automoveis,FIAT/ARGO,35824,35825.0,-1.0
2022-08,automoveis,FIAT/PULSE,34105,34106.0,-1.0
2022-08,automoveis,FIAT/SIENA,4112,4113.0,-1.0
2022-08,automoveis,GM/ONIX,52507,52508.0,-1.0
2022-10,automoveis,VW/T CROSS,53990,53991.0,-1.0
2022-10,comerciais_leves,FORD/RANGER,11424,11425.0,-1.0
2022-11,automoveis,BMW/320I,4164,4165.0,-1.0
2022-11,automoveis,BMW/X1,3451,3452.0,-1.0
2022-11,automoveis,FORD/MUSTANG,320,321.0,-1.0
2022-11,automoveis,GM/ONIX,75741,75742.0,-1.0
2022-11,automoveis,GM/TRACKER,62524,62525.0,-1.0
2022-11,automoveis,HONDA/CITY,20808,20809.0,-1.0
2022-09,automoveis,VOLVO/XC40,1085,1086.0,-1.0
2022-09,comerciais_leves,FIAT/FIORINO,14919,14920.0,-1.0
2022-10,automoveis,GM/ONIX,68349,68350.0,-1.0
2022-10,automoveis,GM/TRACKER,55294,55295.0,-1.0
2022-10,automoveis,HYUNDAI/CRETA,50811,50812.0,-1.0
2022-10,automoveis,JEEP/COMPASS,51066,51067.0,-1.0
2022-10,automoveis,RENAULT/KWID,46124,46125.0,-1.0
2022-10,automoveis,VW/GOL,56121,56122.0,-1.0
2022-09,automoveis,JAC/E-JS1,526,527.0,-1.0
2022-09,automoveis,JEEP/COMMANDER,15541,15542.0,-1.0
2022-09,automoveis,M.BENZ/CLASSE C,694,695.0,-1.0
2022-09,automoveis,MITSUBISHI/ECLIPSE CROSS,2702,2703.0,-1.0
2022-09,automoveis,PEUGEOT/208,22922,22923.0,-1.0
2022-09,automoveis,PORSCHE/911,440,439.0,1.0
2022-09,automoveis,TOYOTA/COROLLA CROSS,31988,31989.0,-1.0
2022-09,automoveis,TOYOTA/HILUX SW4,9949,9950.0,-1.0
2016-12,automoveis,AUDI/Q3,4369,4370.0,-1.0
2016-12,automoveis,BMW/320,3367,3368.0,-1.0
2016-12,automoveis,CITROEN/C3,11824,11825.0,-1.0
2016-12,automoveis,FIAT/SIENA,33478,33479.0,-1.0
2016-12,automoveis,FORD/FOCUS,6766,6767.0,-1.0
2016-12,automoveis,FORD/KA,76614,76615.0,-1.0
2022-09,automoveis,FIAT/CRONOS,26791,26792.0,-1.0
2022-09,automoveis,GM/CRUZE SEDAN,7552,7553.0,-1.0
2022-12,comerciais_leves,FIAT/TORO,49567,49568.0,-1.0
2022-12,comerciais_leves,FORD/TRANSIT,2065,2066.0,-1.0
2022-12,comerciais_leves,RAM/1500,1251,1250.0,1.0
2022-12,comerciais_leves,RENAULT/MASTER,10019,10020.0,-1.0
2022-12,comerciais_leves,VW/AMAROK,6012,6013.0,-1.0
2023-02,automoveis,FIAT/ARGO,8817,8818.0,-1.0
2023-02,automoveis,VOLVO/XC60,775,776.0,-1.0
2023-03,automoveis,GM/ONIX,21528,21529.0,-1.0
2022-12,automoveis,HYUNDAI/CRETA,62651,62652.0,-1.0
2022-12,automoveis,HYUNDAI/HB20,96255,96256.0,-1.0
2022-12,automoveis,PEUGEOT/208,29918,29919.0,-1.0
2022-12,automoveis,RENAULT/KWID,57388,57389.0,-1.0
2022-12,automoveis,TOYOTA/HILUX SW4,13718,13719.0,-1.0
2022-12,automoveis,TOYOTA/YARIS HB,26614,26615.0,-1.0
2022-12,automoveis,VW/GOL,72606,72607.0,-1.0
2022-12,comerciais_leves,FIAT/STRADA,112456,112457.0,-1.0
2022-11,comerciais_leves,RAM/3500,1752,1753.0,-1.0
2022-11,comerciais_leves,TOYOTA/HILUX,42825,42826.0,-1.0
2022-12,automoveis,AUDI/A5,345,344.0,1.0
2022-12,automoveis,BMW/X3,1112,1111.0,1.0
2022-12,automoveis,CAOA CHERY/TIGGO 5X,9653,9654.0,-1.0
2022-12,automoveis,CITROEN/C3,10834,10835.0,-1.0
2022-12,automoveis,GM/SPIN,17816,17815.0,1.0
2022-12,automoveis,GM/TRACKER,70806,70807.0,-1.0
2022-11,automoveis,JEEP/COMMANDER,20074,20075.0,-1.0
2022-11,automoveis,JEEP/COMPASS,57474,57475.0,-1.0
2022-11,automoveis,MITSUBISHI/ECLIPSE CROSS,3441,3442.0,-1.0
2022-11,automoveis,RENAULT/SANDERO,9308,9309.0,-1.0
2022-11,automoveis,TOYOTA/COROLLA CROSS,38612,38613.0,-1.0
2022-11,automoveis,TOYOTA/HILUX SW4,12339,12340.0,-1.0
2022-11,comerciais_leves,FIAT/TORO,45272,45273.0,-1.0
2022-11,comerciais_leves,MITSUBISHI/L200,14242,14243.0,-1.0
2016-09,comerciais_leves,FIAT/STRADA,45247,45248.0,-1.0
2016-10,automoveis,AUDI/A5,482,481.0,1.0
2016-10,automoveis,FIAT/SIENA,28406,28407.0,-1.0
2016-10,automoveis,FORD/FOCUS SEDAN,4664,4665.0,-1.0
2016-10,automoveis,GM/COBALT,18629,18630.0,-1.0
2016-10,automoveis,HONDA/FIT,22609,22610.0,-1.0
2016-10,automoveis,LAND ROVER/DISCOVERY,3327,3328.0,-1.0
2016-10,automoveis,NISSAN/VERSA,17513,17514.0,-1.0
2016-09,automoveis,GM/PRISMA,48287,48288.0,-1.0
2016-09,automoveis,GM/SPIN,16512,16513.0,-1.0
2016-09,automoveis,HYUNDAI/HB20,85898,85899.0,-1.0
2016-09,automoveis,JEEP/RENEGADE,39372,39373.0,-1.0
2016-09,automoveis,NISSAN/MARCH,14172,14173.0,-1.0
2016-09,automoveis,RENAULT/SANDERO,43762,43763.0,-1.0
2016-09,automoveis,VW/GOL,43018,43019.0,-1.0
2016-09,automoveis,VW/UP,28569,28570.0,-1.0
2023-03,comerciais_leves,FIAT/SCUDO,880,879.0,1.0
2023-03,comerciais_leves,RENAULT/MASTER,1934,1935.0,-1.0
2023-03,comerciais_leves,VW/SAVEIRO,7442,7443.0,-1.0
2016-09,automoveis,AUDI/Q3,2948,2949.0,-1.0
2016-09,automoveis,CITROEN/C4L,3082,3083.0,-1.0
2016-09,automoveis,FIAT/LINEA,1286,1287.0,-1.0
2016-09,automoveis,FIAT/MOBI,17089,17090.0,-1.0
2016-09,automoveis,GM/ONIX,105157,105158.0,-1.0
2023-03,automoveis,GM/ONIX PLUS,18392,18393.0,-1.0
2023-03,automoveis,HYUNDAI/HB20,16194,16195.0,-1.0
2023-03,automoveis,JEEP/COMPASS,15556,15557.0,-1.0
2023-03,automoveis,KIA/CARNIVAL,22,21.0,1.0
2023-03,automoveis,NISSAN/KICKS,11322,11323.0,-1.0
2023-03,automoveis,PEUGEOT/208,4464,4465.0,-1.0
2023-03,automoveis,TOYOTA/CAMRY,16,15.0,1.0
2023-03,automoveis,TOYOTA/COROLLA CROSS,10449,10450.0,-1.0
2023-06,automoveis,FIAT/CRONOS,19195,19196.0,-1.0
2023-06,automoveis,FIAT/FASTBACK,17497,17498.0,-1.0
2023-06,automoveis,FIAT/PULSE,21444,21445.0,-1.0
2023-06,automoveis,FORD/TERRITORY,577,578.0,-1.0
2023-06,automoveis,HONDA/CITY,6597,6598.0,-1.0
2023-06,automoveis,HONDA/HR-V,20544,20545.0,-1.0
2023-06,automoveis,HYUNDAI/CRETA,29948,29949.0,-1.0
2023-06,automoveis,HYUNDAI/HB20S,9499,9500.0,-1.0
2023-05,automoveis,RENAULT/KWID,20713,20714.0,-1.0
2023-05,automoveis,TOYOTA/HILUX SW4,5613,5614.0,-1.0
2023-05,automoveis,VW/GOL,5842,5843.0,-1.0
2023-05,automoveis,VW/T CROSS,24771,24772.0,-1.0
2023-05,comerciais_leves,FORD/RANGER,6901,6902.0,-1.0
2023-05,comerciais_leves,RAM/3500,1990,1991.0,-1.0
2023-06,automoveis,BYD/SONG PLUS,1096,1097.0,-1.0
2023-06,automoveis,CAOA CHERY/TIGGO 5X,3797,3796.0,1.0
2023-04,automoveis,RENAULT/KWID,17989,17990.0,-1.0
2023-04,automoveis,TOYOTA/COROLLA,12210,12211.0,-1.0
2023-04,automoveis,TOYOTA/HILUX SW4,4376,4377.0,-1.0
2023-04,automoveis,VW/TAOS,3825,3826.0,-1.0
2023-05,automoveis,FIAT/MOBI,23547,23548.0,-1.0
2023-05,automoveis,JEEP/COMMANDER,9174,9175.0,-1.0
2023-05,automoveis,JEEP/COMPASS,26012,26013.0,-1.0
2023-05,automoveis,JEEP/RENEGADE,18238,18239.0,-1.0
2016-10,automoveis,RENAULT/SANDERO,49846,49847.0,-1.0
2016-10,automoveis,TOYOTA/COROLLA,53753,53754.0,-1.0
2023-04,automoveis,GM/ONIX PLUS,23686,23687.0,-1.0
2023-04,automoveis,HONDA/CITY,4387,4388.0,-1.0
2023-04,automoveis,HONDA/HR-V,11157,11158.0,-1.0
2023-04,automoveis,JEEP/COMMANDER,7220,7221.0,-1.0
2023-04,automoveis,JEEP/COMPASS,20453,20454.0,-1.0
2023-04,automoveis,JEEP/RENEGADE,13960,13961.0,-1.0
2023-08,automoveis,VW/NIVUS,32310,32311.0,-1.0
2023-08,automoveis,VW/POLO,62412,62413.0,-1.0
2023-08,automoveis,VW/T CROSS,46038,46039.0,-1.0
2023-08,comerciais_leves,FORD/RANGER,11281,11282.0,-1.0
2023-11,automoveis,AUDI/Q3,1486,1485.0,1.0
2023-11,automoveis,BYD/DOLPHIN,4561,4562.0,-1.0
2023-11,automoveis,FIAT/ARGO,61500,61501.0,-1.0
2023-11,automoveis,FIAT/CRONOS,44423,44424.0,-1.0
2023-08,automoveis,FIAT/MOBI,45616,45617.0,-1.0
2023-08,automoveis,GM/ONIX PLUS,49192,49193.0,-1.0
2023-08,automoveis,HONDA/HR-V,31299,31300.0,-1.0
2023-08,automoveis,HYUNDAI/HB20,54180,54181.0,-1.0
2023-08,automoveis,NISSAN/VERSA,5633,5634.0,-1.0
2023-08,automoveis,PEUGEOT/208,17967,17968.0,-1.0
2023-08,automoveis,TOYOTA/COROLLA,27838,27839.0,-1.0
2023-08,automoveis,TOYOTA/COROLLA CROSS,28359,28360.0,-1.0
2023-07,automoveis,JEEP/COMPASS,35056,35057.0,-1.0
2023-07,automoveis,VW/T CROSS,40587,40588.0,-1.0
2023-07,comerciais_leves,GM/MONTANA,17011,17012.0,-1.0
2023-07,comerciais_leves,VW/AMAROK,4244,4245.0,-1.0
2023-08,automoveis,AUDI/Q3,977,976.0,1.0
2023-08,automoveis,BYD/DOLPHIN,467,468.0,-1.0
2023-08,automoveis,CAOA CHERY/TIGGO 7,3926,3927.0,-1.0
2023-08,automoveis,CITROEN/C3,16549,16550.0,-1.0
2023-06,automoveis,JEEP/COMMANDER,10511,10512.0,-1.0
2023-06,automoveis,PEUGEOT/2008,882,883.0,-1.0
2023-06,automoveis,RENAULT/DUSTER,10773,10774.0,-1.0
2023-06,comerciais_leves,GM/MONTANA,14064,14065.0,-1.0
2023-06,comerciais_leves,TOYOTA/HILUX,21524,21525.0,-1.0
2023-07,automoveis,GM/EQUINOX,2227,2228.0,-1.0
2023-07,automoveis,GM/TRACKER,34401,34402.0,-1.0
2023-07,automoveis,HONDA/CITY,7656,7657.0,-1.0
2016-08,automoveis,GM/CLASSIC,10889,10890.0,-1.0
2016-08,automoveis,GM/TRAILBLAZER,699,700.0,-1.0
2016-08,automoveis,HONDA/HR-V,40122,40123.0,-1.0
2016-08,automoveis,NISSAN/KICKS,2574,2575.0,-1.0
2016-08,automoveis,VW/UP,26707,26708.0,-1.0
2016-08,comerciais_leves,FIAT/STRADA,40841,40842.0,-1.0
2016-08,comerciais_leves,FORD/RANGER,10307,10308.0,-1.0
2016-08,comerciais_leves,GM/MONTANA,8013,8014.0,-1.0
2016-07,automoveis,HONDA/FIT,15860,15861.0,-1.0
2016-07,automoveis,HYUNDAI/HB20,65618,65619.0,-1.0
2016-07,automoveis,PEUGEOT/208,6103,6104.0,-1.0
2016-07,automoveis,RENAULT/LOGAN,12025,12026.0,-1.0
2016-07,automoveis,RENAULT/SANDERO,32114,32115.0,-1.0
2016-07,automoveis,TOYOTA/ETIOS SEDAN,16618,16619.0,-1.0
2016-07,automoveis,VW/FOX/CROSS FOX,30276,30277.0,-1.0
2016-07,comerciais_leves,RENAULT/OROCH,7738,7739.0,-1.0
2023-11,automoveis,TOYOTA/HILUX SW4,14084,14085.0,-1.0
2023-11,automoveis,TOYOTA/YARIS HB,20577,20578.0,-1.0
2023-11,automoveis,VW/NIVUS,46457,46458.0,-1.0
2023-11,automoveis,VW/POLO,93246,93247.0,-1.0
2016-07,automoveis,FIAT/SIENA,21306,21307.0,-1.0
2016-07,automoveis,FORD/KA SEDAN,12635,12636.0,-1.0
2016-07,automoveis,GM/CAMARO,275,276.0,-1.0
2016-07,automoveis,HONDA/CIVIC,9289,9290.0,-1.0
2023-11,automoveis,FIAT/FASTBACK,36455,36454.0,1.0
2023-11,automoveis,GM/ONIX,91204,91205.0,-1.0
2023-11,automoveis,GM/SPIN,18500,18501.0,-1.0
2023-11,automoveis,GM/TRACKER,59877,59878.0,-1.0
2023-11,automoveis,HYUNDAI/CRETA,57240,57241.0,-1.0
2023-11,automoveis,JEEP/RENEGADE,44157,44158.0,-1.0
2023-11,automoveis,NISSAN/KICKS,45958,45959.0,-1.0
2023-11,automoveis,PORSCHE/911,939,938.0,1.0
2016-05,comerciais_leves,TOYOTA/HILUX,14197,14198.0,-1.0
2016-06,automoveis,CITROEN/C3,6129,6128.0,1.0
2016-06,automoveis,FIAT/SIENA,18728,18729.0,-1.0
2016-06,automoveis,FORD/FUSION,1814,1815.0,-1.0
2016-06,automoveis,GM/CAPTIVA,686,687.0,-1.0
2016-06,automoveis,GM/CRUZE HB,2109,2110.0,-1.0
2016-06,automoveis,JEEP/RENEGADE,25698,25699.0,-1.0
2016-06,automoveis,LAND ROVER/EVOQUE,1050,1051.0,-1.0
2016-05,automoveis,M.BENZ/CLASSE GLA,1288,1289.0,-1.0
2016-05,automoveis,M.BENZ/GLC,280,281.0,-1.0
2016-05,automoveis,RENAULT/SANDERO,20402,20403.0,-1.0
2016-05,automoveis,VW/GOL,26547,26548.0,-1.0
2016-05,automoveis,VW/GOLF,3478,3479.0,-1.0
2016-05,automoveis,VW/UP,16810,16811.0,-1.0
2016-05,comerciais_leves,FIAT/TORO,11703,11704.0,-1.0
2016-05,comerciais_leves,NISSAN/FRONTIER,1685,1684.0,1.0
2023-12,automoveis,CHRYSLER/PACIFICA,18,17.0,1.0
2023-12,automoveis,CITROEN/C3,26578,26579.0,-1.0
2023-12,automoveis,FIAT/ARGO,66717,66718.0,-1.0
2023-12,automoveis,GM/PRISMA,6,7.0,-1.0
2023-12,automoveis,HONDA/CITY,11841,11842.0,-1.0
2023-12,automoveis,JEEP/COMMANDER,19874,19875.0,-1.0
2023-12,automoveis,KIA/CARNIVAL,25,24.0,1.0
2023-12,automoveis,M.BENZ/CLASSE C,866,865.0,1.0
2023-11,automoveis,VW/TAOS,14225,14226.0,-1.0
2023-11,comerciais_leves,FIAT/TORO,46597,46598.0,-1.0
2023-11,comerciais_leves,FORD/TRANSIT,2420,2419.0,1.0
2023-11,comerciais_leves,VW/AMAROK,7280,7281.0,-1.0
2023-12,automoveis,AUDI/A3,397,398.0,-1.0
2023-12,automoveis,AUDI/A4,348,349.0,-1.0
2023-12,automoveis,BMW/430I,2,1.0,1.0
2023-12,automoveis,BYD/SONG PLUS,7669,7670.0,-1.0
2024-03,automoveis,BYD/DOLPHIN,5332,5333.0,-1.0
2024-03,automoveis,BYD/SEAL,1415,1416.0,-1.0
2024-03,automoveis,BYD/SONG PLUS,4870,4871.0,-1.0
2024-03,automoveis,BYD/YUAN PLUS,723,724.0,-1.0
2024-03,automoveis,FIAT/CRONOS,6466,6467.0,-1.0
2024-03,automoveis,FIAT/FASTBACK,10704,10705.0,-1.0
2024-03,automoveis,GM/SPIN,2312,2313.0,-1.0
2024-03,automoveis,HONDA/HR-V,9706,9707.0,-1.0
2023-12,comerciais_leves,GM/MONTANA,30018,30019.0,-1.0
2023-12,comerciais_leves,NISSAN/FRONTIER,8387,8388.0,-1.0
2023-12,comerciais_leves,VW/AMAROK,7978,7979.0,-1.0
2024-02,automoveis,BYD/DOLPHIN,3626,3627.0,-1.0
2024-02,automoveis,BYD/SEAL,1066,1067.0,-1.0
2024-02,automoveis,HONDA/HR-V,6051,6052.0,-1.0
2024-02,automoveis,JEEP/COMPASS,7665,7666.0,-1.0
2024-03,automoveis,AUDI/Q5,425,426.0,-1.0
2016-07,automoveis,FIAT/PALIO,37982,37983.0,-1.0
2023-12,automoveis,PEUGEOT/208,28629,28630.0,-1.0
2023-12,automoveis,RENAULT/KWID,63316,63317.0,-1.0
2023-12,automoveis,TOYOTA/YARIS SEDAN,20571,20572.0,-1.0
2023-12,automoveis,VOLVO/XC60,4335,4336.0,-1.0
2023-12,automoveis,VW/VOYAGE,2074,2075.0,-1.0
2023-12,comerciais_leves,FIAT/FIORINO,21863,21864.0,-1.0
2023-12,comerciais_leves,FORD/RANGER,20352,20353.0,-1.0
2016-06,automoveis,NISSAN/MARCH,8962,8963.0,-1.0
2016-06,automoveis,NISSAN/SENTRA,4181,4182.0,-1.0
2016-06,automoveis,PEUGEOT/2008,5086,5085.0,1.0
2016-06,automoveis,TOYOTA/COROLLA,31891,31892.0,-1.0
2016-06,automoveis,VW/FOX/CROSS FOX,26502,26503.0,-1.0
2016-06,automoveis,VW/GOL,32489,32490.0,-1.0
2016-06,comerciais_leves,GM/MONTANA,4778,4779.0,-1.0
2016-06,comerciais_leves,RENAULT/OROCH,6545,6546.0,-1.0
2024-05,automoveis,HONDA/ZR-V,2439,2440.0,-1.0
2024-05,automoveis,HYUNDAI/CRETA,24673,24674.0,-1.0
2024-05,automoveis,JEEP/COMPASS,18831,18832.0,-1.0
2024-05,automoveis,NISSAN/KICKS,23505,23506.0,-1.0
2024-05,automoveis,RENAULT/DUSTER,8804,8805.0,-1.0
2024-05,automoveis,TOYOTA/HILUX SW4,6177,6178.0,-1.0
2024-05,automoveis,VW/NIVUS,20507,20508.0,-1.0
2024-05,comerciais_leves,FIAT/TORO,18429,18430.0,-1.0
2024-04,automoveis,NISSAN/KICKS,17596,17597.0,-1.0
2024-04,automoveis,NISSAN/VERSA,3977,3978.0,-1.0
2024-04,automoveis,VW/VIRTUS,10381,10382.0,-1.0
2024-04,comerciais_leves,NISSAN/FRONTIER,3483,3484.0,-1.0
2024-04,comerciais_leves,TOYOTA/HILUX,15002,15003.0,-1.0
2024-05,automoveis,BYD/SEAL,1910,1911.0,-1.0
2024-05,automoveis,BYD/SONG PLUS,8128,8129.0,-1.0
2024-05,automoveis,CITROEN/C3,8146,8147.0,-1.0
2024-03,comerciais_leves,FORD/TRANSIT,580,579.0,1.0
2024-03,comerciais_leves,GM/S10,5379,5380.0,-1.0
2024-03,comerciais_leves,RAM/RAMPAGE,5918,5919.0,-1.0
2024-04,automoveis,BMW/X1,1457,1458.0,-1.0
2024-04,automoveis,BYD/DOLPHIN,6950,6951.0,-1.0
2024-04,automoveis,BYD/DOLPHIN MINI,5636,5637.0,-1.0
2024-04,automoveis,CITROEN/C3,6567,6568.0,-1.0
2024-04,automoveis,GM/ONIX PLUS,17852,17853.0,-1.0
2024-03,automoveis,HYUNDAI/HB20S,5127,5128.0,-1.0
2024-03,automoveis,TOYOTA/COROLLA CROSS,9287,9288.0,-1.0
2024-03,automoveis,TOYOTA/HILUX SW4,3554,3555.0,-1.0
2024-03,automoveis,VW/POLO,27263,27264.0,-1.0
2024-03,automoveis,VW/T CROSS,12858,12859.0,-1.0
2024-03,automoveis,VW/VIRTUS,7926,7927.0,-1.0
2024-03,comerciais_leves,FIAT/TORO,10219,10220.0,-1.0
2024-03,comerciais_leves,FORD/RANGER,5053,5054.0,-1.0
2016-04,automoveis,FORD/KA,22402,22403.0,-1.0
2016-04,automoveis,GM/ONIX,46073,46074.0,-1.0
2016-04,automoveis,HONDA/HR-V,20499,20500.0,-1.0
2016-04,automoveis,HYUNDAI/HB20S,15048,15049.0,-1.0
2016-04,automoveis,JEEP/RENEGADE,17284,17285.0,-1.0
2016-04,automoveis,NISSAN/MARCH,5675,5676.0,-1.0
2016-04,automoveis,RENAULT/SANDERO,15647,15648.0,-1.0
2016-04,automoveis,TOYOTA/COROLLA,21047,21048.0,-1.0
2016-03,automoveis,HYUNDAI/HB20,27309,27310.0,-1.0
2016-03,automoveis,NISSAN/MARCH,4489,4490.0,-1.0
2016-03,automoveis,TOYOTA/COROLLA,15223,15224.0,-1.0
2016-03,automoveis,TOYOTA/ETIOS SEDAN,6031,6032.0,-1.0
2016-03,comerciais_leves,GM/S10,4375,4374.0,1.0
2016-03,comerciais_leves,MITSUBISHI/L200,1984,1985.0,-1.0
2016-04,automoveis,FIAT/PALIO,22338,22339.0,-1.0
2016-04,automoveis,FIAT/UNO,13684,13685.0,-1.0
2024-06,automoveis,NISSAN/KICKS,28181,28182.0,-1.0
2024-06,automoveis,NISSAN/SENTRA,2532,2533.0,-1.0
2024-06,automoveis,NISSAN/VERSA,5950,5951.0,-1.0
2024-06,automoveis,RENAULT/KWID,25635,25636.0,-1.0
2024-06,automoveis,TOYOTA/COROLLA CROSS,21844,21845.0,-1.0
2024-06,automoveis,TOYOTA/YARIS HB,12314,12315.0,-1.0
2024-06,comerciais_leves,FORD/RANGER,12766,12767.0,-1.0
2016-03,automoveis,GM/PRISMA,15285,15286.0,-1.0
2024-05,comerciais_leves,TOYOTA/HILUX,18394,18395.0,-1.0
2024-06,automoveis,BMW/X1,2436,2437.0,-1.0
2024-06,automoveis,BYD/DOLPHIN,9608,9609.0,-1.0
2024-06,automoveis,BYD/SONG PLUS,10038,10039.0,-1.0
2024-06,automoveis,CAOA CHERY/TIGGO 5X,14131,14132.0,-1.0
2024-06,automoveis,GM/ONIX,43603,43604.0,-1.0
2024-06,automoveis,GM/TRACKER,28865,28866.0,-1.0
2024-06,automoveis,HONDA/ACCORD,114,115.0,-1.0
2024-08,automoveis,AUDI/A3 SEDAN,267,268.0,-1.0
2024-08,automoveis,BYD/SONG,14691,14692.0,-1.0
2024-08,automoveis,CITROEN/C3,14140,14141.0,-1.0
2024-08,automoveis,FIAT/PULSE,25316,25317.0,-1.0
2024-08,automoveis,GM/ONIX,60043,60044.0,-1.0
2024-08,automoveis,GM/SPIN,14418,14419.0,-1.0
2024-08,automoveis,HONDA/HR-V,31126,31127.0,-1.0
2024-08,automoveis,HYUNDAI/HB20,57026,57027.0,-1.0
2024-07,automoveis,VW/T CROSS,39703,39704.0,-1.0
2024-07,comerciais_leves,FIAT/SCUDO,1915,1916.0,-1.0
2024-07,comerciais_leves,FORD/RANGER,15450,15451.0,-1.0
2024-07,comerciais_leves,GM/MONTANA,15373,15374.0,-1.0
2024-07,comerciais_leves,GM/S10,14352,14353.0,-1.0
2024-07,comerciais_leves,NISSAN/FRONTIER,6123,6124.0,-1.0
2024-07,comerciais_leves,RAM/RAMPAGE,13510,13511.0,-1.0
2024-07,comerciais_leves,VW/AMAROK,3103,3104.0,-1.0
2024-06,comerciais_leves,RENAULT/MASTER,4640,4641.0,-1.0
2024-06,comerciais_leves,VW/AMAROK,2397,2398.0,-1.0
2024-07,automoveis,BYD/DOLPHIN,11074,11075.0,-1.0
2024-07,automoveis,BYD/SEAL,2413,2414.0,-1.0
2024-07,automoveis,NISSAN/KICKS,33999,34000.0,-1.0
2024-07,automoveis,PEUGEOT/208,12241,12242.0,-1.0
2024-07,automoveis,TOYOTA/COROLLA CROSS,26691,26692.0,-1.0
2024-07,automoveis,TOYOTA/YARIS HB,15132,15133.0,-1.0
2016-04,automoveis,TOYOTA/HILUX SW4,3008,3009.0,-1.0
2016-04,automoveis,VW/FOX/CROSS FOX,18798,18799.0,-1.0
2016-04,comerciais_leves,FIAT/DUCATO,1245,1246.0,-1.0
2016-04,comerciais_leves,TOYOTA/HILUX,11272,11273.0,-1.0
2016-05,automoveis,FORD/KA SEDAN,8646,8645.0,1.0
2016-05,automoveis,GM/CRUZE SEDAN,3063,3064.0,-1.0
2016-05,automoveis,HONDA/HR-V,25660,25661.0,-1.0
2016-05,automoveis,HYUNDAI/HB20,46389,46390.0,-1.0
2024-09,comerciais_leves,FIAT/STRADA,101444,101445.0,-1.0
2024-09,comerciais_leves,FIAT/TORO,39324,39325.0,-1.0
2024-09,comerciais_leves,GM/MONTANA,20256,20257.0,-1.0
2024-09,comerciais_leves,NISSAN/FRONTIER,8033,8034.0,-1.0
2024-09,comerciais_leves,RENAULT/OROCH,9511,9512.0,-1.0
2024-09,comerciais_leves,TOYOTA/HILUX,36888,36889.0,-1.0
2024-10,automoveis,BYD/KING,1912,1913.0,-1.0
2024-10,automoveis,CAOA CHERY/TIGGO 7,24661,24662.0,-1.0
2024-09,automoveis,JEEP/COMPASS,35320,35321.0,-1.0
2024-09,automoveis,JEEP/RENEGADE,40087,40088.0,-1.0
2024-09,automoveis,LAND ROVER/DISCOVERY,1215,1214.0,1.0
2024-09,automoveis,RENAULT/DUSTER,13967,13968.0,-1.0
2024-09,automoveis,RENAULT/KWID,38869,38870.0,-1.0
2024-09,automoveis,TOYOTA/COROLLA,27082,27083.0,-1.0
2024-09,automoveis,VW/VIRTUS,23294,23295.0,-1.0
2024-09,comerciais_leves,FIAT/DUCATO,1349,1350.0,-1.0
2024-08,comerciais_leves,GM/S10,16449,16450.0,-1.0
2024-08,comerciais_leves,MITSUBISHI/L200,7504,7505.0,-1.0
2024-09,automoveis,CAOA CHERY/TIGGO 7,20618,20619.0,-1.0
2024-09,automoveis,CAOA CHERY/TIGGO 8,6445,6446.0,-1.0
2024-09,automoveis,FIAT/PULSE,28640,28641.0,-1.0
2024-09,automoveis,FORD/TERRITORY,3749,3750.0,-1.0
2024-09,automoveis,GM/ONIX PLUS,44398,44399.0,-1.0
2024-09,automoveis,HYUNDAI/HB20,63991,63992.0,-1.0
2024-08,automoveis,NISSAN/KICKS,39353,39354.0,-1.0
2024-08,automoveis,TOYOTA/COROLLA CROSS,31008,31009.0,-1.0
2024-08,automoveis,VW/NIVUS,35893,35894.0,-1.0
2024-08,automoveis,VW/POLO,84678,84679.0,-1.0
2024-08,automoveis,VW/VIRTUS,20817,20818.0,-1.0
2024-08,comerciais_leves,FIAT/FIORINO,12728,12729.0,-1.0
2024-08,comerciais_leves,FIAT/STRADA,87205,87206.0,-1.0
2024-08,comerciais_leves,FORD/RANGER,18231,18232.0,-1.0
2016-02,automoveis,FIAT/UNO,6611,6612.0,-1.0
2016-02,automoveis,JAGUAR/XE,81,82.0,-1.0
2016-02,automoveis,JEEP/RENEGADE,8954,8955.0,-1.0
2016-02,automoveis,MITSUBISHI/ASX,791,792.0,-1.0
2016-02,automoveis,NISSAN/SENTRA,1783,1784.0,-1.0
2016-02,automoveis,RENAULT/SANDERO,6547,6548.0,-1.0
2016-02,automoveis,VW/GOL,7808,7809.0,-1.0
2016-03,automoveis,CITROEN/C4 PICASSO,104,103.0,1.0
2015-12,automoveis,TOYOTA/COROLLA,67339,67340.0,-1.0
2015-12,automoveis,VW/FOX/CROSS FOX,79590,79591.0,-1.0
2015-12,automoveis,VW/GOLF VARIANT,908,909.0,-1.0
2015-12,comerciais_leves,FIAT/DUCATO,7050,7051.0,-1.0
2015-12,comerciais_leves,TOYOTA/HILUX,32900,32899.0,1.0
2016-02,automoveis,CITROEN/C4 PICASSO,71,72.0,-1.0
2016-02,automoveis,FIAT/IDEA,687,688.0,-1.0
2016-02,automoveis,FIAT/PALIO,13514,13515.0,-1.0
2024-10,automoveis,NISSAN/KICKS,51752,51753.0,-1.0
2024-10,automoveis,PEUGEOT/208,16256,16257.0,-1.0
2015-12,automoveis,HYUNDAI/IX35,14729,14730.0,-1.0
2015-12,automoveis,M.BENZ/CLASSE C,2352,2353.0,-1.0
2015-12,automoveis,NISSAN/VERSA,17538,17539.0,-1.0
2015-12,automoveis,PEUGEOT/2008,6272,6273.0,-1.0
2015-12,automoveis,RENAULT/DUSTER,34325,34326.0,-1.0
2015-12,automoveis,RENAULT/SANDERO,78174,78175.0,-1.0
2024-10,automoveis,FIAT/ARGO,73784,73785.0,-1.0
2024-10,automoveis,FIAT/CRONOS,34011,34012.0,-1.0
2024-10,automoveis,FIAT/FASTBACK,39731,39732.0,-1.0
2024-10,automoveis,FIAT/MOBI,56175,56176.0,-1.0
2024-10,automoveis,FIAT/PULSE,31926,31927.0,-1.0
2024-10,automoveis,HONDA/CITY HATCH,12140,12141.0,-1.0
2024-10,automoveis,HYUNDAI/CRETA,56697,56698.0,-1.0
2024-10,automoveis,JEEP/COMPASS,40362,40363.0,-1.0
2024-11,automoveis,TOYOTA/HILUX SW4,15852,15853.0,-1.0
2024-11,automoveis,TOYOTA/YARIS SEDAN,20921,20922.0,-1.0
2024-11,automoveis,VW/NIVUS,51357,51358.0,-1.0
2024-11,comerciais_leves,FIAT/STRADA,128444,128445.0,-1.0
2024-11,comerciais_leves,KIA/K2500,2486,2487.0,-1.0
2024-11,comerciais_leves,RENAULT/MASTER,9905,9904.0,1.0
2024-11,comerciais_leves,VW/SAVEIRO,50732,50733.0,-1.0
2024-12,automoveis,BMW/530E,161,162.0,-1.0
2024-11,automoveis,GWM/HAVAL H6,20248,20249.0,-1.0
2024-11,automoveis,HONDA/ZR-V,5605,5606.0,-1.0
2024-11,automoveis,HYUNDAI/HB20,87138,87139.0,-1.0
2024-11,automoveis,JEEP/RENEGADE,49894,49895.0,-1.0
2024-11,automoveis,MITSUBISHI/ECLIPSE CROSS,7546,7547.0,-1.0
2024-11,automoveis,NISSAN/SENTRA,5362,5363.0,-1.0
2024-11,automoveis,PEUGEOT/2008,5708,5709.0,-1.0
2024-11,automoveis,TOYOTA/COROLLA CROSS,44025,44026.0,-1.0
2024-10,comerciais_leves,FIAT/STRADA,116084,116085.0,-1.0
2024-10,comerciais_leves,FORD/RANGER,24940,24941.0,-1.0
2024-10,comerciais_leves,GM/MONTANA,23092,23093.0,-1.0
2024-10,comerciais_leves,GM/S10,21769,21770.0,-1.0
2024-10,comerciais_leves,TOYOTA/HILUX,41623,41624.0,-1.0
2024-11,automoveis,BYD/SONG,22454,22455.0,-1.0
2024-11,automoveis,CAOA CHERY/TIGGO 7,28052,28053.0,-1.0
2024-11,automoveis,FORD/BRONCO,2123,2124.0,-1.0
2016-03,automoveis,FIAT/FREEMONT,182,183.0,-1.0
2016-03,automoveis,GM/ONIX,35467,35468.0,-1.0
2024-10,automoveis,RENAULT/DUSTER,15971,15972.0,-1.0
2024-10,automoveis,TOYOTA/COROLLA,30861,30862.0,-1.0
2024-10,automoveis,TOYOTA/COROLLA CROSS,40018,40019.0,-1.0
2024-10,automoveis,TOYOTA/HILUX SW4,13937,13938.0,-1.0
2024-10,automoveis,VW/NIVUS,46065,46066.0,-1.0
2024-10,automoveis,VW/TAOS,13826,13827.0,-1.0
2015-11,automoveis,HONDA/FIT,39010,39011.0,-1.0
2015-11,automoveis,HYUNDAI/ELANTRA,2514,2515.0,-1.0
2015-11,automoveis,HYUNDAI/IX35,13584,13585.0,-1.0
2015-11,automoveis,JEEP/CHEROKEE,1946,1947.0,-1.0
2015-11,automoveis,JEEP/RENEGADE,32211,32212.0,-1.0
2015-11,automoveis,NISSAN/MARCH,21101,21102.0,-1.0
2015-11,automoveis,RENAULT/DUSTER,31464,31465.0,-1.0
2015-11,automoveis,VW/SPACE FOX,6116,6115.0,1.0
2015-11,automoveis,FIAT/UNO,73173,73174.0,-1.0
2015-11,automoveis,FORD/ECOSPORT,31428,31429.0,-1.0
2015-11,automoveis,FORD/FUSION,6666,6667.0,-1.0
2015-11,automoveis,FORD/MUSTANG,56,55.0,1.0
2015-11,automoveis,FORD/NEW FIESTA,7149,7148.0,1.0
2015-11,automoveis,GM/ONIX,110845,110846.0,-1.0
2015-11,automoveis,HONDA/CITY,23706,23707.0,-1.0
2015-11,automoveis,HONDA/CIVIC,29160,29161.0,-1.0
2024-12,automoveis,HYUNDAI/HB20,97079,97080.0,-1.0
2024-12,automoveis,MITSUBISHI/ECLIPSE CROSS,8299,8300.0,-1.0
2024-12,automoveis,PEUGEOT/208,17709,17710.0,-1.0
2024-12,automoveis,RENAULT/KWID,57241,57242.0,-1.0
2024-12,automoveis,TOYOTA/COROLLA,37668,37669.0,-1.0
2015-10,comerciais_leves,TOYOTA/HILUX,27318,27319.0,-1.0
2015-11,automoveis,FIAT/DOBLO,7916,7917.0,-1.0
2015-11,automoveis,FIAT/IDEA,7699,7700.0,-1.0
2024-12,automoveis,BMW/X1,4842,4843.0,-1.0
2024-12,automoveis,BYD/DOLPHIN,15201,15202.0,-1.0
2024-12,automoveis,FIAT/CRONOS,44392,44393.0,-1.0
2024-12,automoveis,FIAT/FASTBACK,48246,48247.0,-1.0
2024-12,automoveis,GM/ONIX,97503,97504.0,-1.0
2024-12,automoveis,HONDA/CITY,16368,16369.0,-1.0
2024-12,automoveis,HONDA/CITY HATCH,15473,15474.0,-1.0
2024-12,automoveis,HONDA/HR-V,50375,50376.0,-1.0
2025-07,automoveis,BYD/YUAN,3230,3231.0,-1.0
2025-07,automoveis,FIAT/FASTBACK,31366,31367.0,-1.0
2025-07,automoveis,HONDA/CITY HATCH,8826,8827.0,-1.0
2025-07,automoveis,HYUNDAI/CRETA,39032,39033.0,-1.0
2025-07,automoveis,NISSAN/KICKS,29530,29531.0,-1.0
2025-07,automoveis,TOYOTA/COROLLA CROSS,36955,36956.0,-1.0
2025-07,automoveis,VW/POLO,70155,70156.0,-1.0
2025-07,automoveis,VW/TAOS,9431,9432.0,-1.0
2025-02,automoveis,VW/TAOS,3359,3360.0,-1.0
2025-02,comerciais_leves,FIAT/STRADA,19039,19040.0,-1.0
2025-02,comerciais_leves,FIAT/TORO,7098,7099.0,-1.0
2025-02,comerciais_leves,RENAULT/MASTER,2249,2250.0,-1.0
2025-02,comerciais_leves,VW/AMAROK,1271,1272.0,-1.0
2025-06,automoveis,M.BENZ/CLASSE C,667,668.0,-1.0
2025-07,automoveis,BYD/KING,7217,7218.0,-1.0
2025-07,automoveis,BYD/SEAL,1716,1717.0,-1.0
2024-12,comerciais_leves,RAM/RAMPAGE,23619,23620.0,-1.0
2024-12,comerciais_leves,TOYOTA/HILUX,50010,50011.0,-1.0
2024-12,comerciais_leves,VW/AMAROK,7328,7329.0,-1.0
2025-02,automoveis,BYD/DOLPHIN MINI,4121,4122.0,-1.0
2025-02,automoveis,GM/TRACKER,9448,9449.0,-1.0
2025-02,automoveis,HYUNDAI/TUCSON,319,320.0,-1.0
2025-02,automoveis,PEUGEOT/208,1364,1365.0,-1.0
2025-02,automoveis,VW/T CROSS,11866,11867.0,-1.0
2015-11,automoveis,VW/UP,49388,49389.0,-1.0
2015-12,automoveis,FORD/ECOSPORT,33861,33862.0,-1.0
2024-12,automoveis,TOYOTA/HILUX SW4,17815,17816.0,-1.0
2024-12,automoveis,TOYOTA/YARIS HB,25964,25965.0,-1.0
2024-12,automoveis,VW/T CROSS,83990,83991.0,-1.0
2024-12,comerciais_leves,FIAT/STRADA,144678,144679.0,-1.0
2024-12,comerciais_leves,FIAT/TITANO,6223,6224.0,-1.0
2024-12,comerciais_leves,GM/S10,27402,27403.0,-1.0
2015-09,comerciais_leves,GM/S10,25558,25559.0,-1.0
2015-09,comerciais_leves,MITSUBISHI/L200,11543,11544.0,-1.0
2015-09,comerciais_leves,RENAULT/KANGOO,2241,2242.0,-1.0
2015-10,automoveis,FIAT/DOBLO,7156,7157.0,-1.0
2015-10,automoveis,FIAT/UNO,68007,68008.0,-1.0
2015-10,automoveis,FORD/ECOSPORT,28689,28690.0,-1.0
2015-10,automoveis,GM/ONIX,98855,98856.0,-1.0
2015-10,automoveis,GM/SPIN,22498,22499.0,-1.0
2015-09,automoveis,HONDA/CITY,19740,19741.0,-1.0
2015-09,automoveis,HONDA/CIVIC,25569,25570.0,-1.0
2015-09,automoveis,HONDA/HR-V,33183,33184.0,-1.0
2015-09,automoveis,HYUNDAI/HB20,78867,78868.0,-1.0
2015-09,automoveis,RENAULT/LOGAN,24570,24571.0,-1.0
2015-09,automoveis,TOYOTA/COROLLA,49591,49592.0,-1.0
2015-09,automoveis,VOLVO/XC60,2024,2023.0,1.0
2015-09,automoveis,VW/GOLF,7347,7348.0,-1.0
2025-08,automoveis,OMODA JAECOO/JAECOO 7,1946,1947.0,-1.0
2025-08,automoveis,TOYOTA/COROLLA GR,55,56.0,-1.0
2025-08,automoveis,VW/T CROSS,61252,61253.0,-1.0
2025-08,comerciais_leves,FIAT/STRADA,87424,87425.0,-1.0
2015-08,comerciais_leves,GM/S10,23174,23175.0,-1.0
2015-08,comerciais_leves,HYUNDAI/HR,4513,4514.0,-1.0
2015-08,comerciais_leves,VW/SAVEIRO,42414,42415.0,-1.0
2015-09,automoveis,GM/CLASSIC,24589,24590.0,-1.0
2025-07,comerciais_leves,NISSAN/FRONTIER,4179,4180.0,-1.0
2025-08,automoveis,FIAT/ARGO,64528,64529.0,-1.0
2025-08,automoveis,FIAT/FASTBACK,36405,36406.0,-1.0
2025-08,automoveis,FIAT/PULSE,29380,29381.0,-1.0
2025-08,automoveis,HONDA/HR-V,40113,40114.0,-1.0
2025-08,automoveis,HYUNDAI/CRETA,45680,45681.0,-1.0
2025-08,automoveis,JEEP/COMPASS,37182,37183.0,-1.0
2025-08,automoveis,JEEP/RENEGADE,27604,27605.0,-1.0
2025-09,automoveis,VW/NIVUS,37102,37103.0,-1.0
2025-09,automoveis,VW/POLO,93707,93708.0,-1.0
2025-09,automoveis,VW/T CROSS,65987,65988.0,-1.0
2025-09,automoveis,VW/TAOS,11300,11301.0,-1.0
2025-09,automoveis,VW/TERA,17760,17761.0,-1.0
2025-09,comerciais_leves,GM/S10,21559,21560.0,-1.0
2025-09,comerciais_leves,RAM/RAMPAGE,17605,17606.0,-1.0
2025-09,comerciais_leves,TOYOTA/HILUX,36155,36156.0,-1.0
2025-09,automoveis,FIAT/PULSE,33135,33136.0,-1.0
2025-09,automoveis,GM/ONIX,54931,54932.0,-1.0
2025-09,automoveis,GWM/HAVAL H6,21999,22000.0,-1.0
2025-09,automoveis,HONDA/HR-V,45153,45154.0,-1.0
2025-09,automoveis,HYUNDAI/CRETA,51632,51633.0,-1.0
2025-09,automoveis,HYUNDAI/HB20,58775,58776.0,-1.0
2025-09,automoveis,NISSAN/KICKS,40588,40589.0,-1.0
2025-09,automoveis,TOYOTA/COROLLA CROSS,51973,51974.0,-1.0
2025-08,comerciais_leves,FORD/TRANSIT,1884,1883.0,1.0
2025-08,comerciais_leves,RAM/RAMPAGE,15353,15354.0,-1.0
2025-08,comerciais_leves,RENAULT/MASTER,10315,10316.0,-1.0
2025-08,comerciais_leves,TOYOTA/HILUX,32090,32091.0,-1.0
2025-09,automoveis,BYD/KING,9301,9302.0,-1.0
2025-09,automoveis,BYD/YUAN,4552,4553.0,-1.0
2025-09,automoveis,FIAT/ARGO,74011,74012.0,-1.0
2025-09,automoveis,FIAT/FASTBACK,41748,41749.0,-1.0
2015-10,automoveis,HONDA/CIVIC,27405,27406.0,-1.0
2015-10,automoveis,HONDA/FIT,35981,35982.0,-1.0
2015-10,automoveis,M.BENZ/CLASSE GLA,3990,3991.0,-1.0
2015-10,automoveis,NISSAN/VERSA,13077,13078.0,-1.0
2015-10,automoveis,RENAULT/DUSTER,28724,28725.0,-1.0
2015-10,automoveis,VW/FOX/CROSS FOX,68873,68874.0,-1.0
2015-10,automoveis,VW/GOLF VARIANT,678,679.0,-1.0
2015-10,automoveis,VW/JETTA,7970,7969.0,1.0
2025-11,automoveis,FIAT/ARGO,92376,92377.0,-1.0
2025-11,automoveis,HYUNDAI/HB20S,33644,33645.0,-1.0
2025-11,automoveis,JEEP/COMMANDER,15232,15233.0,-1.0
2025-11,automoveis,JEEP/COMPASS,54616,54617.0,-1.0
2025-11,automoveis,KIA/CARNIVAL,246,247.0,-1.0
2025-11,automoveis,OMODA JAECOO/JAECOO 7,3923,3924.0,-1.0
2025-11,automoveis,TOYOTA/COROLLA CROSS,57046,57047.0,-1.0
2025-11,automoveis,TOYOTA/HILUX SW4,15143,15144.0,-1.0
2025-10,automoveis,VW/VIRTUS,31268,31269.0,-1.0
2025-10,comerciais_leves,FIAT/STRADA,115338,115339.0,-1.0
2025-10,comerciais_leves,FIAT/TORO,41586,41587.0,-1.0
2025-10,comerciais_leves,RENAULT/MASTER,13308,13309.0,-1.0
2025-10,comerciais_leves,VW/SAVEIRO,54790,54791.0,-1.0
2025-11,automoveis,BYD/KING,11448,11449.0,-1.0
2025-11,automoveis,BYD/SEAL,2872,2873.0,-1.0
2025-11,automoveis,CAOA CHERY/TIGGO 5X,13107,13108.0,-1.0
2025-10,automoveis,GWM/ORA 03,2651,2652.0,-1.0
2025-10,automoveis,HYUNDAI/HB20,68461,68462.0,-1.0
2025-10,automoveis,JEEP/RENEGADE,36413,36414.0,-1.0
2025-10,automoveis,OMODA JAECOO/JAECOO 7,3360,3361.0,-1.0
2025-10,automoveis,RENAULT/KARDIAN,17091,17092.0,-1.0
2025-10,automoveis,RENAULT/KWID,45884,45885.0,-1.0
2025-10,automoveis,VOLVO/XC60,2787,2788.0,-1.0
2025-10,automoveis,VW/TERA,27921,27922.0,-1.0
2025-10,automoveis,BYD/YUAN,5102,5103.0,-1.0
2025-10,automoveis,CAOA CHERY/TIGGO 8,14731,14732.0,-1.0
2025-10,automoveis,CITROEN/BASALT,15408,15409.0,-1.0
2025-10,automoveis,FIAT/ARGO,83991,83992.0,-1.0
2025-10,automoveis,FIAT/FASTBACK,47413,47414.0,-1.0
2025-10,automoveis,FIAT/PULSE,37099,37100.0,-1.0
2025-10,automoveis,GM/TRACKER,50098,50099.0,-1.0
2025-10,automoveis,GWM/HAVAL H6,25373,25374.0,-1.0
2026-02,automoveis,LEAPMOTOR/C10,745,746.0,-1.0
2026-02,automoveis,TOYOTA/HILUX SW4,2261,2262.0,-1.0
2026-02,comerciais_leves,FORD/RANGER,4392,4393.0,-1.0
2026-02,comerciais_leves,RENAULT/MASTER,1620,1621.0,-1.0
2026-03,automoveis,BYD/DOLPHIN MINI,14765,14766.0,-1.0
2026-03,automoveis,BYD/KING,3020,3021.0,-1.0
2026-03,automoveis,GWM/HAVAL H6,9181,9182.0,-1.0
2026-03,automoveis,HYUNDAI/CRETA,16146,16147.0,-1.0
2025-12,comerciais_leves,RAM/RAMPAGE,26135,26136.0,-1.0
2026-02,automoveis,BYD/DOLPHIN,2703,2704.0,-1.0
2026-02,automoveis,BYD/DOLPHIN MINI,7713,7714.0,-1.0
2026-02,automoveis,GM/ONIX,11397,11398.0,-1.0
2026-02,automoveis,GWM/HAVAL H6,5864,5865.0,-1.0
2026-02,automoveis,HONDA/WR-V,4441,4442.0,-1.0
2026-02,automoveis,HYUNDAI/CRETA,9473,9474.0,-1.0
2026-02,automoveis,HYUNDAI/HB20,9188,9189.0,-1.0
2025-12,automoveis,HONDA/HR-V,61227,61228.0,-1.0
2025-12,automoveis,HYUNDAI/CRETA,76156,76157.0,-1.0
2025-12,automoveis,JEEP/COMMANDER,17786,17787.0,-1.0
2025-12,automoveis,JEEP/COMPASS,61255,61256.0,-1.0
2025-12,automoveis,NISSAN/VERSA,9261,9262.0,-1.0
2025-12,automoveis,OMODA JAECOO/JAECOO 7,4919,4920.0,-1.0
2025-12,automoveis,VW/VIRTUS,36977,36978.0,-1.0
2025-12,comerciais_leves,MITSUBISHI/TRITON,11719,11720.0,-1.0
2025-11,comerciais_leves,FORD/RANGER,30792,30793.0,-1.0
2025-11,comerciais_leves,GM/S10,27868,27869.0,-1.0
2025-12,automoveis,BYD/DOLPHIN,15216,15217.0,-1.0
2025-12,automoveis,BYD/YUAN,6019,6020.0,-1.0
2025-12,automoveis,CAOA CHERY/TIGGO 7,38438,38439.0,-1.0
2025-12,automoveis,FIAT/CRONOS,26549,26550.0,-1.0
2025-12,automoveis,FIAT/MOBI,73011,73012.0,-1.0
2025-12,automoveis,GM/TRACKER,60867,60868.0,-1.0
2015-08,automoveis,MITSUBISHI/PAJERO,3933,3934.0,-1.0
2015-08,automoveis,NISSAN/MARCH,16026,16027.0,-1.0
2015-08,automoveis,RENAULT/LOGAN,22331,22332.0,-1.0
2015-08,automoveis,TOYOTA/ETIOS SEDAN,17316,17317.0,-1.0
2015-08,automoveis,VW/GOL,57986,57987.0,-1.0
2015-08,automoveis,VW/UP,37118,37119.0,-1.0
2015-08,comerciais_leves,FIAT/DUCATO,5191,5192.0,-1.0
2015-08,comerciais_leves,FORD/RANGER,12707,12708.0,-1.0
2015-08,automoveis,FORD/NEW FIESTA,5673,5674.0,-1.0
2015-08,automoveis,GM/COBALT,16284,16285.0,-1.0
2015-08,automoveis,GM/PRISMA,45119,45120.0,-1.0
2015-08,automoveis,HONDA/CIVIC,23258,23259.0,-1.0
2015-08,automoveis,HONDA/FIT,29343,29344.0,-1.0
2015-08,automoveis,JAC/J3 TURIN,813,814.0,-1.0
2015-08,automoveis,LAND ROVER/RANGE ROVER,720,719.0,1.0
2015-08,automoveis,MITSUBISHI/ASX,7032,7033.0,-1.0
2015-07,automoveis,TOYOTA/ETIOS HB,20749,20750.0,-1.0
2015-07,automoveis,VW/GOL,52133,52134.0,-1.0
2015-07,comerciais_leves,MITSUBISHI/L200,9260,9261.0,-1.0
2015-07,comerciais_leves,VW/SAVEIRO,38081,38082.0,-1.0
2015-08,automoveis,CITROEN/C3 PICASSO,1165,1166.0,-1.0
2015-08,automoveis,FIAT/PALIO,83326,83327.0,-1.0
2015-08,automoveis,FIAT/SIENA,42161,42162.0,-1.0
2015-08,automoveis,FORD/KA SEDAN,24539,24540.0,-1.0
2026-03,automoveis,JEEP/COMMANDER,4055,4056.0,-1.0
2026-03,automoveis,OMODA JAECOO/JAECOO 7,1592,1593.0,-1.0
2015-07,automoveis,GM/CLASSIC,20674,20675.0,-1.0
2015-07,automoveis,GM/SPIN,16355,16356.0,-1.0
2015-07,automoveis,HONDA/CITY,16285,16286.0,-1.0
2015-07,automoveis,MITSUBISHI/PAJERO,3616,3617.0,-1.0
2015-07,automoveis,RENAULT/DUSTER,19969,19970.0,-1.0
2015-07,automoveis,TOYOTA/COROLLA,38082,38083.0,-1.0
2026-05,automoveis,BMW/320I,1446,1447.0,-1.0
2026-05,automoveis,BYD/YUAN,2960,2961.0,-1.0
2026-05,automoveis,GM/ONIX,37137,37138.0,-1.0
2026-05,automoveis,GM/TRACKER,24733,24734.0,-1.0
2026-05,automoveis,JEEP/COMMANDER,6670,6671.0,-1.0
2026-05,automoveis,NISSAN/VERSA,3111,3112.0,-1.0
2026-05,automoveis,OMODA JAECOO/OMODA 5,7258,7259.0,-1.0
2026-05,automoveis,RENAULT/DUSTER,5240,5241.0,-1.0
2026-04,automoveis,HONDA/HR-V,13793,13794.0,-1.0
2026-04,automoveis,HYUNDAI/HB20,23664,23665.0,-1.0
2026-04,automoveis,LEAPMOTOR/C10,1702,1703.0,-1.0
2026-04,automoveis,RENAULT/BOREAL,3531,3532.0,-1.0
2026-04,automoveis,TOYOTA/YARIS CROSS,8098,8099.0,-1.0
2026-04,automoveis,VW/NIVUS,18158,18159.0,-1.0
2026-04,automoveis,VW/TERA,24557,24558.0,-1.0
2026-04,comerciais_leves,RENAULT/KANGOO,957,958.0,-1.0
2026-03,comerciais_leves,TOYOTA/HILUX,11419,11420.0,-1.0
2026-03,comerciais_leves,VW/SAVEIRO,10565,10566.0,-1.0
2026-04,automoveis,BYD/YUAN,2388,2389.0,-1.0
2026-04,automoveis,CAOA CHERY/TIGGO 5X,9442,9443.0,-1.0
2026-04,automoveis,FIAT/PULSE,15803,15804.0,-1.0
2026-04,automoveis,GM/ONIX,29425,29426.0,-1.0
2026-04,automoveis,GWM/HAVAL H6,11868,11869.0,-1.0
2026-04,automoveis,HONDA/CITY HATCH,3930,3931.0,-1.0
2026-03,automoveis,OMODA JAECOO/OMODA 5,3825,3826.0,-1.0
2026-03,automoveis,RENAULT/KARDIAN,3720,3721.0,-1.0
2026-03,automoveis,RENAULT/KWID,14260,14261.0,-1.0
2026-03,automoveis,TOYOTA/COROLLA,6447,6448.0,-1.0
2026-03,comerciais_leves,FIAT/STRADA,38435,38436.0,-1.0
2026-03,comerciais_leves,FORD/RANGER,7389,7390.0,-1.0
2026-03,comerciais_leves,MITSUBISHI/TRITON,2317,2318.0,-1.0
2026-03,comerciais_leves,RAM/RAMPAGE,6230,6231.0,-1.0
2026-07,automoveis,BYD/SEAL,804,805.0,-1.0
2026-07,automoveis,FIAT/PULSE,30154,30155.0,-1.0
2026-07,automoveis,FORD/TERRITORY,5666,5667.0,-1.0
2026-07,automoveis,GM/ONIX,54421,54422.0,-1.0
2026-07,automoveis,GM/SPIN,11678,11679.0,-1.0
2026-07,automoveis,HONDA/CITY,8902,8903.0,-1.0
2026-08,comerciais_leves,FORD/RANGER,23499,23500.0,-1.0
2026-07,comerciais_leves,GM/MONTANA,10214,10215.0,-1.0
2026-06,automoveis,TOYOTA/YARIS CROSS,15633,15634.0,-1.0
2026-06,automoveis,VW/POLO,54091,54092.0,-1.0
2026-06,automoveis,VW/TAOS,7675,7676.0,-1.0
2026-06,automoveis,VW/VIRTUS,16448,16449.0,-1.0
2026-06,comerciais_leves,FIAT/TITANO,2745,2746.0,-1.0
2026-06,comerciais_leves,FORD/MAVERICK,2226,2227.0,-1.0
2026-06,comerciais_leves,FORD/RANGER,16970,16971.0,-1.0
2026-06,comerciais_leves,RAM/RAMPAGE,12011,12012.0,-1.0
2015-07,automoveis,FORD/NEW FIESTA,4896,4897.0,-1.0
2026-06,automoveis,GEELY/EX5,3362,3363.0,-1.0
2026-06,automoveis,GWM/HAVAL H6,20138,20139.0,-1.0
2026-06,automoveis,GWM/ORA 03,1836,1837.0,-1.0
2026-06,automoveis,GWM/TANK 300,2869,2870.0,-1.0
2026-06,automoveis,JEEP/COMPASS,27038,27039.0,-1.0
2026-06,automoveis,TOYOTA/COROLLA CROSS,18621,18622.0,-1.0
2026-06,automoveis,TOYOTA/HILUX SW4,6780,6781.0,-1.0
2015-06,comerciais_leves,GM/S10,19023,19024.0,-1.0
2015-06,comerciais_leves,RENAULT/MASTER,4561,4562.0,-1.0
2015-06,comerciais_leves,VW/SAVEIRO,32398,32399.0,-1.0
2015-07,automoveis,FIAT/PALIO,74068,74069.0,-1.0
2015-07,automoveis,FIAT/SIENA,37172,37173.0,-1.0
2015-07,automoveis,FORD/EDGE,850,851.0,-1.0
2015-07,automoveis,FORD/FOCUS SEDAN,4600,4601.0,-1.0
2015-07,automoveis,FORD/KA,55268,55269.0,-1.0
2018-10,automoveis,GM/CRUZE SEDAN,16271,16272.0,-1.0
2018-10,automoveis,GM/ONIX,168540,168541.0,-1.0
2018-10,automoveis,HONDA/CIVIC,21766,21767.0,-1.0
2018-10,automoveis,HONDA/HR-V,40936,40937.0,-1.0
2018-10,automoveis,HONDA/WR-V,12263,12264.0,-1.0
2018-10,automoveis,NISSAN/KICKS,38447,38448.0,-1.0
2018-10,automoveis,RENAULT/KWID,52578,52579.0,-1.0
2018-10,automoveis,TOYOTA/HILUX SW4,11020,11021.0,-1.0
2018-09,automoveis,VOLVO/XC40,1401,1402.0,-1.0
2018-09,automoveis,VW/VIRTUS,29281,29282.0,-1.0
2018-09,comerciais_leves,FIAT/FIORINO,9200,9201.0,-1.0
2018-09,comerciais_leves,FIAT/STRADA,49075,49076.0,-1.0
2018-09,comerciais_leves,FIAT/TORO,43034,43035.0,-1.0
2018-10,automoveis,FIAT/CRONOS,24276,24277.0,-1.0
2018-10,automoveis,FORD/FOCUS SEDAN,3862,3863.0,-1.0
2018-10,automoveis,FORD/KA,85918,85919.0,-1.0
2026-08,automoveis,JEEP/COMMANDER,10589,10590.0,-1.0
2026-08,automoveis,OMODA JAECOO/JAECOO 7,11769,11770.0,-1.0
2026-08,automoveis,OMODA JAECOO/OMODA 5,15081,15082.0,-1.0
2026-08,automoveis,VW/NIVUS,35493,35494.0,-1.0
2026-08,automoveis,VW/T CROSS,61932,61933.0,-1.0
2026-08,comerciais_leves,FIAT/DUCATO,2767,2766.0,1.0
2018-09,automoveis,PEUGEOT/208,5718,5719.0,-1.0
2018-09,automoveis,TOYOTA/YARIS HB,10119,10120.0,-1.0
2026-08,automoveis,BYD/KING,11233,11234.0,-1.0
2026-08,automoveis,BYD/SONG,45075,45076.0,-1.0
2026-08,automoveis,FIAT/ARGO,63451,63452.0,-1.0
2026-08,automoveis,FORD/TERRITORY,6440,6441.0,-1.0
2026-08,automoveis,GEELY/EX2,26481,26482.0,-1.0
2026-08,automoveis,GM/ONIX,62055,62056.0,-1.0
2026-08,automoveis,GM/TRACKER,40130,40131.0,-1.0
2026-08,automoveis,HYUNDAI/CRETA,49158,49159.0,-1.0
