ano_pbe,pagina,marca_pbe,modelo_versao,linha_acima,casou_por,tipo_propulsao,marcador_nome,combustivel,valor_taxonomia,regra_mapeamento,marca,modelo,segmento
2009,1,CHEVROLET,CELTA 2P SPIRIT,"10,0 14,5 12,8 17,8",nome,,,F,flex,25,GM,CELTA,automoveis
2009,1,CHEVROLET,CELTA 4P SPIRIT,"10,0 14,5 12,8 17,8",nome,,,F,flex,25,GM,CELTA,automoveis
2009,1,CHEVROLET,CELTA 4P SPIRIT,"9,6 14,2 12,8 19,1",nome,,,F,flex,25,GM,CELTA,automoveis
2009,1,FIAT,PALIO 2P NOVO ELX,"8,8 13,0 10,8 16,0",nome,,,F,flex,25,FIAT,PALIO,automoveis
2009,1,FIAT,PALIO 4P NOVO ELX,"8,8 13,0 10,8 16,0",nome,,,F,flex,25,FIAT,PALIO,automoveis
2009,2,FIAT,PALIO 2P NOVO,"7,7 11,2 10,1 15,0",nome,,,F,flex,25,FIAT,PALIO,automoveis
2009,2,FIAT,PALIO 4P NOVO,"7,7 11,2 10,1 15,0",nome,,,F,flex,25,FIAT,PALIO,automoveis
2009,2,KIA,PICANTO,"EX3 16,2 21,0",nome,,,G,gasolina,24,KIA,PICANTO,automoveis
2009,2,KIA,PICANTO,"EX3 15,8 20,8",nome,,,G,gasolina,24,KIA,PICANTO,automoveis
2009,3,CHEVROLET,CLASSIC SPIRIT,"8,7 13,0 12,0 18,0",nome,,,F,flex,25,GM,CLASSIC,automoveis
2009,3,CHEVROLET,CORSA MAXX,"8,6 13,0 11,7 18,0",nome,,,F,flex,25,GM,CORSA,automoveis
2009,3,CHEVROLET,CORSA MAXX,"8,6 13,0 11,7 18,0",nome,,,F,flex,25,GM,CORSA,comerciais_leves
2009,3,CHEVROLET,PRISMA,"JOY 9,7 14,4 12,8 18,4",nome,,,F,flex,25,GM,PRISMA,automoveis
2009,3,CHEVROLET,PRISMA,"JOY 9,0 13,4 12,4 18,6",nome,,,F,flex,25,GM,PRISMA,automoveis
2009,3,FIAT,IDEA ELX,"8,1 11,8 10,8 15,7",nome,,,F,flex,25,FIAT,IDEA,automoveis
2009,3,FIAT,PUNTO,"8,9 13,2 11,2 17,0",nome,,,F,flex,25,FIAT,PUNTO,automoveis
2009,4,FIAT,SIENA NOVO HLX,"7,8 11,7 10,3 15,6",nome,,,F,flex,25,FIAT,SIENA,automoveis
2009,4,HONDA,FIT,"LX 9,8 14,8 12,3 18,6",nome,,,F,flex,25,HONDA,FIT,automoveis
2009,4,HONDA,FIT,"LX 9,2 14,0 11,8 18,2",nome,,,F,flex,25,HONDA,FIT,automoveis
2009,4,HONDA,FIT,"EX 9,2 13,7 11,6 17,3",nome,,,F,flex,25,HONDA,FIT,automoveis
2009,4,HONDA,FIT,"EX 9,0 13,5 12,0 17,6",nome,,,F,flex,25,HONDA,FIT,automoveis
2009,4,VOLKSWAGEN,GOL,"9,5 13,9 13,5 19,9",nome,,,F,flex,25,VW,GOL,automoveis
2009,4,VOLKSWAGEN,GOL,"9,5 13,9 13,5 19,9",nome,,,F,flex,25,VW,GOL,comerciais_leves
2009,4,VOLKSWAGEN,GOL,"1.6 L 9,1 13,4 13,2 19,3",nome,,,F,flex,25,VW,GOL,automoveis
2009,4,VOLKSWAGEN,GOL,"1.6 L 9,1 13,4 13,2 19,3",nome,,,F,flex,25,VW,GOL,comerciais_leves
2009,5,VOLKSWAGEN,POLO BLUEMOTION,"9,5 13,8 14,9 21,2",nome,,,F,flex,25,VW,POLO,automoveis
2009,6,HONDA,CIVIC LXS,"8,3 12,3 11,8 17,5",nome,,,F,flex,25,HONDA,CIVIC,automoveis
2009,6,HONDA,CIVIC,"LXS 8,2 12,0 12,8 18,6",nome,,,F,flex,25,HONDA,CIVIC,automoveis
2009,6,VOLKSWAGEN,VOYAGE,"9,5 13,9 13,5 19,9",nome,,,F,flex,25,VW,VOYAGE,automoveis
2009,6,VOLKSWAGEN,VOYAGE,"9,1 13,4 13,2 19,3",nome,,,F,flex,25,VW,VOYAGE,automoveis
2009,7,FIAT,LINEA T-JET,"11,5 14,3",nome,,,G,gasolina,24,FIAT,LINEA,automoveis
2009,8,FIAT,STRADA NOVA TREKKING,"13,2 15,7",nome,,,F,flex,25,FIAT,STRADA,comerciais_leves
2010,1,FIAT,PALIO ELX 2P,,nome,,,F,flex,25,FIAT,PALIO,automoveis
2010,1,FIAT,PALIO ELX 4P,,nome,,,F,flex,25,FIAT,PALIO,automoveis
2010,1,FIAT,PALIO ELX,,nome,,,F,flex,25,FIAT,PALIO,automoveis
2010,1,FIAT,500 SPORT,,nome,,,G,gasolina,24,FIAT,500,automoveis
2010,1,KIA,PICANTO,EX3,nome,,,G,gasolina,24,KIA,PICANTO,automoveis
2010,1,KIA,PICANTO,EX3,nome,,,G,gasolina,24,KIA,PICANTO,automoveis
2010,1,RENAULT,CLIO CAMPUS 3P,LX3,nome,,,F,flex,25,RENAULT,CLIO,automoveis
2010,1,RENAULT,CLIO CAMPUS 5P,,nome,,,F,flex,25,RENAULT,CLIO,automoveis
2010,2,FIAT,IDEA ELX,NAO (N) (KM/L) (KM/L) (KM/L) (KM/L),nome,,,F,flex,25,FIAT,IDEA,automoveis
2010,2,FIAT,IDEA ELX,,nome,,,F,flex,25,FIAT,IDEA,automoveis
2010,2,FIAT,PUNTO ELX,,nome,,,F,flex,25,FIAT,PUNTO,automoveis
2010,2,FIAT,SIENA FIRE,,nome,,,F,flex,25,FIAT,SIENA,automoveis
2010,2,FIAT,SIENA,EL,nome,,,F,flex,25,FIAT,SIENA,automoveis
2010,2,FIAT,SIENA ELX,ELX,nome,,,F,flex,25,FIAT,SIENA,automoveis
2010,2,FIAT,SIENA TETRAFUEL,"F 6,4 9,5 7,5 10,7",nome,,,E,,,FIAT,SIENA,automoveis
2010,2,FIAT,SIENA HLX,"GNV (KM/M3) 10,7 13,2",nome,,,F,flex,25,FIAT,SIENA,automoveis
2010,2,HONDA,FIT,LX,nome,,,F,flex,25,HONDA,FIT,automoveis
2010,2,HONDA,FIT,LX,nome,,,F,flex,25,HONDA,FIT,automoveis
2010,2,HONDA,FIT,EX,nome,,,F,flex,25,HONDA,FIT,automoveis
2010,2,HONDA,FIT,EX,nome,,,F,flex,25,HONDA,FIT,automoveis
2010,3,VOLKSWAGEN,GOL G4,NAO (N) (KM/L) (KM/L) (KM/L) (KM/L),nome,,,F,flex,25,VW,GOL,automoveis
2010,3,VOLKSWAGEN,GOL G4,NAO (N) (KM/L) (KM/L) (KM/L) (KM/L),nome,,,F,flex,25,VW,GOL,comerciais_leves
2010,3,VOLKSWAGEN,GOL,,nome,,,F,flex,25,VW,GOL,automoveis
2010,3,VOLKSWAGEN,GOL,,nome,,,F,flex,25,VW,GOL,comerciais_leves
2010,3,VOLKSWAGEN,GOL,1.6 L,nome,,,F,flex,25,VW,GOL,automoveis
2010,3,VOLKSWAGEN,GOL,1.6 L,nome,,,F,flex,25,VW,GOL,comerciais_leves
2010,3,VOLKSWAGEN,GOL I-MOTION,POWER,nome,,,F,flex,25,VW,GOL,automoveis
2010,3,VOLKSWAGEN,GOL I-MOTION,POWER,nome,,,F,flex,25,VW,GOL,comerciais_leves
2010,3,VOLKSWAGEN,POLO BLUEMOTION,,nome,,,F,flex,25,VW,POLO,automoveis
2010,4,FIAT,PALIO WEEKEND ELX,NAO (N) (KM/L) (KM/L) (KM/L) (KM/L),nome,,,F,flex,25,FIAT,PALIO WEEKEND,automoveis
2010,4,FIAT,PALIO WEEKEND TREKKING,,nome,,,F,flex,25,FIAT,PALIO WEEKEND,automoveis
2010,4,FIAT,STILO DUALOGIC,,nome,,,F,flex,25,FIAT,STILO,automoveis
2010,4,HONDA,CITY EX,LX,nome,,,F,flex,25,HONDA,CITY,automoveis
2010,4,HONDA,CITY EX,LX,nome,,,F,flex,25,HONDA,CITY,automoveis
2010,4,KIA,SOUL,EX,nome,,,G,gasolina,24,KIA,SOUL,automoveis
2010,4,KIA,SOUL,EX,nome,,,G,gasolina,24,KIA,SOUL,automoveis
2010,4,RENAULT,SYMBOL,EXPRESSION,nome,,,F,flex,25,RENAULT,SYMBOL,automoveis
2010,4,RENAULT,LOGAN,AUTHENTIQUE,nome,,,F,flex,25,RENAULT,LOGAN,automoveis
2010,5,RENAULT,SANDERO,AUTHENTIQUE,nome,,,F,flex,25,RENAULT,SANDERO,automoveis
2010,5,VOLKSWAGEN,VOYAGE,EXPRESSION,nome,,,F,flex,25,VW,VOYAGE,automoveis
2010,5,VOLKSWAGEN,VOYAGE TREND,1.6 L,nome,,,F,flex,25,VW,VOYAGE,automoveis
2010,5,VOLKSWAGEN,VOYAGE I-MOTION,COMFORTLINE,nome,,,F,flex,25,VW,VOYAGE,automoveis
2010,6,FIAT,LINEA T-JET TURBO,NAO (N) (KM/L) (KM/L) (KM/L) (KM/L),nome,,,G,gasolina,24,FIAT,LINEA,automoveis
2010,6,HONDA,CIVIC,LXS,nome,,,F,flex,25,HONDA,CIVIC,automoveis
2010,6,HONDA,CIVIC LXL,LXS,nome,,,F,flex,25,HONDA,CIVIC,automoveis
2010,6,KIA,CARENS,EX2,nome,,,G,gasolina,24,KIA,CARENS,automoveis
2010,6,KIA,CERATO LX2,EX2,nome,,,G,gasolina,24,KIA,CERATO,automoveis
2010,6,KIA,CERATO LX2,EX2,nome,,,G,gasolina,24,KIA,CERATO,automoveis
2010,6,RENAULT,,MEGANE EXPRESSION,linha_acima,,,F,flex,25,RENAULT,MEGANE,automoveis
2010,7,RENAULT,,MEGANE EXPRESSION,linha_acima,,,F,flex,25,RENAULT,MEGANE,automoveis
2010,7,TOYOTA,COROLLA GLI,XEI,nome,,,F,flex,25,TOYOTA,COROLLA,automoveis
2010,7,TOYOTA,COROLLA XEI,SEG,nome,,,F,flex,25,TOYOTA,COROLLA,automoveis
2010,7,VOLKSWAGEN,JETTA -,GLI,nome,,,G,gasolina,24,VW,JETTA,automoveis
2010,7,VOLKSWAGEN,PASSAT,,nome,,,G,gasolina,24,VW,PASSAT,automoveis
2010,8,FIAT,FIORINO FURGAO,NAO (N) (KM/L) (KM/L) (KM/L) (KM/L),nome,,,F,flex,25,FIAT,FIORINO,comerciais_leves
2010,8,FIAT,STRADA FIRE,,nome,,,F,flex,25,FIAT,STRADA,comerciais_leves
2010,8,FIAT,STRADA FIRE CE,,nome,,,F,flex,25,FIAT,STRADA,comerciais_leves
2010,8,FIAT,STRADA TREKKING,,nome,,,F,flex,25,FIAT,STRADA,comerciais_leves
2010,8,FIAT,STRADA TREKKING CE,,nome,,,F,flex,25,FIAT,STRADA,comerciais_leves
2010,8,FIAT,STRADA TREKKING,,nome,,,F,flex,25,FIAT,STRADA,comerciais_leves
2010,8,FIAT,STRADA TREKKING CE,,nome,,,F,flex,25,FIAT,STRADA,comerciais_leves
2010,8,VOLKSWAGEN,SAVEIRO,CS,nome,,,F,flex,25,VW,SAVEIRO,comerciais_leves
2010,8,VOLKSWAGEN,SAVEIRO,CE,nome,,,F,flex,25,VW,SAVEIRO,comerciais_leves
2010,9,VOLKSWAGEN,KOMBI,STANDARD,nome,,,F,flex,25,VW,KOMBI,comerciais_leves
2010,10,KIA,SORENTO,EX2 G17,nome,,,G,gasolina,24,KIA,SORENTO,automoveis
2010,10,KIA,SORENTO,EX2 G17,nome,,,G,gasolina,24,KIA,SORENTO,automoveis
2010,10,TOYOTA,RAV4 -,LX2 G17,nome,,,G,gasolina,24,TOYOTA,RAV4,automoveis
2011,1,FIAT,UNO MILLE FIRE ECONOMY 2P,NAO (N) (KM/L) (KM/L) (KM/L) (KM/L),nome,,,F,flex,25,FIAT,UNO,automoveis
2011,1,FIAT,UNO MILLE FIRE ECONOMY 2P,NAO (N) (KM/L) (KM/L) (KM/L) (KM/L),nome,,,F,flex,25,FIAT,UNO,comerciais_leves
2011,1,FIAT,UNO MILLE FIRE ECONOMY 4P,,nome,,,F,flex,25,FIAT,UNO,automoveis
2011,1,FIAT,UNO MILLE FIRE ECONOMY 4P,,nome,,,F,flex,25,FIAT,UNO,comerciais_leves
2011,1,FIAT,UNO MILLE WAY ECONOMY 2P,,nome,,,F,flex,25,FIAT,UNO,automoveis
2011,1,FIAT,UNO MILLE WAY ECONOMY 2P,,nome,,,F,flex,25,FIAT,UNO,comerciais_leves
2011,1,FIAT,UNO MILLE WAY ECONOMY 4P,,nome,,,F,flex,25,FIAT,UNO,automoveis
2011,1,FIAT,UNO MILLE WAY ECONOMY 4P,,nome,,,F,flex,25,FIAT,UNO,comerciais_leves
2011,1,FIAT,NOVO UNO VIVACE EVO,,nome,,,F,flex,25,FIAT,UNO,automoveis
2011,1,FIAT,NOVO UNO VIVACE EVO,,nome,,,F,flex,25,FIAT,UNO,comerciais_leves
2011,1,FIAT,NOVO UNO WAY EVO,,nome,,,F,flex,25,FIAT,UNO,automoveis
2011,1,FIAT,NOVO UNO WAY EVO,,nome,,,F,flex,25,FIAT,UNO,comerciais_leves
2011,1,FIAT,NOVO UNO ATTRACTIVE EVO,,nome,,,F,flex,25,FIAT,UNO,automoveis
2011,1,FIAT,NOVO UNO ATTRACTIVE EVO,,nome,,,F,flex,25,FIAT,UNO,comerciais_leves
2011,1,FIAT,NOVO UNO WAY EVO,,nome,,,F,flex,25,FIAT,UNO,automoveis
2011,1,FIAT,NOVO UNO WAY EVO,,nome,,,F,flex,25,FIAT,UNO,comerciais_leves
2011,1,FIAT,PALIO FIRE ECONOMY 2P,,nome,,,F,flex,25,FIAT,PALIO,automoveis
2011,1,FIAT,PALIO FIRE ECONOMY 4P,,nome,,,F,flex,25,FIAT,PALIO,automoveis
2011,1,FIAT,PALIO ELX FLEX 2P,,nome,,,F,flex,25,FIAT,PALIO,automoveis
2011,1,FIAT,PALIO ELX FLEX 4P,,nome,,,F,flex,25,FIAT,PALIO,automoveis
2011,1,FIAT,PALIO ATTRACTIVE,,nome,,,F,flex,25,FIAT,PALIO,automoveis
2011,1,FIAT,500 SPORT,,nome,,,G,gasolina,24,FIAT,500,automoveis
2011,1,FORD,KA -,,nome,,,F,flex,25,FORD,KA,automoveis
2011,2,KIA,PICANTO,EX3,nome,,,G,gasolina,24,KIA,PICANTO,automoveis
2011,2,KIA,PICANTO,EX3,nome,,,G,gasolina,24,KIA,PICANTO,automoveis
2011,2,PEUGEOT,207 HATCH *,XS *,nome,,,F,flex,25,PEUGEOT,207,automoveis
2011,2,RENAULT,CLIO CAMPUS 3P,WINGS,nome,,,F,flex,25,RENAULT,CLIO,automoveis
2011,2,RENAULT,CLIO CAMPUS 5P,,nome,,,F,flex,25,RENAULT,CLIO,automoveis
2011,3,FIAT,SIENA FIRE,NAO (N) (KM/L) (KM/L) (KM/L) (KM/L),nome,,,F,flex,25,FIAT,SIENA,automoveis
2011,3,FIAT,SIENA EL FLEX,,nome,,,F,flex,25,FIAT,SIENA,automoveis
2011,3,FIAT,SIENA ATTRACTIVE,,nome,,,F,flex,25,FIAT,SIENA,automoveis
2011,3,FORD,FIESTA ROCAM -,,nome,,,F,flex,25,FORD,FIESTA,automoveis
2011,4,RENAULT,SANDERO,AUTHENTIQUE,nome,,,F,flex,25,RENAULT,SANDERO,automoveis
2011,4,VOLKSWAGEN,GOL G4,EXPRESSION,nome,,,F,flex,25,VW,GOL,automoveis
2011,4,VOLKSWAGEN,GOL G4,EXPRESSION,nome,,,F,flex,25,VW,GOL,comerciais_leves
2011,4,VOLKSWAGEN,GOL ECOMOTION,,nome,,,F,flex,25,VW,GOL,automoveis
2011,4,VOLKSWAGEN,GOL ECOMOTION,,nome,,,F,flex,25,VW,GOL,comerciais_leves
2011,4,VOLKSWAGEN,GOL,,nome,,,F,flex,25,VW,GOL,automoveis
2011,4,VOLKSWAGEN,GOL,,nome,,,F,flex,25,VW,GOL,comerciais_leves
2011,4,VOLKSWAGEN,GOL POWER,1.6 L,nome,,,F,flex,25,VW,GOL,automoveis
2011,4,VOLKSWAGEN,GOL POWER,1.6 L,nome,,,F,flex,25,VW,GOL,comerciais_leves
2011,4,VOLKSWAGEN,GOL POWER I-MOTION,I-MOTION,nome,,,F,flex,25,VW,GOL,automoveis
2011,4,VOLKSWAGEN,GOL POWER I-MOTION,I-MOTION,nome,,,F,flex,25,VW,GOL,comerciais_leves
2011,4,VOLKSWAGEN,POLO BLUEMOTION,RALLYE I-MOTION,nome,,,F,flex,25,VW,POLO,automoveis
2011,4,VOLKSWAGEN,POLO,1.6 L,nome,,,F,flex,25,VW,POLO,automoveis
2011,5,FORD,NEW FIESTA SE,NAO (N) (KM/L) (KM/L) (KM/L) (KM/L),nome,,,F,flex,25,FORD,NEW FIESTA,automoveis
2011,5,KIA,SOUL,EX,nome,,,G,gasolina,24,KIA,SOUL,automoveis
2011,5,KIA,SOUL,EX,nome,,,G,gasolina,24,KIA,SOUL,automoveis
2011,5,RENAULT,LOGAN,AUTHENTIQUE,nome,,,F,flex,25,RENAULT,LOGAN,automoveis
2011,5,RENAULT,SYMBOL,EXPRESSION,nome,,,F,flex,25,RENAULT,SYMBOL,automoveis
2011,6,VOLKSWAGEN,VOYAGE,NAO (N) (KM/L) (KM/L) (KM/L) (KM/L),nome,,,F,flex,25,VW,VOYAGE,automoveis
2011,6,VOLKSWAGEN,VOYAGE TREND,1.6 L,nome,,,F,flex,25,VW,VOYAGE,automoveis
2011,6,VOLKSWAGEN,VOYAGE TREND I-MOTION,I-MOTION,nome,,,F,flex,25,VW,VOYAGE,automoveis
2011,6,VOLKSWAGEN,POLO SEDAN,1.6 L,nome,,,F,flex,25,VW,POLO SEDAN,automoveis
2011,7,FORD,FUSION HYBRID,NAO (N) (KM/L) (KM/L) (KM/L) (KM/L),nome,,HYBRID,G,hev,16,FORD,FUSION,automoveis
2011,7,FORD,FUSION HYBRID,NAO (N) (KM/L) (KM/L) (KM/L) (KM/L),nome,,HYBRID,G,hev,16,FORD,FUSION,comerciais_leves
2011,7,FORD,FOCUS HATCH,,nome,,,F,flex,25,FORD,FOCUS,automoveis
2011,7,FORD,FOCUS SEDAN,,nome,,,F,flex,25,FORD,FOCUS SEDAN,automoveis
2011,7,FORD,FOCUS HATCH,,nome,,,F,flex,25,FORD,FOCUS,automoveis
2011,7,FORD,FOCUS SEDAN,,nome,,,F,flex,25,FORD,FOCUS SEDAN,automoveis
2011,7,KIA,CERATO LX3,EX3,nome,,,G,gasolina,24,KIA,CERATO,automoveis
2011,7,KIA,CERATO LX3,EX3,nome,,,G,gasolina,24,KIA,CERATO,automoveis
2011,7,KIA,CARENS,EX2,nome,,,G,gasolina,24,KIA,CARENS,automoveis
2011,8,RENAULT,FLUENCE DYNAMIQUE,EXS,nome,,,F,flex,25,RENAULT,FLUENCE,automoveis
2011,8,RENAULT,,MEGANE EXPRESSION,linha_acima,,,F,flex,25,RENAULT,MEGANE,automoveis
2011,8,TOYOTA,COROLLA,GLI,nome,,,F,flex,25,TOYOTA,COROLLA,automoveis
2011,8,TOYOTA,COROLLA,GLI,nome,,,F,flex,25,TOYOTA,COROLLA,automoveis
2011,8,VOLKSWAGEN,JETTA -,XLI,nome,,,G,gasolina,24,VW,JETTA,automoveis
2011,8,VOLKSWAGEN,PASSAT,,nome,,,G,gasolina,24,VW,PASSAT,automoveis
2011,9,FIAT,FIORINO FURGAO,NAO (N) (KM/L) (KM/L) (KM/L) (KM/L),nome,,,F,flex,25,FIAT,FIORINO,comerciais_leves
2011,9,FIAT,STRADA FIRE FLEX,,nome,,,F,flex,25,FIAT,STRADA,comerciais_leves
2011,9,FIAT,STRADA FIRE CE FLEX,,nome,,,F,flex,25,FIAT,STRADA,comerciais_leves
2011,9,FIAT,STRADA TREKKING FLEX,,nome,,,F,flex,25,FIAT,STRADA,comerciais_leves
2011,9,FIAT,STRADA TREKKING CE FLEX,,nome,,,F,flex,25,FIAT,STRADA,comerciais_leves
2011,9,FIAT,STRADA WORKING CD,,nome,,,F,flex,25,FIAT,STRADA,comerciais_leves
2011,9,FIAT,STRADA ADVENTURE FLEX,,nome,,,F,flex,25,FIAT,STRADA,comerciais_leves
2011,9,FIAT,STRADA ADVENTURE CD,,nome,,,F,flex,25,FIAT,STRADA,comerciais_leves
2011,9,FIAT,STRADA TREKKING CE FLEX,,nome,,,F,flex,25,FIAT,STRADA,comerciais_leves
2011,9,VOLKSWAGEN,SAVEIRO,CS,nome,,,F,flex,25,VW,SAVEIRO,comerciais_leves
2011,9,VOLKSWAGEN,SAVEIRO CE TROOPER,CE,nome,,,F,flex,25,VW,SAVEIRO,comerciais_leves
2011,10,FORD,RANGER CABINE SIMPLES,NAO (N) (KM/L) (KM/L) (KM/L) (KM/L),nome,,,G,gasolina,24,FORD,RANGER,comerciais_leves
2011,10,FORD,RANGER CABINE DUPLA,,nome,,,G,gasolina,24,FORD,RANGER,comerciais_leves
2011,10,VOLKSWAGEN,KOMBI,STANDARD,nome,,,F,flex,25,VW,KOMBI,comerciais_leves
2011,11,FORD,ECOSPORT 4WD,NAO (N) (KM/L) (KM/L) (KM/L) (KM/L),nome,,,F,flex,25,FORD,ECOSPORT,automoveis
2011,11,KIA,SORENTO,EX2 G17,nome,,,G,gasolina,24,KIA,SORENTO,automoveis
2011,11,TOYOTA,RAV4 -,LX2 G17,nome,,,G,gasolina,24,TOYOTA,RAV4,automoveis
2012,1,FIAT,UNO MILLE FIRE ECONOMY 2 PORTAS,NAO (N) (KM/L) (KM/L) (KM/L) (KM/L),nome,,,F,flex,25,FIAT,UNO,automoveis
2012,1,FIAT,UNO MILLE FIRE ECONOMY 2 PORTAS,NAO (N) (KM/L) (KM/L) (KM/L) (KM/L),nome,,,F,flex,25,FIAT,UNO,comerciais_leves
2012,1,FIAT,UNO MILLE FIRE ECONOMY 4 PORTAS,,nome,,,F,flex,25,FIAT,UNO,automoveis
2012,1,FIAT,UNO MILLE FIRE ECONOMY 4 PORTAS,,nome,,,F,flex,25,FIAT,UNO,comerciais_leves
2012,1,FIAT,UNO MILLE WAY ECONOMY 2 PORTAS,,nome,,,F,flex,25,FIAT,UNO,automoveis
2012,1,FIAT,UNO MILLE WAY ECONOMY 2 PORTAS,,nome,,,F,flex,25,FIAT,UNO,comerciais_leves
2012,1,FIAT,UNO MILLE WAY ECONOMY 4 PORTAS,,nome,,,F,flex,25,FIAT,UNO,automoveis
2012,1,FIAT,UNO MILLE WAY ECONOMY 4 PORTAS,,nome,,,F,flex,25,FIAT,UNO,comerciais_leves
2012,1,FIAT,NOVO UNO ECONOMY EVO 2 PORTAS,,nome,,,F,flex,25,FIAT,UNO,automoveis
2012,1,FIAT,NOVO UNO ECONOMY EVO 2 PORTAS,,nome,,,F,flex,25,FIAT,UNO,comerciais_leves
2012,1,FIAT,NOVO UNO ECONOMY EVO 4 PORTAS,,nome,,,F,flex,25,FIAT,UNO,automoveis
2012,1,FIAT,NOVO UNO ECONOMY EVO 4 PORTAS,,nome,,,F,flex,25,FIAT,UNO,comerciais_leves
2012,1,FIAT,NOVO UNO VIVACE EVO 2 PORTAS,,nome,,,F,flex,25,FIAT,UNO,automoveis
2012,1,FIAT,NOVO UNO VIVACE EVO 2 PORTAS,,nome,,,F,flex,25,FIAT,UNO,comerciais_leves
2012,1,FIAT,NOVO UNO VIVACE EVO 4 PORTAS,,nome,,,F,flex,25,FIAT,UNO,automoveis
2012,1,FIAT,NOVO UNO VIVACE EVO 4 PORTAS,,nome,,,F,flex,25,FIAT,UNO,comerciais_leves
2012,1,FIAT,NOVO UNO ATTRACTIVE EVO 2 PORTAS,,nome,,,F,flex,25,FIAT,UNO,automoveis
2012,1,FIAT,NOVO UNO ATTRACTIVE EVO 2 PORTAS,,nome,,,F,flex,25,FIAT,UNO,comerciais_leves
2012,1,FIAT,NOVO UNO ATTRACTIVE EVO 4 PORTAS,,nome,,,F,flex,25,FIAT,UNO,automoveis
2012,1,FIAT,NOVO UNO ATTRACTIVE EVO 4 PORTAS,,nome,,,F,flex,25,FIAT,UNO,comerciais_leves
2012,1,FIAT,PALIO FIRE ECONOMY 2 PORTAS,,nome,,,F,flex,25,FIAT,PALIO,automoveis
2012,1,FIAT,PALIO FIRE ECONOMY 4 PORTAS,,nome,,,F,flex,25,FIAT,PALIO,automoveis
2012,1,FIAT,500 CULT,,nome,,,F,flex,25,FIAT,500,automoveis
2012,1,FIAT,500 CULT DUALOGIC,,nome,,,F,flex,25,FIAT,500,automoveis
2012,1,FORD,KA BASE,,nome,,,F,flex,25,FORD,KA,automoveis
2012,1,FORD,KA PULSE,,nome,,,F,flex,25,FORD,KA,automoveis
2012,1,FORD,KA CLASS,,nome,,,F,flex,25,FORD,KA,automoveis
2012,2,KIA,PICANTO EX4,NAO (N) (KM/L) (KM/L) (KM/L) (KM/L),nome,,,F,flex,25,KIA,PICANTO,automoveis
2012,2,KIA,PICANTO LX4,,nome,,,F,flex,25,KIA,PICANTO,automoveis
2012,2,KIA,PICANTO EX4,,nome,,,F,flex,25,KIA,PICANTO,automoveis
2012,2,KIA,PICANTO LX4,,nome,,,F,flex,25,KIA,PICANTO,automoveis
2012,2,RENAULT,CLIO AUTHENTIQUE 3 PORTAS,,nome,,,F,flex,25,RENAULT,CLIO,automoveis
2012,2,RENAULT,CLIO EXPRESSION 3 PORTAS,,nome,,,F,flex,25,RENAULT,CLIO,automoveis
2012,2,RENAULT,CLIO AUTHENTIQUE 5 PORTAS,,nome,,,F,flex,25,RENAULT,CLIO,automoveis
2012,2,RENAULT,CLIO EXPRESSION 5 PORTAS,,nome,,,F,flex,25,RENAULT,CLIO,automoveis
2012,2,RENAULT,CLIO AUTHENTIQUE 3 PORTAS,,nome,,,F,flex,25,RENAULT,CLIO,automoveis
2012,2,RENAULT,CLIO EXPRESSION 3 PORTAS,,nome,,,F,flex,25,RENAULT,CLIO,automoveis
2012,2,RENAULT,CLIO AUTHENTIQUE 5 PORTAS,,nome,,,F,flex,25,RENAULT,CLIO,automoveis
2012,2,RENAULT,CLIO EXPRESSION 5 PORTAS,,nome,,,F,flex,25,RENAULT,CLIO,automoveis
2012,2,RENAULT,CLIO CAMPUS 3 PORTAS,,nome,,,F,flex,25,RENAULT,CLIO,automoveis
2012,2,RENAULT,CLIO CAMPUS 5 PORTAS,,nome,,,F,flex,25,RENAULT,CLIO,automoveis
2012,3,CITROEN,C3 ORIGINE,NAO (N) (KM/L) (KM/L) (KM/L) (KM/L),nome,,,F,flex,25,CITROEN,C3,automoveis
2012,3,CITROEN,C3 TENDANCE,,nome,,,F,flex,25,CITROEN,C3,automoveis
2012,3,FIAT,SIENA FIRE,,nome,,,F,flex,25,FIAT,SIENA,automoveis
2012,3,FIAT,SIENA EL,,nome,,,F,flex,25,FIAT,SIENA,automoveis
2012,3,FIAT,SIENA EL,,nome,,,F,flex,25,FIAT,SIENA,automoveis
2012,3,FIAT,NOVO PALIO ATTRACTIVE,,nome,,,F,flex,25,FIAT,PALIO,automoveis
2012,3,FIAT,NOVO PALIO ATTRACTIVE,,nome,,,F,flex,25,FIAT,PALIO,automoveis
2012,3,HONDA,FIT DX,,nome,,,F,flex,25,HONDA,FIT,automoveis
2012,3,HONDA,FIT LX,,nome,,,F,flex,25,HONDA,FIT,automoveis
2012,3,HONDA,FIT LXL,,nome,,,F,flex,25,HONDA,FIT,automoveis
2012,3,HONDA,FIT DX,,nome,,,F,flex,25,HONDA,FIT,automoveis
2012,3,HONDA,FIT LX,,nome,,,F,flex,25,HONDA,FIT,automoveis
2012,3,HONDA,FIT LXL,,nome,,,F,flex,25,HONDA,FIT,automoveis
2012,3,HONDA,FIT EX,,nome,,,F,flex,25,HONDA,FIT,automoveis
2012,3,HONDA,FIT EXL,,nome,,,F,flex,25,HONDA,FIT,automoveis
2012,3,HONDA,FIT EX,,nome,,,F,flex,25,HONDA,FIT,automoveis
2012,4,HONDA,FIT EXL,NAO (N) (KM/L) (KM/L) (KM/L) (KM/L),nome,,,F,flex,25,HONDA,FIT,automoveis
2012,4,HYUNDAI,HB20 COMFORT,,nome,,,F,flex,25,HYUNDAI,HB20,automoveis
2012,4,HYUNDAI,HB20 COMFORT PLUS,,nome,,,F,flex,25,HYUNDAI,HB20,automoveis
2012,4,HYUNDAI,HB20 COMFORT STYLE,,nome,,,F,flex,25,HYUNDAI,HB20,automoveis
2012,4,HYUNDAI,HB20 COMFORT,,nome,,,F,flex,25,HYUNDAI,HB20,automoveis
2012,4,HYUNDAI,HB20 COMFORT PLUS,,nome,,,F,flex,25,HYUNDAI,HB20,automoveis
2012,4,HYUNDAI,HB20 COMFORT STYLE,,nome,,,F,flex,25,HYUNDAI,HB20,automoveis
2012,4,HYUNDAI,HB20 PREMIUM,,nome,,,F,flex,25,HYUNDAI,HB20,automoveis
2012,4,PEUGEOT,5 PORTAS,207 HB,linha_acima,,,F,flex,25,PEUGEOT,207,automoveis
2012,4,PEUGEOT,207 HB XR 3 PORTAS,BLUE LION,nome,,,F,flex,25,PEUGEOT,207,automoveis
2012,4,PEUGEOT,207 HB XR 5 PORTAS,,nome,,,F,flex,25,PEUGEOT,207,automoveis
2012,4,PEUGEOT,207 HB XR S 5 PORTAS,,nome,,,F,flex,25,PEUGEOT,207,automoveis
2012,4,PEUGEOT,207 PASSION XR,,nome,,,F,flex,25,PEUGEOT,207 SEDAN,automoveis
2012,4,PEUGEOT,207 PASSION XR S,,nome,,,F,flex,25,PEUGEOT,207 SEDAN,automoveis
2012,4,PEUGEOT,207 SW XR,,nome,,,F,flex,25,PEUGEOT,207 SW,automoveis
2012,4,PEUGEOT,207 SW XR S,,nome,,,F,flex,25,PEUGEOT,207 SW,automoveis
2012,5,RENAULT,SANDERO AUTHENTIQUE,NAO (N) (KM/L) (KM/L) (KM/L) (KM/L),nome,,,F,flex,25,RENAULT,SANDERO,automoveis
2012,5,RENAULT,SANDERO EXPRESSION,,nome,,,F,flex,25,RENAULT,SANDERO,automoveis
2012,5,TOYOTA,ETIOS HB,,nome,,,F,flex,25,TOYOTA,ETIOS HB,automoveis
2012,5,TOYOTA,ETIOS HB X,,nome,,,F,flex,25,TOYOTA,ETIOS HB,automoveis
2012,5,TOYOTA,ETIOS HB XS,,nome,,,F,flex,25,TOYOTA,ETIOS HB,automoveis
2012,5,TOYOTA,ETIOS HB XLS,,nome,,,F,flex,25,TOYOTA,ETIOS HB,automoveis
2012,5,VOLKSWAGEN,GOL ECOMOTION 2 PORTAS,,nome,,,F,flex,25,VW,GOL,automoveis
2012,5,VOLKSWAGEN,GOL ECOMOTION 2 PORTAS,,nome,,,F,flex,25,VW,GOL,comerciais_leves
2012,5,VOLKSWAGEN,GOL ECOMOTION 4 PORTAS,,nome,,,F,flex,25,VW,GOL,automoveis
2012,5,VOLKSWAGEN,GOL ECOMOTION 4 PORTAS,,nome,,,F,flex,25,VW,GOL,comerciais_leves
2012,5,VOLKSWAGEN,GOL G4 2 PORTAS,,nome,,,F,flex,25,VW,GOL,automoveis
2012,5,VOLKSWAGEN,GOL G4 2 PORTAS,,nome,,,F,flex,25,VW,GOL,comerciais_leves
2012,5,VOLKSWAGEN,GOL G4 4 PORTAS,,nome,,,F,flex,25,VW,GOL,automoveis
2012,5,VOLKSWAGEN,GOL G4 4 PORTAS,,nome,,,F,flex,25,VW,GOL,comerciais_leves
2012,5,VOLKSWAGEN,GOL,,nome,,,F,flex,25,VW,GOL,automoveis
2012,5,VOLKSWAGEN,GOL,,nome,,,F,flex,25,VW,GOL,comerciais_leves
2012,5,VOLKSWAGEN,GOL,,nome,,,F,flex,25,VW,GOL,automoveis
2012,5,VOLKSWAGEN,GOL,,nome,,,F,flex,25,VW,GOL,comerciais_leves
2012,5,VOLKSWAGEN,GOL POWER,,nome,,,F,flex,25,VW,GOL,automoveis
2012,5,VOLKSWAGEN,GOL POWER,,nome,,,F,flex,25,VW,GOL,comerciais_leves
2012,5,VOLKSWAGEN,GOL I-MOTION,,nome,,,F,flex,25,VW,GOL,automoveis
2012,5,VOLKSWAGEN,GOL I-MOTION,,nome,,,F,flex,25,VW,GOL,comerciais_leves
2012,5,VOLKSWAGEN,GOL POWER I-MOTION,,nome,,,F,flex,25,VW,GOL,automoveis
2012,5,VOLKSWAGEN,GOL POWER I-MOTION,,nome,,,F,flex,25,VW,GOL,comerciais_leves
2012,5,VOLKSWAGEN,NOVO GOL BLUEMOTION TECHNOLOGY,,nome,,,F,flex,25,VW,GOL,automoveis
2012,5,VOLKSWAGEN,NOVO GOL BLUEMOTION TECHNOLOGY,,nome,,,F,flex,25,VW,GOL,comerciais_leves
2012,6,VOLKSWAGEN,NOVO GOL,NAO (N) (KM/L) (KM/L) (KM/L) (KM/L),nome,,,F,flex,25,VW,GOL,automoveis
2012,6,VOLKSWAGEN,NOVO GOL,NAO (N) (KM/L) (KM/L) (KM/L) (KM/L),nome,,,F,flex,25,VW,GOL,comerciais_leves
2012,6,VOLKSWAGEN,NOVO GOL CITY,,nome,,,F,flex,25,VW,GOL,automoveis
2012,6,VOLKSWAGEN,NOVO GOL CITY,,nome,,,F,flex,25,VW,GOL,comerciais_leves
2012,6,VOLKSWAGEN,NOVO GOL,,nome,,,F,flex,25,VW,GOL,automoveis
2012,6,VOLKSWAGEN,NOVO GOL,,nome,,,F,flex,25,VW,GOL,comerciais_leves
2012,6,VOLKSWAGEN,NOVO GOL CITY,,nome,,,F,flex,25,VW,GOL,automoveis
2012,6,VOLKSWAGEN,NOVO GOL CITY,,nome,,,F,flex,25,VW,GOL,comerciais_leves
2012,6,VOLKSWAGEN,NOVO GOL POWER,,nome,,,F,flex,25,VW,GOL,automoveis
2012,6,VOLKSWAGEN,NOVO GOL POWER,,nome,,,F,flex,25,VW,GOL,comerciais_leves
2012,6,VOLKSWAGEN,NOVO GOL I-MOTION,,nome,,,F,flex,25,VW,GOL,automoveis
2012,6,VOLKSWAGEN,NOVO GOL I-MOTION,,nome,,,F,flex,25,VW,GOL,comerciais_leves
2012,6,VOLKSWAGEN,NOVO GOL CITY I-MOTION,,nome,,,F,flex,25,VW,GOL,automoveis
2012,6,VOLKSWAGEN,NOVO GOL CITY I-MOTION,,nome,,,F,flex,25,VW,GOL,comerciais_leves
2012,6,VOLKSWAGEN,NOVO GOL POWER I-MOTION,,nome,,,F,flex,25,VW,GOL,automoveis
2012,6,VOLKSWAGEN,NOVO GOL POWER I-MOTION,,nome,,,F,flex,25,VW,GOL,comerciais_leves
2012,6,VOLKSWAGEN,POLO BLUEMOTION,,nome,,,F,flex,25,VW,POLO,automoveis
2012,6,VOLKSWAGEN,POLO,,nome,,,F,flex,25,VW,POLO,automoveis
2012,6,VOLKSWAGEN,POLO SPORTLINE,,nome,,,F,flex,25,VW,POLO,automoveis
2012,6,VOLKSWAGEN,POLO SEDAN,,nome,,,F,flex,25,VW,POLO SEDAN,automoveis
2012,6,VOLKSWAGEN,POLO SEDAN COMFORTLINE,,nome,,,F,flex,25,VW,POLO SEDAN,automoveis
2012,7,FORD,FIESTA SEDAN SE,NAO (N) (KM/L) (KM/L) (KM/L) (KM/L),nome,,,F,flex,25,FORD,FIESTA SEDAN,automoveis
2012,7,FORD,FIESTA HATCH SE HA,,nome,,,F,flex,25,FORD,FIESTA,automoveis
2012,7,HONDA,CITY DX,,nome,,,F,flex,25,HONDA,CITY,automoveis
2012,7,HONDA,CITY LX,,nome,,,F,flex,25,HONDA,CITY,automoveis
2012,7,HONDA,CITY EX,,nome,,,F,flex,25,HONDA,CITY,automoveis
2012,7,HONDA,CITY EXL,,nome,,,F,flex,25,HONDA,CITY,automoveis
2012,7,HONDA,CITY DX,,nome,,,F,flex,25,HONDA,CITY,automoveis
2012,7,HONDA,CITY LX,,nome,,,F,flex,25,HONDA,CITY,automoveis
2012,7,HONDA,CITY EX,,nome,,,F,flex,25,HONDA,CITY,automoveis
2012,7,HONDA,CITY EXL,,nome,,,F,flex,25,HONDA,CITY,automoveis
2012,7,KIA,SOUL EX,,nome,,,F,flex,25,KIA,SOUL,automoveis
2012,7,KIA,SOUL LX,,nome,,,F,flex,25,KIA,SOUL,automoveis
2012,7,KIA,SOUL EX,,nome,,,F,flex,25,KIA,SOUL,automoveis
2012,7,KIA,SOUL LX,,nome,,,F,flex,25,KIA,SOUL,automoveis
2012,7,RENAULT,LOGAN AUTHENTIQUE,,nome,,,F,flex,25,RENAULT,LOGAN,automoveis
2012,7,RENAULT,LOGAN EXPRESSION,,nome,,,F,flex,25,RENAULT,LOGAN,automoveis
2012,8,RENAULT,SYMBOL EXPRESSION,NAO (N) (KM/L) (KM/L) (KM/L) (KM/L),nome,,,F,flex,25,RENAULT,SYMBOL,automoveis
2012,8,RENAULT,SYMBOL PRIVILEGE,,nome,,,F,flex,25,RENAULT,SYMBOL,automoveis
2012,8,VOLKSWAGEN,VOYAGE,,nome,,,F,flex,25,VW,VOYAGE,automoveis
2012,8,VOLKSWAGEN,VOYAGE,,nome,,,F,flex,25,VW,VOYAGE,automoveis
2012,8,VOLKSWAGEN,VOYAGE COMFORTLINE,,nome,,,F,flex,25,VW,VOYAGE,automoveis
2012,8,VOLKSWAGEN,VOYAGE I-MOTION,,nome,,,F,flex,25,VW,VOYAGE,automoveis
2012,8,VOLKSWAGEN,VOYAGE COMFORTLINE I-MOTION,,nome,,,F,flex,25,VW,VOYAGE,automoveis
2012,8,VOLKSWAGEN,NOVO VOYAGE,,nome,,,F,flex,25,VW,VOYAGE,automoveis
2012,8,VOLKSWAGEN,NOVO VOYAGE CITY,,nome,,,F,flex,25,VW,VOYAGE,automoveis
2012,8,VOLKSWAGEN,NOVO VOYAGE,,nome,,,F,flex,25,VW,VOYAGE,automoveis
2012,8,VOLKSWAGEN,NOVO VOYAGE COMFORTLINE,,nome,,,F,flex,25,VW,VOYAGE,automoveis
2012,8,VOLKSWAGEN,NOVO VOYAGE CITY,,nome,,,F,flex,25,VW,VOYAGE,automoveis
2012,8,VOLKSWAGEN,NOVO VOYAGE I-MOTION,,nome,,,F,flex,25,VW,VOYAGE,automoveis
2012,8,VOLKSWAGEN,NOVO VOYAGE COMFORTLINE I-MOTION,,nome,,,F,flex,25,VW,VOYAGE,automoveis
2012,9,VOLKSWAGEN,NOVO VOYAGE CITY I-MOTION,NAO (N) (KM/L) (KM/L) (KM/L) (KM/L),nome,,,F,flex,25,VW,VOYAGE,automoveis
2012,10,FORD,FUSION HYBRID,NAO (N) (KM/L) (KM/L) (KM/L) (KM/L),nome,,HYBRID,G,hev,16,FORD,FUSION,automoveis
2012,10,FORD,FUSION HYBRID,NAO (N) (KM/L) (KM/L) (KM/L) (KM/L),nome,,HYBRID,G,hev,16,FORD,FUSION,comerciais_leves
2012,10,FORD,FOCUS HATCH HC,,nome,,,F,flex,25,FORD,FOCUS,automoveis
2012,10,FORD,FOCUS SEDAN FC,,nome,,,F,flex,25,FORD,FOCUS SEDAN,automoveis
2012,10,FORD,FOCUS HATCH HC,,nome,,,F,flex,25,FORD,FOCUS,automoveis
2012,10,FORD,FOCUS SEDAN FC,,nome,,,F,flex,25,FORD,FOCUS SEDAN,automoveis
2012,10,HONDA,CIVIC LXS,,nome,,,F,flex,25,HONDA,CIVIC,automoveis
2012,10,HONDA,CIVIC LXL,,nome,,,F,flex,25,HONDA,CIVIC,automoveis
2012,10,HONDA,CIVIC EXS,,nome,,,F,flex,25,HONDA,CIVIC,automoveis
2012,10,HONDA,CIVIC LXS,,nome,,,F,flex,25,HONDA,CIVIC,automoveis
2012,10,HONDA,CIVIC LXL,,nome,,,F,flex,25,HONDA,CIVIC,automoveis
2012,10,KIA,CERATO EX3,,nome,,,G,gasolina,24,KIA,CERATO,automoveis
2012,10,KIA,CERATO LX3,,nome,,,G,gasolina,24,KIA,CERATO,automoveis
2012,10,KIA,CERATO SX3,,nome,,,G,gasolina,24,KIA,CERATO,automoveis
2012,10,KIA,CERATO EX3,,nome,,,G,gasolina,24,KIA,CERATO,automoveis
2012,10,KIA,CERATO LX3,,nome,,,G,gasolina,24,KIA,CERATO,automoveis
2012,10,KIA,CERATO SX3,,nome,,,G,gasolina,24,KIA,CERATO,automoveis
2012,11,PEUGEOT,3008 THP ALLURE,NAO (N) (KM/L) (KM/L) (KM/L) (KM/L),nome,,,G,gasolina,24,PEUGEOT,3008,automoveis
2012,11,PEUGEOT,3008 THP GRIFFE,,nome,,,G,gasolina,24,PEUGEOT,3008,automoveis
2012,11,PEUGEOT,RCZ THP,,nome,,,G,gasolina,24,PEUGEOT,RCZ,automoveis
2012,11,PEUGEOT,308 CC THP,,nome,,,G,gasolina,24,PEUGEOT,308,automoveis
2012,11,RENAULT,FLUENCE DYNAMIQUE,,nome,,,F,flex,25,RENAULT,FLUENCE,automoveis
2012,11,RENAULT,EXPRESSION,MEGANE,linha_acima,,,F,flex,25,RENAULT,MEGANE,automoveis
2012,11,RENAULT,DYNAMIQUE,MEGANE,linha_acima,,,F,flex,25,RENAULT,MEGANE,automoveis
2012,11,TOYOTA,COROLLA GLI,GRAND TOUR,nome,,,F,flex,25,TOYOTA,COROLLA,automoveis
2012,11,TOYOTA,COROLLA XLI,,nome,,,F,flex,25,TOYOTA,COROLLA,automoveis
2012,11,TOYOTA,COROLLA GLI,,nome,,,F,flex,25,TOYOTA,COROLLA,automoveis
2012,11,TOYOTA,COROLLA XLI,,nome,,,F,flex,25,TOYOTA,COROLLA,automoveis
2012,11,TOYOTA,CAMRY XLE,,nome,,,G,gasolina,24,TOYOTA,CAMRY,automoveis
2012,12,FIAT,NOVO IDEA ADVENTURE,NAO (N) (KM/L) (KM/L) (KM/L) (KM/L),nome,,,F,flex,25,FIAT,IDEA,automoveis
2012,12,FIAT,PALIO ADVENTURE,,nome,,,F,flex,25,FIAT,PALIO,automoveis
2012,12,FIAT,PALIO ADVENTURE DUALOGIC,,nome,,,F,flex,25,FIAT,PALIO,automoveis
2012,12,FIAT,STRADA ADVENTURE,,nome,,,F,flex,25,FIAT,STRADA,comerciais_leves
2012,12,FIAT,STRADA ADVENTURE CABINE DUPLA,,nome,,,F,flex,25,FIAT,STRADA,comerciais_leves
2012,12,FIAT,STRADA ADVENTURE C DUPLA DUALOGIC,,nome,,,F,flex,25,FIAT,STRADA,comerciais_leves
2012,12,FORD,NEW ECOSPORT S,,nome,,,F,flex,25,FORD,ECOSPORT,automoveis
2012,12,FORD,NEW ECOSPORT SE,,nome,,,F,flex,25,FORD,ECOSPORT,automoveis
2012,12,FORD,NEW ECOSPORT FREESTYLE,,nome,,,F,flex,25,FORD,ECOSPORT,automoveis
2012,12,FORD,NEW ECOSPORT TITANIUM,,nome,,,F,flex,25,FORD,ECOSPORT,automoveis
2012,12,FORD,ECOSPORT XL,,nome,,,F,flex,25,FORD,ECOSPORT,automoveis
2012,12,FORD,ECOSPORT XLS,,nome,,,F,flex,25,FORD,ECOSPORT,automoveis
2012,12,FORD,ECOSPORT XLT,,nome,,,F,flex,25,FORD,ECOSPORT,automoveis
2012,12,FORD,ECOSPORT FREESTYLE,,nome,,,F,flex,25,FORD,ECOSPORT,automoveis
2012,12,FORD,ECOSPORT XLT,,nome,,,F,flex,25,FORD,ECOSPORT,automoveis
2012,12,FORD,ECOSPORT FREESTYLE,,nome,,,F,flex,25,FORD,ECOSPORT,automoveis
2012,12,FORD,ECOSPORT XLT,,nome,,,F,flex,25,FORD,ECOSPORT,automoveis
2012,12,FORD,ECOSPORT FREESTYLE,,nome,,,F,flex,25,FORD,ECOSPORT,automoveis
2012,13,KIA,SPORTAGE EX,NAO (N) (KM/L) (KM/L) (KM/L) (KM/L),nome,,,F,flex,25,KIA,SPORTAGE,automoveis
2012,13,KIA,SPORTAGE LX,,nome,,,F,flex,25,KIA,SPORTAGE,automoveis
2012,13,KIA,SPORTAGE EX,,nome,,,F,flex,25,KIA,SPORTAGE,automoveis
2012,13,KIA,SPORTAGE LX,,nome,,,F,flex,25,KIA,SPORTAGE,automoveis
2012,13,RENAULT,DUSTER DYNAMIQUE 4X2,,nome,,,F,flex,25,RENAULT,DUSTER,automoveis
2012,14,FIAT,DOBLO ESSENCE,NAO (N) (KM/L) (KM/L) (KM/L) (KM/L),nome,,,F,flex,25,FIAT,DOBLO,automoveis
2012,14,FIAT,DOBLO ESSENCE,NAO (N) (KM/L) (KM/L) (KM/L) (KM/L),nome,,,F,flex,25,FIAT,DOBLO,comerciais_leves
2012,15,FORD,ECOSPORT 4WD,NAO (N) (KM/L) (KM/L) (KM/L) (KM/L),nome,,,F,flex,25,FORD,ECOSPORT,automoveis
2012,15,KIA,SORENTO EX2 G17,,nome,,,G,gasolina,24,KIA,SORENTO,automoveis
2012,15,KIA,SORENTO LX2 G17,,nome,,,G,gasolina,24,KIA,SORENTO,automoveis
2012,15,RENAULT,DUSTER DYNAMIQUE 4X4,,nome,,,F,flex,25,RENAULT,DUSTER,automoveis
2012,15,TOYOTA,RAV4 -,,nome,,,G,gasolina,24,TOYOTA,RAV4,automoveis
2012,16,FIAT,DOBLO CARGO,NAO (N) (KM/L) (KM/L) (KM/L) (KM/L),nome,,,F,flex,25,FIAT,DOBLO,automoveis
2012,16,FIAT,DOBLO CARGO,NAO (N) (KM/L) (KM/L) (KM/L) (KM/L),nome,,,F,flex,25,FIAT,DOBLO,comerciais_leves
2012,16,FORD,RANGER CABINE SIMPLES,,nome,,,G,gasolina,24,FORD,RANGER,comerciais_leves
2012,16,FORD,RANGER CABINE DUPLA,,nome,,,G,gasolina,24,FORD,RANGER,comerciais_leves
2012,16,RENAULT,KANGOO EXPRESS,,nome,,,F,flex,25,RENAULT,KANGOO,automoveis
2012,16,RENAULT,KANGOO EXPRESS,,nome,,,F,flex,25,RENAULT,KANGOO,comerciais_leves
2012,16,VOLKSWAGEN,KOMBI STANDARD,,nome,,,F,flex,25,VW,KOMBI,comerciais_leves
2012,16,VOLKSWAGEN,KOMBI FURGAO,,nome,,,F,flex,25,VW,KOMBI,comerciais_leves
2012,16,VOLKSWAGEN,KOMBI ESCOLAR,,nome,,,F,flex,25,VW,KOMBI,comerciais_leves
2012,16,VOLKSWAGEN,KOMBI LOTACAO,,nome,,,F,flex,25,VW,KOMBI,comerciais_leves
2012,16,VOLKSWAGEN,KOMBI AMBULANCIA,,nome,,,F,flex,25,VW,KOMBI,comerciais_leves
2012,17,FIAT,FIORINO FURGAO,NAO (N) (KM/L) (KM/L) (KM/L) (KM/L),nome,,,F,flex,25,FIAT,FIORINO,comerciais_leves
2012,17,FIAT,STRADA FIRE,,nome,,,F,flex,25,FIAT,STRADA,comerciais_leves
2012,17,FIAT,STRADA FIRE CABINE ESTENDIDA,,nome,,,F,flex,25,FIAT,STRADA,comerciais_leves
2012,17,FIAT,STRADA TREKKING,,nome,,,F,flex,25,FIAT,STRADA,comerciais_leves
2012,17,FIAT,STRADA TREKKING CABINE ESTENDIDA,,nome,,,F,flex,25,FIAT,STRADA,comerciais_leves
2012,17,VOLKSWAGEN,SAVEIRO CABINE SIMPLES,,nome,,,F,flex,25,VW,SAVEIRO,comerciais_leves
2012,17,VOLKSWAGEN,SAVEIRO CABINE SIMPLES TROOPER,,nome,,,F,flex,25,VW,SAVEIRO,comerciais_leves
2012,17,VOLKSWAGEN,SAVEIRO CABINE ESTENDIDA,,nome,,,F,flex,25,VW,SAVEIRO,comerciais_leves
2012,17,VOLKSWAGEN,SAVEIRO CABINE ESTENDIDA TROOPER,,nome,,,F,flex,25,VW,SAVEIRO,comerciais_leves
2013,1,CHERY,QQ,SUB,nome,,,G,gasolina,24,CHERY,QQ,automoveis
2013,1,CHERY,QQ,SUB,nome,,,G,gasolina,24,CAOA CHERY,QQ,automoveis
2013,1,CHERY,FACE,SUB,nome,,,F,flex,25,CHERY,FACE,automoveis
2013,1,FIAT,UNO,SUB,nome,,,F,flex,25,FIAT,UNO,automoveis
2013,1,FIAT,UNO,SUB,nome,,,F,flex,25,FIAT,UNO,comerciais_leves
2013,1,FIAT,UNO,SUB,nome,,,F,flex,25,FIAT,UNO,automoveis
2013,1,FIAT,UNO,SUB,nome,,,F,flex,25,FIAT,UNO,comerciais_leves
2013,1,FIAT,UNO,SUB,nome,,,F,flex,25,FIAT,UNO,automoveis
2013,1,FIAT,UNO,SUB,nome,,,F,flex,25,FIAT,UNO,comerciais_leves
2013,1,FIAT,UNO,SUB,nome,,,F,flex,25,FIAT,UNO,automoveis
2013,1,FIAT,UNO,SUB,nome,,,F,flex,25,FIAT,UNO,comerciais_leves
2013,2,FIAT,NOVO UNO,SUB ECONOMY EVO 2,nome,,,F,flex,25,FIAT,UNO,automoveis
2013,2,FIAT,NOVO UNO,SUB ECONOMY EVO 2,nome,,,F,flex,25,FIAT,UNO,comerciais_leves
2013,2,FIAT,NOVO UNO,SUB ECONOMY EVO 4,nome,,,F,flex,25,FIAT,UNO,automoveis
2013,2,FIAT,NOVO UNO,SUB ECONOMY EVO 4,nome,,,F,flex,25,FIAT,UNO,comerciais_leves
2013,2,FIAT,NOVO UNO,SUB VIVACE EVO 2,nome,,,F,flex,25,FIAT,UNO,automoveis
2013,2,FIAT,NOVO UNO,SUB VIVACE EVO 2,nome,,,F,flex,25,FIAT,UNO,comerciais_leves
2013,2,FIAT,NOVO UNO,SUB VIVACE EVO 4,nome,,,F,flex,25,FIAT,UNO,automoveis
2013,2,FIAT,NOVO UNO,SUB VIVACE EVO 4,nome,,,F,flex,25,FIAT,UNO,comerciais_leves
2013,2,FIAT,NOVO UNO,SUB SPORTING 2,nome,,,F,flex,25,FIAT,UNO,automoveis
2013,2,FIAT,NOVO UNO,SUB SPORTING 2,nome,,,F,flex,25,FIAT,UNO,comerciais_leves
2013,2,FIAT,NOVO UNO,SUB SPORTING 4,nome,,,F,flex,25,FIAT,UNO,automoveis
2013,2,FIAT,NOVO UNO,SUB SPORTING 4,nome,,,F,flex,25,FIAT,UNO,comerciais_leves
2013,2,FIAT,PALIO,SUB FIRE ECONOMY 2,nome,,,F,flex,25,FIAT,PALIO,automoveis
2013,2,FIAT,PALIO,SUB FIRE ECONOMY 4,nome,,,F,flex,25,FIAT,PALIO,automoveis
2013,2,FIAT,500,SUB,nome,,,F,flex,25,FIAT,500,automoveis
2013,2,FIAT,500,SUB,nome,,,F,flex,25,FIAT,500,automoveis
2013,2,FIAT,500,SUB,nome,,,F,flex,25,FIAT,500,automoveis
2013,2,FORD,KA,SUB,nome,,,F,flex,25,FORD,KA,automoveis
2013,2,FORD,KA,SUB,nome,,,F,flex,25,FORD,KA,automoveis
2013,2,FORD,KA,SUB,nome,,,F,flex,25,FORD,KA,automoveis
2013,2,KIA,PICANTO,SUB,nome,,,F,flex,25,KIA,PICANTO,automoveis
2013,2,KIA,PICANTO,SUB,nome,,,F,flex,25,KIA,PICANTO,automoveis
2013,2,KIA,PICANTO,SUB,nome,,,F,flex,25,KIA,PICANTO,automoveis
2013,2,KIA,PICANTO,SUB,nome,,,F,flex,25,KIA,PICANTO,automoveis
2013,2,NISSAN,MARCH,SUB,nome,,,F,flex,25,NISSAN,MARCH,automoveis
2013,3,NISSAN,MARCH,SUB,nome,,,F,flex,25,NISSAN,MARCH,automoveis
2013,3,NISSAN,MARCH,SUB,nome,,,F,flex,25,NISSAN,MARCH,automoveis
2013,3,RENAULT,CLIO,SUB AUTHENTIQUE 3,nome,,,F,flex,25,RENAULT,CLIO,automoveis
2013,3,RENAULT,CLIO,SUB AUTHENTIQUE 5,nome,,,F,flex,25,RENAULT,CLIO,automoveis
2013,3,RENAULT,CLIO,SUB EXPRESSION 5,nome,,,F,flex,25,RENAULT,CLIO,automoveis
2013,3,RENAULT,CLIO,SUB AUTHENTIQUE 3,nome,,,F,flex,25,RENAULT,CLIO,automoveis
2013,3,RENAULT,CLIO,SUB AUTHENTIQUE 5,nome,,,F,flex,25,RENAULT,CLIO,automoveis
2013,3,RENAULT,CLIO,SUB EXPRESSION 5,nome,,,F,flex,25,RENAULT,CLIO,automoveis
2013,3,RENAULT,CLIO,SUB EXPRESSION 5,nome,,,F,flex,25,RENAULT,CLIO,automoveis
2013,3,SMART,FORTWO,SUB,nome,,,G,gasolina,24,SMART,FORTWO,automoveis
2013,3,SMART,FORTWO,SUB TURBO 84CV,nome,,,G,gasolina,24,SMART,FORTWO,automoveis
2013,3,SMART,FORTWO,SUB TURBO 84CV,nome,,,G,gasolina,24,SMART,FORTWO,automoveis
2013,3,CITROEN,C3,COMPACTO CABRIO,nome,,,F,flex,25,CITROEN,C3,automoveis
2013,3,CITROEN,C3,,nome,,,F,flex,25,CITROEN,C3,automoveis
2013,3,CITROEN,C3,,nome,,,F,flex,25,CITROEN,C3,automoveis
2013,3,FIAT,SIENA,,nome,,,F,flex,25,FIAT,SIENA,automoveis
2013,3,FIAT,SIENA,,nome,,,F,flex,25,FIAT,SIENA,automoveis
2013,3,FIAT,NOVO PALIO,,nome,,,F,flex,25,FIAT,PALIO,automoveis
2013,3,FIAT,NOVO PALIO,,nome,,,F,flex,25,FIAT,PALIO,automoveis
2013,3,FIAT,PUNTO,,nome,,,F,flex,25,FIAT,PUNTO,automoveis
2013,3,FORD,FIESTA HATCH,,nome,,,F,flex,25,FORD,FIESTA,automoveis
2013,3,FORD,FIESTA HATCH,,nome,,,F,flex,25,FORD,FIESTA,automoveis
2013,3,FORD,FIESTA HATCH,,nome,,,F,flex,25,FORD,FIESTA,automoveis
2013,3,FORD,FIESTA HATCH,,nome,,,F,flex,25,FORD,FIESTA,automoveis
2013,4,FORD,FIESTA HATCH,(CVT),nome,,,F,flex,25,FORD,FIESTA,automoveis
2013,4,FORD,FIESTA HATCH,,nome,,,F,flex,25,FORD,FIESTA,automoveis
2013,4,HONDA,FIT,,nome,,,F,flex,25,HONDA,FIT,automoveis
2013,4,HONDA,FIT,,nome,,,F,flex,25,HONDA,FIT,automoveis
2013,4,HONDA,FIT,,nome,,,F,flex,25,HONDA,FIT,automoveis
2013,4,HONDA,FIT,,nome,,,F,flex,25,HONDA,FIT,automoveis
2013,4,HONDA,FIT,,nome,,,F,flex,25,HONDA,FIT,automoveis
2013,4,HONDA,FIT,,nome,,,F,flex,25,HONDA,FIT,automoveis
2013,4,HONDA,FIT,,nome,,,F,flex,25,HONDA,FIT,automoveis
2013,4,HONDA,FIT,,nome,,,F,flex,25,HONDA,FIT,automoveis
2013,4,HONDA,FIT,,nome,,,F,flex,25,HONDA,FIT,automoveis
2013,4,HONDA,FIT,,nome,,,F,flex,25,HONDA,FIT,automoveis
2013,4,HYUNDAI,HB20,,nome,,,F,flex,25,HYUNDAI,HB20,automoveis
2013,4,HYUNDAI,HB20,,nome,,,F,flex,25,HYUNDAI,HB20,automoveis
2013,4,HYUNDAI,HB20,,nome,,,F,flex,25,HYUNDAI,HB20,automoveis
2013,4,HYUNDAI,HB20,,nome,,,F,flex,25,HYUNDAI,HB20,automoveis
2013,4,HYUNDAI,HB20,,nome,,,F,flex,25,HYUNDAI,HB20,automoveis
2013,4,HYUNDAI,HB20,,nome,,,F,flex,25,HYUNDAI,HB20,automoveis
2013,4,HYUNDAI,HB20,,nome,,,F,flex,25,HYUNDAI,HB20,automoveis
2013,4,HYUNDAI,HB20X,,nome,,,F,flex,25,HYUNDAI,HB20,automoveis
2013,4,HYUNDAI,HB20X,,nome,,,F,flex,25,HYUNDAI,HB20,automoveis
2013,4,JAC,J3 TURIN,,nome,,,G,gasolina,24,JAC,J3 TURIN,automoveis
2013,4,JAC,J3 TURIN,,nome,,,G,gasolina,24,JAC,J3 TURIN,automoveis
2013,4,NISSAN,LIVINA,,nome,,,F,flex,25,NISSAN,LIVINA,automoveis
2013,4,NISSAN,LIVINA,,nome,,,F,flex,25,NISSAN,LIVINA,automoveis
2013,4,NISSAN,LIVINA,,nome,,,F,flex,25,NISSAN,LIVINA,automoveis
2013,4,PEUGEOT,207 HB,,nome,,,F,flex,25,PEUGEOT,207,automoveis
2013,4,PEUGEOT,207 HB,,nome,,,F,flex,25,PEUGEOT,207,automoveis
2013,4,PEUGEOT,207 HB,,nome,,,F,flex,25,PEUGEOT,207,automoveis
2013,4,PEUGEOT,207 HB,,nome,,,F,flex,25,PEUGEOT,207,automoveis
2013,4,PEUGEOT,207 HB,,nome,,,F,flex,25,PEUGEOT,207,automoveis
2013,4,PEUGEOT,207 PASSION,,nome,,,F,flex,25,PEUGEOT,207 SEDAN,automoveis
2013,4,PEUGEOT,207 PASSION,,nome,,,F,flex,25,PEUGEOT,207 SEDAN,automoveis
2013,5,PEUGEOT,207 PASSION,(CVT),nome,,,F,flex,25,PEUGEOT,207 SEDAN,automoveis
2013,5,PEUGEOT,207 PASSION,,nome,,,F,flex,25,PEUGEOT,207 SEDAN,automoveis
2013,5,PEUGEOT,208,,nome,,,F,flex,25,PEUGEOT,208,automoveis
2013,5,PEUGEOT,208,,nome,,,F,flex,25,PEUGEOT,208,automoveis
2013,5,PEUGEOT,208,,nome,,,F,flex,25,PEUGEOT,208,automoveis
2013,5,PEUGEOT,208,,nome,,,F,flex,25,PEUGEOT,208,automoveis
2013,5,RENAULT,SANDERO,,nome,,,F,flex,25,RENAULT,SANDERO,automoveis
2013,5,RENAULT,SANDERO,,nome,,,F,flex,25,RENAULT,SANDERO,automoveis
2013,5,RENAULT,SANDERO,,nome,,,F,flex,25,RENAULT,SANDERO,automoveis
2013,5,TOYOTA,ETIOS HATCHBACK,,nome,,,F,flex,25,TOYOTA,ETIOS HB,automoveis
2013,5,TOYOTA,ETIOS HATCHBACK,,nome,,,F,flex,25,TOYOTA,ETIOS HB,automoveis
2013,5,TOYOTA,ETIOS HATCHBACK,,nome,,,F,flex,25,TOYOTA,ETIOS HB,automoveis
2013,5,TOYOTA,ETIOS HATCHBACK,,nome,,,F,flex,25,TOYOTA,ETIOS HB,automoveis
2013,5,VOLKSWAGEN,GOL ECOMOTION,,nome,,,F,flex,25,VW,GOL,automoveis
2013,5,VOLKSWAGEN,GOL ECOMOTION,,nome,,,F,flex,25,VW,GOL,comerciais_leves
2013,5,VOLKSWAGEN,GOL ECOMOTION,,nome,,,F,flex,25,VW,GOL,automoveis
2013,5,VOLKSWAGEN,GOL ECOMOTION,,nome,,,F,flex,25,VW,GOL,comerciais_leves
2013,5,VOLKSWAGEN,GOL G4,,nome,,,F,flex,25,VW,GOL,automoveis
2013,5,VOLKSWAGEN,GOL G4,,nome,,,F,flex,25,VW,GOL,comerciais_leves
2013,5,VOLKSWAGEN,GOL G4,,nome,,,F,flex,25,VW,GOL,automoveis
2013,5,VOLKSWAGEN,GOL G4,,nome,,,F,flex,25,VW,GOL,comerciais_leves
2013,5,VOLKSWAGEN,NOVO GOL,BLUEMOTION,nome,,,F,flex,25,VW,GOL,automoveis
2013,5,VOLKSWAGEN,NOVO GOL,BLUEMOTION,nome,,,F,flex,25,VW,GOL,comerciais_leves
2013,5,VOLKSWAGEN,NOVO GOL,BLUEMOTION,nome,,,F,flex,25,VW,GOL,automoveis
2013,5,VOLKSWAGEN,NOVO GOL,BLUEMOTION,nome,,,F,flex,25,VW,GOL,comerciais_leves
2013,5,VOLKSWAGEN,NOVO GOL,PORTAS,nome,,,F,flex,25,VW,GOL,automoveis
2013,5,VOLKSWAGEN,NOVO GOL,PORTAS,nome,,,F,flex,25,VW,GOL,comerciais_leves
2013,5,VOLKSWAGEN,NOVO GOL,,nome,,,F,flex,25,VW,GOL,automoveis
2013,5,VOLKSWAGEN,NOVO GOL,,nome,,,F,flex,25,VW,GOL,comerciais_leves
2013,5,VOLKSWAGEN,NOVO GOL,,nome,,,F,flex,25,VW,GOL,automoveis
2013,5,VOLKSWAGEN,NOVO GOL,,nome,,,F,flex,25,VW,GOL,comerciais_leves
2013,5,VOLKSWAGEN,NOVO GOL,,nome,,,F,flex,25,VW,GOL,automoveis
2013,5,VOLKSWAGEN,NOVO GOL,,nome,,,F,flex,25,VW,GOL,comerciais_leves
2013,5,VOLKSWAGEN,NOVO GOL,,nome,,,F,flex,25,VW,GOL,automoveis
2013,5,VOLKSWAGEN,NOVO GOL,,nome,,,F,flex,25,VW,GOL,comerciais_leves
2013,5,VOLKSWAGEN,NOVO GOL,,nome,,,F,flex,25,VW,GOL,automoveis
2013,5,VOLKSWAGEN,NOVO GOL,,nome,,,F,flex,25,VW,GOL,comerciais_leves
2013,5,VOLKSWAGEN,NOVO GOL,,nome,,,F,flex,25,VW,GOL,automoveis
2013,5,VOLKSWAGEN,NOVO GOL,,nome,,,F,flex,25,VW,GOL,comerciais_leves
2013,5,VOLKSWAGEN,NOVO GOL,,nome,,,F,flex,25,VW,GOL,automoveis
2013,5,VOLKSWAGEN,NOVO GOL,,nome,,,F,flex,25,VW,GOL,comerciais_leves
2013,5,VOLKSWAGEN,NOVO GOL,HIGHLINE 4,nome,,,F,flex,25,VW,GOL,automoveis
2013,5,VOLKSWAGEN,NOVO GOL,HIGHLINE 4,nome,,,F,flex,25,VW,GOL,comerciais_leves
2013,5,VOLKSWAGEN,NOVO GOL,I-MOTION 2,nome,,,F,flex,25,VW,GOL,automoveis
2013,5,VOLKSWAGEN,NOVO GOL,I-MOTION 2,nome,,,F,flex,25,VW,GOL,comerciais_leves
2013,6,VOLKSWAGEN,NOVO GOL,I-MOTION 4,nome,,,F,flex,25,VW,GOL,automoveis
2013,6,VOLKSWAGEN,NOVO GOL,I-MOTION 4,nome,,,F,flex,25,VW,GOL,comerciais_leves
2013,6,VOLKSWAGEN,NOVO GOL,CITY I-MOTION 2,nome,,,F,flex,25,VW,GOL,automoveis
2013,6,VOLKSWAGEN,NOVO GOL,CITY I-MOTION 2,nome,,,F,flex,25,VW,GOL,comerciais_leves
2013,6,VOLKSWAGEN,NOVO GOL,CITY I-MOTION 4,nome,,,F,flex,25,VW,GOL,automoveis
2013,6,VOLKSWAGEN,NOVO GOL,CITY I-MOTION 4,nome,,,F,flex,25,VW,GOL,comerciais_leves
2013,6,VOLKSWAGEN,NOVO GOL,HIGHLINE I-,nome,,,F,flex,25,VW,GOL,automoveis
2013,6,VOLKSWAGEN,NOVO GOL,HIGHLINE I-,nome,,,F,flex,25,VW,GOL,comerciais_leves
2013,6,VOLKSWAGEN,POLO,MOTION 4 PORTAS,nome,,,F,flex,25,VW,POLO,automoveis
2013,6,VOLKSWAGEN,POLO,,nome,,,F,flex,25,VW,POLO,automoveis
2013,6,VOLKSWAGEN,POLO,,nome,,,F,flex,25,VW,POLO,automoveis
2013,6,VOLKSWAGEN,POLO SEDAN,,nome,,,F,flex,25,VW,POLO SEDAN,automoveis
2013,6,VOLKSWAGEN,POLO SEDAN,,nome,,,F,flex,25,VW,POLO SEDAN,automoveis
2013,6,AUDI,A1,,nome,,,G,gasolina,24,AUDI,A1,automoveis
2013,6,AUDI,A1,,nome,,,G,gasolina,24,AUDI,A1,automoveis
2013,6,AUDI,A1,,nome,,,G,gasolina,24,AUDI,A1,automoveis
2013,6,AUDI,A1,SPORTBACK,nome,,,G,gasolina,24,AUDI,A1,automoveis
2013,6,CHERY,CELER,AMBITION,nome,,,F,flex,25,CHERY,CELER,automoveis
2013,6,FORD,FIESTA SEDAN,,nome,,,F,flex,25,FORD,FIESTA SEDAN,automoveis
2013,6,FORD,FIESTA SEDAN,,nome,,,F,flex,25,FORD,FIESTA SEDAN,automoveis
2013,6,FORD,FIESTA SEDAN,,nome,,,F,flex,25,FORD,FIESTA SEDAN,automoveis
2013,6,FORD,FIESTA SEDAN,,nome,,,F,flex,25,FORD,FIESTA SEDAN,automoveis
2013,6,HONDA,CITY,,nome,,,F,flex,25,HONDA,CITY,automoveis
2013,6,HONDA,CITY,,nome,,,F,flex,25,HONDA,CITY,automoveis
2013,6,HONDA,CITY,,nome,,,F,flex,25,HONDA,CITY,automoveis
2013,6,HONDA,CITY,,nome,,,F,flex,25,HONDA,CITY,automoveis
2013,6,HONDA,CITY,,nome,,,F,flex,25,HONDA,CITY,automoveis
2013,6,HONDA,CITY,,nome,,,F,flex,25,HONDA,CITY,automoveis
2013,6,HYUNDAI,HB20S,,nome,,,F,flex,25,HYUNDAI,HB20S,automoveis
2013,6,HYUNDAI,HB20S,,nome,,,F,flex,25,HYUNDAI,HB20S,automoveis
2013,6,HYUNDAI,HB20S,,nome,,,F,flex,25,HYUNDAI,HB20S,automoveis
2013,7,HYUNDAI,HB20S,(CVT),nome,,,F,flex,25,HYUNDAI,HB20S,automoveis
2013,7,HYUNDAI,HB20S,,nome,,,F,flex,25,HYUNDAI,HB20S,automoveis
2013,7,HYUNDAI,I30,,nome,,,G,gasolina,24,HYUNDAI,I30,automoveis
2013,7,HYUNDAI,I30,,nome,,,G,gasolina,24,HYUNDAI,I30,automoveis
2013,7,JAC,J6,,nome,,,G,gasolina,24,JAC,J6,automoveis
2013,7,JAC,J6,"2,0S DIAMOND",nome,,,G,gasolina,24,JAC,J6,automoveis
2013,7,JAC,J6,5S,nome,,,G,gasolina,24,JAC,J6,automoveis
2013,7,JAC,J6,,nome,,,G,gasolina,24,JAC,J6,automoveis
2013,7,JAC,J6,,nome,,,G,gasolina,24,JAC,J6,automoveis
2013,7,KIA,SOUL,,nome,,,F,flex,25,KIA,SOUL,automoveis
2013,7,KIA,SOUL,,nome,,,F,flex,25,KIA,SOUL,automoveis
2013,7,KIA,SOUL,,nome,,,F,flex,25,KIA,SOUL,automoveis
2013,7,KIA,SOUL,,nome,,,F,flex,25,KIA,SOUL,automoveis
2013,7,LEXUS,CT200H,,nome,,,G,gasolina,24,LEXUS,CT200H,automoveis
2013,7,NISSAN,VERSA,,nome,,,F,flex,25,NISSAN,VERSA,automoveis
2013,7,NISSAN,VERSA,,nome,,,F,flex,25,NISSAN,VERSA,automoveis
2013,7,NISSAN,VERSA,,nome,,,F,flex,25,NISSAN,VERSA,automoveis
2013,7,NISSAN,VERSA,,nome,,,F,flex,25,NISSAN,VERSA,automoveis
2013,7,NISSAN,VERSA,,nome,,,F,flex,25,NISSAN,VERSA,automoveis
2013,7,RENAULT,LOGAN,,nome,,,F,flex,25,RENAULT,LOGAN,automoveis
2013,7,RENAULT,LOGAN,,nome,,,F,flex,25,RENAULT,LOGAN,automoveis
2013,7,RENAULT,LOGAN,,nome,,,F,flex,25,RENAULT,LOGAN,automoveis
2013,7,RENAULT,NOVO LOGAN,,nome,,,F,flex,25,RENAULT,LOGAN,automoveis
2013,7,RENAULT,NOVO LOGAN,,nome,,,F,flex,25,RENAULT,LOGAN,automoveis
2013,7,SUZUKI,SX4,,nome,,,G,gasolina,24,SUZUKI,SX4,automoveis
2013,7,TOYOTA,PRIUS,,nome,,,G,gasolina,24,TOYOTA,PRIUS,automoveis
2013,7,TOYOTA,ETIOS SEDAN,,nome,,,F,flex,25,TOYOTA,ETIOS SEDAN,automoveis
2013,7,TOYOTA,ETIOS SEDAN,,nome,,,F,flex,25,TOYOTA,ETIOS SEDAN,automoveis
2013,7,TOYOTA,ETIOS SEDAN,,nome,,,F,flex,25,TOYOTA,ETIOS SEDAN,automoveis
2013,8,VOLKSWAGEN,NOVO VOYAGE,BLUEMOTION,nome,,,F,flex,25,VW,VOYAGE,automoveis
2013,8,VOLKSWAGEN,NOVO VOYAGE,TECHNOLOGY,nome,,,F,flex,25,VW,VOYAGE,automoveis
2013,8,VOLKSWAGEN,NOVO VOYAGE,,nome,,,F,flex,25,VW,VOYAGE,automoveis
2013,8,VOLKSWAGEN,NOVO VOYAGE,,nome,,,F,flex,25,VW,VOYAGE,automoveis
2013,8,VOLKSWAGEN,NOVO VOYAGE,,nome,,,F,flex,25,VW,VOYAGE,automoveis
2013,8,VOLKSWAGEN,NOVO VOYAGE,,nome,,,F,flex,25,VW,VOYAGE,automoveis
2013,8,VOLKSWAGEN,NOVO VOYAGE,,nome,,,F,flex,25,VW,VOYAGE,automoveis
2013,8,VOLKSWAGEN,NOVO VOYAGE,HIGHLINE I-,nome,,,F,flex,25,VW,VOYAGE,automoveis
2013,8,VOLKSWAGEN,NOVO VOYAGE,MOTION,nome,,,F,flex,25,VW,VOYAGE,automoveis
2013,8,AUDI,A4,,nome,,,G,gasolina,24,AUDI,A4,automoveis
2013,8,AUDI,A4,,nome,,,G,gasolina,24,AUDI,A4,automoveis
2013,8,AUDI,A5,SPORTBACK,nome,,,G,gasolina,24,AUDI,A5,automoveis
2013,8,CHRYSLER,300C,,nome,,,G,gasolina,24,CHRYSLER,300C,automoveis
2013,8,CITROEN,DS5,,nome,,,G,gasolina,24,CITROEN,DS5,automoveis
2013,8,CITROEN,C4 PICASSO,,nome,,,G,gasolina,24,CITROEN,C4 PICASSO,automoveis
2013,8,FORD,FUSION,,nome,,,G,gasolina,24,FORD,FUSION,automoveis
2013,8,FORD,FUSION,,nome,,,G,gasolina,24,FORD,FUSION,comerciais_leves
2013,8,FORD,FOCUS HATCH,,nome,,,F,flex,25,FORD,FOCUS,automoveis
2013,8,FORD,FOCUS HATCH,,nome,,,F,flex,25,FORD,FOCUS,automoveis
2013,8,FORD,FOCUS SEDAN,,nome,,,F,flex,25,FORD,FOCUS SEDAN,automoveis
2013,8,FORD,FOCUS SEDAN,,nome,,,F,flex,25,FORD,FOCUS SEDAN,automoveis
2013,8,FORD,FOCUS HATCH,,nome,,,F,flex,25,FORD,FOCUS,automoveis
2013,8,FORD,FOCUS HATCH,,nome,,,F,flex,25,FORD,FOCUS,automoveis
2013,8,FORD,FOCUS SEDAN,,nome,,,F,flex,25,FORD,FOCUS SEDAN,automoveis
2013,8,FORD,FOCUS HATCH,,nome,,,F,flex,25,FORD,FOCUS,automoveis
2013,9,FORD,FOCUS HATCH,(CVT),nome,,,F,flex,25,FORD,FOCUS,automoveis
2013,9,FORD,FOCUS SEDAN,,nome,,,F,flex,25,FORD,FOCUS SEDAN,automoveis
2013,9,FORD,FOCUS SEDAN,,nome,,,F,flex,25,FORD,FOCUS SEDAN,automoveis
2013,9,FORD,NEW FOCUS HATCH,,nome,,,F,flex,25,FORD,FOCUS,automoveis
2013,9,FORD,NEW FOCUS HATCH,,nome,,,F,flex,25,FORD,FOCUS,automoveis
2013,9,FORD,NEW FOCUS HATCH,,nome,,,F,flex,25,FORD,FOCUS,automoveis
2013,9,FORD,NEW FOCUS HATCH,,nome,,,F,flex,25,FORD,FOCUS,automoveis
2013,9,FORD,NEW FOCUS HATCH,,nome,,,F,flex,25,FORD,FOCUS,automoveis
2013,9,FORD,NEW FOCUS HATCH,,nome,,,F,flex,25,FORD,FOCUS,automoveis
2013,9,FORD,NEW FOCUS HATCH,,nome,,,F,flex,25,FORD,FOCUS,automoveis
2013,9,FORD,NEW FOCUS SEDAN,,nome,,,F,flex,25,FORD,FOCUS SEDAN,automoveis
2013,9,FORD,NEW FOCUS SEDAN,,nome,,,F,flex,25,FORD,FOCUS SEDAN,automoveis
2013,9,FORD,NEW FOCUS SEDAN,,nome,,,F,flex,25,FORD,FOCUS SEDAN,automoveis
2013,9,HONDA,CIVIC,,nome,,,F,flex,25,HONDA,CIVIC,automoveis
2013,9,HONDA,CIVIC,,nome,,,F,flex,25,HONDA,CIVIC,automoveis
2013,9,HONDA,CIVIC,,nome,,,F,flex,25,HONDA,CIVIC,automoveis
2013,9,HONDA,CIVIC,,nome,,,F,flex,25,HONDA,CIVIC,automoveis
2013,9,HYUNDAI,AZERA,,nome,,,G,gasolina,24,HYUNDAI,AZERA,automoveis
2013,9,HYUNDAI,SONATA,,nome,,,G,gasolina,24,HYUNDAI,SONATA,automoveis
2013,9,JAC,J5,,nome,,,G,gasolina,24,JAC,J5,automoveis
2013,9,JAGUAR,XF,,nome,,,G,gasolina,24,JAGUAR,XF,automoveis
2013,9,JAGUAR,XF,,nome,,,G,gasolina,24,JAGUAR,XF,automoveis
2013,9,KIA,CERATO,,nome,,,G,gasolina,24,KIA,CERATO,automoveis
2013,9,KIA,CERATO,,nome,,,G,gasolina,24,KIA,CERATO,automoveis
2013,9,KIA,CERATO,,nome,,,G,gasolina,24,KIA,CERATO,automoveis
2013,9,KIA,CERATO,,nome,,,G,gasolina,24,KIA,CERATO,automoveis
2013,9,KIA,CERATO,,nome,,,G,gasolina,24,KIA,CERATO,automoveis
2013,9,KIA,CERATO,,nome,,,G,gasolina,24,KIA,CERATO,automoveis
2013,9,KIA,CERATO,,nome,,,F,flex,25,KIA,CERATO,automoveis
2013,9,KIA,CERATO,,nome,,,F,flex,25,KIA,CERATO,automoveis
2013,9,KIA,CERATO,,nome,,,F,flex,25,KIA,CERATO,automoveis
2013,9,KIA,CERATO,,nome,,,F,flex,25,KIA,CERATO,automoveis
2013,10,KIA,CERATO,(CVT),nome,,,F,flex,25,KIA,CERATO,automoveis
2013,10,KIA,CERATO,,nome,,,F,flex,25,KIA,CERATO,automoveis
2013,10,KIA,OPTIMA,,nome,,,G,gasolina,24,KIA,OPTIMA,automoveis
2013,10,MITSUBISHI,LANCER,SPORT,nome,,,G,gasolina,24,MITSUBISHI,LANCER,automoveis
2013,10,MITSUBISHI,LANCER,,nome,,,G,gasolina,24,MITSUBISHI,LANCER,automoveis
2013,10,NISSAN,SENTRA,,nome,,,F,flex,25,NISSAN,SENTRA,automoveis
2013,10,NISSAN,SENTRA,,nome,,,F,flex,25,NISSAN,SENTRA,automoveis
2013,10,NISSAN,SENTRA,,nome,,,F,flex,25,NISSAN,SENTRA,automoveis
2013,10,NISSAN,NOVO SENTRA,,nome,,,F,flex,25,NISSAN,SENTRA,automoveis
2013,10,NISSAN,NOVO SENTRA,,nome,,,F,flex,25,NISSAN,SENTRA,automoveis
2013,10,NISSAN,NOVO SENTRA,,nome,,,F,flex,25,NISSAN,SENTRA,automoveis
2013,10,NISSAN,NOVO SENTRA,,nome,,,F,flex,25,NISSAN,SENTRA,automoveis
2013,10,NISSAN,NOVO SENTRA,,nome,,,F,flex,25,NISSAN,SENTRA,automoveis
2013,10,NISSAN,NOVO SENTRA,,nome,,,F,flex,25,NISSAN,SENTRA,automoveis
2013,10,NISSAN,NOVO SENTRA,,nome,,,F,flex,25,NISSAN,SENTRA,automoveis
2013,10,NISSAN,NOVO SENTRA,,nome,,,F,flex,25,NISSAN,SENTRA,automoveis
2013,10,NISSAN,NOVO SENTRA,,nome,,,F,flex,25,NISSAN,SENTRA,automoveis
2013,10,NISSAN,NOVO SENTRA,,nome,,,F,flex,25,NISSAN,SENTRA,automoveis
2013,10,NISSAN,ALTIMA,,nome,,,G,gasolina,24,NISSAN,ALTIMA,automoveis
2013,10,NISSAN,ALTIMA,,nome,,,G,gasolina,24,NISSAN,ALTIMA,automoveis
2013,10,NISSAN,ALTIMA,,nome,,,G,gasolina,24,NISSAN,ALTIMA,automoveis
2013,10,NISSAN,ALTIMA,,nome,,,G,gasolina,24,NISSAN,ALTIMA,automoveis
2013,10,PEUGEOT,3008,,nome,,,G,gasolina,24,PEUGEOT,3008,automoveis
2013,10,PEUGEOT,3008,,nome,,,G,gasolina,24,PEUGEOT,3008,automoveis
2013,10,PEUGEOT,RCZ,,nome,,,G,gasolina,24,PEUGEOT,RCZ,automoveis
2013,10,PEUGEOT,308 CC,,nome,,,G,gasolina,24,PEUGEOT,308,automoveis
2013,10,PEUGEOT,408,,nome,,,G,gasolina,24,PEUGEOT,408,automoveis
2013,10,RENAULT,FLUENCE,,nome,,,F,flex,25,RENAULT,FLUENCE,automoveis
2013,11,SUBARU,FORESTER,,nome,,,G,gasolina,24,SUBARU,FORESTER,automoveis
2013,11,SUBARU,FORESTER,,nome,,,G,gasolina,24,SUBARU,FORESTER,automoveis
2013,11,SUBARU,FORESTER,,nome,,,G,gasolina,24,SUBARU,FORESTER,automoveis
2013,11,TOYOTA,COROLLA,,nome,,,F,flex,25,TOYOTA,COROLLA,automoveis
2013,11,TOYOTA,COROLLA,,nome,,,F,flex,25,TOYOTA,COROLLA,automoveis
2013,11,TOYOTA,COROLLA,,nome,,,F,flex,25,TOYOTA,COROLLA,automoveis
2013,11,TOYOTA,COROLLA,,nome,,,F,flex,25,TOYOTA,COROLLA,automoveis
2013,11,VOLVO,S60,,nome,,,G,gasolina,24,VOLVO,S60,automoveis
2013,11,VOLVO,S60,,nome,,,G,gasolina,24,VOLVO,S60,automoveis
2013,11,VOLVO,S60,,nome,,,G,gasolina,24,VOLVO,S60,automoveis
2013,11,VOLVO,S60,,nome,,,G,gasolina,24,VOLVO,S60,automoveis
2013,11,VOLVO,S60,,nome,,,G,gasolina,24,VOLVO,S60,automoveis
2013,11,VOLVO,S60,,nome,,,G,gasolina,24,VOLVO,S60,automoveis
2013,11,VOLVO,S60,,nome,,,G,gasolina,24,VOLVO,S60,automoveis
2013,11,VOLVO,S60,,nome,,,G,gasolina,24,VOLVO,S60,automoveis
2013,11,VOLVO,V60,,nome,,,G,gasolina,24,VOLVO,V60,automoveis
2013,11,VOLVO,V60,,nome,,,G,gasolina,24,VOLVO,V60,automoveis
2013,11,VOLVO,V60,,nome,,,G,gasolina,24,VOLVO,V60,automoveis
2013,11,VOLVO,V60,,nome,,,G,gasolina,24,VOLVO,V60,automoveis
2013,11,VOLVO,V60,,nome,,,G,gasolina,24,VOLVO,V60,automoveis
2013,11,VOLVO,V60,,nome,,,G,gasolina,24,VOLVO,V60,automoveis
2013,11,VOLVO,V60,,nome,,,G,gasolina,24,VOLVO,V60,automoveis
2013,11,VOLVO,V60,,nome,,,G,gasolina,24,VOLVO,V60,automoveis
2013,11,VOLVO,V60,,nome,,,G,gasolina,24,VOLVO,V60,automoveis
2013,11,VOLVO,V60,,nome,,,G,gasolina,24,VOLVO,V60,automoveis
2013,11,CHERY,TIGGO,UTILITARIO,nome,,,G,gasolina,24,CHERY,TIGGO,automoveis
2013,11,CHERY,TIGGO,UTILITARIO,nome,,,G,gasolina,24,CAOA CHERY,TIGGO,automoveis
2013,11,CITROEN,AIRCROSS,UTILITARIO,nome,,,F,flex,25,CITROEN,AIRCROSS,automoveis
2013,11,CITROEN,AIRCROSS,UTILITARIO,nome,,,F,flex,25,CITROEN,AIRCROSS,automoveis
2013,11,CITROEN,AIRCROSS,UTILITARIO,nome,,,F,flex,25,CITROEN,AIRCROSS,automoveis
2013,12,CITROEN,AIRCROSS,UTILITARIO,nome,,,F,flex,25,CITROEN,AIRCROSS,automoveis
2013,12,FIAT,NOVO IDEA,UTILITARIO,nome,,,F,flex,25,FIAT,IDEA,automoveis
2013,12,FIAT,NOVO IDEA,UTILITARIO ADVENTURE,nome,,,F,flex,25,FIAT,IDEA,automoveis
2013,12,FIAT,PALIO,UTILITARIO,nome,,,F,flex,25,FIAT,PALIO,automoveis
2013,12,FIAT,PALIO,UTILITARIO ADVENTURE,nome,,,F,flex,25,FIAT,PALIO,automoveis
2013,12,FIAT,STRADA,UTILITARIO,nome,,,F,flex,25,FIAT,STRADA,comerciais_leves
2013,12,FIAT,STRADA,UTILITARIO ADVENTURE,nome,,,F,flex,25,FIAT,STRADA,comerciais_leves
2013,12,FIAT,STRADA,UTILITARIO,nome,,,F,flex,25,FIAT,STRADA,comerciais_leves
2013,12,FIAT,STRADA,UTILITARIO ADVENTURE C,nome,,,F,flex,25,FIAT,STRADA,comerciais_leves
2013,12,FIAT,DOBLO,UTILITARIO,nome,,,F,flex,25,FIAT,DOBLO,automoveis
2013,12,FIAT,DOBLO,UTILITARIO,nome,,,F,flex,25,FIAT,DOBLO,comerciais_leves
2013,12,FORD,ECOSPORT,UTILITARIO,nome,,,F,flex,25,FORD,ECOSPORT,automoveis
2013,12,FORD,ECOSPORT,UTILITARIO,nome,,,F,flex,25,FORD,ECOSPORT,automoveis
2013,12,FORD,ECOSPORT,UTILITARIO,nome,,,F,flex,25,FORD,ECOSPORT,automoveis
2013,12,FORD,ECOSPORT,UTILITARIO,nome,,,F,flex,25,FORD,ECOSPORT,automoveis
2013,12,FORD,ECOSPORT,UTILITARIO,nome,,,F,flex,25,FORD,ECOSPORT,automoveis
2013,12,FORD,ECOSPORT,UTILITARIO,nome,,,F,flex,25,FORD,ECOSPORT,automoveis
2013,12,FORD,ECOSPORT,UTILITARIO,nome,,,F,flex,25,FORD,ECOSPORT,automoveis
2013,12,FORD,ECOSPORT,UTILITARIO,nome,,,F,flex,25,FORD,ECOSPORT,automoveis
2013,12,HYUNDAI,IX35,UTILITARIO,nome,,,G,gasolina,24,HYUNDAI,IX35,automoveis
2013,13,HYUNDAI,IX35,UTILITARIO,nome,,,G,gasolina,24,HYUNDAI,IX35,automoveis
2013,13,HYUNDAI,SANTA FE,UTILITARIO,nome,,,G,gasolina,24,HYUNDAI,SANTAFE,automoveis
2013,13,HYUNDAI,SANTA FE,UTILITARIO,nome,,,G,gasolina,24,HYUNDAI,SANTAFE,automoveis
2013,13,HYUNDAI,TUCSON,UTILITARIO,nome,,,F,flex,25,HYUNDAI,TUCSON,automoveis
2013,13,JEEP,COMPASS,UTILITARIO,nome,,,G,gasolina,24,JEEP,COMPASS,automoveis
2013,13,KIA,SPORTAGE,UTILITARIO,nome,,,F,flex,25,KIA,SPORTAGE,automoveis
2013,13,KIA,SPORTAGE,UTILITARIO,nome,,,F,flex,25,KIA,SPORTAGE,automoveis
2013,13,KIA,SPORTAGE,UTILITARIO,nome,,,F,flex,25,KIA,SPORTAGE,automoveis
2013,13,KIA,SPORTAGE,UTILITARIO,nome,,,F,flex,25,KIA,SPORTAGE,automoveis
2013,13,KIA,SPORTAGE,UTILITARIO,nome,,,F,flex,25,KIA,SPORTAGE,automoveis
2013,13,KIA,SPORTAGE,UTILITARIO,nome,,,F,flex,25,KIA,SPORTAGE,automoveis
2013,13,KIA,SPORTAGE,UTILITARIO,nome,,,F,flex,25,KIA,SPORTAGE,automoveis
2013,13,KIA,SPORTAGE,UTILITARIO,nome,,,F,flex,25,KIA,SPORTAGE,automoveis
2013,13,MITSUBISHI,PAJERO TR4,UTILITARIO,nome,,,F,flex,25,MITSUBISHI,PAJERO,automoveis
2013,13,MITSUBISHI,OUTLANDER,UTILITARIO,nome,,,G,gasolina,24,MITSUBISHI,OUTLANDER,automoveis
2013,13,MITSUBISHI,ASX,UTILITARIO,nome,,,G,gasolina,24,MITSUBISHI,ASX,automoveis
2013,13,MITSUBISHI,ASX,UTILITARIO,nome,,,G,gasolina,24,MITSUBISHI,ASX,automoveis
2013,13,RENAULT,DUSTER,UTILITARIO,nome,,,F,flex,25,RENAULT,DUSTER,automoveis
2013,13,RENAULT,DUSTER,UTILITARIO,nome,,,F,flex,25,RENAULT,DUSTER,automoveis
2013,13,RENAULT,DUSTER,UTILITARIO,nome,,,F,flex,25,RENAULT,DUSTER,automoveis
2013,14,RENAULT,DUSTER,UTILITARIO,nome,,,F,flex,25,RENAULT,DUSTER,automoveis
2013,14,SUZUKI,GRAND VITARA,UTILITARIO,nome,,,G,gasolina,24,SUZUKI,GVITARA,automoveis
2013,14,VOLVO,XC60,UTILITARIO,nome,,,G,gasolina,24,VOLVO,XC60,automoveis
2013,14,VOLVO,XC60,UTILITARIO,nome,,,G,gasolina,24,VOLVO,XC60,automoveis
2013,14,VOLVO,XC60,UTILITARIO,nome,,,G,gasolina,24,VOLVO,XC60,automoveis
2013,14,VOLVO,XC60,UTILITARIO,nome,,,G,gasolina,24,VOLVO,XC60,automoveis
2013,14,FORD,ECOSPORT,FORA DE,nome,,,F,flex,25,FORD,ECOSPORT,automoveis
2013,14,JEEP,WRANGLER,FORA DE,nome,,,G,gasolina,24,JEEP,WRANGLER,automoveis
2013,14,KIA,SORENTO,FORA DE,nome,,,G,gasolina,24,KIA,SORENTO,automoveis
2013,14,KIA,SORENTO,FORA DE,nome,,,G,gasolina,24,KIA,SORENTO,automoveis
2013,14,KIA,SORENTO,FORA DE,nome,,,G,gasolina,24,KIA,SORENTO,automoveis
2013,14,KIA,SORENTO,FORA DE,nome,,,G,gasolina,24,KIA,SORENTO,automoveis
2013,14,LAND ROVER,EVOQUE,FORA DE,nome,,,G,gasolina,24,LAND ROVER,EVOQUE,automoveis
2013,14,LAND ROVER,EVOQUE,FORA DE,nome,,,G,gasolina,24,LAND ROVER,EVOQUE,automoveis
2013,14,LAND ROVER,EVOQUE,FORA DE,nome,,,G,gasolina,24,LAND ROVER,EVOQUE,automoveis
2013,14,LAND ROVER,EVOQUE,FORA DE,nome,,,G,gasolina,24,LAND ROVER,EVOQUE,automoveis
2013,14,LAND ROVER,EVOQUE,FORA DE,nome,,,G,gasolina,24,LAND ROVER,EVOQUE,automoveis
2013,14,LAND ROVER,EVOQUE,FORA DE,nome,,,G,gasolina,24,LAND ROVER,EVOQUE,automoveis
2013,14,LAND ROVER,EVOQUE,FORA DE,nome,,,G,gasolina,24,LAND ROVER,EVOQUE,automoveis
2013,15,LAND ROVER,EVOQUE,FORA DE,nome,,,G,gasolina,24,LAND ROVER,EVOQUE,automoveis
2013,15,LAND ROVER,EVOQUE,FORA DE,nome,,,G,gasolina,24,LAND ROVER,EVOQUE,automoveis
2013,15,LAND ROVER,EVOQUE,FORA DE,nome,,,G,gasolina,24,LAND ROVER,EVOQUE,automoveis
2013,15,LAND ROVER,FREELANDER 2,FORA DE,nome,,,G,gasolina,24,LAND ROVER,FREELANDER,automoveis
2013,15,LAND ROVER,FREELANDER 2,FORA DE,nome,,,G,gasolina,24,LAND ROVER,FREELANDER,automoveis
2013,15,LAND ROVER,FREELANDER 2,FORA DE,nome,,,G,gasolina,24,LAND ROVER,FREELANDER,automoveis
2013,15,LAND ROVER,FREELANDER 2,FORA DE,nome,,,G,gasolina,24,LAND ROVER,FREELANDER,automoveis
2013,15,MITSUBISHI,OUTLANDER,FORA DE,nome,,,G,gasolina,24,MITSUBISHI,OUTLANDER,automoveis
2013,15,MITSUBISHI,ASX,FORA DE,nome,,,G,gasolina,24,MITSUBISHI,ASX,automoveis
2013,15,PORSCHE,CAYENNE,FORA DE,nome,,,G,gasolina,24,PORSCHE,CAYENNE,automoveis
2013,15,PORSCHE,CAYENNE,FORA DE,nome,,,G,gasolina,24,PORSCHE,CAYENNE,automoveis
2013,15,PORSCHE,CAYENNE,FORA DE,nome,,,G,gasolina,24,PORSCHE,CAYENNE,automoveis
2013,15,PORSCHE,CAYENNE,FORA DE,nome,,,G,gasolina,24,PORSCHE,CAYENNE,automoveis
2013,15,RENAULT,DUSTER,FORA DE,nome,,,F,flex,25,RENAULT,DUSTER,automoveis
2013,15,SUZUKI,JIMNY,FORA DE,nome,,,G,gasolina,24,SUZUKI,JIMNY,automoveis
2013,15,SUZUKI,GRAND VITARA,FORA DE,nome,,,G,gasolina,24,SUZUKI,GVITARA,automoveis
2013,15,SUZUKI,GRAND VITARA,FORA DE,nome,,,G,gasolina,24,SUZUKI,GVITARA,automoveis
2013,15,VOLVO,XC60,FORA DE,nome,,,G,gasolina,24,VOLVO,XC60,automoveis
2013,15,VOLVO,XC60,FORA DE,nome,,,G,gasolina,24,VOLVO,XC60,automoveis
2013,16,VOLVO,XC60,FORA DE,nome,,,G,gasolina,24,VOLVO,XC60,automoveis
2013,16,VOLVO,XC60,FORA DE,nome,,,G,gasolina,24,VOLVO,XC60,automoveis
2013,16,VOLVO,XC90,FORA DE,nome,,,G,gasolina,24,VOLVO,XC90,automoveis
2013,16,DODGE,JOURNEY,,nome,,,G,gasolina,24,DODGE,JOURNEY,automoveis
2013,16,FIAT,DOBLO,,nome,,,F,flex,25,FIAT,DOBLO,automoveis
2013,16,FIAT,DOBLO,,nome,,,F,flex,25,FIAT,DOBLO,comerciais_leves
2013,16,FIAT,FREEMONT,,nome,,,G,gasolina,24,FIAT,FREEMONT,automoveis
2013,16,JAC,J6,,nome,,,G,gasolina,24,JAC,J6,automoveis
2013,16,JAC,J6,"2,0S DIAMOND",nome,,,G,gasolina,24,JAC,J6,automoveis
2013,16,JAC,J6,7S,nome,,,G,gasolina,24,JAC,J6,automoveis
2013,16,JAC,J6,,nome,,,G,gasolina,24,JAC,J6,automoveis
2013,16,JAC,J6,,nome,,,G,gasolina,24,JAC,J6,automoveis
2013,16,VOLKSWAGEN,KOMBI,,nome,,,F,flex,25,VW,KOMBI,comerciais_leves
2013,16,FIAT,DOBLO,SC6360H,nome,,,F,flex,25,FIAT,DOBLO,automoveis
2013,16,FIAT,DOBLO,SC6360H,nome,,,F,flex,25,FIAT,DOBLO,comerciais_leves
2013,16,FIAT,DOBLO,,nome,,,F,flex,25,FIAT,DOBLO,automoveis
2013,16,FIAT,DOBLO,,nome,,,F,flex,25,FIAT,DOBLO,comerciais_leves
2013,16,JINBEI,VAN 13P,,nome,,,G,gasolina,24,JINBEI,VAN 13P,comerciais_leves
2013,16,JINBEI,VAN 13P,,nome,,,G,gasolina,24,JINBEI,VAN 13P,comerciais_leves
2013,16,JINBEI,VAN CARGO,,nome,,,G,gasolina,24,JINBEI,VAN CARGO,comerciais_leves
2013,17,JINBEI,TOPIC,(CVT),nome,,,G,gasolina,24,JINBEI,TOPIC,comerciais_leves
2013,17,JINBEI,TOPIC,,nome,,,G,gasolina,24,JINBEI,TOPIC,comerciais_leves
2013,17,JINBEI,TOPIC,,nome,,,G,gasolina,24,JINBEI,TOPIC,comerciais_leves
2013,17,RENAULT,KANGOO,,nome,,,F,flex,25,RENAULT,KANGOO,automoveis
2013,17,RENAULT,KANGOO,,nome,,,F,flex,25,RENAULT,KANGOO,comerciais_leves
2013,17,VOLKSWAGEN,KOMBI,,nome,,,F,flex,25,VW,KOMBI,comerciais_leves
2013,17,VOLKSWAGEN,KOMBI,,nome,,,F,flex,25,VW,KOMBI,comerciais_leves
2013,17,VOLKSWAGEN,KOMBI,,nome,,,F,flex,25,VW,KOMBI,comerciais_leves
2013,17,VOLKSWAGEN,KOMBI,,nome,,,F,flex,25,VW,KOMBI,comerciais_leves
2013,17,FIAT,FIORINO,CARGA,nome,,,F,flex,25,FIAT,FIORINO,comerciais_leves
2013,17,FIAT,NOVO FIORINO,CARGA,nome,,,F,flex,25,FIAT,FIORINO,comerciais_leves
2013,17,FIAT,STRADA,CARGA WORKING CABINE,nome,,,F,flex,25,FIAT,STRADA,comerciais_leves
2013,17,FIAT,STRADA,CARGA WORKING CABINE,nome,,,F,flex,25,FIAT,STRADA,comerciais_leves
2013,17,FIAT,STRADA,CARGA WORKING CABINE,nome,,,F,flex,25,FIAT,STRADA,comerciais_leves
2013,17,FIAT,STRADA,CARGA TREKKING CABINE,nome,,,F,flex,25,FIAT,STRADA,comerciais_leves
2013,17,FIAT,STRADA,CARGA TREKKING CABINE,nome,,,F,flex,25,FIAT,STRADA,comerciais_leves
2013,17,FIAT,STRADA,CARGA TREKKING CABINE,nome,,,F,flex,25,FIAT,STRADA,comerciais_leves
2013,17,VOLKSWAGEN,SAVEIRO,CARGA,nome,,,F,flex,25,VW,SAVEIRO,comerciais_leves
2013,17,VOLKSWAGEN,SAVEIRO,CARGA CABINE SIMPLES,nome,,,F,flex,25,VW,SAVEIRO,comerciais_leves
2013,17,VOLKSWAGEN,SAVEIRO,CARGA CABINE,nome,,,F,flex,25,VW,SAVEIRO,comerciais_leves
2013,17,VOLKSWAGEN,SAVEIRO,CARGA,nome,,,F,flex,25,VW,SAVEIRO,comerciais_leves
2013,18,MERCEDES-BENZ,SLK 250,,nome,,,G,gasolina,24,M.BENZ,SLK,automoveis
2013,18,PORSCHE,CAYMAN,,nome,,,G,gasolina,24,PORSCHE,CAYMAN,automoveis
2013,18,PORSCHE,CAYMAN,,nome,,,G,gasolina,24,PORSCHE,CAYMAN,automoveis
2013,18,PORSCHE,911,,nome,,,G,gasolina,24,PORSCHE,911,automoveis
2013,18,PORSCHE,911,CARRERA S,nome,,,G,gasolina,24,PORSCHE,911,automoveis
2013,18,PORSCHE,911,CABRIOLET,nome,,,G,gasolina,24,PORSCHE,911,automoveis
2013,18,PORSCHE,911,,nome,,,G,gasolina,24,PORSCHE,911,automoveis
2013,18,PORSCHE,911,,nome,,,G,gasolina,24,PORSCHE,911,automoveis
2013,18,PORSCHE,911,,nome,,,G,gasolina,24,PORSCHE,911,automoveis
2013,18,PORSCHE,PANAMERA,,nome,,,G,gasolina,24,PORSCHE,PANAMERA,automoveis
2013,18,PORSCHE,PANAMERA,,nome,,,G,gasolina,24,PORSCHE,PANAMERA,automoveis
2013,18,PORSCHE,PANAMERA,,nome,,,G,gasolina,24,PORSCHE,PANAMERA,automoveis
2013,18,PORSCHE,PANAMERA,,nome,,,G,gasolina,24,PORSCHE,PANAMERA,automoveis
2014,1,CHERY,QQ,SUB,nome,,,G,gasolina,24,CHERY,QQ,automoveis
2014,1,CHERY,QQ,SUB,nome,,,G,gasolina,24,CAOA CHERY,QQ,automoveis
2014,1,CHERY,FACE,SUB,nome,,,F,flex,25,CHERY,FACE,automoveis
2014,1,FIAT,NOVO UNO,SUB ATTRACTIVE,nome,,,F,flex,25,FIAT,UNO,automoveis
2014,1,FIAT,NOVO UNO,SUB ATTRACTIVE,nome,,,F,flex,25,FIAT,UNO,comerciais_leves
2014,1,FIAT,NOVO UNO,SUB EVOLUTION S&S,nome,,,F,flex,25,FIAT,UNO,automoveis
2014,1,FIAT,NOVO UNO,SUB EVOLUTION S&S,nome,,,F,flex,25,FIAT,UNO,comerciais_leves
2014,1,FIAT,NOVO UNO,SUB VIVACE 2,nome,,,F,flex,25,FIAT,UNO,automoveis
2014,1,FIAT,NOVO UNO,SUB VIVACE 2,nome,,,F,flex,25,FIAT,UNO,comerciais_leves
2014,1,FIAT,NOVO UNO,SUB VIVACE 4,nome,,,F,flex,25,FIAT,UNO,automoveis
2014,1,FIAT,NOVO UNO,SUB VIVACE 4,nome,,,F,flex,25,FIAT,UNO,comerciais_leves
2014,1,FIAT,NOVO UNO,SUB,nome,,,F,flex,25,FIAT,UNO,automoveis
2014,1,FIAT,NOVO UNO,SUB,nome,,,F,flex,25,FIAT,UNO,comerciais_leves
2014,1,FIAT,NOVO UNO,SUB,nome,,,F,flex,25,FIAT,UNO,automoveis
2014,1,FIAT,NOVO UNO,SUB,nome,,,F,flex,25,FIAT,UNO,comerciais_leves
2014,2,FIAT,NOVO UNO,SUB ECONOMY EVO,nome,,,F,flex,25,FIAT,UNO,automoveis
2014,2,FIAT,NOVO UNO,SUB ECONOMY EVO,nome,,,F,flex,25,FIAT,UNO,comerciais_leves
2014,2,FIAT,UNO,SUB VIVACE (2015),nome,,,F,flex,25,FIAT,UNO,automoveis
2014,2,FIAT,UNO,SUB VIVACE (2015),nome,,,F,flex,25,FIAT,UNO,comerciais_leves
2014,2,FIAT,UNO,SUB VIVACE (2015),nome,,,F,flex,25,FIAT,UNO,automoveis
2014,2,FIAT,UNO,SUB VIVACE (2015),nome,,,F,flex,25,FIAT,UNO,comerciais_leves
2014,2,FIAT,PALIO,SUB,nome,,,F,flex,25,FIAT,PALIO,automoveis
2014,2,FIAT,PALIO,SUB,nome,,,F,flex,25,FIAT,PALIO,automoveis
2014,2,FIAT,PALIO,SUB FIRE WAY 2,nome,,,F,flex,25,FIAT,PALIO,automoveis
2014,2,FIAT,PALIO,SUB FIRE WAY 4,nome,,,F,flex,25,FIAT,PALIO,automoveis
2014,2,FIAT,500,SUB,nome,,,F,flex,25,FIAT,500,automoveis
2014,2,FIAT,500,SUB,nome,,,F,flex,25,FIAT,500,automoveis
2014,2,FIAT,500,SUB,nome,,,F,flex,25,FIAT,500,automoveis
2014,2,KIA,PICANTO,SUB,nome,,,F,flex,25,KIA,PICANTO,automoveis
2014,2,KIA,PICANTO,SUB,nome,,,F,flex,25,KIA,PICANTO,automoveis
2014,2,KIA,PICANTO,SUB,nome,,,F,flex,25,KIA,PICANTO,automoveis
2014,2,KIA,PICANTO,SUB,nome,,,F,flex,25,KIA,PICANTO,automoveis
2014,2,NISSAN,MARCH,SUB,nome,,,F,flex,25,NISSAN,MARCH,automoveis
2014,2,NISSAN,MARCH,SUB,nome,,,F,flex,25,NISSAN,MARCH,automoveis
2014,2,NISSAN,MARCH,SUB,nome,,,F,flex,25,NISSAN,MARCH,automoveis
2014,2,RENAULT,CLIO,SUB AUTHENTIQUE 3,nome,,,F,flex,25,RENAULT,CLIO,automoveis
2014,2,RENAULT,CLIO,SUB AUTHENTIQUE 5,nome,,,F,flex,25,RENAULT,CLIO,automoveis
2014,3,RENAULT,CLIO,SUB EXPRESSION 5,nome,,,F,flex,25,RENAULT,CLIO,automoveis
2014,3,RENAULT,CLIO,SUB AUTHENTIQUE 3,nome,,,F,flex,25,RENAULT,CLIO,automoveis
2014,3,RENAULT,CLIO,SUB AUTHENTIQUE 5,nome,,,F,flex,25,RENAULT,CLIO,automoveis
2014,3,RENAULT,CLIO,SUB EXPRESSION 5,nome,,,F,flex,25,RENAULT,CLIO,automoveis
2014,3,SMART,FORTWO,SUB 71CV MHD,nome,,,G,gasolina,24,SMART,FORTWO,automoveis
2014,3,SMART,FORTWO,SUB 84CV TURBO,nome,,,G,gasolina,24,SMART,FORTWO,automoveis
2014,3,SMART,FORTWO,SUB 84CV TURBO,nome,,,G,gasolina,24,SMART,FORTWO,automoveis
2014,3,VOLKSWAGEN,FOX,SUB BLUEMOTION - 2,nome,,,F,flex,25,VW,FOX/CROSS FOX,automoveis
2014,3,VOLKSWAGEN,FOX,SUB BLUEMOTION - 4,nome,,,F,flex,25,VW,FOX/CROSS FOX,automoveis
2014,3,VOLKSWAGEN,UP!,SUB TAKE - 2,nome,,,F,flex,25,VW,UP,automoveis
2014,3,VOLKSWAGEN,UP!,SUB TAKE - 4,nome,,,F,flex,25,VW,UP,automoveis
2014,3,VOLKSWAGEN,UP!,SUB MOVE - 2,nome,,,F,flex,25,VW,UP,automoveis
2014,3,VOLKSWAGEN,UP!,SUB MOVE - 4,nome,,,F,flex,25,VW,UP,automoveis
2014,3,VOLKSWAGEN,UP!,SUB HIGH - 4,nome,,,F,flex,25,VW,UP,automoveis
2014,3,VOLKSWAGEN,UP!,"SUB BLACK, WHITE,",nome,,,F,flex,25,VW,UP,automoveis
2014,3,VOLKSWAGEN,UP!,SUB,nome,,,F,flex,25,VW,UP,automoveis
2014,3,VOLKSWAGEN,UP!,SUB,nome,,,F,flex,25,VW,UP,automoveis
2014,3,VOLKSWAGEN,UP!,SUB,nome,,,F,flex,25,VW,UP,automoveis
2014,4,VOLKSWAGEN,UP!,SUB,nome,,,F,flex,25,VW,UP,automoveis
2014,4,CITROEN,C3,I-MOTION,nome,,,F,flex,25,CITROEN,C3,automoveis
2014,4,CITROEN,C3,,nome,,,F,flex,25,CITROEN,C3,automoveis
2014,4,CITROEN,C3,,nome,,,F,flex,25,CITROEN,C3,automoveis
2014,4,CITROEN,C3,,nome,,,F,flex,25,CITROEN,C3,automoveis
2014,4,CITROEN,C3,,nome,,,F,flex,25,CITROEN,C3,automoveis
2014,4,CITROEN,C3,,nome,,,F,flex,25,CITROEN,C3,automoveis
2014,4,FIAT,SIENA,CHIC,nome,,,F,flex,25,FIAT,SIENA,automoveis
2014,4,FIAT,SIENA,,nome,,,F,flex,25,FIAT,SIENA,automoveis
2014,4,FIAT,NOVO PALIO,,nome,,,F,flex,25,FIAT,PALIO,automoveis
2014,4,FIAT,NOVO PALIO,,nome,,,F,flex,25,FIAT,PALIO,automoveis
2014,4,FIAT,PUNTO,ATTRACTIVE,nome,,,F,flex,25,FIAT,PUNTO,automoveis
2014,4,FIAT,PUNTO,EVO,nome,,,F,flex,25,FIAT,PUNTO,automoveis
2014,4,FIAT,PUNTO,ESSENCE,nome,,,F,flex,25,FIAT,PUNTO,automoveis
2014,4,FIAT,IDEA,DUALOGIC,nome,,,F,flex,25,FIAT,IDEA,automoveis
2014,4,FORD,KA (5 PORTAS),,nome,,,F,flex,25,FORD,KA,automoveis
2014,4,FORD,KA (5 PORTAS),,nome,,,F,flex,25,FORD,KA,automoveis
2014,4,FORD,KA (5 PORTAS),,nome,,,F,flex,25,FORD,KA,automoveis
2014,4,FORD,KA (5 PORTAS),,nome,,,F,flex,25,FORD,KA,automoveis
2014,4,FORD,NEW FIESTA HATCH,,nome,,,F,flex,25,FORD,NEW FIESTA,automoveis
2014,4,FORD,NEW FIESTA HATCH,,nome,,,F,flex,25,FORD,NEW FIESTA,automoveis
2014,4,FORD,NEW FIESTA HATCH,,nome,,,F,flex,25,FORD,NEW FIESTA,automoveis
2014,4,FORD,NEW FIESTA HATCH,,nome,,,F,flex,25,FORD,NEW FIESTA,automoveis
2014,4,FORD,NEW FIESTA HATCH,,nome,,,F,flex,25,FORD,NEW FIESTA,automoveis
2014,4,FORD,NEW FIESTA HATCH,,nome,,,F,flex,25,FORD,NEW FIESTA,automoveis
2014,4,FORD,NEW FIESTA HATCH,,nome,,,F,flex,25,FORD,NEW FIESTA,automoveis
2014,4,FORD,NEW FIESTA HATCH,,nome,,,F,flex,25,FORD,NEW FIESTA,automoveis
2014,4,FORD,NEW FIESTA HATCH,,nome,,,F,flex,25,FORD,NEW FIESTA,automoveis
2014,5,FORD,NEW FIESTA HATCH,TITANIUM,nome,,,F,flex,25,FORD,NEW FIESTA,automoveis
2014,5,FORD,NEW FIESTA HATCH,(2015),nome,,,F,flex,25,FORD,NEW FIESTA,automoveis
2014,5,FORD,NEW FIESTA HATCH,TITANIUM,nome,,,F,flex,25,FORD,NEW FIESTA,automoveis
2014,5,HONDA,FIT (NOVO),(2015),nome,,,F,flex,25,HONDA,FIT,automoveis
2014,5,HONDA,FIT (NOVO),,nome,,,F,flex,25,HONDA,FIT,automoveis
2014,5,HONDA,FIT (NOVO),,nome,,,F,flex,25,HONDA,FIT,automoveis
2014,5,HONDA,FIT (NOVO),,nome,,,F,flex,25,HONDA,FIT,automoveis
2014,5,HONDA,FIT (NOVO),,nome,,,F,flex,25,HONDA,FIT,automoveis
2014,5,HONDA,FIT (NOVO),,nome,,,F,flex,25,HONDA,FIT,automoveis
2014,5,HONDA,FIT,,nome,,,F,flex,25,HONDA,FIT,automoveis
2014,5,HONDA,FIT,,nome,,,F,flex,25,HONDA,FIT,automoveis
2014,5,HONDA,FIT,,nome,,,F,flex,25,HONDA,FIT,automoveis
2014,5,HONDA,FIT,,nome,,,F,flex,25,HONDA,FIT,automoveis
2014,5,HONDA,FIT,,nome,,,F,flex,25,HONDA,FIT,automoveis
2014,5,HONDA,FIT,,nome,,,F,flex,25,HONDA,FIT,automoveis
2014,5,HONDA,FIT,,nome,,,F,flex,25,HONDA,FIT,automoveis
2014,5,HYUNDAI,HB20,,nome,,,F,flex,25,HYUNDAI,HB20,automoveis
2014,5,HYUNDAI,HB20,,nome,,,F,flex,25,HYUNDAI,HB20,automoveis
2014,5,HYUNDAI,HB20,,nome,,,F,flex,25,HYUNDAI,HB20,automoveis
2014,5,HYUNDAI,HB20,,nome,,,F,flex,25,HYUNDAI,HB20,automoveis
2014,5,HYUNDAI,HB20,,nome,,,F,flex,25,HYUNDAI,HB20,automoveis
2014,5,HYUNDAI,HB20,,nome,,,F,flex,25,HYUNDAI,HB20,automoveis
2014,5,HYUNDAI,HB20,,nome,,,F,flex,25,HYUNDAI,HB20,automoveis
2014,5,HYUNDAI,HB20X,,nome,,,F,flex,25,HYUNDAI,HB20,automoveis
2014,5,HYUNDAI,HB20X,,nome,,,F,flex,25,HYUNDAI,HB20,automoveis
2014,5,HYUNDAI,HB20X,,nome,,,F,flex,25,HYUNDAI,HB20,automoveis
2014,5,HYUNDAI,HB20X,,nome,,,F,flex,25,HYUNDAI,HB20,automoveis
2014,5,JAC,J3,,nome,,,G,gasolina,24,JAC,J3,automoveis
2014,5,JAC,J3,,nome,,,G,gasolina,24,JAC,J3,automoveis
2014,5,JAC,J3 TURIN,,nome,,,G,gasolina,24,JAC,J3 TURIN,automoveis
2014,5,JAC,J3 TURIN,,nome,,,G,gasolina,24,JAC,J3 TURIN,automoveis
2014,5,NISSAN,NEW MARCH,,nome,,,F,flex,25,NISSAN,MARCH,automoveis
2014,6,NISSAN,NEW MARCH,(CVT),nome,,,F,flex,25,NISSAN,MARCH,automoveis
2014,6,NISSAN,NEW MARCH,,nome,,,F,flex,25,NISSAN,MARCH,automoveis
2014,6,NISSAN,NEW MARCH,,nome,,,F,flex,25,NISSAN,MARCH,automoveis
2014,6,NISSAN,NEW MARCH,,nome,,,F,flex,25,NISSAN,MARCH,automoveis
2014,6,NISSAN,NEW MARCH,,nome,,,F,flex,25,NISSAN,MARCH,automoveis
2014,6,NISSAN,NEW MARCH,,nome,,,F,flex,25,NISSAN,MARCH,automoveis
2014,6,PEUGEOT,207 HB,,nome,,,F,flex,25,PEUGEOT,207,automoveis
2014,6,PEUGEOT,207 PASSION,,nome,,,F,flex,25,PEUGEOT,207 SEDAN,automoveis
2014,6,PEUGEOT,207 PASSION,,nome,,,F,flex,25,PEUGEOT,207 SEDAN,automoveis
2014,6,PEUGEOT,208,,nome,,,F,flex,25,PEUGEOT,208,automoveis
2014,6,PEUGEOT,208,,nome,,,F,flex,25,PEUGEOT,208,automoveis
2014,6,PEUGEOT,208,,nome,,,F,flex,25,PEUGEOT,208,automoveis
2014,6,PEUGEOT,208,,nome,,,F,flex,25,PEUGEOT,208,automoveis
2014,6,PEUGEOT,208,,nome,,,F,flex,25,PEUGEOT,208,automoveis
2014,6,PEUGEOT,208,,nome,,,F,flex,25,PEUGEOT,208,automoveis
2014,6,RENAULT,SANDERO,,nome,,,F,flex,25,RENAULT,SANDERO,automoveis
2014,6,RENAULT,SANDERO,,nome,,,F,flex,25,RENAULT,SANDERO,automoveis
2014,6,RENAULT,SANDERO,,nome,,,F,flex,25,RENAULT,SANDERO,automoveis
2014,6,RENAULT,SANDERO,,nome,,,F,flex,25,RENAULT,SANDERO,automoveis
2014,6,RENAULT,NOVO SANDERO,,nome,,,F,flex,25,RENAULT,SANDERO,automoveis
2014,6,RENAULT,NOVO SANDERO,,nome,,,F,flex,25,RENAULT,SANDERO,automoveis
2014,6,TOYOTA,ETIOS HATCHBACK,,nome,,,F,flex,25,TOYOTA,ETIOS HB,automoveis
2014,6,TOYOTA,ETIOS HATCHBACK,,nome,,,F,flex,25,TOYOTA,ETIOS HB,automoveis
2014,6,TOYOTA,ETIOS HATCHBACK,,nome,,,F,flex,25,TOYOTA,ETIOS HB,automoveis
2014,6,TOYOTA,ETIOS HATCHBACK,,nome,,,F,flex,25,TOYOTA,ETIOS HB,automoveis
2014,6,VOLKSWAGEN,GOL,BLUEMOTION,nome,,,F,flex,25,VW,GOL,automoveis
2014,6,VOLKSWAGEN,GOL,BLUEMOTION,nome,,,F,flex,25,VW,GOL,comerciais_leves
2014,6,VOLKSWAGEN,GOL,BLUEMOTION,nome,,,F,flex,25,VW,GOL,automoveis
2014,6,VOLKSWAGEN,GOL,BLUEMOTION,nome,,,F,flex,25,VW,GOL,comerciais_leves
2014,6,VOLKSWAGEN,GOL,PORTAS,nome,,,F,flex,25,VW,GOL,automoveis
2014,6,VOLKSWAGEN,GOL,PORTAS,nome,,,F,flex,25,VW,GOL,comerciais_leves
2014,6,VOLKSWAGEN,GOL,,nome,,,F,flex,25,VW,GOL,automoveis
2014,6,VOLKSWAGEN,GOL,,nome,,,F,flex,25,VW,GOL,comerciais_leves
2014,6,VOLKSWAGEN,GOL,,nome,,,F,flex,25,VW,GOL,automoveis
2014,6,VOLKSWAGEN,GOL,,nome,,,F,flex,25,VW,GOL,comerciais_leves
2014,6,VOLKSWAGEN,GOL,,nome,,,F,flex,25,VW,GOL,automoveis
2014,6,VOLKSWAGEN,GOL,,nome,,,F,flex,25,VW,GOL,comerciais_leves
2014,7,VOLKSWAGEN,GOL,TRENDLINE 2,nome,,,F,flex,25,VW,GOL,automoveis
2014,7,VOLKSWAGEN,GOL,TRENDLINE 2,nome,,,F,flex,25,VW,GOL,comerciais_leves
2014,7,VOLKSWAGEN,GOL,TRENDLINE 4,nome,,,F,flex,25,VW,GOL,automoveis
2014,7,VOLKSWAGEN,GOL,TRENDLINE 4,nome,,,F,flex,25,VW,GOL,comerciais_leves
2014,7,VOLKSWAGEN,GOL,COMFORTLINE 2,nome,,,F,flex,25,VW,GOL,automoveis
2014,7,VOLKSWAGEN,GOL,COMFORTLINE 2,nome,,,F,flex,25,VW,GOL,comerciais_leves
2014,7,VOLKSWAGEN,GOL,COMFORTLINE 2,nome,,,F,flex,25,VW,GOL,automoveis
2014,7,VOLKSWAGEN,GOL,COMFORTLINE 2,nome,,,F,flex,25,VW,GOL,comerciais_leves
2014,7,VOLKSWAGEN,GOL,PORTAS,nome,,,F,flex,25,VW,GOL,automoveis
2014,7,VOLKSWAGEN,GOL,PORTAS,nome,,,F,flex,25,VW,GOL,comerciais_leves
2014,7,VOLKSWAGEN,GOL,,nome,,,F,flex,25,VW,GOL,automoveis
2014,7,VOLKSWAGEN,GOL,,nome,,,F,flex,25,VW,GOL,comerciais_leves
2014,7,VOLKSWAGEN,GOL,,nome,,,F,flex,25,VW,GOL,automoveis
2014,7,VOLKSWAGEN,GOL,,nome,,,F,flex,25,VW,GOL,comerciais_leves
2014,7,VOLKSWAGEN,GOL,,nome,,,F,flex,25,VW,GOL,automoveis
2014,7,VOLKSWAGEN,GOL,,nome,,,F,flex,25,VW,GOL,comerciais_leves
2014,7,VOLKSWAGEN,GOL,,nome,,,F,flex,25,VW,GOL,automoveis
2014,7,VOLKSWAGEN,GOL,,nome,,,F,flex,25,VW,GOL,comerciais_leves
2014,7,VOLKSWAGEN,GOL,TRENDLINE 2,nome,,,F,flex,25,VW,GOL,automoveis
2014,7,VOLKSWAGEN,GOL,TRENDLINE 2,nome,,,F,flex,25,VW,GOL,comerciais_leves
2014,7,VOLKSWAGEN,GOL,TRENDLINE 4,nome,,,F,flex,25,VW,GOL,automoveis
2014,7,VOLKSWAGEN,GOL,TRENDLINE 4,nome,,,F,flex,25,VW,GOL,comerciais_leves
2014,7,VOLKSWAGEN,GOL,COMFORTLINE 2,nome,,,F,flex,25,VW,GOL,automoveis
2014,7,VOLKSWAGEN,GOL,COMFORTLINE 2,nome,,,F,flex,25,VW,GOL,comerciais_leves
2014,7,VOLKSWAGEN,GOL,COMFORTLINE 2,nome,,,F,flex,25,VW,GOL,automoveis
2014,7,VOLKSWAGEN,GOL,COMFORTLINE 2,nome,,,F,flex,25,VW,GOL,comerciais_leves
2014,7,VOLKSWAGEN,GOL,PORTAS,nome,,,F,flex,25,VW,GOL,automoveis
2014,7,VOLKSWAGEN,GOL,PORTAS,nome,,,F,flex,25,VW,GOL,comerciais_leves
2014,7,VOLKSWAGEN,GOL,,nome,,,F,flex,25,VW,GOL,automoveis
2014,7,VOLKSWAGEN,GOL,,nome,,,F,flex,25,VW,GOL,comerciais_leves
2014,7,VOLKSWAGEN,GOL,I-MOTION 2,nome,,,F,flex,25,VW,GOL,automoveis
2014,7,VOLKSWAGEN,GOL,I-MOTION 2,nome,,,F,flex,25,VW,GOL,comerciais_leves
2014,7,VOLKSWAGEN,GOL,I-MOTION 4,nome,,,F,flex,25,VW,GOL,automoveis
2014,7,VOLKSWAGEN,GOL,I-MOTION 4,nome,,,F,flex,25,VW,GOL,comerciais_leves
2014,7,VOLKSWAGEN,GOL,CITY I-MOTION,nome,,,F,flex,25,VW,GOL,automoveis
2014,7,VOLKSWAGEN,GOL,CITY I-MOTION,nome,,,F,flex,25,VW,GOL,comerciais_leves
2014,7,VOLKSWAGEN,GOL,CITY I-MOTION,nome,,,F,flex,25,VW,GOL,automoveis
2014,7,VOLKSWAGEN,GOL,CITY I-MOTION,nome,,,F,flex,25,VW,GOL,comerciais_leves
2014,7,VOLKSWAGEN,GOL,TRENDLINE I-,nome,,,F,flex,25,VW,GOL,automoveis
2014,7,VOLKSWAGEN,GOL,TRENDLINE I-,nome,,,F,flex,25,VW,GOL,comerciais_leves
2014,7,VOLKSWAGEN,GOL,TRENDLINE I-,nome,,,F,flex,25,VW,GOL,automoveis
2014,7,VOLKSWAGEN,GOL,TRENDLINE I-,nome,,,F,flex,25,VW,GOL,comerciais_leves
2014,7,VOLKSWAGEN,GOL,COMFORTLINE I-,nome,,,F,flex,25,VW,GOL,automoveis
2014,7,VOLKSWAGEN,GOL,COMFORTLINE I-,nome,,,F,flex,25,VW,GOL,comerciais_leves
2014,8,VOLKSWAGEN,GOL,COMFORTLINE I-,nome,,,F,flex,25,VW,GOL,automoveis
2014,8,VOLKSWAGEN,GOL,COMFORTLINE I-,nome,,,F,flex,25,VW,GOL,comerciais_leves
2014,8,VOLKSWAGEN,GOL,HIGHLINE I-,nome,,,F,flex,25,VW,GOL,automoveis
2014,8,VOLKSWAGEN,GOL,HIGHLINE I-,nome,,,F,flex,25,VW,GOL,comerciais_leves
2014,8,VOLKSWAGEN,GOL,SELECAO I-,nome,,,F,flex,25,VW,GOL,automoveis
2014,8,VOLKSWAGEN,GOL,SELECAO I-,nome,,,F,flex,25,VW,GOL,comerciais_leves
2014,8,VOLKSWAGEN,NEW FOX,MOTION,nome,,,F,flex,25,VW,FOX/CROSS FOX,automoveis
2014,8,VOLKSWAGEN,POLO,,nome,,,F,flex,25,VW,POLO,automoveis
2014,8,VOLKSWAGEN,POLO SEDAN,,nome,,,F,flex,25,VW,POLO SEDAN,automoveis
2014,8,AUDI,A1,SPORTBACK,nome,,,G,gasolina,24,AUDI,A1,automoveis
2014,8,AUDI,A3,SPORTBACK,nome,,,G,gasolina,24,AUDI,A3,automoveis
2014,8,AUDI,A3,SPORTBACK,nome,,,G,gasolina,24,AUDI,A3,automoveis
2014,8,CHERY,CELER,AMBITION,nome,,,F,flex,25,CHERY,CELER,automoveis
2014,8,CHERY,CELER,,nome,,,F,flex,25,CHERY,CELER,automoveis
2014,8,CHERY,TIGGO,,nome,,,G,gasolina,24,CHERY,TIGGO,automoveis
2014,8,CHERY,TIGGO,,nome,,,G,gasolina,24,CAOA CHERY,TIGGO,automoveis
2014,8,FIAT,GRAND SIENA,,nome,,,F,flex,25,FIAT,SIENA,automoveis
2014,8,FIAT,PALIO WEEKEND,,nome,,,F,flex,25,FIAT,PALIO WEEKEND,automoveis
2014,8,FORD,KA+ (4 PORTAS),,nome,,,F,flex,25,FORD,KA SEDAN,automoveis
2014,8,FORD,KA+ (4 PORTAS),,nome,,,F,flex,25,FORD,KA SEDAN,automoveis
2014,8,FORD,KA+ (4 PORTAS),,nome,,,F,flex,25,FORD,KA SEDAN,automoveis
2014,8,FORD,KA+ (4 PORTAS),,nome,,,F,flex,25,FORD,KA SEDAN,automoveis
2014,8,FORD,NEW FIESTA SEDAN,,nome,,,F,flex,25,FORD,NEW FIESTA,automoveis
2014,8,FORD,NEW FIESTA SEDAN,,nome,,,F,flex,25,FORD,NEW FIESTA,automoveis
2014,8,FORD,NEW FIESTA SEDAN,,nome,,,F,flex,25,FORD,NEW FIESTA,automoveis
2014,8,FORD,NEW FIESTA SEDAN,,nome,,,F,flex,25,FORD,NEW FIESTA,automoveis
2014,8,HONDA,CITY,,nome,,,F,flex,25,HONDA,CITY,automoveis
2014,8,HONDA,CITY,,nome,,,F,flex,25,HONDA,CITY,automoveis
2014,8,HONDA,CITY,,nome,,,F,flex,25,HONDA,CITY,automoveis
2014,8,HONDA,CITY,,nome,,,F,flex,25,HONDA,CITY,automoveis
2014,8,HONDA,CITY (NOVO),,nome,,,F,flex,25,HONDA,CITY,automoveis
2014,8,HONDA,CITY (NOVO),,nome,,,F,flex,25,HONDA,CITY,automoveis
2014,9,HONDA,CITY (NOVO),(CVT),nome,,,F,flex,25,HONDA,CITY,automoveis
2014,9,HONDA,CITY (NOVO),,nome,,,F,flex,25,HONDA,CITY,automoveis
2014,9,HYUNDAI,HB20S,,nome,,,F,flex,25,HYUNDAI,HB20S,automoveis
2014,9,HYUNDAI,HB20S,,nome,,,F,flex,25,HYUNDAI,HB20S,automoveis
2014,9,HYUNDAI,HB20S,,nome,,,F,flex,25,HYUNDAI,HB20S,automoveis
2014,9,HYUNDAI,HB20S,,nome,,,F,flex,25,HYUNDAI,HB20S,automoveis
2014,9,HYUNDAI,HB20S,,nome,,,F,flex,25,HYUNDAI,HB20S,automoveis
2014,9,HYUNDAI,I30,,nome,,,F,flex,25,HYUNDAI,I30,automoveis
2014,9,HYUNDAI,I30,,nome,,,G,gasolina,24,HYUNDAI,I30,automoveis
2014,9,HYUNDAI,I30,,nome,,,G,gasolina,24,HYUNDAI,I30,automoveis
2014,9,KIA,SOUL,,nome,,,F,flex,25,KIA,SOUL,automoveis
2014,9,KIA,SOUL,,nome,,,F,flex,25,KIA,SOUL,automoveis
2014,9,KIA,SOUL,,nome,,,F,flex,25,KIA,SOUL,automoveis
2014,9,KIA,SOUL,,nome,,,F,flex,25,KIA,SOUL,automoveis
2014,9,LEXUS,CT200H,,nome,,,G,gasolina,24,LEXUS,CT200H,automoveis
2014,9,NISSAN,VERSA,,nome,,,F,flex,25,NISSAN,VERSA,automoveis
2014,9,NISSAN,VERSA,,nome,,,F,flex,25,NISSAN,VERSA,automoveis
2014,9,NISSAN,VERSA,,nome,,,F,flex,25,NISSAN,VERSA,automoveis
2014,9,NISSAN,VERSA,,nome,,,F,flex,25,NISSAN,VERSA,automoveis
2014,9,NISSAN,VERSA,,nome,,,F,flex,25,NISSAN,VERSA,automoveis
2014,9,RENAULT,NOVO LOGAN,,nome,,,F,flex,25,RENAULT,LOGAN,automoveis
2014,9,RENAULT,NOVO LOGAN,,nome,,,F,flex,25,RENAULT,LOGAN,automoveis
2014,9,TOYOTA,PRIUS,,nome,,,G,gasolina,24,TOYOTA,PRIUS,automoveis
2014,9,TOYOTA,ETIOS SEDAN,,nome,,,F,flex,25,TOYOTA,ETIOS SEDAN,automoveis
2014,9,TOYOTA,ETIOS SEDAN,,nome,,,F,flex,25,TOYOTA,ETIOS SEDAN,automoveis
2014,9,TOYOTA,ETIOS SEDAN,,nome,,,F,flex,25,TOYOTA,ETIOS SEDAN,automoveis
2014,9,VOLKSWAGEN,VOYAGE,BLUEMOTION,nome,,,F,flex,25,VW,VOYAGE,automoveis
2014,9,VOLKSWAGEN,VOYAGE,TECHNOLOGY,nome,,,F,flex,25,VW,VOYAGE,automoveis
2014,9,VOLKSWAGEN,VOYAGE,,nome,,,F,flex,25,VW,VOYAGE,automoveis
2014,9,VOLKSWAGEN,VOYAGE,,nome,,,F,flex,25,VW,VOYAGE,automoveis
2014,9,VOLKSWAGEN,VOYAGE,,nome,,,F,flex,25,VW,VOYAGE,automoveis
2014,9,VOLKSWAGEN,VOYAGE,,nome,,,F,flex,25,VW,VOYAGE,automoveis
2014,10,VOLKSWAGEN,VOYAGE,(CVT),nome,,,F,flex,25,VW,VOYAGE,automoveis
2014,10,VOLKSWAGEN,VOYAGE,,nome,,,F,flex,25,VW,VOYAGE,automoveis
2014,10,VOLKSWAGEN,VOYAGE,,nome,,,F,flex,25,VW,VOYAGE,automoveis
2014,10,VOLKSWAGEN,VOYAGE,,nome,,,F,flex,25,VW,VOYAGE,automoveis
2014,10,VOLKSWAGEN,VOYAGE,,nome,,,F,flex,25,VW,VOYAGE,automoveis
2014,10,VOLKSWAGEN,VOYAGE,,nome,,,F,flex,25,VW,VOYAGE,automoveis
2014,10,VOLKSWAGEN,VOYAGE,,nome,,,F,flex,25,VW,VOYAGE,automoveis
2014,10,VOLKSWAGEN,VOYAGE,,nome,,,F,flex,25,VW,VOYAGE,automoveis
2014,10,VOLKSWAGEN,VOYAGE,HIGHLINE I-,nome,,,F,flex,25,VW,VOYAGE,automoveis
2014,10,VOLKSWAGEN,VOYAGE,MOTION,nome,,,F,flex,25,VW,VOYAGE,automoveis
2014,10,VOLKSWAGEN,VOYAGE,TRENDLINE I-,nome,,,F,flex,25,VW,VOYAGE,automoveis
2014,10,VOLKSWAGEN,VOYAGE,COMFORTLINE I-,nome,,,F,flex,25,VW,VOYAGE,automoveis
2014,10,VOLKSWAGEN,VOYAGE,EVIDENCE I-,nome,,,F,flex,25,VW,VOYAGE,automoveis
2014,10,VOLKSWAGEN,VOYAGE,SELECAO I-,nome,,,F,flex,25,VW,VOYAGE,automoveis
2014,10,VOLKSWAGEN,NOVO GOLF,MOTION,nome,,,G,gasolina,24,VW,GOLF,automoveis
2014,10,VOLKSWAGEN,NOVO GOLF,,nome,,,G,gasolina,24,VW,GOLF,automoveis
2014,10,VOLKSWAGEN,NOVO GOLF,,nome,,,G,gasolina,24,VW,GOLF,automoveis
2014,10,VOLKSWAGEN,NOVO GOLF,COMFORTLINE,nome,,,G,gasolina,24,VW,GOLF,automoveis
2014,10,VOLVO,V40,DSG,nome,,,G,gasolina,24,VOLVO,V40,automoveis
2014,10,VOLVO,V40,,nome,,,G,gasolina,24,VOLVO,V40,automoveis
2014,10,VOLVO,V40,,nome,,,G,gasolina,24,VOLVO,V40,automoveis
2014,10,VOLVO,V40,,nome,,,G,gasolina,24,VOLVO,V40,automoveis
2014,10,VOLVO,V40,,nome,,,G,gasolina,24,VOLVO,V40,automoveis
2014,10,VOLVO,V40,,nome,,,G,gasolina,24,VOLVO,V40,automoveis
2014,10,VOLVO,V40,XCT4 RDESING,nome,,,G,gasolina,24,VOLVO,V40,automoveis
2014,10,VOLVO,V40,DYNAMIC,nome,,,G,gasolina,24,VOLVO,V40,automoveis
2014,10,VOLVO,V40,,nome,,,G,gasolina,24,VOLVO,V40,automoveis
2014,10,VOLVO,V40,,nome,,,G,gasolina,24,VOLVO,V40,automoveis
2014,11,VOLVO,V40,(CVT),nome,,,G,gasolina,24,VOLVO,V40,automoveis
2014,11,VOLVO,V40,XC T4,nome,,,G,gasolina,24,VOLVO,V40,automoveis
2014,11,VOLVO,V40,XC T4 RDESING,nome,,,G,gasolina,24,VOLVO,V40,automoveis
2014,11,VOLVO,V40,COMFORT,nome,,,G,gasolina,24,VOLVO,V40,automoveis
2014,11,VOLVO,V40,,nome,,,G,gasolina,24,VOLVO,V40,automoveis
2014,11,VOLVO,V40,,nome,,,G,gasolina,24,VOLVO,V40,automoveis
2014,11,VOLVO,V40,,nome,,,G,gasolina,24,VOLVO,V40,automoveis
2014,11,VOLVO,V40,,nome,,,G,gasolina,24,VOLVO,V40,automoveis
2014,11,VOLVO,V40,,nome,,,G,gasolina,24,VOLVO,V40,automoveis
2014,11,VOLVO,V40,,nome,,,G,gasolina,24,VOLVO,V40,automoveis
2014,11,VOLVO,V40,,nome,,,G,gasolina,24,VOLVO,V40,automoveis
2014,11,VOLVO,V40,,nome,,,G,gasolina,24,VOLVO,V40,automoveis
2014,11,VOLVO,V40,CC T5 FWD,nome,,,G,gasolina,24,VOLVO,V40,automoveis
2014,11,VOLVO,V40,CC T5FWD,nome,,,G,gasolina,24,VOLVO,V40,automoveis
2014,11,VOLVO,V40,CC T5AWD,nome,,,G,gasolina,24,VOLVO,V40,automoveis
2014,11,VOLVO,V40,CC T5AWD,nome,,,G,gasolina,24,VOLVO,V40,automoveis
2014,11,VOLVO,V40,CC T5AWD,nome,,,G,gasolina,24,VOLVO,V40,automoveis
2014,11,VOLVO,V40,CC T5AWD,nome,,,G,gasolina,24,VOLVO,V40,automoveis
2014,11,VOLVO,V40,CC T5AWD,nome,,,G,gasolina,24,VOLVO,V40,automoveis
2014,11,AUDI,A3,SEDAN,nome,,,G,gasolina,24,AUDI,A3,automoveis
2014,11,AUDI,A3,SEDAN,nome,,,G,gasolina,24,AUDI,A3,automoveis
2014,11,AUDI,Q3,AMBITION,nome,,,G,gasolina,24,AUDI,Q3,automoveis
2014,11,AUDI,Q3,,nome,,,G,gasolina,24,AUDI,Q3,automoveis
2014,11,CITROEN,C4 LOUNGE,THP EXCLUSIVE,nome,,,G,gasolina,24,CITROEN,C4L,automoveis
2014,11,CITROEN,C4 LOUNGE,TURBO,nome,,,F,flex,25,CITROEN,C4L,automoveis
2014,12,CITROEN,C4 LOUNGE,(CVT),nome,,,F,flex,25,CITROEN,C4L,automoveis
2014,12,CITROEN,C4 LOUNGE,,nome,,,F,flex,25,CITROEN,C4L,automoveis
2014,12,CITROEN,C4 LOUNGE,,nome,,,F,flex,25,CITROEN,C4L,automoveis
2014,12,CITROEN,C4 PICASSO,,nome,,,G,gasolina,24,CITROEN,C4 PICASSO,automoveis
2014,12,CITROEN,DS5,,nome,,,G,gasolina,24,CITROEN,DS5,automoveis
2014,12,FORD,FOCUS HATCH,,nome,,,F,flex,25,FORD,FOCUS,automoveis
2014,12,FORD,FOCUS HATCH,,nome,,,F,flex,25,FORD,FOCUS,automoveis
2014,12,FORD,FOCUS HATCH,,nome,,,F,flex,25,FORD,FOCUS,automoveis
2014,12,FORD,FOCUS HATCH,,nome,,,F,flex,25,FORD,FOCUS,automoveis
2014,12,FORD,FOCUS HATCH,,nome,,,F,flex,25,FORD,FOCUS,automoveis
2014,12,FORD,FOCUS HATCH,,nome,,,F,flex,25,FORD,FOCUS,automoveis
2014,12,FORD,FOCUS HATCH,,nome,,,F,flex,25,FORD,FOCUS,automoveis
2014,12,FORD,FOCUS SEDAN,,nome,,,F,flex,25,FORD,FOCUS SEDAN,automoveis
2014,12,FORD,FOCUS SEDAN,,nome,,,F,flex,25,FORD,FOCUS SEDAN,automoveis
2014,12,FORD,FOCUS SEDAN,,nome,,,F,flex,25,FORD,FOCUS SEDAN,automoveis
2014,12,FORD,FOCUS HATCH,,nome,,,F,flex,25,FORD,FOCUS,automoveis
2014,12,FORD,FOCUS HATCH,,nome,,,F,flex,25,FORD,FOCUS,automoveis
2014,12,FORD,FOCUS HATCH,,nome,,,F,flex,25,FORD,FOCUS,automoveis
2014,12,FORD,FOCUS HATCH,,nome,,,F,flex,25,FORD,FOCUS,automoveis
2014,12,FORD,FOCUS HATCH,,nome,,,F,flex,25,FORD,FOCUS,automoveis
2014,12,FORD,FOCUS HATCH,TITANIUM,nome,,,F,flex,25,FORD,FOCUS,automoveis
2014,12,FORD,FOCUS SEDAN,(2015),nome,,,F,flex,25,FORD,FOCUS SEDAN,automoveis
2014,12,FORD,FOCUS SEDAN,TITANIUM,nome,,,F,flex,25,FORD,FOCUS SEDAN,automoveis
2014,12,HONDA,CIVIC,(2015),nome,,,F,flex,25,HONDA,CIVIC,automoveis
2014,12,HONDA,CIVIC,,nome,,,F,flex,25,HONDA,CIVIC,automoveis
2014,12,HONDA,CIVIC,,nome,,,F,flex,25,HONDA,CIVIC,automoveis
2014,12,HONDA,CIVIC,,nome,,,F,flex,25,HONDA,CIVIC,automoveis
2014,12,HONDA,CIVIC (2015),,nome,,,F,flex,25,HONDA,CIVIC,automoveis
2014,12,HONDA,CIVIC (2015),,nome,,,F,flex,25,HONDA,CIVIC,automoveis
2014,12,HONDA,CIVIC (2015),,nome,,,F,flex,25,HONDA,CIVIC,automoveis
2014,12,HONDA,CIVIC (2015),,nome,,,F,flex,25,HONDA,CIVIC,automoveis
2014,12,JAC,J5,,nome,,,G,gasolina,24,JAC,J5,automoveis
2014,13,JAC,J6,(CVT),nome,,,G,gasolina,24,JAC,J6,automoveis
2014,13,JAC,J6,"2,0S DIAMOND",nome,,,G,gasolina,24,JAC,J6,automoveis
2014,13,JAC,J6,"2,0S COMFORT",nome,,,G,gasolina,24,JAC,J6,automoveis
2014,13,JAC,J6,"2,0S LUXURY",nome,,,G,gasolina,24,JAC,J6,automoveis
2014,13,JAC,J6,5S,nome,,,G,gasolina,24,JAC,J6,automoveis
2014,13,KIA,CERATO,,nome,,,F,flex,25,KIA,CERATO,automoveis
2014,13,KIA,CERATO,,nome,,,F,flex,25,KIA,CERATO,automoveis
2014,13,KIA,CERATO,,nome,,,F,flex,25,KIA,CERATO,automoveis
2014,13,KIA,CERATO,,nome,,,F,flex,25,KIA,CERATO,automoveis
2014,13,KIA,CERATO,,nome,,,F,flex,25,KIA,CERATO,automoveis
2014,13,KIA,CERATO,,nome,,,F,flex,25,KIA,CERATO,automoveis
2014,13,KIA,CERATO KOUP,,nome,,,G,gasolina,24,KIA,CERATO,automoveis
2014,13,KIA,CERATO KOUP,,nome,,,G,gasolina,24,KIA,CERATO,automoveis
2014,13,MERCEDES-BENZ,C 200,TURBO,nome,,,G,gasolina,24,M.BENZ,CLASSE C,automoveis
2014,13,MERCEDES-BENZ,CLA 200,AVANGARDE,nome,,,G,gasolina,24,M.BENZ,CLA200,automoveis
2014,13,MERCEDES-BENZ,GLA 200,,nome,,,G,gasolina,24,M.BENZ,CLASSE GLA,automoveis
2014,13,MITSUBISHI,LANCER,,nome,,,G,gasolina,24,MITSUBISHI,LANCER,automoveis
2014,13,MITSUBISHI,LANCER,,nome,,,G,gasolina,24,MITSUBISHI,LANCER,automoveis
2014,13,MITSUBISHI,LANCER,,nome,,,G,gasolina,24,MITSUBISHI,LANCER,automoveis
2014,13,NISSAN,NOVO SENTRA,,nome,,,F,flex,25,NISSAN,SENTRA,automoveis
2014,13,NISSAN,NOVO SENTRA,,nome,,,F,flex,25,NISSAN,SENTRA,automoveis
2014,13,NISSAN,NOVO SENTRA,,nome,,,F,flex,25,NISSAN,SENTRA,automoveis
2014,13,NISSAN,NOVO SENTRA,,nome,,,F,flex,25,NISSAN,SENTRA,automoveis
2014,13,NISSAN,NOVO SENTRA,,nome,,,F,flex,25,NISSAN,SENTRA,automoveis
2014,13,NISSAN,NOVO SENTRA,,nome,,,F,flex,25,NISSAN,SENTRA,automoveis
2014,13,NISSAN,NOVO SENTRA,,nome,,,F,flex,25,NISSAN,SENTRA,automoveis
2014,13,NISSAN,NOVO SENTRA,,nome,,,F,flex,25,NISSAN,SENTRA,automoveis
2014,13,NISSAN,NOVO SENTRA,,nome,,,F,flex,25,NISSAN,SENTRA,automoveis
2014,14,NISSAN,NOVO SENTRA,(CVT),nome,,,F,flex,25,NISSAN,SENTRA,automoveis
2014,14,PEUGEOT,3008,,nome,,,G,gasolina,24,PEUGEOT,3008,automoveis
2014,14,PEUGEOT,3008,,nome,,,G,gasolina,24,PEUGEOT,3008,automoveis
2014,14,PEUGEOT,308 CC,,nome,,,G,gasolina,24,PEUGEOT,308,automoveis
2014,14,SUBARU,FORESTER,,nome,,,G,gasolina,24,SUBARU,FORESTER,automoveis
2014,14,SUBARU,FORESTER,,nome,,,G,gasolina,24,SUBARU,FORESTER,automoveis
2014,14,SUBARU,FORESTER,,nome,,,G,gasolina,24,SUBARU,FORESTER,automoveis
2014,14,RENAULT,FLUENCE,,nome,,,F,flex,25,RENAULT,FLUENCE,automoveis
2014,14,RENAULT,FLUENCE,,nome,,,F,flex,25,RENAULT,FLUENCE,automoveis
2014,14,RENAULT,FLUENCE,,nome,,,F,flex,25,RENAULT,FLUENCE,automoveis
2014,14,TOYOTA,COROLLA,,nome,,,F,flex,25,TOYOTA,COROLLA,automoveis
2014,14,TOYOTA,COROLLA,,nome,,,F,flex,25,TOYOTA,COROLLA,automoveis
2014,14,TOYOTA,COROLLA,,nome,,,F,flex,25,TOYOTA,COROLLA,automoveis
2014,14,TOYOTA,COROLLA,,nome,,,F,flex,25,TOYOTA,COROLLA,automoveis
2014,14,TOYOTA,COROLLA NOVO,,nome,,,F,flex,25,TOYOTA,COROLLA,automoveis
2014,14,TOYOTA,COROLLA NOVO,,nome,,,F,flex,25,TOYOTA,COROLLA,automoveis
2014,14,TOYOTA,COROLLA NOVO,,nome,,,F,flex,25,TOYOTA,COROLLA,automoveis
2014,14,TOYOTA,COROLLA NOVO,,nome,,,F,flex,25,TOYOTA,COROLLA,automoveis
2014,14,VOLKSWAGEN,JETTA,COMFORTLINE,nome,,,F,flex,25,VW,JETTA,automoveis
2014,14,VOLKSWAGEN,JETTA,HIGHLINE TSI,nome,,,G,gasolina,24,VW,JETTA,automoveis
2014,14,AUDI,A4,EXTRA,nome,,,G,gasolina,24,AUDI,A4,automoveis
2014,14,AUDI,A4,EXTRA AVANT,nome,,,G,gasolina,24,AUDI,A4,automoveis
2014,14,AUDI,A5,EXTRA SPORTBACK,nome,,,G,gasolina,24,AUDI,A5,automoveis
2014,14,AUDI,A5,EXTRA SPORTBACK,nome,,,G,gasolina,24,AUDI,A5,automoveis
2014,15,CHRYSLER,300C,EXTRA,nome,,,G,gasolina,24,CHRYSLER,300C,automoveis
2014,15,FORD,FUSION,EXTRA,nome,,,G,gasolina,24,FORD,FUSION,automoveis
2014,15,FORD,FUSION,EXTRA,nome,,,G,gasolina,24,FORD,FUSION,comerciais_leves
2014,15,FORD,FUSION,EXTRA,nome,,,G,gasolina,24,FORD,FUSION,automoveis
2014,15,FORD,FUSION,EXTRA,nome,,,G,gasolina,24,FORD,FUSION,comerciais_leves
2014,15,FORD,FUSION,EXTRA AWD,nome,,,G,gasolina,24,FORD,FUSION,automoveis
2014,15,FORD,FUSION,EXTRA AWD,nome,,,G,gasolina,24,FORD,FUSION,comerciais_leves
2014,15,FORD,FUSION,EXTRA,nome,,,F,flex,25,FORD,FUSION,automoveis
2014,15,FORD,FUSION,EXTRA,nome,,,F,flex,25,FORD,FUSION,comerciais_leves
2014,15,HYUNDAI,AZERA,EXTRA,nome,,,G,gasolina,24,HYUNDAI,AZERA,automoveis
2014,15,HYUNDAI,SONATA,EXTRA,nome,,,G,gasolina,24,HYUNDAI,SONATA,automoveis
2014,15,JAGUAR,XF,EXTRA,nome,,,G,gasolina,24,JAGUAR,XF,automoveis
2014,15,JAGUAR,XF,EXTRA,nome,,,G,gasolina,24,JAGUAR,XF,automoveis
2014,15,KIA,OPTIMA,EXTRA,nome,,,G,gasolina,24,KIA,OPTIMA,automoveis
2014,15,KIA,OPTIMA,EXTRA,nome,,,G,gasolina,24,KIA,OPTIMA,automoveis
2014,15,KIA,OPTIMA,EXTRA,nome,,,G,gasolina,24,KIA,OPTIMA,automoveis
2014,15,MERCEDES-BENZ,E250,EXTRA,nome,,,G,gasolina,24,M.BENZ,CLASSE E,automoveis
2014,15,NISSAN,ALTIMA,EXTRA,nome,,,G,gasolina,24,NISSAN,ALTIMA,automoveis
2014,15,NISSAN,ALTIMA,EXTRA,nome,,,G,gasolina,24,NISSAN,ALTIMA,automoveis
2014,15,NISSAN,ALTIMA,EXTRA,nome,,,G,gasolina,24,NISSAN,ALTIMA,automoveis
2014,15,NISSAN,ALTIMA,EXTRA,nome,,,G,gasolina,24,NISSAN,ALTIMA,automoveis
2014,16,PEUGEOT,408,EXTRA,nome,,,F,flex,25,PEUGEOT,408,automoveis
2014,16,PEUGEOT,408,EXTRA,nome,,,F,flex,25,PEUGEOT,408,automoveis
2014,16,PEUGEOT,408,EXTRA,nome,,,F,flex,25,PEUGEOT,408,automoveis
2014,16,PEUGEOT,408,EXTRA,nome,,,F,flex,25,PEUGEOT,408,automoveis
2014,16,PEUGEOT,RCZ,EXTRA,nome,,,G,gasolina,24,PEUGEOT,RCZ,automoveis
2014,16,TOYOTA,CAMRY,EXTRA,nome,,,G,gasolina,24,TOYOTA,CAMRY,automoveis
2014,16,VOLKSWAGEN,CC,EXTRA,nome,,,G,gasolina,24,VW,CC,automoveis
2014,16,VOLKSWAGEN,TOUAREG,EXTRA,nome,,,G,gasolina,24,VW,TOUAREG,automoveis
2014,16,VOLKSWAGEN,TOUAREG,EXTRA,nome,,,G,gasolina,24,VW,TOUAREG,automoveis
2014,16,VOLVO,S60,EXTRA,nome,,,G,gasolina,24,VOLVO,S60,automoveis
2014,16,VOLVO,S60,EXTRA,nome,,,G,gasolina,24,VOLVO,S60,automoveis
2014,16,VOLVO,S60,EXTRA,nome,,,G,gasolina,24,VOLVO,S60,automoveis
2014,16,VOLVO,S60,"EXTRA 3,0T6 R-",nome,,,G,gasolina,24,VOLVO,S60,automoveis
2014,16,VOLVO,S60,EXTRA,nome,,,G,gasolina,24,VOLVO,S60,automoveis
2014,16,VOLVO,S60,EXTRA,nome,,,G,gasolina,24,VOLVO,S60,automoveis
2014,16,VOLVO,S60,"EXTRA 2,0T5 R-",nome,,,G,gasolina,24,VOLVO,S60,automoveis
2014,16,VOLVO,V60,EXTRA,nome,,,G,gasolina,24,VOLVO,V60,automoveis
2014,16,VOLVO,V60,EXTRA,nome,,,G,gasolina,24,VOLVO,V60,automoveis
2014,17,VOLVO,V60,EXTRA,nome,,,G,gasolina,24,VOLVO,V60,automoveis
2014,17,VOLVO,V60,"EXTRA 3,0T6 R-",nome,,,G,gasolina,24,VOLVO,V60,automoveis
2014,17,VOLVO,V60,EXTRA,nome,,,G,gasolina,24,VOLVO,V60,automoveis
2014,17,VOLVO,V60,EXTRA,nome,,,G,gasolina,24,VOLVO,V60,automoveis
2014,17,VOLVO,V60,EXTRA,nome,,,G,gasolina,24,VOLVO,V60,automoveis
2014,17,VOLVO,V60,"EXTRA 2,0T5 R-",nome,,,G,gasolina,24,VOLVO,V60,automoveis
2014,17,VOLVO,V60,EXTRA,nome,,,G,gasolina,24,VOLVO,V60,automoveis
2014,17,VOLVO,V60,EXTRA,nome,,,G,gasolina,24,VOLVO,V60,automoveis
2014,17,CITROEN,AIRCROSS,UTILITARIO,nome,,,F,flex,25,CITROEN,AIRCROSS,automoveis
2014,17,CITROEN,AIRCROSS,UTILITARIO,nome,,,F,flex,25,CITROEN,AIRCROSS,automoveis
2014,17,CITROEN,AIRCROSS,UTILITARIO,nome,,,F,flex,25,CITROEN,AIRCROSS,automoveis
2014,17,CITROEN,AIRCROSS,UTILITARIO,nome,,,F,flex,25,CITROEN,AIRCROSS,automoveis
2014,17,FIAT,NOVO UNO,UTILITARIO,nome,,,F,flex,25,FIAT,UNO,automoveis
2014,17,FIAT,NOVO UNO,UTILITARIO,nome,,,F,flex,25,FIAT,UNO,comerciais_leves
2014,17,FIAT,NOVO UNO,UTILITARIO,nome,,,F,flex,25,FIAT,UNO,automoveis
2014,17,FIAT,NOVO UNO,UTILITARIO,nome,,,F,flex,25,FIAT,UNO,comerciais_leves
2014,17,FIAT,NOVO UNO,UTILITARIO,nome,,,F,flex,25,FIAT,UNO,automoveis
2014,17,FIAT,NOVO UNO,UTILITARIO,nome,,,F,flex,25,FIAT,UNO,comerciais_leves
2014,17,FIAT,IDEA,UTILITARIO,nome,,,F,flex,25,FIAT,IDEA,automoveis
2014,18,FIAT,IDEA,ADVENTURE,nome,,,F,flex,25,FIAT,IDEA,automoveis
2014,18,FIAT,PALIO WEEKEND,UTILITARIO,nome,,,F,flex,25,FIAT,PALIO WEEKEND,automoveis
2014,18,FIAT,PALIO WEEKEND,UTILITARIO,nome,,,F,flex,25,FIAT,PALIO WEEKEND,automoveis
2014,18,FIAT,PALIO WEEKEND,ADVENTURE,nome,,,F,flex,25,FIAT,PALIO WEEKEND,automoveis
2014,18,FIAT,DOBLO,UTILITARIO,nome,,,F,flex,25,FIAT,DOBLO,automoveis
2014,18,FIAT,DOBLO,UTILITARIO,nome,,,F,flex,25,FIAT,DOBLO,comerciais_leves
2014,18,FORD,ECOSPORT,UTILITARIO,nome,,,F,flex,25,FORD,ECOSPORT,automoveis
2014,18,FORD,ECOSPORT,UTILITARIO,nome,,,F,flex,25,FORD,ECOSPORT,automoveis
2014,18,FORD,ECOSPORT,UTILITARIO,nome,,,F,flex,25,FORD,ECOSPORT,automoveis
2014,18,FORD,ECOSPORT,UTILITARIO,nome,,,F,flex,25,FORD,ECOSPORT,automoveis
2014,18,FORD,ECOSPORT,UTILITARIO,nome,,,F,flex,25,FORD,ECOSPORT,automoveis
2014,18,FORD,ECOSPORT,UTILITARIO,nome,,,F,flex,25,FORD,ECOSPORT,automoveis
2014,18,FORD,ECOSPORT,UTILITARIO,nome,,,F,flex,25,FORD,ECOSPORT,automoveis
2014,18,FORD,ECOSPORT,UTILITARIO,nome,,,F,flex,25,FORD,ECOSPORT,automoveis
2014,18,FORD,ECOSPORT,UTILITARIO,nome,,,F,flex,25,FORD,ECOSPORT,automoveis
2014,19,FORD,ECOSPORT,(CVT),nome,,,F,flex,25,FORD,ECOSPORT,automoveis
2014,19,FORD,ECOSPORT,TITANIUM,nome,,,F,flex,25,FORD,ECOSPORT,automoveis
2014,19,FORD,ECOSPORT,FREESTYLE,nome,,,F,flex,25,FORD,ECOSPORT,automoveis
2014,19,FORD,ECOSPORT,UTILITARIO,nome,,,F,flex,25,FORD,ECOSPORT,automoveis
2014,19,FORD,ECOSPORT,TITANIUM,nome,,,F,flex,25,FORD,ECOSPORT,automoveis
2014,19,FORD,ECOSPORT,TITANIUM,nome,,,F,flex,25,FORD,ECOSPORT,automoveis
2014,19,FORD,ECOSPORT,FREESTYLE,nome,,,F,flex,25,FORD,ECOSPORT,automoveis
2014,19,HYUNDAI,TUCSON,UTILITARIO,nome,,,F,flex,25,HYUNDAI,TUCSON,automoveis
2014,19,KIA,NEW SOUL,UTILITARIO,nome,,,F,flex,25,KIA,SOUL,automoveis
2014,19,KIA,NEW SOUL,UTILITARIO,nome,,,F,flex,25,KIA,SOUL,automoveis
2014,19,MITSUBISHI,ASX,UTILITARIO,nome,,,G,gasolina,24,MITSUBISHI,ASX,automoveis
2014,19,MITSUBISHI,ASX,UTILITARIO,nome,,,G,gasolina,24,MITSUBISHI,ASX,automoveis
2014,19,RENAULT,DUSTER,EXPRESSION,nome,,,F,flex,25,RENAULT,DUSTER,automoveis
2014,19,RENAULT,DUSTER,DYNAMIQUE,nome,,,F,flex,25,RENAULT,DUSTER,automoveis
2014,19,RENAULT,DUSTER,UTILITARIO,nome,,,F,flex,25,RENAULT,DUSTER,automoveis
2014,20,RENAULT,DUSTER,DYNAMIQUE,nome,,,F,flex,25,RENAULT,DUSTER,automoveis
2014,20,RENAULT,DUSTER,UTILITARIO,nome,,,F,flex,25,RENAULT,DUSTER,automoveis
2014,20,RENAULT,DUSTER,DYNAMIQUE,nome,,,F,flex,25,RENAULT,DUSTER,automoveis
2014,20,RENAULT,DUSTER,UTILITARIO,nome,,,F,flex,25,RENAULT,DUSTER,automoveis
2014,20,JEEP,COMPASS,UTILITARIO,nome,,,G,gasolina,24,JEEP,COMPASS,automoveis
2014,20,JEEP,CHEROKEE,UTILITARIO,nome,,,G,gasolina,24,JEEP,CHEROKEE,automoveis
2014,20,KIA,SPORTAGE,UTILITARIO,nome,,,F,flex,25,KIA,SPORTAGE,automoveis
2014,20,KIA,SPORTAGE,UTILITARIO,nome,,,F,flex,25,KIA,SPORTAGE,automoveis
2014,20,KIA,SPORTAGE,UTILITARIO,nome,,,F,flex,25,KIA,SPORTAGE,automoveis
2014,20,KIA,SPORTAGE,UTILITARIO,nome,,,F,flex,25,KIA,SPORTAGE,automoveis
2014,20,KIA,SPORTAGE,UTILITARIO,nome,,,F,flex,25,KIA,SPORTAGE,automoveis
2014,20,KIA,SPORTAGE,UTILITARIO,nome,,,F,flex,25,KIA,SPORTAGE,automoveis
2014,20,KIA,SPORTAGE,UTILITARIO,nome,,,F,flex,25,KIA,SPORTAGE,automoveis
2014,20,KIA,SPORTAGE,UTILITARIO,nome,,,F,flex,25,KIA,SPORTAGE,automoveis
2014,21,KIA,SORENTO,UTILITARIO,nome,,,G,gasolina,24,KIA,SORENTO,automoveis
2014,21,KIA,SORENTO,UTILITARIO,nome,,,G,gasolina,24,KIA,SORENTO,automoveis
2014,21,HYUNDAI,IX35,UTILITARIO,nome,,,G,gasolina,24,HYUNDAI,IX35,automoveis
2014,21,HYUNDAI,IX35,UTILITARIO,nome,,,G,gasolina,24,HYUNDAI,IX35,automoveis
2014,21,HYUNDAI,SANTA FE,UTILITARIO,nome,,,G,gasolina,24,HYUNDAI,SANTAFE,automoveis
2014,21,HYUNDAI,SANTA FE,UTILITARIO,nome,,,G,gasolina,24,HYUNDAI,SANTAFE,automoveis
2014,21,MITSUBISHI,OUTLANDER,UTILITARIO,nome,,,G,gasolina,24,MITSUBISHI,OUTLANDER,automoveis
2014,21,SUZUKI,GRAND VITARA,UTILITARIO,nome,,,G,gasolina,24,SUZUKI,GVITARA,automoveis
2014,21,SUZUKI,GRAND VITARA,UTILITARIO,nome,,,G,gasolina,24,SUZUKI,GVITARA,automoveis
2014,21,TOYOTA,RAV4,UTILITARIO,nome,,,G,gasolina,24,TOYOTA,RAV4,automoveis
2014,21,TOYOTA,RAV4,UTILITARIO,nome,,,G,gasolina,24,TOYOTA,RAV4,automoveis
2014,21,TOYOTA,RAV4,UTILITARIO,nome,,,G,gasolina,24,TOYOTA,RAV4,automoveis
2014,21,VOLVO,XC60,"2,0T5 DRIVE-E",nome,,,G,gasolina,24,VOLVO,XC60,automoveis
2014,21,VOLVO,XC60,"2,0T5 DRIVE-E",nome,,,G,gasolina,24,VOLVO,XC60,automoveis
2014,22,VOLVO,XC60,"2,0T5 DRIVE-E",nome,,,G,gasolina,24,VOLVO,XC60,automoveis
2014,22,VOLVO,XC60,UTILITARIO,nome,,,G,gasolina,24,VOLVO,XC60,automoveis
2014,22,VOLVO,XC60,UTILITARIO,nome,,,G,gasolina,24,VOLVO,XC60,automoveis
2014,22,VOLVO,XC60,UTILITARIO,nome,,,G,gasolina,24,VOLVO,XC60,automoveis
2014,22,VOLVO,XC60,"2,0T5 R-",nome,,,G,gasolina,24,VOLVO,XC60,automoveis
2014,22,FORD,ECOSPORT,FORA DE FREESTYLE,nome,,,F,flex,25,FORD,ECOSPORT,automoveis
2014,22,FORD,ECOSPORT,FORA DE FREESTYLE,nome,,,F,flex,25,FORD,ECOSPORT,automoveis
2014,22,JEEP,WRANGLER,FORA DE,nome,,,G,gasolina,24,JEEP,WRANGLER,automoveis
2014,22,JEEP,WRANGLER,FORA DE UNLIMITED,nome,,,G,gasolina,24,JEEP,WRANGLER,automoveis
2014,22,KIA,SORENTO,FORA DE,nome,,,G,gasolina,24,KIA,SORENTO,automoveis
2014,22,KIA,SORENTO,FORA DE,nome,,,G,gasolina,24,KIA,SORENTO,automoveis
2014,22,LAND ROVER,EVOQUE,FORA DE,nome,,,G,gasolina,24,LAND ROVER,EVOQUE,automoveis
2014,22,LAND ROVER,EVOQUE,FORA DE,nome,,,G,gasolina,24,LAND ROVER,EVOQUE,automoveis
2014,22,LAND ROVER,EVOQUE,FORA DE,nome,,,G,gasolina,24,LAND ROVER,EVOQUE,automoveis
2014,22,LAND ROVER,EVOQUE,FORA DE,nome,,,G,gasolina,24,LAND ROVER,EVOQUE,automoveis
2014,22,LAND ROVER,EVOQUE,FORA DE,nome,,,G,gasolina,24,LAND ROVER,EVOQUE,automoveis
2014,22,LAND ROVER,EVOQUE,FORA DE,nome,,,G,gasolina,24,LAND ROVER,EVOQUE,automoveis
2014,23,LAND ROVER,EVOQUE,FORA DE,nome,,,G,gasolina,24,LAND ROVER,EVOQUE,automoveis
2014,23,LAND ROVER,EVOQUE,FORA DE,nome,,,G,gasolina,24,LAND ROVER,EVOQUE,automoveis
2014,23,LAND ROVER,EVOQUE,FORA DE,nome,,,G,gasolina,24,LAND ROVER,EVOQUE,automoveis
2014,23,LAND ROVER,FREELANDER 2,FORA DE,nome,,,G,gasolina,24,LAND ROVER,FREELANDER,automoveis
2014,23,LAND ROVER,FREELANDER 2,FORA DE,nome,,,G,gasolina,24,LAND ROVER,FREELANDER,automoveis
2014,23,LAND ROVER,FREELANDER 2,FORA DE,nome,,,G,gasolina,24,LAND ROVER,FREELANDER,automoveis
2014,23,LAND ROVER,FREELANDER 2,FORA DE,nome,,,G,gasolina,24,LAND ROVER,FREELANDER,automoveis
2014,23,LAND ROVER,DISCOVERY,FORA DE,nome,,,G,gasolina,24,LAND ROVER,DISCOVERY,automoveis
2014,23,LAND ROVER,RANGE ROVER SPORT,FORA DE,nome,,,G,gasolina,24,LAND ROVER,RANGE ROVER,automoveis
2014,23,LAND ROVER,RANGE ROVER SPORT,FORA DE,nome,,,G,gasolina,24,LAND ROVER,RANGE ROVER,automoveis
2014,23,LAND ROVER,RANGE ROVER SPORT,FORA DE,nome,,,G,gasolina,24,LAND ROVER,RANGE ROVER,automoveis
2014,23,LAND ROVER,RANGE ROVER SPORT,FORA DE,nome,,,G,gasolina,24,LAND ROVER,RANGE ROVER,automoveis
2014,23,LAND ROVER,RANGE ROVER SPORT,FORA DE,nome,,,G,gasolina,24,LAND ROVER,RANGE ROVER,automoveis
2014,23,LAND ROVER,RANGE ROVER SPORT,FORA DE,nome,,,G,gasolina,24,LAND ROVER,RANGE ROVER,automoveis
2014,23,LAND ROVER,RANGE ROVER,FORA DE V8 SC,nome,,,G,gasolina,24,LAND ROVER,RANGE ROVER,automoveis
2014,23,LAND ROVER,RANGE ROVER,FORA DE,nome,,,G,gasolina,24,LAND ROVER,RANGE ROVER,automoveis
2014,23,MITSUBISHI,OUTLANDER,FORA DE,nome,,,G,gasolina,24,MITSUBISHI,OUTLANDER,automoveis
2014,23,MITSUBISHI,PAJERO TR4,FORA DE,nome,,,F,flex,25,MITSUBISHI,PAJERO,automoveis
2014,23,MITSUBISHI,PAJERO FULL 3 PORTAS,FORA DE,nome,,,G,gasolina,24,MITSUBISHI,PAJERO,automoveis
2014,23,MITSUBISHI,PAJERO FULL 5 PORTAS,FORA DE,nome,,,G,gasolina,24,MITSUBISHI,PAJERO,automoveis
2014,24,MITSUBISHI,L200 TRITON,FORA DE,nome,,,F,flex,25,MITSUBISHI,L200,comerciais_leves
2014,24,PORSCHE,CAYENNE,FORA DE,nome,,,G,gasolina,24,PORSCHE,CAYENNE,automoveis
2014,24,PORSCHE,CAYENNE,FORA DE,nome,,,G,gasolina,24,PORSCHE,CAYENNE,automoveis
2014,24,PORSCHE,CAYENNE,FORA DE,nome,,,G,gasolina,24,PORSCHE,CAYENNE,automoveis
2014,24,PORSCHE,CAYENNE,FORA DE,nome,,,G,gasolina,24,PORSCHE,CAYENNE,automoveis
2014,24,PORSCHE,MACAN,FORA DE,nome,,,G,gasolina,24,PORSCHE,MACAN,automoveis
2014,24,PORSCHE,MACAN,FORA DE,nome,,,G,gasolina,24,PORSCHE,MACAN,automoveis
2014,24,RENAULT,DUSTER,FORA DE DYNAMIQUE,nome,,,F,flex,25,RENAULT,DUSTER,automoveis
2014,24,SUZUKI,JIMNY,FORA DE,nome,,,G,gasolina,24,SUZUKI,JIMNY,automoveis
2014,24,SUZUKI,GRAND VITARA,FORA DE,nome,,,G,gasolina,24,SUZUKI,GVITARA,automoveis
2014,24,SUZUKI,GRAND VITARA,FORA DE,nome,,,G,gasolina,24,SUZUKI,GVITARA,automoveis
2014,24,VOLVO,XC60,FORA DE,nome,,,G,gasolina,24,VOLVO,XC60,automoveis
2014,24,VOLVO,XC60,FORA DE,nome,,,G,gasolina,24,VOLVO,XC60,automoveis
2014,24,VOLVO,XC60,FORA DE,nome,,,G,gasolina,24,VOLVO,XC60,automoveis
2014,24,VOLVO,XC60,FORA DE,nome,,,G,gasolina,24,VOLVO,XC60,automoveis
2014,24,DODGE,JOURNEY,,nome,,,G,gasolina,24,DODGE,JOURNEY,automoveis
2014,24,DODGE,JOURNEY,,nome,,,G,gasolina,24,DODGE,JOURNEY,automoveis
2014,24,FIAT,DOBLO,,nome,,,F,flex,25,FIAT,DOBLO,automoveis
2014,24,FIAT,DOBLO,,nome,,,F,flex,25,FIAT,DOBLO,comerciais_leves
2014,24,FIAT,DOBLO,,nome,,,F,flex,25,FIAT,DOBLO,automoveis
2014,24,FIAT,DOBLO,,nome,,,F,flex,25,FIAT,DOBLO,comerciais_leves
2014,24,FIAT,FREEMONT,,nome,,,G,gasolina,24,FIAT,FREEMONT,automoveis
2014,25,JAC,J6,(CVT),nome,,,G,gasolina,24,JAC,J6,automoveis
2014,25,JAC,J6,"2,0S DIAMOND",nome,,,G,gasolina,24,JAC,J6,automoveis
2014,25,JAC,J6,"2,0S COMFORT",nome,,,G,gasolina,24,JAC,J6,automoveis
2014,25,JAC,J6,"2,0S LUXURY",nome,,,G,gasolina,24,JAC,J6,automoveis
2014,25,JAC,J6,7S,nome,,,G,gasolina,24,JAC,J6,automoveis
2014,25,FIAT,DOBLO,UTILITY),nome,,,F,flex,25,FIAT,DOBLO,automoveis
2014,25,FIAT,DOBLO,UTILITY),nome,,,F,flex,25,FIAT,DOBLO,comerciais_leves
2014,25,FIAT,DOBLO,,nome,,,F,flex,25,FIAT,DOBLO,automoveis
2014,25,FIAT,DOBLO,,nome,,,F,flex,25,FIAT,DOBLO,comerciais_leves
2014,25,JINBEI,VAN 13P,,nome,,,G,gasolina,24,JINBEI,VAN 13P,comerciais_leves
2014,25,JINBEI,VAN 13P,,nome,,,G,gasolina,24,JINBEI,VAN 13P,comerciais_leves
2014,25,JINBEI,VAN CARGO,,nome,,,G,gasolina,24,JINBEI,VAN CARGO,comerciais_leves
2014,25,JINBEI,TOPIC,,nome,,,G,gasolina,24,JINBEI,TOPIC,comerciais_leves
2014,25,JINBEI,TOPIC,,nome,,,G,gasolina,24,JINBEI,TOPIC,comerciais_leves
2014,25,JINBEI,TOPIC,,nome,,,G,gasolina,24,JINBEI,TOPIC,comerciais_leves
2014,25,RENAULT,KANGOO,,nome,,,F,flex,25,RENAULT,KANGOO,automoveis
2014,25,RENAULT,KANGOO,,nome,,,F,flex,25,RENAULT,KANGOO,comerciais_leves
2014,25,FIAT,NOVO FIORINO,CARGA,nome,,,F,flex,25,FIAT,FIORINO,comerciais_leves
2014,26,FIAT,STRADA,CARGA,nome,,,F,flex,25,FIAT,STRADA,comerciais_leves
2014,26,FIAT,STRADA,CARGA,nome,,,F,flex,25,FIAT,STRADA,comerciais_leves
2014,26,VOLKSWAGEN,SAVEIRO,CARGA CABINE,nome,,,F,flex,25,VW,SAVEIRO,comerciais_leves
2014,26,VOLKSWAGEN,SAVEIRO,CARGA,nome,,,F,flex,25,VW,SAVEIRO,comerciais_leves
2014,26,VOLKSWAGEN,SAVEIRO,CARGA,nome,,,F,flex,25,VW,SAVEIRO,comerciais_leves
2014,26,VOLKSWAGEN,SAVEIRO,CARGA CABINE,nome,,,F,flex,25,VW,SAVEIRO,comerciais_leves
2014,26,VOLKSWAGEN,SAVEIRO,CARGA,nome,,,F,flex,25,VW,SAVEIRO,comerciais_leves
2014,26,VOLKSWAGEN,SAVEIRO,CARGA,nome,,,F,flex,25,VW,SAVEIRO,comerciais_leves
2014,26,MERCEDES-BENZ,SLK 250,,nome,,,G,gasolina,24,M.BENZ,SLK,automoveis
2014,26,PORSCHE,CAYMAN,,nome,,,G,gasolina,24,PORSCHE,CAYMAN,automoveis
2014,26,PORSCHE,CAYMAN,,nome,,,G,gasolina,24,PORSCHE,CAYMAN,automoveis
2014,26,PORSCHE,911,,nome,,,G,gasolina,24,PORSCHE,911,automoveis
2014,27,PORSCHE,911,CARRERA S,nome,,,G,gasolina,24,PORSCHE,911,automoveis
2014,27,PORSCHE,911,CABRIOLET,nome,,,G,gasolina,24,PORSCHE,911,automoveis
2014,27,PORSCHE,911,,nome,,,G,gasolina,24,PORSCHE,911,automoveis
2014,27,PORSCHE,911,,nome,,,G,gasolina,24,PORSCHE,911,automoveis
2014,27,PORSCHE,911,,nome,,,G,gasolina,24,PORSCHE,911,automoveis
2014,27,PORSCHE,PANAMERA,,nome,,,G,gasolina,24,PORSCHE,PANAMERA,automoveis
2014,27,PORSCHE,PANAMERA,,nome,,,G,gasolina,24,PORSCHE,PANAMERA,automoveis
2014,27,PORSCHE,PANAMERA,,nome,,,G,gasolina,24,PORSCHE,PANAMERA,automoveis
2014,27,VOLKSWAGEN,FUSCA,,nome,,,G,gasolina,24,VW,FUSCA,automoveis
2015,1,CHERY,QQ,SUB,nome,,,G,gasolina,24,CHERY,QQ,automoveis
2015,1,CHERY,QQ,SUB,nome,,,G,gasolina,24,CAOA CHERY,QQ,automoveis
2015,1,FIAT,500,SUB,nome,,,F,flex,25,FIAT,500,automoveis
2015,1,FIAT,500,SUB,nome,,,F,flex,25,FIAT,500,automoveis
2015,1,FIAT,500,SUB,nome,,,F,flex,25,FIAT,500,automoveis
2015,1,FIAT,500,SUB CULT CABRIO,nome,,,F,flex,25,FIAT,500,automoveis
2015,1,FIAT,500,SUB CABRIO,nome,,,F,flex,25,FIAT,500,automoveis
2015,1,FIAT,500,SUB,nome,,,G,gasolina,24,FIAT,500,automoveis
2015,1,FIAT,UNO,SUB,nome,,,F,flex,25,FIAT,UNO,automoveis
2015,1,FIAT,UNO,SUB,nome,,,F,flex,25,FIAT,UNO,comerciais_leves
2015,2,FIAT,NOVO UNO,SUB,nome,,,F,flex,25,FIAT,UNO,automoveis
2015,2,FIAT,NOVO UNO,SUB,nome,,,F,flex,25,FIAT,UNO,comerciais_leves
2015,2,FIAT,NOVO UNO,SUB,nome,,,F,flex,25,FIAT,UNO,automoveis
2015,2,FIAT,NOVO UNO,SUB,nome,,,F,flex,25,FIAT,UNO,comerciais_leves
2015,2,FIAT,NOVO UNO,SUB,nome,,,F,flex,25,FIAT,UNO,automoveis
2015,2,FIAT,NOVO UNO,SUB,nome,,,F,flex,25,FIAT,UNO,comerciais_leves
2015,2,FIAT,NOVO UNO,SUB,nome,,,F,flex,25,FIAT,UNO,automoveis
2015,2,FIAT,NOVO UNO,SUB,nome,,,F,flex,25,FIAT,UNO,comerciais_leves
2015,2,FIAT,NOVO UNO,SUB,nome,,,F,flex,25,FIAT,UNO,automoveis
2015,2,FIAT,NOVO UNO,SUB,nome,,,F,flex,25,FIAT,UNO,comerciais_leves
2015,2,FIAT,PALIO,SUB,nome,,,F,flex,25,FIAT,PALIO,automoveis
2015,2,FIAT,PALIO,SUB,nome,,,F,flex,25,FIAT,PALIO,automoveis
2015,2,KIA,PICANTO,SUB,nome,,,F,flex,25,KIA,PICANTO,automoveis
2015,2,KIA,PICANTO,SUB,nome,,,F,flex,25,KIA,PICANTO,automoveis
2015,2,KIA,PICANTO,SUB,nome,,,F,flex,25,KIA,PICANTO,automoveis
2015,2,KIA,PICANTO,SUB,nome,,,F,flex,25,KIA,PICANTO,automoveis
2015,2,NISSAN,MARCH,SUB,nome,,,F,flex,25,NISSAN,MARCH,automoveis
2015,2,RENAULT,CLIO,SUB,nome,,,F,flex,25,RENAULT,CLIO,automoveis
2015,2,RENAULT,CLIO,SUB,nome,,,F,flex,25,RENAULT,CLIO,automoveis
2015,2,RENAULT,CLIO,SUB,nome,,,F,flex,25,RENAULT,CLIO,automoveis
2015,2,RENAULT,CLIO,SUB,nome,,,F,flex,25,RENAULT,CLIO,automoveis
2015,2,SMART,FORTWO,SUB 71CV MHD,nome,,,G,gasolina,24,SMART,FORTWO,automoveis
2015,3,SMART,FORTWO,SUB 84CV TURBO,nome,,,G,gasolina,24,SMART,FORTWO,automoveis
2015,3,SMART,FORTWO,SUB 84CV TURBO,nome,,,G,gasolina,24,SMART,FORTWO,automoveis
2015,3,VOLKSWAGEN,UP!,SUB,nome,,,F,flex,25,VW,UP,automoveis
2015,3,VOLKSWAGEN,UP!,SUB,nome,,,F,flex,25,VW,UP,automoveis
2015,3,VOLKSWAGEN,UP!,SUB,nome,,,F,flex,25,VW,UP,automoveis
2015,3,VOLKSWAGEN,UP!,SUB,nome,,,F,flex,25,VW,UP,automoveis
2015,3,VOLKSWAGEN,UP!,SUB,nome,,,F,flex,25,VW,UP,automoveis
2015,3,VOLKSWAGEN,UP!,SUB,nome,,,F,flex,25,VW,UP,automoveis
2015,3,VOLKSWAGEN,UP!,SUB,nome,,,F,flex,25,VW,UP,automoveis
2015,3,VOLKSWAGEN,UP!,SUB,nome,,,F,flex,25,VW,UP,automoveis
2015,3,VOLKSWAGEN,UP!,SUB,nome,,,F,flex,25,VW,UP,automoveis
2015,3,VOLKSWAGEN,UP! TSI,SUB,nome,,,F,flex,25,VW,UP,automoveis
2015,3,VOLKSWAGEN,UP! TSI,SUB,nome,,,F,flex,25,VW,UP,automoveis
2015,3,VOLKSWAGEN,UP! TSI,SUB,nome,,,F,flex,25,VW,UP,automoveis
2015,3,VOLKSWAGEN,UP! TSI,SUB,nome,,,F,flex,25,VW,UP,automoveis
2015,3,VOLKSWAGEN,UP! TSI,SUB,nome,,,F,flex,25,VW,UP,automoveis
2015,3,CITROEN,C3,COMPACTO,nome,,,F,flex,25,CITROEN,C3,automoveis
2015,3,CITROEN,C3,,nome,,,F,flex,25,CITROEN,C3,automoveis
2015,3,CITROEN,C3,,nome,,,F,flex,25,CITROEN,C3,automoveis
2015,3,CITROEN,C3,,nome,,,F,flex,25,CITROEN,C3,automoveis
2015,3,FIAT,IDEA,,nome,,,F,flex,25,FIAT,IDEA,automoveis
2015,4,FIAT,IDEA,(CVT),nome,,,F,flex,25,FIAT,IDEA,automoveis
2015,4,FIAT,NOVO PALIO,,nome,,,F,flex,25,FIAT,PALIO,automoveis
2015,4,FIAT,NOVO PALIO,,nome,,,F,flex,25,FIAT,PALIO,automoveis
2015,4,FIAT,PUNTO,ATTRACTIVE,nome,,,F,flex,25,FIAT,PUNTO,automoveis
2015,4,FIAT,PUNTO,EVO,nome,,,F,flex,25,FIAT,PUNTO,automoveis
2015,4,FIAT,PUNTO,ESSENCE,nome,,,F,flex,25,FIAT,PUNTO,automoveis
2015,4,FIAT,SIENA,DUALOGIC,nome,,,F,flex,25,FIAT,SIENA,automoveis
2015,4,FIAT,SIENA,,nome,,,F,flex,25,FIAT,SIENA,automoveis
2015,4,FORD,NEW FIESTA HATCH,,nome,,,F,flex,25,FORD,NEW FIESTA,automoveis
2015,4,FORD,NEW FIESTA HATCH,,nome,,,F,flex,25,FORD,NEW FIESTA,automoveis
2015,4,FORD,NEW FIESTA HATCH,,nome,,,F,flex,25,FORD,NEW FIESTA,automoveis
2015,4,FORD,NEW FIESTA HATCH,,nome,,,F,flex,25,FORD,NEW FIESTA,automoveis
2015,4,FORD,NEW FIESTA HATCH,,nome,,,F,flex,25,FORD,NEW FIESTA,automoveis
2015,4,FORD,NEW FIESTA HATCH,,nome,,,F,flex,25,FORD,NEW FIESTA,automoveis
2015,4,FORD,KA (5 PORTAS),,nome,,,F,flex,25,FORD,KA,automoveis
2015,4,FORD,KA (5 PORTAS),,nome,,,F,flex,25,FORD,KA,automoveis
2015,4,FORD,KA (5 PORTAS),,nome,,,F,flex,25,FORD,KA,automoveis
2015,4,FORD,KA (5 PORTAS),,nome,,,F,flex,25,FORD,KA,automoveis
2015,4,HONDA,FIT,,nome,,,F,flex,25,HONDA,FIT,automoveis
2015,4,HONDA,FIT,,nome,,,F,flex,25,HONDA,FIT,automoveis
2015,4,HONDA,FIT,,nome,,,F,flex,25,HONDA,FIT,automoveis
2015,4,HONDA,FIT,,nome,,,F,flex,25,HONDA,FIT,automoveis
2015,4,HONDA,FIT,,nome,,,F,flex,25,HONDA,FIT,automoveis
2015,4,HONDA,FIT,,nome,,,F,flex,25,HONDA,FIT,automoveis
2015,4,HYUNDAI,HB20,,nome,,,F,flex,25,HYUNDAI,HB20,automoveis
2015,4,HYUNDAI,HB20,,nome,,,F,flex,25,HYUNDAI,HB20,automoveis
2015,4,HYUNDAI,HB20,,nome,,,F,flex,25,HYUNDAI,HB20,automoveis
2015,4,HYUNDAI,HB20,,nome,,,F,flex,25,HYUNDAI,HB20,automoveis
2015,4,HYUNDAI,HB20,,nome,,,F,flex,25,HYUNDAI,HB20,automoveis
2015,4,HYUNDAI,HB20,,nome,,,F,flex,25,HYUNDAI,HB20,automoveis
2015,4,HYUNDAI,HB20,,nome,,,F,flex,25,HYUNDAI,HB20,automoveis
2015,4,HYUNDAI,HB20X,,nome,,,F,flex,25,HYUNDAI,HB20,automoveis
2015,5,HYUNDAI,HB20X,(CVT),nome,,,F,flex,25,HYUNDAI,HB20,automoveis
2015,5,HYUNDAI,HB20X,,nome,,,F,flex,25,HYUNDAI,HB20,automoveis
2015,5,HYUNDAI,HB20X,,nome,,,F,flex,25,HYUNDAI,HB20,automoveis
2015,5,HYUNDAI,HB20 (2016),,nome,,,F,flex,25,HYUNDAI,HB20,automoveis
2015,5,HYUNDAI,HB20 (2016),,nome,,,F,flex,25,HYUNDAI,HB20,automoveis
2015,5,HYUNDAI,HB20 (2016),,nome,,,F,flex,25,HYUNDAI,HB20,automoveis
2015,5,HYUNDAI,HB20 (2016),,nome,,,F,flex,25,HYUNDAI,HB20,automoveis
2015,5,HYUNDAI,HB20 (2016),,nome,,,F,flex,25,HYUNDAI,HB20,automoveis
2015,5,HYUNDAI,HB20 (2016),,nome,,,F,flex,25,HYUNDAI,HB20,automoveis
2015,5,HYUNDAI,HB20 (2016),,nome,,,F,flex,25,HYUNDAI,HB20,automoveis
2015,5,JAC,J3,,nome,,,G,gasolina,24,JAC,J3,automoveis
2015,5,JAC,J3,,nome,,,G,gasolina,24,JAC,J3,automoveis
2015,5,JAC,J3,,nome,,,G,gasolina,24,JAC,J3,automoveis
2015,5,MINI,COOPER,,nome,,,G,gasolina,24,MINI,COOPER,automoveis
2015,5,MINI,COOPER,,nome,,,G,gasolina,24,MINI,COOPER,automoveis
2015,5,MINI,COOPER,,nome,,,G,gasolina,24,MINI,COOPER,automoveis
2015,5,NISSAN,NEW MARCH,,nome,,,F,flex,25,NISSAN,MARCH,automoveis
2015,5,NISSAN,NEW MARCH,,nome,,,F,flex,25,NISSAN,MARCH,automoveis
2015,5,NISSAN,NEW MARCH,,nome,,,F,flex,25,NISSAN,MARCH,automoveis
2015,5,NISSAN,NEW MARCH,,nome,,,F,flex,25,NISSAN,MARCH,automoveis
2015,5,NISSAN,NEW MARCH,,nome,,,F,flex,25,NISSAN,MARCH,automoveis
2015,5,NISSAN,NEW MARCH,,nome,,,F,flex,25,NISSAN,MARCH,automoveis
2015,5,NISSAN,NEW MARCH,,nome,,,F,flex,25,NISSAN,MARCH,automoveis
2015,5,NISSAN,NEW MARCH,,nome,,,F,flex,25,NISSAN,MARCH,automoveis
2015,5,NISSAN,NEW MARCH,,nome,,,F,flex,25,NISSAN,MARCH,automoveis
2015,5,PEUGEOT,208,,nome,,,F,flex,25,PEUGEOT,208,automoveis
2015,5,PEUGEOT,208,,nome,,,F,flex,25,PEUGEOT,208,automoveis
2015,5,PEUGEOT,208,,nome,,,F,flex,25,PEUGEOT,208,automoveis
2015,5,PEUGEOT,208,,nome,,,F,flex,25,PEUGEOT,208,automoveis
2015,5,PEUGEOT,208,,nome,,,F,flex,25,PEUGEOT,208,automoveis
2015,5,PEUGEOT,208,,nome,,,F,flex,25,PEUGEOT,208,automoveis
2015,5,PEUGEOT,208,,nome,,,F,flex,25,PEUGEOT,208,automoveis
2015,6,RENAULT,NOVO SANDERO,(CVT),nome,,,F,flex,25,RENAULT,SANDERO,automoveis
2015,6,RENAULT,NOVO SANDERO,,nome,,,F,flex,25,RENAULT,SANDERO,automoveis
2015,6,RENAULT,NOVO SANDERO,,nome,,,F,flex,25,RENAULT,SANDERO,automoveis
2015,6,RENAULT,NOVO SANDERO,,nome,,,F,flex,25,RENAULT,SANDERO,automoveis
2015,6,TOYOTA,ETIOS HATCHBACK,,nome,,,F,flex,25,TOYOTA,ETIOS HB,automoveis
2015,6,TOYOTA,ETIOS HATCHBACK,,nome,,,F,flex,25,TOYOTA,ETIOS HB,automoveis
2015,6,TOYOTA,ETIOS HATCHBACK,,nome,,,F,flex,25,TOYOTA,ETIOS HB,automoveis
2015,6,TOYOTA,ETIOS HATCHBACK,,nome,,,F,flex,25,TOYOTA,ETIOS HB,automoveis
2015,6,TOYOTA,ETIOS HATCHBACK,,nome,,,F,flex,25,TOYOTA,ETIOS HB,automoveis
2015,6,VOLKSWAGEN,GOL,BLUEMOTION,nome,,,F,flex,25,VW,GOL,automoveis
2015,6,VOLKSWAGEN,GOL,BLUEMOTION,nome,,,F,flex,25,VW,GOL,comerciais_leves
2015,6,VOLKSWAGEN,GOL,TECHNOLOGY,nome,,,F,flex,25,VW,GOL,automoveis
2015,6,VOLKSWAGEN,GOL,TECHNOLOGY,nome,,,F,flex,25,VW,GOL,comerciais_leves
2015,6,VOLKSWAGEN,GOL,,nome,,,F,flex,25,VW,GOL,automoveis
2015,6,VOLKSWAGEN,GOL,,nome,,,F,flex,25,VW,GOL,comerciais_leves
2015,6,VOLKSWAGEN,GOL,,nome,,,F,flex,25,VW,GOL,automoveis
2015,6,VOLKSWAGEN,GOL,,nome,,,F,flex,25,VW,GOL,comerciais_leves
2015,6,VOLKSWAGEN,GOL,,nome,,,F,flex,25,VW,GOL,automoveis
2015,6,VOLKSWAGEN,GOL,,nome,,,F,flex,25,VW,GOL,comerciais_leves
2015,6,VOLKSWAGEN,GOL,,nome,,,F,flex,25,VW,GOL,automoveis
2015,6,VOLKSWAGEN,GOL,,nome,,,F,flex,25,VW,GOL,comerciais_leves
2015,6,VOLKSWAGEN,GOL,,nome,,,F,flex,25,VW,GOL,automoveis
2015,6,VOLKSWAGEN,GOL,,nome,,,F,flex,25,VW,GOL,comerciais_leves
2015,6,VOLKSWAGEN,GOL,,nome,,,F,flex,25,VW,GOL,automoveis
2015,6,VOLKSWAGEN,GOL,,nome,,,F,flex,25,VW,GOL,comerciais_leves
2015,6,VOLKSWAGEN,GOL,,nome,,,F,flex,25,VW,GOL,automoveis
2015,6,VOLKSWAGEN,GOL,,nome,,,F,flex,25,VW,GOL,comerciais_leves
2015,6,VOLKSWAGEN,GOL,,nome,,,F,flex,25,VW,GOL,automoveis
2015,6,VOLKSWAGEN,GOL,,nome,,,F,flex,25,VW,GOL,comerciais_leves
2015,6,VOLKSWAGEN,GOL,COMFORTLINE I-,nome,,,F,flex,25,VW,GOL,automoveis
2015,6,VOLKSWAGEN,GOL,COMFORTLINE I-,nome,,,F,flex,25,VW,GOL,comerciais_leves
2015,6,VOLKSWAGEN,GOL,HIGHLINE I-,nome,,,F,flex,25,VW,GOL,automoveis
2015,6,VOLKSWAGEN,GOL,HIGHLINE I-,nome,,,F,flex,25,VW,GOL,comerciais_leves
2015,6,VOLKSWAGEN,GOL,MOTION,nome,,,F,flex,25,VW,GOL,automoveis
2015,6,VOLKSWAGEN,GOL,MOTION,nome,,,F,flex,25,VW,GOL,comerciais_leves
2015,6,VOLKSWAGEN,GOL,RALLYE I-,nome,,,F,flex,25,VW,GOL,automoveis
2015,6,VOLKSWAGEN,GOL,RALLYE I-,nome,,,F,flex,25,VW,GOL,comerciais_leves
2015,6,VOLKSWAGEN,GOL,MOTION,nome,,,F,flex,25,VW,GOL,automoveis
2015,6,VOLKSWAGEN,GOL,MOTION,nome,,,F,flex,25,VW,GOL,comerciais_leves
2015,6,VOLKSWAGEN,NOVO FOX,,nome,,,F,flex,25,VW,FOX/CROSS FOX,automoveis
2015,6,VOLKSWAGEN,NOVO FOX,,nome,,,F,flex,25,VW,FOX/CROSS FOX,automoveis
2015,6,VOLKSWAGEN,NOVO FOX,,nome,,,F,flex,25,VW,FOX/CROSS FOX,automoveis
2015,6,VOLKSWAGEN,NOVO FOX,,nome,,,F,flex,25,VW,FOX/CROSS FOX,automoveis
2015,6,VOLKSWAGEN,NOVO FOX,TRENDLINE I-,nome,,,F,flex,25,VW,FOX/CROSS FOX,automoveis
2015,7,VOLKSWAGEN,NOVO FOX,COMFORTLINE I-,nome,,,F,flex,25,VW,FOX/CROSS FOX,automoveis
2015,7,VOLKSWAGEN,NOVO FOX,MOTION,nome,,,F,flex,25,VW,FOX/CROSS FOX,automoveis
2015,7,VOLKSWAGEN,NOVO FOX,,nome,,,F,flex,25,VW,FOX/CROSS FOX,automoveis
2015,7,VOLKSWAGEN,NOVO FOX,,nome,,,F,flex,25,VW,FOX/CROSS FOX,automoveis
2015,7,VOLKSWAGEN,NOVO FOX,,nome,,,F,flex,25,VW,FOX/CROSS FOX,automoveis
2015,7,AUDI,A1,SPORTBACK,nome,,,G,gasolina,24,AUDI,A1,automoveis
2015,7,AUDI,A1,ATTRACTION,nome,,,G,gasolina,24,AUDI,A1,automoveis
2015,7,AUDI,A1,SPORTBACK,nome,,,G,gasolina,24,AUDI,A1,automoveis
2015,7,AUDI,A1,SPORTBACK,nome,,,G,gasolina,24,AUDI,A1,automoveis
2015,7,AUDI,A3,SPORTBACK,nome,,,G,gasolina,24,AUDI,A3,automoveis
2015,7,AUDI,A3,SPORTBACK,nome,,,G,gasolina,24,AUDI,A3,automoveis
2015,7,BMW,118I,,nome,,,G,gasolina,24,BMW,118I,automoveis
2015,7,BMW,M135I,,nome,,,G,gasolina,24,BMW,M135I,automoveis
2015,7,CHERY,CELER HB,,nome,,,F,flex,25,CHERY,CELER,automoveis
2015,7,CHERY,CELER SD,,nome,,,F,flex,25,CHERY,CELER,automoveis
2015,7,CHERY,TIGGO FL,,nome,,,G,gasolina,24,CHERY,TIGGO,automoveis
2015,7,CHERY,TIGGO FL,,nome,,,G,gasolina,24,CAOA CHERY,TIGGO,automoveis
2015,7,FIAT,BRAVO,,nome,,,F,flex,25,FIAT,BRAVO,automoveis
2015,7,FIAT,BRAVO,,nome,,,F,flex,25,FIAT,BRAVO,automoveis
2015,7,FIAT,BRAVO,,nome,,,F,flex,25,FIAT,BRAVO,automoveis
2015,7,FIAT,BRAVO,,nome,,,F,flex,25,FIAT,BRAVO,automoveis
2015,7,FIAT,BRAVO,,nome,,,F,flex,25,FIAT,BRAVO,automoveis
2015,7,FIAT,BRAVO,,nome,,,F,flex,25,FIAT,BRAVO,automoveis
2015,7,FIAT,BRAVO,,nome,,,G,gasolina,24,FIAT,BRAVO,automoveis
2015,7,FIAT,GRAND SIENA,,nome,,,F,flex,25,FIAT,SIENA,automoveis
2015,8,FIAT,WEEKEND,(CVT),nome,,,F,flex,25,FIAT,WEEKEND,automoveis
2015,8,FORD,NEW FIESTA SEDAN,,nome,,,F,flex,25,FORD,NEW FIESTA,automoveis
2015,8,FORD,NEW FIESTA SEDAN,,nome,,,F,flex,25,FORD,NEW FIESTA,automoveis
2015,8,FORD,NEW FIESTA SEDAN,,nome,,,F,flex,25,FORD,NEW FIESTA,automoveis
2015,8,FORD,NEW FIESTA SEDAN,,nome,,,F,flex,25,FORD,NEW FIESTA,automoveis
2015,8,FORD,KA+ (4 PORTAS),,nome,,,F,flex,25,FORD,KA SEDAN,automoveis
2015,8,FORD,KA+ (4 PORTAS),,nome,,,F,flex,25,FORD,KA SEDAN,automoveis
2015,8,FORD,KA+ (4 PORTAS),,nome,,,F,flex,25,FORD,KA SEDAN,automoveis
2015,8,FORD,KA+ (4 PORTAS),,nome,,,F,flex,25,FORD,KA SEDAN,automoveis
2015,8,HONDA,CITY,,nome,,,F,flex,25,HONDA,CITY,automoveis
2015,8,HONDA,CITY,,nome,,,F,flex,25,HONDA,CITY,automoveis
2015,8,HONDA,CITY,,nome,,,F,flex,25,HONDA,CITY,automoveis
2015,8,HONDA,CITY,,nome,,,F,flex,25,HONDA,CITY,automoveis
2015,8,HYUNDAI,I30,,nome,,,G,gasolina,24,HYUNDAI,I30,automoveis
2015,8,HYUNDAI,ELANTRA,,nome,,,F,flex,25,HYUNDAI,ELANTRA,automoveis
2015,8,HYUNDAI,I30,,nome,,,G,gasolina,24,HYUNDAI,I30,automoveis
2015,8,HYUNDAI,I30,,nome,,,G,gasolina,24,HYUNDAI,I30,automoveis
2015,8,HYUNDAI,I30,,nome,,,F,flex,25,HYUNDAI,I30,automoveis
2015,8,HYUNDAI,HB20S,,nome,,,F,flex,25,HYUNDAI,HB20S,automoveis
2015,8,HYUNDAI,HB20S,,nome,,,F,flex,25,HYUNDAI,HB20S,automoveis
2015,8,HYUNDAI,HB20S,,nome,,,F,flex,25,HYUNDAI,HB20S,automoveis
2015,8,HYUNDAI,HB20S,,nome,,,F,flex,25,HYUNDAI,HB20S,automoveis
2015,8,HYUNDAI,HB20S,,nome,,,F,flex,25,HYUNDAI,HB20S,automoveis
2015,8,HYUNDAI,HB20S,,nome,,,F,flex,25,HYUNDAI,HB20S,automoveis
2015,8,LEXUS,CT200H,,nome,,,G,gasolina,24,LEXUS,CT200H,automoveis
2015,8,LEXUS,CT200H,,nome,,,G,gasolina,24,LEXUS,CT200H,automoveis
2015,8,MERCEDES-BENZ,A45 AMG 4M,,nome,,,G,gasolina,24,M.BENZ,A45 AMG,automoveis
2015,8,NISSAN,NEW VERSA,,nome,,,F,flex,25,NISSAN,VERSA,automoveis
2015,8,NISSAN,NEW VERSA,,nome,,,F,flex,25,NISSAN,VERSA,automoveis
2015,8,NISSAN,NEW VERSA,,nome,,,F,flex,25,NISSAN,VERSA,automoveis
2015,8,NISSAN,NEW VERSA,,nome,,,F,flex,25,NISSAN,VERSA,automoveis
2015,8,NISSAN,NEW VERSA,,nome,,,F,flex,25,NISSAN,VERSA,automoveis
2015,9,NISSAN,VERSA,(CVT),nome,,,F,flex,25,NISSAN,VERSA,automoveis
2015,9,NISSAN,VERSA,,nome,,,F,flex,25,NISSAN,VERSA,automoveis
2015,9,NISSAN,VERSA,,nome,,,F,flex,25,NISSAN,VERSA,automoveis
2015,9,RENAULT,NOVO LOGAN,,nome,,,F,flex,25,RENAULT,LOGAN,automoveis
2015,9,RENAULT,NOVO LOGAN,,nome,,,F,flex,25,RENAULT,LOGAN,automoveis
2015,9,RENAULT,NOVO LOGAN,,nome,,,F,flex,25,RENAULT,LOGAN,automoveis
2015,9,RENAULT,NOVO LOGAN,,nome,,,F,flex,25,RENAULT,LOGAN,automoveis
2015,9,TOYOTA,PRIUS,,nome,,,G,gasolina,24,TOYOTA,PRIUS,automoveis
2015,9,TOYOTA,ETIOS SEDAN,,nome,,,F,flex,25,TOYOTA,ETIOS SEDAN,automoveis
2015,9,TOYOTA,ETIOS SEDAN,,nome,,,F,flex,25,TOYOTA,ETIOS SEDAN,automoveis
2015,9,TOYOTA,ETIOS SEDAN,,nome,,,F,flex,25,TOYOTA,ETIOS SEDAN,automoveis
2015,9,TOYOTA,ETIOS SEDAN,,nome,,,F,flex,25,TOYOTA,ETIOS SEDAN,automoveis
2015,9,VOLVO,V40,,nome,,,G,gasolina,24,VOLVO,V40,automoveis
2015,9,VOLVO,V40,,nome,,,G,gasolina,24,VOLVO,V40,automoveis
2015,9,VOLVO,V40,,nome,,,G,gasolina,24,VOLVO,V40,automoveis
2015,9,VOLVO,V40,,nome,,,G,gasolina,24,VOLVO,V40,automoveis
2015,9,VOLVO,V40,,nome,,,G,gasolina,24,VOLVO,V40,automoveis
2015,9,VOLVO,V40,,nome,,,G,gasolina,24,VOLVO,V40,automoveis
2015,9,VOLVO,V40,,nome,,,G,gasolina,24,VOLVO,V40,automoveis
2015,9,VOLVO,V40,,nome,,,G,gasolina,24,VOLVO,V40,automoveis
2015,9,VOLVO,V40,CC T5AWD,nome,,,G,gasolina,24,VOLVO,V40,automoveis
2015,9,VOLVO,V40,CC T5AWD,nome,,,G,gasolina,24,VOLVO,V40,automoveis
2015,9,VOLVO,V40,CC T5AWD,nome,,,G,gasolina,24,VOLVO,V40,automoveis
2015,9,VOLVO,V40,"2,0T5",nome,,,G,gasolina,24,VOLVO,V40,automoveis
2015,9,VOLVO,V40,"2,0T5",nome,,,G,gasolina,24,VOLVO,V40,automoveis
2015,9,VOLVO,V40,"2,0T5 TOP",nome,,,G,gasolina,24,VOLVO,V40,automoveis
2015,10,VOLVO,V40,(CVT),nome,,,G,gasolina,24,VOLVO,V40,automoveis
2015,10,VOLVO,V40,"2,0 T5 INS",nome,,,G,gasolina,24,VOLVO,V40,automoveis
2015,10,VOLVO,V40,"2,0 T5 MOM",nome,,,G,gasolina,24,VOLVO,V40,automoveis
2015,10,VOLVO,V40,"2,0T5 KIN",nome,,,G,gasolina,24,VOLVO,V40,automoveis
2015,10,VOLVO,V40 (2016),DRIVE E,nome,,,G,gasolina,24,VOLVO,V40,automoveis
2015,10,VOLVO,V40 (2016),,nome,,,G,gasolina,24,VOLVO,V40,automoveis
2015,10,VOLVO,V40 (2016),,nome,,,G,gasolina,24,VOLVO,V40,automoveis
2015,10,VOLVO,V40 (2016),,nome,,,G,gasolina,24,VOLVO,V40,automoveis
2015,10,VOLVO,V40 (2016),,nome,,,G,gasolina,24,VOLVO,V40,automoveis
2015,10,VOLVO,V40 (2016),CCT5 AWD,nome,,,G,gasolina,24,VOLVO,V40,automoveis
2015,10,VOLKSWAGEN,VOYAGE,BLUEMOTION,nome,,,F,flex,25,VW,VOYAGE,automoveis
2015,10,VOLKSWAGEN,VOYAGE,TECHNOLOGY,nome,,,F,flex,25,VW,VOYAGE,automoveis
2015,10,VOLKSWAGEN,VOYAGE,,nome,,,F,flex,25,VW,VOYAGE,automoveis
2015,10,VOLKSWAGEN,VOYAGE,,nome,,,F,flex,25,VW,VOYAGE,automoveis
2015,10,VOLKSWAGEN,VOYAGE,,nome,,,F,flex,25,VW,VOYAGE,automoveis
2015,10,VOLKSWAGEN,VOYAGE,,nome,,,F,flex,25,VW,VOYAGE,automoveis
2015,10,VOLKSWAGEN,VOYAGE,,nome,,,F,flex,25,VW,VOYAGE,automoveis
2015,10,VOLKSWAGEN,VOYAGE,,nome,,,F,flex,25,VW,VOYAGE,automoveis
2015,10,VOLKSWAGEN,VOYAGE,,nome,,,F,flex,25,VW,VOYAGE,automoveis
2015,10,VOLKSWAGEN,VOYAGE,,nome,,,F,flex,25,VW,VOYAGE,automoveis
2015,10,VOLKSWAGEN,VOYAGE,COMFORTLINE I-,nome,,,F,flex,25,VW,VOYAGE,automoveis
2015,10,VOLKSWAGEN,VOYAGE,HIGHLINE I-,nome,,,F,flex,25,VW,VOYAGE,automoveis
2015,10,VOLKSWAGEN,VOYAGE,EVIDENCE I-,nome,,,F,flex,25,VW,VOYAGE,automoveis
2015,10,VOLKSWAGEN,NOVO GOLF,MOTION,nome,,,G,gasolina,24,VW,GOLF,automoveis
2015,10,VOLKSWAGEN,NOVO GOLF,,nome,,,G,gasolina,24,VW,GOLF,automoveis
2015,10,VOLKSWAGEN,NOVO SPACEFOX,,nome,,,F,flex,25,VW,SPACE FOX,automoveis
2015,10,VOLKSWAGEN,NOVO SPACEFOX,COMFORTLINE I-,nome,,,F,flex,25,VW,SPACE FOX,automoveis
2015,11,VOLKSWAGEN,NOVO SPACEFOX,(CVT),nome,,,F,flex,25,VW,SPACE FOX,automoveis
2015,11,AUDI,A3,SEDAN,nome,,,G,gasolina,24,AUDI,A3,automoveis
2015,11,AUDI,A3,SEDAN,nome,,,G,gasolina,24,AUDI,A3,automoveis
2015,11,AUDI,A3,SEDAN,nome,,,F,flex,25,AUDI,A3,automoveis
2015,11,AUDI,A3,SEDAN,nome,,,F,flex,25,AUDI,A3,automoveis
2015,11,AUDI,Q3,AMBIENTE,nome,,,G,gasolina,24,AUDI,Q3,automoveis
2015,11,AUDI,Q3,,nome,,,G,gasolina,24,AUDI,Q3,automoveis
2015,11,AUDI,Q3,,nome,,,G,gasolina,24,AUDI,Q3,automoveis
2015,11,AUDI,Q3,,nome,,,G,gasolina,24,AUDI,Q3,automoveis
2015,11,AUDI,Q3,ATTRACTION,nome,,,G,gasolina,24,AUDI,Q3,automoveis
2015,11,AUDI,Q3,AMBIENTE,nome,,,G,gasolina,24,AUDI,Q3,automoveis
2015,11,AUDI,Q3,AMBITION,nome,,,G,gasolina,24,AUDI,Q3,automoveis
2015,11,BMW,316I,(2016),nome,,,G,gasolina,24,BMW,316I,automoveis
2015,11,BMW,320I,,nome,,,F,flex,25,BMW,320I,automoveis
2015,11,BMW,420I,,nome,,,G,gasolina,24,BMW,420I,automoveis
2015,11,BMW,428I,,nome,,,G,gasolina,24,BMW,428I,automoveis
2015,11,BMW,X1,SDRIVE 20I,nome,,,F,flex,25,BMW,X1,automoveis
2015,11,BMW,X1,XDRIVE 28I,nome,,,F,flex,25,BMW,X1,automoveis
2015,11,CITROEN,C4 LOUNGE,,nome,,,F,flex,25,CITROEN,C4L,automoveis
2015,11,CITROEN,C4 LOUNGE,,nome,,,F,flex,25,CITROEN,C4L,automoveis
2015,11,CITROEN,C4 LOUNGE,,nome,,,F,flex,25,CITROEN,C4L,automoveis
2015,11,CITROEN,C4 LOUNGE,,nome,,,F,flex,25,CITROEN,C4L,automoveis
2015,11,CITROEN,C4 LOUNGE,,nome,,,F,flex,25,CITROEN,C4L,automoveis
2015,11,CITROEN,C4 LOUNGE,,nome,,,F,flex,25,CITROEN,C4L,automoveis
2015,11,CITROEN,DS5,,nome,,,G,gasolina,24,CITROEN,DS5,automoveis
2015,12,CITROEN,DS5,(CVT),nome,,,G,gasolina,24,CITROEN,DS5,automoveis
2015,12,CITROEN,C4 LOUNGE,,nome,,,F,flex,25,CITROEN,C4L,automoveis
2015,12,CITROEN,C4 LOUNGE,,nome,,,F,flex,25,CITROEN,C4L,automoveis
2015,12,FIAT,LINEA,,nome,,,F,flex,25,FIAT,LINEA,automoveis
2015,12,FIAT,LINEA,,nome,,,F,flex,25,FIAT,LINEA,automoveis
2015,12,FIAT,LINEA,,nome,,,F,flex,25,FIAT,LINEA,automoveis
2015,12,FORD,FOCUS HATCH,,nome,,,F,flex,25,FORD,FOCUS,automoveis
2015,12,FORD,FOCUS HATCH,,nome,,,F,flex,25,FORD,FOCUS,automoveis
2015,12,FORD,FOCUS HATCH,,nome,,,F,flex,25,FORD,FOCUS,automoveis
2015,12,FORD,FOCUS HATCH,,nome,,,F,flex,25,FORD,FOCUS,automoveis
2015,12,FORD,FOCUS HATCH,,nome,,,F,flex,25,FORD,FOCUS,automoveis
2015,12,FORD,FOCUS HATCH,,nome,,,F,flex,25,FORD,FOCUS,automoveis
2015,12,FORD,FOCUS SEDAN,,nome,,,F,flex,25,FORD,FOCUS SEDAN,automoveis
2015,12,FORD,FOCUS SEDAN,,nome,,,F,flex,25,FORD,FOCUS SEDAN,automoveis
2015,12,FORD,FOCUS HATCH,,nome,,,F,flex,25,FORD,FOCUS,automoveis
2015,12,FORD,FOCUS HATCH,,nome,,,F,flex,25,FORD,FOCUS,automoveis
2015,12,FORD,FOCUS HATCH,,nome,,,F,flex,25,FORD,FOCUS,automoveis
2015,12,FORD,FOCUS HATCH,,nome,,,F,flex,25,FORD,FOCUS,automoveis
2015,12,FORD,FOCUS HATCH,,nome,,,F,flex,25,FORD,FOCUS,automoveis
2015,12,FORD,FOCUS HATCH,TITANIUM,nome,,,F,flex,25,FORD,FOCUS,automoveis
2015,12,FORD,FOCUS FASTBACK,(2016),nome,,,F,flex,25,FORD,FOCUS,automoveis
2015,12,FORD,FOCUS FASTBACK,TITANIUM,nome,,,F,flex,25,FORD,FOCUS,automoveis
2015,12,HONDA,CIVIC,(2016),nome,,,F,flex,25,HONDA,CIVIC,automoveis
2015,12,HONDA,CIVIC,,nome,,,F,flex,25,HONDA,CIVIC,automoveis
2015,12,HONDA,CIVIC,,nome,,,F,flex,25,HONDA,CIVIC,automoveis
2015,12,HONDA,CIVIC,,nome,,,F,flex,25,HONDA,CIVIC,automoveis
2015,12,HONDA,CIVIC,,nome,,,G,gasolina,24,HONDA,CIVIC,automoveis
2015,12,HYUNDAI,AZERA,,nome,,,G,gasolina,24,HYUNDAI,AZERA,automoveis
2015,12,HYUNDAI,SONATA,,nome,,,G,gasolina,24,HYUNDAI,SONATA,automoveis
2015,12,JAC,J5,,nome,,,G,gasolina,24,JAC,J5,automoveis
2015,12,JAC,J6,,nome,,,G,gasolina,24,JAC,J6,automoveis
2015,13,JAC,J6,"2,0S",nome,,,G,gasolina,24,JAC,J6,automoveis
2015,13,JAC,J6,"2,0S",nome,,,G,gasolina,24,JAC,J6,automoveis
2015,13,JAC,J6,"2,0S LUXURY",nome,,,G,gasolina,24,JAC,J6,automoveis
2015,13,JAC,J6,"2,0S BLACK",nome,,,G,gasolina,24,JAC,J6,automoveis
2015,13,JAC,J6,"2,0 JETFLEX",nome,,,F,flex,25,JAC,J6,automoveis
2015,13,KIA,CERATO,5S,nome,,,F,flex,25,KIA,CERATO,automoveis
2015,13,KIA,CERATO,,nome,,,F,flex,25,KIA,CERATO,automoveis
2015,13,KIA,CERATO,,nome,,,F,flex,25,KIA,CERATO,automoveis
2015,13,KIA,CERATO,,nome,,,F,flex,25,KIA,CERATO,automoveis
2015,13,KIA,CERATO,,nome,,,F,flex,25,KIA,CERATO,automoveis
2015,13,KIA,CERATO,,nome,,,F,flex,25,KIA,CERATO,automoveis
2015,13,KIA,CERATO KOUP,,nome,,,G,gasolina,24,KIA,CERATO,automoveis
2015,13,KIA,CERATO KOUP,,nome,,,G,gasolina,24,KIA,CERATO,automoveis
2015,13,MERCEDES-BENZ,CLA200,,nome,,,G,gasolina,24,M.BENZ,CLA200,automoveis
2015,13,MERCEDES-BENZ,GLA200,,nome,,,G,gasolina,24,M.BENZ,CLASSE GLA,automoveis
2015,13,MERCEDES-BENZ,GLA250,,nome,,,G,gasolina,24,M.BENZ,CLASSE GLA,automoveis
2015,13,MERCEDES-BENZ,CLA45 AMG 4M,,nome,,,G,gasolina,24,M.BENZ,CLA45,automoveis
2015,13,MERCEDES-BENZ,CLA200 FF,,nome,,,F,flex,25,M.BENZ,CLA200,automoveis
2015,13,MERCEDES-BENZ,GLA200 FF,,nome,,,F,flex,25,M.BENZ,CLASSE GLA,automoveis
2015,13,MITSUBISHI,LANCER,,nome,,,G,gasolina,24,MITSUBISHI,LANCER,automoveis
2015,13,MITSUBISHI,LANCER,,nome,,,G,gasolina,24,MITSUBISHI,LANCER,automoveis
2015,13,MITSUBISHI,LANCER,,nome,,,G,gasolina,24,MITSUBISHI,LANCER,automoveis
2015,13,NISSAN,NOVO SENTRA,,nome,,,F,flex,25,NISSAN,SENTRA,automoveis
2015,13,NISSAN,NOVO SENTRA,,nome,,,F,flex,25,NISSAN,SENTRA,automoveis
2015,13,NISSAN,NOVO SENTRA,,nome,,,F,flex,25,NISSAN,SENTRA,automoveis
2015,13,NISSAN,NOVO SENTRA,,nome,,,F,flex,25,NISSAN,SENTRA,automoveis
2015,13,RENAULT,FLUENCE,,nome,,,F,flex,25,RENAULT,FLUENCE,automoveis
2015,13,RENAULT,FLUENCE,,nome,,,F,flex,25,RENAULT,FLUENCE,automoveis
2015,13,RENAULT,FLUENCE,,nome,,,F,flex,25,RENAULT,FLUENCE,automoveis
2015,14,SUBARU,FORESTER,(CVT),nome,,,G,gasolina,24,SUBARU,FORESTER,automoveis
2015,14,SUBARU,FORESTER,,nome,,,G,gasolina,24,SUBARU,FORESTER,automoveis
2015,14,SUBARU,FORESTER,,nome,,,G,gasolina,24,SUBARU,FORESTER,automoveis
2015,14,TOYOTA,COROLLA,,nome,,,F,flex,25,TOYOTA,COROLLA,automoveis
2015,14,TOYOTA,COROLLA,,nome,,,F,flex,25,TOYOTA,COROLLA,automoveis
2015,14,TOYOTA,COROLLA,,nome,,,F,flex,25,TOYOTA,COROLLA,automoveis
2015,14,TOYOTA,COROLLA,,nome,,,F,flex,25,TOYOTA,COROLLA,automoveis
2015,14,VOLKSWAGEN,GOLF VARIANT,,nome,,,G,gasolina,24,VW,GOLF VARIANT,automoveis
2015,14,VOLKSWAGEN,GOLF VARIANT,,nome,,,G,gasolina,24,VW,GOLF VARIANT,automoveis
2015,14,VOLKSWAGEN,JETTA,HIGHLINE TSI,nome,,,G,gasolina,24,VW,JETTA,automoveis
2015,14,AUDI,A4,EXTRA SEDAN,nome,,,G,gasolina,24,AUDI,A4,automoveis
2015,14,AUDI,A4,EXTRA AVANT,nome,,,G,gasolina,24,AUDI,A4,automoveis
2015,14,AUDI,A5,EXTRA SPORTBACK,nome,,,G,gasolina,24,AUDI,A5,automoveis
2015,14,AUDI,A5,EXTRA SPORTBACK,nome,,,G,gasolina,24,AUDI,A5,automoveis
2015,14,AUDI,A6,EXTRA SEDAN,nome,,,G,gasolina,24,AUDI,A6,automoveis
2015,14,AUDI,A6,EXTRA SEDAN,nome,,,G,gasolina,24,AUDI,A6,automoveis
2015,14,AUDI,Q5,EXTRA,nome,,,G,gasolina,24,AUDI,Q5,automoveis
2015,14,AUDI,Q7,EXTRA,nome,,,G,gasolina,24,AUDI,Q7,automoveis
2015,15,CHRYSLER,300C,EXTRA,nome,,,G,gasolina,24,CHRYSLER,300C,automoveis
2015,15,DODGE,DURANGO,EXTRA,nome,,,G,gasolina,24,DODGE,DURANGO,automoveis
2015,15,FORD,FUSION,EXTRA,nome,,,G,gasolina,24,FORD,FUSION,automoveis
2015,15,FORD,FUSION,EXTRA,nome,,,G,gasolina,24,FORD,FUSION,comerciais_leves
2015,15,FORD,FUSION,EXTRA AWD,nome,,,G,gasolina,24,FORD,FUSION,automoveis
2015,15,FORD,FUSION,EXTRA AWD,nome,,,G,gasolina,24,FORD,FUSION,comerciais_leves
2015,15,FORD,FUSION,EXTRA,nome,,,G,gasolina,24,FORD,FUSION,automoveis
2015,15,FORD,FUSION,EXTRA,nome,,,G,gasolina,24,FORD,FUSION,comerciais_leves
2015,15,FORD,FUSION,EXTRA,nome,,,F,flex,25,FORD,FUSION,automoveis
2015,15,FORD,FUSION,EXTRA,nome,,,F,flex,25,FORD,FUSION,comerciais_leves
2015,15,JAGUAR,XF,EXTRA,nome,,,G,gasolina,24,JAGUAR,XF,automoveis
2015,15,JAGUAR,XF,EXTRA SC PREMIUM,nome,,,G,gasolina,24,JAGUAR,XF,automoveis
2015,15,JAGUAR,XF,EXTRA,nome,,,G,gasolina,24,JAGUAR,XF,automoveis
2015,15,JAGUAR,XF,EXTRA PREMIUM,nome,,,G,gasolina,24,JAGUAR,XF,automoveis
2015,15,JAGUAR,XJ,EXTRA,nome,,,G,gasolina,24,JAGUAR,XJ,automoveis
2015,15,KIA,OPTIMA,EXTRA,nome,,,G,gasolina,24,KIA,OPTIMA,automoveis
2015,15,KIA,OPTIMA,EXTRA,nome,,,G,gasolina,24,KIA,OPTIMA,automoveis
2015,15,KIA,OPTIMA,EXTRA,nome,,,G,gasolina,24,KIA,OPTIMA,automoveis
2015,15,KIA,CADENZA,EXTRA,nome,,,G,gasolina,24,KIA,CADENZA,automoveis
2015,15,MERCEDES-BENZ,C180,EXTRA,nome,,,G,gasolina,24,M.BENZ,C180,automoveis
2015,15,MERCEDES-BENZ,C180,EXTRA,nome,,,G,gasolina,24,M.BENZ,C180,automoveis
2015,15,MERCEDES-BENZ,C200,EXTRA,nome,,,G,gasolina,24,M.BENZ,CLASSE C,automoveis
2015,15,MERCEDES-BENZ,C250,EXTRA,nome,,,G,gasolina,24,M.BENZ,C 250,automoveis
2015,16,MERCEDES-BENZ,E250 TURBO,EXTRA,nome,,,G,gasolina,24,M.BENZ,CLASSE E,automoveis
2015,16,MERCEDES-BENZ,S63 AMG L 4M,EXTRA,nome,,,G,gasolina,24,M.BENZ,S63,automoveis
2015,16,NISSAN,ALTIMA,EXTRA,nome,,,G,gasolina,24,NISSAN,ALTIMA,automoveis
2015,16,PEUGEOT,408,EXTRA,nome,,,F,flex,25,PEUGEOT,408,automoveis
2015,16,PEUGEOT,408,EXTRA,nome,,,F,flex,25,PEUGEOT,408,automoveis
2015,16,PEUGEOT,408,EXTRA,nome,,,F,flex,25,PEUGEOT,408,automoveis
2015,16,PEUGEOT,408,EXTRA GRIFFE THP,nome,,,F,flex,25,PEUGEOT,408,automoveis
2015,16,PEUGEOT,408,EXTRA,nome,,,G,gasolina,24,PEUGEOT,408,automoveis
2015,16,PEUGEOT,RCZ,EXTRA,nome,,,G,gasolina,24,PEUGEOT,RCZ,automoveis
2015,16,TOYOTA,CAMRY,EXTRA,nome,,,G,gasolina,24,TOYOTA,CAMRY,automoveis
2015,16,VOLVO,S60,"EXTRA 3,0 T6",nome,,,G,gasolina,24,VOLVO,S60,automoveis
2015,16,VOLVO,S60,"EXTRA 3,0 T6",nome,,,G,gasolina,24,VOLVO,S60,automoveis
2015,16,VOLVO,S60,EXTRA,nome,,,G,gasolina,24,VOLVO,S60,automoveis
2015,16,VOLVO,S60,"EXTRA 3,0 T6 R-",nome,,,G,gasolina,24,VOLVO,S60,automoveis
2015,16,VOLVO,V60,"EXTRA 3,0 T6",nome,,,G,gasolina,24,VOLVO,V60,automoveis
2015,16,VOLVO,V60,"EXTRA 3,0 T6",nome,,,G,gasolina,24,VOLVO,V60,automoveis
2015,16,VOLVO,V60,EXTRA,nome,,,G,gasolina,24,VOLVO,V60,automoveis
2015,16,VOLVO,V60,"EXTRA 3,0 T6 R-",nome,,,G,gasolina,24,VOLVO,V60,automoveis
2015,17,VOLVO,V60,EXTRA,nome,,,G,gasolina,24,VOLVO,V60,automoveis
2015,17,VOLVO,V60,EXTRA,nome,,,G,gasolina,24,VOLVO,V60,automoveis
2015,17,VOLVO,V60,"EXTRA 2,0T5 TOP",nome,,,G,gasolina,24,VOLVO,V60,automoveis
2015,17,VOLVO,V60,EXTRA,nome,,,G,gasolina,24,VOLVO,V60,automoveis
2015,17,VOLVO,V60,"EXTRA 2,0 T5 INS",nome,,,G,gasolina,24,VOLVO,V60,automoveis
2015,17,VOLVO,V60,"EXTRA 2,0 T5 MOM",nome,,,G,gasolina,24,VOLVO,V60,automoveis
2015,17,VOLVO,V60,EXTRA T5 KIN DRIVE,nome,,,G,gasolina,24,VOLVO,V60,automoveis
2015,17,VOLVO,S60 (2016),"EXTRA 2,0 T5",nome,,,G,gasolina,24,VOLVO,S60,automoveis
2015,17,VOLVO,S60 (2016),EXTRA,nome,,,G,gasolina,24,VOLVO,S60,automoveis
2015,17,VOLVO,S60 (2016),EXTRA,nome,,,G,gasolina,24,VOLVO,S60,automoveis
2015,17,VOLVO,S60 (2016),EXTRA,nome,,,G,gasolina,24,VOLVO,S60,automoveis
2015,17,VOLVO,S60 (2016),"EXTRA 2,0 T5",nome,,,G,gasolina,24,VOLVO,S60,automoveis
2015,17,VOLVO,S60 (2016),"EXTRA 2,0 T5 R-",nome,,,G,gasolina,24,VOLVO,S60,automoveis
2015,17,VOLVO,S60 (2016),EXTRA,nome,,,G,gasolina,24,VOLVO,S60,automoveis
2015,17,VOLVO,S60 (2016),EXTRA,nome,,,G,gasolina,24,VOLVO,S60,automoveis
2015,17,VOLVO,S60 (2016),"EXTRA 2,0 T6",nome,,,G,gasolina,24,VOLVO,S60,automoveis
2015,17,VOLVO,S60 (2016),"EXTRA 2,0 T6 R-",nome,,,G,gasolina,24,VOLVO,S60,automoveis
2015,17,VOLVO,V60 (2016),"EXTRA 2,0 T5",nome,,,G,gasolina,24,VOLVO,V60,automoveis
2015,17,VOLVO,V60 (2016),EXTRA,nome,,,G,gasolina,24,VOLVO,V60,automoveis
2015,18,VOLVO,V60 (2016),EXTRA,nome,,,G,gasolina,24,VOLVO,V60,automoveis
2015,18,VOLVO,V60 (2016),EXTRA,nome,,,G,gasolina,24,VOLVO,V60,automoveis
2015,18,VOLVO,V60 (2016),"EXTRA 2,0 T5",nome,,,G,gasolina,24,VOLVO,V60,automoveis
2015,18,VOLVO,V60 (2016),"EXTRA 2,0 T5 R-",nome,,,G,gasolina,24,VOLVO,V60,automoveis
2015,18,VOLVO,V60 (2016),"EXTRA 2,0 T6 R-",nome,,,G,gasolina,24,VOLVO,V60,automoveis
2015,18,VOLVO,V60 (2016),EXTRA,nome,,,G,gasolina,24,VOLVO,V60,automoveis
2015,18,VOLVO,V60 (2016),EXTRA,nome,,,G,gasolina,24,VOLVO,V60,automoveis
2015,18,VOLVO,V60 (2016),"EXTRA 2,0 T6",nome,,,G,gasolina,24,VOLVO,V60,automoveis
2015,18,CITROEN,AIRCROSS,UTILITARIO,nome,,,F,flex,25,CITROEN,AIRCROSS,automoveis
2015,18,CITROEN,AIRCROSS,UTILITARIO,nome,,,F,flex,25,CITROEN,AIRCROSS,automoveis
2015,18,CITROEN,AIRCROSS,UTILITARIO,nome,,,F,flex,25,CITROEN,AIRCROSS,automoveis
2015,18,CITROEN,AIRCROSS,UTILITARIO,nome,,,F,flex,25,CITROEN,AIRCROSS,automoveis
2015,18,FIAT,DOBLO,UTILITARIO,nome,,,F,flex,25,FIAT,DOBLO,automoveis
2015,18,FIAT,DOBLO,UTILITARIO,nome,,,F,flex,25,FIAT,DOBLO,comerciais_leves
2015,18,FIAT,IDEA,UTILITARIO,nome,,,F,flex,25,FIAT,IDEA,automoveis
2015,18,FIAT,IDEA,ADVENTURE,nome,,,F,flex,25,FIAT,IDEA,automoveis
2015,18,FIAT,NOVO UNO,UTILITARIO,nome,,,F,flex,25,FIAT,UNO,automoveis
2015,18,FIAT,NOVO UNO,UTILITARIO,nome,,,F,flex,25,FIAT,UNO,comerciais_leves
2015,19,FIAT,NOVO UNO,(CVT),nome,,,F,flex,25,FIAT,UNO,automoveis
2015,19,FIAT,NOVO UNO,(CVT),nome,,,F,flex,25,FIAT,UNO,comerciais_leves
2015,19,FIAT,WEEKEND,UTILITARIO,nome,,,F,flex,25,FIAT,WEEKEND,automoveis
2015,19,FIAT,WEEKEND,ADVENTURE,nome,,,F,flex,25,FIAT,WEEKEND,automoveis
2015,19,FIAT,WEEKEND,UTILITARIO,nome,,,F,flex,25,FIAT,WEEKEND,automoveis
2015,19,FORD,ECOSPORT,UTILITARIO,nome,,,F,flex,25,FORD,ECOSPORT,automoveis
2015,19,FORD,ECOSPORT,UTILITARIO,nome,,,F,flex,25,FORD,ECOSPORT,automoveis
2015,19,FORD,ECOSPORT,UTILITARIO,nome,,,F,flex,25,FORD,ECOSPORT,automoveis
2015,19,FORD,ECOSPORT,UTILITARIO,nome,,,F,flex,25,FORD,ECOSPORT,automoveis
2015,19,FORD,ECOSPORT,UTILITARIO,nome,,,F,flex,25,FORD,ECOSPORT,automoveis
2015,19,FORD,ECOSPORT,UTILITARIO,nome,,,F,flex,25,FORD,ECOSPORT,automoveis
2015,19,FORD,ECOSPORT,UTILITARIO,nome,,,F,flex,25,FORD,ECOSPORT,automoveis
2015,19,FORD,ECOSPORT,UTILITARIO,nome,,,F,flex,25,FORD,ECOSPORT,automoveis
2015,19,FORD,ECOSPORT,UTILITARIO,nome,,,F,flex,25,FORD,ECOSPORT,automoveis
2015,19,FORD,ECOSPORT,UTILITARIO,nome,,,F,flex,25,FORD,ECOSPORT,automoveis
2015,19,HONDA,HR-V,UTILITARIO,nome,,,F,flex,25,HONDA,HR-V,automoveis
2015,20,HONDA,HR-V,UTILITARIO,nome,,,F,flex,25,HONDA,HR-V,automoveis
2015,20,HONDA,HR-V,UTILITARIO,nome,,,F,flex,25,HONDA,HR-V,automoveis
2015,20,HONDA,HR-V,UTILITARIO,nome,,,F,flex,25,HONDA,HR-V,automoveis
2015,20,HYUNDAI,TUCSON,UTILITARIO,nome,,,F,flex,25,HYUNDAI,TUCSON,automoveis
2015,20,HYUNDAI,HB20X (2016),UTILITARIO,nome,,,F,flex,25,HYUNDAI,HB20,automoveis
2015,20,HYUNDAI,HB20X (2016),UTILITARIO,nome,,,F,flex,25,HYUNDAI,HB20,automoveis
2015,20,HYUNDAI,HB20X (2016),UTILITARIO,nome,,,F,flex,25,HYUNDAI,HB20,automoveis
2015,20,JEEP,RENEGADE,UTILITARIO,nome,,,F,flex,25,JEEP,RENEGADE,automoveis
2015,20,KIA,NEW SOUL,UTILITARIO,nome,,,F,flex,25,KIA,SOUL,automoveis
2015,20,KIA,NEW SOUL,UTILITARIO,nome,,,F,flex,25,KIA,SOUL,automoveis
2015,20,MITSUBISHI,ASX,UTILITARIO,nome,,,G,gasolina,24,MITSUBISHI,ASX,automoveis
2015,20,MITSUBISHI,ASX,UTILITARIO,nome,,,G,gasolina,24,MITSUBISHI,ASX,automoveis
2015,20,MITSUBISHI,ASX,UTILITARIO,nome,,,G,gasolina,24,MITSUBISHI,ASX,automoveis
2015,20,PEUGEOT,2008,UTILITARIO,nome,,,F,flex,25,PEUGEOT,2008,automoveis
2015,21,PEUGEOT,2008,UTILITARIO,nome,,,F,flex,25,PEUGEOT,2008,automoveis
2015,21,PEUGEOT,2008,UTILITARIO,nome,,,F,flex,25,PEUGEOT,2008,automoveis
2015,21,PEUGEOT,2008,UTILITARIO,nome,,,F,flex,25,PEUGEOT,2008,automoveis
2015,21,PEUGEOT,2008,UTILITARIO,nome,,,F,flex,25,PEUGEOT,2008,automoveis
2015,21,RENAULT,NOVO SANDERO,UTILITARIO,nome,,,F,flex,25,RENAULT,SANDERO,automoveis
2015,21,RENAULT,NOVO SANDERO,UTILITARIO,nome,,,F,flex,25,RENAULT,SANDERO,automoveis
2015,21,VOLKSWAGEN,NOVO CROSSFOX,UTILITARIO,nome,,,F,flex,25,VW,FOX/CROSS FOX,automoveis
2015,21,VOLKSWAGEN,NOVO CROSSFOX,UTILITARIO,nome,,,F,flex,25,VW,FOX/CROSS FOX,automoveis
2015,21,HYUNDAI,SANTA FE,UTILITARIO,nome,,,G,gasolina,24,HYUNDAI,SANTAFE,automoveis
2015,22,HYUNDAI,IX35,UTILITARIO,nome,,,F,flex,25,HYUNDAI,IX35,automoveis
2015,22,HYUNDAI,IX35,UTILITARIO,nome,,,G,gasolina,24,HYUNDAI,IX35,automoveis
2015,22,HYUNDAI,IX35,UTILITARIO,nome,,,G,gasolina,24,HYUNDAI,IX35,automoveis
2015,22,HYUNDAI,SANTA FE,UTILITARIO,nome,,,G,gasolina,24,HYUNDAI,SANTAFE,automoveis
2015,22,HYUNDAI,SANTA FE,UTILITARIO,nome,,,G,gasolina,24,HYUNDAI,SANTAFE,automoveis
2015,22,JEEP,COMPASS,UTILITARIO,nome,,,G,gasolina,24,JEEP,COMPASS,automoveis
2015,22,JEEP,CHEROKEE,UTILITARIO,nome,,,G,gasolina,24,JEEP,CHEROKEE,automoveis
2015,22,KIA,SORENTO,UTILITARIO,nome,,,G,gasolina,24,KIA,SORENTO,automoveis
2015,22,KIA,SORENTO,UTILITARIO,nome,,,G,gasolina,24,KIA,SORENTO,automoveis
2015,22,KIA,SPORTAGE,UTILITARIO,nome,,,F,flex,25,KIA,SPORTAGE,automoveis
2015,22,KIA,SPORTAGE,UTILITARIO,nome,,,F,flex,25,KIA,SPORTAGE,automoveis
2015,22,KIA,SPORTAGE,UTILITARIO,nome,,,F,flex,25,KIA,SPORTAGE,automoveis
2015,23,KIA,SPORTAGE,(CVT),nome,,,F,flex,25,KIA,SPORTAGE,automoveis
2015,23,KIA,SPORTAGE,UTILITARIO,nome,,,F,flex,25,KIA,SPORTAGE,automoveis
2015,23,KIA,SPORTAGE,UTILITARIO,nome,,,F,flex,25,KIA,SPORTAGE,automoveis
2015,23,MITSUBISHI,OUTLANDER,UTILITARIO,nome,,,G,gasolina,24,MITSUBISHI,OUTLANDER,automoveis
2015,23,RENAULT,DUSTER,UTILITARIO,nome,,,F,flex,25,RENAULT,DUSTER,automoveis
2015,23,RENAULT,DUSTER,UTILITARIO,nome,,,F,flex,25,RENAULT,DUSTER,automoveis
2015,23,RENAULT,DUSTER,UTILITARIO,nome,,,F,flex,25,RENAULT,DUSTER,automoveis
2015,23,RENAULT,NOVO DUSTER,UTILITARIO,nome,,,F,flex,25,RENAULT,DUSTER,automoveis
2015,23,RENAULT,NOVO DUSTER,UTILITARIO,nome,,,F,flex,25,RENAULT,DUSTER,automoveis
2015,23,RENAULT,NOVO DUSTER,UTILITARIO,nome,,,F,flex,25,RENAULT,DUSTER,automoveis
2015,23,RENAULT,NOVO DUSTER,UTILITARIO,nome,,,F,flex,25,RENAULT,DUSTER,automoveis
2015,23,RENAULT,DUSTER,UTILITARIO,nome,,,F,flex,25,RENAULT,DUSTER,automoveis
2015,23,SUZUKI,GRAND VITARA,UTILITARIO,nome,,,G,gasolina,24,SUZUKI,GVITARA,automoveis
2015,23,SUZUKI,GRAND VITARA,UTILITARIO,nome,,,G,gasolina,24,SUZUKI,GVITARA,automoveis
2015,23,TOYOTA,RAV4 4X2,UTILITARIO,nome,,,G,gasolina,24,TOYOTA,RAV4,automoveis
2015,24,TOYOTA,RAV4 4X2,UTILITARIO,nome,,,G,gasolina,24,TOYOTA,RAV4,automoveis
2015,24,TOYOTA,RAV4 4X4,UTILITARIO,nome,,,G,gasolina,24,TOYOTA,RAV4,automoveis
2015,24,TOYOTA,RAV4 4X4,UTILITARIO,nome,,,G,gasolina,24,TOYOTA,RAV4,automoveis
2015,24,VOLVO,XC60,T6 COMFORT,nome,,,G,gasolina,24,VOLVO,XC60,automoveis
2015,24,VOLVO,XC60,T6 DYNAMIC,nome,,,G,gasolina,24,VOLVO,XC60,automoveis
2015,24,VOLVO,XC60,T6 TOP DRIVE,nome,,,G,gasolina,24,VOLVO,XC60,automoveis
2015,24,VOLVO,XC60,T6 R-DESIGN,nome,,,G,gasolina,24,VOLVO,XC60,automoveis
2015,24,VOLVO,XC60,"2,0 T6 INSCR",nome,,,G,gasolina,24,VOLVO,XC60,automoveis
2015,24,VOLVO,XC60,"UTILITARIO 2,0 T6",nome,,,G,gasolina,24,VOLVO,XC60,automoveis
2015,24,VOLVO,XC60,"2,0 T6 KINET",nome,,,G,gasolina,24,VOLVO,XC60,automoveis
2015,24,VOLVO,XC60,"UTILITARIO 2,0T5",nome,,,G,gasolina,24,VOLVO,XC60,automoveis
2015,24,VOLVO,XC60,"UTILITARIO 2,0T5",nome,,,G,gasolina,24,VOLVO,XC60,automoveis
2015,24,VOLVO,XC60,"2,0T5 TOP",nome,,,G,gasolina,24,VOLVO,XC60,automoveis
2015,24,VOLVO,XC60,"UTILITARIO 2,0T5 R-",nome,,,G,gasolina,24,VOLVO,XC60,automoveis
2015,25,VOLVO,XC60,"2,0 T5 INSCR",nome,,,G,gasolina,24,VOLVO,XC60,automoveis
2015,25,VOLVO,XC60,"UTILITARIO 2,0 T5",nome,,,G,gasolina,24,VOLVO,XC60,automoveis
2015,25,VOLVO,XC60,T5 KINET,nome,,,G,gasolina,24,VOLVO,XC60,automoveis
2015,25,VOLVO,XC60 (2016),"2,O T5",nome,,,G,gasolina,24,VOLVO,XC60,automoveis
2015,25,VOLVO,XC60 (2016),UTILITARIO,nome,,,G,gasolina,24,VOLVO,XC60,automoveis
2015,25,VOLVO,XC60 (2016),UTILITARIO,nome,,,G,gasolina,24,VOLVO,XC60,automoveis
2015,25,VOLVO,XC60 (2016),"2,0 T5",nome,,,G,gasolina,24,VOLVO,XC60,automoveis
2015,25,VOLVO,XC60 (2016),UTILITARIO,nome,,,G,gasolina,24,VOLVO,XC60,automoveis
2015,25,VOLVO,XC60 (2016),"2,0 T5 R-",nome,,,G,gasolina,24,VOLVO,XC60,automoveis
2015,25,VOLVO,XC60 (2016),UTILITARIO,nome,,,G,gasolina,24,VOLVO,XC60,automoveis
2015,25,VOLVO,XC60 (2016),UTILITARIO,nome,,,G,gasolina,24,VOLVO,XC60,automoveis
2015,25,VOLVO,XC60 (2016),UTILITARIO,nome,,,G,gasolina,24,VOLVO,XC60,automoveis
2015,25,VOLVO,XC60 (2016),UTILITARIO,nome,,,G,gasolina,24,VOLVO,XC60,automoveis
2015,25,VOLVO,XC60 (2016),UTILITARIO,nome,,,G,gasolina,24,VOLVO,XC60,automoveis
2015,26,VOLVO,XC60 (2016),"2,0 T6",nome,,,G,gasolina,24,VOLVO,XC60,automoveis
2015,26,VOLVO,XC90,UTILITARIO,nome,,,G,gasolina,24,VOLVO,XC90,automoveis
2015,26,VOLVO,XC90,UTILITARIO,nome,,,G,gasolina,24,VOLVO,XC90,automoveis
2015,26,VOLVO,XC90,UTILITARIO,nome,,,G,gasolina,24,VOLVO,XC90,automoveis
2015,26,VOLVO,XC90,UTILITARIO,nome,,,G,gasolina,24,VOLVO,XC90,automoveis
2015,26,VOLVO,XC90,UTILITARIO,nome,,,G,gasolina,24,VOLVO,XC90,automoveis
2015,26,BMW,X3,FORA DE,nome,,,G,gasolina,24,BMW,X3,automoveis
2015,26,BMW,X3,FORA DE,nome,,,G,gasolina,24,BMW,X3,automoveis
2015,26,BMW,X4,FORA DE,nome,,,G,gasolina,24,BMW,X4,automoveis
2015,26,BMW,X4,FORA DE,nome,,,G,gasolina,24,BMW,X4,automoveis
2015,26,BMW,X5,FORA DE,nome,,,G,gasolina,24,BMW,X5,automoveis
2015,26,BMW,X6,FORA DE,nome,,,G,gasolina,24,BMW,X6,automoveis
2015,26,FORD,ECOSPORT,FORA DE FREESTYLE,nome,,,F,flex,25,FORD,ECOSPORT,automoveis
2015,26,KIA,SORENTO,FORA DE,nome,,,G,gasolina,24,KIA,SORENTO,automoveis
2015,26,KIA,SORENTO,FORA DE,nome,,,G,gasolina,24,KIA,SORENTO,automoveis
2015,26,JEEP,WRANGLER,FORA DE UNLIMITED,nome,,,G,gasolina,24,JEEP,WRANGLER,automoveis
2015,26,JEEP,WRANGLER,FORA DE,nome,,,G,gasolina,24,JEEP,WRANGLER,automoveis
2015,27,LAND ROVER,RANGE ROVER SPORT,FORA DE,nome,,,G,gasolina,24,LAND ROVER,RANGE ROVER,automoveis
2015,27,LAND ROVER,RANGE ROVER SPORT,FORA DE,nome,,,G,gasolina,24,LAND ROVER,RANGE ROVER,automoveis
2015,27,LAND ROVER,RANGE ROVER SPORT,FORA DE,nome,,,G,gasolina,24,LAND ROVER,RANGE ROVER,automoveis
2015,27,LAND ROVER,RANGE ROVER SPORT,FORA DE,nome,,,G,gasolina,24,LAND ROVER,RANGE ROVER,automoveis
2015,27,LAND ROVER,RANGE ROVER SPORT,FORA DE,nome,,,G,gasolina,24,LAND ROVER,RANGE ROVER,automoveis
2015,27,LAND ROVER,RANGE ROVER SPORT,FORA DE,nome,,,G,gasolina,24,LAND ROVER,RANGE ROVER,automoveis
2015,27,LAND ROVER,EVOQUE A9,FORA DE,nome,,,G,gasolina,24,LAND ROVER,EVOQUE,automoveis
2015,27,LAND ROVER,EVOQUE A9,FORA DE,nome,,,G,gasolina,24,LAND ROVER,EVOQUE,automoveis
2015,27,LAND ROVER,EVOQUE A9,FORA DE,nome,,,G,gasolina,24,LAND ROVER,EVOQUE,automoveis
2015,27,LAND ROVER,EVOQUE A9,FORA DE,nome,,,G,gasolina,24,LAND ROVER,EVOQUE,automoveis
2015,27,LAND ROVER,EVOQUE A9,FORA DE,nome,,,G,gasolina,24,LAND ROVER,EVOQUE,automoveis
2015,27,LAND ROVER,EVOQUE A9,FORA DE,nome,,,G,gasolina,24,LAND ROVER,EVOQUE,automoveis
2015,27,LAND ROVER,EVOQUE A9,FORA DE,nome,,,G,gasolina,24,LAND ROVER,EVOQUE,automoveis
2015,27,LAND ROVER,EVOQUE A9,FORA DE,nome,,,G,gasolina,24,LAND ROVER,EVOQUE,automoveis
2015,27,LAND ROVER,EVOQUE A9,FORA DE,nome,,,G,gasolina,24,LAND ROVER,EVOQUE,automoveis
2015,27,LAND ROVER,RANGE ROVER,FORA DE V8 SC,nome,,,G,gasolina,24,LAND ROVER,RANGE ROVER,automoveis
2015,27,LAND ROVER,RANGE ROVER,FORA DE,nome,,,G,gasolina,24,LAND ROVER,RANGE ROVER,automoveis
2015,27,LAND ROVER,RANGE ROVER,FORA DE,nome,,,G,gasolina,24,LAND ROVER,RANGE ROVER,automoveis
2015,27,LAND ROVER,RANGE ROVER,FORA DE,nome,,,G,gasolina,24,LAND ROVER,RANGE ROVER,automoveis
2015,28,MITSUBISHI,OUTLANDER,FORA DE,nome,,,G,gasolina,24,MITSUBISHI,OUTLANDER,automoveis
2015,28,MITSUBISHI,PAJERO 5 PORTAS,FORA DE,nome,,,G,gasolina,24,MITSUBISHI,PAJERO,automoveis
2015,28,PORSCHE,MACAN,FORA DE,nome,,,G,gasolina,24,PORSCHE,MACAN,automoveis
2015,28,PORSCHE,MACAN,FORA DE,nome,,,G,gasolina,24,PORSCHE,MACAN,automoveis
2015,28,PORSCHE,MACAN,FORA DE,nome,,,G,gasolina,24,PORSCHE,MACAN,automoveis
2015,28,PORSCHE,CAYENNE (NEW),FORA DE,nome,,,G,gasolina,24,PORSCHE,CAYENNE,automoveis
2015,28,PORSCHE,CAYENNE (NEW),FORA DE,nome,,,G,gasolina,24,PORSCHE,CAYENNE,automoveis
2015,28,RENAULT,DUSTER,FORA DE DYNAMIQUE,nome,,,F,flex,25,RENAULT,DUSTER,automoveis
2015,28,RENAULT,NOVO DUSTER,FORA DE,nome,,,F,flex,25,RENAULT,DUSTER,automoveis
2015,28,SUZUKI,GRAND VITARA,FORA DE,nome,,,G,gasolina,24,SUZUKI,GVITARA,automoveis
2015,28,SUZUKI,GRAND VITARA,FORA DE,nome,,,G,gasolina,24,SUZUKI,GVITARA,automoveis
2015,28,SUZUKI,JIMNY,FORA DE,nome,,,G,gasolina,24,SUZUKI,JIMNY,automoveis
2015,28,VOLVO,XC60,"FORA DE 3,0T",nome,,,G,gasolina,24,VOLVO,XC60,automoveis
2015,28,VOLVO,XC60,FORA DE,nome,,,G,gasolina,24,VOLVO,XC60,automoveis
2015,28,VOLVO,XC60,FORA DE,nome,,,G,gasolina,24,VOLVO,XC60,automoveis
2015,28,VOLVO,XC60,"FORA DE 3,0T R-",nome,,,G,gasolina,24,VOLVO,XC60,automoveis
2015,29,DODGE,JOURNEY,(CVT),nome,,,G,gasolina,24,DODGE,JOURNEY,automoveis
2015,29,DODGE,JOURNEY,,nome,,,G,gasolina,24,DODGE,JOURNEY,automoveis
2015,29,FIAT,DOBLO,,nome,,,F,flex,25,FIAT,DOBLO,automoveis
2015,29,FIAT,DOBLO,,nome,,,F,flex,25,FIAT,DOBLO,comerciais_leves
2015,29,FIAT,DOBLO,,nome,,,F,flex,25,FIAT,DOBLO,automoveis
2015,29,FIAT,DOBLO,,nome,,,F,flex,25,FIAT,DOBLO,comerciais_leves
2015,29,FIAT,FREEMONT,,nome,,,G,gasolina,24,FIAT,FREEMONT,automoveis
2015,29,FIAT,FREEMONT,,nome,,,G,gasolina,24,FIAT,FREEMONT,automoveis
2015,29,HYUNDAI,SANTA FE,,nome,,,G,gasolina,24,HYUNDAI,SANTAFE,automoveis
2015,29,JAC,J6,,nome,,,G,gasolina,24,JAC,J6,automoveis
2015,29,JAC,J6,"2,0S",nome,,,G,gasolina,24,JAC,J6,automoveis
2015,29,JAC,J6,"2,0S",nome,,,G,gasolina,24,JAC,J6,automoveis
2015,29,JAC,J6,"2,0S LUXURY",nome,,,G,gasolina,24,JAC,J6,automoveis
2015,29,JAC,J6,"2,0S BLACK",nome,,,G,gasolina,24,JAC,J6,automoveis
2015,29,JAC,J6,"2,0 JETFLEX",nome,,,F,flex,25,JAC,J6,automoveis
2015,29,EFFA,K01,,nome,,,G,gasolina,24,EFFA,K01,comerciais_leves
2015,29,FIAT,DOBLO,,nome,,,F,flex,25,FIAT,DOBLO,automoveis
2015,29,FIAT,DOBLO,,nome,,,F,flex,25,FIAT,DOBLO,comerciais_leves
2015,29,FIAT,DOBLO,,nome,,,F,flex,25,FIAT,DOBLO,automoveis
2015,29,FIAT,DOBLO,,nome,,,F,flex,25,FIAT,DOBLO,comerciais_leves
2015,29,JINBEI,VAN CARGO,,nome,,,G,gasolina,24,JINBEI,VAN CARGO,comerciais_leves
2015,29,JINBEI,VAN 13P,,nome,,,G,gasolina,24,JINBEI,VAN 13P,comerciais_leves
2015,29,JINBEI,VAN 13P,,nome,,,G,gasolina,24,JINBEI,VAN 13P,comerciais_leves
2015,29,JINBEI,TOPIC,,nome,,,G,gasolina,24,JINBEI,TOPIC,comerciais_leves
2015,29,JINBEI,TOPIC,,nome,,,G,gasolina,24,JINBEI,TOPIC,comerciais_leves
2015,29,JINBEI,TOPIC,,nome,,,G,gasolina,24,JINBEI,TOPIC,comerciais_leves
2015,29,MITSUBISHI,L200 TRITON,,nome,,,F,flex,25,MITSUBISHI,L200,comerciais_leves
2015,29,RENAULT,DUSTER OROCH,,nome,,,F,flex,25,RENAULT,DUSTER,automoveis
2015,29,RENAULT,DUSTER OROCH,,nome,,,F,flex,25,RENAULT,DUSTER,automoveis
2015,30,RENAULT,DUSTER OROCH,(CVT),nome,,,F,flex,25,RENAULT,DUSTER,automoveis
2015,30,RENAULT,DUSTER OROCH,,nome,,,F,flex,25,RENAULT,DUSTER,automoveis
2015,30,RENAULT,DUSTER OROCH,,nome,,,F,flex,25,RENAULT,DUSTER,automoveis
2015,30,RENAULT,KANGOO,,nome,,,F,flex,25,RENAULT,KANGOO,automoveis
2015,30,RENAULT,KANGOO,,nome,,,F,flex,25,RENAULT,KANGOO,comerciais_leves
2015,30,RENAULT,KANGOO,,nome,,,F,flex,25,RENAULT,KANGOO,automoveis
2015,30,RENAULT,KANGOO,,nome,,,F,flex,25,RENAULT,KANGOO,comerciais_leves
2015,30,RENAULT,KANGOO,,nome,,,F,flex,25,RENAULT,KANGOO,automoveis
2015,30,RENAULT,KANGOO,,nome,,,F,flex,25,RENAULT,KANGOO,comerciais_leves
2015,30,FIAT,STRADA,CARGA,nome,,,F,flex,25,FIAT,STRADA,comerciais_leves
2015,30,FIAT,STRADA,CARGA,nome,,,F,flex,25,FIAT,STRADA,comerciais_leves
2015,30,VOLKSWAGEN,SAVEIRO CS,CARGA,nome,,,F,flex,25,VW,SAVEIRO,comerciais_leves
2015,30,VOLKSWAGEN,SAVEIRO CS,CARGA,nome,,,F,flex,25,VW,SAVEIRO,comerciais_leves
2015,30,VOLKSWAGEN,SAVEIRO CS,CARGA,nome,,,F,flex,25,VW,SAVEIRO,comerciais_leves
2015,30,VOLKSWAGEN,SAVEIRO CE,CARGA,nome,,,F,flex,25,VW,SAVEIRO,comerciais_leves
2015,30,VOLKSWAGEN,SAVEIRO CE,CARGA,nome,,,F,flex,25,VW,SAVEIRO,comerciais_leves
2015,30,VOLKSWAGEN,SAVEIRO CD,CARGA,nome,,,F,flex,25,VW,SAVEIRO,comerciais_leves
2015,30,VOLKSWAGEN,SAVEIRO CD,CARGA,nome,,,F,flex,25,VW,SAVEIRO,comerciais_leves
2015,30,VOLKSWAGEN,SAVEIRO CD,CARGA,nome,,,F,flex,25,VW,SAVEIRO,comerciais_leves
2015,30,VOLKSWAGEN,SAVEIRO CD,CARGA,nome,,,F,flex,25,VW,SAVEIRO,comerciais_leves
2015,30,AUDI,TT,DERIVADO,nome,,,G,gasolina,24,AUDI,TT,automoveis
2015,30,BMW,428I,,nome,,,G,gasolina,24,BMW,428I,automoveis
2015,30,BMW,M235I,,nome,,,G,gasolina,24,BMW,M235I,automoveis
2015,30,BMW,M4,,nome,,,G,gasolina,24,BMW,M4,automoveis
2015,30,BMW,M4,,nome,,,G,gasolina,24,BMW,M4,automoveis
2015,30,BMW,Z4,,nome,,,G,gasolina,24,BMW,Z4,automoveis
2015,31,JAGUAR,F-TYPE,(CVT),nome,,,G,gasolina,24,JAGUAR,F-TYPE,automoveis
2015,31,JAGUAR,F-TYPE,,nome,,,G,gasolina,24,JAGUAR,F-TYPE,automoveis
2015,31,MERCEDES-BENZ,E250 TURBO,,nome,,,G,gasolina,24,M.BENZ,CLASSE E,automoveis
2015,31,MERCEDES-BENZ,E250 TURBO,,nome,,,G,gasolina,24,M.BENZ,CLASSE E,automoveis
2015,31,MERCEDES-BENZ,S63 AMG COUPE 4M,,nome,,,G,gasolina,24,M.BENZ,S63,automoveis
2015,31,MERCEDES-BENZ,SLK 250,,nome,,,G,gasolina,24,M.BENZ,SLK,automoveis
2015,31,MINI,COOPER,,nome,,,G,gasolina,24,MINI,COOPER,automoveis
2015,31,PORSCHE,911,,nome,,,G,gasolina,24,PORSCHE,911,automoveis
2015,31,PORSCHE,911,CARRERA S,nome,,,G,gasolina,24,PORSCHE,911,automoveis
2015,31,PORSCHE,911,CABRIOLET,nome,,,G,gasolina,24,PORSCHE,911,automoveis
2015,31,PORSCHE,911,CARRERA S,nome,,,G,gasolina,24,PORSCHE,911,automoveis
2015,31,PORSCHE,911,CABRIOLET,nome,,,G,gasolina,24,PORSCHE,911,automoveis
2015,31,PORSCHE,911,,nome,,,G,gasolina,24,PORSCHE,911,automoveis
2015,31,PORSCHE,BOXSTER,,nome,,,G,gasolina,24,PORSCHE,BOXSTER,automoveis
2015,31,PORSCHE,BOXSTER,,nome,,,G,gasolina,24,PORSCHE,BOXSTER,automoveis
2015,31,PORSCHE,BOXSTER,,nome,,,G,gasolina,24,PORSCHE,BOXSTER,automoveis
2015,31,PORSCHE,CAYMAN,,nome,,,G,gasolina,24,PORSCHE,CAYMAN,automoveis
2015,31,PORSCHE,CAYMAN,,nome,,,G,gasolina,24,PORSCHE,CAYMAN,automoveis
2015,31,PORSCHE,CAYMAN,,nome,,,G,gasolina,24,PORSCHE,CAYMAN,automoveis
2015,31,PORSCHE,PANAMERA,,nome,,,G,gasolina,24,PORSCHE,PANAMERA,automoveis
2015,32,VOLKSWAGEN,FUSCA,(CVT),nome,,,G,gasolina,24,VW,FUSCA,automoveis
2015,32,VOLKSWAGEN,FUSCA,,nome,,,G,gasolina,24,VW,FUSCA,automoveis
2016,1,CHERY,NEW QQ,MICRO,nome,,,G,gasolina,24,CHERY,QQ,automoveis
2016,1,CHERY,NEW QQ,MICRO,nome,,,G,gasolina,24,CAOA CHERY,QQ,automoveis
2016,1,CHERY,NEW QQ,MICRO,nome,,,G,gasolina,24,CHERY,QQ,automoveis
2016,1,CHERY,NEW QQ,MICRO,nome,,,G,gasolina,24,CAOA CHERY,QQ,automoveis
2016,1,CHERY,NEW QQ (2017),MICRO,nome,,,G,gasolina,24,CHERY,QQ,automoveis
2016,1,CHERY,NEW QQ (2017),MICRO,nome,,,G,gasolina,24,CAOA CHERY,QQ,automoveis
2016,1,CHERY,NEW QQ (2017),MICRO,nome,,,G,gasolina,24,CHERY,QQ,automoveis
2016,1,CHERY,NEW QQ (2017),MICRO,nome,,,G,gasolina,24,CAOA CHERY,QQ,automoveis
2016,1,CHERY,NEW QQ (2017),MICRO,nome,,,G,gasolina,24,CHERY,QQ,automoveis
2016,1,CHERY,NEW QQ (2017),MICRO,nome,,,G,gasolina,24,CAOA CHERY,QQ,automoveis
2016,1,CHERY,NEW QQ (2017),MICRO,nome,,,G,gasolina,24,CHERY,QQ,automoveis
2016,1,CHERY,NEW QQ (2017),MICRO,nome,,,G,gasolina,24,CAOA CHERY,QQ,automoveis
2016,1,CHERY,NEW QQ (2017),MICRO,nome,,,G,gasolina,24,CHERY,QQ,automoveis
2016,1,CHERY,NEW QQ (2017),MICRO,nome,,,G,gasolina,24,CAOA CHERY,QQ,automoveis
2016,1,CHERY,NEW QQ (2017),MICRO,nome,,,G,gasolina,24,CHERY,QQ,automoveis
2016,1,CHERY,NEW QQ (2017),MICRO,nome,,,G,gasolina,24,CAOA CHERY,QQ,automoveis
2016,1,FIAT,500,MICRO,nome,,,G,gasolina,24,FIAT,500,automoveis
2016,1,FIAT,500,MICRO CABRIO,nome,,,F,flex,25,FIAT,500,automoveis
2016,2,FIAT,500,MICRO,nome,,,F,flex,25,FIAT,500,automoveis
2016,2,FIAT,500,MICRO,nome,,,F,flex,25,FIAT,500,automoveis
2016,2,FIAT,500,MICRO CULT CABRIO,nome,,,F,flex,25,FIAT,500,automoveis
2016,2,FIAT,500,MICRO,nome,,,F,flex,25,FIAT,500,automoveis
2016,2,FIAT,MOBI,MICRO,nome,,,F,flex,25,FIAT,MOBI,automoveis
2016,2,FIAT,MOBI,MICRO,nome,,,F,flex,25,FIAT,MOBI,automoveis
2016,2,FIAT,MOBI,MICRO,nome,,,F,flex,25,FIAT,MOBI,automoveis
2016,2,FIAT,MOBI,MICRO,nome,,,F,flex,25,FIAT,MOBI,automoveis
2016,2,FIAT,MOBI,MICRO,nome,,,F,flex,25,FIAT,MOBI,automoveis
2016,2,FIAT,MOBI,MICRO,nome,,,F,flex,25,FIAT,MOBI,automoveis
2016,2,FIAT,MOBI (2017),MICRO,nome,,,F,flex,25,FIAT,MOBI,automoveis
2016,2,FIAT,MOBI (2017),MICRO,nome,,,F,flex,25,FIAT,MOBI,automoveis
2016,2,FIAT,MOBI (2017),MICRO,nome,,,F,flex,25,FIAT,MOBI,automoveis
2016,2,FIAT,MOBI (2017),MICRO,nome,,,F,flex,25,FIAT,MOBI,automoveis
2016,2,FIAT,MOBI (2017),MICRO,nome,,,F,flex,25,FIAT,MOBI,automoveis
2016,2,FIAT,MOBI (2017),MICRO,nome,,,F,flex,25,FIAT,MOBI,automoveis
2016,2,KIA,PICANTO,MICRO,nome,,,F,flex,25,KIA,PICANTO,automoveis
2016,2,KIA,PICANTO,MICRO,nome,,,F,flex,25,KIA,PICANTO,automoveis
2016,2,KIA,PICANTO,MICRO,nome,,,F,flex,25,KIA,PICANTO,automoveis
2016,2,KIA,PICANTO,MICRO,nome,,,F,flex,25,KIA,PICANTO,automoveis
2016,2,SMART,FORTWO,MICRO 71CV MHD,nome,,,G,gasolina,24,SMART,FORTWO,automoveis
2016,2,SMART,FORTWO,MICRO 84CV TURBO,nome,,,G,gasolina,24,SMART,FORTWO,automoveis
2016,3,SMART,FORTWO,MICRO 84CV TURBO,nome,,,G,gasolina,24,SMART,FORTWO,automoveis
2016,3,FIAT,NOVO UNO,SUB,nome,,,F,flex,25,FIAT,UNO,automoveis
2016,3,FIAT,NOVO UNO,SUB,nome,,,F,flex,25,FIAT,UNO,comerciais_leves
2016,3,FIAT,NOVO UNO,SUB,nome,,,F,flex,25,FIAT,UNO,automoveis
2016,3,FIAT,NOVO UNO,SUB,nome,,,F,flex,25,FIAT,UNO,comerciais_leves
2016,3,FIAT,NOVO UNO,SUB,nome,,,F,flex,25,FIAT,UNO,automoveis
2016,3,FIAT,NOVO UNO,SUB,nome,,,F,flex,25,FIAT,UNO,comerciais_leves
2016,3,FIAT,NOVO UNO,SUB SPORTING,nome,,,F,flex,25,FIAT,UNO,automoveis
2016,3,FIAT,NOVO UNO,SUB SPORTING,nome,,,F,flex,25,FIAT,UNO,comerciais_leves
2016,3,FIAT,NOVO UNO,SUB,nome,,,F,flex,25,FIAT,UNO,automoveis
2016,3,FIAT,NOVO UNO,SUB,nome,,,F,flex,25,FIAT,UNO,comerciais_leves
2016,3,FIAT,NOVO UNO (2017),SUB,nome,,,F,flex,25,FIAT,UNO,automoveis
2016,3,FIAT,NOVO UNO (2017),SUB,nome,,,F,flex,25,FIAT,UNO,comerciais_leves
2016,3,FIAT,NOVO UNO (2017),SUB SPORTING,nome,,,F,flex,25,FIAT,UNO,automoveis
2016,3,FIAT,NOVO UNO (2017),SUB SPORTING,nome,,,F,flex,25,FIAT,UNO,comerciais_leves
2016,3,FIAT,NOVO UNO (2017),SUB,nome,,,F,flex,25,FIAT,UNO,automoveis
2016,3,FIAT,NOVO UNO (2017),SUB,nome,,,F,flex,25,FIAT,UNO,comerciais_leves
2016,3,FIAT,NOVO UNO (2017),SUB,nome,,,F,flex,25,FIAT,UNO,automoveis
2016,3,FIAT,NOVO UNO (2017),SUB,nome,,,F,flex,25,FIAT,UNO,comerciais_leves
2016,3,FIAT,PALIO,SUB,nome,,,F,flex,25,FIAT,PALIO,automoveis
2016,3,FIAT,PALIO,SUB,nome,,,F,flex,25,FIAT,PALIO,automoveis
2016,3,FIAT,UNO,SUB,nome,,,F,flex,25,FIAT,UNO,automoveis
2016,3,FIAT,UNO,SUB,nome,,,F,flex,25,FIAT,UNO,comerciais_leves
2016,3,VOLKSWAGEN,UP!,SUB,nome,,,F,flex,25,VW,UP,automoveis
2016,3,VOLKSWAGEN,UP!,SUB CROSS (I-,nome,,,F,flex,25,VW,UP,automoveis
2016,3,VOLKSWAGEN,UP!,SUB MOVE (I-,nome,,,F,flex,25,VW,UP,automoveis
2016,3,VOLKSWAGEN,UP!,SUB HIGH (I-,nome,,,F,flex,25,VW,UP,automoveis
2016,3,VOLKSWAGEN,UP!,SUB RUN (I-,nome,,,F,flex,25,VW,UP,automoveis
2016,3,VOLKSWAGEN,UP!,SUB,nome,,,F,flex,25,VW,UP,automoveis
2016,3,VOLKSWAGEN,UP!,SUB,nome,,,F,flex,25,VW,UP,automoveis
2016,3,VOLKSWAGEN,UP!,SUB,nome,,,F,flex,25,VW,UP,automoveis
2016,3,VOLKSWAGEN,UP!,SUB,nome,,,F,flex,25,VW,UP,automoveis
2016,4,VOLKSWAGEN,UP!,SUB,nome,,,F,flex,25,VW,UP,automoveis
2016,4,VOLKSWAGEN,UP! (2017),SUB CROSS (I-,nome,,,F,flex,25,VW,UP,automoveis
2016,4,VOLKSWAGEN,UP! TSI,SUB,nome,,,F,flex,25,VW,UP,automoveis
2016,4,VOLKSWAGEN,UP! TSI,SUB,nome,,,F,flex,25,VW,UP,automoveis
2016,4,VOLKSWAGEN,UP! TSI,SUB,nome,,,F,flex,25,VW,UP,automoveis
2016,4,VOLKSWAGEN,UP! TSI,SUB,nome,,,F,flex,25,VW,UP,automoveis
2016,4,VOLKSWAGEN,UP! TSI,SUB,nome,,,F,flex,25,VW,UP,automoveis
2016,4,CHEVROLET,CLASSIC,COMPACTO,nome,,,F,flex,25,GM,CLASSIC,automoveis
2016,4,CHEVROLET,ONIX,,nome,,,F,flex,25,GM,ONIX,automoveis
2016,4,CHEVROLET,ONIX,,nome,,,F,flex,25,GM,ONIX,automoveis
2016,4,CHEVROLET,ONIX JOY (2017),,nome,,,F,flex,25,GM,ONIX,automoveis
2016,4,CHEVROLET,ONIX,,nome,,,F,flex,25,GM,ONIX,automoveis
2016,4,CHEVROLET,ONIX,,nome,,,F,flex,25,GM,ONIX,automoveis
2016,4,CHEVROLET,ONIX,,nome,,,F,flex,25,GM,ONIX,automoveis
2016,4,CHEVROLET,ONIX,,nome,,,F,flex,25,GM,ONIX,automoveis
2016,4,CHEVROLET,ONIX,,nome,,,F,flex,25,GM,ONIX,automoveis
2016,4,CHEVROLET,NOVO ONIX (2017),,nome,,,F,flex,25,GM,ONIX,automoveis
2016,4,CHEVROLET,NOVO ONIX (2017),,nome,,,F,flex,25,GM,ONIX,automoveis
2016,4,CHEVROLET,NOVO ONIX (2017),,nome,,,F,flex,25,GM,ONIX,automoveis
2016,4,CHEVROLET,NOVO ONIX (2017),,nome,,,F,flex,25,GM,ONIX,automoveis
2016,4,CHEVROLET,NOVO ONIX (2017),,nome,,,F,flex,25,GM,ONIX,automoveis
2016,4,CHEVROLET,NOVO ONIX (2017),,nome,,,F,flex,25,GM,ONIX,automoveis
2016,4,CHEVROLET,NOVO ONIX (2017),,nome,,,F,flex,25,GM,ONIX,automoveis
2016,4,CHEVROLET,NOVO ONIX (2017),,nome,,,F,flex,25,GM,ONIX,automoveis
2016,4,CHEVROLET,NOVO ONIX (2017),,nome,,,F,flex,25,GM,ONIX,automoveis
2016,4,CITROEN,C3,,nome,,,F,flex,25,CITROEN,C3,automoveis
2016,4,CITROEN,C3,,nome,,,F,flex,25,CITROEN,C3,automoveis
2016,4,CITROEN,C3,,nome,,,F,flex,25,CITROEN,C3,automoveis
2016,4,CITROEN,C3,,nome,,,F,flex,25,CITROEN,C3,automoveis
2016,4,CITROEN,C3,,nome,,,F,flex,25,CITROEN,C3,automoveis
2016,4,CITROEN,C3,,nome,,,F,flex,25,CITROEN,C3,automoveis
2016,4,CITROEN,C3,,nome,,,F,flex,25,CITROEN,C3,automoveis
2016,4,CITROEN,C3,,nome,,,F,flex,25,CITROEN,C3,automoveis
2016,5,CITROEN,C3,(CVT),nome,,,F,flex,25,CITROEN,C3,automoveis
2016,5,CITROEN,C3,,nome,,,F,flex,25,CITROEN,C3,automoveis
2016,5,FIAT,IDEA,,nome,,,F,flex,25,FIAT,IDEA,automoveis
2016,5,FIAT,IDEA,ESSENCE,nome,,,F,flex,25,FIAT,IDEA,automoveis
2016,5,FIAT,IDEA,DUALOGIC,nome,,,F,flex,25,FIAT,IDEA,automoveis
2016,5,FIAT,NOVO PALIO,,nome,,,F,flex,25,FIAT,PALIO,automoveis
2016,5,FIAT,NOVO PALIO,,nome,,,F,flex,25,FIAT,PALIO,automoveis
2016,5,FIAT,NOVO PALIO,,nome,,,F,flex,25,FIAT,PALIO,automoveis
2016,5,FIAT,PUNTO,,nome,,,F,flex,25,FIAT,PUNTO,automoveis
2016,5,FIAT,PUNTO,,nome,,,F,flex,25,FIAT,PUNTO,automoveis
2016,5,FIAT,PUNTO,ESSENCE,nome,,,F,flex,25,FIAT,PUNTO,automoveis
2016,5,FIAT,PUNTO,DUALOGIC,nome,,,F,flex,25,FIAT,PUNTO,automoveis
2016,5,FIAT,PUNTO,,nome,,,F,flex,25,FIAT,PUNTO,automoveis
2016,5,FIAT,PUNTO,,nome,,,G,gasolina,24,FIAT,PUNTO,automoveis
2016,5,FIAT,SIENA,,nome,,,F,flex,25,FIAT,SIENA,automoveis
2016,5,FIAT,SIENA,,nome,,,F,flex,25,FIAT,SIENA,automoveis
2016,5,FORD,KA,,nome,,,F,flex,25,FORD,KA,automoveis
2016,5,FORD,KA,,nome,,,F,flex,25,FORD,KA,automoveis
2016,5,FORD,KA,,nome,,,F,flex,25,FORD,KA,automoveis
2016,5,FORD,KA,,nome,,,F,flex,25,FORD,KA,automoveis
2016,5,FORD,KA (2017),,nome,,,F,flex,25,FORD,KA,automoveis
2016,5,FORD,KA (2017),,nome,,,F,flex,25,FORD,KA,automoveis
2016,5,FORD,KA (2017),,nome,,,F,flex,25,FORD,KA,automoveis
2016,5,FORD,KA (2017),,nome,,,F,flex,25,FORD,KA,automoveis
2016,5,FORD,NEW FIESTA HATCH,,nome,,,F,flex,25,FORD,NEW FIESTA,automoveis
2016,5,FORD,NEW FIESTA HATCH,,nome,,,F,flex,25,FORD,NEW FIESTA,automoveis
2016,5,FORD,NEW FIESTA HATCH,,nome,,,F,flex,25,FORD,NEW FIESTA,automoveis
2016,5,FORD,NEW FIESTA HATCH,,nome,,,F,flex,25,FORD,NEW FIESTA,automoveis
2016,5,FORD,NEW FIESTA HATCH,,nome,,,F,flex,25,FORD,NEW FIESTA,automoveis
2016,5,FORD,NEW FIESTA HATCH,,nome,,,F,flex,25,FORD,NEW FIESTA,automoveis
2016,5,FORD,NEW FIESTA HATCH (2017),,nome,,,F,flex,25,FORD,NEW FIESTA,automoveis
2016,5,FORD,NEW FIESTA HATCH (2017),,nome,,,F,flex,25,FORD,NEW FIESTA,automoveis
2016,5,FORD,NEW FIESTA HATCH (2017),,nome,,,F,flex,25,FORD,NEW FIESTA,automoveis
2016,5,FORD,NEW FIESTA HATCH (2017),,nome,,,F,flex,25,FORD,NEW FIESTA,automoveis
2016,5,FORD,NEW FIESTA HATCH (2017),,nome,,,F,flex,25,FORD,NEW FIESTA,automoveis
2016,6,FORD,NEW FIESTA HATCH (2017),(CVT),nome,,,G,gasolina,24,FORD,NEW FIESTA,automoveis
2016,6,FORD,NEW FIESTA HATCH (2017),,nome,,,G,gasolina,24,FORD,NEW FIESTA,automoveis
2016,6,FORD,NEW FIESTA HATCH (2017),,nome,,,G,gasolina,24,FORD,NEW FIESTA,automoveis
2016,6,HONDA,FIT,,nome,,,F,flex,25,HONDA,FIT,automoveis
2016,6,HONDA,FIT,,nome,,,F,flex,25,HONDA,FIT,automoveis
2016,6,HONDA,FIT,,nome,,,F,flex,25,HONDA,FIT,automoveis
2016,6,HONDA,FIT,,nome,,,F,flex,25,HONDA,FIT,automoveis
2016,6,HONDA,FIT,,nome,,,F,flex,25,HONDA,FIT,automoveis
2016,6,HONDA,FIT,,nome,,,F,flex,25,HONDA,FIT,automoveis
2016,6,HYUNDAI,HB20,,nome,,,F,flex,25,HYUNDAI,HB20,automoveis
2016,6,HYUNDAI,HB20,,nome,,,F,flex,25,HYUNDAI,HB20,automoveis
2016,6,HYUNDAI,HB20,,nome,,,F,flex,25,HYUNDAI,HB20,automoveis
2016,6,HYUNDAI,HB20,,nome,,,F,flex,25,HYUNDAI,HB20,automoveis
2016,6,HYUNDAI,HB20,,nome,,,F,flex,25,HYUNDAI,HB20,automoveis
2016,6,HYUNDAI,HB20,,nome,,,F,flex,25,HYUNDAI,HB20,automoveis
2016,6,HYUNDAI,HB20,,nome,,,F,flex,25,HYUNDAI,HB20,automoveis
2016,6,HYUNDAI,HB20,,nome,,,F,flex,25,HYUNDAI,HB20,automoveis
2016,6,HYUNDAI,HB20,,nome,,,F,flex,25,HYUNDAI,HB20,automoveis
2016,6,HYUNDAI,HB20,,nome,,,F,flex,25,HYUNDAI,HB20,automoveis
2016,6,HYUNDAI,HB20,,nome,,,F,flex,25,HYUNDAI,HB20,automoveis
2016,6,HYUNDAI,HB20,,nome,,,F,flex,25,HYUNDAI,HB20,automoveis
2016,6,HYUNDAI,HB20,,nome,,,F,flex,25,HYUNDAI,HB20,automoveis
2016,6,JAC,J3,,nome,,,F,flex,25,JAC,J3,automoveis
2016,6,JAC,J3,,nome,,,F,flex,25,JAC,J3,automoveis
2016,6,JAC,J3,,nome,,,F,flex,25,JAC,J3,automoveis
2016,6,JAC,J3,,nome,,,F,flex,25,JAC,J3,automoveis
2016,6,JAC,J3,,nome,,,F,flex,25,JAC,J3,automoveis
2016,6,JAC,J3,,nome,,,F,flex,25,JAC,J3,automoveis
2016,6,JAC,J3,,nome,,,F,flex,25,JAC,J3,automoveis
2016,6,JAC,J3,,nome,,,F,flex,25,JAC,J3,automoveis
2016,6,JAC,J3,,nome,,,F,flex,25,JAC,J3,automoveis
2016,6,MINI,COOPER,,nome,,,G,gasolina,24,MINI,COOPER,automoveis
2016,6,MINI,COOPER,,nome,,,G,gasolina,24,MINI,COOPER,automoveis
2016,6,MINI,COOPER,,nome,,,G,gasolina,24,MINI,COOPER,automoveis
2016,6,NISSAN,NEW MARCH,,nome,,,F,flex,25,NISSAN,MARCH,automoveis
2016,6,NISSAN,NEW MARCH,,nome,,,F,flex,25,NISSAN,MARCH,automoveis
2016,6,NISSAN,NEW MARCH,,nome,,,F,flex,25,NISSAN,MARCH,automoveis
2016,7,NISSAN,NEW MARCH,(CVT),nome,,,F,flex,25,NISSAN,MARCH,automoveis
2016,7,NISSAN,NEW MARCH,,nome,,,F,flex,25,NISSAN,MARCH,automoveis
2016,7,NISSAN,NEW MARCH,,nome,,,F,flex,25,NISSAN,MARCH,automoveis
2016,7,NISSAN,NEW MARCH,,nome,,,F,flex,25,NISSAN,MARCH,automoveis
2016,7,NISSAN,NEW MARCH,,nome,,,F,flex,25,NISSAN,MARCH,automoveis
2016,7,PEUGEOT,208,,nome,,,F,flex,25,PEUGEOT,208,automoveis
2016,7,PEUGEOT,208,,nome,,,F,flex,25,PEUGEOT,208,automoveis
2016,7,PEUGEOT,208,,nome,,,F,flex,25,PEUGEOT,208,automoveis
2016,7,PEUGEOT,208,,nome,,,F,flex,25,PEUGEOT,208,automoveis
2016,7,PEUGEOT,208,,nome,,,F,flex,25,PEUGEOT,208,automoveis
2016,7,PEUGEOT,208,,nome,,,F,flex,25,PEUGEOT,208,automoveis
2016,7,PEUGEOT,208,,nome,,,F,flex,25,PEUGEOT,208,automoveis
2016,7,PEUGEOT,208,,nome,,,F,flex,25,PEUGEOT,208,automoveis
2016,7,PEUGEOT,208,,nome,,,F,flex,25,PEUGEOT,208,automoveis
2016,7,PEUGEOT,208,,nome,,,F,flex,25,PEUGEOT,208,automoveis
2016,7,PEUGEOT,208,,nome,,,F,flex,25,PEUGEOT,208,automoveis
2016,7,PEUGEOT,208,,nome,,,F,flex,25,PEUGEOT,208,automoveis
2016,7,RENAULT,SANDERO,,nome,,,F,flex,25,RENAULT,SANDERO,automoveis
2016,7,RENAULT,SANDERO,,nome,,,F,flex,25,RENAULT,SANDERO,automoveis
2016,7,RENAULT,SANDERO,,nome,,,F,flex,25,RENAULT,SANDERO,automoveis
2016,7,RENAULT,SANDERO,,nome,,,F,flex,25,RENAULT,SANDERO,automoveis
2016,7,RENAULT,SANDERO,,nome,,,F,flex,25,RENAULT,SANDERO,automoveis
2016,7,RENAULT,SANDERO RS,,nome,,,F,flex,25,RENAULT,SANDERO,automoveis
2016,7,RENAULT,SANDERO (2017),,nome,,,F,flex,25,RENAULT,SANDERO,automoveis
2016,7,RENAULT,SANDERO (2017),,nome,,,F,flex,25,RENAULT,SANDERO,automoveis
2016,7,RENAULT,SANDERO (2017),,nome,,,F,flex,25,RENAULT,SANDERO,automoveis
2016,7,RENAULT,SANDERO (2017),,nome,,,F,flex,25,RENAULT,SANDERO,automoveis
2016,7,RENAULT,SANDERO (2017),,nome,,,F,flex,25,RENAULT,SANDERO,automoveis
2016,7,RENAULT,SANDERO (2017),,nome,,,F,flex,25,RENAULT,SANDERO,automoveis
2016,7,RENAULT,SANDERO (2017),,nome,,,F,flex,25,RENAULT,SANDERO,automoveis
2016,7,TOYOTA,ETIOS HATCHBACK,,nome,,,F,flex,25,TOYOTA,ETIOS HB,automoveis
2016,7,TOYOTA,ETIOS HATCHBACK,,nome,,,F,flex,25,TOYOTA,ETIOS HB,automoveis
2016,7,TOYOTA,ETIOS HATCHBACK,,nome,,,F,flex,25,TOYOTA,ETIOS HB,automoveis
2016,7,TOYOTA,ETIOS HATCHBACK,,nome,,,F,flex,25,TOYOTA,ETIOS HB,automoveis
2016,7,TOYOTA,ETIOS HATCHBACK,,nome,,,F,flex,25,TOYOTA,ETIOS HB,automoveis
2016,7,TOYOTA,ETIOS HATCHBACK,,nome,,,F,flex,25,TOYOTA,ETIOS HB,automoveis
2016,8,TOYOTA,ETIOS HATCHBACK,(CVT),nome,,,F,flex,25,TOYOTA,ETIOS HB,automoveis
2016,8,TOYOTA,ETIOS HATCHBACK,,nome,,,F,flex,25,TOYOTA,ETIOS HB,automoveis
2016,8,TOYOTA,ETIOS HATCHBACK,,nome,,,F,flex,25,TOYOTA,ETIOS HB,automoveis
2016,8,TOYOTA,ETIOS HATCHBACK,,nome,,,F,flex,25,TOYOTA,ETIOS HB,automoveis
2016,8,VOLKSWAGEN,GOL,RALLYE (I-,nome,,,F,flex,25,VW,GOL,automoveis
2016,8,VOLKSWAGEN,GOL,RALLYE (I-,nome,,,F,flex,25,VW,GOL,comerciais_leves
2016,8,VOLKSWAGEN,GOL,MOTION),nome,,,F,flex,25,VW,GOL,automoveis
2016,8,VOLKSWAGEN,GOL,MOTION),nome,,,F,flex,25,VW,GOL,comerciais_leves
2016,8,VOLKSWAGEN,GOL,,nome,,,F,flex,25,VW,GOL,automoveis
2016,8,VOLKSWAGEN,GOL,,nome,,,F,flex,25,VW,GOL,comerciais_leves
2016,8,VOLKSWAGEN,GOL,,nome,,,F,flex,25,VW,GOL,automoveis
2016,8,VOLKSWAGEN,GOL,,nome,,,F,flex,25,VW,GOL,comerciais_leves
2016,8,VOLKSWAGEN,NOVO GOL,,nome,,,F,flex,25,VW,GOL,automoveis
2016,8,VOLKSWAGEN,NOVO GOL,,nome,,,F,flex,25,VW,GOL,comerciais_leves
2016,8,VOLKSWAGEN,NOVO GOL,,nome,,,F,flex,25,VW,GOL,automoveis
2016,8,VOLKSWAGEN,NOVO GOL,,nome,,,F,flex,25,VW,GOL,comerciais_leves
2016,8,VOLKSWAGEN,NOVO GOL,,nome,,,F,flex,25,VW,GOL,automoveis
2016,8,VOLKSWAGEN,NOVO GOL,,nome,,,F,flex,25,VW,GOL,comerciais_leves
2016,8,VOLKSWAGEN,NOVO GOL,,nome,,,F,flex,25,VW,GOL,automoveis
2016,8,VOLKSWAGEN,NOVO GOL,,nome,,,F,flex,25,VW,GOL,comerciais_leves
2016,8,VOLKSWAGEN,NOVO GOL,,nome,,,F,flex,25,VW,GOL,automoveis
2016,8,VOLKSWAGEN,NOVO GOL,,nome,,,F,flex,25,VW,GOL,comerciais_leves
2016,8,VOLKSWAGEN,NOVO GOL,,nome,,,F,flex,25,VW,GOL,automoveis
2016,8,VOLKSWAGEN,NOVO GOL,,nome,,,F,flex,25,VW,GOL,comerciais_leves
2016,8,VOLKSWAGEN,NOVO GOL,COMFORTLINE,nome,,,F,flex,25,VW,GOL,automoveis
2016,8,VOLKSWAGEN,NOVO GOL,COMFORTLINE,nome,,,F,flex,25,VW,GOL,comerciais_leves
2016,8,VOLKSWAGEN,NOVO GOL,HIGHLINE (I-,nome,,,F,flex,25,VW,GOL,automoveis
2016,8,VOLKSWAGEN,NOVO GOL,HIGHLINE (I-,nome,,,F,flex,25,VW,GOL,comerciais_leves
2016,8,VOLKSWAGEN,NOVO FOX,MOTION),nome,,,F,flex,25,VW,FOX/CROSS FOX,automoveis
2016,8,VOLKSWAGEN,NOVO FOX,,nome,,,F,flex,25,VW,FOX/CROSS FOX,automoveis
2016,8,VOLKSWAGEN,NOVO FOX,,nome,,,F,flex,25,VW,FOX/CROSS FOX,automoveis
2016,8,VOLKSWAGEN,NOVO FOX,,nome,,,F,flex,25,VW,FOX/CROSS FOX,automoveis
2016,8,VOLKSWAGEN,NOVO FOX,,nome,,,F,flex,25,VW,FOX/CROSS FOX,automoveis
2016,8,VOLKSWAGEN,NOVO FOX,,nome,,,F,flex,25,VW,FOX/CROSS FOX,automoveis
2016,8,VOLKSWAGEN,FOX (2017),,nome,,,F,flex,25,VW,FOX/CROSS FOX,automoveis
2016,8,VOLKSWAGEN,FOX (2017),,nome,,,F,flex,25,VW,FOX/CROSS FOX,automoveis
2016,8,VOLKSWAGEN,FOX (2017),,nome,,,F,flex,25,VW,FOX/CROSS FOX,automoveis
2016,8,VOLKSWAGEN,FOX (2017),,nome,,,F,flex,25,VW,FOX/CROSS FOX,automoveis
2016,8,VOLKSWAGEN,FOX (2017),,nome,,,F,flex,25,VW,FOX/CROSS FOX,automoveis
2016,8,VOLKSWAGEN,FOX (2017),,nome,,,F,flex,25,VW,FOX/CROSS FOX,automoveis
2016,8,VOLKSWAGEN,FOX,,nome,,,F,flex,25,VW,FOX/CROSS FOX,automoveis
2016,8,VOLKSWAGEN,FOX,,nome,,,F,flex,25,VW,FOX/CROSS FOX,automoveis
2016,8,VOLKSWAGEN,FOX,,nome,,,F,flex,25,VW,FOX/CROSS FOX,automoveis
2016,8,VOLKSWAGEN,FOX (2017),COMFORTLINE,nome,,,F,flex,25,VW,FOX/CROSS FOX,automoveis
2016,8,VOLKSWAGEN,FOX (2017),(I-MOTION),nome,,,F,flex,25,VW,FOX/CROSS FOX,automoveis
2016,8,VOLKSWAGEN,FOX (2017),,nome,,,F,flex,25,VW,FOX/CROSS FOX,automoveis
2016,9,VOLKSWAGEN,FOX (2017),HIGHLINE (I-,nome,,,F,flex,25,VW,FOX/CROSS FOX,automoveis
2016,9,VOLKSWAGEN,FOX (2017),PEPPER (I-,nome,,,F,flex,25,VW,FOX/CROSS FOX,automoveis
2016,9,AUDI,A1 SPORTBACK,AMBITION,nome,,,G,gasolina,24,AUDI,A1,automoveis
2016,9,AUDI,A1 SPORTBACK,ATTRACTION,nome,,,G,gasolina,24,AUDI,A1,automoveis
2016,9,AUDI,A3 SPORTBACK,(125CV),nome,,,G,gasolina,24,AUDI,A3,automoveis
2016,9,AUDI,RS3 SPORTBACK,,nome,,,G,gasolina,24,AUDI,RS3,automoveis
2016,9,AUDI,S3 SPORTBACK,,nome,,,G,gasolina,24,AUDI,S3,automoveis
2016,9,BMW,220I,CAT ACTIVE,nome,,,F,flex,25,BMW,220I,automoveis
2016,9,BMW,M135I,FLEX,nome,,,G,gasolina,24,BMW,M135I,automoveis
2016,9,CHERY,NOVO CELER,,nome,,,F,flex,25,CHERY,CELER,automoveis
2016,9,CHERY,NOVO CELER,,nome,,,F,flex,25,CHERY,CELER,automoveis
2016,9,CHERY,NOVO CELER,,nome,,,F,flex,25,CHERY,CELER,automoveis
2016,9,CHERY,NOVO CELER,,nome,,,F,flex,25,CHERY,CELER,automoveis
2016,9,CHERY,NOVO CELER,,nome,,,F,flex,25,CHERY,CELER,automoveis
2016,9,CHERY,NOVO CELER,,nome,,,F,flex,25,CHERY,CELER,automoveis
2016,9,CHEVROLET,COBALT (2017),,nome,,,F,flex,25,GM,COBALT,automoveis
2016,9,CHEVROLET,COBALT (2017),,nome,,,F,flex,25,GM,COBALT,automoveis
2016,9,CHEVROLET,COBALT (2017),,nome,,,F,flex,25,GM,COBALT,automoveis
2016,9,CHEVROLET,COBALT (2017),,nome,,,F,flex,25,GM,COBALT,automoveis
2016,9,CHEVROLET,COBALT (2017),,nome,,,F,flex,25,GM,COBALT,automoveis
2016,9,CHEVROLET,PRISMA,,nome,,,F,flex,25,GM,PRISMA,automoveis
2016,9,CHEVROLET,PRISMA,,nome,,,F,flex,25,GM,PRISMA,automoveis
2016,9,CHEVROLET,PRISMA,,nome,,,F,flex,25,GM,PRISMA,automoveis
2016,9,CHEVROLET,PRISMA,,nome,,,F,flex,25,GM,PRISMA,automoveis
2016,9,CHEVROLET,PRISMA,,nome,,,F,flex,25,GM,PRISMA,automoveis
2016,9,CHEVROLET,PRISMA,,nome,,,F,flex,25,GM,PRISMA,automoveis
2016,9,CHEVROLET,NOVO PRISMA (2017),,nome,,,F,flex,25,GM,PRISMA,automoveis
2016,9,CHEVROLET,PRISMA JOY (2017),,nome,,,F,flex,25,GM,PRISMA,automoveis
2016,9,CHEVROLET,NOVO PRISMA (2017),,nome,,,F,flex,25,GM,PRISMA,automoveis
2016,10,CHEVROLET,NOVO PRISMA (2017),(CVT),nome,,,F,flex,25,GM,PRISMA,automoveis
2016,10,CHEVROLET,NOVO PRISMA (2017),,nome,,,F,flex,25,GM,PRISMA,automoveis
2016,10,CHEVROLET,NOVO PRISMA (2017),,nome,,,F,flex,25,GM,PRISMA,automoveis
2016,10,CHEVROLET,SPIN,,nome,,,F,flex,25,GM,SPIN,automoveis
2016,10,CHEVROLET,SPIN,,nome,,,F,flex,25,GM,SPIN,automoveis
2016,10,CHEVROLET,SPIN,LT ADVANTAGE,nome,,,F,flex,25,GM,SPIN,automoveis
2016,10,CHEVROLET,SPIN,(5L),nome,,,F,flex,25,GM,SPIN,automoveis
2016,10,CHEVROLET,SPIN,,nome,,,F,flex,25,GM,SPIN,automoveis
2016,10,CHEVROLET,SPIN,LT ADVANTAGE,nome,,,F,flex,25,GM,SPIN,automoveis
2016,10,CHEVROLET,SPIN (2017),(5L),nome,,,F,flex,25,GM,SPIN,automoveis
2016,10,CHEVROLET,SPIN (2017),,nome,,,F,flex,25,GM,SPIN,automoveis
2016,10,CHEVROLET,SPIN (2017),,nome,,,F,flex,25,GM,SPIN,automoveis
2016,10,CHEVROLET,SPIN (2017),,nome,,,F,flex,25,GM,SPIN,automoveis
2016,10,CHEVROLET,SPIN (2017),,nome,,,F,flex,25,GM,SPIN,automoveis
2016,10,FIAT,BRAVO,,nome,,,F,flex,25,FIAT,BRAVO,automoveis
2016,10,FIAT,BRAVO,,nome,,,F,flex,25,FIAT,BRAVO,automoveis
2016,10,FIAT,BRAVO,,nome,,,F,flex,25,FIAT,BRAVO,automoveis
2016,10,FIAT,BRAVO,,nome,,,F,flex,25,FIAT,BRAVO,automoveis
2016,10,FIAT,BRAVO,,nome,,,F,flex,25,FIAT,BRAVO,automoveis
2016,10,FIAT,BRAVO,SPORTING,nome,,,F,flex,25,FIAT,BRAVO,automoveis
2016,10,FIAT,BRAVO,DUALOGIC,nome,,,G,gasolina,24,FIAT,BRAVO,automoveis
2016,10,FIAT,GRAND SIENA,,nome,,,F,flex,25,FIAT,SIENA,automoveis
2016,10,FIAT,GRAND SIENA,ESSENCE,nome,,,F,flex,25,FIAT,SIENA,automoveis
2016,10,FIAT,GRAND SIENA,DUALOGIC,nome,,,F,flex,25,FIAT,SIENA,automoveis
2016,10,FIAT,GRAND SIENA,,nome,,,F,flex,25,FIAT,SIENA,automoveis
2016,10,FIAT,WEEKEND,,nome,,,F,flex,25,FIAT,WEEKEND,automoveis
2016,10,FORD,KA+,,nome,,,F,flex,25,FORD,KA SEDAN,automoveis
2016,10,FORD,KA+,,nome,,,F,flex,25,FORD,KA SEDAN,automoveis
2016,10,FORD,KA+,,nome,,,F,flex,25,FORD,KA SEDAN,automoveis
2016,10,FORD,KA+,,nome,,,F,flex,25,FORD,KA SEDAN,automoveis
2016,10,FORD,KA+ (2017),,nome,,,F,flex,25,FORD,KA SEDAN,automoveis
2016,10,FORD,KA+ (2017),,nome,,,F,flex,25,FORD,KA SEDAN,automoveis
2016,10,FORD,KA+ (2017),,nome,,,F,flex,25,FORD,KA SEDAN,automoveis
2016,10,FORD,KA+ (2017),,nome,,,F,flex,25,FORD,KA SEDAN,automoveis
2016,10,FORD,NEW FIESTA SEDAN,,nome,,,F,flex,25,FORD,NEW FIESTA,automoveis
2016,11,FORD,NEW FIESTA SEDAN,(CVT),nome,,,F,flex,25,FORD,NEW FIESTA,automoveis
2016,11,FORD,NEW FIESTA SEDAN,,nome,,,F,flex,25,FORD,NEW FIESTA,automoveis
2016,11,FORD,NEW FIESTA SEDAN,,nome,,,F,flex,25,FORD,NEW FIESTA,automoveis
2016,11,HONDA,CITY,,nome,,,F,flex,25,HONDA,CITY,automoveis
2016,11,HONDA,CITY,,nome,,,F,flex,25,HONDA,CITY,automoveis
2016,11,HONDA,CITY,,nome,,,F,flex,25,HONDA,CITY,automoveis
2016,11,HONDA,CITY,,nome,,,F,flex,25,HONDA,CITY,automoveis
2016,11,HYUNDAI,HB20S,,nome,,,F,flex,25,HYUNDAI,HB20S,automoveis
2016,11,HYUNDAI,HB20S,,nome,,,F,flex,25,HYUNDAI,HB20S,automoveis
2016,11,HYUNDAI,HB20S (2017),,nome,,,F,flex,25,HYUNDAI,HB20S,automoveis
2016,11,HYUNDAI,HB20S (2017),,nome,,,F,flex,25,HYUNDAI,HB20S,automoveis
2016,11,HYUNDAI,HB20S,,nome,,,F,flex,25,HYUNDAI,HB20S,automoveis
2016,11,HYUNDAI,HB20S,,nome,,,F,flex,25,HYUNDAI,HB20S,automoveis
2016,11,HYUNDAI,HB20S,,nome,,,F,flex,25,HYUNDAI,HB20S,automoveis
2016,11,HYUNDAI,HB20S (2017),,nome,,,F,flex,25,HYUNDAI,HB20S,automoveis
2016,11,HYUNDAI,HB20S (2017),,nome,,,F,flex,25,HYUNDAI,HB20S,automoveis
2016,11,HYUNDAI,HB20S,,nome,,,F,flex,25,HYUNDAI,HB20S,automoveis
2016,11,HYUNDAI,HB20S,,nome,,,F,flex,25,HYUNDAI,HB20S,automoveis
2016,11,HYUNDAI,ELANTRA,,nome,,,F,flex,25,HYUNDAI,ELANTRA,automoveis
2016,11,HYUNDAI,NEW I30 FL,,nome,,,G,gasolina,24,HYUNDAI,I30,automoveis
2016,11,LEXUS,CT200H,,nome,,,G,gasolina,24,LEXUS,CT200H,automoveis
2016,11,LEXUS,CT200H,,nome,,,G,gasolina,24,LEXUS,CT200H,automoveis
2016,11,MERCEDES-BENZ,A250,,nome,,,G,gasolina,24,M.BENZ,A250,automoveis
2016,11,MINI,COOPER,S COUNTRYMAN,nome,,,G,gasolina,24,MINI,COOPER,automoveis
2016,11,MINI,COOPER,ALL4,nome,,,G,gasolina,24,MINI,COOPER,automoveis
2016,11,NISSAN,NEW VERSA,,nome,,,F,flex,25,NISSAN,VERSA,automoveis
2016,11,NISSAN,NEW VERSA,,nome,,,F,flex,25,NISSAN,VERSA,automoveis
2016,11,NISSAN,NEW VERSA,,nome,,,F,flex,25,NISSAN,VERSA,automoveis
2016,11,NISSAN,NEW VERSA,,nome,,,F,flex,25,NISSAN,VERSA,automoveis
2016,11,NISSAN,NEW VERSA,,nome,,,F,flex,25,NISSAN,VERSA,automoveis
2016,12,NISSAN,NEW VERSA,(CVT),nome,,,F,flex,25,NISSAN,VERSA,automoveis
2016,12,NISSAN,NEW VERSA,,nome,,,F,flex,25,NISSAN,VERSA,automoveis
2016,12,NISSAN,NEW VERSA,,nome,,,F,flex,25,NISSAN,VERSA,automoveis
2016,12,PEUGEOT,308,,nome,,,F,flex,25,PEUGEOT,308,automoveis
2016,12,PEUGEOT,308,,nome,,,F,flex,25,PEUGEOT,308,automoveis
2016,12,RENAULT,LOGAN,,nome,,,F,flex,25,RENAULT,LOGAN,automoveis
2016,12,RENAULT,LOGAN,,nome,,,F,flex,25,RENAULT,LOGAN,automoveis
2016,12,RENAULT,LOGAN,,nome,,,F,flex,25,RENAULT,LOGAN,automoveis
2016,12,RENAULT,LOGAN,,nome,,,F,flex,25,RENAULT,LOGAN,automoveis
2016,12,RENAULT,LOGAN,,nome,,,F,flex,25,RENAULT,LOGAN,automoveis
2016,12,RENAULT,LOGAN,,nome,,,F,flex,25,RENAULT,LOGAN,automoveis
2016,12,RENAULT,LOGAN (2017),,nome,,,F,flex,25,RENAULT,LOGAN,automoveis
2016,12,RENAULT,LOGAN (2017),,nome,,,F,flex,25,RENAULT,LOGAN,automoveis
2016,12,RENAULT,LOGAN (2017),,nome,,,F,flex,25,RENAULT,LOGAN,automoveis
2016,12,RENAULT,LOGAN (2017),,nome,,,F,flex,25,RENAULT,LOGAN,automoveis
2016,12,RENAULT,LOGAN (2017),,nome,,,F,flex,25,RENAULT,LOGAN,automoveis
2016,12,RENAULT,LOGAN (2017),,nome,,,F,flex,25,RENAULT,LOGAN,automoveis
2016,12,TOYOTA,ETIOS SEDA,,nome,,,F,flex,25,TOYOTA,ETIOS SEDAN,automoveis
2016,12,TOYOTA,ETIOS SEDA,,nome,,,F,flex,25,TOYOTA,ETIOS SEDAN,automoveis
2016,12,TOYOTA,ETIOS SEDA,,nome,,,F,flex,25,TOYOTA,ETIOS SEDAN,automoveis
2016,12,TOYOTA,ETIOS SEDA,,nome,,,F,flex,25,TOYOTA,ETIOS SEDAN,automoveis
2016,12,TOYOTA,ETIOS SEDA,,nome,,,F,flex,25,TOYOTA,ETIOS SEDAN,automoveis
2016,12,TOYOTA,ETIOS SEDA,,nome,,,F,flex,25,TOYOTA,ETIOS SEDAN,automoveis
2016,12,TOYOTA,ETIOS SEDA,,nome,,,F,flex,25,TOYOTA,ETIOS SEDAN,automoveis
2016,12,TOYOTA,ETIOS SEDA,,nome,,,F,flex,25,TOYOTA,ETIOS SEDAN,automoveis
2016,12,TOYOTA,PRIUS,,nome,,,G,gasolina,24,TOYOTA,PRIUS,automoveis
2016,12,TOYOTA,PRIUS,,nome,,,G,gasolina,24,TOYOTA,PRIUS,automoveis
2016,12,VOLVO,V40,,nome,,,G,gasolina,24,VOLVO,V40,automoveis
2016,12,VOLVO,V40,"2,0 T5",nome,,,G,gasolina,24,VOLVO,V40,automoveis
2016,12,VOLVO,V40,"2,0 T5",nome,,,G,gasolina,24,VOLVO,V40,automoveis
2016,12,VOLVO,V40,DYNAMIC,nome,,,G,gasolina,24,VOLVO,V40,automoveis
2016,12,VOLVO,V40,,nome,,,G,gasolina,24,VOLVO,V40,automoveis
2016,12,VOLVO,V40,"2,0 T5",nome,,,G,gasolina,24,VOLVO,V40,automoveis
2016,12,VOLVO,V40,"2,0 T5 R-",nome,,,G,gasolina,24,VOLVO,V40,automoveis
2016,13,VOLVO,V40,CCT5 AWD,nome,,,G,gasolina,24,VOLVO,V40,automoveis
2016,13,VOLVO,V40,DYNAMIC,nome,,,G,gasolina,24,VOLVO,V40,automoveis
2016,13,VOLVO,V40,,nome,,,G,gasolina,24,VOLVO,V40,automoveis
2016,13,VOLVO,V40,,nome,,,G,gasolina,24,VOLVO,V40,automoveis
2016,13,VOLVO,V40,,nome,,,G,gasolina,24,VOLVO,V40,automoveis
2016,13,VOLVO,V40,,nome,,,G,gasolina,24,VOLVO,V40,automoveis
2016,13,VOLVO,V40,,nome,,,G,gasolina,24,VOLVO,V40,automoveis
2016,13,VOLVO,V40,,nome,,,G,gasolina,24,VOLVO,V40,automoveis
2016,13,VOLVO,V40,,nome,,,G,gasolina,24,VOLVO,V40,automoveis
2016,13,VOLVO,V40,,nome,,,G,gasolina,24,VOLVO,V40,automoveis
2016,13,VOLVO,V40,,nome,,,G,gasolina,24,VOLVO,V40,automoveis
2016,13,VOLVO,V40,,nome,,,G,gasolina,24,VOLVO,V40,automoveis
2016,13,VOLVO,V40 CROSS COUNTRY,,nome,,,G,gasolina,24,VOLVO,V40,automoveis
2016,13,VOLVO,V40 CROSS COUNTRY,,nome,,,G,gasolina,24,VOLVO,V40,automoveis
2016,13,VOLVO,V40 CROSS COUNTRY,,nome,,,G,gasolina,24,VOLVO,V40,automoveis
2016,13,VOLKSWAGEN,NOVO GOLF,,nome,,,F,flex,25,VW,GOLF,automoveis
2016,13,VOLKSWAGEN,NOVO GOLF,,nome,,,F,flex,25,VW,GOLF,automoveis
2016,13,VOLKSWAGEN,GOLF TSI,,nome,,,F,flex,25,VW,GOLF,automoveis
2016,13,VOLKSWAGEN,NOVO GOLF TSI,,nome,,,F,flex,25,VW,GOLF,automoveis
2016,13,VOLKSWAGEN,NOVO GOLF TSI,,nome,,,F,flex,25,VW,GOLF,automoveis
2016,13,VOLKSWAGEN,NOVO GOLF GTI,,nome,,,G,gasolina,24,VW,GOLF,automoveis
2016,13,VOLKSWAGEN,NOVO VOYAGE,,nome,,,F,flex,25,VW,VOYAGE,automoveis
2016,13,VOLKSWAGEN,NOVO VOYAGE,,nome,,,F,flex,25,VW,VOYAGE,automoveis
2016,13,VOLKSWAGEN,NOVO VOYAGE,,nome,,,F,flex,25,VW,VOYAGE,automoveis
2016,13,VOLKSWAGEN,NOVO VOYAGE,,nome,,,F,flex,25,VW,VOYAGE,automoveis
2016,13,VOLKSWAGEN,NOVO VOYAGE,,nome,,,F,flex,25,VW,VOYAGE,automoveis
2016,13,VOLKSWAGEN,VOYAGE (2017),,nome,,,F,flex,25,VW,VOYAGE,automoveis
2016,13,VOLKSWAGEN,VOYAGE (2017),,nome,,,F,flex,25,VW,VOYAGE,automoveis
2016,13,VOLKSWAGEN,VOYAGE (2017),,nome,,,F,flex,25,VW,VOYAGE,automoveis
2016,13,VOLKSWAGEN,NOVO VOYAGE,COMFORTLINE,nome,,,F,flex,25,VW,VOYAGE,automoveis
2016,13,VOLKSWAGEN,NOVO VOYAGE,HIGHLINE (I-,nome,,,F,flex,25,VW,VOYAGE,automoveis
2016,13,VOLKSWAGEN,SPACEFOX (2017),TRENDLINE (I-,nome,,,F,flex,25,VW,SPACE FOX,automoveis
2016,13,VOLKSWAGEN,SPACEFOX (2017),COMFORTLINE,nome,,,F,flex,25,VW,SPACE FOX,automoveis
2016,13,VOLKSWAGEN,SPACEFOX (2017),(I-MOTION),nome,,,F,flex,25,VW,SPACE FOX,automoveis
2016,14,VOLKSWAGEN,SPACEFOX (2017),(CVT),nome,,,F,flex,25,VW,SPACE FOX,automoveis
2016,14,VOLKSWAGEN,"SPACEFOX (2017)(EXCETO RODAS ARO 16"")",,nome,,,F,flex,25,VW,SPACE FOX,automoveis
2016,14,VOLKSWAGEN,"SPACEFOX (2017)(EXCETO RODAS ARO 16"")",HIGHLINE (I-,nome,,,F,flex,25,VW,SPACE FOX,automoveis
2016,14,AUDI,A3 SEDAN,ATTRACTION,nome,,,F,flex,25,AUDI,A3 SEDAN,automoveis
2016,14,AUDI,A3 SEDAN,AMBIENTE,nome,,,F,flex,25,AUDI,A3 SEDAN,automoveis
2016,14,AUDI,A3 SEDAN,(150CV),nome,,,G,gasolina,24,AUDI,A3 SEDAN,automoveis
2016,14,AUDI,S3 SEDAN,,nome,,,G,gasolina,24,AUDI,S3,automoveis
2016,14,BMW,320I,,nome,,,F,flex,25,BMW,320I,automoveis
2016,14,BMW,428I,,nome,,,G,gasolina,24,BMW,428I,automoveis
2016,14,BMW,X1,,nome,,,G,gasolina,24,BMW,X1,automoveis
2016,14,BMW,X1,SDRIVE20I,nome,,,F,flex,25,BMW,X1,automoveis
2016,14,BMW,X1,SDRIVE20I X-,nome,,,F,flex,25,BMW,X1,automoveis
2016,14,BMW,X1,SDRIVE20I GP,nome,,,F,flex,25,BMW,X1,automoveis
2016,14,BMW,X1,ACTIVE FLEX,nome,,,G,gasolina,24,BMW,X1,automoveis
2016,14,BMW,X1,XDRIVE25I,nome,,,F,flex,25,BMW,X1,automoveis
2016,14,CHEVROLET,CRUZE SEDAN,ACTIVE FLEX,nome,,,F,flex,25,GM,CRUZE SEDAN,automoveis
2016,14,CHEVROLET,CRUZE SEDAN,,nome,,,F,flex,25,GM,CRUZE SEDAN,automoveis
2016,14,CITROEN,C4 LOUNGE,,nome,,,F,flex,25,CITROEN,C4L,automoveis
2016,14,CITROEN,C4 LOUNGE,THP A,nome,,,F,flex,25,CITROEN,C4L,automoveis
2016,14,CITROEN,C4 LOUNGE,THP A,nome,,,F,flex,25,CITROEN,C4L,automoveis
2016,14,CITROEN,DS5,EXCLUSIVE,nome,,,G,gasolina,24,CITROEN,DS5,automoveis
2016,14,CITROEN,DS5,,nome,,,G,gasolina,24,CITROEN,DS5,automoveis
2016,15,FIAT,LINEA,(CVT),nome,,,F,flex,25,FIAT,LINEA,automoveis
2016,15,FIAT,LINEA,,nome,,,F,flex,25,FIAT,LINEA,automoveis
2016,15,FIAT,LINEA,ABSOLUTE,nome,,,F,flex,25,FIAT,LINEA,automoveis
2016,15,FORD,FOCUS FASTBACK,DUALOGIC,nome,,,F,flex,25,FORD,FOCUS,automoveis
2016,15,FORD,FOCUS FASTBACK,,nome,,,F,flex,25,FORD,FOCUS,automoveis
2016,15,FORD,FOCUS HATCH,,nome,,,F,flex,25,FORD,FOCUS,automoveis
2016,15,FORD,FOCUS HATCH,,nome,,,F,flex,25,FORD,FOCUS,automoveis
2016,15,FORD,FOCUS HATCH,,nome,,,F,flex,25,FORD,FOCUS,automoveis
2016,15,FORD,FOCUS HATCH,,nome,,,F,flex,25,FORD,FOCUS,automoveis
2016,15,FORD,FOCUS HATCH,,nome,,,F,flex,25,FORD,FOCUS,automoveis
2016,15,FORD,FOCUS HATCH,,nome,,,F,flex,25,FORD,FOCUS,automoveis
2016,15,HONDA,CIVIC,,nome,,,G,gasolina,24,HONDA,CIVIC,automoveis
2016,15,HONDA,CIVIC,,nome,,,F,flex,25,HONDA,CIVIC,automoveis
2016,15,HONDA,CIVIC,,nome,,,F,flex,25,HONDA,CIVIC,automoveis
2016,15,HONDA,CIVIC,,nome,,,F,flex,25,HONDA,CIVIC,automoveis
2016,15,HONDA,CIVIC,,nome,,,F,flex,25,HONDA,CIVIC,automoveis
2016,15,HONDA,CIVIC,,nome,,,F,flex,25,HONDA,CIVIC,automoveis
2016,15,HONDA,CIVIC,,nome,,,F,flex,25,HONDA,CIVIC,automoveis
2016,15,HONDA,CIVIC,,nome,,,F,flex,25,HONDA,CIVIC,automoveis
2016,15,HONDA,CIVIC,,nome,,,F,flex,25,HONDA,CIVIC,automoveis
2016,15,HONDA,CIVIC,TOURING -,nome,,,G,gasolina,24,HONDA,CIVIC,automoveis
2016,15,HONDA,CR-V,TURBO,nome,,,F,flex,25,HONDA,CRV,automoveis
2016,15,JAC,J5,,nome,,,G,gasolina,24,JAC,J5,automoveis
2016,15,JAC,J6,,nome,,,F,flex,25,JAC,J6,automoveis
2016,15,KIA,CERATO,,nome,,,F,flex,25,KIA,CERATO,automoveis
2016,15,KIA,CERATO,,nome,,,F,flex,25,KIA,CERATO,automoveis
2016,15,KIA,CERATO,,nome,,,F,flex,25,KIA,CERATO,automoveis
2016,15,KIA,CERATO,,nome,,,F,flex,25,KIA,CERATO,automoveis
2016,15,KIA,CERATO,,nome,,,F,flex,25,KIA,CERATO,automoveis
2016,15,KIA,CERATO,,nome,,,F,flex,25,KIA,CERATO,automoveis
2016,15,MERCEDES-BENZ,CLA200 FF,,nome,,,F,flex,25,M.BENZ,CLA200,automoveis
2016,16,MERCEDES-BENZ,CLA200 FF (2017),(CVT),nome,,,F,flex,25,M.BENZ,CLA200,automoveis
2016,16,MERCEDES-BENZ,CLA250 4MATIC,,nome,,,G,gasolina,24,M.BENZ,CLA250,automoveis
2016,16,MERCEDES-BENZ,GLA200 FF,,nome,,,F,flex,25,M.BENZ,CLASSE GLA,automoveis
2016,16,MERCEDES-BENZ,GLA200 FF (2017),,nome,,,F,flex,25,M.BENZ,CLASSE GLA,automoveis
2016,16,MERCEDES-BENZ,GLA200 FF BR,,nome,,,F,flex,25,M.BENZ,CLASSE GLA,automoveis
2016,16,MERCEDES-BENZ,GLA200 FF BR (2017),,nome,,,F,flex,25,M.BENZ,CLASSE GLA,automoveis
2016,16,MERCEDES-BENZ,GLA250,,nome,,,G,gasolina,24,M.BENZ,CLASSE GLA,automoveis
2016,16,MERCEDES-BENZ,GLA250 BR,,nome,,,G,gasolina,24,M.BENZ,CLASSE GLA,automoveis
2016,16,MITSUBISHI,LANCER,,nome,,,G,gasolina,24,MITSUBISHI,LANCER,automoveis
2016,16,MITSUBISHI,LANCER,,nome,,,G,gasolina,24,MITSUBISHI,LANCER,automoveis
2016,16,MITSUBISHI,LANCER,,nome,,,G,gasolina,24,MITSUBISHI,LANCER,automoveis
2016,16,MITSUBISHI,LANCER,,nome,,,G,gasolina,24,MITSUBISHI,LANCER,automoveis
2016,16,NISSAN,NOVO SENTRA,,nome,,,F,flex,25,NISSAN,SENTRA,automoveis
2016,16,NISSAN,NOVO SENTRA,,nome,,,F,flex,25,NISSAN,SENTRA,automoveis
2016,16,NISSAN,NOVO SENTRA,,nome,,,F,flex,25,NISSAN,SENTRA,automoveis
2016,16,NISSAN,NOVO SENTRA (2017),,nome,,,F,flex,25,NISSAN,SENTRA,automoveis
2016,16,NISSAN,NOVO SENTRA (2017),,nome,,,F,flex,25,NISSAN,SENTRA,automoveis
2016,16,NISSAN,NOVO SENTRA (2017),,nome,,,F,flex,25,NISSAN,SENTRA,automoveis
2016,16,PEUGEOT,3008,,nome,,,G,gasolina,24,PEUGEOT,3008,automoveis
2016,16,RENAULT,FLUENCE,,nome,,,F,flex,25,RENAULT,FLUENCE,automoveis
2016,16,RENAULT,FLUENCE,,nome,,,F,flex,25,RENAULT,FLUENCE,automoveis
2016,16,RENAULT,FLUENCE,,nome,,,F,flex,25,RENAULT,FLUENCE,automoveis
2016,16,RENAULT,FLUENCE,,nome,,,F,flex,25,RENAULT,FLUENCE,automoveis
2016,16,RENAULT,FLUENCE,,nome,,,F,flex,25,RENAULT,FLUENCE,automoveis
2016,16,RENAULT,FLUENCE,,nome,,,F,flex,25,RENAULT,FLUENCE,automoveis
2016,16,SUBARU,FORESTER,,nome,,,G,gasolina,24,SUBARU,FORESTER,automoveis
2016,16,SUBARU,FORESTER,,nome,,,G,gasolina,24,SUBARU,FORESTER,automoveis
2016,16,SUBARU,FORESTER,,nome,,,G,gasolina,24,SUBARU,FORESTER,automoveis
2016,16,SUBARU,LEGACY,,nome,,,G,gasolina,24,SUBARU,LEGACY,automoveis
2016,16,SUBARU,WRX,,nome,,,G,gasolina,24,SUBARU,WRX,automoveis
2016,16,SUBARU,WRX,,nome,,,G,gasolina,24,SUBARU,WRX,automoveis
2016,16,TOYOTA,COROLLA,,nome,,,F,flex,25,TOYOTA,COROLLA,automoveis
2016,16,TOYOTA,COROLLA,,nome,,,F,flex,25,TOYOTA,COROLLA,automoveis
2016,16,TOYOTA,COROLLA,,nome,,,F,flex,25,TOYOTA,COROLLA,automoveis
2016,16,TOYOTA,COROLLA,,nome,,,F,flex,25,TOYOTA,COROLLA,automoveis
2016,16,VOLKSWAGEN,GOLF VARIANT,,nome,,,G,gasolina,24,VW,GOLF VARIANT,automoveis
2016,17,VOLKSWAGEN,GOLF VARIANT,(CVT),nome,,,G,gasolina,24,VW,GOLF VARIANT,automoveis
2016,17,VOLKSWAGEN,GOLF VARIANT,,nome,,,G,gasolina,24,VW,GOLF VARIANT,automoveis
2016,17,VOLKSWAGEN,GOLF VARIANT,,nome,,,F,flex,25,VW,GOLF VARIANT,automoveis
2016,17,VOLKSWAGEN,GOLF VARIANT,,nome,,,F,flex,25,VW,GOLF VARIANT,automoveis
2016,17,VOLKSWAGEN,JETTA,,nome,,,G,gasolina,24,VW,JETTA,automoveis
2016,17,VOLKSWAGEN,JETTA,,nome,,,G,gasolina,24,VW,JETTA,automoveis
2016,17,VOLKSWAGEN,JETTA,,nome,,,G,gasolina,24,VW,JETTA,automoveis
2016,17,VOLKSWAGEN,JETTA,,nome,,,G,gasolina,24,VW,JETTA,automoveis
2016,17,AUDI,A4 SEDAN,EXTRA ATTRACTION,nome,,,G,gasolina,24,AUDI,A4,automoveis
2016,17,AUDI,A4 SEDAN,EXTRA AMBIENTE,nome,,,G,gasolina,24,AUDI,A4,automoveis
2016,17,AUDI,A4 SEDAN,EXTRA,nome,,,G,gasolina,24,AUDI,A4,automoveis
2016,17,AUDI,A4 SEDAN,EXTRA,nome,,,G,gasolina,24,AUDI,A4,automoveis
2016,17,AUDI,A4 AVANT,EXTRA,nome,,,G,gasolina,24,AUDI,A4 AVANT,automoveis
2016,17,AUDI,A4 AVANT,EXTRA,nome,,,G,gasolina,24,AUDI,A4 AVANT,automoveis
2016,17,AUDI,A4 SEDAN,EXTRA,nome,,,G,gasolina,24,AUDI,A4,automoveis
2016,17,AUDI,A5 CABRIOLET,EXTRA AMBITION,nome,,,G,gasolina,24,AUDI,A5,automoveis
2016,17,AUDI,A5 COUPE,EXTRA AMBITION,nome,,,G,gasolina,24,AUDI,A5,automoveis
2016,17,AUDI,A5 SPORTBACK,EXTRA AMBITION,nome,,,G,gasolina,24,AUDI,A5,automoveis
2016,17,AUDI,A5 SPORTBACK,EXTRA ATTRACTION,nome,,,G,gasolina,24,AUDI,A5,automoveis
2016,17,AUDI,A5 SPORTBACK,EXTRA AMBIENTE,nome,,,G,gasolina,24,AUDI,A5,automoveis
2016,17,AUDI,A5 SPORTBACK,EXTRA ATTRACTION,nome,,,G,gasolina,24,AUDI,A5,automoveis
2016,17,AUDI,A5 SPORTBACK,EXTRA AMBIENTE,nome,,,G,gasolina,24,AUDI,A5,automoveis
2016,17,AUDI,A5 SPORTBACK (2017),EXTRA,nome,,,G,gasolina,24,AUDI,A5,automoveis
2016,17,AUDI,A5 SPORTBACK (2017),EXTRA,nome,,,G,gasolina,24,AUDI,A5,automoveis
2016,17,AUDI,A6 SEDAN,EXTRA AMBIENTE,nome,,,G,gasolina,24,AUDI,A6,automoveis
2016,18,AUDI,A6 SEDAN,EXTRA ATTRACTION,nome,,,G,gasolina,24,AUDI,A6,automoveis
2016,18,AUDI,Q5,EXTRA AMBITION,nome,,,G,gasolina,24,AUDI,Q5,automoveis
2016,18,AUDI,S6 SEDAN,EXTRA,nome,,,G,gasolina,24,AUDI,S6,automoveis
2016,18,BMW,M3,EXTRA,nome,,,G,gasolina,24,BMW,M3,automoveis
2016,18,BMW,M6,EXTRA,nome,,,G,gasolina,24,BMW,M6,automoveis
2016,18,CHRYSLER,300C,EXTRA,nome,,,G,gasolina,24,CHRYSLER,300C,automoveis
2016,18,DODGE,DURANGO,EXTRA,nome,,,G,gasolina,24,DODGE,DURANGO,automoveis
2016,18,FORD,FUSION,EXTRA AWD,nome,,,G,gasolina,24,FORD,FUSION,automoveis
2016,18,FORD,FUSION,EXTRA AWD,nome,,,G,gasolina,24,FORD,FUSION,comerciais_leves
2016,18,FORD,FUSION,EXTRA,nome,,,F,flex,25,FORD,FUSION,automoveis
2016,18,FORD,FUSION,EXTRA,nome,,,F,flex,25,FORD,FUSION,comerciais_leves
2016,18,FORD,FUSION,EXTRA,nome,,,G,gasolina,24,FORD,FUSION,automoveis
2016,18,FORD,FUSION,EXTRA,nome,,,G,gasolina,24,FORD,FUSION,comerciais_leves
2016,18,FORD,FUSION,EXTRA,nome,,,G,gasolina,24,FORD,FUSION,automoveis
2016,18,FORD,FUSION,EXTRA,nome,,,G,gasolina,24,FORD,FUSION,comerciais_leves
2016,18,FORD,FUSION (2017),EXTRA,nome,,,G,gasolina,24,FORD,FUSION,automoveis
2016,18,FORD,FUSION (2017),EXTRA,nome,,,G,gasolina,24,FORD,FUSION,comerciais_leves
2016,18,FORD,FUSION (2017),EXTRA,nome,,,G,gasolina,24,FORD,FUSION,automoveis
2016,18,FORD,FUSION (2017),EXTRA,nome,,,G,gasolina,24,FORD,FUSION,comerciais_leves
2016,19,FORD,FUSION (2017),EXTRA AWD,nome,,,G,gasolina,24,FORD,FUSION,automoveis
2016,19,FORD,FUSION (2017),EXTRA AWD,nome,,,G,gasolina,24,FORD,FUSION,comerciais_leves
2016,19,FORD,FUSION (2017),EXTRA,nome,,,F,flex,25,FORD,FUSION,automoveis
2016,19,FORD,FUSION (2017),EXTRA,nome,,,F,flex,25,FORD,FUSION,comerciais_leves
2016,19,FORD,FUSION (2017),EXTRA,nome,,,G,gasolina,24,FORD,FUSION,automoveis
2016,19,FORD,FUSION (2017),EXTRA,nome,,,G,gasolina,24,FORD,FUSION,comerciais_leves
2016,19,HONDA,ACCORD,EXTRA,nome,,,G,gasolina,24,HONDA,ACCORD,automoveis
2016,19,HYUNDAI,AZERA,EXTRA,nome,,,G,gasolina,24,HYUNDAI,AZERA,automoveis
2016,19,JAGUAR,XE,EXTRA,nome,,,G,gasolina,24,JAGUAR,XE,automoveis
2016,19,JAGUAR,XE,"EXTRA 2,0 R-SPORT",nome,,,G,gasolina,24,JAGUAR,XE,automoveis
2016,19,JAGUAR,XE,EXTRA,nome,,,G,gasolina,24,JAGUAR,XE,automoveis
2016,19,JAGUAR,XF,EXTRA,nome,,,G,gasolina,24,JAGUAR,XF,automoveis
2016,19,JAGUAR,XF,EXTRA,nome,,,G,gasolina,24,JAGUAR,XF,automoveis
2016,19,JAGUAR,XF,EXTRA,nome,,,G,gasolina,24,JAGUAR,XF,automoveis
2016,19,JAGUAR,XF,EXTRA,nome,,,G,gasolina,24,JAGUAR,XF,automoveis
2016,19,JAGUAR,XF,EXTRA,nome,,,G,gasolina,24,JAGUAR,XF,automoveis
2016,19,JAGUAR,XF,EXTRA,nome,,,G,gasolina,24,JAGUAR,XF,automoveis
2016,19,JAGUAR,XJ,EXTRA,nome,,,G,gasolina,24,JAGUAR,XJ,automoveis
2016,19,JAGUAR,XJ,"EXTRA 3,0SC",nome,,,G,gasolina,24,JAGUAR,XJ,automoveis
2016,19,KIA,CADENZA,EXTRA,nome,,,G,gasolina,24,KIA,CADENZA,automoveis
2016,19,KIA,OPTIMA,EXTRA,nome,,,G,gasolina,24,KIA,OPTIMA,automoveis
2016,20,MERCEDES-BENZ,C180,EXTRA,nome,,,G,gasolina,24,M.BENZ,C180,automoveis
2016,20,MERCEDES-BENZ,C180,EXTRA,nome,,,G,gasolina,24,M.BENZ,C180,automoveis
2016,20,MERCEDES-BENZ,C180 FF,EXTRA,nome,,,F,flex,25,M.BENZ,C180,automoveis
2016,20,MERCEDES-BENZ,C180 FF BR,EXTRA,nome,,,F,flex,25,M.BENZ,C180,automoveis
2016,20,MERCEDES-BENZ,C200,EXTRA,nome,,,G,gasolina,24,M.BENZ,CLASSE C,automoveis
2016,20,MERCEDES-BENZ,C200 BR,EXTRA,nome,,,G,gasolina,24,M.BENZ,CLASSE C,automoveis
2016,20,MERCEDES-BENZ,C250,EXTRA,nome,,,G,gasolina,24,M.BENZ,C 250,automoveis
2016,20,MERCEDES-BENZ,C250 BR,EXTRA,nome,,,G,gasolina,24,M.BENZ,C 250,automoveis
2016,20,MERCEDES-BENZ,E250,EXTRA,nome,,,G,gasolina,24,M.BENZ,CLASSE E,automoveis
2016,20,MERCEDES-BENZ,E250,EXTRA,nome,,,G,gasolina,24,M.BENZ,CLASSE E,automoveis
2016,20,MERCEDES-BENZ,E250,EXTRA,nome,,,G,gasolina,24,M.BENZ,CLASSE E,automoveis
2016,20,NISSAN,ALTIMA,EXTRA,nome,,,G,gasolina,24,NISSAN,ALTIMA,automoveis
2016,20,PEUGEOT,408,EXTRA,nome,,,F,flex,25,PEUGEOT,408,automoveis
2016,20,PEUGEOT,408,EXTRA,nome,,,F,flex,25,PEUGEOT,408,automoveis
2016,20,PEUGEOT,408,EXTRA,nome,,,F,flex,25,PEUGEOT,408,automoveis
2016,20,TOYOTA,CAMRY,EXTRA,nome,,,G,gasolina,24,TOYOTA,CAMRY,automoveis
2016,20,VOLVO,S60,EXTRA,nome,,,G,gasolina,24,VOLVO,S60,automoveis
2016,21,VOLVO,S60,EXTRA,nome,,,G,gasolina,24,VOLVO,S60,automoveis
2016,21,VOLVO,S60,"EXTRA 2,0 T6",nome,,,G,gasolina,24,VOLVO,S60,automoveis
2016,21,VOLVO,S60,"EXTRA 2,0 T6 R-",nome,,,G,gasolina,24,VOLVO,S60,automoveis
2016,21,VOLVO,S60,"EXTRA 2,0 T5",nome,,,G,gasolina,24,VOLVO,S60,automoveis
2016,21,VOLVO,S60,"EXTRA 2,0 T5",nome,,,G,gasolina,24,VOLVO,S60,automoveis
2016,21,VOLVO,S60,EXTRA,nome,,,G,gasolina,24,VOLVO,S60,automoveis
2016,21,VOLVO,S60,EXTRA,nome,,,G,gasolina,24,VOLVO,S60,automoveis
2016,21,VOLVO,S60,"EXTRA 2,0 T5",nome,,,G,gasolina,24,VOLVO,S60,automoveis
2016,21,VOLVO,S60,"EXTRA 2,0 T5 R-",nome,,,G,gasolina,24,VOLVO,S60,automoveis
2016,21,VOLVO,S60,EXTRA,nome,,,G,gasolina,24,VOLVO,S60,automoveis
2016,21,VOLVO,S60,EXTRA,nome,,,G,gasolina,24,VOLVO,S60,automoveis
2016,21,VOLVO,S60,EXTRA,nome,,,G,gasolina,24,VOLVO,S60,automoveis
2016,21,VOLVO,S60,EXTRA,nome,,,G,gasolina,24,VOLVO,S60,automoveis
2016,21,VOLVO,"S60 (RODAS 17"")",EXTRA,nome,,,G,gasolina,24,VOLVO,S60,automoveis
2016,21,VOLVO,"S60 (RODAS 17"")",EXTRA,nome,,,G,gasolina,24,VOLVO,S60,automoveis
2016,21,VOLVO,"S60 (RODAS 17"")",EXTRA,nome,,,G,gasolina,24,VOLVO,S60,automoveis
2016,21,VOLVO,"S60 (RODAS 17"")",EXTRA,nome,,,G,gasolina,24,VOLVO,S60,automoveis
2016,21,VOLVO,V60,"EXTRA 2,0 T5",nome,,,G,gasolina,24,VOLVO,V60,automoveis
2016,21,VOLVO,V60,"EXTRA 2,0 T5",nome,,,G,gasolina,24,VOLVO,V60,automoveis
2016,21,VOLVO,V60,EXTRA,nome,,,G,gasolina,24,VOLVO,V60,automoveis
2016,21,VOLVO,V60,EXTRA,nome,,,G,gasolina,24,VOLVO,V60,automoveis
2016,21,VOLVO,V60,"EXTRA 2,0 T5",nome,,,G,gasolina,24,VOLVO,V60,automoveis
2016,22,VOLVO,V60,"EXTRA 2,0 T5 R-",nome,,,G,gasolina,24,VOLVO,V60,automoveis
2016,22,VOLVO,V60,"EXTRA 2,0 T6 R-",nome,,,G,gasolina,24,VOLVO,V60,automoveis
2016,22,VOLVO,V60,EXTRA,nome,,,G,gasolina,24,VOLVO,V60,automoveis
2016,22,VOLVO,V60,EXTRA,nome,,,G,gasolina,24,VOLVO,V60,automoveis
2016,22,VOLVO,V60,"EXTRA 2,0 T6",nome,,,G,gasolina,24,VOLVO,V60,automoveis
2016,22,VOLVO,V60,EXTRA,nome,,,G,gasolina,24,VOLVO,V60,automoveis
2016,22,VOLVO,V60,EXTRA,nome,,,G,gasolina,24,VOLVO,V60,automoveis
2016,22,VOLVO,V60,EXTRA,nome,,,G,gasolina,24,VOLVO,V60,automoveis
2016,22,VOLVO,V60,EXTRA,nome,,,G,gasolina,24,VOLVO,V60,automoveis
2016,22,VOLVO,"V60 (RODAS 17"")",EXTRA,nome,,,G,gasolina,24,VOLVO,V60,automoveis
2016,22,VOLVO,"V60 (RODAS 17"")",EXTRA,nome,,,G,gasolina,24,VOLVO,V60,automoveis
2016,22,VOLVO,"V60 (RODAS 17"")",EXTRA,nome,,,G,gasolina,24,VOLVO,V60,automoveis
2016,22,VOLVO,"V60 (RODAS 17"")",EXTRA,nome,,,G,gasolina,24,VOLVO,V60,automoveis
2016,22,VOLKSWAGEN,NOVO PASSAT,EXTRA,nome,,,G,gasolina,24,VW,PASSAT,automoveis
2016,22,VOLKSWAGEN,NOVO PASSAT,EXTRA,nome,,,G,gasolina,24,VW,PASSAT,automoveis
2016,22,VOLKSWAGEN,CC,EXTRA,nome,,,G,gasolina,24,VW,CC,automoveis
2016,22,VOLKSWAGEN,TOUAREG V6,EXTRA,nome,,,G,gasolina,24,VW,TOUAREG,automoveis
2016,22,VOLKSWAGEN,TOUAREG V8,EXTRA,nome,,,G,gasolina,24,VW,TOUAREG,automoveis
2016,22,CHEVROLET,NOVA TRACKER (2017),UTILITARIO,nome,,,F,flex,25,GM,TRACKER,automoveis
2016,22,CHEVROLET,NOVA TRACKER (2017),UTILITARIO,nome,,,F,flex,25,GM,TRACKER,automoveis
2016,22,CITROEN,AIRCROSS,UTILITARIO,nome,,,F,flex,25,CITROEN,AIRCROSS,automoveis
2016,23,CITROEN,AIRCROSS,UTILITARIO,nome,,,F,flex,25,CITROEN,AIRCROSS,automoveis
2016,23,CITROEN,AIRCROSS,UTILITARIO,nome,,,F,flex,25,CITROEN,AIRCROSS,automoveis
2016,23,CITROEN,AIRCROSS,UTILITARIO,nome,,,F,flex,25,CITROEN,AIRCROSS,automoveis
2016,23,CITROEN,AIRCROSS (2017),UTILITARIO,nome,,,F,flex,25,CITROEN,AIRCROSS,automoveis
2016,23,CITROEN,AIRCROSS,UTILITARIO,nome,,,F,flex,25,CITROEN,AIRCROSS,automoveis
2016,23,CITROEN,AIRCROSS,UTILITARIO,nome,,,F,flex,25,CITROEN,AIRCROSS,automoveis
2016,23,CITROEN,AIRCROSS (2017),UTILITARIO,nome,,,F,flex,25,CITROEN,AIRCROSS,automoveis
2016,23,CITROEN,AIRCROSS (2017),UTILITARIO,nome,,,F,flex,25,CITROEN,AIRCROSS,automoveis
2016,23,FIAT,DOBLO,UTILITARIO,nome,,,F,flex,25,FIAT,DOBLO,automoveis
2016,23,FIAT,DOBLO,UTILITARIO,nome,,,F,flex,25,FIAT,DOBLO,comerciais_leves
2016,23,FIAT,IDEA,UTILITARIO,nome,,,F,flex,25,FIAT,IDEA,automoveis
2016,23,FIAT,IDEA,ADVENTURE,nome,,,F,flex,25,FIAT,IDEA,automoveis
2016,23,FIAT,NOVO UNO,UTILITARIO,nome,,,F,flex,25,FIAT,UNO,automoveis
2016,23,FIAT,NOVO UNO,UTILITARIO,nome,,,F,flex,25,FIAT,UNO,comerciais_leves
2016,23,FIAT,NOVO UNO,UTILITARIO,nome,,,F,flex,25,FIAT,UNO,automoveis
2016,23,FIAT,NOVO UNO,UTILITARIO,nome,,,F,flex,25,FIAT,UNO,comerciais_leves
2016,23,FIAT,NOVO UNO (2017),UTILITARIO,nome,,,F,flex,25,FIAT,UNO,automoveis
2016,23,FIAT,NOVO UNO (2017),UTILITARIO,nome,,,F,flex,25,FIAT,UNO,comerciais_leves
2016,23,FIAT,NOVO UNO (2017),UTILITARIO,nome,,,F,flex,25,FIAT,UNO,automoveis
2016,23,FIAT,NOVO UNO (2017),UTILITARIO,nome,,,F,flex,25,FIAT,UNO,comerciais_leves
2016,23,FIAT,WEEKEND (2017),UTILITARIO,nome,,,F,flex,25,FIAT,WEEKEND,automoveis
2016,24,FIAT,WEEKEND (2017),ADVENTURE,nome,,,F,flex,25,FIAT,WEEKEND,automoveis
2016,24,FIAT,WEEKEND,UTILITARIO,nome,,,F,flex,25,FIAT,WEEKEND,automoveis
2016,24,FIAT,WEEKEND,ADVENTURE,nome,,,F,flex,25,FIAT,WEEKEND,automoveis
2016,24,FIAT,WEEKEND,UTILITARIO,nome,,,F,flex,25,FIAT,WEEKEND,automoveis
2016,24,FORD,ECOSPORT,UTILITARIO,nome,,,F,flex,25,FORD,ECOSPORT,automoveis
2016,24,FORD,ECOSPORT,UTILITARIO,nome,,,F,flex,25,FORD,ECOSPORT,automoveis
2016,24,FORD,ECOSPORT,UTILITARIO,nome,,,F,flex,25,FORD,ECOSPORT,automoveis
2016,24,FORD,ECOSPORT,UTILITARIO,nome,,,F,flex,25,FORD,ECOSPORT,automoveis
2016,24,FORD,ECOSPORT,UTILITARIO,nome,,,F,flex,25,FORD,ECOSPORT,automoveis
2016,24,FORD,ECOSPORT,UTILITARIO,nome,,,F,flex,25,FORD,ECOSPORT,automoveis
2016,24,FORD,ECOSPORT,UTILITARIO,nome,,,F,flex,25,FORD,ECOSPORT,automoveis
2016,24,FORD,ECOSPORT,UTILITARIO,nome,,,F,flex,25,FORD,ECOSPORT,automoveis
2016,24,FORD,ECOSPORT,UTILITARIO,nome,,,F,flex,25,FORD,ECOSPORT,automoveis
2016,24,FORD,ECOSPORT,UTILITARIO,nome,,,F,flex,25,FORD,ECOSPORT,automoveis
2016,24,HONDA,HR-V,UTILITARIO,nome,,,F,flex,25,HONDA,HR-V,automoveis
2016,24,HONDA,HR-V,UTILITARIO,nome,,,F,flex,25,HONDA,HR-V,automoveis
2016,25,HONDA,HR-V,UTILITARIO,nome,,,F,flex,25,HONDA,HR-V,automoveis
2016,25,HONDA,HR-V,UTILITARIO,nome,,,F,flex,25,HONDA,HR-V,automoveis
2016,25,HONDA,HR-V,UTILITARIO,nome,,,F,flex,25,HONDA,HR-V,automoveis
2016,25,HYUNDAI,HB20X,UTILITARIO,nome,,,F,flex,25,HYUNDAI,HB20,automoveis
2016,25,HYUNDAI,HB20X,UTILITARIO,nome,,,F,flex,25,HYUNDAI,HB20,automoveis
2016,25,HYUNDAI,HB20X,UTILITARIO,nome,,,F,flex,25,HYUNDAI,HB20,automoveis
2016,25,HYUNDAI,TUCSON,UTILITARIO,nome,,,F,flex,25,HYUNDAI,TUCSON,automoveis
2016,25,HYUNDAI,TUCSON,UTILITARIO,nome,,,F,flex,25,HYUNDAI,TUCSON,automoveis
2016,25,JAC,T5,UTILITARIO,nome,,,F,flex,25,JAC,T5,automoveis
2016,25,JEEP,RENEGADE,UTILITARIO,nome,,,F,flex,25,JEEP,RENEGADE,automoveis
2016,25,JEEP,RENEGADE (2017),UTILITARIO,nome,,,F,flex,25,JEEP,RENEGADE,automoveis
2016,25,JEEP,RENEGADE (2017),UTILITARIO,nome,,,F,flex,25,JEEP,RENEGADE,automoveis
2016,25,JEEP,RENEGADE (2017),UTILITARIO,nome,,,F,flex,25,JEEP,RENEGADE,automoveis
2016,25,JEEP,RENEGADE (2017),UTILITARIO,nome,,,F,flex,25,JEEP,RENEGADE,automoveis
2016,25,JEEP,RENEGADE (2017),UTILITARIO,nome,,,F,flex,25,JEEP,RENEGADE,automoveis
2016,25,JEEP,RENEGADE,UTILITARIO,nome,,,D,diesel,26,JEEP,RENEGADE,automoveis
2016,26,JEEP,RENEGADE,UTILITARIO,nome,,,D,diesel,26,JEEP,RENEGADE,automoveis
2016,26,KIA,NEW SOUL,UTILITARIO,nome,,,F,flex,25,KIA,SOUL,automoveis
2016,26,KIA,NEW SOUL,UTILITARIO,nome,,,F,flex,25,KIA,SOUL,automoveis
2016,26,MITSUBISHI,ASX,UTILITARIO,nome,,,G,gasolina,24,MITSUBISHI,ASX,automoveis
2016,26,MITSUBISHI,ASX,UTILITARIO,nome,,,G,gasolina,24,MITSUBISHI,ASX,automoveis
2016,26,MITSUBISHI,ASX,UTILITARIO,nome,,,G,gasolina,24,MITSUBISHI,ASX,automoveis
2016,26,NISSAN,KICKS,UTILITARIO,nome,,,F,flex,25,NISSAN,KICKS,automoveis
2016,26,PEUGEOT,2008,UTILITARIO,nome,,,F,flex,25,PEUGEOT,2008,automoveis
2016,26,PEUGEOT,2008,UTILITARIO,nome,,,F,flex,25,PEUGEOT,2008,automoveis
2016,26,PEUGEOT,2008,UTILITARIO,nome,,,F,flex,25,PEUGEOT,2008,automoveis
2016,26,PEUGEOT,2008,UTILITARIO,nome,,,F,flex,25,PEUGEOT,2008,automoveis
2016,26,PEUGEOT,2008,UTILITARIO,nome,,,F,flex,25,PEUGEOT,2008,automoveis
2016,26,PEUGEOT,2008 (2017),UTILITARIO,nome,,,F,flex,25,PEUGEOT,2008,automoveis
2016,26,PEUGEOT,2008 (2017),UTILITARIO,nome,,,F,flex,25,PEUGEOT,2008,automoveis
2016,26,PEUGEOT,2008 (2017),UTILITARIO,nome,,,F,flex,25,PEUGEOT,2008,automoveis
2016,26,PEUGEOT,2008 (2017),UTILITARIO,nome,,,F,flex,25,PEUGEOT,2008,automoveis
2016,27,PEUGEOT,2008 (2017),UTILITARIO,nome,,,F,flex,25,PEUGEOT,2008,automoveis
2016,27,RENAULT,SANDERO,UTILITARIO,nome,,,F,flex,25,RENAULT,SANDERO,automoveis
2016,27,RENAULT,SANDERO,UTILITARIO,nome,,,F,flex,25,RENAULT,SANDERO,automoveis
2016,27,RENAULT,SANDERO (2017),UTILITARIO,nome,,,F,flex,25,RENAULT,SANDERO,automoveis
2016,27,RENAULT,SANDERO (2017),UTILITARIO,nome,,,F,flex,25,RENAULT,SANDERO,automoveis
2016,27,SUZUKI,VITARA,UTILITARIO,nome,,,G,gasolina,24,SUZUKI,VITARA,automoveis
2016,27,SUZUKI,VITARA,UTILITARIO,nome,,,G,gasolina,24,SUZUKI,VITARA,automoveis
2016,28,SUZUKI,VITARA,UTILITARIO,nome,,,G,gasolina,24,SUZUKI,VITARA,automoveis
2016,28,SUZUKI,VITARA,UTILITARIO,nome,,,G,gasolina,24,SUZUKI,VITARA,automoveis
2016,28,SUZUKI,VITARA,UTILITARIO,nome,,,G,gasolina,24,SUZUKI,VITARA,automoveis
2016,28,SUZUKI,VITARA,UTILITARIO,nome,,,G,gasolina,24,SUZUKI,VITARA,automoveis
2016,28,VOLKSWAGEN,NOVO CROSSFOX,UTILITARIO,nome,,,F,flex,25,VW,FOX/CROSS FOX,automoveis
2016,28,VOLKSWAGEN,NOVO CROSSFOX,UTILITARIO,nome,,,F,flex,25,VW,FOX/CROSS FOX,automoveis
2016,28,VOLKSWAGEN,CROSSFOX (PNEUS ON ROAD),UTILITARIO,nome,,,F,flex,25,VW,FOX/CROSS FOX,automoveis
2016,28,VOLKSWAGEN,CROSSFOX (PNEUS ON ROAD),UTILITARIO,nome,,,F,flex,25,VW,FOX/CROSS FOX,automoveis
2016,28,VOLKSWAGEN,NOVO SPACECROSS,UTILITARIO,nome,,,F,flex,25,VW,SPACECROSS,automoveis
2016,28,VOLKSWAGEN,NOVO SPACECROSS,UTILITARIO,nome,,,F,flex,25,VW,SPACECROSS,automoveis
2016,28,BMW,X3,UTILITARIO,nome,,,G,gasolina,24,BMW,X3,automoveis
2016,28,BMW,X3,UTILITARIO,nome,,,G,gasolina,24,BMW,X3,automoveis
2016,28,BMW,X4,UTILITARIO,nome,,,G,gasolina,24,BMW,X4,automoveis
2016,28,BMW,X4,UTILITARIO,nome,,,G,gasolina,24,BMW,X4,automoveis
2016,28,BMW,X4,UTILITARIO,nome,,,G,gasolina,24,BMW,X4,automoveis
2016,28,BMW,X5,UTILITARIO,nome,,,G,gasolina,24,BMW,X5,automoveis
2016,29,BMW,X5,UTILITARIO,nome,,,D,diesel,26,BMW,X5,automoveis
2016,29,BMW,X6,UTILITARIO,nome,,,G,gasolina,24,BMW,X6,automoveis
2016,29,BMW,X6,UTILITARIO,nome,,,G,gasolina,24,BMW,X6,automoveis
2016,29,HYUNDAI,SANTA FE,UTILITARIO,nome,,,G,gasolina,24,HYUNDAI,SANTAFE,automoveis
2016,29,JAC,T6,UTILITARIO,nome,,,F,flex,25,JAC,T6,automoveis
2016,29,JEEP,CHEROKEE,UTILITARIO,nome,,,G,gasolina,24,JEEP,CHEROKEE,automoveis
2016,29,JEEP,COMPASS,UTILITARIO,nome,,,G,gasolina,24,JEEP,COMPASS,automoveis
2016,29,JEEP,COMPASS,UTILITARIO,nome,,,F,flex,25,JEEP,COMPASS,automoveis
2016,29,JEEP,COMPASS,UTILITARIO,nome,,,F,flex,25,JEEP,COMPASS,automoveis
2016,29,KIA,SPORTAGE,UTILITARIO,nome,,,F,flex,25,KIA,SPORTAGE,automoveis
2016,29,KIA,SPORTAGE,UTILITARIO,nome,,,F,flex,25,KIA,SPORTAGE,automoveis
2016,29,KIA,SPORTAGE,UTILITARIO,nome,,,F,flex,25,KIA,SPORTAGE,automoveis
2016,30,KIA,SPORTAGE,UTILITARIO,nome,,,F,flex,25,KIA,SPORTAGE,automoveis
2016,30,MERCEDES-BENZ,GLC 250 4M,UTILITARIO,nome,,,G,gasolina,24,M.BENZ,GLC,automoveis
2016,30,MERCEDES-BENZ,GLE 400,UTILITARIO,nome,,,G,gasolina,24,M.BENZ,GLE,automoveis
2016,30,MERCEDES-BENZ,GLE 450 AMG,UTILITARIO,nome,,,G,gasolina,24,M.BENZ,GLE,automoveis
2016,30,MITSUBISHI,NEW OUTLANDER,UTILITARIO,nome,,,G,gasolina,24,MITSUBISHI,OUTLANDER,automoveis
2016,30,PORSCHE,MACAN,UTILITARIO,nome,,,G,gasolina,24,PORSCHE,MACAN,automoveis
2016,30,PORSCHE,MACAN,UTILITARIO,nome,,,G,gasolina,24,PORSCHE,MACAN,automoveis
2016,30,PORSCHE,MACAN,UTILITARIO,nome,,,G,gasolina,24,PORSCHE,MACAN,automoveis
2016,30,PORSCHE,CAYENNE,UTILITARIO,nome,,,G,gasolina,24,PORSCHE,CAYENNE,automoveis
2016,30,PORSCHE,CAYENNE,UTILITARIO,nome,,,G,gasolina,24,PORSCHE,CAYENNE,automoveis
2016,31,PORSCHE,CAYENNE,UTILITARIO,nome,,,G,gasolina,24,PORSCHE,CAYENNE,automoveis
2016,31,PORSCHE,CAYENNE,UTILITARIO,nome,,,G,gasolina,24,PORSCHE,CAYENNE,automoveis
2016,31,PORSCHE,CAYENNE,UTILITARIO,nome,,,G,gasolina,24,PORSCHE,CAYENNE,automoveis
2016,31,RENAULT,DUSTER,DYNAMIQUE,nome,,,F,flex,25,RENAULT,DUSTER,automoveis
2016,31,RENAULT,DUSTER,DYNAMIQUE,nome,,,F,flex,25,RENAULT,DUSTER,automoveis
2016,31,RENAULT,DUSTER,DYNAMIQUE,nome,,,F,flex,25,RENAULT,DUSTER,automoveis
2016,31,RENAULT,DUSTER,EXPRESSION,nome,,,F,flex,25,RENAULT,DUSTER,automoveis
2016,31,RENAULT,DUSTER (2017),DYNAMIQUE,nome,,,F,flex,25,RENAULT,DUSTER,automoveis
2016,31,RENAULT,DUSTER (2017),DYNAMIQUE,nome,,,F,flex,25,RENAULT,DUSTER,automoveis
2016,31,RENAULT,DUSTER (2017),DYNAMIQUE,nome,,,F,flex,25,RENAULT,DUSTER,automoveis
2016,31,RENAULT,DUSTER (2017),EXPRESSION,nome,,,F,flex,25,RENAULT,DUSTER,automoveis
2016,31,RENAULT,DUSTER (2017),UTILITARIO,nome,,,F,flex,25,RENAULT,DUSTER,automoveis
2016,31,SUZUKI,GRAND VITARA,UTILITARIO,nome,,,G,gasolina,24,SUZUKI,GVITARA,automoveis
2016,31,SUZUKI,GRAND VITARA,UTILITARIO,nome,,,G,gasolina,24,SUZUKI,GVITARA,automoveis
2016,31,SUZUKI,GRAND VITARA,UTILITARIO,nome,,,G,gasolina,24,SUZUKI,GVITARA,automoveis
2016,31,SUZUKI,GRAND VITARA,UTILITARIO,nome,,,G,gasolina,24,SUZUKI,GVITARA,automoveis
2016,32,TOYOTA,RAV4 4X2,UTILITARIO,nome,,,G,gasolina,24,TOYOTA,RAV4,automoveis
2016,32,TOYOTA,RAV4 4X4,UTILITARIO,nome,,,G,gasolina,24,TOYOTA,RAV4,automoveis
2016,32,TOYOTA,RAV4 4X4,UTILITARIO,nome,,,G,gasolina,24,TOYOTA,RAV4,automoveis
2016,32,TOYOTA,SW4 4X2,UTILITARIO,nome,,,F,flex,25,TOYOTA,HILUX SW4,automoveis
2016,32,TOYOTA,SW4 4X2,UTILITARIO,nome,,,F,flex,25,TOYOTA,HILUX SW4,comerciais_leves
2016,32,TOYOTA,SW4 4X2,UTILITARIO,nome,,,F,flex,25,TOYOTA,HILUX SW4,automoveis
2016,32,TOYOTA,SW4 4X2,UTILITARIO,nome,,,F,flex,25,TOYOTA,HILUX SW4,comerciais_leves
2016,32,TOYOTA,SW4 4X2,UTILITARIO,nome,,,F,flex,25,TOYOTA,HILUX SW4,automoveis
2016,32,TOYOTA,SW4 4X2,UTILITARIO,nome,,,F,flex,25,TOYOTA,HILUX SW4,comerciais_leves
2016,32,VOLVO,XC60,"2,O T5",nome,,,G,gasolina,24,VOLVO,XC60,automoveis
2016,32,VOLVO,XC60,"2,0 T5",nome,,,G,gasolina,24,VOLVO,XC60,automoveis
2016,32,VOLVO,XC60,UTILITARIO,nome,,,G,gasolina,24,VOLVO,XC60,automoveis
2016,32,VOLVO,XC60,"2,0 T5",nome,,,G,gasolina,24,VOLVO,XC60,automoveis
2016,32,VOLVO,XC60,"2,O T5",nome,,,G,gasolina,24,VOLVO,XC60,automoveis
2016,32,VOLVO,XC60,"2,0 T5 R-",nome,,,G,gasolina,24,VOLVO,XC60,automoveis
2016,32,VOLVO,XC60,UTILITARIO,nome,,,G,gasolina,24,VOLVO,XC60,automoveis
2016,32,VOLVO,XC60,UTILITARIO,nome,,,G,gasolina,24,VOLVO,XC60,automoveis
2016,32,VOLVO,XC60,UTILITARIO,nome,,,G,gasolina,24,VOLVO,XC60,automoveis
2016,32,VOLVO,XC60,UTILITARIO,nome,,,G,gasolina,24,VOLVO,XC60,automoveis
2016,33,VOLVO,XC60,UTILITARIO,nome,,,G,gasolina,24,VOLVO,XC60,automoveis
2016,33,VOLVO,XC60,"2,0 T6",nome,,,G,gasolina,24,VOLVO,XC60,automoveis
2016,33,VOLVO,XC60,UTILITARIO,nome,,,D,diesel,26,VOLVO,XC60,automoveis
2016,33,VOLVO,XC60,UTILITARIO,nome,,,D,diesel,26,VOLVO,XC60,automoveis
2016,33,VOLVO,XC60,UTILITARIO,nome,,,D,diesel,26,VOLVO,XC60,automoveis
2016,33,VOLVO,XC90,UTILITARIO,nome,,,G,gasolina,24,VOLVO,XC90,automoveis
2016,33,VOLVO,XC90,UTILITARIO,nome,,,G,gasolina,24,VOLVO,XC90,automoveis
2016,33,VOLVO,XC90,UTILITARIO,nome,,,G,gasolina,24,VOLVO,XC90,automoveis
2016,33,VOLVO,XC90,UTILITARIO,nome,,,G,gasolina,24,VOLVO,XC90,automoveis
2016,33,VOLVO,XC90,UTILITARIO,nome,,,G,gasolina,24,VOLVO,XC90,automoveis
2016,33,VOLVO,XC90,UTILITARIO,nome,,,D,diesel,26,VOLVO,XC90,automoveis
2016,33,VOLVO,XC90,UTILITARIO,nome,,,D,diesel,26,VOLVO,XC90,automoveis
2016,33,VOLVO,XC90,UTILITARIO,nome,,,D,diesel,26,VOLVO,XC90,automoveis
2016,33,VOLVO,XC90,UTILITARIO,nome,,,G,gasolina,24,VOLVO,XC90,automoveis
2016,33,VOLVO,XC90,UTILITARIO,nome,,,G,gasolina,24,VOLVO,XC90,automoveis
2016,33,VOLVO,XC90,UTILITARIO,nome,,,G,gasolina,24,VOLVO,XC90,automoveis
2016,34,VOLVO,XC90,UTILITARIO,nome,,,G,gasolina,24,VOLVO,XC90,automoveis
2016,34,VOLKSWAGEN,TIGUAN,UTILITARIO,nome,,,G,gasolina,24,VW,TIGUAN,automoveis
2016,34,VOLKSWAGEN,TIGUAN,UTILITARIO,nome,,,G,gasolina,24,VW,TIGUAN,automoveis
2016,34,CHEVROLET,TRAILBLAZER (2017),FORA DE,nome,,,G,gasolina,24,GM,TRAILBLAZER,automoveis
2016,34,CHEVROLET,TRAILBLAZER (2017),FORA DE,nome,,,D,diesel,26,GM,TRAILBLAZER,automoveis
2016,34,CHEVROLET,TRAILBLAZER (2017),FORA DE,nome,,,D,diesel,26,GM,TRAILBLAZER,automoveis
2016,34,FORD,ECOSPORT,FORA DE FREESTYLE,nome,,,F,flex,25,FORD,ECOSPORT,automoveis
2016,34,JEEP,RENEGADE,FORA DE,nome,,,D,diesel,26,JEEP,RENEGADE,automoveis
2016,34,JEEP,WRANGLER,FORA DE UNLIMITED,nome,,,G,gasolina,24,JEEP,WRANGLER,automoveis
2016,34,JEEP,WRANGLER,FORA DE,nome,,,G,gasolina,24,JEEP,WRANGLER,automoveis
2016,34,JEEP,COMPASS,FORA DE,nome,,,D,diesel,26,JEEP,COMPASS,automoveis
2016,34,KIA,SORENTO,FORA DE,nome,,,G,gasolina,24,KIA,SORENTO,automoveis
2016,34,LAND ROVER,DISCOVERY,FORA DE,nome,,,D,diesel,26,LAND ROVER,DISCOVERY,automoveis
2016,34,LAND ROVER,DISCOVERY,FORA DE,nome,,,D,diesel,26,LAND ROVER,DISCOVERY,automoveis
2016,34,LAND ROVER,DISCOVERY,FORA DE,nome,,,D,diesel,26,LAND ROVER,DISCOVERY,automoveis
2016,34,LAND ROVER,DISCOVERY,FORA DE,nome,,,D,diesel,26,LAND ROVER,DISCOVERY,automoveis
2016,34,LAND ROVER,DISCOVERY,FORA DE,nome,,,D,diesel,26,LAND ROVER,DISCOVERY,automoveis
2016,34,LAND ROVER,DISCOVERY,FORA DE,nome,,,D,diesel,26,LAND ROVER,DISCOVERY,automoveis
2016,34,LAND ROVER,DISCOVERY SPORT,FORA DE,nome,,,D,diesel,26,LAND ROVER,DISCOVERY,automoveis
2016,34,LAND ROVER,DISCOVERY SPORT,FORA DE,nome,,,D,diesel,26,LAND ROVER,DISCOVERY,automoveis
2016,34,LAND ROVER,DISCOVERY SPORT,FORA DE,nome,,,D,diesel,26,LAND ROVER,DISCOVERY,automoveis
2016,35,LAND ROVER,DISCOVERY SPORT,FORA DE,nome,,,D,diesel,26,LAND ROVER,DISCOVERY,automoveis
2016,35,LAND ROVER,DISCOVERY SPORT,FORA DE,nome,,,D,diesel,26,LAND ROVER,DISCOVERY,automoveis
2016,35,LAND ROVER,DISCOVERY SPORT,FORA DE,nome,,,D,diesel,26,LAND ROVER,DISCOVERY,automoveis
2016,35,LAND ROVER,DISCOVERY SPORT,FORA DE,nome,,,D,diesel,26,LAND ROVER,DISCOVERY,automoveis
2016,35,LAND ROVER,DISCOVERY SPORT,FORA DE,nome,,,G,gasolina,24,LAND ROVER,DISCOVERY,automoveis
2016,35,LAND ROVER,DISCOVERY SPORT,FORA DE,nome,,,G,gasolina,24,LAND ROVER,DISCOVERY,automoveis
2016,35,LAND ROVER,DISCOVERY SPORT,FORA DE,nome,,,G,gasolina,24,LAND ROVER,DISCOVERY,automoveis
2016,35,LAND ROVER,DISCOVERY SPORT,FORA DE,nome,,,G,gasolina,24,LAND ROVER,DISCOVERY,automoveis
2016,35,LAND ROVER,DISCOVERY SPORT,FORA DE,nome,,,G,gasolina,24,LAND ROVER,DISCOVERY,automoveis
2016,35,LAND ROVER,DISCOVERY SPORT,FORA DE,nome,,,G,gasolina,24,LAND ROVER,DISCOVERY,automoveis
2016,35,LAND ROVER,DISCOVERY SPORT,FORA DE,nome,,,G,gasolina,24,LAND ROVER,DISCOVERY,automoveis
2016,35,LAND ROVER,DISCOVERY SPORT BR,FORA DE,nome,,,G,gasolina,24,LAND ROVER,DISCOVERY,automoveis
2016,35,LAND ROVER,DISCOVERY SPORT BR,FORA DE,nome,,,G,gasolina,24,LAND ROVER,DISCOVERY,automoveis
2016,35,LAND ROVER,DISCOVERY SPORT BR,FORA DE,nome,,,G,gasolina,24,LAND ROVER,DISCOVERY,automoveis
2016,35,LAND ROVER,DISCOVERY SPORT BR,FORA DE,nome,,,G,gasolina,24,LAND ROVER,DISCOVERY,automoveis
2016,35,LAND ROVER,DISCOVERY SPORT BR,FORA DE,nome,,,G,gasolina,24,LAND ROVER,DISCOVERY,automoveis
2016,35,LAND ROVER,DISCOVERY SPORT BR,FORA DE,nome,,,G,gasolina,24,LAND ROVER,DISCOVERY,automoveis
2016,35,LAND ROVER,DISCOVERY SPORT BR,FORA DE,nome,,,G,gasolina,24,LAND ROVER,DISCOVERY,automoveis
2016,35,LAND ROVER,DISCOVERY SPORT,FORA DE,nome,,,D,diesel,26,LAND ROVER,DISCOVERY,automoveis
2016,35,LAND ROVER,DISCOVERY SPORT,FORA DE,nome,,,D,diesel,26,LAND ROVER,DISCOVERY,automoveis
2016,35,LAND ROVER,DISCOVERY SPORT,FORA DE,nome,,,D,diesel,26,LAND ROVER,DISCOVERY,automoveis
2016,35,LAND ROVER,DISCOVERY SPORT,FORA DE,nome,,,D,diesel,26,LAND ROVER,DISCOVERY,automoveis
2016,36,LAND ROVER,DISCOVERY SPORT,FORA DE,nome,,,D,diesel,26,LAND ROVER,DISCOVERY,automoveis
2016,36,LAND ROVER,DISCOVERY SPORT,FORA DE,nome,,,D,diesel,26,LAND ROVER,DISCOVERY,automoveis
2016,36,LAND ROVER,DISCOVERY SPORT,FORA DE,nome,,,D,diesel,26,LAND ROVER,DISCOVERY,automoveis
2016,36,LAND ROVER,EVOQUE,FORA DE,nome,,,D,diesel,26,LAND ROVER,EVOQUE,automoveis
2016,36,LAND ROVER,EVOQUE,FORA DE,nome,,,D,diesel,26,LAND ROVER,EVOQUE,automoveis
2016,36,LAND ROVER,EVOQUE,FORA DE,nome,,,G,gasolina,24,LAND ROVER,EVOQUE,automoveis
2016,36,LAND ROVER,EVOQUE,FORA DE,nome,,,G,gasolina,24,LAND ROVER,EVOQUE,automoveis
2016,36,LAND ROVER,EVOQUE,FORA DE,nome,,,G,gasolina,24,LAND ROVER,EVOQUE,automoveis
2016,36,LAND ROVER,EVOQUE,FORA DE,nome,,,G,gasolina,24,LAND ROVER,EVOQUE,automoveis
2016,36,LAND ROVER,EVOQUE BR,FORA DE,nome,,,G,gasolina,24,LAND ROVER,EVOQUE,automoveis
2016,36,LAND ROVER,EVOQUE BR,FORA DE,nome,,,G,gasolina,24,LAND ROVER,EVOQUE,automoveis
2016,36,LAND ROVER,EVOQUE BR,FORA DE,nome,,,G,gasolina,24,LAND ROVER,EVOQUE,automoveis
2016,36,LAND ROVER,EVOQUE BR,FORA DE,nome,,,G,gasolina,24,LAND ROVER,EVOQUE,automoveis
2016,36,LAND ROVER,EVOQUE,FORA DE,nome,,,D,diesel,26,LAND ROVER,EVOQUE,automoveis
2016,36,LAND ROVER,EVOQUE,FORA DE,nome,,,D,diesel,26,LAND ROVER,EVOQUE,automoveis
2016,36,LAND ROVER,RANGE ROVER,FORA DE,nome,,,D,diesel,26,LAND ROVER,RANGE ROVER,automoveis
2016,36,LAND ROVER,RANGE ROVER,FORA DE,nome,,,D,diesel,26,LAND ROVER,RANGE ROVER,automoveis
2016,36,LAND ROVER,RANGE ROVER,FORA DE V8 SC,nome,,,G,gasolina,24,LAND ROVER,RANGE ROVER,automoveis
2016,36,LAND ROVER,RANGE ROVER,FORA DE,nome,,,G,gasolina,24,LAND ROVER,RANGE ROVER,automoveis
2016,36,LAND ROVER,RANGE ROVER,FORA DE,nome,,,G,gasolina,24,LAND ROVER,RANGE ROVER,automoveis
2016,36,LAND ROVER,RANGE ROVER,FORA DE,nome,,,G,gasolina,24,LAND ROVER,RANGE ROVER,automoveis
2016,36,LAND ROVER,RANGE ROVER,FORA DE,nome,,,G,gasolina,24,LAND ROVER,RANGE ROVER,automoveis
2016,37,LAND ROVER,RANGE ROVER SPORT,FORA DE,nome,,,G,gasolina,24,LAND ROVER,RANGE ROVER,automoveis
2016,37,LAND ROVER,RANGE ROVER SPORT,FORA DE,nome,,,G,gasolina,24,LAND ROVER,RANGE ROVER,automoveis
2016,37,LAND ROVER,RANGE ROVER SPORT,FORA DE,nome,,,G,gasolina,24,LAND ROVER,RANGE ROVER,automoveis
2016,37,LAND ROVER,RANGE ROVER SPORT,FORA DE,nome,,,G,gasolina,24,LAND ROVER,RANGE ROVER,automoveis
2016,37,LAND ROVER,RANGE ROVER SPORT,FORA DE,nome,,,D,diesel,26,LAND ROVER,RANGE ROVER,automoveis
2016,37,LAND ROVER,RANGE ROVER SPORT,FORA DE,nome,,,D,diesel,26,LAND ROVER,RANGE ROVER,automoveis
2016,37,LAND ROVER,RANGE ROVER SPORT,FORA DE,nome,,,D,diesel,26,LAND ROVER,RANGE ROVER,automoveis
2016,37,LAND ROVER,RANGE ROVER SPORT,FORA DE,nome,,,D,diesel,26,LAND ROVER,RANGE ROVER,automoveis
2016,37,LAND ROVER,RANGE ROVER SPORT,FORA DE,nome,,,G,gasolina,24,LAND ROVER,RANGE ROVER,automoveis
2016,37,LAND ROVER,RANGE ROVER SPORT,FORA DE,nome,,,G,gasolina,24,LAND ROVER,RANGE ROVER,automoveis
2016,37,LAND ROVER,RANGE ROVER SPORT,FORA DE,nome,,,G,gasolina,24,LAND ROVER,RANGE ROVER,automoveis
2016,37,LAND ROVER,RANGE ROVER SPORT,FORA DE,nome,,,G,gasolina,24,LAND ROVER,RANGE ROVER,automoveis
2016,37,MERCEDES-BENZ,GLE 350D,FORA DE,nome,,,D,diesel,26,M.BENZ,GLE,automoveis
2016,37,MITSUBISHI,ASX,FORA DE,nome,,,G,gasolina,24,MITSUBISHI,ASX,automoveis
2016,37,MITSUBISHI,OUTLANDER,FORA DE,nome,,,D,diesel,26,MITSUBISHI,OUTLANDER,automoveis
2016,37,MITSUBISHI,NEW OUTLANDER,FORA DE,nome,,,G,gasolina,24,MITSUBISHI,OUTLANDER,automoveis
2016,37,MITSUBISHI,PAJERO 5 PORTAS,FORA DE,nome,,,G,gasolina,24,MITSUBISHI,PAJERO,automoveis
2016,37,RENAULT,DUSTER,FORA DE DYNAMIQUE,nome,,,F,flex,25,RENAULT,DUSTER,automoveis
2016,37,RENAULT,DUSTER (2017),FORA DE DYNAMIQUE,nome,,,F,flex,25,RENAULT,DUSTER,automoveis
2016,37,RENAULT,DUSTER (2017),FORA DE,nome,,,F,flex,25,RENAULT,DUSTER,automoveis
2016,37,SUZUKI,GRAND VITARA,FORA DE,nome,,,G,gasolina,24,SUZUKI,GVITARA,automoveis
2016,37,SUZUKI,GRAND VITARA,FORA DE,nome,,,G,gasolina,24,SUZUKI,GVITARA,automoveis
2016,38,SUZUKI,GRAND VITARA,FORA DE,nome,,,G,gasolina,24,SUZUKI,GVITARA,automoveis
2016,38,SUZUKI,GRAND VITARA,FORA DE,nome,,,G,gasolina,24,SUZUKI,GVITARA,automoveis
2016,38,SUZUKI,JIMNY 4X4,FORA DE,nome,,,G,gasolina,24,SUZUKI,JIMNY,automoveis
2016,38,SUZUKI,JIMNY 4X4,FORA DE,nome,,,G,gasolina,24,SUZUKI,JIMNY,automoveis
2016,38,SUZUKI,JIMNY 4X4,FORA DE,nome,,,G,gasolina,24,SUZUKI,JIMNY,automoveis
2016,38,SUZUKI,JIMNY 4X4,FORA DE,nome,,,G,gasolina,24,SUZUKI,JIMNY,automoveis
2016,38,TOYOTA,HILUX SW4 DIESEL 4X4,FORA DE,nome,,,D,diesel,26,TOYOTA,HILUX SW4,automoveis
2016,38,TOYOTA,HILUX SW4 DIESEL 4X4,FORA DE,nome,,,D,diesel,26,TOYOTA,HILUX SW4,comerciais_leves
2016,38,TOYOTA,HILUX SW4 DIESEL 4X4,FORA DE,nome,,,D,diesel,26,TOYOTA,HILUX SW4,automoveis
2016,38,TOYOTA,HILUX SW4 DIESEL 4X4,FORA DE,nome,,,D,diesel,26,TOYOTA,HILUX SW4,comerciais_leves
2016,38,TOYOTA,HILUX SW4 GASOLINA 4X4,FORA DE,nome,,,G,gasolina,24,TOYOTA,HILUX SW4,automoveis
2016,38,TOYOTA,HILUX SW4 GASOLINA 4X4,FORA DE,nome,,,G,gasolina,24,TOYOTA,HILUX SW4,comerciais_leves
2016,38,CHEVROLET,SPIN,ESTRADA,nome,,,F,flex,25,GM,SPIN,automoveis
2016,38,CHEVROLET,SPIN,,nome,,,F,flex,25,GM,SPIN,automoveis
2016,38,CHEVROLET,SPIN (2017),,nome,,,F,flex,25,GM,SPIN,automoveis
2016,38,CHEVROLET,SPIN (2017),,nome,,,F,flex,25,GM,SPIN,automoveis
2016,38,DODGE,JOURNEY,,nome,,,G,gasolina,24,DODGE,JOURNEY,automoveis
2016,38,FIAT,DOBLO,,nome,,,F,flex,25,FIAT,DOBLO,automoveis
2016,38,FIAT,DOBLO,,nome,,,F,flex,25,FIAT,DOBLO,comerciais_leves
2016,38,FIAT,DOBLO,,nome,,,F,flex,25,FIAT,DOBLO,automoveis
2016,38,FIAT,DOBLO,,nome,,,F,flex,25,FIAT,DOBLO,comerciais_leves
2016,38,FIAT,DOBLO (2017),,nome,,,F,flex,25,FIAT,DOBLO,automoveis
2016,38,FIAT,DOBLO (2017),,nome,,,F,flex,25,FIAT,DOBLO,comerciais_leves
2016,38,FIAT,FREEMONT,,nome,,,G,gasolina,24,FIAT,FREEMONT,automoveis
2016,38,FIAT,FREEMONT,,nome,,,G,gasolina,24,FIAT,FREEMONT,automoveis
2016,38,HYUNDAI,SANTA FE,,nome,,,G,gasolina,24,HYUNDAI,SANTAFE,automoveis
2016,38,JAC,J6,,nome,,,F,flex,25,JAC,J6,automoveis
2016,38,MERCEDES-BENZ,VITO TOURER 119,,nome,,,F,flex,25,M.BENZ,VITO,comerciais_leves
2016,38,CITROEN,JUMPER,"MINIBUS 2,3HDI",nome,,,D,diesel,26,CITROEN,JUMPER,comerciais_leves
2016,38,CITROEN,JUMPER,"FURGAO 2,3HDI",nome,,,D,diesel,26,CITROEN,JUMPER,comerciais_leves
2016,38,FIAT,DOBLO,35LH,nome,,,F,flex,25,FIAT,DOBLO,automoveis
2016,38,FIAT,DOBLO,35LH,nome,,,F,flex,25,FIAT,DOBLO,comerciais_leves
2016,39,FIAT,DOBLO,(CVT),nome,,,F,flex,25,FIAT,DOBLO,automoveis
2016,39,FIAT,DOBLO,(CVT),nome,,,F,flex,25,FIAT,DOBLO,comerciais_leves
2016,39,MERCEDES-BENZ,VITO 111 CDI,,nome,,,D,diesel,26,M.BENZ,VITO,comerciais_leves
2016,39,MERCEDES-BENZ,SPRINTER STREET 313,,nome,,,D,diesel,26,M.BENZ,SPRINTER,comerciais_leves
2016,39,PEUGEOT,BOXER,,nome,,,D,diesel,26,PEUGEOT,BOXER,comerciais_leves
2016,39,PEUGEOT,BOXER,,nome,,,D,diesel,26,PEUGEOT,BOXER,comerciais_leves
2016,39,RENAULT,KANGOO,,nome,,,F,flex,25,RENAULT,KANGOO,automoveis
2016,39,RENAULT,KANGOO,,nome,,,F,flex,25,RENAULT,KANGOO,comerciais_leves
2016,39,CHEVROLET,MONTANA,CARGA,nome,,,F,flex,25,GM,MONTANA,comerciais_leves
2016,39,CHEVROLET,MONTANA,CARGA,nome,,,F,flex,25,GM,MONTANA,comerciais_leves
2016,39,CHEVROLET,MONTANA (2017),CARGA,nome,,,F,flex,25,GM,MONTANA,comerciais_leves
2016,39,CHEVROLET,MONTANA (2017),CARGA,nome,,,F,flex,25,GM,MONTANA,comerciais_leves
2016,39,CHEVROLET,MONTANA (2017),CARGA,nome,,,F,flex,25,GM,MONTANA,comerciais_leves
2016,39,FIAT,FIORINO,CARGA,nome,,,F,flex,25,FIAT,FIORINO,comerciais_leves
2016,39,FIAT,FIORINO (2017),CARGA,nome,,,F,flex,25,FIAT,FIORINO,comerciais_leves
2016,39,FIAT,FIORINO (2017),CARGA,nome,,,F,flex,25,FIAT,FIORINO,comerciais_leves
2016,39,FIAT,NOVO UNO,CARGA,nome,,,F,flex,25,FIAT,UNO,automoveis
2016,39,FIAT,NOVO UNO,CARGA,nome,,,F,flex,25,FIAT,UNO,comerciais_leves
2016,39,FIAT,STRADA,CARGA,nome,,,F,flex,25,FIAT,STRADA,comerciais_leves
2016,39,FIAT,STRADA,CARGA,nome,,,F,flex,25,FIAT,STRADA,comerciais_leves
2016,39,FIAT,STRADA,CARGA,nome,,,F,flex,25,FIAT,STRADA,comerciais_leves
2016,39,VOLKSWAGEN,SAVEIRO CS,CARGA,nome,,,F,flex,25,VW,SAVEIRO,comerciais_leves
2016,39,VOLKSWAGEN,SAVEIRO CS,CARGA,nome,,,F,flex,25,VW,SAVEIRO,comerciais_leves
2016,39,VOLKSWAGEN,SAVEIRO CS,CARGA,nome,,,F,flex,25,VW,SAVEIRO,comerciais_leves
2016,39,VOLKSWAGEN,NOVA SAVEIRO CS,CARGA,nome,,,F,flex,25,VW,SAVEIRO,comerciais_leves
2016,39,VOLKSWAGEN,NOVA SAVEIRO CS,CARGA,nome,,,F,flex,25,VW,SAVEIRO,comerciais_leves
2016,39,VOLKSWAGEN,NOVA SAVEIRO CE,CARGA,nome,,,F,flex,25,VW,SAVEIRO,comerciais_leves
2016,40,VOLKSWAGEN,NOVA SAVEIRO CD,CARGA,nome,,,F,flex,25,VW,SAVEIRO,comerciais_leves
2016,40,VOLKSWAGEN,NOVA SAVEIRO CD,CARGA,nome,,,F,flex,25,VW,SAVEIRO,comerciais_leves
2016,40,VOLKSWAGEN,SAVEIRO CE (PNEUS ON ROAD),CARGA,nome,,,F,flex,25,VW,SAVEIRO,comerciais_leves
2016,40,VOLKSWAGEN,SAVEIRO CD (PNEUS ON ROAD),CARGA,nome,,,F,flex,25,VW,SAVEIRO,comerciais_leves
2016,40,CHEVROLET,S10,HIGH COUNTRY,nome,,,F,flex,25,GM,S10,comerciais_leves
2016,40,CHEVROLET,S10,HIGH COUNTRY,nome,,,F,flex,25,GM,S10,comerciais_leves
2016,40,CHEVROLET,S10,4X2,nome,,,F,flex,25,GM,S10,comerciais_leves
2016,40,CHEVROLET,S10,ADVANTAGE,nome,,,F,flex,25,GM,S10,comerciais_leves
2016,40,CHEVROLET,S10,4X2,nome,,,F,flex,25,GM,S10,comerciais_leves
2016,40,CHEVROLET,S10,,nome,,,F,flex,25,GM,S10,comerciais_leves
2016,40,CHEVROLET,S10,,nome,,,F,flex,25,GM,S10,comerciais_leves
2016,40,CHEVROLET,S10,ADVANTAGE,nome,,,F,flex,25,GM,S10,comerciais_leves
2016,40,CHEVROLET,S10,4X2,nome,,,F,flex,25,GM,S10,comerciais_leves
2016,40,CHEVROLET,S10,,nome,,,F,flex,25,GM,S10,comerciais_leves
2016,40,CHEVROLET,S10,,nome,,,F,flex,25,GM,S10,comerciais_leves
2016,40,CHEVROLET,S10,ADVANTAGE,nome,,,F,flex,25,GM,S10,comerciais_leves
2016,40,CHEVROLET,S10,LS CABINE,nome,,,F,flex,25,GM,S10,comerciais_leves
2016,40,CHEVROLET,S10 (2017),LS CABINE,nome,,,F,flex,25,GM,S10,comerciais_leves
2016,40,CHEVROLET,S10 (2017),LT CABINE,nome,,,F,flex,25,GM,S10,comerciais_leves
2016,40,CHEVROLET,S10 (2017),LTZ CABINE,nome,,,F,flex,25,GM,S10,comerciais_leves
2016,40,CHEVROLET,S10 (2017),LT CABINE,nome,,,F,flex,25,GM,S10,comerciais_leves
2016,40,CHEVROLET,S10 (2017),LTZ CABINE,nome,,,F,flex,25,GM,S10,comerciais_leves
2016,41,CHEVROLET,S10 (2017),LS CABINE,nome,,,F,flex,25,GM,S10,comerciais_leves
2016,41,CHEVROLET,S10 (2017),HIGH COUNTRY,nome,,,F,flex,25,GM,S10,comerciais_leves
2016,41,CHEVROLET,S10 (2017),HIGH COUNTRY,nome,,,F,flex,25,GM,S10,comerciais_leves
2016,41,CHEVROLET,S10 (2017),ADVANTAGE,nome,,,F,flex,25,GM,S10,comerciais_leves
2016,41,CHEVROLET,S10 DIESEL (2017),LS CABINE,nome,,,D,diesel,26,GM,S10,comerciais_leves
2016,41,CHEVROLET,S10 DIESEL (2017),LS CABINE,nome,,,D,diesel,26,GM,S10,comerciais_leves
2016,41,CHEVROLET,S10 DIESEL (2017),LS CABINE,nome,,,D,diesel,26,GM,S10,comerciais_leves
2016,41,CHEVROLET,S10 DIESEL (2017),LT CABINE,nome,,,D,diesel,26,GM,S10,comerciais_leves
2016,41,FIAT,TORO,DUPLA 4X4,nome,,,F,flex,25,FIAT,TORO,comerciais_leves
2016,41,FIAT,TORO,,nome,,,D,diesel,26,FIAT,TORO,comerciais_leves
2016,41,FIAT,TORO,,nome,,,D,diesel,26,FIAT,TORO,comerciais_leves
2016,41,FIAT,TORO,,nome,,,D,diesel,26,FIAT,TORO,comerciais_leves
2016,41,FIAT,TORO,,nome,,,F,flex,25,FIAT,TORO,comerciais_leves
2016,41,FORD,RANGER 4X4 C. DUPLA,,nome,,,D,diesel,26,FORD,RANGER,comerciais_leves
2016,41,FORD,RANGER 4X4 C. DUPLA,,nome,,,D,diesel,26,FORD,RANGER,comerciais_leves
2016,41,FORD,RANGER 4X4 C. DUPLA,,nome,,,D,diesel,26,FORD,RANGER,comerciais_leves
2016,41,FORD,RANGER 4X4 C. DUPLA,,nome,,,D,diesel,26,FORD,RANGER,comerciais_leves
2016,41,MITSUBISHI,L200 TRITON,,nome,,,F,flex,25,MITSUBISHI,L200,comerciais_leves
2016,41,MITSUBISHI,L200 TRITON,,nome,,,F,flex,25,MITSUBISHI,L200,comerciais_leves
2016,41,MITSUBISHI,L200 TRITON HPE,,nome,,,D,diesel,26,MITSUBISHI,L200,comerciais_leves
2016,41,MITSUBISHI,L200 TRITON HPE,,nome,,,D,diesel,26,MITSUBISHI,L200,comerciais_leves
2016,41,MITSUBISHI,L200 TRITON HPE,,nome,,,D,diesel,26,MITSUBISHI,L200,comerciais_leves
2016,41,MITSUBISHI,L200 TRITON SPORT,,nome,,,D,diesel,26,MITSUBISHI,L200,comerciais_leves
2016,41,MITSUBISHI,L200 TRITON SPORT,,nome,,,D,diesel,26,MITSUBISHI,L200,comerciais_leves
2016,41,MITSUBISHI,L200 TRITON SPORT,,nome,,,D,diesel,26,MITSUBISHI,L200,comerciais_leves
2016,42,RENAULT,OROCH,(CVT),nome,,,F,flex,25,RENAULT,OROCH,comerciais_leves
2016,42,RENAULT,OROCH,,nome,,,F,flex,25,RENAULT,OROCH,comerciais_leves
2016,42,RENAULT,OROCH,,nome,,,F,flex,25,RENAULT,OROCH,comerciais_leves
2016,42,RENAULT,OROCH,,nome,,,F,flex,25,RENAULT,OROCH,comerciais_leves
2016,42,RENAULT,OROCH,,nome,,,F,flex,25,RENAULT,OROCH,comerciais_leves
2016,42,RENAULT,OROCH (2017),,nome,,,F,flex,25,RENAULT,OROCH,comerciais_leves
2016,42,RENAULT,OROCH (2017),DYNAMIQUE,nome,,,F,flex,25,RENAULT,OROCH,comerciais_leves
2016,42,TOYOTA,HILUX 4X2,(4X2),nome,,,F,flex,25,TOYOTA,HILUX,comerciais_leves
2016,42,TOYOTA,HILUX 4X2,,nome,,,F,flex,25,TOYOTA,HILUX,comerciais_leves
2016,42,TOYOTA,HILUX 4X4,,nome,,,F,flex,25,TOYOTA,HILUX,comerciais_leves
2016,42,TOYOTA,HILUX 4X4,,nome,,,D,diesel,26,TOYOTA,HILUX,comerciais_leves
2016,42,TOYOTA,HILUX 4X4,,nome,,,D,diesel,26,TOYOTA,HILUX,comerciais_leves
2016,42,TOYOTA,HILUX 4X4,,nome,,,D,diesel,26,TOYOTA,HILUX,comerciais_leves
2016,42,TOYOTA,HILUX 4X4,,nome,,,D,diesel,26,TOYOTA,HILUX,comerciais_leves
2016,42,TOYOTA,HILUX 4X4,,nome,,,D,diesel,26,TOYOTA,HILUX,comerciais_leves
2016,42,TOYOTA,HILUX 4X4,,nome,,,D,diesel,26,TOYOTA,HILUX,comerciais_leves
2016,42,VOLKSWAGEN,AMAROK,,nome,,,D,diesel,26,VW,AMAROK,comerciais_leves
2016,42,VOLKSWAGEN,AMAROK,,nome,,,D,diesel,26,VW,AMAROK,comerciais_leves
2016,42,VOLKSWAGEN,AMAROK,,nome,,,D,diesel,26,VW,AMAROK,comerciais_leves
2016,42,VOLKSWAGEN,AMAROK,,nome,,,D,diesel,26,VW,AMAROK,comerciais_leves
2016,42,VOLKSWAGEN,AMAROK,,nome,,,D,diesel,26,VW,AMAROK,comerciais_leves
2016,42,AUDI,RS6 AVANT PLUS,,nome,,,G,gasolina,24,AUDI,RS6 AVANT,automoveis
2016,42,AUDI,R8 (2017),,nome,,,G,gasolina,24,AUDI,R8,automoveis
2016,42,AUDI,R8,,nome,,,G,gasolina,24,AUDI,R8,automoveis
2016,42,AUDI,TT,,nome,,,G,gasolina,24,AUDI,TT,automoveis
2016,42,AUDI,TT,ROADSTER,nome,,,G,gasolina,24,AUDI,TT,automoveis
2016,42,AUDI,TTS,(230CV),nome,,,G,gasolina,24,AUDI,TTS,automoveis
2016,42,AUDI,TTS,ROADSTER,nome,,,G,gasolina,24,AUDI,TTS,automoveis
2016,42,BMW,428I,(286CV),nome,,,G,gasolina,24,BMW,428I,automoveis
2016,42,BMW,430I,,nome,,,G,gasolina,24,BMW,430I,automoveis
2016,42,BMW,430I,,nome,,,G,gasolina,24,BMW,430I,automoveis
2016,42,BMW,M235I,,nome,,,G,gasolina,24,BMW,M235I,automoveis
2016,42,BMW,M4,,nome,,,G,gasolina,24,BMW,M4,automoveis
2016,43,BMW,M4,(CVT),nome,,,G,gasolina,24,BMW,M4,automoveis
2016,43,BMW,Z4,,nome,,,G,gasolina,24,BMW,Z4,automoveis
2016,43,CHEVROLET,CAMARO,2SS,nome,,,G,gasolina,24,GM,CAMARO,automoveis
2016,43,CHEVROLET,CAMARO,CONVERSIVEL,nome,,,G,gasolina,24,GM,CAMARO,automoveis
2016,43,CHEVROLET,CAMARO (2017),,nome,,,G,gasolina,24,GM,CAMARO,automoveis
2016,43,CHEVROLET,CAMARO (2017),,nome,,,G,gasolina,24,GM,CAMARO,automoveis
2016,43,CHEVROLET,CAMARO (2017),2SS,nome,,,G,gasolina,24,GM,CAMARO,automoveis
2016,43,FERRARI,458,CONVERSIVEL,nome,,,G,gasolina,24,FERRARI,458,automoveis
2016,43,JAGUAR,F-TYPE,,nome,,,G,gasolina,24,JAGUAR,F-TYPE,automoveis
2016,43,JAGUAR,F-TYPE,,nome,,,G,gasolina,24,JAGUAR,F-TYPE,automoveis
2016,43,JAGUAR,F-TYPE,,nome,,,G,gasolina,24,JAGUAR,F-TYPE,automoveis
2016,43,JAGUAR,F-TYPE,,nome,,,G,gasolina,24,JAGUAR,F-TYPE,automoveis
2016,43,MERCEDES-BENZ,AMG GT,,nome,,,G,gasolina,24,M.BENZ,AMG GT,automoveis
2016,43,MERCEDES-BENZ,AMG GT S,,nome,,,G,gasolina,24,M.BENZ,AMG GT,automoveis
2016,43,MERCEDES-BENZ,E250,,nome,,,G,gasolina,24,M.BENZ,CLASSE E,automoveis
2016,43,MERCEDES-BENZ,E250,,nome,,,G,gasolina,24,M.BENZ,CLASSE E,automoveis
2016,43,MERCEDES-BENZ,SLC 300,,nome,,,G,gasolina,24,M.BENZ,SLC 300,automoveis
2016,43,MERCEDES-BENZ,SLK 300,,nome,,,G,gasolina,24,M.BENZ,SLK,automoveis
2016,43,MERCEDES-BENZ,SL 400,,nome,,,G,gasolina,24,M.BENZ,SL,automoveis
2016,43,MINI,COOPER,,nome,,,G,gasolina,24,MINI,COOPER,automoveis
2016,43,MINI,COOPER,,nome,,,G,gasolina,24,MINI,COOPER,automoveis
2016,43,PORSCHE,911,,nome,,,G,gasolina,24,PORSCHE,911,automoveis
2016,43,PORSCHE,911,CARRERA,nome,,,G,gasolina,24,PORSCHE,911,automoveis
2016,43,PORSCHE,911,CABRIOLET,nome,,,G,gasolina,24,PORSCHE,911,automoveis
2016,43,PORSCHE,911,CARRERA 4S,nome,,,G,gasolina,24,PORSCHE,911,automoveis
2016,43,PORSCHE,911,CABRIOLET,nome,,,G,gasolina,24,PORSCHE,911,automoveis
2016,44,PORSCHE,911,CARRERA S,nome,,,G,gasolina,24,PORSCHE,911,automoveis
2016,44,PORSCHE,911,CABRIOLET,nome,,,G,gasolina,24,PORSCHE,911,automoveis
2016,44,PORSCHE,911,,nome,,,G,gasolina,24,PORSCHE,911,automoveis
2016,44,PORSCHE,911,,nome,,,G,gasolina,24,PORSCHE,911,automoveis
2016,44,PORSCHE,BOXSTER,,nome,,,G,gasolina,24,PORSCHE,BOXSTER,automoveis
2016,44,PORSCHE,BOXSTER,,nome,,,G,gasolina,24,PORSCHE,BOXSTER,automoveis
2016,44,PORSCHE,BOXSTER,,nome,,,G,gasolina,24,PORSCHE,BOXSTER,automoveis
2016,44,PORSCHE,BOXSTER,,nome,,,G,gasolina,24,PORSCHE,BOXSTER,automoveis
2016,44,PORSCHE,BOXSTER,,nome,,,G,gasolina,24,PORSCHE,BOXSTER,automoveis
2016,44,PORSCHE,CAYMAN,,nome,,,G,gasolina,24,PORSCHE,CAYMAN,automoveis
2016,44,PORSCHE,CAYMAN,,nome,,,G,gasolina,24,PORSCHE,CAYMAN,automoveis
2016,44,PORSCHE,CAYMAN,,nome,,,G,gasolina,24,PORSCHE,CAYMAN,automoveis
2016,44,PORSCHE,CAYMAN,,nome,,,G,gasolina,24,PORSCHE,CAYMAN,automoveis
2016,44,PORSCHE,CAYMAN,,nome,,,G,gasolina,24,PORSCHE,CAYMAN,automoveis
2016,44,PORSCHE,CAYMAN,,nome,,,G,gasolina,24,PORSCHE,CAYMAN,automoveis
2016,44,PORSCHE,PANAMERA,,nome,,,G,gasolina,24,PORSCHE,PANAMERA,automoveis
2016,44,PORSCHE,PANAMERA,,nome,,,G,gasolina,24,PORSCHE,PANAMERA,automoveis
2016,44,PORSCHE,PANAMERA,,nome,,,G,gasolina,24,PORSCHE,PANAMERA,automoveis
2016,44,PORSCHE,PANAMERA,,nome,,,G,gasolina,24,PORSCHE,PANAMERA,automoveis
2016,44,PORSCHE,PANAMERA,,nome,,,G,gasolina,24,PORSCHE,PANAMERA,automoveis
2016,44,VOLKSWAGEN,FUSCA,,nome,,,G,gasolina,24,VW,FUSCA,automoveis
2017,1,KIA,PICANTO EX4/LX4,MICRO,nome,,,F,flex,25,KIA,PICANTO,automoveis
2017,1,KIA,PICANTO EX4/ LX4,MICRO,nome,,,F,flex,25,KIA,PICANTO,automoveis
2017,1,CHERY,NEW QQ,MICRO 1.0 SMILE,nome,,,G,gasolina,24,CHERY,QQ,automoveis
2017,1,CHERY,NEW QQ,MICRO 1.0 SMILE,nome,,,G,gasolina,24,CAOA CHERY,QQ,automoveis
2017,1,FIAT,500 CULT,MICRO,nome,,,F,flex,25,FIAT,500,automoveis
2017,1,FIAT,500 CULT CABRIO DUALOGIC,MICRO,nome,,,F,flex,25,FIAT,500,automoveis
2017,1,FIAT,500 CULT DUALOGIC,MICRO,nome,,,F,flex,25,FIAT,500,automoveis
2017,1,FIAT,500 ABARTH,MICRO,nome,,,G,gasolina,24,FIAT,500,automoveis
2017,1,FIAT,MOBI EASY,MICRO,nome,,,F,flex,25,FIAT,MOBI,automoveis
2017,1,FIAT,MOBI EASY ON,MICRO,nome,,,F,flex,25,FIAT,MOBI,automoveis
2017,1,FIAT,MOBI LIKE,MICRO,nome,,,F,flex,25,FIAT,MOBI,automoveis
2017,1,FIAT,MOBI LIKE ON,MICRO,nome,,,F,flex,25,FIAT,MOBI,automoveis
2017,1,FIAT,MOBI WAY,MICRO,nome,,,F,flex,25,FIAT,MOBI,automoveis
2017,1,FIAT,MOBI WAY ON,MICRO,nome,,,F,flex,25,FIAT,MOBI,automoveis
2017,1,KIA,PICANTO EX5/ LX5,MICRO,nome,,,F,flex,25,KIA,PICANTO,automoveis
2017,1,KIA,PICANTO EX5/ LX5,MICRO,nome,,,F,flex,25,KIA,PICANTO,automoveis
2017,2,VW,UP! TAKE / RUN / HIGH,(CVT),nome,,,F,flex,25,VW,UP,automoveis
2017,2,VW,UP! RUN / HIGH,,nome,,,F,flex,25,VW,UP,automoveis
2017,2,VW,UP! CROSS,,nome,,,F,flex,25,VW,UP,automoveis
2017,2,VW,UP!,CROSS,nome,,,F,flex,25,VW,UP,automoveis
2017,2,VW,UP! TSI,MOVE / HIGH / BLACK / RED / WHITE /,nome,,,F,flex,25,VW,UP,automoveis
2017,2,VW,UP! TSI CROSS,SPEED,nome,,,F,flex,25,VW,UP,automoveis
2017,2,VW,UP! TRACK,,nome,,,F,flex,25,VW,UP,automoveis
2017,2,FIAT,PALIO FIRE EVO,,nome,,,F,flex,25,FIAT,PALIO,automoveis
2017,2,FIAT,PALIO FIRE WAY,,nome,,,F,flex,25,FIAT,PALIO,automoveis
2017,2,FIAT,NOVO UNO ATTRACTIVE,,nome,,,F,flex,25,FIAT,UNO,automoveis
2017,2,FIAT,NOVO UNO ATTRACTIVE,,nome,,,F,flex,25,FIAT,UNO,comerciais_leves
2017,2,FIAT,NOVO UNO WAY,,nome,,,F,flex,25,FIAT,UNO,automoveis
2017,2,FIAT,NOVO UNO WAY,,nome,,,F,flex,25,FIAT,UNO,comerciais_leves
2017,2,FIAT,NOVO UNO SPORTING,,nome,,,F,flex,25,FIAT,UNO,automoveis
2017,2,FIAT,NOVO UNO SPORTING,,nome,,,F,flex,25,FIAT,UNO,comerciais_leves
2017,2,FIAT,NOVO UNO SPORTING DUALOGIC,,nome,,,F,flex,25,FIAT,UNO,automoveis
2017,2,FIAT,NOVO UNO SPORTING DUALOGIC,,nome,,,F,flex,25,FIAT,UNO,comerciais_leves
2017,3,NISSAN,NEW MARCH 10 CONFORTO / 10 S / 10 SV,(CVT),nome,,,F,flex,25,NISSAN,MARCH,automoveis
2017,3,NISSAN,NEW MARCH 16 S / 16 SV / 16 SL,,nome,,,F,flex,25,NISSAN,MARCH,automoveis
2017,3,NISSAN,NEW MARCH 16 SV / 16 SL,,nome,,,F,flex,25,NISSAN,MARCH,automoveis
2017,3,CITROEN,C3,ORIGINE / ATTRACTION / TENDANCE / M,nome,,,F,flex,25,CITROEN,C3,automoveis
2017,3,CITROEN,C3 A EXCLUSIVE / A TENDANCE / A STYLE,STYLE,nome,,,F,flex,25,CITROEN,C3,automoveis
2017,3,PEUGEOT,208 ACTIVE MT / ACT PACK MT / ALLURE MT,,nome,,,F,flex,25,PEUGEOT,208,automoveis
2017,3,PEUGEOT,208 GT,1.6 THP,nome,,,F,flex,25,PEUGEOT,208,automoveis
2017,3,PEUGEOT,208 SPORT MT / GRIFFE MT,16V FLEX,nome,,,F,flex,25,PEUGEOT,208,automoveis
2017,3,PEUGEOT,208 ALLURE AT / GRIFFE AT,,nome,,,F,flex,25,PEUGEOT,208,automoveis
2017,3,HYUNDAI,HB20 COMFORT / PLUS / STYLE,,nome,,,F,flex,25,HYUNDAI,HB20,automoveis
2017,3,HYUNDAI,HB20 PLUS / STYLE / PREMIUM / R SPEC,,nome,,,F,flex,25,HYUNDAI,HB20,automoveis
2017,3,HYUNDAI,HB20 PLUS / STYLE / PREMIUM / R SPEC,,nome,,,F,flex,25,HYUNDAI,HB20,automoveis
2017,3,HYUNDAI,HB20 PLUS / STYLE,1.0-12V,nome,,,F,flex,25,HYUNDAI,HB20,automoveis
2017,3,CHEVROLET,,NOVO ONIX,linha_acima,,,F,flex,25,GM,ONIX,automoveis
2017,3,CHEVROLET,10MT JOYE,ONIX JOY,linha_acima,,,F,flex,25,GM,ONIX,automoveis
2017,3,CHEVROLET,,NOVO ONIX,linha_acima,,,F,flex,25,GM,ONIX,automoveis
2017,3,CHEVROLET,,NOVO ONIX,linha_acima,,,F,flex,25,GM,ONIX,automoveis
2017,3,CHEVROLET,,NOVO ONIX,linha_acima,,,F,flex,25,GM,ONIX,automoveis
2017,3,CHEVROLET,,NOVO ONIX,linha_acima,,,F,flex,25,GM,ONIX,automoveis
2017,4,VW,GOL,CITY /,nome,,,F,flex,25,VW,GOL,automoveis
2017,4,VW,GOL,CITY /,nome,,,F,flex,25,VW,GOL,comerciais_leves
2017,4,VW,GOL COMFORTLINE / TRACK,TRENDLINE,nome,,,F,flex,25,VW,GOL,automoveis
2017,4,VW,GOL COMFORTLINE / TRACK,TRENDLINE,nome,,,F,flex,25,VW,GOL,comerciais_leves
2017,4,VW,GOL,TRENDLINE,nome,,,F,flex,25,VW,GOL,automoveis
2017,4,VW,GOL,TRENDLINE,nome,,,F,flex,25,VW,GOL,comerciais_leves
2017,4,VW,GOL / HIGHLINE,"COMFORTLINE (RODAS ARO 15"")",nome,,,F,flex,25,VW,GOL,automoveis
2017,4,VW,GOL / HIGHLINE,"COMFORTLINE (RODAS ARO 15"")",nome,,,F,flex,25,VW,GOL,comerciais_leves
2017,4,VW,GOL,"COMFORTLINE (RODAS ARO 16"")",nome,,,F,flex,25,VW,GOL,automoveis
2017,4,VW,GOL,"COMFORTLINE (RODAS ARO 16"")",nome,,,F,flex,25,VW,GOL,comerciais_leves
2017,4,VW,GOL,"COMFORTLINE (RODAS ARO 15"") (I-MOTION)",nome,,,F,flex,25,VW,GOL,automoveis
2017,4,VW,GOL,"COMFORTLINE (RODAS ARO 15"") (I-MOTION)",nome,,,F,flex,25,VW,GOL,comerciais_leves
2017,4,VW,GOL,"COMFORTLINE (RODAS ARO 16"") (I-MOTION)",nome,,,F,flex,25,VW,GOL,automoveis
2017,4,VW,GOL,"COMFORTLINE (RODAS ARO 16"") (I-MOTION)",nome,,,F,flex,25,VW,GOL,comerciais_leves
2017,4,VW,FOX TRENDLINE / COMFORTLINE / TRACK,"/ HIGHLINE (RODAS ARO 16"") (I-MOTION)",nome,,,F,flex,25,VW,FOX/CROSS FOX,automoveis
2017,4,VW,"FOX COMFORTLINE (RODAS ARO 15"") /","TRENDLINE (RODAS ARO 15"") /",nome,,,F,flex,25,VW,FOX/CROSS FOX,automoveis
2017,4,VW,FOX COMFORTLINE (I-MOTION),"RUN (RODAS ARO 15"")",nome,,,F,flex,25,VW,FOX/CROSS FOX,automoveis
2017,4,VW,FOX,"HIGHLINE (RODAS ARO 15"")",nome,,,F,flex,25,VW,FOX/CROSS FOX,automoveis
2017,4,VW,FOX,"HIGHLINE (RODAS ARO 16"")",nome,,,F,flex,25,VW,FOX/CROSS FOX,automoveis
2017,4,VW,FOX,"HIGHLINE (RODAS ARO 15"") (I-MOTION)",nome,,,F,flex,25,VW,FOX/CROSS FOX,automoveis
2017,4,VW,FOX,"HIGHLINE (RODAS ARO 16"") (I-MOTION)",nome,,,F,flex,25,VW,FOX/CROSS FOX,automoveis
2017,4,MINI,COOPER -,"/ PEPPER (RODAS ARO 16"") (I-MOTION)",nome,,,G,gasolina,24,MINI,COOPER,automoveis
2017,5,RENAULT,SANDERO AUTHENTIQUE / EXPRESSION,(CVT),nome,,,F,flex,25,RENAULT,SANDERO,automoveis
2017,5,RENAULT,SANDERO DYNAMIQUE / EXPRESSION,,nome,,,F,flex,25,RENAULT,SANDERO,automoveis
2017,5,RENAULT,SANDERO EXPRESSION / DYNAMIQUE,,nome,,,F,flex,25,RENAULT,SANDERO,automoveis
2017,5,RENAULT,SANDERO GT LINE,,nome,,,F,flex,25,RENAULT,SANDERO,automoveis
2017,5,FORD,SE GTDI / SEL GTDI / TITANIUM GTDI,NEW FIESTA,linha_acima,,,G,gasolina,24,FORD,NEW FIESTA,automoveis
2017,5,FORD,SE / SEL / TITANIUM,NEW FIESTA,linha_acima,,,F,flex,25,FORD,NEW FIESTA,automoveis
2017,5,FORD,SE / SEL / TITANIUM,NEW FIESTA,linha_acima,,,F,flex,25,FORD,NEW FIESTA,automoveis
2017,5,FORD,KA (5 PORTAS) SE,HATCH,nome,,,F,flex,25,FORD,KA,automoveis
2017,5,FORD,KA (5 PORTAS) SEL,,nome,,,F,flex,25,FORD,KA,automoveis
2017,5,FORD,KA (5 PORTAS) SE / SEL,,nome,,,F,flex,25,FORD,KA,automoveis
2017,5,FIAT,NOVO PALIO ATTRACTIVE,,nome,,,F,flex,25,FIAT,PALIO,automoveis
2017,5,FIAT,NOVO PALIO ESSENCE,,nome,,,F,flex,25,FIAT,PALIO,automoveis
2017,5,FIAT,NOVO PALIO SPORTING,,nome,,,F,flex,25,FIAT,PALIO,automoveis
2017,5,FIAT,NOVO PALIO SPORTING DUALOGIC,,nome,,,F,flex,25,FIAT,PALIO,automoveis
2017,5,FIAT,PUNTO ATTRACTIVE,,nome,,,F,flex,25,FIAT,PUNTO,automoveis
2017,5,FIAT,PUNTO ESSENCE,,nome,,,F,flex,25,FIAT,PUNTO,automoveis
2017,5,FIAT,PUNTO BLACKMOTION,,nome,,,F,flex,25,FIAT,PUNTO,automoveis
2017,5,FIAT,PUNTO BLACKMOTION DUALOGIC,,nome,,,F,flex,25,FIAT,PUNTO,automoveis
2017,5,FIAT,NOVO PALIO ATTRACTIVE,,nome,,,F,flex,25,FIAT,PALIO,automoveis
2017,5,FORD,KA HATCH (2019) S / SE / SE PLUS,,nome,,,F,flex,25,FORD,KA,automoveis
2017,5,FORD,KA HATCH (2019) SE / SE PLUS,,nome,,,F,flex,25,FORD,KA,automoveis
2017,5,FORD,KA HATCH (2019) SE / SE PLUS,,nome,,,F,flex,25,FORD,KA,automoveis
2017,5,FORD,KA HATCH (2019) TITANIUM,,nome,,,F,flex,25,FORD,KA,automoveis
2017,5,HYUNDAI,HB20 COMFORT / PLUS / STYLE,,nome,,,F,flex,25,HYUNDAI,HB20,automoveis
2017,5,HYUNDAI,HB20 PLUS / STYLE,,nome,,,F,flex,25,HYUNDAI,HB20,automoveis
2017,5,HYUNDAI,HB20 PLUS / STYLE,,nome,,,F,flex,25,HYUNDAI,HB20,automoveis
2017,5,HYUNDAI,HB20 PLUS / STYLE,1.0-12V,nome,,,F,flex,25,HYUNDAI,HB20,automoveis
2017,6,NISSAN,NEW VERSA 10 CONFORTO / 10 S,(CVT),nome,,,F,flex,25,NISSAN,VERSA,automoveis
2017,6,NISSAN,NEW VERSA 16 S / 16 SV / 16 SL,,nome,,,F,flex,25,NISSAN,VERSA,automoveis
2017,6,NISSAN,NEW VERSA 16 SV / 16 SL / 16 UNIQUE,,nome,,,F,flex,25,NISSAN,VERSA,automoveis
2017,6,PEUGEOT,308 GRIFFE THP,1.6 THP,nome,,,F,flex,25,PEUGEOT,308,automoveis
2017,6,PEUGEOT,308 ALLURE MT,16V FLEX,nome,,,F,flex,25,PEUGEOT,308,automoveis
2017,6,HYUNDAI,HB20S (2017) PLUS / STYLE,,nome,,,F,flex,25,HYUNDAI,HB20S,automoveis
2017,6,HYUNDAI,HB20S (2017) PLUS / STYLE,,nome,,,F,flex,25,HYUNDAI,HB20S,automoveis
2017,6,HYUNDAI,HB20S PLUS / STYLE / PREMIUM,,nome,,,F,flex,25,HYUNDAI,HB20S,automoveis
2017,6,HYUNDAI,HB20S PLUS / STYLE,1.0-12V,nome,,,F,flex,25,HYUNDAI,HB20S,automoveis
2017,6,TOYOTA,ETIOS SEDA X / XS / XLS / PLATINUM,TURBO,nome,,,F,flex,25,TOYOTA,ETIOS SEDAN,automoveis
2017,6,TOYOTA,ETIOS SEDA X / XS / XLS / PLATINUM,,nome,,,F,flex,25,TOYOTA,ETIOS SEDAN,automoveis
2017,6,TOYOTA,PRIUS NGA / NGA TOP,,nome,,,G,gasolina,24,TOYOTA,PRIUS,automoveis
2017,6,LEXUS,CT200H CT200H / F SPORT,,nome,,,G,gasolina,24,LEXUS,CT200H,automoveis
2017,7,CHEVROLET,,NOVO PRISMA,linha_acima,,,F,flex,25,GM,PRISMA,automoveis
2017,7,CHEVROLET,,COBALT (MY,linha_acima,,,F,flex,25,GM,COBALT,automoveis
2017,7,CHEVROLET,,COBALT (MY,linha_acima,,,F,flex,25,GM,COBALT,automoveis
2017,7,CHEVROLET,,COBALT (MY,linha_acima,,,F,flex,25,GM,COBALT,automoveis
2017,7,CHEVROLET,,NOVO PRISMA,linha_acima,,,F,flex,25,GM,PRISMA,automoveis
2017,7,CHEVROLET,,NOVO PRISMA,linha_acima,,,F,flex,25,GM,PRISMA,automoveis
2017,7,CHEVROLET,10MT JOYE,PRISMA JOY,linha_acima,,,F,flex,25,GM,PRISMA,automoveis
2017,7,CHEVROLET,SPIN (MY17),(MY17),nome,,,F,flex,25,GM,SPIN,automoveis
2017,7,CHEVROLET,SPIN (MY17),,nome,,,F,flex,25,GM,SPIN,automoveis
2017,7,CHEVROLET,SPIN (MY17),,nome,,,F,flex,25,GM,SPIN,automoveis
2017,7,CHEVROLET,SPIN (MY17),,nome,,,F,flex,25,GM,SPIN,automoveis
2017,7,CHEVROLET,SPIN (MY17),,nome,,,F,flex,25,GM,SPIN,automoveis
2017,8,VW,VOYAGE,CITY /,nome,,,F,flex,25,VW,VOYAGE,automoveis
2017,8,VW,VOYAGE COMFORTLINE,TRENDLINE,nome,,,F,flex,25,VW,VOYAGE,automoveis
2017,8,VW,VOYAGE,TRENDLINE,nome,,,F,flex,25,VW,VOYAGE,automoveis
2017,8,VW,VOYAGE,"COMFORTLINE (RODAS ARO 15"")",nome,,,F,flex,25,VW,VOYAGE,automoveis
2017,8,VW,VOYAGE,"COMFORTLINE (RODAS ARO 16"")",nome,,,F,flex,25,VW,VOYAGE,automoveis
2017,8,VW,VOYAGE,"COMFORTLINE (RODAS ARO 15"") (I-MOTION)",nome,,,F,flex,25,VW,VOYAGE,automoveis
2017,8,VW,VOYAGE,"COMFORTLINE (RODAS ARO 16"") (I-MOTION)",nome,,,F,flex,25,VW,VOYAGE,automoveis
2017,8,VW,SPACEFOX TRENDLINE / COMFORTLINE,"/ HIGHLINE (RODAS ARO 16"") (I-MOTION)",nome,,,F,flex,25,VW,SPACE FOX,automoveis
2017,8,VW,SPACEFOX,TRENDLINE (I-MOTION),nome,,,F,flex,25,VW,SPACE FOX,automoveis
2017,8,VW,"SPACEFOX HIGHLINE (RODAS ARO 15"")",/ COMFORTLINE (I-MOTION),nome,,,F,flex,25,VW,SPACE FOX,automoveis
2017,8,VW,"SPACEFOX HIGHLINE (RODAS ARO 16"")",,nome,,,F,flex,25,VW,SPACE FOX,automoveis
2017,8,VW,"SPACEFOX HIGHLINE (RODAS ARO 15"") (I-MOTION)",,nome,,,F,flex,25,VW,SPACE FOX,automoveis
2017,8,VW,"SPACEFOX HIGHLINE (RODAS ARO 16"") (I-MOTION)",,nome,,,F,flex,25,VW,SPACE FOX,automoveis
2017,8,VW,GOLF TSI COMFORTLINE,,nome,,,F,flex,25,VW,GOLF,automoveis
2017,8,VW,GOLF COMFORTLINE,,nome,,,F,flex,25,VW,GOLF,automoveis
2017,8,VW,GOLF COMFORTLINE,,nome,,,F,flex,25,VW,GOLF,automoveis
2017,8,VW,GOLF TSI HIGHLINE,,nome,,,F,flex,25,VW,GOLF,automoveis
2017,8,VW,GOLF TSI HIGHLINE,,nome,,,F,flex,25,VW,GOLF,automoveis
2017,8,VW,GOLF GTI,,nome,,,G,gasolina,24,VW,GOLF,automoveis
2017,9,MERCEDES-BENZ,A250 SPORT,,nome,,,G,gasolina,24,M.BENZ,A250,automoveis
2017,9,BMW,220I CAT ACTIVEFLEX,,nome,,,F,flex,25,BMW,220I,automoveis
2017,9,MINI,COOPER S CLUBMAN,,nome,,,G,gasolina,24,MINI,COOPER,automoveis
2017,9,HONDA,CITY DX,,nome,,,F,flex,25,HONDA,CITY,automoveis
2017,9,HONDA,CITY LX / EX / EXL,,nome,,,F,flex,25,HONDA,CITY,automoveis
2017,9,VOLVO,V40,CC T4 KINETIC/ CC T4 MOMENTUM/ T4,nome,,,G,gasolina,24,VOLVO,V40,automoveis
2017,9,VOLVO,V40 MOMENTUM/T4 R-DESIGN/ T4,T4 INSCRIPTION/ T4 KINETIC/T4,nome,,,G,gasolina,24,VOLVO,V40,automoveis
2017,9,VOLVO,V40 T5 KINETIC/,2.0 T5 COMFORT/ 2.0 T5 DYNAMIC/2.0,nome,,,G,gasolina,24,VOLVO,V40,automoveis
2017,9,CHERY,CELER,1.5 HB FL,nome,,,F,flex,25,CHERY,CELER,automoveis
2017,9,RENAULT,LOGAN AUTHENTIQUE / EXPRESSION,1.5 SD FL,nome,,,F,flex,25,RENAULT,LOGAN,automoveis
2017,9,RENAULT,LOGAN DYNAMIQUE / EXPRESSION,,nome,,,F,flex,25,RENAULT,LOGAN,automoveis
2017,9,RENAULT,LOGAN DYNAMIQUE / EXPRESSION,,nome,,,F,flex,25,RENAULT,LOGAN,automoveis
2017,9,AUDI,A1 SPORTBACK ATTRACTION,,nome,,,G,gasolina,24,AUDI,A1,automoveis
2017,9,AUDI,A1 SPORTBACK AMBITION,,nome,,,G,gasolina,24,AUDI,A1,automoveis
2017,9,AUDI,A3 SPORTBACK ATTRACTION / AMBIENTE,,nome,,,G,gasolina,24,AUDI,A3,automoveis
2017,9,AUDI,RS3 SPORTBACK -,,nome,,,G,gasolina,24,AUDI,RS3,automoveis
2017,10,FORD,SEL / TITANIUM,NEW FIESTA,linha_acima,,,F,flex,25,FORD,NEW FIESTA,automoveis
2017,10,FORD,SEL / TITANIUM,NEW FIESTA,linha_acima,,,F,flex,25,FORD,NEW FIESTA,automoveis
2017,10,FORD,KA+ (4 PORTAS) SE / SEL,SEDAN,nome,,,F,flex,25,FORD,KA SEDAN,automoveis
2017,10,FORD,KA+ (4 PORTAS) SE / SEL,,nome,,,F,flex,25,FORD,KA SEDAN,automoveis
2017,10,FIAT,GRAND SIENA ATTRACTIVE,,nome,,,F,flex,25,FIAT,SIENA,automoveis
2017,10,FIAT,GRAND SIENA ESSENCE DUALOGIC,,nome,,,F,flex,25,FIAT,SIENA,automoveis
2017,10,FIAT,GRAND SIENA ESSENCE,,nome,,,F,flex,25,FIAT,SIENA,automoveis
2017,10,FIAT,WEEKEND ATTRACTIVE,,nome,,,F,flex,25,FIAT,WEEKEND,automoveis
2017,10,FIAT,DOBLO ESSENCE,,nome,,,F,flex,25,FIAT,DOBLO,automoveis
2017,10,FIAT,DOBLO ESSENCE,,nome,,,F,flex,25,FIAT,DOBLO,comerciais_leves
2017,10,FIAT,GRAND SIENA ATTRACTIVE,,nome,,,F,flex,25,FIAT,SIENA,automoveis
2017,10,FORD,SE / SE PLUS,KA SEDAN,linha_acima,,,F,flex,25,FORD,KA SEDAN,automoveis
2017,10,FORD,SE / SE PLUS / SEL,KA SEDAN,linha_acima,,,F,flex,25,FORD,KA SEDAN,automoveis
2017,10,FORD,SE / SE PLUS,KA SEDAN,linha_acima,,,F,flex,25,FORD,KA SEDAN,automoveis
2017,10,FORD,TITANIUM,KA SEDAN,linha_acima,,,F,flex,25,FORD,KA SEDAN,automoveis
2017,10,HYUNDAI,HB20S PLUS / STYLE,(2019),nome,,,F,flex,25,HYUNDAI,HB20S,automoveis
2017,10,HYUNDAI,HB20S PLUS / STYLE,,nome,,,F,flex,25,HYUNDAI,HB20S,automoveis
2017,10,HYUNDAI,HB20S PLUS / STYLE / PREMIUM,,nome,,,F,flex,25,HYUNDAI,HB20S,automoveis
2017,10,HYUNDAI,HB20S PLUS / STYLE,1.0-12V,nome,,,F,flex,25,HYUNDAI,HB20S,automoveis
2017,10,KIA,RIO EX / LX,TURBO,nome,,,F,flex,25,KIA,RIO,automoveis
2017,10,KIA,RIO EX / LX,,nome,,,F,flex,25,KIA,RIO,automoveis
2017,10,MERCEDES-BENZ,A250 SPORT,,nome,,,G,gasolina,24,M.BENZ,A250,automoveis
2017,11,NISSAN,NOVO SENTRA 20 S / 20 SV / 20 SL,(CVT),nome,,,F,flex,25,NISSAN,SENTRA,automoveis
2017,11,CITROEN,C4 LOUNGE,THP A ORIGINE / THP A TENDANCE / 1.6 THP,nome,,,F,flex,25,CITROEN,C4L,automoveis
2017,11,CITROEN,C4 LOUNGE THP,1.6 THP,nome,,,F,flex,25,CITROEN,C4L,automoveis
2017,11,CITROEN,DS5 BE CHIC / SO CHIC,1.6 THP,nome,,,G,gasolina,24,CITROEN,DS5,automoveis
2017,11,PEUGEOT,3008 GRIFFE,1.6 THP,nome,,,G,gasolina,24,PEUGEOT,3008,automoveis
2017,11,KIA,CERATO FF EX4/ LX4/ SX4 ATNB,16V,nome,,,F,flex,25,KIA,CERATO,automoveis
2017,11,TOYOTA,COROLLA GLI,,nome,,,F,flex,25,TOYOTA,COROLLA,automoveis
2017,11,TOYOTA,COROLLA GLI,,nome,,,F,flex,25,TOYOTA,COROLLA,automoveis
2017,11,TOYOTA,COROLLA ALTIS / XEI / DYMAMIC,,nome,,,F,flex,25,TOYOTA,COROLLA,automoveis
2017,11,VW,GOLF VARIANT,COMFORTLINE /,nome,,,F,flex,25,VW,GOLF VARIANT,automoveis
2017,11,VW,JETTA TRENDLINE,HIGHLINE,nome,,,G,gasolina,24,VW,JETTA,automoveis
2017,11,VW,JETTA TRENDLINE / COMFORTLINE,,nome,,,G,gasolina,24,VW,JETTA,automoveis
2017,11,VW,JETTA HIGHLINE,,nome,,,G,gasolina,24,VW,JETTA,automoveis
2017,12,MERCEDES-BENZ,CLA200 FF,(CVT),nome,,,F,flex,25,M.BENZ,CLA200,automoveis
2017,12,MERCEDES-BENZ,,CLA250,linha_acima,,,G,gasolina,24,M.BENZ,CLA250,automoveis
2017,12,MERCEDES-BENZ,GLA250 4M SPORT,4MATIC,nome,,,G,gasolina,24,M.BENZ,CLASSE GLA,automoveis
2017,12,MERCEDES-BENZ,GLA200 FF BR,4M,nome,,,F,flex,25,M.BENZ,CLASSE GLA,automoveis
2017,12,MERCEDES-BENZ,GLA250 BR,,nome,,,G,gasolina,24,M.BENZ,CLASSE GLA,automoveis
2017,12,MERCEDES-BENZ,GLA200 FF BR STYLE,,nome,,,F,flex,25,M.BENZ,CLASSE GLA,automoveis
2017,12,BMW,320I ACTIVEFLEX,,nome,,,F,flex,25,BMW,320I,automoveis
2017,12,BMW,430I GRAN COUPE,,nome,,,G,gasolina,24,BMW,430I,automoveis
2017,12,BMW,X1 SDRIVE20I ACTIVEFLEX,,nome,,,F,flex,25,BMW,X1,automoveis
2017,12,BMW,X1 XDRIVE25I ACTIVEFLEX,,nome,,,F,flex,25,BMW,X1,automoveis
2017,12,HONDA,CIVIC EX / EX-L / SPORT,,nome,,,F,flex,25,HONDA,CIVIC,automoveis
2017,12,HONDA,CIVIC TOURING,,nome,,,G,gasolina,24,HONDA,CIVIC,automoveis
2017,12,HONDA,CR-V EXL FLEX4WD,,nome,,,F,flex,25,HONDA,CRV,automoveis
2017,12,HYUNDAI,ELANTRA,2.0L -,nome,,,F,flex,25,HYUNDAI,ELANTRA,automoveis
2017,12,SUBARU,WRX,16V,nome,,,G,gasolina,24,SUBARU,WRX,automoveis
2017,12,MITSUBISHI,LANCER GT,,nome,,,G,gasolina,24,MITSUBISHI,LANCER,automoveis
2017,12,MITSUBISHI,LANCER -,,nome,,,G,gasolina,24,MITSUBISHI,LANCER,automoveis
2017,12,MITSUBISHI,LANCER HLE,,nome,,,G,gasolina,24,MITSUBISHI,LANCER,automoveis
2017,12,MITSUBISHI,LANCER HL,,nome,,,G,gasolina,24,MITSUBISHI,LANCER,automoveis
2017,12,RENAULT,FLUENCE DYNAMIQUE / EXPRESSION / PRIVILEGE,,nome,,,F,flex,25,RENAULT,FLUENCE,automoveis
2017,12,RENAULT,FLUENCE DYNAMIQUE / EXPRESSION / PRIVILEGE,,nome,,,F,flex,25,RENAULT,FLUENCE,automoveis
2017,12,RENAULT,FLUENCE GT LINE,,nome,,,F,flex,25,RENAULT,FLUENCE,automoveis
2017,12,RENAULT,FLUENCE DYNAMIQUE PLUS,,nome,,,F,flex,25,RENAULT,FLUENCE,automoveis
2017,13,AUDI,A3 SEDAN ATTRACTION/AMBIENTE,(CVT),nome,,,F,flex,25,AUDI,A3 SEDAN,automoveis
2017,13,AUDI,A3 SEDAN AMBITION,,nome,,,G,gasolina,24,AUDI,A3 SEDAN,automoveis
2017,13,AUDI,Q3 ATTRACTION / AMBIENTE,,nome,,,G,gasolina,24,AUDI,Q3,automoveis
2017,13,AUDI,Q3 (NACIONAL) ATTRACTION / AMBIENTE,,nome,,,G,gasolina,24,AUDI,Q3,automoveis
2017,13,AUDI,Q3 AMBIENTE / AMBITION,,nome,,,G,gasolina,24,AUDI,Q3,automoveis
2017,13,FORD,FOCUS HATCH SE,,nome,,,F,flex,25,FORD,FOCUS,automoveis
2017,13,FORD,FOCUS HATCH SE,,nome,,,F,flex,25,FORD,FOCUS,automoveis
2017,13,FORD,FOCUS HATCH SE / TITANIUM,,nome,,,F,flex,25,FORD,FOCUS,automoveis
2017,13,FORD,FOCUS FASTBACK SE / TITANIUM,,nome,,,F,flex,25,FORD,FOCUS,automoveis
2017,13,SUBARU,WRX,,nome,,,G,gasolina,24,SUBARU,WRX,automoveis
2017,13,SUBARU,WRX STI,,nome,,,G,gasolina,24,SUBARU,WRX,automoveis
2017,13,HYUNDAI,ELANTRA,,nome,,,F,flex,25,HYUNDAI,ELANTRA,automoveis
2017,13,HYUNDAI,ELANTRA B,,nome,,,F,flex,25,HYUNDAI,ELANTRA,automoveis
2017,13,KIA,CERATO FF EX4/ LX4/ SX4 ATNB,,nome,,,F,flex,25,KIA,CERATO,automoveis
2017,13,MERCEDES-BENZ,CLA200 FF,4M,nome,,,F,flex,25,M.BENZ,CLA200,automoveis
2017,13,MERCEDES-BENZ,,CLA250,linha_acima,,,G,gasolina,24,M.BENZ,CLA250,automoveis
2017,13,MERCEDES-BENZ,GLA200 FF,4MATIC,nome,,,F,flex,25,M.BENZ,CLASSE GLA,automoveis
2017,13,MERCEDES-BENZ,GLA200 FF STYLE,,nome,,,F,flex,25,M.BENZ,CLASSE GLA,automoveis
2017,13,MERCEDES-BENZ,GLA250,,nome,,,G,gasolina,24,M.BENZ,CLASSE GLA,automoveis
2017,13,MERCEDES-BENZ,CLA180,,nome,,,G,gasolina,24,M.BENZ,CLA180,automoveis
2017,14,PEUGEOT,408 GRIFFE THP,1.6 THP,nome,,,F,flex,25,PEUGEOT,408,automoveis
2017,14,KIA,CADENZA EX,16V FLEX,nome,,,G,gasolina,24,KIA,CADENZA,automoveis
2017,14,KIA,OPTIMA EX3,,nome,,,G,gasolina,24,KIA,OPTIMA,automoveis
2017,14,TOYOTA,CAMRY XLE,,nome,,,G,gasolina,24,TOYOTA,CAMRY,automoveis
2017,14,VW,PASSAT COMFORTLINE / HIGHLINE,,nome,,,G,gasolina,24,VW,PASSAT,automoveis
2017,14,VW,CC,,nome,,,G,gasolina,24,VW,CC,automoveis
2017,14,VW,TOUAREG V6,,nome,,,G,gasolina,24,VW,TOUAREG,automoveis
2017,14,VW,TOUAREG V8,,nome,,,G,gasolina,24,VW,TOUAREG,automoveis
2017,14,MERCEDES-BENZ,C180 ESTATE,,nome,,,G,gasolina,24,M.BENZ,C180,automoveis
2017,14,MERCEDES-BENZ,E250 EXCLUSIVE,,nome,,,G,gasolina,24,M.BENZ,CLASSE E,automoveis
2017,14,MERCEDES-BENZ,E250 AVANTGARDE,,nome,,,G,gasolina,24,M.BENZ,CLASSE E,automoveis
2017,14,MERCEDES-BENZ,C180 FF BR,,nome,,,F,flex,25,M.BENZ,C180,automoveis
2017,14,MERCEDES-BENZ,C200 BR,,nome,,,G,gasolina,24,M.BENZ,CLASSE C,automoveis
2017,14,MERCEDES-BENZ,C250 BR,,nome,,,G,gasolina,24,M.BENZ,C 250,automoveis
2017,15,MERCEDES-BENZ,C300,(CVT),nome,,,G,gasolina,24,M.BENZ,CLASSE C,automoveis
2017,15,BMW,M3 SEDAN,,nome,,,G,gasolina,24,BMW,M3 SEDAN,automoveis
2017,15,HONDA,ACCORD EX V6,,nome,,,G,gasolina,24,HONDA,ACCORD,automoveis
2017,15,HYUNDAI,AZERA,3.0L -,nome,,,G,gasolina,24,HYUNDAI,AZERA,automoveis
2017,15,SUBARU,LEGACY,,nome,,,G,gasolina,24,SUBARU,LEGACY,automoveis
2017,15,VOLVO,S60,T4 INSCRIPTION/ T4 KINETIC/ T4,nome,,,G,gasolina,24,VOLVO,S60,automoveis
2017,15,VOLVO,S60 T4 MOMENTUM/ T4 R-DESIGN,MOMENTUM,nome,,,G,gasolina,24,VOLVO,S60,automoveis
2017,15,VOLVO,S60,2.0 T6 INSCRIPTION/ 2.0 T6 KINETIC/ 2.0,nome,,,G,gasolina,24,VOLVO,S60,automoveis
2017,15,VOLVO,V60,T4 INSCRIPTION/ T4 KINETIC/ T4,nome,,,G,gasolina,24,VOLVO,V60,automoveis
2017,15,VOLVO,V60 T4 MOMENTUM/ T4 R-DESIGN,MOMENTUM,nome,,,G,gasolina,24,VOLVO,V60,automoveis
2017,15,VOLVO,V60,2.0 T6 INSCRIPTION/ 2.0 T6 KINETIC/ 2.0,nome,,,G,gasolina,24,VOLVO,V60,automoveis
2017,15,JAGUAR,XE,2.0L - 16,nome,,,G,gasolina,24,JAGUAR,XE,automoveis
2017,15,JAGUAR,XE S,3.0L - 24,nome,,,G,gasolina,24,JAGUAR,XE,automoveis
2017,15,JAGUAR,XJ,3.0L -24,nome,,,G,gasolina,24,JAGUAR,XJ,automoveis
2017,15,JAGUAR,XF,2.0T PRESTIG/ 2.0T PURE TC/ 2.0T 2.0L - 16,nome,,,G,gasolina,24,JAGUAR,XF,automoveis
2017,15,JAGUAR,XF V6 PORTFOLIO,3.0L - 24,nome,,,G,gasolina,24,JAGUAR,XF,automoveis
2017,15,JAGUAR,XF V6 380CV S,3.0L - 24,nome,,,G,gasolina,24,JAGUAR,XF,automoveis
2017,16,AUDI,A4 SEDAN ATTRACTION / AMBIENTE,(CVT),nome,,,G,gasolina,24,AUDI,A4,automoveis
2017,16,AUDI,A4 SEDAN AMBITION,,nome,,,G,gasolina,24,AUDI,A4,automoveis
2017,16,AUDI,A4 AVANT ATTRACTION / AMBIENTE,,nome,,,G,gasolina,24,AUDI,A4 AVANT,automoveis
2017,16,AUDI,A5 SPORTBACK ATTRACTION / AMBIENTE,,nome,,,G,gasolina,24,AUDI,A5,automoveis
2017,16,AUDI,A5 SPORTBACK ATTRACTION/AMBIENTE,,nome,,,G,gasolina,24,AUDI,A5,automoveis
2017,16,AUDI,A5 COUPE AMBITION,,nome,,,G,gasolina,24,AUDI,A5,automoveis
2017,16,AUDI,A5 CABRIOLET AMBITION,,nome,,,G,gasolina,24,AUDI,A5,automoveis
2017,16,AUDI,A6 SEDAN ATTRACTION,,nome,,,G,gasolina,24,AUDI,A6,automoveis
2017,16,AUDI,A6 SEDAN AMBIENTE,,nome,,,G,gasolina,24,AUDI,A6,automoveis
2017,16,AUDI,A6 ALLROAD ALLROAD,,nome,,,G,gasolina,24,AUDI,A6 ALLROAD,automoveis
2017,16,AUDI,S6 SEDAN -,,nome,,,G,gasolina,24,AUDI,S6,automoveis
2017,16,AUDI,Q5 ATTRACTION / AMBIENTE,,nome,,,G,gasolina,24,AUDI,Q5,automoveis
2017,16,AUDI,Q5 AMBITION,,nome,,,G,gasolina,24,AUDI,Q5,automoveis
2017,16,AUDI,Q7 -,,nome,,,G,gasolina,24,AUDI,Q7,automoveis
2017,17,FORD,FUSION FWD SEL / FWD TITANIUM,(CVT),nome,,,G,gasolina,24,FORD,FUSION,automoveis
2017,17,FORD,FUSION FWD SEL / FWD TITANIUM,(CVT),nome,,,G,gasolina,24,FORD,FUSION,comerciais_leves
2017,17,FORD,FUSION AWD TITANIUM,,nome,,,G,gasolina,24,FORD,FUSION,automoveis
2017,17,FORD,FUSION AWD TITANIUM,,nome,,,G,gasolina,24,FORD,FUSION,comerciais_leves
2017,17,FORD,FUSION FLEX SE,,nome,,,F,flex,25,FORD,FUSION,automoveis
2017,17,FORD,FUSION FLEX SE,,nome,,,F,flex,25,FORD,FUSION,comerciais_leves
2017,17,FORD,FUSION HYBRID,,nome,,HYBRID,G,hev,16,FORD,FUSION,automoveis
2017,17,FORD,FUSION HYBRID,,nome,,HYBRID,G,hev,16,FORD,FUSION,comerciais_leves
2017,17,FORD,EDGE AWD TITANIUM,,nome,,,G,gasolina,24,FORD,EDGE,automoveis
2017,17,FORD,FUSION FLEX SE,,nome,,,F,flex,25,FORD,FUSION,automoveis
2017,17,FORD,FUSION FLEX SE,,nome,,,F,flex,25,FORD,FUSION,comerciais_leves
2017,17,FORD,FUSION HYBRID,,nome,,HYBRID,G,hev,16,FORD,FUSION,automoveis
2017,17,FORD,FUSION HYBRID,,nome,,HYBRID,G,hev,16,FORD,FUSION,comerciais_leves
2017,17,FORD,EDGE AWD TITANIUM,,nome,,,G,gasolina,24,FORD,EDGE,automoveis
2017,17,HYUNDAI,AZERA V6 GDI,,nome,,,G,gasolina,24,HYUNDAI,AZERA,automoveis
2017,17,HYUNDAI,AZERA,,nome,,,G,gasolina,24,HYUNDAI,AZERA,automoveis
2017,18,KIA,CADENZA EX / LX GDI,(CVT),nome,,,G,gasolina,24,KIA,CADENZA,automoveis
2017,18,KIA,OPTIMA EX3 / LX3,,nome,,,G,gasolina,24,KIA,OPTIMA,automoveis
2017,18,MERCEDES-BENZ,C180 COUPE,4MATIC+,nome,,,G,gasolina,24,M.BENZ,C180,automoveis
2017,18,MERCEDES-BENZ,C180 FF,,nome,,,F,flex,25,M.BENZ,C180,automoveis
2017,18,MERCEDES-BENZ,C250,,nome,,,G,gasolina,24,M.BENZ,C 250,automoveis
2017,18,MERCEDES-BENZ,C300 ESTATE,,nome,,,G,gasolina,24,M.BENZ,CLASSE C,automoveis
2017,18,MERCEDES-BENZ,C300,,nome,,,G,gasolina,24,M.BENZ,CLASSE C,automoveis
2017,18,MERCEDES-BENZ,E250 AVANTGARDE,S500,nome,,,G,gasolina,24,M.BENZ,CLASSE E,automoveis
2017,18,MERCEDES-BENZ,E250 EXCLUSIVE,,nome,,,G,gasolina,24,M.BENZ,CLASSE E,automoveis
2017,19,JAGUAR,XE P380 S,EXTRA GRANDE MASERATI QUATTROPORTE 4.0-32V A-8 ND ND ND \ 0 \ \,nome,,,G,gasolina,24,JAGUAR,XE,automoveis
2017,19,FORD,EDGE ST GTDI,,nome,,,G,gasolina,24,FORD,EDGE,automoveis
2017,19,AUDI,RS4 AVANT -,,nome,,,G,gasolina,24,AUDI,RS4 AVANT,automoveis
2017,19,AUDI,A6 SEDAN -,,nome,,,G,gasolina,24,AUDI,A6,automoveis
2017,20,NISSAN,KICKS 16 SL,UTILITARIO,nome,,,F,flex,25,NISSAN,KICKS,automoveis
2017,20,CITROEN,AIRCROSS A SHINE / A FEEL / A LIVE,UTILITARIO,nome,,,F,flex,25,CITROEN,AIRCROSS,automoveis
2017,20,CITROEN,AIRCROSS M FEEL,UTILITARIO,nome,,,F,flex,25,CITROEN,AIRCROSS,automoveis
2017,20,CITROEN,AIRCROSS M START / M LIVE,UTILITARIO,nome,,,F,flex,25,CITROEN,AIRCROSS,automoveis
2017,20,PEUGEOT,2008 ALLURE AT / GRIFFE AT,UTILITARIO,nome,,,F,flex,25,PEUGEOT,2008,automoveis
2017,20,PEUGEOT,2008 ALLURE MT / GRIFFE MT,UTILITARIO,nome,,,F,flex,25,PEUGEOT,2008,automoveis
2017,20,PEUGEOT,2008 GRIFFE THP,1.6 THP,nome,,,F,flex,25,PEUGEOT,2008,automoveis
2017,20,KIA,NEW SOUL EX/LX,UTILITARIO,nome,,,F,flex,25,KIA,SOUL,automoveis
2017,20,HYUNDAI,HB20X STYLE,UTILITARIO,nome,,,F,flex,25,HYUNDAI,HB20,automoveis
2017,20,HYUNDAI,HB20X STYLE / PREMIUM,UTILITARIO,nome,,,F,flex,25,HYUNDAI,HB20,automoveis
2017,20,CHEVROLET,LT / LTZ,NOVA TRACKER,linha_acima,,,F,flex,25,GM,TRACKER,automoveis
2017,21,VW,CROSSFOX,UTILITARIO,nome,,,F,flex,25,VW,FOX/CROSS FOX,automoveis
2017,21,VW,CROSSFOX (I-MOTION),UTILITARIO,nome,,,F,flex,25,VW,FOX/CROSS FOX,automoveis
2017,21,VW,SPACECROSS,UTILITARIO,nome,,,F,flex,25,VW,SPACECROSS,automoveis
2017,21,VW,SPACECROSS,UTILITARIO,nome,,,F,flex,25,VW,SPACECROSS,automoveis
2017,21,HONDA,HR-V LX,UTILITARIO,nome,,,F,flex,25,HONDA,HR-V,automoveis
2017,21,HONDA,HR-V LX / EX / EXL,UTILITARIO,nome,,,F,flex,25,HONDA,HR-V,automoveis
2017,21,HONDA,HR-V EX,UTILITARIO,nome,,,F,flex,25,HONDA,HR-V,automoveis
2017,21,HYUNDAI,TUCSON GLSB,2.0L -,nome,,,F,flex,25,HYUNDAI,TUCSON,automoveis
2017,21,MITSUBISHI,ASX 4X2,UTILITARIO,nome,,,G,gasolina,24,MITSUBISHI,ASX,automoveis
2017,21,MITSUBISHI,ASX 4X4,UTILITARIO,nome,,,G,gasolina,24,MITSUBISHI,ASX,automoveis
2017,21,MITSUBISHI,ASX 4X2,UTILITARIO,nome,,,G,gasolina,24,MITSUBISHI,ASX,automoveis
2017,22,SUZUKI,VITARA 4ALL,UTILITARIO,nome,,,G,gasolina,24,SUZUKI,VITARA,automoveis
2017,22,SUZUKI,VITARA 4ALL,UTILITARIO,nome,,,G,gasolina,24,SUZUKI,VITARA,automoveis
2017,22,SUZUKI,VITARA 4YOU,UTILITARIO,nome,,,G,gasolina,24,SUZUKI,VITARA,automoveis
2017,22,SUZUKI,VITARA 4YOU ALLGRIP,UTILITARIO,nome,,,G,gasolina,24,SUZUKI,VITARA,automoveis
2017,22,SUZUKI,VITARA 4SPORT,UTILITARIO,nome,,,G,gasolina,24,SUZUKI,VITARA,automoveis
2017,22,SUZUKI,VITARA 4SPORT ALLGRIP,UTILITARIO,nome,,,G,gasolina,24,SUZUKI,VITARA,automoveis
2017,22,JAC,T5,UTILITARIO,nome,,,F,flex,25,JAC,T5,automoveis
2017,22,JAC,T5,UTILITARIO,nome,,,F,flex,25,JAC,T5,automoveis
2017,23,RENAULT,STEPWAY,SANDERO,linha_acima,,,F,flex,25,RENAULT,SANDERO,automoveis
2017,23,FORD,ECOSPORT SE / FREESTYLE,UTILITARIO,nome,,,F,flex,25,FORD,ECOSPORT,automoveis
2017,23,FORD,ECOSPORT TITANIUM,UTILITARIO,nome,,,F,flex,25,FORD,ECOSPORT,automoveis
2017,23,FORD,ECOSPORT FREESTYLE,UTILITARIO,nome,,,F,flex,25,FORD,ECOSPORT,automoveis
2017,23,FORD,ECOSPORT SE / FREESTYLE,UTILITARIO,nome,,,F,flex,25,FORD,ECOSPORT,automoveis
2017,23,JEEP,RENEGADE SPORT / LONGITUDE,UTILITARIO,nome,,,D,diesel,26,JEEP,RENEGADE,automoveis
2017,23,JEEP,RENEGADE,UTILITARIO,nome,,,F,flex,25,JEEP,RENEGADE,automoveis
2017,23,JEEP,RENEGADE SPORT / LONGITUDE / LIMITED,UTILITARIO,nome,,,F,flex,25,JEEP,RENEGADE,automoveis
2017,23,FIAT,NOVO UNO WAY,UTILITARIO,nome,,,F,flex,25,FIAT,UNO,automoveis
2017,23,FIAT,NOVO UNO WAY,UTILITARIO,nome,,,F,flex,25,FIAT,UNO,comerciais_leves
2017,23,FIAT,NOVO UNO WAY DUALOGIC,UTILITARIO,nome,,,F,flex,25,FIAT,UNO,automoveis
2017,23,FIAT,NOVO UNO WAY DUALOGIC,UTILITARIO,nome,,,F,flex,25,FIAT,UNO,comerciais_leves
2017,23,FIAT,WEEKEND ADVENTURE,UTILITARIO,nome,,,F,flex,25,FIAT,WEEKEND,automoveis
2017,23,FIAT,WEEKEND ADVENTURE DUALOGIC,UTILITARIO,nome,,,F,flex,25,FIAT,WEEKEND,automoveis
2017,23,FIAT,DOBLO ADVENTURE,UTILITARIO,nome,,,F,flex,25,FIAT,DOBLO,automoveis
2017,23,FIAT,DOBLO ADVENTURE,UTILITARIO,nome,,,F,flex,25,FIAT,DOBLO,comerciais_leves
2017,24,FORD,KA (5 PORTAS) FREESTYLE,UTILITARIO,nome,,,F,flex,25,FORD,KA,automoveis
2017,24,FORD,KA (5 PORTAS) FREESTYLE,UTILITARIO,nome,,,F,flex,25,FORD,KA,automoveis
2017,24,FORD,ECOSPORT STORM 4WD,UTILITARIO,nome,,,F,flex,25,FORD,ECOSPORT,automoveis
2017,24,HYUNDAI,HB20X STYLE,UTILITARIO,nome,,,F,flex,25,HYUNDAI,HB20,automoveis
2017,24,HYUNDAI,HB20X STYLE / PREMIUM,UTILITARIO,nome,,,F,flex,25,HYUNDAI,HB20,automoveis
2017,24,HYUNDAI,CRETA ATTITUDE / PULSE,UTILITARIO,nome,,,F,flex,25,HYUNDAI,CRETA,automoveis
2017,24,HYUNDAI,CRETA ATTITUDE / PULSE / SMART,UTILITARIO,nome,,,F,flex,25,HYUNDAI,CRETA,automoveis
2017,24,HYUNDAI,CRETA PULSE / PRESTIGE / SPORT,UTILITARIO,nome,,,F,flex,25,HYUNDAI,CRETA,automoveis
2017,24,HYUNDAI,TUCSON GLSB,UTILITARIO,nome,,,F,flex,25,HYUNDAI,TUCSON,automoveis
2017,24,KIA,NEW SOUL EX2 / LX2,UTILITARIO,nome,,,F,flex,25,KIA,SOUL,automoveis
2017,24,JAC,T40,UTILITARIO,nome,,,G,gasolina,24,JAC,T40,automoveis
2017,25,KIA,SORENTO EX3,UTILITARIO,nome,,,G,gasolina,24,KIA,SORENTO,automoveis
2017,25,KIA,MOHAVE EX,UTILITARIO,nome,,,D,diesel,26,KIA,MOHAVE,automoveis
2017,25,KIA,SPORTAGE EX2/ LX2 FFG3,UTILITARIO,nome,,,F,flex,25,KIA,SPORTAGE,automoveis
2017,25,KIA,SPORTAGE EX2/ LX2 FFG4,UTILITARIO,nome,,,F,flex,25,KIA,SPORTAGE,automoveis
2017,25,TOYOTA,SW4 FLEX 4X2 SR,UTILITARIO,nome,,,F,flex,25,TOYOTA,HILUX SW4,automoveis
2017,25,TOYOTA,SW4 FLEX 4X2 SR,UTILITARIO,nome,,,F,flex,25,TOYOTA,HILUX SW4,comerciais_leves
2017,25,TOYOTA,SW4 FLEX 4X2 SR 5S / SR 7S,UTILITARIO,nome,,,F,flex,25,TOYOTA,HILUX SW4,automoveis
2017,25,TOYOTA,SW4 FLEX 4X2 SR 5S / SR 7S,UTILITARIO,nome,,,F,flex,25,TOYOTA,HILUX SW4,comerciais_leves
2017,25,TOYOTA,RAV4 4X2,UTILITARIO,nome,,,G,gasolina,24,TOYOTA,RAV4,automoveis
2017,25,TOYOTA,RAV4 4X4 4X4,UTILITARIO,nome,,,G,gasolina,24,TOYOTA,RAV4,automoveis
2017,25,TOYOTA,RAV4 4X4 4X4,UTILITARIO,nome,,,G,gasolina,24,TOYOTA,RAV4,automoveis
2017,25,CHEVROLET,LTZ GASOLINA 4X4,TRAILBLAZER,linha_acima,,,G,gasolina,24,GM,TRAILBLAZER,automoveis
2017,26,VW,TIGUAN,UTILITARIO,nome,,,G,gasolina,24,VW,TIGUAN,automoveis
2017,26,VW,TIGUAN,UTILITARIO,nome,,,G,gasolina,24,VW,TIGUAN,automoveis
2017,26,MERCEDES-BENZ,GLC 250 4M,UTILITARIO,nome,,,G,gasolina,24,M.BENZ,GLC,automoveis
2017,26,MERCEDES-BENZ,GLE 400 COUPE,UTILITARIO,nome,,,G,gasolina,24,M.BENZ,GLE,automoveis
2017,27,BMW,X4 XDRIVE35I,UTILITARIO,nome,,,G,gasolina,24,BMW,X4,automoveis
2017,27,BMW,X6 M,UTILITARIO,nome,,,G,gasolina,24,BMW,X6,automoveis
2017,27,BMW,X6 XDRIVE35I,UTILITARIO,nome,,,G,gasolina,24,BMW,X6,automoveis
2017,27,HYUNDAI,SANTA FE V6 5 / V6 7,3.3L -,nome,,,G,gasolina,24,HYUNDAI,SANTAFE,automoveis
2017,27,HYUNDAI,IX35 GLS,2.0L -,nome,,,F,flex,25,HYUNDAI,IX35,automoveis
2017,27,HYUNDAI,TUCSON TURBO GL,1.6L -,nome,,,G,gasolina,24,HYUNDAI,TUCSON,automoveis
2017,27,HYUNDAI,TUCSON TURBO GLS,1.6L -,nome,,,G,gasolina,24,HYUNDAI,TUCSON,automoveis
2017,27,SUBARU,FORESTER L / S,UTILITARIO,nome,,,G,gasolina,24,SUBARU,FORESTER,automoveis
2017,27,SUBARU,FORESTER XT,UTILITARIO,nome,,,G,gasolina,24,SUBARU,FORESTER,automoveis
2017,27,MITSUBISHI,OUTLANDER 4X2,UTILITARIO,nome,,,G,gasolina,24,MITSUBISHI,OUTLANDER,automoveis
2017,28,VOLVO,XC90,D5 INSCRIPTION/ D5 KINETIC/ D5,nome,,,D,diesel,26,VOLVO,XC90,automoveis
2017,28,VOLVO,XC90,T8 EXCELLENCE/T8 INSCRIPTION/T8,nome,,,G,gasolina,24,VOLVO,XC90,automoveis
2017,28,VOLVO,XC90,2.0 T6 INSCRIPTION/ 2.0 T6 KINETIC/ 2.0,nome,,,G,gasolina,24,VOLVO,XC90,automoveis
2017,28,VOLVO,XC60,2.0 T5 COMFORT/ 2.0 T5 DYNAMIC/2.0,nome,,,G,gasolina,24,VOLVO,XC60,automoveis
2017,28,VOLVO,XC60,UTILITARIO,nome,,,G,gasolina,24,VOLVO,XC60,automoveis
2017,28,VOLVO,XC60,D5 INSCRIPTION/ D5 KINETIC/D5,nome,,,D,diesel,26,VOLVO,XC60,automoveis
2017,29,PORSCHE,CAYENNE V6,UTILITARIO,nome,,,G,gasolina,24,PORSCHE,CAYENNE,automoveis
2017,29,PORSCHE,CAYENNE S E-HY,UTILITARIO,nome,,,G,gasolina,24,PORSCHE,CAYENNE,automoveis
2017,29,PORSCHE,CAYENNE GTS,UTILITARIO,nome,,,G,gasolina,24,PORSCHE,CAYENNE,automoveis
2017,29,PORSCHE,CAYENNE TURBO,UTILITARIO,nome,,,G,gasolina,24,PORSCHE,CAYENNE,automoveis
2017,29,PORSCHE,CAYENNE TURBO S,UTILITARIO,nome,,,G,gasolina,24,PORSCHE,CAYENNE,automoveis
2017,29,PORSCHE,MACAN ***,UTILITARIO,nome,,,G,gasolina,24,PORSCHE,MACAN,automoveis
2017,29,PORSCHE,MACAN S,UTILITARIO,nome,,,G,gasolina,24,PORSCHE,MACAN,automoveis
2017,29,PORSCHE,MACAN GTS,UTILITARIO,nome,,,G,gasolina,24,PORSCHE,MACAN,automoveis
2017,29,PORSCHE,MACAN TURBO,UTILITARIO,nome,,,G,gasolina,24,PORSCHE,MACAN,automoveis
2017,29,RENAULT,DUSTER DYNAMIQUE (4X2),UTILITARIO,nome,,,F,flex,25,RENAULT,DUSTER,automoveis
2017,29,RENAULT,DUSTER DYNAMIQUE (4X2),UTILITARIO,nome,,,F,flex,25,RENAULT,DUSTER,automoveis
2017,29,RENAULT,DUSTER DYNAMIQUE (4X4),UTILITARIO,nome,,,F,flex,25,RENAULT,DUSTER,automoveis
2017,29,RENAULT,DUSTER DAKAR (4X2A),UTILITARIO,nome,,,F,flex,25,RENAULT,DUSTER,automoveis
2017,29,RENAULT,DUSTER DAKAR (4X4),UTILITARIO,nome,,,F,flex,25,RENAULT,DUSTER,automoveis
2017,30,JEEP,COMPASS SPORT / LONGITUDE,UTILITARIO,nome,,,F,flex,25,JEEP,COMPASS,automoveis
2017,30,JEEP,CHEROKEE LIMITED,UTILITARIO,nome,,,G,gasolina,24,JEEP,CHEROKEE,automoveis
2017,30,HYUNDAI,SANTA FE V6 5 / V6 7,UTILITARIO,nome,,,G,gasolina,24,HYUNDAI,SANTAFE,automoveis
2017,30,HYUNDAI,"IX35 GLS (RODA ARO 18"")",UTILITARIO,nome,,,F,flex,25,HYUNDAI,IX35,automoveis
2017,30,HYUNDAI,"IX35 (RODA ARO 17"")",UTILITARIO,nome,,,F,flex,25,HYUNDAI,IX35,automoveis
2017,30,HYUNDAI,"IX35 GL (RODA ARO 17"")",UTILITARIO,nome,,,F,flex,25,HYUNDAI,IX35,automoveis
2017,30,HYUNDAI,"IX35 GLS (RODA ARO 17"")",UTILITARIO,nome,,,F,flex,25,HYUNDAI,IX35,automoveis
2017,30,HYUNDAI,"GL (RODA ARO 18"")",TUCSON,linha_acima,,,G,gasolina,24,HYUNDAI,TUCSON,automoveis
2017,30,HYUNDAI,"GLS (RODA ARO 18"")",TUCSON,linha_acima,,,G,gasolina,24,HYUNDAI,TUCSON,automoveis
2017,30,HYUNDAI,"GLS (RODA ARO 17"")",TUCSON,linha_acima,,,G,gasolina,24,HYUNDAI,TUCSON,automoveis
2017,30,HYUNDAI,"LTD (RODA ARO 18"")",TUCSON,linha_acima,,,G,gasolina,24,HYUNDAI,TUCSON,automoveis
2017,31,KIA,SPORTAGE EX2/ LX2 FFG3,UTILITARIO,nome,,,F,flex,25,KIA,SPORTAGE,automoveis
2017,31,KIA,SORENTO,UTILITARIO,nome,,,G,gasolina,24,KIA,SORENTO,automoveis
2017,31,KIA,SORENTO,UTILITARIO,nome,,,G,gasolina,24,KIA,SORENTO,automoveis
2017,31,MITSUBISHI,ECLIPSE CROSS HPE-S,UTILITARIO,nome,,,G,gasolina,24,MITSUBISHI,ECLIPSE CROSS,automoveis
2017,33,SUBARU,FORESTER L,UTILITARIO,nome,,,G,gasolina,24,SUBARU,FORESTER,automoveis
2017,33,SUBARU,FORESTER S,UTILITARIO,nome,,,G,gasolina,24,SUBARU,FORESTER,automoveis
2017,33,SUBARU,FORESTER XT,UTILITARIO,nome,,,G,gasolina,24,SUBARU,FORESTER,automoveis
2017,33,KIA,SORENTO,UTILITARIO,nome,,,G,gasolina,24,KIA,SORENTO,automoveis
2017,33,KIA,MOHAVE EX,UTILITARIO,nome,,,D,diesel,26,KIA,MOHAVE,automoveis
2017,33,KIA,SPORTAGE EX2/ LX2 FFG4,UTILITARIO,nome,,,F,flex,25,KIA,SPORTAGE,automoveis
2017,33,KIA,SORENTO,UTILITARIO,nome,,,G,gasolina,24,KIA,SORENTO,automoveis
2017,33,MERCEDES-BENZ,GLC 250 4M,UTILITARIO,nome,,,G,gasolina,24,M.BENZ,GLC,automoveis
2017,34,MERCEDES-BENZ,GLC 250 4M COUPE,UTILITARIO,nome,,,G,gasolina,24,M.BENZ,GLC,automoveis
2017,34,MERCEDES-BENZ,GLE 350D,UTILITARIO,nome,,,D,diesel,26,M.BENZ,GLE,automoveis
2017,34,MERCEDES-BENZ,GLE 400 COUPE,UTILITARIO,nome,,,G,gasolina,24,M.BENZ,GLE,automoveis
2017,34,JAGUAR,EPACE RDY / P250 SE / P250 SE RDY / P250,UTILITARIO P250 FIRSTED / P250 S / P250 S,nome,,,G,gasolina,24,JAGUAR,EPACE,automoveis
2017,34,JAGUAR,FPACE 380CV V6 S,UTILITARIO,nome,,,G,gasolina,24,JAGUAR,FPACE,automoveis
2017,34,JAGUAR,FPACE 300CVG PREST / 300CVG R SPT,UTILITARIO,nome,,,G,gasolina,24,JAGUAR,FPACE,automoveis
2017,34,JAGUAR,EPACE P300 HSE RDY / P300 SE RDY,UTILITARIO,nome,,,G,gasolina,24,JAGUAR,EPACE,automoveis
2017,34,JAGUAR,FPACE 250CVG PREST /,UTILITARIO 250CVG PURE /,nome,,,G,gasolina,24,JAGUAR,FPACE,automoveis
2017,34,MITSUBISHI,ECLIPSE CROSS HPE-S S-AWC,UTILITARIO,nome,,,G,gasolina,24,MITSUBISHI,ECLIPSE CROSS,automoveis
2017,35,TOYOTA,SRX,SW4,linha_acima,,,G,gasolina,24,TOYOTA,HILUX SW4,automoveis
2017,35,TOYOTA,SRX,SW4,linha_acima,,,G,gasolina,24,TOYOTA,HILUX SW4,comerciais_leves
2017,35,TOYOTA,SRV / SRX,SW4 DIESEL,linha_acima,,,D,diesel,26,TOYOTA,HILUX SW4,automoveis
2017,35,TOYOTA,SRV / SRX,SW4 DIESEL,linha_acima,,,D,diesel,26,TOYOTA,HILUX SW4,comerciais_leves
2017,35,MERCEDES-BENZ,GLE 350D,4X4,nome,,,D,diesel,26,M.BENZ,GLE,automoveis
2017,35,JAGUAR,EPACE P250 S RDY,P250 SE,nome,,,G,gasolina,24,JAGUAR,EPACE,automoveis
2017,35,MITSUBISHI,OUTLANDER GT 4WD,P250 FIRSTED,nome,,,G,gasolina,24,MITSUBISHI,OUTLANDER,automoveis
2017,35,MITSUBISHI,PAJERO HPE,,nome,,,G,gasolina,24,MITSUBISHI,PAJERO,automoveis
2017,35,MITSUBISHI,PAJERO 4X4 HPE / OUTDOOR,,nome,,,D,diesel,26,MITSUBISHI,PAJERO,automoveis
2017,35,MITSUBISHI,OUTLANDER 4WD,,nome,,,D,diesel,26,MITSUBISHI,OUTLANDER,automoveis
2017,35,MITSUBISHI,PAJERO HPE,,nome,,,D,diesel,26,MITSUBISHI,PAJERO,automoveis
2017,35,SUZUKI,JIMNY 4X4 4ALL / 4SPORT / 4WORK,,nome,,,G,gasolina,24,SUZUKI,JIMNY,automoveis
2017,36,LAND ROVER,EVOQUE SI4 CABRIO,"2,0L - 16",nome,,,G,gasolina,24,LAND ROVER,EVOQUE,automoveis
2017,36,LAND ROVER,EVOQUE,"PURE/ SE/ SE DYNAMIC/ HSE 2,0L - 16",nome,,,G,gasolina,24,LAND ROVER,EVOQUE,automoveis
2017,36,LAND ROVER,EVOQUE,"PURE/ SE/ SE DYNAMIC/ HSE 2,0L - 16",nome,,,G,gasolina,24,LAND ROVER,EVOQUE,automoveis
2017,36,LAND ROVER,DISCOVERY,SDV6 S/ SDV6BLACK/ SDV6 HSE/,nome,,,D,diesel,26,LAND ROVER,DISCOVERY,automoveis
2017,36,LAND ROVER,EVOQUE SE TD4/ HSE TD4,SDV6 SE/ GRAPHITE/ GRAPHITE 5,nome,,,D,diesel,26,LAND ROVER,EVOQUE,automoveis
2017,36,LAND ROVER,EVOQUE SE TD4/ HSE TD4,,nome,,,D,diesel,26,LAND ROVER,EVOQUE,automoveis
2017,36,LAND ROVER,TD4 HSEL7L/ TD4 S/ TD4 SE/ TD4,DISCOVERY,linha_acima,,,D,diesel,26,LAND ROVER,DISCOVERY,automoveis
2017,36,LAND ROVER,TD4 HSEL7L/ TD4 S/ TD4 SE/ TD4,DISCOVERY,linha_acima,,,D,diesel,26,LAND ROVER,DISCOVERY,automoveis
2017,36,FORD,ECOSPORT FREESTYLE 4WD,SE 7L,nome,,,F,flex,25,FORD,ECOSPORT,automoveis
2017,36,TROLLER,T4 XLT,,nome,,,D,diesel,26,TROLLER,T4,automoveis
2017,37,JEEP,RENEGADE TRAILHAWK,(CVT),nome,,,D,diesel,26,JEEP,RENEGADE,automoveis
2017,37,JEEP,COMPASS TRAILHAWK,,nome,,,D,diesel,26,JEEP,COMPASS,automoveis
2017,37,LAND ROVER,VELAR,P250 HSE /,nome,,,G,gasolina,24,LAND ROVER,VELAR,automoveis
2017,37,LAND ROVER,EVOQUE,D240 HSE DYN /,nome,,,D,diesel,26,LAND ROVER,EVOQUE,automoveis
2017,37,LAND ROVER,EVOQUE,D240 HSE DYN /,nome,,,D,diesel,26,LAND ROVER,EVOQUE,automoveis
2017,37,LAND ROVER,,DISCOVERY D240 HSEL /,linha_acima,,,D,diesel,26,LAND ROVER,DISCOVERY,automoveis
2017,37,LAND ROVER,,DISCOVERY D240 HSEL /,linha_acima,,,D,diesel,26,LAND ROVER,DISCOVERY,automoveis
2017,37,LAND ROVER,P240 HSEL 7L /,DISCOVERY,linha_acima,,,G,gasolina,24,LAND ROVER,DISCOVERY,automoveis
2017,37,LAND ROVER,EVOQUE,P240 PURE /,nome,,,G,gasolina,24,LAND ROVER,EVOQUE,automoveis
2017,37,LAND ROVER,EVOQUE,P240 PURE /,nome,,,G,gasolina,24,LAND ROVER,EVOQUE,automoveis
2017,38,LAND ROVER,VELAR P380 S RDYN /,P380 S /,nome,,,G,gasolina,24,LAND ROVER,VELAR,automoveis
2017,38,TROLLER,T4 XLT,P380 STD RDYN /,nome,,,D,diesel,26,TROLLER,T4,automoveis
2017,38,LAND ROVER,EVOQUE,P240 PURE / P240 SE / P240 SE,nome,,,G,gasolina,24,LAND ROVER,EVOQUE,automoveis
2017,38,LAND ROVER,EVOQUE P240 PURE / P240 SE / P240 SE,P240 HSE DYN / P240 LANDMAR /,nome,,,G,gasolina,24,LAND ROVER,EVOQUE,automoveis
2017,38,LAND ROVER,EVOQUE,P240FF HSE DYN / P240FF PURE /,nome,,,F,flex,25,LAND ROVER,EVOQUE,automoveis
2017,38,LAND ROVER,EVOQUE P240 CABRIO,P240FF SE / P240FF SE DYN,nome,,,G,gasolina,24,LAND ROVER,EVOQUE,automoveis
2017,38,LAND ROVER,EVOQUE P290 AB,,nome,,,G,gasolina,24,LAND ROVER,EVOQUE,automoveis
2017,38,LAND ROVER,VELAR,S / P300 S RDYN / P300 SE / P300,nome,,,G,gasolina,24,LAND ROVER,VELAR,automoveis
2017,39,KIA,CARNIVAL EX,PICASSO 16V,nome,,,G,gasolina,24,KIA,CARNIVAL,automoveis
2017,39,CHEVROLET,SPIN (MY17),,nome,,,F,flex,25,GM,SPIN,automoveis
2017,39,CHEVROLET,SPIN (MY17),,nome,,,F,flex,25,GM,SPIN,automoveis
2017,39,MERCEDES-BENZ,,VITO TOURER,linha_acima,,,F,flex,25,M.BENZ,VITO,comerciais_leves
2017,39,FIAT,DOBLO ESSENCE 7L,119,nome,,,F,flex,25,FIAT,DOBLO,automoveis
2017,39,FIAT,DOBLO ESSENCE 7L,119,nome,,,F,flex,25,FIAT,DOBLO,comerciais_leves
2017,39,KIA,CARNIVAL EX / LX,,nome,,,G,gasolina,24,KIA,CARNIVAL,automoveis
2017,39,MERCEDES-BENZ,,VITO TOURER,linha_acima,,,F,flex,25,M.BENZ,VITO,comerciais_leves
2017,40,CITROEN,JUMPER,MINIBUS 2.3HDI 33M / FURGAO 2.3HDI,nome,,,D,diesel,26,CITROEN,JUMPER,comerciais_leves
2017,40,PEUGEOT,BOXER,MINIBUS 330M 2.3 / FURGAO 350LH,nome,,,D,diesel,26,PEUGEOT,BOXER,comerciais_leves
2017,40,KIA,K2500 LD,2.3,nome,,,D,diesel,26,KIA,K2500,comerciais_leves
2017,40,MERCEDES-BENZ,VITO 111 CDI,,nome,,,D,diesel,26,M.BENZ,VITO,comerciais_leves
2017,40,MERCEDES-BENZ,,SPRINTER STREET,linha_acima,,,D,diesel,26,M.BENZ,SPRINTER,comerciais_leves
2017,40,JAC,T8 **********,,nome,,,G,gasolina,24,JAC,T8,comerciais_leves
2017,40,RENAULT,KANGOO EXPRESS,,nome,,,F,flex,25,RENAULT,KANGOO,automoveis
2017,40,RENAULT,KANGOO EXPRESS,,nome,,,F,flex,25,RENAULT,KANGOO,comerciais_leves
2017,40,RENAULT,MASTER BUS MINIBUS / TRABUS,,nome,,,D,diesel,26,RENAULT,MASTER,comerciais_leves
2017,40,RENAULT,MASTER FURGAO FURGAO,,nome,,,D,diesel,26,RENAULT,MASTER,comerciais_leves
2017,40,RENAULT,CHASSIS CABINE,MASTER CHASSIS,linha_acima,,,D,diesel,26,RENAULT,MASTER,comerciais_leves
2017,40,FIAT,DUCATO MINIBUS L2B,CABINE,nome,,,D,diesel,26,FIAT,DUCATO,comerciais_leves
2017,40,FIAT,DUCATO MINIBUS M1A,,nome,,,D,diesel,26,FIAT,DUCATO,comerciais_leves
2017,40,FIAT,DUCATO MINIBUS L2B,,nome,,,D,diesel,26,FIAT,DUCATO,comerciais_leves
2017,40,FIAT,DUCATO MINIBUS M1A,,nome,,,D,diesel,26,FIAT,DUCATO,comerciais_leves
2017,40,KIA,BONGO K2500 HD SC,,nome,,,D,diesel,26,KIA,BONGO,comerciais_leves
2017,40,MERCEDES-BENZ,,SPRINTER STREET,linha_acima,,,D,diesel,26,M.BENZ,SPRINTER,comerciais_leves
2017,40,MERCEDES-BENZ,VITO 111 CDI,313,nome,,,D,diesel,26,M.BENZ,VITO,comerciais_leves
2017,41,TOYOTA,CD SRV,HILUX FLEX,linha_acima,,,F,flex,25,TOYOTA,HILUX,comerciais_leves
2017,41,TOYOTA,CD SRV / CD SR,HILUX FLEX,linha_acima,,,F,flex,25,TOYOTA,HILUX,comerciais_leves
2017,41,TOYOTA,SRX / SRV / SR,HILUX DIESEL,linha_acima,,,D,diesel,26,TOYOTA,HILUX,comerciais_leves
2017,41,TOYOTA,STD / SC / CC,HILUX DIESEL,linha_acima,,,D,diesel,26,TOYOTA,HILUX,comerciais_leves
2017,41,VW,AMAROK SE / TRENDLINE,2017) DIESEL LT CABINE DUPLA DIESEL 4X2 DIESEL,nome,,,D,diesel,26,VW,AMAROK,comerciais_leves
2017,41,VW,AMAROK TRENDLINE / DARK LABEL / HIGHLINE,,nome,,,D,diesel,26,VW,AMAROK,comerciais_leves
2017,41,MITSUBISHI,GLS,L200 TRITON,linha_acima,,,D,diesel,26,MITSUBISHI,L200,comerciais_leves
2017,41,MITSUBISHI,HPE / HPE TOP,L200 TRITON,linha_acima,,,D,diesel,26,MITSUBISHI,L200,comerciais_leves
2017,41,MITSUBISHI,L200 TRITON HPE / GL / GLX / SAVANA,SPORT,nome,,,D,diesel,26,MITSUBISHI,L200,comerciais_leves
2017,41,MITSUBISHI,L200 TRITON HPE / OUTDOOR / SAVANA,,nome,,,D,diesel,26,MITSUBISHI,L200,comerciais_leves
2017,41,MITSUBISHI,L200 TRITON OUTDOOR,,nome,,,F,flex,25,MITSUBISHI,L200,comerciais_leves
2017,42,RENAULT,OROCH DYNAMIQUE,(CVT),nome,,,F,flex,25,RENAULT,OROCH,comerciais_leves
2017,42,RENAULT,OROCH DYNAMIQUE (4X2),,nome,,,F,flex,25,RENAULT,OROCH,comerciais_leves
2017,42,RENAULT,OROCH 4X2 / DYNAMIQUE / EXPRESSION,,nome,,,F,flex,25,RENAULT,OROCH,comerciais_leves
2017,42,FORD,LIMITED,RANGER 4X4 C.,linha_acima,,,D,diesel,26,FORD,RANGER,comerciais_leves
2017,42,FORD,XLT,RANGER 4X4 C.,linha_acima,,,D,diesel,26,FORD,RANGER,comerciais_leves
2017,42,FORD,XLT,RANGER 4X4 C.,linha_acima,,,D,diesel,26,FORD,RANGER,comerciais_leves
2017,42,FORD,XLS,RANGER 4X4 C.,linha_acima,,,D,diesel,26,FORD,RANGER,comerciais_leves
2017,42,FORD,XLS,RANGER 4X4 C.,linha_acima,,,D,diesel,26,FORD,RANGER,comerciais_leves
2017,42,FORD,XLS,RANGER 4X4 C.,linha_acima,,,D,diesel,26,FORD,RANGER,comerciais_leves
2017,42,FORD,XLS,RANGER 4X2 C.,linha_acima,,,D,diesel,26,FORD,RANGER,comerciais_leves
2017,42,FORD,XLS / XLT,RANGER 4X2 C.,linha_acima,,,F,flex,25,FORD,RANGER,comerciais_leves
2017,42,FORD,LIMITED,RANGER 4X2 C.,linha_acima,,,F,flex,25,FORD,RANGER,comerciais_leves
2017,42,FORD,XLS,RANGER 4X2 C.,linha_acima,,,F,flex,25,FORD,RANGER,comerciais_leves
2017,42,FIAT,TORO FREEDOM / OPEN EDTION,SIMPLES,nome,,,F,flex,25,FIAT,TORO,comerciais_leves
2017,42,FIAT,TORO FREEDOM 4X2,,nome,,,D,diesel,26,FIAT,TORO,comerciais_leves
2017,42,FIAT,TORO FREEDOM 4X4,,nome,,,D,diesel,26,FIAT,TORO,comerciais_leves
2017,42,FIAT,TORO VOLCANO 4X4,,nome,,,D,diesel,26,FIAT,TORO,comerciais_leves
2017,42,FIAT,TORO FREEDOM,,nome,,,F,flex,25,FIAT,TORO,comerciais_leves
2017,42,FIAT,TORO FREEDOM / OPEN EDTION,,nome,,,F,flex,25,FIAT,TORO,comerciais_leves
2017,43,FORD,XLS / XLT,RANGER 4X2 C.,linha_acima,,,F,flex,25,FORD,RANGER,comerciais_leves
2017,43,FORD,LIMITED,RANGER 4X2 C.,linha_acima,,,F,flex,25,FORD,RANGER,comerciais_leves
2017,43,FORD,XLS,RANGER 4X2 C.,linha_acima,,,F,flex,25,FORD,RANGER,comerciais_leves
2017,43,FORD,XLT / LIMITED,RANGER 4X4 C.,linha_acima,,,D,diesel,26,FORD,RANGER,comerciais_leves
2017,43,FORD,XLT,RANGER 4X4 C.,linha_acima,,,D,diesel,26,FORD,RANGER,comerciais_leves
2017,43,FORD,XLS,RANGER 4X4 C.,linha_acima,,,D,diesel,26,FORD,RANGER,comerciais_leves
2017,43,FORD,XL / XLS,RANGER 4X4 C.,linha_acima,,,D,diesel,26,FORD,RANGER,comerciais_leves
2017,43,FORD,CHASSIS C. / C. XL / XLS,RANGER 4X4,linha_acima,,,D,diesel,26,FORD,RANGER,comerciais_leves
2017,43,FORD,XLS,RANGER 4X2 C.,linha_acima,,,D,diesel,26,FORD,RANGER,comerciais_leves
2017,43,FORD,XLS,RANGER 4X2 C.,linha_acima,,,D,diesel,26,FORD,RANGER,comerciais_leves
2017,43,MERCEDES-BENZ,C250 COUPE,,nome,,,G,gasolina,24,M.BENZ,C 250,automoveis
2017,43,MERCEDES-BENZ,C300 CABRIO,,nome,,,G,gasolina,24,M.BENZ,CLASSE C,automoveis
2017,44,MERCEDES-BENZ,SLC 300,(CVT),nome,,,G,gasolina,24,M.BENZ,SLC 300,automoveis
2017,44,MERCEDES-BENZ,SL 400,,nome,,,G,gasolina,24,M.BENZ,SL,automoveis
2017,44,MERCEDES-BENZ,AMG GT,,nome,,,G,gasolina,24,M.BENZ,AMG GT,automoveis
2017,44,MERCEDES-BENZ,AMG GT S,,nome,,,G,gasolina,24,M.BENZ,AMG GT,automoveis
2017,44,MERCEDES-BENZ,CLS 400,,nome,,,G,gasolina,24,M.BENZ,CLS,automoveis
2017,44,BMW,430I CABRIO,,nome,,,G,gasolina,24,BMW,430I,automoveis
2017,44,BMW,M4 CABRIO,,nome,,,G,gasolina,24,BMW,M4,automoveis
2017,44,BMW,M4 COUPE,,nome,,,G,gasolina,24,BMW,M4,automoveis
2017,44,SUBARU,WRX STI,WORKS,nome,,,G,gasolina,24,SUBARU,WRX,automoveis
2017,44,JAGUAR,F-TYPE COUPE / CABRIO,3.0L - 24,nome,,,G,gasolina,24,JAGUAR,F-TYPE,automoveis
2017,44,JAGUAR,F-TYPE SCABRIO / SCOUPE,3.0L - 24,nome,,,G,gasolina,24,JAGUAR,F-TYPE,automoveis
2017,44,JAGUAR,F-TYPE R COUP4W,5.0L -,nome,,,G,gasolina,24,JAGUAR,F-TYPE,automoveis
2017,44,PORSCHE,911 CARRERA / CARRERA CABRIOLET,32V,nome,,,G,gasolina,24,PORSCHE,911,automoveis
2017,44,PORSCHE,911 CARRERA 4S / CARRERA 4S CABRIOLET/,CARRERA S / CARRERA S CABRIOLET /,nome,,,G,gasolina,24,PORSCHE,911,automoveis
2017,44,PORSCHE,911,CARRERA 4 / CARRERA 4 CABRIOLET / TARGA,nome,,,G,gasolina,24,PORSCHE,911,automoveis
2017,44,PORSCHE,911 TURBO / TURBO CABRIOLET,4,nome,,,G,gasolina,24,PORSCHE,911,automoveis
2017,44,PORSCHE,911 TURBO S / TURBO S CABRIOLET,,nome,,,G,gasolina,24,PORSCHE,911,automoveis
2017,45,PORSCHE,BOXSTER ***,(CVT),nome,,,G,gasolina,24,PORSCHE,BOXSTER,automoveis
2017,45,PORSCHE,BOXSTER S,,nome,,,G,gasolina,24,PORSCHE,BOXSTER,automoveis
2017,45,PORSCHE,CAYMAN S,,nome,,,G,gasolina,24,PORSCHE,CAYMAN,automoveis
2017,45,AUDI,TT COUPE,,nome,,,G,gasolina,24,AUDI,TT,automoveis
2017,45,AUDI,TT ROADSTER,,nome,,,G,gasolina,24,AUDI,TT,automoveis
2017,45,AUDI,TTS COUPE,,nome,,,G,gasolina,24,AUDI,TTS,automoveis
2017,45,AUDI,TTS ROADSTER,,nome,,,G,gasolina,24,AUDI,TTS,automoveis
2017,45,FORD,MUSTANG GT,,nome,,,G,gasolina,24,FORD,MUSTANG,automoveis
2017,46,MERCEDES-BENZ,AMG GT R,,nome,,,G,gasolina,24,M.BENZ,AMG GT,automoveis
2017,46,MERCEDES-BENZ,C250 COUPE,,nome,,,G,gasolina,24,M.BENZ,C 250,automoveis
2017,46,MERCEDES-BENZ,C300 CABRIO,,nome,,,G,gasolina,24,M.BENZ,CLASSE C,automoveis
2017,46,MERCEDES-BENZ,E300 COUPE,,nome,,,G,gasolina,24,M.BENZ,CLASSE E,automoveis
2017,46,MERCEDES-BENZ,SLC 300,,nome,,,G,gasolina,24,M.BENZ,SLC 300,automoveis
2017,46,MERCEDES-BENZ,CLS 400,,nome,,,G,gasolina,24,M.BENZ,CLS,automoveis
2017,46,MERCEDES-BENZ,AMG GT C ROADSTER,,nome,,,G,gasolina,24,M.BENZ,AMG GT,automoveis
2017,46,MERCEDES-BENZ,E300 CABRIO,,nome,,,G,gasolina,24,M.BENZ,CLASSE E,automoveis
2017,47,JAGUAR,F-TYPE,300 CB / 300 CP / 300RD CB / 300RD,nome,,,G,gasolina,24,JAGUAR,F-TYPE,automoveis
2017,48,CHEVROLET,LS1,MONTANA,linha_acima,,,F,flex,25,GM,MONTANA,comerciais_leves
2017,48,CHEVROLET,SPORT / LS2,MONTANA,linha_acima,,,F,flex,25,GM,MONTANA,comerciais_leves
2017,48,VW,SAVEIRO CS ROBUST / TRENDLINE,(MY17),nome,,,F,flex,25,VW,SAVEIRO,comerciais_leves
2017,48,VW,SAVEIRO CE TRENDLINE,,nome,,,F,flex,25,VW,SAVEIRO,comerciais_leves
2017,48,VW,SAVEIRO CD TRENDLINE / HIGHLINE,,nome,,,F,flex,25,VW,SAVEIRO,comerciais_leves
2017,48,VW,SAVEIRO CE CROSS,,nome,,,F,flex,25,VW,SAVEIRO,comerciais_leves
2017,48,VW,SAVEIRO CD CROSS,,nome,,,F,flex,25,VW,SAVEIRO,comerciais_leves
2017,48,FIAT,STRADA WORKING,,nome,,,F,flex,25,FIAT,STRADA,comerciais_leves
2017,48,FIAT,STRADA WORKING PLUS,,nome,,,F,flex,25,FIAT,STRADA,comerciais_leves
2017,48,FIAT,STRADA HARD WORKING,,nome,,,F,flex,25,FIAT,STRADA,comerciais_leves
2017,48,FIAT,STRADA ADVENTURE,,nome,,,F,flex,25,FIAT,STRADA,comerciais_leves
2017,48,FIAT,STRADA ADVENTURE DUALOGIC,,nome,,,F,flex,25,FIAT,STRADA,comerciais_leves
2017,48,FIAT,FIORINO,,nome,,,F,flex,25,FIAT,FIORINO,comerciais_leves
2017,48,FIAT,FIORINO HARD WORKING,,nome,,,F,flex,25,FIAT,FIORINO,comerciais_leves
2018,1,VW,UP!,MICRO TAKE /,nome,,,F,flex,25,VW,UP,automoveis
2018,1,VW,UP! MOVE (I-MOTION),MICRO,nome,,,F,flex,25,VW,UP,automoveis
2018,1,VW,"UP! TSI MOVE (RODAS ARO 14"")",MICRO,nome,,,F,flex,25,VW,UP,automoveis
2018,1,VW,UP! TSI,"MICRO MOVE (RODAS ARO 15"")",nome,,,F,flex,25,VW,UP,automoveis
2018,1,VW,UP! TSI CROSS,MICRO,nome,,,F,flex,25,VW,UP,automoveis
2018,1,CHERY,NEW QQ SMILE /,MICRO,nome,,,F,flex,25,CHERY,QQ,automoveis
2018,1,CHERY,NEW QQ SMILE /,MICRO,nome,,,F,flex,25,CAOA CHERY,QQ,automoveis
2018,1,FIAT,500 CULT,MICRO,nome,,,F,flex,25,FIAT,500,automoveis
2018,1,FIAT,MOBI DRIVE,MICRO,nome,,,F,flex,25,FIAT,MOBI,automoveis
2018,1,FIAT,MOBI DRIVE GSR,MICRO,nome,,,F,flex,25,FIAT,MOBI,automoveis
2018,1,FIAT,MOBI EASY,MICRO,nome,,,F,flex,25,FIAT,MOBI,automoveis
2018,1,FIAT,MOBI LIKE,MICRO,nome,,,F,flex,25,FIAT,MOBI,automoveis
2018,1,FIAT,MOBI WAY,MICRO,nome,,,F,flex,25,FIAT,MOBI,automoveis
2018,1,KIA,PICANTO EX5/ LX5,MICRO,nome,,,F,flex,25,KIA,PICANTO,automoveis
2018,1,KIA,PICANTO EX5/ LX5,MICRO,nome,,,F,flex,25,KIA,PICANTO,automoveis
2018,1,FIAT,NOVO UNO DRIVE,COMPACTO,nome,,,F,flex,25,FIAT,UNO,automoveis
2018,1,FIAT,NOVO UNO DRIVE,COMPACTO,nome,,,F,flex,25,FIAT,UNO,comerciais_leves
2018,1,FIAT,NOVO UNO SPORTING,,nome,,,F,flex,25,FIAT,UNO,automoveis
2018,1,FIAT,NOVO UNO SPORTING,,nome,,,F,flex,25,FIAT,UNO,comerciais_leves
2018,1,FIAT,NOVO UNO SPORTING GSR,,nome,,,F,flex,25,FIAT,UNO,automoveis
2018,1,FIAT,NOVO UNO SPORTING GSR,,nome,,,F,flex,25,FIAT,UNO,comerciais_leves
2018,1,FIAT,NOVO UNO WAY,,nome,,,F,flex,25,FIAT,UNO,automoveis
2018,1,FIAT,NOVO UNO WAY,,nome,,,F,flex,25,FIAT,UNO,comerciais_leves
2018,1,FIAT,NOVO UNO ATTRACTIVE,,nome,,,F,flex,25,FIAT,UNO,automoveis
2018,1,FIAT,NOVO UNO ATTRACTIVE,,nome,,,F,flex,25,FIAT,UNO,comerciais_leves
2018,2,NISSAN,NEW MARCH 10 CONFORTO / 10 S / 10 SV,(CVT),nome,,,F,flex,25,NISSAN,MARCH,automoveis
2018,2,NISSAN,NEW MARCH 16 S / 16 SV / 16 SL,,nome,,,F,flex,25,NISSAN,MARCH,automoveis
2018,2,NISSAN,NEW MARCH 16 SV / 16 SL,,nome,,,F,flex,25,NISSAN,MARCH,automoveis
2018,2,HONDA,FIT DX / LX,HATCHBACK CROSS / READY,nome,,,F,flex,25,HONDA,FIT,automoveis
2018,2,HONDA,FIT DX / LX / EX / EXL / PERSONAL,,nome,,,F,flex,25,HONDA,FIT,automoveis
2018,2,VW,GOL,TRENDLINE,nome,,,F,flex,25,VW,GOL,automoveis
2018,2,VW,GOL,TRENDLINE,nome,,,F,flex,25,VW,GOL,comerciais_leves
2018,2,VW,GOL TRACK,/ CITY,nome,,,F,flex,25,VW,GOL,automoveis
2018,2,VW,GOL TRACK,/ CITY,nome,,,F,flex,25,VW,GOL,comerciais_leves
2018,2,VW,GOL TRENDLINE,,nome,,,F,flex,25,VW,GOL,automoveis
2018,2,VW,GOL TRENDLINE,,nome,,,F,flex,25,VW,GOL,comerciais_leves
2018,2,VW,GOL COMFORTLINE,,nome,,,F,flex,25,VW,GOL,automoveis
2018,2,VW,GOL COMFORTLINE,,nome,,,F,flex,25,VW,GOL,comerciais_leves
2018,2,VW,GOL COMFORTLINE (I-MOTION),,nome,,,F,flex,25,VW,GOL,automoveis
2018,2,VW,GOL COMFORTLINE (I-MOTION),,nome,,,F,flex,25,VW,GOL,comerciais_leves
2018,2,VW,GOL (2019) (RODAS ARO 14),,nome,,,F,flex,25,VW,GOL,automoveis
2018,2,VW,GOL (2019) (RODAS ARO 14),,nome,,,F,flex,25,VW,GOL,comerciais_leves
2018,2,VW,GOL (2019) (RODAS ARO 15),,nome,,,F,flex,25,VW,GOL,automoveis
2018,2,VW,GOL (2019) (RODAS ARO 15),,nome,,,F,flex,25,VW,GOL,comerciais_leves
2018,2,VW,GOL (2019),,nome,,,F,flex,25,VW,GOL,automoveis
2018,2,VW,GOL (2019),,nome,,,F,flex,25,VW,GOL,comerciais_leves
2018,2,VW,FOX CONNECT,,nome,,,F,flex,25,VW,FOX/CROSS FOX,automoveis
2018,2,VW,FOX CONNECT (I-MOTION),,nome,,,F,flex,25,VW,FOX/CROSS FOX,automoveis
2018,2,VW,FOX XTREME,,nome,,,F,flex,25,VW,FOX/CROSS FOX,automoveis
2018,2,VW,GOL,,nome,,,F,flex,25,VW,GOL,automoveis
2018,2,VW,GOL,,nome,,,F,flex,25,VW,GOL,comerciais_leves
2018,2,PEUGEOT,208 GT,1.6 THP,nome,,,F,flex,25,PEUGEOT,208,automoveis
2018,2,PEUGEOT,208 SPORT MT / GRIFFE MT,16V FLEX,nome,,,F,flex,25,PEUGEOT,208,automoveis
2018,2,PEUGEOT,208,GRIFFE EAT6 / ALLURE EAT6 /,nome,,,F,flex,25,PEUGEOT,208,automoveis
2018,2,PEUGEOT,208 ACTIVE MT / ACT PACK MT / ALLURE MT,UBTECH EAT6,nome,,,F,flex,25,PEUGEOT,208,automoveis
2018,3,CITROEN,C3,ATTRACTION A / EXCLUSIVE A /,nome,,,F,flex,25,CITROEN,C3,automoveis
2018,3,CITROEN,C3,ORIGINE / ATTRACTION / TENDANCE / M,nome,,,F,flex,25,CITROEN,C3,automoveis
2018,3,FIAT,ARGO DRIVE,STYLE / URBAN TECH,nome,,,F,flex,25,FIAT,ARGO,automoveis
2018,3,FIAT,ARGO DRIVE,,nome,,,F,flex,25,FIAT,ARGO,automoveis
2018,3,FIAT,ARGO DRIVE GSR,,nome,,,F,flex,25,FIAT,ARGO,automoveis
2018,3,FIAT,ARGO HGT,,nome,,,F,flex,25,FIAT,ARGO,automoveis
2018,3,FIAT,ARGO HGT,,nome,,,F,flex,25,FIAT,ARGO,automoveis
2018,3,FIAT,ARGO PRECISION,,nome,,,F,flex,25,FIAT,ARGO,automoveis
2018,3,FIAT,ARGO PRECISION,,nome,,,F,flex,25,FIAT,ARGO,automoveis
2018,3,FIAT,NOVO PALIO ATTRACTIVE,,nome,,,F,flex,25,FIAT,PALIO,automoveis
2018,3,FIAT,ARGO (2019),,nome,,,F,flex,25,FIAT,ARGO,automoveis
2018,3,FIAT,ARGO (2019) DRIVE,,nome,,,F,flex,25,FIAT,ARGO,automoveis
2018,3,FIAT,ARGO (2019) DRIVE,,nome,,,F,flex,25,FIAT,ARGO,automoveis
2018,3,RENAULT,SANDERO AUTHENTIQUE / EXPRESSION,,nome,,,F,flex,25,RENAULT,SANDERO,automoveis
2018,3,RENAULT,SANDERO DYNAMIQUE / EXPRESSION,,nome,,,F,flex,25,RENAULT,SANDERO,automoveis
2018,3,RENAULT,SANDERO EXPRESSION / DYNAMIQUE,,nome,,,F,flex,25,RENAULT,SANDERO,automoveis
2018,3,RENAULT,SANDERO GT LINE,,nome,,,F,flex,25,RENAULT,SANDERO,automoveis
2018,3,RENAULT,SANDERO RS,,nome,,,F,flex,25,RENAULT,SANDERO,automoveis
2018,4,MINI,COOPER -,(CVT),nome,,,G,gasolina,24,MINI,COOPER,automoveis
2018,4,MINI,COOPER 5P,,nome,,,G,gasolina,24,MINI,COOPER,automoveis
2018,4,MINI,COOPER S 5P,,nome,,,G,gasolina,24,MINI,COOPER,automoveis
2018,4,MINI,COOPER 5P,,nome,,,G,gasolina,24,MINI,COOPER,automoveis
2018,4,MINI,COOPER S 5P,,nome,,,G,gasolina,24,MINI,COOPER,automoveis
2018,4,MINI,COOPER,,nome,,,G,gasolina,24,MINI,COOPER,automoveis
2018,4,CHEVROLET,ONIX (MY18),,nome,,,F,flex,25,GM,ONIX,automoveis
2018,4,CHEVROLET,10MT JOYE,ONIX JOY,linha_acima,,,F,flex,25,GM,ONIX,automoveis
2018,4,CHEVROLET,ONIX (MY18),(MY18),nome,,,F,flex,25,GM,ONIX,automoveis
2018,4,CHEVROLET,ONIX (MY18),,nome,,,F,flex,25,GM,ONIX,automoveis
2018,4,CHEVROLET,ONIX (MY18),,nome,,,F,flex,25,GM,ONIX,automoveis
2018,4,CHEVROLET,ONIX (MY18),,nome,,,F,flex,25,GM,ONIX,automoveis
2018,4,CHEVROLET,ONIX (MY19),,nome,,,F,flex,25,GM,ONIX,automoveis
2018,4,CHEVROLET,ONIX (MY19),,nome,,,F,flex,25,GM,ONIX,automoveis
2018,4,CHEVROLET,ONIX (MY19),,nome,,,F,flex,25,GM,ONIX,automoveis
2018,4,CHEVROLET,ONIX (MY19),,nome,,,F,flex,25,GM,ONIX,automoveis
2018,4,CHEVROLET,ONIX (MY19),,nome,,,F,flex,25,GM,ONIX,automoveis
2018,4,CHEVROLET,ONIX (MY19),,nome,,,F,flex,25,GM,ONIX,automoveis
2018,4,CHEVROLET,ONIX (MY19),,nome,,,F,flex,25,GM,ONIX,automoveis
2018,4,CHEVROLET,ONIX (MY19),,nome,,,F,flex,25,GM,ONIX,automoveis
2018,4,CHEVROLET,ONIX (MY19),,nome,,,F,flex,25,GM,ONIX,automoveis
2018,4,CHEVROLET,ONIX (MY19),,nome,,,F,flex,25,GM,ONIX,automoveis
2018,4,CHEVROLET,10MT JOYE,ONIX JOY,linha_acima,,,F,flex,25,GM,ONIX,automoveis
2018,5,FORD,KA (5 PORTAS) S / SE,(CVT),nome,,,F,flex,25,FORD,KA,automoveis
2018,5,FORD,KA (5 PORTAS) SE PLUS / SEL / TECNO,,nome,,,F,flex,25,FORD,KA,automoveis
2018,5,FORD,KA (5 PORTAS) SE / SE PLUS / SEL,,nome,,,F,flex,25,FORD,KA,automoveis
2018,5,FORD,SEL GTDI,NEW FIESTA,linha_acima,,,G,gasolina,24,FORD,NEW FIESTA,automoveis
2018,5,FORD,SE / SEL,NEW FIESTA,linha_acima,,,F,flex,25,FORD,NEW FIESTA,automoveis
2018,5,FORD,SE / SEL / TITANIUM,NEW FIESTA,linha_acima,,,F,flex,25,FORD,NEW FIESTA,automoveis
2018,5,FORD,KA HATCH (2019) S / SE / SE PLUS,HATCH,nome,,,F,flex,25,FORD,KA,automoveis
2018,5,FORD,KA HATCH (2019) SE / SE PLUS,,nome,,,F,flex,25,FORD,KA,automoveis
2018,5,FORD,KA HATCH (2019) SE / SE PLUS,,nome,,,F,flex,25,FORD,KA,automoveis
2018,5,FORD,KA HATCH (2019) TITANIUM,,nome,,,F,flex,25,FORD,KA,automoveis
2018,5,HYUNDAI,HB20 COMFORT / PLUS / STYLE,,nome,,,F,flex,25,HYUNDAI,HB20,automoveis
2018,5,HYUNDAI,HB20 PLUS / STYLE,,nome,,,F,flex,25,HYUNDAI,HB20,automoveis
2018,5,HYUNDAI,HB20 PLUS / STYLE,,nome,,,F,flex,25,HYUNDAI,HB20,automoveis
2018,5,HYUNDAI,HB20 PLUS / STYLE,1.0-12V,nome,,,F,flex,25,HYUNDAI,HB20,automoveis
2018,6,NISSAN,NEW VERSA 10 CONFORTO / 10 S,(CVT),nome,,,F,flex,25,NISSAN,VERSA,automoveis
2018,6,NISSAN,NEW VERSA 16 S / 16 SV / 16 SL,,nome,,,F,flex,25,NISSAN,VERSA,automoveis
2018,6,NISSAN,NEW VERSA 16 SV / 16 SL / 16 UNIQUE,,nome,,,F,flex,25,NISSAN,VERSA,automoveis
2018,6,VOLVO,V40,CC T4 KINETIC / CC T4 MOMENTUM /,nome,,,G,gasolina,24,VOLVO,V40,automoveis
2018,6,VOLVO,V40,2.0 T5 COMFORT / 2.0 T5 DYNAMIC /,nome,,,G,gasolina,24,VOLVO,V40,automoveis
2018,6,VOLVO,"V40 (ARO 18"")",T4 INSCRIPTION / 2.0 T4 KINETIC /,nome,,,G,gasolina,24,VOLVO,V40,automoveis
2018,6,VOLVO,"V40 (ARO 17"") T4 MOMENTUM / T4 R-DESIGN /",T4 INSCRIPTION / 2.0 T4 KINETIC /,nome,,,G,gasolina,24,VOLVO,V40,automoveis
2018,6,TOYOTA,ETIOS SEDA X / XS / XLS / XPLUS / PLATINUM,,nome,,,F,flex,25,TOYOTA,ETIOS SEDAN,automoveis
2018,6,TOYOTA,ETIOS SEDA X / XS / XLS / XPLUS / PLATINUM,,nome,,,F,flex,25,TOYOTA,ETIOS SEDAN,automoveis
2018,6,TOYOTA,PRIUS NGA / NGA TOP,,nome,,,G,gasolina,24,TOYOTA,PRIUS,automoveis
2018,6,LEXUS,CT200H CT200H / F SPORT,,nome,,,G,gasolina,24,LEXUS,CT200H,automoveis
2018,6,HONDA,CITY DX,,nome,,,F,flex,25,HONDA,CITY,automoveis
2018,6,HONDA,CITY DX / LX / EX / EXL / PERSONAL,,nome,,,F,flex,25,HONDA,CITY,automoveis
2018,7,VW,VOYAGE,TRENDLINE,nome,,,F,flex,25,VW,VOYAGE,automoveis
2018,7,VW,VOYAGE COMFORTLINE,/ CITY,nome,,,F,flex,25,VW,VOYAGE,automoveis
2018,7,VW,VOYAGE TRENDLINE,,nome,,,F,flex,25,VW,VOYAGE,automoveis
2018,7,VW,VOYAGE,COMFORTLINE,nome,,,F,flex,25,VW,VOYAGE,automoveis
2018,7,VW,VOYAGE,COMFORTLINE (I-MOTION),nome,,,F,flex,25,VW,VOYAGE,automoveis
2018,7,VW,VOYAGE (2019) (RODAS ARO 14),/ HIGHLINE (I-MOTION),nome,,,F,flex,25,VW,VOYAGE,automoveis
2018,7,VW,VOYAGE (2019) (RODAS ARO 15),,nome,,,F,flex,25,VW,VOYAGE,automoveis
2018,7,VW,VOYAGE (2019),,nome,,,F,flex,25,VW,VOYAGE,automoveis
2018,7,VW,GOLF COMFORTLINE,,nome,,,F,flex,25,VW,GOLF,automoveis
2018,7,VW,GOLF HIGHLINE,,nome,,,F,flex,25,VW,GOLF,automoveis
2018,7,VW,GOLF GTI,,nome,,,G,gasolina,24,VW,GOLF,automoveis
2018,7,VW,SPACEFOX TRENDLINE,,nome,,,F,flex,25,VW,SPACE FOX,automoveis
2018,7,VW,SPACEFOX TRENDLINE (I-MOTION),,nome,,,F,flex,25,VW,SPACE FOX,automoveis
2018,7,VW,POLO,,nome,,,F,flex,25,VW,POLO,automoveis
2018,7,VW,POLO,,nome,,,F,flex,25,VW,POLO,automoveis
2018,7,VW,"POLO 200 TSI COMFORTLINE (R15"")",,nome,,,F,flex,25,VW,POLO,automoveis
2018,7,VW,POLO,"200 TSI COMFORTLINE (R16"") /",nome,,,F,flex,25,VW,POLO,automoveis
2018,7,VW,VIRTUS,200 TSI HIGHLINE,nome,,,F,flex,25,VW,VIRTUS,automoveis
2018,7,VW,VIRTUS,200 TSI COMFORTLINE /,nome,,,F,flex,25,VW,VIRTUS,automoveis
2018,7,VW,VOYAGE,200 TSI HIGHLINE,nome,,,F,flex,25,VW,VOYAGE,automoveis
2018,7,VW,POLO,,nome,,,F,flex,25,VW,POLO,automoveis
2018,7,VW,VIRTUS,,nome,,,F,flex,25,VW,VIRTUS,automoveis
2018,8,CHERY,CELER FL /,1.5FFHB FL / 1.5FLEX FL / 1.5 HB,nome,,,F,flex,25,CHERY,CELER,automoveis
2018,8,PEUGEOT,308,GRIFFE THP A / ALLURE THP A / GRIFFE 1.6 THP,nome,,,F,flex,25,PEUGEOT,308,automoveis
2018,8,AUDI,A1 SPORTBACK ATTRACTION,16V,nome,,,G,gasolina,24,AUDI,A1,automoveis
2018,8,AUDI,A1 SPORTBACK AMBITION,,nome,,,G,gasolina,24,AUDI,A1,automoveis
2018,8,AUDI,A3 SPORTBACK ATTRACTION / AMBIENTE,,nome,,,G,gasolina,24,AUDI,A3,automoveis
2018,8,AUDI,RS3 SPORTBACK -,,nome,,,G,gasolina,24,AUDI,RS3,automoveis
2018,8,FIAT,CRONOS DRIVE,,nome,,,F,flex,25,FIAT,CRONOS,automoveis
2018,8,FIAT,CRONOS DRIVE GSR,,nome,,,F,flex,25,FIAT,CRONOS,automoveis
2018,8,FIAT,CRONOS PRECISION,,nome,,,F,flex,25,FIAT,CRONOS,automoveis
2018,8,FIAT,CRONOS PRECISION,,nome,,,F,flex,25,FIAT,CRONOS,automoveis
2018,8,FIAT,DOBLO ESSENCE,,nome,,,F,flex,25,FIAT,DOBLO,automoveis
2018,8,FIAT,DOBLO ESSENCE,,nome,,,F,flex,25,FIAT,DOBLO,comerciais_leves
2018,8,FIAT,GRAND SIENA,,nome,,,F,flex,25,FIAT,SIENA,automoveis
2018,8,FIAT,GRAND SIENA ATTRACTIVE,,nome,,,F,flex,25,FIAT,SIENA,automoveis
2018,8,FIAT,GRAND SIENA ATTRACTIVE,,nome,,,F,flex,25,FIAT,SIENA,automoveis
2018,8,FIAT,GRAND SIENA,,nome,,,F,flex,25,FIAT,SIENA,automoveis
2018,8,FIAT,WEEKEND ATTRACTIVE,,nome,,,F,flex,25,FIAT,WEEKEND,automoveis
2018,8,FIAT,CRONOS DRIVE,,nome,,,F,flex,25,FIAT,CRONOS,automoveis
2018,8,RENAULT,LOGAN DYNAMIQUE / EXPRESSION,,nome,,,F,flex,25,RENAULT,LOGAN,automoveis
2018,8,RENAULT,LOGAN AUTHENTIQUE / EXPRESSION,,nome,,,F,flex,25,RENAULT,LOGAN,automoveis
2018,8,RENAULT,LOGAN DYNAMIQUE / EXPRESSION,,nome,,,F,flex,25,RENAULT,LOGAN,automoveis
2018,8,RENAULT,ZOE NR INTENS / LIFE,,nome,,,G,bev,23,RENAULT,ZOE,automoveis
2018,8,RENAULT,ZOE LR INTENS LR / LIFE LR / ULT LR,,nome,,,G,bev,23,RENAULT,ZOE,automoveis
2018,9,BMW,220I CAT ACTIVEFLEX,(CVT),nome,,,F,flex,25,BMW,220I,automoveis
2018,9,MINI,COOPER S CLUBMAN,,nome,,,G,gasolina,24,MINI,COOPER,automoveis
2018,9,BMW,I3 REX 94AH,,nome,,,G,gasolina,24,BMW,I3,automoveis
2018,9,CHEVROLET,,COBALT,linha_acima,,,F,flex,25,GM,COBALT,automoveis
2018,9,CHEVROLET,,COBALT,linha_acima,,,F,flex,25,GM,COBALT,automoveis
2018,9,CHEVROLET,18A LTZ/18 A ELI /,COBALT,linha_acima,,,F,flex,25,GM,COBALT,automoveis
2018,9,CHEVROLET,SPIN (MY18),(MY18),nome,,,F,flex,25,GM,SPIN,automoveis
2018,9,CHEVROLET,SPIN (MY18),,nome,,,F,flex,25,GM,SPIN,automoveis
2018,9,CHEVROLET,SPIN (MY18),,nome,,,F,flex,25,GM,SPIN,automoveis
2018,9,CHEVROLET,SPIN (MY18),,nome,,,F,flex,25,GM,SPIN,automoveis
2018,9,CHEVROLET,,PRISMA,linha_acima,,,F,flex,25,GM,PRISMA,automoveis
2018,9,CHEVROLET,,PRISMA,linha_acima,,,F,flex,25,GM,PRISMA,automoveis
2018,9,CHEVROLET,,PRISMA,linha_acima,,,F,flex,25,GM,PRISMA,automoveis
2018,9,CHEVROLET,10MT JOYE,PRISMA JOY,linha_acima,,,F,flex,25,GM,PRISMA,automoveis
2018,10,CHEVROLET,,COBALT,linha_acima,,,F,flex,25,GM,COBALT,automoveis
2018,10,CHEVROLET,,COBALT,linha_acima,,,F,flex,25,GM,COBALT,automoveis
2018,10,CHEVROLET,,COBALT,linha_acima,,,F,flex,25,GM,COBALT,automoveis
2018,10,CHEVROLET,,COBALT,linha_acima,,,F,flex,25,GM,COBALT,automoveis
2018,10,CHEVROLET,,COBALT,linha_acima,,,F,flex,25,GM,COBALT,automoveis
2018,10,CHEVROLET,,COBALT,linha_acima,,,F,flex,25,GM,COBALT,automoveis
2018,10,CHEVROLET,,COBALT,linha_acima,,,F,flex,25,GM,COBALT,automoveis
2018,10,CHEVROLET,,PRISMA,linha_acima,,,F,flex,25,GM,PRISMA,automoveis
2018,10,CHEVROLET,,PRISMA,linha_acima,,,F,flex,25,GM,PRISMA,automoveis
2018,10,CHEVROLET,,PRISMA,linha_acima,,,F,flex,25,GM,PRISMA,automoveis
2018,10,CHEVROLET,,PRISMA,linha_acima,,,F,flex,25,GM,PRISMA,automoveis
2018,10,CHEVROLET,,PRISMA,linha_acima,,,F,flex,25,GM,PRISMA,automoveis
2018,10,CHEVROLET,,PRISMA,linha_acima,,,F,flex,25,GM,PRISMA,automoveis
2018,10,CHEVROLET,10MT JOYE,PRISMA JOY,linha_acima,,,F,flex,25,GM,PRISMA,automoveis
2018,10,CHEVROLET,SPIN (MY19),(MY19),nome,,,F,flex,25,GM,SPIN,automoveis
2018,10,CHEVROLET,SPIN (MY19),,nome,,,F,flex,25,GM,SPIN,automoveis
2018,10,CHEVROLET,SPIN (MY19) AT ACT (5L),,nome,,,F,flex,25,GM,SPIN,automoveis
2018,10,CHEVROLET,SPIN (MY19) AT LT (5L),,nome,,,F,flex,25,GM,SPIN,automoveis
2018,11,FORD,KA+ (4 PORTAS) SE / SEL,(CVT),nome,,,F,flex,25,FORD,KA SEDAN,automoveis
2018,11,FORD,KA+ (4 PORTAS) SE / SEL / ADVANCE,,nome,,,F,flex,25,FORD,KA SEDAN,automoveis
2018,11,FORD,SEL / TITANIUM,NEW FIESTA,linha_acima,,,F,flex,25,FORD,NEW FIESTA,automoveis
2018,11,FORD,SEL / TITANIUM,NEW FIESTA,linha_acima,,,F,flex,25,FORD,NEW FIESTA,automoveis
2018,11,FORD,SE / SE PLUS,KA SEDAN,linha_acima,,,F,flex,25,FORD,KA SEDAN,automoveis
2018,11,FORD,SE / SE PLUS / SEL,KA SEDAN,linha_acima,,,F,flex,25,FORD,KA SEDAN,automoveis
2018,11,FORD,SE / SE PLUS,KA SEDAN,linha_acima,,,F,flex,25,FORD,KA SEDAN,automoveis
2018,11,FORD,TITANIUM,KA SEDAN,linha_acima,,,F,flex,25,FORD,KA SEDAN,automoveis
2018,11,HYUNDAI,HB20S PLUS / STYLE,(2019),nome,,,F,flex,25,HYUNDAI,HB20S,automoveis
2018,11,HYUNDAI,HB20S PLUS / STYLE,,nome,,,F,flex,25,HYUNDAI,HB20S,automoveis
2018,11,HYUNDAI,HB20S PLUS / STYLE / PREMIUM,,nome,,,F,flex,25,HYUNDAI,HB20S,automoveis
2018,11,HYUNDAI,HB20S PLUS / STYLE,1.0-12V,nome,,,F,flex,25,HYUNDAI,HB20S,automoveis
2018,11,KIA,RIO EX / LX,TURBO,nome,,,F,flex,25,KIA,RIO,automoveis
2018,11,KIA,RIO EX / LX,,nome,,,F,flex,25,KIA,RIO,automoveis
2018,11,MERCEDES-BENZ,A250 SPORT,,nome,,,G,gasolina,24,M.BENZ,A250,automoveis
2018,12,NISSAN,NOVO SENTRA 20 S / 20 SV / 20 SL,(CVT),nome,,,F,flex,25,NISSAN,SENTRA,automoveis
2018,12,MITSUBISHI,LANCER HL,,nome,,,G,gasolina,24,MITSUBISHI,LANCER,automoveis
2018,12,TOYOTA,COROLLA GLI,,nome,,,F,flex,25,TOYOTA,COROLLA,automoveis
2018,12,TOYOTA,COROLLA GLI,,nome,,,F,flex,25,TOYOTA,COROLLA,automoveis
2018,12,TOYOTA,COROLLA ALTIS / XEI / XRS,,nome,,,F,flex,25,TOYOTA,COROLLA,automoveis
2018,12,HONDA,CIVIC SPORT,,nome,,,F,flex,25,HONDA,CIVIC,automoveis
2018,12,HONDA,CIVIC EX / EX-L / SPORT,,nome,,,F,flex,25,HONDA,CIVIC,automoveis
2018,12,HONDA,CIVIC TOURING,,nome,,,G,gasolina,24,HONDA,CIVIC,automoveis
2018,12,HONDA,CIVIC COUPE SI,,nome,,,G,gasolina,24,HONDA,CIVIC,automoveis
2018,12,VW,,GOLF COMFORTLINE /,linha_acima,,,F,flex,25,VW,GOLF,automoveis
2018,12,VW,JETTA COMFORTLINE,VARIANT HIGHLINE,nome,,,G,gasolina,24,VW,JETTA,automoveis
2018,12,VW,JETTA HIGHLINE,,nome,,,G,gasolina,24,VW,JETTA,automoveis
2018,12,VOLKSWAGEN,JETTA COMFORTLINE 250 TSI /,250 TSI/,nome,,,F,flex,25,VW,JETTA,automoveis
2018,12,CITROEN,C4 LOUNGE THP LIVE / THP FEEL / THP SHINE,1.6 THP,nome,,,F,flex,25,CITROEN,C4L,automoveis
2018,12,CITROEN,C4 LOUNGE THP LIVE,1.6 THP,nome,,,F,flex,25,CITROEN,C4L,automoveis
2018,12,CITROEN,DS5 BE CHIC / SO CHIC,1.6 THP,nome,,,G,gasolina,24,CITROEN,DS5,automoveis
2018,12,CITROEN,C4 PICASSO SEDUCTION / INTENSIVE,1.6 THP,nome,,,G,gasolina,24,CITROEN,C4 PICASSO,automoveis
2018,12,AUDI,A3 CABRIOLET -,16V,nome,,,G,gasolina,24,AUDI,A3,automoveis
2018,12,AUDI,A3 SEDAN ATTRACTION/AMBIENTE,,nome,,,F,flex,25,AUDI,A3 SEDAN,automoveis
2018,12,AUDI,A3 SEDAN AMBITION,,nome,,,G,gasolina,24,AUDI,A3 SEDAN,automoveis
2018,12,AUDI,Q3 ATTRACTION / AMBIENTE / AMBITION,,nome,,,F,flex,25,AUDI,Q3,automoveis
2018,12,AUDI,Q3 ATTRACTION / AMBIENTE,,nome,,,G,gasolina,24,AUDI,Q3,automoveis
2018,12,AUDI,Q3 AMBIENTE / AMBITION,,nome,,,G,gasolina,24,AUDI,Q3,automoveis
2018,12,AUDI,RS3 LIMO -,,nome,,,G,gasolina,24,AUDI,RS3,automoveis
2018,13,RENAULT,FLUENCE DYNAMIQUE / EXPRESSION / PRIVILEGE,(CVT),nome,,,F,flex,25,RENAULT,FLUENCE,automoveis
2018,13,RENAULT,FLUENCE DYNAMIQUE / EXPRESSION / PRIVILEGE,,nome,,,F,flex,25,RENAULT,FLUENCE,automoveis
2018,13,RENAULT,FLUENCE GT LINE,,nome,,,F,flex,25,RENAULT,FLUENCE,automoveis
2018,13,RENAULT,FLUENCE DYNAMIQUE PLUS,,nome,,,F,flex,25,RENAULT,FLUENCE,automoveis
2018,13,BMW,320I ACTIVEFLEX,,nome,,,F,flex,25,BMW,320I,automoveis
2018,13,BMW,430I GRAN COUPE,,nome,,,G,gasolina,24,BMW,430I,automoveis
2018,13,BMW,X1 SDRIVE20I ACTIVEFLEX,,nome,,,F,flex,25,BMW,X1,automoveis
2018,13,BMW,X1 XDRIVE25I ACTIVEFLEX,,nome,,,F,flex,25,BMW,X1,automoveis
2018,13,BMW,X2 SDRIVE 20I,,nome,,,G,gasolina,24,BMW,X2,automoveis
2018,13,BMW,X2 SDRIVE 18I ACTIVE FLEX,,nome,,,F,flex,25,BMW,X2,automoveis
2018,13,BMW,X2 SDRIVE 20I ACTIVE FLEX,,nome,,,F,flex,25,BMW,X2,automoveis
2018,13,FORD,FOCUS HATCH SE,SPORT6 (MY19),nome,,,F,flex,25,FORD,FOCUS,automoveis
2018,13,FORD,FOCUS HATCH SE,,nome,,,F,flex,25,FORD,FOCUS,automoveis
2018,13,FORD,FOCUS HATCH SE / TITANIUM,,nome,,,F,flex,25,FORD,FOCUS,automoveis
2018,13,FORD,FOCUS FASTBACK SE / TITANIUM,,nome,,,F,flex,25,FORD,FOCUS,automoveis
2018,14,SUBARU,WRX,(CVT),nome,,,G,gasolina,24,SUBARU,WRX,automoveis
2018,14,SUBARU,WRX STI,,nome,,,G,gasolina,24,SUBARU,WRX,automoveis
2018,14,HYUNDAI,ELANTRA,,nome,,,F,flex,25,HYUNDAI,ELANTRA,automoveis
2018,14,HYUNDAI,ELANTRA B,,nome,,,F,flex,25,HYUNDAI,ELANTRA,automoveis
2018,14,KIA,CERATO FF EX4/ LX4/ SX4 ATNB,,nome,,,F,flex,25,KIA,CERATO,automoveis
2018,14,MERCEDES-BENZ,CLA200 FF,4M,nome,,,F,flex,25,M.BENZ,CLA200,automoveis
2018,14,MERCEDES-BENZ,,CLA250,linha_acima,,,G,gasolina,24,M.BENZ,CLA250,automoveis
2018,14,MERCEDES-BENZ,GLA200 FF,4MATIC,nome,,,F,flex,25,M.BENZ,CLASSE GLA,automoveis
2018,14,MERCEDES-BENZ,GLA200 FF STYLE,,nome,,,F,flex,25,M.BENZ,CLASSE GLA,automoveis
2018,14,MERCEDES-BENZ,GLA250,,nome,,,G,gasolina,24,M.BENZ,CLASSE GLA,automoveis
2018,14,MERCEDES-BENZ,CLA180,,nome,,,G,gasolina,24,M.BENZ,CLA180,automoveis
2018,15,VOLVO,"S60 (ARO18"")",T4 INSCRIPTION / T4 KINETIC /,nome,,,G,gasolina,24,VOLVO,S60,automoveis
2018,15,VOLVO,"S60 (ARO17"")",T4 INSCRIPTION / T4 KINETIC /,nome,,,G,gasolina,24,VOLVO,S60,automoveis
2018,15,VOLVO,"V60 (ARO 18"")",T4 INSCRIPTION / T4 KINETIC /,nome,,,G,gasolina,24,VOLVO,V60,automoveis
2018,15,VOLVO,"V60 (ARO 17"") T4 KINETIC /",T4 INSCRIPTION/,nome,,,G,gasolina,24,VOLVO,V60,automoveis
2018,15,VOLVO,V60,T5 INSCRIPT / T5 MOMENTUM / T5,nome,,,G,gasolina,24,VOLVO,V60,automoveis
2018,15,VOLVO,S90,T8 INSCRIPT,nome,,,G,gasolina,24,VOLVO,S90,automoveis
2018,15,JAGUAR,XF,P250 PRESTIGE / P250 R-SPORT /,nome,,,G,gasolina,24,JAGUAR,XF,automoveis
2018,15,JAGUAR,XF,2.0T PRESTIG/ 2.0T PURE TC/ 2.0T,nome,,,G,gasolina,24,JAGUAR,XF,automoveis
2018,15,JAGUAR,XF V6 PORTFOLIO,PURE/ 2.0T R-SPORT,nome,,,G,gasolina,24,JAGUAR,XF,automoveis
2018,15,JAGUAR,XF V6 380CV S,,nome,,,G,gasolina,24,JAGUAR,XF,automoveis
2018,15,JAGUAR,XE P250 R-SPORT / P250 PURE,,nome,,,G,gasolina,24,JAGUAR,XE,automoveis
2018,15,JAGUAR,XE P200 R-SPORT / P200 PURE,,nome,,,G,gasolina,24,JAGUAR,XE,automoveis
2018,15,JAGUAR,XE,,nome,,,G,gasolina,24,JAGUAR,XE,automoveis
2018,15,JAGUAR,XE S,,nome,,,G,gasolina,24,JAGUAR,XE,automoveis
2018,15,JAGUAR,XJ,,nome,,,G,gasolina,24,JAGUAR,XJ,automoveis
2018,15,TOYOTA,CAMRY XLE,,nome,,,G,gasolina,24,TOYOTA,CAMRY,automoveis
2018,15,TOYOTA,RAV4 4X2,,nome,,,G,gasolina,24,TOYOTA,RAV4,automoveis
2018,15,TOYOTA,RAV4 4X4 4X4,,nome,,,G,gasolina,24,TOYOTA,RAV4,automoveis
2018,15,TOYOTA,RAV4 4X4 4X4,,nome,,,G,gasolina,24,TOYOTA,RAV4,automoveis
2018,16,VW,PASSAT COMFORTLINE / HIGHLINE,,nome,,,G,gasolina,24,VW,PASSAT,automoveis
2018,16,VW,TOUAREG V6,,nome,,,G,gasolina,24,VW,TOUAREG,automoveis
2018,16,VW,TOUAREG V8,,nome,,,G,gasolina,24,VW,TOUAREG,automoveis
2018,16,VW,TIGUAN,ALLSPACE 250 TSI /,nome,,,F,flex,25,VW,TIGUAN,automoveis
2018,16,VW,TIGUAN ALLSPACE R-LINE 350 TSI,ALLSPACE COMFORTLINE 250 TSI,nome,,,G,gasolina,24,VW,TIGUAN,automoveis
2018,16,PEUGEOT,408,GRIFFE THP A / ALLURE THP A / GRIFFE 1.6 THP,nome,,,F,flex,25,PEUGEOT,408,automoveis
2018,16,AUDI,A4 SEDAN ATTRACTION / AMBIENTE,RG / BUSINESS 16V FLEX,nome,,,G,gasolina,24,AUDI,A4,automoveis
2018,16,AUDI,A4 SEDAN AMBITION,,nome,,,G,gasolina,24,AUDI,A4,automoveis
2018,16,AUDI,A4 AVANT ATTRACTION / AMBIENTE,,nome,,,G,gasolina,24,AUDI,A4 AVANT,automoveis
2018,16,AUDI,A6 SEDAN AMBIENTE,,nome,,,G,gasolina,24,AUDI,A6,automoveis
2018,16,AUDI,A6 SEDAN AMBITION,,nome,,,G,gasolina,24,AUDI,A6,automoveis
2018,16,AUDI,A6 ALLROAD ALLROAD,,nome,,,G,gasolina,24,AUDI,A6 ALLROAD,automoveis
2018,17,AUDI,A5 SPORTBACK ATTRACTION / AMBIENTE,,nome,,,G,gasolina,24,AUDI,A5,automoveis
2018,17,AUDI,A5 SPORTBACK AMBITION,,nome,,,G,gasolina,24,AUDI,A5,automoveis
2018,17,AUDI,Q5 BLINDADA,,nome,,,G,gasolina,24,AUDI,Q5,automoveis
2018,17,DODGE,DURANGO LIMITED,,nome,,,G,gasolina,24,DODGE,DURANGO,automoveis
2018,17,CHRYSLER,300C 300C,,nome,,,G,gasolina,24,CHRYSLER,300C,automoveis
2018,17,BMW,M3 SEDAN,,nome,,,G,gasolina,24,BMW,M3 SEDAN,automoveis
2018,17,BMW,M6 GRAN COUPE,,nome,,,G,gasolina,24,BMW,M6,automoveis
2018,17,BMW,530I -,,nome,,,G,gasolina,24,BMW,530I,automoveis
2018,17,BMW,M5 -,,nome,,,G,gasolina,24,BMW,M5,automoveis
2018,17,BMW,M4 CS,,nome,,,G,gasolina,24,BMW,M4,automoveis
2018,17,BMW,530I,,nome,,,G,gasolina,24,BMW,530I,automoveis
2018,18,FORD,FUSION FWD SEL / FWD TITANIUM,(CVT),nome,,,G,gasolina,24,FORD,FUSION,automoveis
2018,18,FORD,FUSION FWD SEL / FWD TITANIUM,(CVT),nome,,,G,gasolina,24,FORD,FUSION,comerciais_leves
2018,18,FORD,FUSION AWD TITANIUM,,nome,,,G,gasolina,24,FORD,FUSION,automoveis
2018,18,FORD,FUSION AWD TITANIUM,,nome,,,G,gasolina,24,FORD,FUSION,comerciais_leves
2018,18,FORD,FUSION FLEX SE,,nome,,,F,flex,25,FORD,FUSION,automoveis
2018,18,FORD,FUSION FLEX SE,,nome,,,F,flex,25,FORD,FUSION,comerciais_leves
2018,18,FORD,FUSION HYBRID,,nome,,HYBRID,G,hev,16,FORD,FUSION,automoveis
2018,18,FORD,FUSION HYBRID,,nome,,HYBRID,G,hev,16,FORD,FUSION,comerciais_leves
2018,18,FORD,EDGE AWD TITANIUM,,nome,,,G,gasolina,24,FORD,EDGE,automoveis
2018,18,HYUNDAI,AZERA V6 GDI,,nome,,,G,gasolina,24,HYUNDAI,AZERA,automoveis
2018,18,HYUNDAI,AZERA,,nome,,,G,gasolina,24,HYUNDAI,AZERA,automoveis
2018,18,KIA,CADENZA EX / LX GDI,,nome,,,G,gasolina,24,KIA,CADENZA,automoveis
2018,18,KIA,OPTIMA EX3 / LX3,,nome,,,G,gasolina,24,KIA,OPTIMA,automoveis
2018,19,MERCEDES-BENZ,C180 COUPE,4MATIC+,nome,,,G,gasolina,24,M.BENZ,C180,automoveis
2018,19,MERCEDES-BENZ,C180 FF,,nome,,,F,flex,25,M.BENZ,C180,automoveis
2018,19,MERCEDES-BENZ,C250,,nome,,,G,gasolina,24,M.BENZ,C 250,automoveis
2018,19,MERCEDES-BENZ,C300 ESTATE,,nome,,,G,gasolina,24,M.BENZ,CLASSE C,automoveis
2018,19,MERCEDES-BENZ,C300,,nome,,,G,gasolina,24,M.BENZ,CLASSE C,automoveis
2018,19,MERCEDES-BENZ,E250 AVANTGARDE,S500,nome,,,G,gasolina,24,M.BENZ,CLASSE E,automoveis
2018,19,MERCEDES-BENZ,E250 EXCLUSIVE,,nome,,,G,gasolina,24,M.BENZ,CLASSE E,automoveis
2018,19,JAGUAR,XE P380 S,EXTRA GRANDE MASERATI QUATTROPORTE 4.0-32V A-8 ND ND ND \ 0 \ \,nome,,,G,gasolina,24,JAGUAR,XE,automoveis
2018,19,FORD,EDGE ST GTDI,,nome,,,G,gasolina,24,FORD,EDGE,automoveis
2018,20,AUDI,RS4 AVANT -,(CVT),nome,,,G,gasolina,24,AUDI,RS4 AVANT,automoveis
2018,20,AUDI,A6 SEDAN -,,nome,,,G,gasolina,24,AUDI,A6,automoveis
2018,21,NISSAN,KICKS 16 S,UTILITARIO,nome,,,F,flex,25,NISSAN,KICKS,automoveis
2018,21,NISSAN,KICKS 16 S / 16 SV / 16 SL,UTILITARIO,nome,,,F,flex,25,NISSAN,KICKS,automoveis
2018,21,MITSUBISHI,ASX 4X2,UTILITARIO,nome,,,F,flex,25,MITSUBISHI,ASX,automoveis
2018,21,SUZUKI,VITARA 4ALL,UTILITARIO,nome,,,G,gasolina,24,SUZUKI,VITARA,automoveis
2018,21,SUZUKI,VITARA 4ALL,UTILITARIO,nome,,,G,gasolina,24,SUZUKI,VITARA,automoveis
2018,21,SUZUKI,VITARA 4YOU,UTILITARIO,nome,,,G,gasolina,24,SUZUKI,VITARA,automoveis
2018,21,SUZUKI,VITARA 4SPORT,UTILITARIO,nome,,,G,gasolina,24,SUZUKI,VITARA,automoveis
2018,21,JAC,T5,UTILITARIO,nome,,,F,flex,25,JAC,T5,automoveis
2018,21,JAC,T5,UTILITARIO,nome,,,F,flex,25,JAC,T5,automoveis
2018,21,JAC,T40,UTILITARIO,nome,,,F,flex,25,JAC,T40,automoveis
2018,22,HONDA,HR-V LX,UTILITARIO,nome,,,F,flex,25,HONDA,HR-V,automoveis
2018,22,HONDA,HR-V LX / EX / EXL/TOURING,UTILITARIO,nome,,,F,flex,25,HONDA,HR-V,automoveis
2018,22,HONDA,HR-V EX,UTILITARIO,nome,,,F,flex,25,HONDA,HR-V,automoveis
2018,22,HONDA,WR-V EX / EXL,UTILITARIO,nome,,,F,flex,25,HONDA,WR-V,automoveis
2018,22,CHERY,TIGGO 2 ACT /,UTILITARIO DESERT / EXCLUSIVE / SPORT / 1.5,nome,,,F,flex,25,CHERY,TIGGO,automoveis
2018,22,CHERY,TIGGO 2 ACT /,UTILITARIO DESERT / EXCLUSIVE / SPORT / 1.5,nome,,,F,flex,25,CAOA CHERY,TIGGO 2,automoveis
2018,22,CHERY,TIGGO 2,1.5 AT ACT / 1.5 AT EX / 1.5 AT,nome,,,F,flex,25,CHERY,TIGGO,automoveis
2018,22,CHERY,TIGGO 2,1.5 AT ACT / 1.5 AT EX / 1.5 AT,nome,,,F,flex,25,CAOA CHERY,TIGGO 2,automoveis
2018,22,PEUGEOT,2008 ALLURE MT / GRIFFE MT,UTILITARIO,nome,,,F,flex,25,PEUGEOT,2008,automoveis
2018,22,PEUGEOT,2008 GRIFFE THP,1.6 THP,nome,,,F,flex,25,PEUGEOT,2008,automoveis
2018,22,PEUGEOT,2008,GRIFFE EAT6 / ALLURE EAT6 /,nome,,,F,flex,25,PEUGEOT,2008,automoveis
2018,22,CITROEN,AIRCROSS,M FEEL / START MT / M BUSIN / LIVE,nome,,,F,flex,25,CITROEN,AIRCROSS,automoveis
2018,22,CITROEN,AIRCROSS SHINEAT/ FEEL AT / LIVE AT,UTILITARIO,nome,,,F,flex,25,CITROEN,AIRCROSS,automoveis
2018,22,CITROEN,C4 CACTUS LIVE / FEEL,UTILITARIO,nome,,,F,flex,25,CITROEN,C4 CACTUS,automoveis
2018,22,CITROEN,C4 CACTUS SHINE A / FEEL A,UTILITARIO,nome,,,F,flex,25,CITROEN,C4 CACTUS,automoveis
2018,22,CITROEN,C4 CACTUS SHINE T,1.6 THP,nome,,,F,flex,25,CITROEN,C4 CACTUS,automoveis
2018,23,FIAT,DOBLO ADVENTURE,UTILITARIO,nome,,,F,flex,25,FIAT,DOBLO,automoveis
2018,23,FIAT,DOBLO ADVENTURE,UTILITARIO,nome,,,F,flex,25,FIAT,DOBLO,comerciais_leves
2018,23,FIAT,NOVO UNO WAY,UTILITARIO,nome,,,F,flex,25,FIAT,UNO,automoveis
2018,23,FIAT,NOVO UNO WAY,UTILITARIO,nome,,,F,flex,25,FIAT,UNO,comerciais_leves
2018,23,FIAT,NOVO UNO WAY GSR,UTILITARIO,nome,,,F,flex,25,FIAT,UNO,automoveis
2018,23,FIAT,NOVO UNO WAY GSR,UTILITARIO,nome,,,F,flex,25,FIAT,UNO,comerciais_leves
2018,23,FIAT,WEEKEND ADVENTURE,UTILITARIO,nome,,,F,flex,25,FIAT,WEEKEND,automoveis
2018,23,FIAT,WEEKEND ADVENTURE DUALOGIC,UTILITARIO,nome,,,F,flex,25,FIAT,WEEKEND,automoveis
2018,23,JEEP,RENEGADE CUSTOM / SPORT,UTILITARIO,nome,,,F,flex,25,JEEP,RENEGADE,automoveis
2018,23,JEEP,RENEGADE SPORT,UTILITARIO,nome,,,F,flex,25,JEEP,RENEGADE,automoveis
2018,23,JEEP,RENEGADE LONGITUDE / LIMITED / NIGHT EAGLE,UTILITARIO,nome,,,F,flex,25,JEEP,RENEGADE,automoveis
2018,24,RENAULT,CAPTUR ZEN / INTENS,UTILITARIO,nome,,,F,flex,25,RENAULT,CAPTUR,automoveis
2018,24,RENAULT,CAPTUR INTENS,UTILITARIO,nome,,,F,flex,25,RENAULT,CAPTUR,automoveis
2018,24,RENAULT,DUSTER DYNAMIQUE (4X2),UTILITARIO,nome,,,F,flex,25,RENAULT,DUSTER,automoveis
2018,24,RENAULT,STEPWAY,SANDERO,linha_acima,,,F,flex,25,RENAULT,SANDERO,automoveis
2018,24,RENAULT,STEPWAY,SANDERO,linha_acima,,,F,flex,25,RENAULT,SANDERO,automoveis
2018,24,RENAULT,DUSTER,DYNAMIQUE SCE/ EXPRESSION SCE /,nome,,,F,flex,25,RENAULT,DUSTER,automoveis
2018,24,RENAULT,CAPTUR ZEN / INTENS,UTILITARIO,nome,,,F,flex,25,RENAULT,CAPTUR,automoveis
2018,24,RENAULT,DUSTER DYNAMIQUE CVT/ EXPRESSION CVT,UTILITARIO,nome,,,F,flex,25,RENAULT,DUSTER,automoveis
2018,24,RENAULT,DUSTER DYNAMIQUE (4X2),UTILITARIO,nome,,,F,flex,25,RENAULT,DUSTER,automoveis
2018,24,RENAULT,DUSTER 16 A CVT,UTILITARIO,nome,,,F,flex,25,RENAULT,DUSTER,automoveis
2018,24,RENAULT,CAPTUR LIFE 16A,UTILITARIO,nome,,,F,flex,25,RENAULT,CAPTUR,automoveis
2018,25,CHEVROLET,TRACKER LT / LTZ,1.4T -,nome,,,F,flex,25,GM,TRACKER,automoveis
2018,25,CHEVROLET,TRACKER PREMIER,1.4T -,nome,,,F,flex,25,GM,TRACKER,automoveis
2018,25,CHEVROLET,LT,TRACKER 1.4T -,linha_acima,,,F,flex,25,GM,TRACKER,automoveis
2018,25,CHEVROLET,LTZ,TRACKER 1.4T -,linha_acima,,,F,flex,25,GM,TRACKER,automoveis
2018,25,CHEVROLET,PREMIER,TRACKER 1.4T -,linha_acima,,,F,flex,25,GM,TRACKER,automoveis
2018,25,FORD,KA (5 PORTAS) TRAIL,UTILITARIO,nome,,,F,flex,25,FORD,KA,automoveis
2018,25,FORD,KA (5 PORTAS) TRAIL,UTILITARIO,nome,,,F,flex,25,FORD,KA,automoveis
2018,25,FORD,ECOSPORT SE / FREESTYLE,UTILITARIO,nome,,,F,flex,25,FORD,ECOSPORT,automoveis
2018,25,FORD,ECOSPORT SE / FREESTYLE,UTILITARIO,nome,,,F,flex,25,FORD,ECOSPORT,automoveis
2018,25,FORD,ECOSPORT TITANIUM,UTILITARIO,nome,,,F,flex,25,FORD,ECOSPORT,automoveis
2018,25,FORD,KA (5 PORTAS) FREESTYLE,UTILITARIO,nome,,,F,flex,25,FORD,KA,automoveis
2018,25,FORD,KA (5 PORTAS) FREESTYLE,UTILITARIO,nome,,,F,flex,25,FORD,KA,automoveis
2018,25,FORD,ECOSPORT STORM 4WD,UTILITARIO,nome,,,F,flex,25,FORD,ECOSPORT,automoveis
2018,25,FORD,ECOSPORT (2019) SE / FREESTYLE,UTILITARIO,nome,,,F,flex,25,FORD,ECOSPORT,automoveis
2018,26,HYUNDAI,HB20X STYLE,UTILITARIO,nome,,,F,flex,25,HYUNDAI,HB20,automoveis
2018,26,HYUNDAI,HB20X STYLE / PREMIUM,UTILITARIO,nome,,,F,flex,25,HYUNDAI,HB20,automoveis
2018,26,HYUNDAI,CRETA ATTITUDE / PULSE,UTILITARIO,nome,,,F,flex,25,HYUNDAI,CRETA,automoveis
2018,26,HYUNDAI,CRETA ATTITUDE / PULSE / SMART,UTILITARIO,nome,,,F,flex,25,HYUNDAI,CRETA,automoveis
2018,26,HYUNDAI,CRETA PULSE / PRESTIGE / SPORT,UTILITARIO,nome,,,F,flex,25,HYUNDAI,CRETA,automoveis
2018,26,HYUNDAI,TUCSON GLSB,UTILITARIO,nome,,,F,flex,25,HYUNDAI,TUCSON,automoveis
2018,26,KIA,NEW SOUL EX2 / LX2,UTILITARIO,nome,,,F,flex,25,KIA,SOUL,automoveis
2018,26,JAC,T40,UTILITARIO,nome,,,G,gasolina,24,JAC,T40,automoveis
2018,27,MITSUBISHI,OUTLANDER COMFORT,UTILITARIO,nome,,,G,gasolina,24,MITSUBISHI,OUTLANDER,automoveis
2018,27,MITSUBISHI,OUTLANDER 4X2,UTILITARIO,nome,,,G,gasolina,24,MITSUBISHI,OUTLANDER,automoveis
2018,27,VOLVO,XC40 T5 MOMENTUM,UTILITARIO T5 INSCRIPT,nome,,,G,gasolina,24,VOLVO,XC40,automoveis
2018,27,VOLVO,XC40,T4 / T4 INSCRIPT / T4 KINETIC / T4,nome,,,G,gasolina,24,VOLVO,XC40,automoveis
2018,27,SSANGYONG,KORANDO DLX / STD,UTILITARIO,nome,,,D,diesel,26,SSANGYONG,KORANDO,automoveis
2018,27,TOYOTA,SW4 FLEX 4X2 SR,UTILITARIO,nome,,,F,flex,25,TOYOTA,HILUX SW4,automoveis
2018,27,TOYOTA,SW4 FLEX 4X2 SR,UTILITARIO,nome,,,F,flex,25,TOYOTA,HILUX SW4,comerciais_leves
2018,27,TOYOTA,SW4 FLEX 4X2 SR 5S / SR 7S / SRV,UTILITARIO,nome,,,F,flex,25,TOYOTA,HILUX SW4,automoveis
2018,27,TOYOTA,SW4 FLEX 4X2 SR 5S / SR 7S / SRV,UTILITARIO,nome,,,F,flex,25,TOYOTA,HILUX SW4,comerciais_leves
2018,27,VW,TIGUAN,UTILITARIO,nome,,,G,gasolina,24,VW,TIGUAN,automoveis
2018,27,PEUGEOT,3008,GRIFFE AT / ALLURE AT / GT LINE / 1.6 THP,nome,,,G,gasolina,24,PEUGEOT,3008,automoveis
2018,27,PEUGEOT,3008 (2018),GRIFFE AT / ALLURE AT / GT LINE / 1.6 THP,nome,,,G,gasolina,24,PEUGEOT,3008,automoveis
2018,27,JEEP,COMPASS,SPORT / LONGITUDE / LIMITED / NIGHT,nome,,,F,flex,25,JEEP,COMPASS,automoveis
2018,28,CHEVROLET,LT GASOLINA 4X2,EQUINOX,linha_acima,,,G,gasolina,24,GM,EQUINOX,automoveis
2018,28,CHEVROLET,LT GASOLINA 4X2,EQUINOX,linha_acima,,,G,gasolina,24,GM,EQUINOX,automoveis
2018,28,HYUNDAI,SANTA FE V6 5 / V6 7,UTILITARIO,nome,,,G,gasolina,24,HYUNDAI,SANTAFE,automoveis
2018,28,HYUNDAI,"IX35 GLS (RODA ARO 18"")",UTILITARIO,nome,,,F,flex,25,HYUNDAI,IX35,automoveis
2018,28,HYUNDAI,"IX35 (RODA ARO 17"")",UTILITARIO,nome,,,F,flex,25,HYUNDAI,IX35,automoveis
2018,28,HYUNDAI,"IX35 GL (RODA ARO 17"")",UTILITARIO,nome,,,F,flex,25,HYUNDAI,IX35,automoveis
2018,28,HYUNDAI,"IX35 GLS (RODA ARO 17"")",UTILITARIO,nome,,,F,flex,25,HYUNDAI,IX35,automoveis
2018,29,HYUNDAI,"GL (RODA ARO 18"")",TUCSON,linha_acima,,,G,gasolina,24,HYUNDAI,TUCSON,automoveis
2018,29,HYUNDAI,"GLS (RODA ARO 18"")",TUCSON,linha_acima,,,G,gasolina,24,HYUNDAI,TUCSON,automoveis
2018,29,HYUNDAI,"GLS (RODA ARO 17"")",TUCSON,linha_acima,,,G,gasolina,24,HYUNDAI,TUCSON,automoveis
2018,29,HYUNDAI,"LTD (RODA ARO 18"")",TUCSON,linha_acima,,,G,gasolina,24,HYUNDAI,TUCSON,automoveis
2018,29,KIA,SPORTAGE EX2/ LX2 FFG3,UTILITARIO,nome,,,F,flex,25,KIA,SPORTAGE,automoveis
2018,29,KIA,SORENTO,UTILITARIO,nome,,,G,gasolina,24,KIA,SORENTO,automoveis
2018,29,KIA,SORENTO,UTILITARIO,nome,,,G,gasolina,24,KIA,SORENTO,automoveis
2018,29,MITSUBISHI,ECLIPSE CROSS HPE-S,UTILITARIO,nome,,,G,gasolina,24,MITSUBISHI,ECLIPSE CROSS,automoveis
2018,30,MITSUBISHI,ASX 4X4,UTILITARIO,nome,,,F,flex,25,MITSUBISHI,ASX,automoveis
2018,30,SUZUKI,VITARA 4YOU ALLGRIP,UTILITARIO,nome,,,G,gasolina,24,SUZUKI,VITARA,automoveis
2018,30,SUZUKI,VITARA 4SPORT ALLGRIP,UTILITARIO,nome,,,G,gasolina,24,SUZUKI,VITARA,automoveis
2018,30,JEEP,RENEGADE,CUSTOM / LONGITUDE / LIMITED / NIGHT,nome,,,D,diesel,26,JEEP,RENEGADE,automoveis
2018,30,RENAULT,DUSTER DYNAMIQUE (4X4),UTILITARIO,nome,,,F,flex,25,RENAULT,DUSTER,automoveis
2018,31,VOLVO,,XC60 (MOD,linha_acima,,,G,gasolina,24,VOLVO,XC60,automoveis
2018,31,VOLVO,,XC60 (MOD,linha_acima,,,G,gasolina,24,VOLVO,XC60,automoveis
2018,31,VOLVO,XC90,2.0 T6 INSCRIPTION / 2.0 T6 KINETIC /,nome,,,G,gasolina,24,VOLVO,XC90,automoveis
2018,31,VOLVO,,XC90 (MOD D5 KINETIC / D5 INSCRIPT /,linha_acima,,,D,diesel,26,VOLVO,XC90,automoveis
2018,31,VOLVO,,XC90 T8 (MOD T8 EXCELLEN / T8 INSCRIPT /,linha_acima,,,G,gasolina,24,VOLVO,XC90,automoveis
2018,31,VOLVO,XC60,T8 INSCRIPT,nome,,,G,gasolina,24,VOLVO,XC60,automoveis
2018,31,PORSCHE,CAYENNE V6,UTILITARIO,nome,,,G,gasolina,24,PORSCHE,CAYENNE,automoveis
2018,31,PORSCHE,CAYENNE S E-HY,UTILITARIO,nome,,,G,gasolina,24,PORSCHE,CAYENNE,automoveis
2018,31,PORSCHE,CAYENNE GTS,UTILITARIO,nome,,,G,gasolina,24,PORSCHE,CAYENNE,automoveis
2018,31,PORSCHE,CAYENNE TURBO,UTILITARIO,nome,,,G,gasolina,24,PORSCHE,CAYENNE,automoveis
2018,31,PORSCHE,CAYENNE TURBO S,UTILITARIO,nome,,,G,gasolina,24,PORSCHE,CAYENNE,automoveis
2018,31,PORSCHE,CAYENNE S,UTILITARIO,nome,,,G,gasolina,24,PORSCHE,CAYENNE,automoveis
2018,31,PORSCHE,S,CAYENNE,linha_acima,,,G,gasolina,24,PORSCHE,CAYENNE,automoveis
2018,31,PORSCHE,V6,CAYENNE,linha_acima,,,G,gasolina,24,PORSCHE,CAYENNE,automoveis
2018,32,PORSCHE,TURBO,CAYENNE,linha_acima,,,G,gasolina,24,PORSCHE,CAYENNE,automoveis
2018,32,PORSCHE,MACAN ***,UTILITARIO,nome,,,G,gasolina,24,PORSCHE,MACAN,automoveis
2018,32,PORSCHE,MACAN S,UTILITARIO,nome,,,G,gasolina,24,PORSCHE,MACAN,automoveis
2018,32,PORSCHE,MACAN GTS,UTILITARIO,nome,,,G,gasolina,24,PORSCHE,MACAN,automoveis
2018,32,PORSCHE,MACAN TURBO,UTILITARIO,nome,,,G,gasolina,24,PORSCHE,MACAN,automoveis
2018,32,HONDA,CR-V TOURING,UTILITARIO,nome,,,G,gasolina,24,HONDA,CRV,automoveis
2018,32,AUDI,Q7 -,UTILITARIO,nome,,,G,gasolina,24,AUDI,Q7,automoveis
2018,32,AUDI,Q7 TDI,UTILITARIO,nome,,,D,diesel,26,AUDI,Q7,automoveis
2018,32,AUDI,Q5 -,UTILITARIO,nome,,,G,gasolina,24,AUDI,Q5,automoveis
2018,33,JEEP,CHEROKEE TRAILHAWK,UTILITARIO,nome,,,G,gasolina,24,JEEP,CHEROKEE,automoveis
2018,33,JEEP,CHEROKEE TRAILHAWK,UTILITARIO,nome,,,G,gasolina,24,JEEP,CHEROKEE,automoveis
2018,33,JEEP,COMPASS LIMITED / LONGITUDE,UTILITARIO,nome,,,D,diesel,26,JEEP,COMPASS,automoveis
2018,33,BMW,X4 XDRIVE35I,UTILITARIO,nome,,,G,gasolina,24,BMW,X4,automoveis
2018,33,BMW,X6 M,UTILITARIO,nome,,,G,gasolina,24,BMW,X6,automoveis
2018,33,BMW,X6 XDRIVE35I,UTILITARIO,nome,,,G,gasolina,24,BMW,X6,automoveis
2018,33,BMW,X5 XDRIVE35I,UTILITARIO,nome,,,G,gasolina,24,BMW,X5,automoveis
2018,33,BMW,X4 XDRIVE28I,UTILITARIO,nome,,,G,gasolina,24,BMW,X4,automoveis
2018,33,BMW,X5 XDRIVE30D,UTILITARIO,nome,,,D,diesel,26,BMW,X5,automoveis
2018,33,BMW,X3 XDRIVE 20I,UTILITARIO,nome,,,G,gasolina,24,BMW,X3,automoveis
2018,33,BMW,X3 XDRIVE 30I,UTILITARIO,nome,,,G,gasolina,24,BMW,X3,automoveis
2018,33,BMW,X3 M40I,UTILITARIO,nome,,,G,gasolina,24,BMW,X3,automoveis
2018,34,BMW,X3 XDRIVE 20I,UTILITARIO,nome,,,G,gasolina,24,BMW,X3,automoveis
2018,34,BMW,X3 XDRIVE 30I,UTILITARIO,nome,,,G,gasolina,24,BMW,X3,automoveis
2018,34,BMW,X3 M40I,UTILITARIO,nome,,,G,gasolina,24,BMW,X3,automoveis
2018,34,BMW,X5 M,UTILITARIO,nome,,,G,gasolina,24,BMW,X5,automoveis
2018,34,BMW,X5 XDRIVE M50D,UTILITARIO,nome,,,D,diesel,26,BMW,X5,automoveis
2018,34,CHEVROLET,PREMIER GASOLINA 4X4,EQUINOX,linha_acima,,,G,gasolina,24,GM,EQUINOX,automoveis
2018,34,CHEVROLET,TRAILBLAZER LTZ GASOLINA 4X4,UTILITARIO,nome,,,G,gasolina,24,GM,TRAILBLAZER,automoveis
2018,34,CHEVROLET,TRAILBLAZER LT / LTZ DIESEL 4X4,UTILITARIO,nome,,,D,diesel,26,GM,TRAILBLAZER,automoveis
2018,34,CHEVROLET,PREMIER GASOLINA 4X4,EQUINOX,linha_acima,,,G,gasolina,24,GM,EQUINOX,automoveis
2018,34,SUBARU,FORESTER L,UTILITARIO,nome,,,G,gasolina,24,SUBARU,FORESTER,automoveis
2018,34,SUBARU,FORESTER S,UTILITARIO,nome,,,G,gasolina,24,SUBARU,FORESTER,automoveis
2018,34,SUBARU,FORESTER XT,UTILITARIO,nome,,,G,gasolina,24,SUBARU,FORESTER,automoveis
2018,35,KIA,SORENTO,UTILITARIO,nome,,,G,gasolina,24,KIA,SORENTO,automoveis
2018,35,KIA,MOHAVE EX,UTILITARIO,nome,,,D,diesel,26,KIA,MOHAVE,automoveis
2018,35,KIA,SPORTAGE EX2/ LX2 FFG4,UTILITARIO,nome,,,F,flex,25,KIA,SPORTAGE,automoveis
2018,35,KIA,SORENTO,UTILITARIO,nome,,,G,gasolina,24,KIA,SORENTO,automoveis
2018,35,MERCEDES-BENZ,GLC 250 4M,UTILITARIO,nome,,,G,gasolina,24,M.BENZ,GLC,automoveis
2018,35,MERCEDES-BENZ,GLC 250 4M COUPE,UTILITARIO,nome,,,G,gasolina,24,M.BENZ,GLC,automoveis
2018,35,MERCEDES-BENZ,GLE 350D,UTILITARIO,nome,,,D,diesel,26,M.BENZ,GLE,automoveis
2018,35,MERCEDES-BENZ,GLE 400 COUPE,UTILITARIO,nome,,,G,gasolina,24,M.BENZ,GLE,automoveis
2018,35,JAGUAR,EPACE RDY / P250 SE / P250 SE RDY / P250,UTILITARIO P250 FIRSTED / P250 S / P250 S,nome,,,G,gasolina,24,JAGUAR,EPACE,automoveis
2018,36,JAGUAR,FPACE 380CV V6 S,UTILITARIO,nome,,,G,gasolina,24,JAGUAR,FPACE,automoveis
2018,36,JAGUAR,FPACE 300CVG PREST / 300CVG R SPT,UTILITARIO,nome,,,G,gasolina,24,JAGUAR,FPACE,automoveis
2018,36,JAGUAR,EPACE P300 HSE RDY / P300 SE RDY,UTILITARIO,nome,,,G,gasolina,24,JAGUAR,EPACE,automoveis
2018,36,JAGUAR,FPACE 250CVG PREST /,UTILITARIO 250CVG PURE /,nome,,,G,gasolina,24,JAGUAR,FPACE,automoveis
2018,36,MITSUBISHI,ECLIPSE CROSS HPE-S S-AWC,UTILITARIO,nome,,,G,gasolina,24,MITSUBISHI,ECLIPSE CROSS,automoveis
2018,37,MITSUBISHI,OUTLANDER GT 4WD,(CVT),nome,,,G,gasolina,24,MITSUBISHI,OUTLANDER,automoveis
2018,37,MITSUBISHI,OUTLANDER 4WD,,nome,,,D,diesel,26,MITSUBISHI,OUTLANDER,automoveis
2018,37,MITSUBISHI,PAJERO HPE,,nome,,,G,gasolina,24,MITSUBISHI,PAJERO,automoveis
2018,37,MITSUBISHI,PAJERO HPE,,nome,,,D,diesel,26,MITSUBISHI,PAJERO,automoveis
2018,37,SUZUKI,JIMNY 4X4,4ALL / 4SPORT / 4WORK / 4WORK,nome,,,G,gasolina,24,SUZUKI,JIMNY,automoveis
2018,37,TOYOTA,SRX,SW4,linha_acima,,,G,gasolina,24,TOYOTA,HILUX SW4,automoveis
2018,37,TOYOTA,SRX,SW4,linha_acima,,,G,gasolina,24,TOYOTA,HILUX SW4,comerciais_leves
2018,37,TOYOTA,SRV / SRX / SR / DIAMOND,SW4 DIESEL,linha_acima,,,D,diesel,26,TOYOTA,HILUX SW4,automoveis
2018,37,TOYOTA,SRV / SRX / SR / DIAMOND,SW4 DIESEL,linha_acima,,,D,diesel,26,TOYOTA,HILUX SW4,comerciais_leves
2018,37,JEEP,COMPASS TRAILHAWK,4X4,nome,,,D,diesel,26,JEEP,COMPASS,automoveis
2018,37,JEEP,RENEGADE TRAILHAWK,,nome,,,D,diesel,26,JEEP,RENEGADE,automoveis
2018,37,JEEP,WRANGLER,SPORT 2PT / UNLIMITED 4PT / UNLIMITED,nome,,,G,gasolina,24,JEEP,WRANGLER,automoveis
2018,37,TROLLER,T4 XLT,SAHARA 4PT,nome,,,D,diesel,26,TROLLER,T4,automoveis
2018,38,LAND ROVER,EVOQUE SI4 CABRIO,ROVER SPORT,nome,,,G,gasolina,24,LAND ROVER,EVOQUE,automoveis
2018,38,LAND ROVER,EVOQUE,PURE / SE / SE DYNAMIC / HSE,nome,,,G,gasolina,24,LAND ROVER,EVOQUE,automoveis
2018,38,LAND ROVER,EVOQUE,PURE / SE / SE DYNAMIC / HSE,nome,,,G,gasolina,24,LAND ROVER,EVOQUE,automoveis
2018,38,LAND ROVER,EVOQUE,P240 HSE DYN / P240 PURE /,nome,,,G,gasolina,24,LAND ROVER,EVOQUE,automoveis
2018,38,LAND ROVER,,DISCOVERY SI4 S / SI4 SE / SI4 HSE / SI4 HSE L /,linha_acima,,,G,gasolina,24,LAND ROVER,DISCOVERY,automoveis
2018,38,LAND ROVER,P240 HSEL / P240 HSEL 7L /,DISCOVERY,linha_acima,,,G,gasolina,24,LAND ROVER,DISCOVERY,automoveis
2018,38,LAND ROVER,VELAR,P250 HSE / P250 STD RD /,nome,,,G,gasolina,24,LAND ROVER,VELAR,automoveis
2018,38,LAND ROVER,VELAR P380 S RDYN / P380 SE /,P380 HSE RDYN / P380 S /,nome,,,G,gasolina,24,LAND ROVER,VELAR,automoveis
2018,39,LAND ROVER,EVOQUE SE TD4 / HSE TD4,(CVT),nome,,,D,diesel,26,LAND ROVER,EVOQUE,automoveis
2018,39,LAND ROVER,EVOQUE,D240 HB / D240 HSE DYN /,nome,,,D,diesel,26,LAND ROVER,EVOQUE,automoveis
2018,39,LAND ROVER,EVOQUE D240 HSE DYN / D240 SE DYN /,D240 SE / D240 SE DYN /,nome,,,D,diesel,26,LAND ROVER,EVOQUE,automoveis
2018,39,LAND ROVER,TD4 HSEL7L / TD4 S/ TD4 SE /,DISCOVERY,linha_acima,,,D,diesel,26,LAND ROVER,DISCOVERY,automoveis
2018,39,LAND ROVER,D240 HSEL / D240 HSEL7,DISCOVERY,linha_acima,,,D,diesel,26,LAND ROVER,DISCOVERY,automoveis
2018,39,LAND ROVER,DISCOVERY,SDV6 S / SDV6BLACK / SDV6 HSE /,nome,,,D,diesel,26,LAND ROVER,DISCOVERY,automoveis
2018,39,LAND ROVER,DISCOVERY TD6 HSEL / TD6 HSEL7 / TD6 PURE /,TD6 FE 7 / TD6 HSE/ TD6 HSE 7 /,nome,,,D,diesel,26,LAND ROVER,DISCOVERY,automoveis
2018,40,LAND ROVER,EVOQUE,P240 PURE / P240 SE / P240 SE,nome,,,G,gasolina,24,LAND ROVER,EVOQUE,automoveis
2018,40,LAND ROVER,EVOQUE P240 PURE / P240 SE / P240 SE,P240 HSE DYN / P240 LANDMAR /,nome,,,G,gasolina,24,LAND ROVER,EVOQUE,automoveis
2018,40,LAND ROVER,EVOQUE,P240FF HSE DYN / P240FF PURE /,nome,,,F,flex,25,LAND ROVER,EVOQUE,automoveis
2018,40,LAND ROVER,EVOQUE P240 CABRIO,P240FF SE / P240FF SE DYN,nome,,,G,gasolina,24,LAND ROVER,EVOQUE,automoveis
2018,40,LAND ROVER,EVOQUE P290 AB,,nome,,,G,gasolina,24,LAND ROVER,EVOQUE,automoveis
2018,40,LAND ROVER,VELAR,S / P300 S RDYN / P300 SE / P300,nome,,,G,gasolina,24,LAND ROVER,VELAR,automoveis
2018,41,FIAT,DOBLO ESSENCE 7L,PICASSO 16V,nome,,,F,flex,25,FIAT,DOBLO,automoveis
2018,41,FIAT,DOBLO ESSENCE 7L,PICASSO 16V,nome,,,F,flex,25,FIAT,DOBLO,comerciais_leves
2018,41,DODGE,JOURNEY RT,,nome,,,G,gasolina,24,DODGE,JOURNEY,automoveis
2018,41,CHEVROLET,SPIN (MY18),,nome,,,F,flex,25,GM,SPIN,automoveis
2018,41,CHEVROLET,SPIN (MY18),,nome,,,F,flex,25,GM,SPIN,automoveis
2018,41,CHEVROLET,SPIN (MY19),,nome,,,F,flex,25,GM,SPIN,automoveis
2018,41,CHEVROLET,SPIN (MY19),,nome,,,F,flex,25,GM,SPIN,automoveis
2018,41,CHEVROLET,SPIN (MY19) AT ACT7 (7L),,nome,,,F,flex,25,GM,SPIN,automoveis
2018,41,KIA,CARNIVAL EX / LX,,nome,,,G,gasolina,24,KIA,CARNIVAL,automoveis
2018,41,MERCEDES-BENZ,,VITO TOURER,linha_acima,,,F,flex,25,M.BENZ,VITO,comerciais_leves
2018,42,PEUGEOT,BOXER,MINIBUS 330M 2.3 / FURGAO 350LH,nome,,,D,diesel,26,PEUGEOT,BOXER,comerciais_leves
2018,42,PEUGEOT,EXPERT BUSINESS / BUSINESS PACK,2.3,nome,,,D,diesel,26,PEUGEOT,EXPERT,comerciais_leves
2018,42,PEUGEOT,PARTNER FURGAO / FURGAO PL,,nome,,,F,flex,25,PEUGEOT,PARTNER,comerciais_leves
2018,42,PEUGEOT,EXPERT MINIBUS,,nome,,,D,diesel,26,PEUGEOT,EXPERT,comerciais_leves
2018,42,CITROEN,JUMPER,MINIBUS 2.3HDI 33M / FURGAO 2.3HDI,nome,,,D,diesel,26,CITROEN,JUMPER,comerciais_leves
2018,42,CITROEN,JUMPY FURGAO / FURGAO PACK,1.6 TDI,nome,,,D,diesel,26,CITROEN,JUMPY,comerciais_leves
2018,42,CITROEN,BERLINGO FURGAO / FURGAO PL,16V,nome,,,F,flex,25,CITROEN,BERLINGO,automoveis
2018,42,CITROEN,BERLINGO FURGAO / FURGAO PL,16V,nome,,,F,flex,25,CITROEN,BERLINGO,comerciais_leves
2018,42,CITROEN,JUMPY MINIBUS,,nome,,,D,diesel,26,CITROEN,JUMPY,comerciais_leves
2018,42,FIAT,FIORINO,,nome,,,F,flex,25,FIAT,FIORINO,comerciais_leves
2018,42,FIAT,FIORINO HARD WORKING,,nome,,,F,flex,25,FIAT,FIORINO,comerciais_leves
2018,42,FIAT,DUCATO CHASSI,,nome,,,D,diesel,26,FIAT,DUCATO,comerciais_leves
2018,42,FIAT,DUCATO CARGO 8M3,,nome,,,D,diesel,26,FIAT,DUCATO,comerciais_leves
2018,42,FIAT,DUCATO CARGO 10M3,,nome,,,D,diesel,26,FIAT,DUCATO,comerciais_leves
2018,42,FIAT,DUCATO MAXI CARGO 13M3,,nome,,,D,diesel,26,FIAT,DUCATO,comerciais_leves
2018,42,FIAT,DUCATO MULTI LONGO,,nome,,,D,diesel,26,FIAT,DUCATO,comerciais_leves
2018,42,FIAT,DUCATO MULTI EXTRA LONGO,,nome,,,D,diesel,26,FIAT,DUCATO,comerciais_leves
2018,42,RENAULT,KANGOO EXPRESS,,nome,,,F,flex,25,RENAULT,KANGOO,automoveis
2018,42,RENAULT,KANGOO EXPRESS,,nome,,,F,flex,25,RENAULT,KANGOO,comerciais_leves
2018,42,RENAULT,MASTER BUS MINIBUS / TRABUS,,nome,,,D,diesel,26,RENAULT,MASTER,comerciais_leves
2018,42,RENAULT,MASTER FURGAO FURGAO,,nome,,,D,diesel,26,RENAULT,MASTER,comerciais_leves
2018,42,RENAULT,CHASSIS CABINE,MASTER CHASSIS,linha_acima,,,D,diesel,26,RENAULT,MASTER,comerciais_leves
2018,42,KIA,BONGO K2500 HD SC,CABINE,nome,,,D,diesel,26,KIA,BONGO,comerciais_leves
2018,42,MERCEDES-BENZ,,SPRINTER STREET,linha_acima,,,D,diesel,26,M.BENZ,SPRINTER,comerciais_leves
2018,42,MERCEDES-BENZ,VITO 111 CDI,313,nome,,,D,diesel,26,M.BENZ,VITO,comerciais_leves
2018,43,VW,SAVEIRO CS ROBUST / TRENDLINE,PICAPE,nome,,,F,flex,25,VW,SAVEIRO,comerciais_leves
2018,43,VW,SAVEIRO CE PEPPER,PICAPE,nome,,,F,flex,25,VW,SAVEIRO,comerciais_leves
2018,43,VW,SAVEIRO CD ROBUST / PEPPER,PICAPE,nome,,,F,flex,25,VW,SAVEIRO,comerciais_leves
2018,43,VW,SAVEIRO CE CROSS,PICAPE,nome,,,F,flex,25,VW,SAVEIRO,comerciais_leves
2018,43,VW,SAVEIRO CD CROSS,PICAPE,nome,,,F,flex,25,VW,SAVEIRO,comerciais_leves
2018,43,FIAT,STRADA ADVENTURE CE / ADVENTURE CD,PICAPE,nome,,,F,flex,25,FIAT,STRADA,comerciais_leves
2018,43,FIAT,STRADA,PICAPE HARD WORKING CS / HARD WORKING CE /,nome,,,F,flex,25,FIAT,STRADA,comerciais_leves
2018,43,FIAT,STRADA WORKING CS,PICAPE,nome,,,F,flex,25,FIAT,STRADA,comerciais_leves
2018,43,FIAT,STRADA WORKING PLUS CS,PICAPE,nome,,,F,flex,25,FIAT,STRADA,comerciais_leves
2018,43,FIAT,STRADA FREEDOM,PICAPE,nome,,,F,flex,25,FIAT,STRADA,comerciais_leves
2018,43,RENAULT,OROCH DYNAMIQUE,PICAPE,nome,,,F,flex,25,RENAULT,OROCH,comerciais_leves
2018,43,RENAULT,OROCH DYNAMIQUE (4X2),PICAPE,nome,,,F,flex,25,RENAULT,OROCH,comerciais_leves
2018,43,RENAULT,OROCH 4X2 / DYNAMIQUE / EXPRESSION,PICAPE,nome,,,F,flex,25,RENAULT,OROCH,comerciais_leves
2018,44,NISSAN,FRONTIER 23 LE / 23 SE,(CVT),nome,,,D,diesel,26,NISSAN,FRONTIER,comerciais_leves
2018,44,MITSUBISHI,GLS / GLX / GL,L200 TRITON,linha_acima,,,D,diesel,26,MITSUBISHI,L200,comerciais_leves
2018,44,MITSUBISHI,HPE S / HPE / GLS,L200 TRITON,linha_acima,,,D,diesel,26,MITSUBISHI,L200,comerciais_leves
2018,44,MITSUBISHI,L200 TRITON OUTDOOR,SPORT,nome,,,F,flex,25,MITSUBISHI,L200,comerciais_leves
2018,44,JAC,V260 --,,nome,,,D,diesel,26,JAC,V260,comerciais_leves
2018,44,SSANGYONG,DLX / STD,ACTYON,linha_acima,,,D,diesel,26,SSANGYONG,ACTYON,automoveis
2018,44,TOYOTA,CD SRV,HILUX FLEX,linha_acima,,,F,flex,25,TOYOTA,HILUX,comerciais_leves
2018,44,TOYOTA,CD SRV / CD SR / CHALLENGE,HILUX FLEX,linha_acima,,,F,flex,25,TOYOTA,HILUX,comerciais_leves
2018,44,TOYOTA,SRX / SRV / SR / CHALLENGE,HILUX DIESEL,linha_acima,,,D,diesel,26,TOYOTA,HILUX,comerciais_leves
2018,44,TOYOTA,STD / SC / CC/ NARROW,HILUX DIESEL,linha_acima,,,D,diesel,26,TOYOTA,HILUX,comerciais_leves
2018,44,TOYOTA,SR / SRV,HILUX FLEX,linha_acima,,,F,flex,25,TOYOTA,HILUX,comerciais_leves
2018,44,VW,AMAROK S,4X2,nome,,,D,diesel,26,VW,AMAROK,comerciais_leves
2018,44,VW,AMAROK SE,,nome,,,D,diesel,26,VW,AMAROK,comerciais_leves
2018,44,VW,AMAROK TRENDLINE / HIGHLINE / EXTREME,,nome,,,D,diesel,26,VW,AMAROK,comerciais_leves
2018,44,VW,AMAROK V6 HIGHLINE,,nome,,,D,diesel,26,VW,AMAROK,comerciais_leves
2018,45,FIAT,TORO BLACKJACK,(CVT),nome,,,F,flex,25,FIAT,TORO,comerciais_leves
2018,45,FIAT,TORO FREEDOM,,nome,,,F,flex,25,FIAT,TORO,comerciais_leves
2018,45,FIAT,TORO FREEDOM,,nome,,,F,flex,25,FIAT,TORO,comerciais_leves
2018,45,FIAT,TORO FREEDOM 4X2,,nome,,,D,diesel,26,FIAT,TORO,comerciais_leves
2018,45,FIAT,TORO FREEDOM 4X4,,nome,,,D,diesel,26,FIAT,TORO,comerciais_leves
2018,45,FIAT,TORO FREEDOM 4X4,,nome,,,D,diesel,26,FIAT,TORO,comerciais_leves
2018,45,FIAT,TORO VOLCANO 4X4,,nome,,,D,diesel,26,FIAT,TORO,comerciais_leves
2018,45,FIAT,TORO ENDURANCE,,nome,,,F,flex,25,FIAT,TORO,comerciais_leves
2018,45,FIAT,TORO (2019) FREEDOM 4X4,,nome,,,D,diesel,26,FIAT,TORO,comerciais_leves
2018,45,FIAT,TORO (2019) VOLCANO 4X4,,nome,,,D,diesel,26,FIAT,TORO,comerciais_leves
2018,45,FIAT,TORO (2019) RANCH,,nome,,,D,diesel,26,FIAT,TORO,comerciais_leves
2018,45,FIAT,TORO (2019) VOLCANO / BLACKJACK,,nome,,,F,flex,25,FIAT,TORO,comerciais_leves
2018,46,CHEVROLET,S10,LS / LT CABINE DUPLA DIESEL 4X4,nome,,,D,diesel,26,GM,S10,comerciais_leves
2018,46,CHEVROLET,S10 LTZ / LT CABINE DUPLA DIESEL 4X2,LT CABINE DUPLA DIESEL 4X2,nome,,,D,diesel,26,GM,S10,comerciais_leves
2018,46,CHEVROLET,S10,100Y / HIGH COUNTRY / LTZ / LT CABINE,nome,,,D,diesel,26,GM,S10,comerciais_leves
2018,46,CHEVROLET,S10 MIDNIGHT CABINE DUPLA DIESEL 4X4,DUPLA DIESEL 4X4,nome,,,D,diesel,26,GM,S10,comerciais_leves
2018,46,CHEVROLET,S10 LS FLEX CABINE SIMPLES 4X2,,nome,,,F,flex,25,GM,S10,comerciais_leves
2018,46,CHEVROLET,S10 LS / LT / LTZ FLEX CABINE DUPLA 4X2,,nome,,,F,flex,25,GM,S10,comerciais_leves
2018,46,CHEVROLET,S10 ADV FLEX CABINE DUPLA 4X2,,nome,,,F,flex,25,GM,S10,comerciais_leves
2018,46,CHEVROLET,S10 LT/ LTZ FLEX CABINE DUPLA 4X4,,nome,,,F,flex,25,GM,S10,comerciais_leves
2018,46,CHEVROLET,S10 HIGH COUNTRY FLEX CABINE DUPLA 4X2,,nome,,,F,flex,25,GM,S10,comerciais_leves
2018,46,CHEVROLET,S10 HIGH COUNTRY FLEX CABINE DUPLA 4X4,,nome,,,F,flex,25,GM,S10,comerciais_leves
2018,46,CHEVROLET,S10 LT / LTZ FLEX CABINE DUPLA 4X2,,nome,,,F,flex,25,GM,S10,comerciais_leves
2018,46,CHEVROLET,S10 LT / LTZ FLEX CABINE DUPLA 4X4,,nome,,,F,flex,25,GM,S10,comerciais_leves
2018,46,CHEVROLET,S10 HIGH COUNTRY FLEX CABINE DUPLA 4X2,,nome,,,F,flex,25,GM,S10,comerciais_leves
2018,46,CHEVROLET,S10 HIGH COUNTRY FLEX CABINE DUPLA 4X4,,nome,,,F,flex,25,GM,S10,comerciais_leves
2018,46,CHEVROLET,S10 LS DIESEL CABINE CHASSIS 4X4,,nome,,,D,diesel,26,GM,S10,comerciais_leves
2018,46,CHEVROLET,S10 LS DIESEL CABINE SIMPLES 4X4,,nome,,,D,diesel,26,GM,S10,comerciais_leves
2018,47,FORD,XLS / XLT,RANGER 4X2 C.,linha_acima,,,F,flex,25,FORD,RANGER,comerciais_leves
2018,47,FORD,LIMITED,RANGER 4X2 C.,linha_acima,,,F,flex,25,FORD,RANGER,comerciais_leves
2018,47,FORD,XLS,RANGER 4X2 C.,linha_acima,,,F,flex,25,FORD,RANGER,comerciais_leves
2018,47,FORD,XLT / LIMITED,RANGER 4X4 C.,linha_acima,,,D,diesel,26,FORD,RANGER,comerciais_leves
2018,47,FORD,XLT,RANGER 4X4 C.,linha_acima,,,D,diesel,26,FORD,RANGER,comerciais_leves
2018,47,FORD,XLS,RANGER 4X4 C.,linha_acima,,,D,diesel,26,FORD,RANGER,comerciais_leves
2018,47,FORD,XL / XLS,RANGER 4X4 C.,linha_acima,,,D,diesel,26,FORD,RANGER,comerciais_leves
2018,47,FORD,CHASSIS C. / C. XL / XLS,RANGER 4X4,linha_acima,,,D,diesel,26,FORD,RANGER,comerciais_leves
2018,47,FORD,XLS,RANGER 4X2 C.,linha_acima,,,D,diesel,26,FORD,RANGER,comerciais_leves
2018,47,FORD,XLS,RANGER 4X2 C.,linha_acima,,,D,diesel,26,FORD,RANGER,comerciais_leves
2018,48,PORSCHE,911 CARRERA / CARRERA CABRIOLET,,nome,,,G,gasolina,24,PORSCHE,911,automoveis
2018,48,PORSCHE,911 CARRERA 4S / CARRERA 4S CABRIOLET/,CARRERA S / CARRERA S CABRIOLET /,nome,,,G,gasolina,24,PORSCHE,911,automoveis
2018,48,PORSCHE,911,CARRERA 4 / CARRERA 4 CABRIOLET / TARGA,nome,,,G,gasolina,24,PORSCHE,911,automoveis
2018,48,PORSCHE,911 TURBO / TURBO CABRIOLET,4,nome,,,G,gasolina,24,PORSCHE,911,automoveis
2018,48,PORSCHE,911 TURBO S / TURBO S CABRIOLET,,nome,,,G,gasolina,24,PORSCHE,911,automoveis
2018,48,PORSCHE,911,CAR GTS CA / CARRERAGTS / CAR4,nome,,,G,gasolina,24,PORSCHE,911,automoveis
2018,48,PORSCHE,911 CARRERA T,GTSCA / TARGA 4GTS / CAR 4 GTS,nome,,,G,gasolina,24,PORSCHE,911,automoveis
2018,48,PORSCHE,911 CARRERA T,,nome,,,G,gasolina,24,PORSCHE,911,automoveis
2018,48,PORSCHE,911 GT2 RS,,nome,,,G,gasolina,24,PORSCHE,911,automoveis
2018,48,PORSCHE,911 GT3 RS,,nome,,,G,gasolina,24,PORSCHE,911,automoveis
2018,48,PORSCHE,BOXSTER ***,,nome,,,G,gasolina,24,PORSCHE,BOXSTER,automoveis
2018,48,PORSCHE,BOXSTER S,,nome,,,G,gasolina,24,PORSCHE,BOXSTER,automoveis
2018,48,PORSCHE,BOXSTER GTS,,nome,,,G,gasolina,24,PORSCHE,BOXSTER,automoveis
2018,48,PORSCHE,CAYMAN ****,,nome,,,G,gasolina,24,PORSCHE,CAYMAN,automoveis
2018,48,PORSCHE,CAYMAN S,,nome,,,G,gasolina,24,PORSCHE,CAYMAN,automoveis
2018,48,PORSCHE,CAYMAN GTS,,nome,,,G,gasolina,24,PORSCHE,CAYMAN,automoveis
2018,49,PORSCHE,PANAMERA **** / 4,(CVT),nome,,,G,gasolina,24,PORSCHE,PANAMERA,automoveis
2018,49,PORSCHE,PANAMERA 4S,,nome,,,G,gasolina,24,PORSCHE,PANAMERA,automoveis
2018,49,PORSCHE,PANAMERA TURBO,,nome,,,G,gasolina,24,PORSCHE,PANAMERA,automoveis
2018,49,PORSCHE,PANAMERA TSEHY,,nome,,,G,gasolina,24,PORSCHE,PANAMERA,automoveis
2018,49,PORSCHE,PANAMERA TSEHE,,nome,,,G,gasolina,24,PORSCHE,PANAMERA,automoveis
2018,49,PORSCHE,PANAMERA TSEHS,,nome,,,G,gasolina,24,PORSCHE,PANAMERA,automoveis
2018,49,PORSCHE,PANAMERA 4EHYB,,nome,,,G,gasolina,24,PORSCHE,PANAMERA,automoveis
2018,49,PORSCHE,PANAMERA 4EHEX,,nome,,,G,gasolina,24,PORSCHE,PANAMERA,automoveis
2018,49,PORSCHE,PANAMERA 4EHST,,nome,,,G,gasolina,24,PORSCHE,PANAMERA,automoveis
2018,49,PORSCHE,PANAMERA T ST,,nome,,,G,gasolina,24,PORSCHE,PANAMERA,automoveis
2018,49,PORSCHE,PANAMERA 4 ST,,nome,,,G,gasolina,24,PORSCHE,PANAMERA,automoveis
2018,49,JAGUAR,F-TYPE COUPE / CABRIO,,nome,,,G,gasolina,24,JAGUAR,F-TYPE,automoveis
2018,49,JAGUAR,F-TYPE SCABRIO / SCOUPE,,nome,,,G,gasolina,24,JAGUAR,F-TYPE,automoveis
2018,49,JAGUAR,F-TYPE R COUP4W,,nome,,,G,gasolina,24,JAGUAR,F-TYPE,automoveis
2018,49,JAGUAR,F-TYPE 400SPORT,,nome,,,G,gasolina,24,JAGUAR,F-TYPE,automoveis
2018,50,AUDI,RS6 AVANT PLUS -,(CVT),nome,,,G,gasolina,24,AUDI,RS6 AVANT,automoveis
2018,50,AUDI,TT COUPE,PLUS,nome,,,G,gasolina,24,AUDI,TT,automoveis
2018,50,AUDI,TT ROADSTER,,nome,,,G,gasolina,24,AUDI,TT,automoveis
2018,50,AUDI,TTS COUPE,,nome,,,G,gasolina,24,AUDI,TTS,automoveis
2018,50,AUDI,TTS ROADSTER,,nome,,,G,gasolina,24,AUDI,TTS,automoveis
2018,50,AUDI,R8 COUPE,,nome,,,G,gasolina,24,AUDI,R8,automoveis
2018,50,AUDI,R8 SPYDER,,nome,,,G,gasolina,24,AUDI,R8,automoveis
2018,50,BMW,430I CABRIO,,nome,,,G,gasolina,24,BMW,430I,automoveis
2018,50,BMW,M4 CABRIO,,nome,,,G,gasolina,24,BMW,M4,automoveis
2018,50,BMW,M4 COUPE,,nome,,,G,gasolina,24,BMW,M4,automoveis
2018,50,MINI,COOPER S,WORKS,nome,,,G,gasolina,24,MINI,COOPER,automoveis
2018,50,MINI,COOPER S CABRIO,,nome,,,G,gasolina,24,MINI,COOPER,automoveis
2018,50,BMW,M2 -,,nome,,,G,gasolina,24,BMW,M2,automoveis
2018,50,BMW,M240I -,,nome,,,G,gasolina,24,BMW,M240I,automoveis
2018,50,BMW,I8 -,,nome,,,G,gasolina,24,BMW,I8,automoveis
2018,50,MINI,COOPER S,,nome,,,G,gasolina,24,MINI,COOPER,automoveis
2018,50,CHEVROLET,CAMARO 2SS / 50TH,6.2L -,nome,,,G,gasolina,24,GM,CAMARO,automoveis
2018,50,CHEVROLET,CAMARO 2SS CONV,6.2L -,nome,,,G,gasolina,24,GM,CAMARO,automoveis
2018,50,FORD,MUSTANG GT,16V,nome,,,G,gasolina,24,FORD,MUSTANG,automoveis
2018,51,MERCEDES-BENZ,AMG GT R,,nome,,,G,gasolina,24,M.BENZ,AMG GT,automoveis
2018,51,MERCEDES-BENZ,C250 COUPE,,nome,,,G,gasolina,24,M.BENZ,C 250,automoveis
2018,51,MERCEDES-BENZ,C300 CABRIO,,nome,,,G,gasolina,24,M.BENZ,CLASSE C,automoveis
2018,51,MERCEDES-BENZ,E300 COUPE,,nome,,,G,gasolina,24,M.BENZ,CLASSE E,automoveis
2018,51,MERCEDES-BENZ,SLC 300,,nome,,,G,gasolina,24,M.BENZ,SLC 300,automoveis
2018,51,MERCEDES-BENZ,CLS 400,,nome,,,G,gasolina,24,M.BENZ,CLS,automoveis
2018,51,MERCEDES-BENZ,AMG GT C ROADSTER,,nome,,,G,gasolina,24,M.BENZ,AMG GT,automoveis
2018,51,MERCEDES-BENZ,E300 CABRIO,,nome,,,G,gasolina,24,M.BENZ,CLASSE E,automoveis
2018,52,JAGUAR,F-TYPE,300 CB / 300 CP / 300RD CB / 300RD,nome,,,G,gasolina,24,JAGUAR,F-TYPE,automoveis
2019,1,CAOA CHERY,NEW QQ SMILE /,1.0 LOOK / 1.0 LOOK PLUS / 1.0,nome,,,F,flex,25,CAOA CHERY,QQ,automoveis
2019,1,CAOA CHERY,NEW QQ SMILE /,1.0 LOOK / 1.0 LOOK PLUS / 1.0,nome,,,F,flex,25,CHERY,QQ,automoveis
2019,1,KIA,PICANTO EX5/ LX5,1.0 ACT PLUS,nome,,,F,flex,25,KIA,PICANTO,automoveis
2019,1,KIA,PICANTO EX5/ LX5,,nome,,,F,flex,25,KIA,PICANTO,automoveis
2019,1,VW,UP! MOVE,,nome,,,F,flex,25,VW,UP,automoveis
2019,1,VW,UP! MOVE (I-MOTION),,nome,,,F,flex,25,VW,UP,automoveis
2019,1,VW,"UP! TSI MOVE (RODAS ARO 14"")",,nome,,,F,flex,25,VW,UP,automoveis
2019,1,VW,UP! TSI,"MOVE (RODAS ARO 15"")",nome,,,F,flex,25,VW,UP,automoveis
2019,1,VW,UP! TSI CROSS,/ PEPPER,nome,,,F,flex,25,VW,UP,automoveis
2019,1,FIAT,500 CULT,,nome,,,F,flex,25,FIAT,500,automoveis
2019,1,FIAT,MOBI DRIVE,,nome,,,F,flex,25,FIAT,MOBI,automoveis
2019,1,FIAT,MOBI DRIVE GSR,,nome,,,F,flex,25,FIAT,MOBI,automoveis
2019,1,FIAT,MOBI EASY,,nome,,,F,flex,25,FIAT,MOBI,automoveis
2019,1,FIAT,MOBI LIKE,,nome,,,F,flex,25,FIAT,MOBI,automoveis
2019,1,FIAT,MOBI WAY,,nome,,,F,flex,25,FIAT,MOBI,automoveis
2019,1,FIAT,MOBI EASY,,nome,,,F,flex,25,FIAT,MOBI,automoveis
2019,1,FIAT,NOVO UNO DRIVE,,nome,,,F,flex,25,FIAT,UNO,automoveis
2019,1,FIAT,NOVO UNO DRIVE,,nome,,,F,flex,25,FIAT,UNO,comerciais_leves
2019,1,FIAT,NOVO UNO ATTRACTIVE,,nome,,,F,flex,25,FIAT,UNO,automoveis
2019,1,FIAT,NOVO UNO ATTRACTIVE,,nome,,,F,flex,25,FIAT,UNO,comerciais_leves
2019,2,NISSAN,NEW MARCH 10 CONFORTO / 10 S / 10 SV,(CVT),nome,,,F,flex,25,NISSAN,MARCH,automoveis
2019,2,NISSAN,NEW MARCH 16 S / 16 SV / 16 SL,,nome,,,F,flex,25,NISSAN,MARCH,automoveis
2019,2,NISSAN,NEW MARCH 16 SV / 16 SL,,nome,,,F,flex,25,NISSAN,MARCH,automoveis
2019,2,CITROEN,C3 ORIGINE / ATTRACTION / TENDANCE,,nome,,,F,flex,25,CITROEN,C3,automoveis
2019,2,CITROEN,C3,ATTRACTION A / EXCLUSIVE A /,nome,,,F,flex,25,CITROEN,C3,automoveis
2019,2,PEUGEOT,208 GT,1.6 THP,nome,,,F,flex,25,PEUGEOT,208,automoveis
2019,2,PEUGEOT,208 ACTIVE MT / ACT PACK MT / ALLURE MT,16V FLEX,nome,,,F,flex,25,PEUGEOT,208,automoveis
2019,2,PEUGEOT,208 GRIFFE EAT6 / ACTIVE PK AT,,nome,,,F,flex,25,PEUGEOT,208,automoveis
2019,2,CHEVROLET,ONIX (MY19),HATCHBACK CROSS / READY,nome,,,F,flex,25,GM,ONIX,automoveis
2019,2,CHEVROLET,ONIX (MY19),,nome,,,F,flex,25,GM,ONIX,automoveis
2019,2,CHEVROLET,ONIX (MY19),,nome,,,F,flex,25,GM,ONIX,automoveis
2019,2,CHEVROLET,ONIX (MY19),,nome,,,F,flex,25,GM,ONIX,automoveis
2019,2,CHEVROLET,ONIX (MY19),,nome,,,F,flex,25,GM,ONIX,automoveis
2019,2,CHEVROLET,ONIX (MY19),,nome,,,F,flex,25,GM,ONIX,automoveis
2019,2,CHEVROLET,ONIX (MY19),,nome,,,F,flex,25,GM,ONIX,automoveis
2019,2,CHEVROLET,ONIX (MY19),,nome,,,F,flex,25,GM,ONIX,automoveis
2019,2,CHEVROLET,ONIX (MY19),,nome,,,F,flex,25,GM,ONIX,automoveis
2019,2,CHEVROLET,10MT JOYE,ONIX JOY,linha_acima,,,F,flex,25,GM,ONIX,automoveis
2019,2,HONDA,FIT DX / LX,(MY19),nome,,,F,flex,25,HONDA,FIT,automoveis
2019,2,HONDA,FIT DX / LX / EX / EXL / PERSONAL,,nome,,,F,flex,25,HONDA,FIT,automoveis
2019,3,FORD,KA HATCH S / SE,(CVT),nome,,,F,flex,25,FORD,KA,automoveis
2019,3,FORD,KA HATCH FREESTYLE,,nome,,,F,flex,25,FORD,KA,automoveis
2019,3,FORD,KA HATCH SE,,nome,,,F,flex,25,FORD,KA,automoveis
2019,3,FORD,KA HATCH TITANIUM,,nome,,,F,flex,25,FORD,KA,automoveis
2019,3,FORD,KA HATCH FREESTYLE,,nome,,,F,flex,25,FORD,KA,automoveis
2019,3,FORD,KA HATCH SE,,nome,,,F,flex,25,FORD,KA,automoveis
2019,3,FORD,SEL,NEW FIESTA,linha_acima,,,G,gasolina,24,FORD,NEW FIESTA,automoveis
2019,3,FORD,SE / SEL,NEW FIESTA,linha_acima,,,F,flex,25,FORD,NEW FIESTA,automoveis
2019,3,FORD,SE / SEL,NEW FIESTA,linha_acima,,,F,flex,25,FORD,NEW FIESTA,automoveis
2019,3,MINI,COOPER 5P,HATCH,nome,,,G,gasolina,24,MINI,COOPER,automoveis
2019,3,MINI,COOPER S 5P,,nome,,,G,gasolina,24,MINI,COOPER,automoveis
2019,3,MINI,COOPER,,nome,,,G,gasolina,24,MINI,COOPER,automoveis
2019,3,VW,FOX CONNECT,,nome,,,F,flex,25,VW,FOX/CROSS FOX,automoveis
2019,3,VW,FOX XTREME,,nome,,,F,flex,25,VW,FOX/CROSS FOX,automoveis
2019,3,VW,FOX CONNECT (I-MOTION),,nome,,,F,flex,25,VW,FOX/CROSS FOX,automoveis
2019,3,VW,GOL (RODAS ARO 15),,nome,,,F,flex,25,VW,GOL,automoveis
2019,3,VW,GOL (RODAS ARO 15),,nome,,,F,flex,25,VW,GOL,comerciais_leves
2019,3,VW,GOL,,nome,,,F,flex,25,VW,GOL,automoveis
2019,3,VW,GOL,,nome,,,F,flex,25,VW,GOL,comerciais_leves
2019,3,VW,GOL,,nome,,,F,flex,25,VW,GOL,automoveis
2019,3,VW,GOL,,nome,,,F,flex,25,VW,GOL,comerciais_leves
2019,3,VW,GOL (RODAS ARO 14),,nome,,,F,flex,25,VW,GOL,automoveis
2019,3,VW,GOL (RODAS ARO 14),,nome,,,F,flex,25,VW,GOL,comerciais_leves
2019,3,HYUNDAI,HB20 UNIQUE / COMFORT PLUS / STYLE,,nome,,,F,flex,25,HYUNDAI,HB20,automoveis
2019,3,HYUNDAI,HB20 COMFORT PLUS / STYLE,,nome,,,F,flex,25,HYUNDAI,HB20,automoveis
2019,3,HYUNDAI,HB20,COMFORT PLUS / STYLE / PREMIUM /,nome,,,F,flex,25,HYUNDAI,HB20,automoveis
2019,3,HYUNDAI,HB20 COMFORT PLUS / STYLE,1.0-12V,nome,,,F,flex,25,HYUNDAI,HB20,automoveis
2019,4,FIAT,ARGO DRIVE ( COM STOP & START),(CVT),nome,,,F,flex,25,FIAT,ARGO,automoveis
2019,4,FIAT,ARGO DRIVE ( COM STOP & START),,nome,,,F,flex,25,FIAT,ARGO,automoveis
2019,4,FIAT,ARGO DRIVE GSR,,nome,,,F,flex,25,FIAT,ARGO,automoveis
2019,4,FIAT,ARGO HGT,,nome,,,F,flex,25,FIAT,ARGO,automoveis
2019,4,FIAT,ARGO HGT,,nome,,,F,flex,25,FIAT,ARGO,automoveis
2019,4,FIAT,ARGO PRECISION,,nome,,,F,flex,25,FIAT,ARGO,automoveis
2019,4,FIAT,ARGO PRECISION,,nome,,,F,flex,25,FIAT,ARGO,automoveis
2019,4,FIAT,ARGO,,nome,,,F,flex,25,FIAT,ARGO,automoveis
2019,4,FIAT,ARGO DRIVE,,nome,,,F,flex,25,FIAT,ARGO,automoveis
2019,4,FIAT,ARGO DRIVE,,nome,,,F,flex,25,FIAT,ARGO,automoveis
2019,4,RENAULT,SANDERO AUTHENTIQUE / EXPRESSION,,nome,,,F,flex,25,RENAULT,SANDERO,automoveis
2019,4,RENAULT,SANDERO DYNAMIQUE / EXPRESSION,,nome,,,F,flex,25,RENAULT,SANDERO,automoveis
2019,4,RENAULT,SANDERO EXPRESSION / DYNAMIQUE,,nome,,,F,flex,25,RENAULT,SANDERO,automoveis
2019,4,RENAULT,SANDERO GT LINE,,nome,,,F,flex,25,RENAULT,SANDERO,automoveis
2019,4,RENAULT,SANDERO RS,,nome,,,F,flex,25,RENAULT,SANDERO,automoveis
2019,5,NISSAN,NEW VERSA 10 CONFORTO / 10 S,(CVT),nome,,,F,flex,25,NISSAN,VERSA,automoveis
2019,5,NISSAN,NEW VERSA 16 S / 16 SV / 16 SL,,nome,,,F,flex,25,NISSAN,VERSA,automoveis
2019,5,NISSAN,NEW VERSA 16 SV / 16 SL / 16 UNIQUE,,nome,,,F,flex,25,NISSAN,VERSA,automoveis
2019,5,AUDI,A1 SPORTBACK ATTRACTION,,nome,,,G,gasolina,24,AUDI,A1,automoveis
2019,5,AUDI,A1 SPORTBACK AMBITION,,nome,,,G,gasolina,24,AUDI,A1,automoveis
2019,5,AUDI,A3 SPORTBACK ATTRACTION / AMBIENTE,,nome,,,G,gasolina,24,AUDI,A3,automoveis
2019,5,AUDI,RS3 SPORTBACK -,,nome,,,G,gasolina,24,AUDI,RS3,automoveis
2019,5,TOYOTA,ETIOS SEDA X / XS / XLS / X PLUS / PLATINUM,,nome,,,F,flex,25,TOYOTA,ETIOS SEDAN,automoveis
2019,5,TOYOTA,ETIOS SEDA X / XS / XLS / X PLUS / PLATINUM,,nome,,,F,flex,25,TOYOTA,ETIOS SEDAN,automoveis
2019,5,TOYOTA,PRIUS NGA / NGA TOP,,nome,,,G,gasolina,24,TOYOTA,PRIUS,automoveis
2019,5,TOYOTA,YARIS SEDA XL,HATCHBACK,nome,,,F,flex,25,TOYOTA,YARIS SEDAN,automoveis
2019,5,TOYOTA,YARIS SEDA XL / XL PLUS TECH / XS / XLS,,nome,,,F,flex,25,TOYOTA,YARIS SEDAN,automoveis
2019,5,LEXUS,CT200H CT200H / F SPORT,,nome,,,G,gasolina,24,LEXUS,CT200H,automoveis
2019,5,KIA,RIO EX / LX,,nome,,,F,flex,25,KIA,RIO,automoveis
2019,5,KIA,RIO EX / LX,,nome,,,F,flex,25,KIA,RIO,automoveis
2019,6,CHEVROLET,,COBALT,linha_acima,,,F,flex,25,GM,COBALT,automoveis
2019,6,CHEVROLET,,COBALT,linha_acima,,,F,flex,25,GM,COBALT,automoveis
2019,6,CHEVROLET,,COBALT,linha_acima,,,F,flex,25,GM,COBALT,automoveis
2019,6,CHEVROLET,,COBALT,linha_acima,,,F,flex,25,GM,COBALT,automoveis
2019,6,CHEVROLET,,COBALT,linha_acima,,,F,flex,25,GM,COBALT,automoveis
2019,6,CHEVROLET,,COBALT,linha_acima,,,F,flex,25,GM,COBALT,automoveis
2019,6,CHEVROLET,,PRISMA,linha_acima,,,F,flex,25,GM,PRISMA,automoveis
2019,6,CHEVROLET,,PRISMA,linha_acima,,,F,flex,25,GM,PRISMA,automoveis
2019,6,CHEVROLET,,PRISMA,linha_acima,,,F,flex,25,GM,PRISMA,automoveis
2019,6,CHEVROLET,,PRISMA,linha_acima,,,F,flex,25,GM,PRISMA,automoveis
2019,6,CHEVROLET,,PRISMA,linha_acima,,,F,flex,25,GM,PRISMA,automoveis
2019,6,CHEVROLET,,PRISMA,linha_acima,,,F,flex,25,GM,PRISMA,automoveis
2019,6,CHEVROLET,10MT JOYE,PRISMA JOY,linha_acima,,,F,flex,25,GM,PRISMA,automoveis
2019,6,CHEVROLET,SPIN (MY19),(MY19),nome,,,F,flex,25,GM,SPIN,automoveis
2019,6,CHEVROLET,SPIN (MY19),,nome,,,F,flex,25,GM,SPIN,automoveis
2019,6,CHEVROLET,SPIN (MY19) AT ACT (5L),,nome,,,F,flex,25,GM,SPIN,automoveis
2019,6,CHEVROLET,SPIN (MY19) AT LT (5L),,nome,,,F,flex,25,GM,SPIN,automoveis
2019,6,HONDA,CITY DX,,nome,,,F,flex,25,HONDA,CITY,automoveis
2019,6,HONDA,CITY DX / LX / EX / EXL / PERSONAL,,nome,,,F,flex,25,HONDA,CITY,automoveis
2019,7,FORD,KA SEDAN SE,(CVT),nome,,,F,flex,25,FORD,KA SEDAN,automoveis
2019,7,FORD,KA SEDAN SE,,nome,,,F,flex,25,FORD,KA SEDAN,automoveis
2019,7,FORD,KA SEDAN TITANIUM,,nome,,,F,flex,25,FORD,KA SEDAN,automoveis
2019,7,FORD,KA SEDAN SE / SEL,,nome,,,F,flex,25,FORD,KA SEDAN,automoveis
2019,7,FORD,SEL / TITANIUM,NEW FIESTA,linha_acima,,,F,flex,25,FORD,NEW FIESTA,automoveis
2019,7,FORD,SEL / TITANIUM,NEW FIESTA,linha_acima,,,F,flex,25,FORD,NEW FIESTA,automoveis
2019,7,VOLVO,"V40 (ARO 17"") T4 MOMENTUM",2.0 T4 KINETIC,nome,,,G,gasolina,24,VOLVO,V40,automoveis
2019,7,VOLVO,"V40 (ARO 18"")",2.0 T4 KINETIC,nome,,,G,gasolina,24,VOLVO,V40,automoveis
2019,7,VOLVO,V40,2.0 T5 COMFORT / 2.0 T5 DYNAMIC /,nome,,,G,gasolina,24,VOLVO,V40,automoveis
2019,7,BMW,220I CAT ACTIVEFLEX,2.0 T5 R-DESIGN / 2.0 T5 TOP,nome,,,F,flex,25,BMW,220I,automoveis
2019,7,MINI,COOPER S CLUBMAN,,nome,,,G,gasolina,24,MINI,COOPER,automoveis
2019,7,BMW,I3 REX 94AH,,nome,,,G,gasolina,24,BMW,I3,automoveis
2019,8,VW,GOLF COMFORTLINE,(CVT),nome,,,F,flex,25,VW,GOLF,automoveis
2019,8,VW,GOLF HIGHLINE,,nome,,,F,flex,25,VW,GOLF,automoveis
2019,8,VW,GOLF GTI,,nome,,,G,gasolina,24,VW,GOLF,automoveis
2019,8,VW,POLO,,nome,,,F,flex,25,VW,POLO,automoveis
2019,8,VW,POLO,,nome,,,F,flex,25,VW,POLO,automoveis
2019,8,VW,"POLO 200 TSI COMFORTLINE (R15"")",,nome,,,F,flex,25,VW,POLO,automoveis
2019,8,VW,POLO,"200 TSI COMFORTLINE (R16"") /",nome,,,F,flex,25,VW,POLO,automoveis
2019,8,VW,POLO,200 TSI HIGHLINE,nome,,,F,flex,25,VW,POLO,automoveis
2019,8,VW,SPACEFOX TRENDLINE,,nome,,,F,flex,25,VW,SPACE FOX,automoveis
2019,8,VW,SPACEFOX TRENDLINE (I-MOTION),,nome,,,F,flex,25,VW,SPACE FOX,automoveis
2019,8,VW,VIRTUS,,nome,,,F,flex,25,VW,VIRTUS,automoveis
2019,8,VW,VIRTUS,200 TSI COMFORTLINE /,nome,,,F,flex,25,VW,VIRTUS,automoveis
2019,8,VW,VIRTUS,200 TSI HIGHLINE,nome,,,F,flex,25,VW,VIRTUS,automoveis
2019,8,VW,VOYAGE (RODAS ARO 14),,nome,,,F,flex,25,VW,VOYAGE,automoveis
2019,8,VW,VOYAGE (RODAS ARO 15),,nome,,,F,flex,25,VW,VOYAGE,automoveis
2019,8,VW,VOYAGE,,nome,,,F,flex,25,VW,VOYAGE,automoveis
2019,8,VW,VOYAGE,,nome,,,F,flex,25,VW,VOYAGE,automoveis
2019,8,HYUNDAI,HB20S UNIQUE / COMFORT PLUS / STYLE,,nome,,,F,flex,25,HYUNDAI,HB20S,automoveis
2019,8,HYUNDAI,HB20S COMFORT PLUS / STYLE,,nome,,,F,flex,25,HYUNDAI,HB20S,automoveis
2019,8,HYUNDAI,HB20S COMFORT PLUS / STYLE / PREMIUM,,nome,,,F,flex,25,HYUNDAI,HB20S,automoveis
2019,8,HYUNDAI,HB20S COMFORT PLUS / STYLE,1.0-12V,nome,,,F,flex,25,HYUNDAI,HB20S,automoveis
2019,9,FIAT,CRONOS DRIVE,(CVT),nome,,,F,flex,25,FIAT,CRONOS,automoveis
2019,9,FIAT,CRONOS DRIVE GSR,,nome,,,F,flex,25,FIAT,CRONOS,automoveis
2019,9,FIAT,CRONOS PRECISION,,nome,,,F,flex,25,FIAT,CRONOS,automoveis
2019,9,FIAT,CRONOS PRECISION,,nome,,,F,flex,25,FIAT,CRONOS,automoveis
2019,9,FIAT,CRONOS DRIVE,,nome,,,F,flex,25,FIAT,CRONOS,automoveis
2019,9,FIAT,DOBLO ESSENCE,,nome,,,F,flex,25,FIAT,DOBLO,automoveis
2019,9,FIAT,DOBLO ESSENCE,,nome,,,F,flex,25,FIAT,DOBLO,comerciais_leves
2019,9,FIAT,GRAND SIENA ATTRACTIVE,,nome,,,F,flex,25,FIAT,SIENA,automoveis
2019,9,FIAT,GRAND SIENA ATTRACTIVE,,nome,,,F,flex,25,FIAT,SIENA,automoveis
2019,9,FIAT,WEEKEND ADVENTURE,,nome,,,F,flex,25,FIAT,WEEKEND,automoveis
2019,9,RENAULT,LOGAN DYNAMIQUE / EXPRESSION,,nome,,,F,flex,25,RENAULT,LOGAN,automoveis
2019,9,RENAULT,LOGAN AUTHENTIQUE / EXPRESSION,,nome,,,F,flex,25,RENAULT,LOGAN,automoveis
2019,9,RENAULT,LOGAN DYNAMIQUE / EXPRESSION,,nome,,,F,flex,25,RENAULT,LOGAN,automoveis
2019,9,RENAULT,ZOE NR INTENS / LIFE,,nome,,,G,bev,23,RENAULT,ZOE,automoveis
2019,9,RENAULT,ZOE LR INTENS LR / LIFE LR / ULT LR,,nome,,,G,bev,23,RENAULT,ZOE,automoveis
2019,10,NISSAN,NOVO SENTRA 20 S / 20 SV / 20 SL,(CVT),nome,,,F,flex,25,NISSAN,SENTRA,automoveis
2019,10,CITROEN,C4 LOUNGE LIVE AUT / FEEL AUT / SHINE AUT,1.6 THP,nome,,,F,flex,25,CITROEN,C4L,automoveis
2019,10,CITROEN,C4 PICASSO INTENSIVE,1.6 THP,nome,,,G,gasolina,24,CITROEN,C4 PICASSO,automoveis
2019,10,AUDI,A3 CABRIOLET -,16V,nome,,,G,gasolina,24,AUDI,A3,automoveis
2019,10,AUDI,A3 SEDAN ATTRACTION/AMBIENTE,,nome,,,F,flex,25,AUDI,A3 SEDAN,automoveis
2019,10,AUDI,A3 SEDAN AMBITION,,nome,,,G,gasolina,24,AUDI,A3 SEDAN,automoveis
2019,10,AUDI,RS3 SEDAN -,,nome,,,G,gasolina,24,AUDI,RS3,automoveis
2019,10,AUDI,Q3 ATTRACTION / AMBIENTE / AMBITION,,nome,,,F,flex,25,AUDI,Q3,automoveis
2019,10,AUDI,Q3 ATTRACTION / AMBIENTE,,nome,,,G,gasolina,24,AUDI,Q3,automoveis
2019,10,AUDI,Q3 AMBIENTE / AMBITION,,nome,,,G,gasolina,24,AUDI,Q3,automoveis
2019,10,CAOA CHERY,ARRIZO 5 RX / RXT,,nome,,,F,flex,25,CAOA CHERY,ARRIZO 5,automoveis
2019,10,CAOA CHERY,ARRIZO 5 RX / RXT,,nome,,,F,flex,25,CHERY,ARRIZO 5,automoveis
2019,10,SUBARU,WRX,,nome,,,G,gasolina,24,SUBARU,WRX,automoveis
2019,10,SUBARU,WRX STI,,nome,,,G,gasolina,24,SUBARU,WRX,automoveis
2019,10,HYUNDAI,ELANTRA,,nome,,,F,flex,25,HYUNDAI,ELANTRA,automoveis
2019,10,HYUNDAI,ELANTRA B,,nome,,,F,flex,25,HYUNDAI,ELANTRA,automoveis
2019,10,TOYOTA,COROLLA GLI,,nome,,,F,flex,25,TOYOTA,COROLLA,automoveis
2019,10,TOYOTA,COROLLA GLI,,nome,,,F,flex,25,TOYOTA,COROLLA,automoveis
2019,10,TOYOTA,COROLLA ALTIS / XEI / XRS,,nome,,,F,flex,25,TOYOTA,COROLLA,automoveis
2019,10,KIA,CERATO FF EX4/ LX4/ SX4 ATNB,,nome,,,F,flex,25,KIA,CERATO,automoveis
2019,11,HONDA,CIVIC SPORT,(CVT),nome,,,F,flex,25,HONDA,CIVIC,automoveis
2019,11,HONDA,CIVIC EX / EX-L / SPORT,,nome,,,F,flex,25,HONDA,CIVIC,automoveis
2019,11,HONDA,CIVIC TOURING,,nome,,,G,gasolina,24,HONDA,CIVIC,automoveis
2019,11,HONDA,CIVIC COUPE SI,,nome,,,G,gasolina,24,HONDA,CIVIC,automoveis
2019,11,FORD,FOCUS FASTBACK SE / TITANIUM,,nome,,,F,flex,25,FORD,FOCUS,automoveis
2019,11,FORD,FOCUS HATCH SE,,nome,,,F,flex,25,FORD,FOCUS,automoveis
2019,11,FORD,FOCUS HATCH SE,,nome,,,F,flex,25,FORD,FOCUS,automoveis
2019,11,FORD,FOCUS HATCH SE / TITANIUM,,nome,,,F,flex,25,FORD,FOCUS,automoveis
2019,11,BMW,320I ACTIVEFLEX,,nome,,,F,flex,25,BMW,320I,automoveis
2019,11,BMW,X1 SDRIVE20I ACTIVEFLEX,,nome,,,F,flex,25,BMW,X1,automoveis
2019,11,BMW,X1 XDRIVE25I ACTIVEFLEX,,nome,,,F,flex,25,BMW,X1,automoveis
2019,11,BMW,X2 SDRIVE 18I ACTIVE FLEX,,nome,,,F,flex,25,BMW,X2,automoveis
2019,11,BMW,X2 SDRIVE 20I ACTIVE FLEX,,nome,,,F,flex,25,BMW,X2,automoveis
2019,11,VW,GOLF VARIANT,COMFORTLINE /,nome,,,F,flex,25,VW,GOLF VARIANT,automoveis
2019,11,VW,JETTA COMFORTLINE 250 TSI /,250 TSI/,nome,,,F,flex,25,VW,JETTA,automoveis
2019,11,MITSUBISHI,LANCER HL / HL-T,R-LINE 250 TSI,nome,,,G,gasolina,24,MITSUBISHI,LANCER,automoveis
2019,12,MERCEDES-BENZ,A250,(CVT),nome,,,G,gasolina,24,M.BENZ,A250,automoveis
2019,12,MERCEDES-BENZ,CLA200 FF,4MATIC,nome,,,F,flex,25,M.BENZ,CLA200,automoveis
2019,12,MERCEDES-BENZ,,CLA250,linha_acima,,,G,gasolina,24,M.BENZ,CLA250,automoveis
2019,12,MERCEDES-BENZ,CLA180,4MATIC,nome,,,G,gasolina,24,M.BENZ,CLA180,automoveis
2019,12,MERCEDES-BENZ,GLA200 FF,4M,nome,,,F,flex,25,M.BENZ,CLASSE GLA,automoveis
2019,12,MERCEDES-BENZ,GLA200 FF STYLE,,nome,,,F,flex,25,M.BENZ,CLASSE GLA,automoveis
2019,12,MERCEDES-BENZ,GLA250,,nome,,,G,gasolina,24,M.BENZ,CLASSE GLA,automoveis
2019,12,RENAULT,FLUENCE DYNAMIQUE / EXPRESSION / PRIVILEGE,,nome,,,F,flex,25,RENAULT,FLUENCE,automoveis
2019,12,RENAULT,FLUENCE DYNAMIQUE / EXPRESSION / PRIVILEGE,,nome,,,F,flex,25,RENAULT,FLUENCE,automoveis
2019,12,RENAULT,FLUENCE GT LINE,,nome,,,F,flex,25,RENAULT,FLUENCE,automoveis
2019,12,RENAULT,FLUENCE DYNAMIQUE PLUS,,nome,,,F,flex,25,RENAULT,FLUENCE,automoveis
2019,13,AUDI,A4 SEDAN ATTRACTION / AMBIENTE,(CVT),nome,,,G,gasolina,24,AUDI,A4,automoveis
2019,13,AUDI,A4 SEDAN AMBITION,,nome,,,G,gasolina,24,AUDI,A4,automoveis
2019,13,AUDI,A4 AVANT ATTRACTION / AMBIENTE,,nome,,,G,gasolina,24,AUDI,A4 AVANT,automoveis
2019,13,AUDI,A5 SPORTBACK ATTRACTION / AMBIENTE,,nome,,,G,gasolina,24,AUDI,A5,automoveis
2019,13,AUDI,A5 SPORTBACK AMBITION,,nome,,,G,gasolina,24,AUDI,A5,automoveis
2019,13,AUDI,A6 SEDAN AMBIENTE,,nome,,,G,gasolina,24,AUDI,A6,automoveis
2019,13,AUDI,A6 SEDAN AMBITION,,nome,,,G,gasolina,24,AUDI,A6,automoveis
2019,13,AUDI,A6 ALLROAD ALLROAD,,nome,,,G,gasolina,24,AUDI,A6 ALLROAD,automoveis
2019,13,AUDI,Q5 BLINDADA,,nome,,,G,gasolina,24,AUDI,Q5,automoveis
2019,13,AUDI,RS4 AVANT -,,nome,,,G,gasolina,24,AUDI,RS4 AVANT,automoveis
2019,13,AUDI,A6 SEDAN -,,nome,,,G,gasolina,24,AUDI,A6,automoveis
2019,13,HYUNDAI,AZERA V6 GDI,,nome,,,G,gasolina,24,HYUNDAI,AZERA,automoveis
2019,13,HYUNDAI,AZERA,,nome,,,G,gasolina,24,HYUNDAI,AZERA,automoveis
2019,14,TOYOTA,CAMRY XLE,(CVT),nome,,,G,gasolina,24,TOYOTA,CAMRY,automoveis
2019,14,TOYOTA,RAV4 4X2,,nome,,,G,gasolina,24,TOYOTA,RAV4,automoveis
2019,14,TOYOTA,RAV4 4X4 4X4,,nome,,,G,gasolina,24,TOYOTA,RAV4,automoveis
2019,14,TOYOTA,RAV4 4X4 4X4,,nome,,,G,gasolina,24,TOYOTA,RAV4,automoveis
2019,14,KIA,CADENZA EX / LX GDI,,nome,,,G,gasolina,24,KIA,CADENZA,automoveis
2019,14,KIA,OPTIMA EX3 / LX3,,nome,,,G,gasolina,24,KIA,OPTIMA,automoveis
2019,14,HONDA,ACCORD TOURING,,nome,,,G,gasolina,24,HONDA,ACCORD,automoveis
2019,14,FORD,FUSION FWD SEL / FWD TITANIUM,,nome,,,G,gasolina,24,FORD,FUSION,automoveis
2019,14,FORD,FUSION FWD SEL / FWD TITANIUM,,nome,,,G,gasolina,24,FORD,FUSION,comerciais_leves
2019,14,FORD,FUSION AWD TITANIUM,,nome,,,G,gasolina,24,FORD,FUSION,automoveis
2019,14,FORD,FUSION AWD TITANIUM,,nome,,,G,gasolina,24,FORD,FUSION,comerciais_leves
2019,14,FORD,FUSION HYBRID,,nome,,HYBRID,G,hev,16,FORD,FUSION,automoveis
2019,14,FORD,FUSION HYBRID,,nome,,HYBRID,G,hev,16,FORD,FUSION,comerciais_leves
2019,14,FORD,FUSION FLEX SE,,nome,,,F,flex,25,FORD,FUSION,automoveis
2019,14,FORD,FUSION FLEX SE,,nome,,,F,flex,25,FORD,FUSION,comerciais_leves
2019,14,FORD,EDGE ST GTDI,,nome,,,G,gasolina,24,FORD,EDGE,automoveis
2019,15,JAGUAR,XF,P250 PRESTIGE / P250 R-SPORT /,nome,,,G,gasolina,24,JAGUAR,XF,automoveis
2019,15,JAGUAR,XF,2.0T PRESTIG/ 2.0T PURE TC/ 2.0T,nome,,,G,gasolina,24,JAGUAR,XF,automoveis
2019,15,JAGUAR,XF V6 PORTFOLIO,PURE/ 2.0T R-SPORT,nome,,,G,gasolina,24,JAGUAR,XF,automoveis
2019,15,JAGUAR,XF V6 380CV S,,nome,,,G,gasolina,24,JAGUAR,XF,automoveis
2019,15,JAGUAR,XE P250 R-SPORT / P250 PURE,,nome,,,G,gasolina,24,JAGUAR,XE,automoveis
2019,15,JAGUAR,XE P200 R-SPORT / P200 PURE,,nome,,,G,gasolina,24,JAGUAR,XE,automoveis
2019,15,JAGUAR,XE,,nome,,,G,gasolina,24,JAGUAR,XE,automoveis
2019,15,JAGUAR,XE S,,nome,,,G,gasolina,24,JAGUAR,XE,automoveis
2019,15,JAGUAR,XJ,,nome,,,G,gasolina,24,JAGUAR,XJ,automoveis
2019,15,JAGUAR,XE P380 S,,nome,,,G,gasolina,24,JAGUAR,XE,automoveis
2019,15,VOLVO,S90,T8 INSCRIPTION,nome,,,G,gasolina,24,VOLVO,S90,automoveis
2019,15,VOLVO,V60 T5 MOMENTUM,T5 INSCRIPTION,nome,,,G,gasolina,24,VOLVO,V60,automoveis
2019,15,BMW,M3 SEDAN,T5 R-DESIGN,nome,,,G,gasolina,24,BMW,M3 SEDAN,automoveis
2019,15,BMW,M5 -,,nome,,,G,gasolina,24,BMW,M5,automoveis
2019,15,BMW,M4 CS,,nome,,,G,gasolina,24,BMW,M4,automoveis
2019,15,BMW,530I,,nome,,,G,gasolina,24,BMW,530I,automoveis
2019,15,BMW,530E -,,nome,,,G,gasolina,24,BMW,530E,automoveis
2019,16,VW,PASSAT COMFORTLINE / HIGHLINE,(CVT),nome,,,G,gasolina,24,VW,PASSAT,automoveis
2019,16,VW,TIGUAN,ALLSPACE 250 TSI /,nome,,,F,flex,25,VW,TIGUAN,automoveis
2019,16,VW,TIGUAN ALLSPACE R-LINE 350 TSI,ALLSPACE COMFORTLINE 250 TSI,nome,,,G,gasolina,24,VW,TIGUAN,automoveis
2019,16,VW,TOUAREG V6,,nome,,,G,gasolina,24,VW,TOUAREG,automoveis
2019,16,VW,TOUAREG V8,,nome,,,G,gasolina,24,VW,TOUAREG,automoveis
2019,16,CHRYSLER,300C 300C,,nome,,,G,gasolina,24,CHRYSLER,300C,automoveis
2019,16,DODGE,DURANGO LIMITED,,nome,,,G,gasolina,24,DODGE,DURANGO,automoveis
2019,16,MERCEDES-BENZ,C200,,nome,,,G,gasolina,24,M.BENZ,CLASSE C,automoveis
2019,16,MERCEDES-BENZ,C300,,nome,,,G,gasolina,24,M.BENZ,CLASSE C,automoveis
2019,16,MERCEDES-BENZ,C180 COUPE,4MATIC,nome,,,G,gasolina,24,M.BENZ,C180,automoveis
2019,16,MERCEDES-BENZ,C300 ESTATE,,nome,,,G,gasolina,24,M.BENZ,CLASSE C,automoveis
2019,16,MERCEDES-BENZ,E250 AVANTGARDE,,nome,,,G,gasolina,24,M.BENZ,CLASSE E,automoveis
2019,16,MERCEDES-BENZ,E250 EXCLUSIVE,,nome,,,G,gasolina,24,M.BENZ,CLASSE E,automoveis
2019,17,NISSAN,KICKS 16 S,UTILITARIO,nome,,,F,flex,25,NISSAN,KICKS,automoveis
2019,17,NISSAN,KICKS,16 S / 16 SV / 16 SL / 16 S DRCT / 16,nome,,,F,flex,25,NISSAN,KICKS,automoveis
2019,17,CITROEN,AIRCROSS START MT / LIVE MT,UTILITARIO,nome,,,F,flex,25,CITROEN,AIRCROSS,automoveis
2019,17,CITROEN,AIRCROSS SHINEAT/ LIVE AT,UTILITARIO,nome,,,F,flex,25,CITROEN,AIRCROSS,automoveis
2019,17,CITROEN,C4 CACTUS LIVE / FEEL,UTILITARIO,nome,,,F,flex,25,CITROEN,C4 CACTUS,automoveis
2019,17,CITROEN,C4 CACTUS SHINE A / FEEL A,UTILITARIO,nome,,,F,flex,25,CITROEN,C4 CACTUS,automoveis
2019,17,CITROEN,C4 CACTUS SHINE T,1.6 THP,nome,,,F,flex,25,CITROEN,C4 CACTUS,automoveis
2019,17,PEUGEOT,2008 ALLURE MT,UTILITARIO,nome,,,F,flex,25,PEUGEOT,2008,automoveis
2019,17,PEUGEOT,2008 GRIFFE THPM,1.6 THP,nome,,,F,flex,25,PEUGEOT,2008,automoveis
2019,17,PEUGEOT,2008,GRIFFE EAT6 / ALLURE EAT6 /,nome,,,F,flex,25,PEUGEOT,2008,automoveis
2019,17,CAOA CHERY,TIGGO 2 ACT /,UTILITARIO DESERT / EXCLUSIVE / SPORT / 1.5,nome,,,F,flex,25,CAOA CHERY,TIGGO 2,automoveis
2019,17,CAOA CHERY,TIGGO 2 ACT /,UTILITARIO DESERT / EXCLUSIVE / SPORT / 1.5,nome,,,F,flex,25,CHERY,TIGGO,automoveis
2019,17,CAOA CHERY,TIGGO 2,1.5 AT ACT / 1.5 AT EX / 1.5 AT,nome,,,F,flex,25,CAOA CHERY,TIGGO 2,automoveis
2019,17,CAOA CHERY,TIGGO 2,1.5 AT ACT / 1.5 AT EX / 1.5 AT,nome,,,F,flex,25,CHERY,TIGGO,automoveis
2019,17,CAOA CHERY,TIGGO 5X T / TXS,UTILITARIO,nome,,,F,flex,25,CAOA CHERY,TIGGO 5X,automoveis
2019,17,CAOA CHERY,TIGGO 5X T / TXS,UTILITARIO,nome,,,F,flex,25,CHERY,TIGGO 5X,automoveis
2019,17,HYUNDAI,TUCSON GLSB,UTILITARIO,nome,,,F,flex,25,HYUNDAI,TUCSON,automoveis
2019,18,KIA,NEW SOUL EX2 / LX2,UTILITARIO,nome,,,F,flex,25,KIA,SOUL,automoveis
2019,18,CHEVROLET,LT,TRACKER 1.4T -,linha_acima,,,F,flex,25,GM,TRACKER,automoveis
2019,18,CHEVROLET,MIDNIGHT,TRACKER 1.4T -,linha_acima,,,F,flex,25,GM,TRACKER,automoveis
2019,18,CHEVROLET,PREMIER,TRACKER 1.4T -,linha_acima,,,F,flex,25,GM,TRACKER,automoveis
2019,18,HONDA,HR-V LX,UTILITARIO,nome,,,F,flex,25,HONDA,HR-V,automoveis
2019,18,HONDA,HR-V LX / EX / EXL,UTILITARIO,nome,,,F,flex,25,HONDA,HR-V,automoveis
2019,18,HONDA,HR-V EX,UTILITARIO,nome,,,F,flex,25,HONDA,HR-V,automoveis
2019,18,HONDA,WR-V EX / EXL,UTILITARIO,nome,,,F,flex,25,HONDA,WR-V,automoveis
2019,18,FORD,ECOSPORT SE / FREESTYLE / 100 ANOS,UTILITARIO,nome,,,F,flex,25,FORD,ECOSPORT,automoveis
2019,18,FORD,ECOSPORT SE / FREESTYLE,UTILITARIO,nome,,,F,flex,25,FORD,ECOSPORT,automoveis
2019,18,FORD,ECOSPORT TITANIUM,UTILITARIO,nome,,,F,flex,25,FORD,ECOSPORT,automoveis
2019,18,FORD,ECOSPORT STORM 4WD,UTILITARIO,nome,,,F,flex,25,FORD,ECOSPORT,automoveis
2019,18,LIFAN,X60,UTILITARIO 1.8L TALENT,nome,,,G,gasolina,24,LIFAN,X60,automoveis
2019,19,HYUNDAI,HB20X STYLE,UTILITARIO,nome,,,F,flex,25,HYUNDAI,HB20,automoveis
2019,19,HYUNDAI,HB20X STYLE / PREMIUM,UTILITARIO,nome,,,F,flex,25,HYUNDAI,HB20,automoveis
2019,19,HYUNDAI,CRETA ATTITUDE / PULSE,UTILITARIO,nome,,,F,flex,25,HYUNDAI,CRETA,automoveis
2019,19,HYUNDAI,CRETA ATTITUDE / PULSE / SMART,UTILITARIO,nome,,,F,flex,25,HYUNDAI,CRETA,automoveis
2019,19,HYUNDAI,CRETA PULSE / PRESTIGE / SPORT,UTILITARIO,nome,,,F,flex,25,HYUNDAI,CRETA,automoveis
2019,19,FIAT,DOBLO ADVENTURE,UTILITARIO,nome,,,F,flex,25,FIAT,DOBLO,automoveis
2019,19,FIAT,DOBLO ADVENTURE,UTILITARIO,nome,,,F,flex,25,FIAT,DOBLO,comerciais_leves
2019,19,FIAT,WEEKEND ADVENTURE,UTILITARIO,nome,,,F,flex,25,FIAT,WEEKEND,automoveis
2019,19,JEEP,RENEGADE SPORT,UTILITARIO,nome,,,F,flex,25,JEEP,RENEGADE,automoveis
2019,19,JEEP,RENEGADE,UTILITARIO,nome,,,F,flex,25,JEEP,RENEGADE,automoveis
2019,19,JEEP,RENEGADE SPORT,UTILITARIO,nome,,,F,flex,25,JEEP,RENEGADE,automoveis
2019,19,JEEP,RENEGADE LONGITUDE,UTILITARIO,nome,,,F,flex,25,JEEP,RENEGADE,automoveis
2019,19,JEEP,RENEGADE LIMITED,UTILITARIO,nome,,,F,flex,25,JEEP,RENEGADE,automoveis
2019,19,MITSUBISHI,ASX 2WD,UTILITARIO,nome,,,F,flex,25,MITSUBISHI,ASX,automoveis
2019,20,SUZUKI,VITARA 4ALL,UTILITARIO,nome,,,G,gasolina,24,SUZUKI,VITARA,automoveis
2019,20,SUZUKI,VITARA 4YOU,UTILITARIO,nome,,,G,gasolina,24,SUZUKI,VITARA,automoveis
2019,20,SUZUKI,SCROSS 4STYLE,UTILITARIO,nome,,,G,gasolina,24,SUZUKI,SCROSS,automoveis
2019,20,JAC,,T40 1.6 DVVT,linha_acima,,,G,gasolina,24,JAC,T40,automoveis
2019,20,JAC,,T40 1.5,linha_acima,,,F,flex,25,JAC,T40,automoveis
2019,21,RENAULT,CAPTUR ZEN / INTENS,UTILITARIO,nome,,,F,flex,25,RENAULT,CAPTUR,automoveis
2019,21,RENAULT,CAPTUR INTENS,UTILITARIO,nome,,,F,flex,25,RENAULT,CAPTUR,automoveis
2019,21,RENAULT,DUSTER DYNAMIQUE (4X2),UTILITARIO,nome,,,F,flex,25,RENAULT,DUSTER,automoveis
2019,21,RENAULT,STEPWAY,SANDERO,linha_acima,,,F,flex,25,RENAULT,SANDERO,automoveis
2019,21,RENAULT,STEPWAY,SANDERO,linha_acima,,,F,flex,25,RENAULT,SANDERO,automoveis
2019,21,RENAULT,DUSTER,DYNAMIQUE SCE/ EXPRESSION SCE /,nome,,,F,flex,25,RENAULT,DUSTER,automoveis
2019,21,RENAULT,CAPTUR ZEN / INTENS,UTILITARIO,nome,,,F,flex,25,RENAULT,CAPTUR,automoveis
2019,21,RENAULT,DUSTER DYNAMIQUE CVT/ EXPRESSION CVT,UTILITARIO,nome,,,F,flex,25,RENAULT,DUSTER,automoveis
2019,21,RENAULT,DUSTER DYNAMIQUE (4X2),UTILITARIO,nome,,,F,flex,25,RENAULT,DUSTER,automoveis
2019,21,RENAULT,DUSTER 16 A CVT,UTILITARIO,nome,,,F,flex,25,RENAULT,DUSTER,automoveis
2019,21,RENAULT,STEPWAY EXP,SANDERO,linha_acima,,,F,flex,25,RENAULT,SANDERO,automoveis
2019,21,RENAULT,CAPTUR LIFE 16A,UTILITARIO,nome,,,F,flex,25,RENAULT,CAPTUR,automoveis
2019,22,PEUGEOT,3008 GRIFFE,1.6 THP,nome,,,G,gasolina,24,PEUGEOT,3008,automoveis
2019,22,CAOA CHERY,TIGGO 7 T / TXS,UTILITARIO,nome,,,F,flex,25,CAOA CHERY,TIGGO 7,automoveis
2019,22,CAOA CHERY,TIGGO 7 T / TXS,UTILITARIO,nome,,,F,flex,25,CHERY,TIGGO 7,automoveis
2019,22,HYUNDAI,SANTA FE V6 7,UTILITARIO,nome,,,G,gasolina,24,HYUNDAI,SANTAFE,automoveis
2019,22,HYUNDAI,"IX35 (RODA ARO 18"")",UTILITARIO,nome,,,F,flex,25,HYUNDAI,IX35,automoveis
2019,22,HYUNDAI,"IX35 GLS (RODA ARO 18"")",UTILITARIO,nome,,,F,flex,25,HYUNDAI,IX35,automoveis
2019,22,HYUNDAI,"IX35 GL (RODA ARO 17"")",UTILITARIO,nome,,,F,flex,25,HYUNDAI,IX35,automoveis
2019,22,HYUNDAI,"IX35 GLS (RODA ARO 17"")",UTILITARIO,nome,,,F,flex,25,HYUNDAI,IX35,automoveis
2019,22,HYUNDAI,"GL (RODA ARO 18"")",TUCSON,linha_acima,,,G,gasolina,24,HYUNDAI,TUCSON,automoveis
2019,22,HYUNDAI,"GLS (RODA ARO 18"")",TUCSON,linha_acima,,,G,gasolina,24,HYUNDAI,TUCSON,automoveis
2019,22,HYUNDAI,"GLS (RODA ARO 17"")",TUCSON,linha_acima,,,G,gasolina,24,HYUNDAI,TUCSON,automoveis
2019,22,HYUNDAI,"LTD (RODA ARO 18"")",TUCSON,linha_acima,,,G,gasolina,24,HYUNDAI,TUCSON,automoveis
2019,22,TOYOTA,SW4 FLEX 4X2 SR,UTILITARIO,nome,,,F,flex,25,TOYOTA,HILUX SW4,automoveis
2019,22,TOYOTA,SW4 FLEX 4X2 SR,UTILITARIO,nome,,,F,flex,25,TOYOTA,HILUX SW4,comerciais_leves
2019,22,TOYOTA,SW4 FLEX 4X2 SR 5S / SR 7S / SRV,UTILITARIO,nome,,,F,flex,25,TOYOTA,HILUX SW4,automoveis
2019,22,TOYOTA,SW4 FLEX 4X2 SR 5S / SR 7S / SRV,UTILITARIO,nome,,,F,flex,25,TOYOTA,HILUX SW4,comerciais_leves
2019,23,KIA,SORENTO,UTILITARIO,nome,,,G,gasolina,24,KIA,SORENTO,automoveis
2019,23,KIA,SORENTO,UTILITARIO,nome,,,G,gasolina,24,KIA,SORENTO,automoveis
2019,23,KIA,SPORTAGE EX2/ LX2 FFG3,UTILITARIO,nome,,,F,flex,25,KIA,SPORTAGE,automoveis
2019,23,CHEVROLET,LT GASOLINA 4X2,EQUINOX,linha_acima,,,G,gasolina,24,GM,EQUINOX,automoveis
2019,23,SSANGYONG,KORANDO DLX / STD,UTILITARIO,nome,,,D,diesel,26,SSANGYONG,KORANDO,automoveis
2019,23,VOLVO,XC40,T4 INSCRIPTION,nome,,,G,gasolina,24,VOLVO,XC40,automoveis
2019,23,JEEP,COMPASS SPORT / LONGITUDE / LIMITED,UTILITARIO,nome,,,F,flex,25,JEEP,COMPASS,automoveis
2019,23,MITSUBISHI,OUTLANDER HPE,UTILITARIO,nome,,,G,gasolina,24,MITSUBISHI,OUTLANDER,automoveis
2019,23,MITSUBISHI,OUTLANDER GLS,UTILITARIO,nome,,,G,gasolina,24,MITSUBISHI,OUTLANDER,automoveis
2019,23,MITSUBISHI,ECLIPSE CROSS HPE-S,UTILITARIO,nome,,,G,gasolina,24,MITSUBISHI,ECLIPSE CROSS,automoveis
2019,23,MITSUBISHI,ASX AWD,UTILITARIO,nome,,,F,flex,25,MITSUBISHI,ASX,automoveis
2019,23,SUBARU,XV,UTILITARIO,nome,,,G,gasolina,24,SUBARU,XV,automoveis
2019,24,SUZUKI,VITARA 4SPORT ALLGRIP,UTILITARIO,nome,,,G,gasolina,24,SUZUKI,VITARA,automoveis
2019,24,SUZUKI,VITARA 4STYLE ALLGRIP,UTILITARIO,nome,,,G,gasolina,24,SUZUKI,VITARA,automoveis
2019,24,SUZUKI,SCROSS 4STYLE ALLGRIP,UTILITARIO,nome,,,G,gasolina,24,SUZUKI,SCROSS,automoveis
2019,24,SUZUKI,SCROSS 4STYLE-S ALLGRIP,UTILITARIO,nome,,,G,gasolina,24,SUZUKI,SCROSS,automoveis
2019,24,RENAULT,DUSTER DYNAMIQUE (4X4),UTILITARIO,nome,,,F,flex,25,RENAULT,DUSTER,automoveis
2019,24,AUDI,Q5 -,UTILITARIO,nome,,,G,gasolina,24,AUDI,Q5,automoveis
2019,24,AUDI,Q7 -,UTILITARIO,nome,,,G,gasolina,24,AUDI,Q7,automoveis
2019,24,AUDI,Q7 TDI,UTILITARIO,nome,,,D,diesel,26,AUDI,Q7,automoveis
2019,25,SUBARU,FORESTER L,UTILITARIO,nome,,,G,gasolina,24,SUBARU,FORESTER,automoveis
2019,25,SUBARU,FORESTER S,UTILITARIO,nome,,,G,gasolina,24,SUBARU,FORESTER,automoveis
2019,25,SUBARU,FORESTER XT,UTILITARIO,nome,,,G,gasolina,24,SUBARU,FORESTER,automoveis
2019,25,KIA,SORENTO,UTILITARIO,nome,,,G,gasolina,24,KIA,SORENTO,automoveis
2019,25,KIA,SORENTO,UTILITARIO,nome,,,G,gasolina,24,KIA,SORENTO,automoveis
2019,25,KIA,SPORTAGE EX2/ LX2 FFG4,UTILITARIO,nome,,,F,flex,25,KIA,SPORTAGE,automoveis
2019,25,CHEVROLET,PREMIER GASOLINA 4X4,EQUINOX,linha_acima,,,G,gasolina,24,GM,EQUINOX,automoveis
2019,25,HONDA,CR-V TOURING,UTILITARIO,nome,,,G,gasolina,24,HONDA,CRV,automoveis
2019,25,PORSCHE,S,CAYENNE,linha_acima,,,G,gasolina,24,PORSCHE,CAYENNE,automoveis
2019,25,PORSCHE,V6,CAYENNE,linha_acima,,,G,gasolina,24,PORSCHE,CAYENNE,automoveis
2019,25,PORSCHE,TURBO,CAYENNE,linha_acima,,,G,gasolina,24,PORSCHE,CAYENNE,automoveis
2019,26,JAGUAR,EPACE RDY / P250 SE / P250 SE RDY / P250,UTILITARIO P250 FIRSTED / P250 S / P250 S,nome,,,G,gasolina,24,JAGUAR,EPACE,automoveis
2019,26,JAGUAR,FPACE 380CV V6 S,UTILITARIO,nome,,,G,gasolina,24,JAGUAR,FPACE,automoveis
2019,26,JAGUAR,FPACE 300CVG PREST / 300CVG R SPT,UTILITARIO,nome,,,G,gasolina,24,JAGUAR,FPACE,automoveis
2019,26,JAGUAR,EPACE P300 HSE RDY / P300 SE RDY,UTILITARIO,nome,,,G,gasolina,24,JAGUAR,EPACE,automoveis
2019,26,JAGUAR,FPACE 250CVG PREST /,UTILITARIO 250CVG PURE /,nome,,,G,gasolina,24,JAGUAR,FPACE,automoveis
2019,26,JAGUAR,EPACE P250F SE,UTILITARIO P250F S RDY,nome,,,F,flex,25,JAGUAR,EPACE,automoveis
2019,27,VOLVO,XC40 T5 MOMENTUM,UTILITARIO T5 INSCRIPTION,nome,,,G,gasolina,24,VOLVO,XC40,automoveis
2019,27,VOLVO,XC60,2.0 T5 MOMENTUM,nome,,,G,gasolina,24,VOLVO,XC60,automoveis
2019,27,VOLVO,XC60,2.0 T5 INSCRIPTION,nome,,,G,gasolina,24,VOLVO,XC60,automoveis
2019,27,VOLVO,XC60,D5 MOMENTUM,nome,,,D,diesel,26,VOLVO,XC60,automoveis
2019,27,VOLVO,XC60,T8 INSCRIPTION,nome,,,G,gasolina,24,VOLVO,XC60,automoveis
2019,27,VOLVO,XC90,2.0 T6 KINETIC,nome,,,G,gasolina,24,VOLVO,XC90,automoveis
2019,27,VOLVO,XC90 D5 INSCRIPT,UTILITARIO D5 KINETIC,nome,,,D,diesel,26,VOLVO,XC90,automoveis
2019,27,VOLVO,XC90,T8 INSCRIPTION,nome,,,G,gasolina,24,VOLVO,XC90,automoveis
2019,27,VOLVO,XC90 (2019),T8 INSCRIPT,nome,,,G,gasolina,24,VOLVO,XC90,automoveis
2019,28,BMW,X3 XDRIVE 20I,UTILITARIO,nome,,,G,gasolina,24,BMW,X3,automoveis
2019,28,BMW,X3 XDRIVE 30I,UTILITARIO,nome,,,G,gasolina,24,BMW,X3,automoveis
2019,28,BMW,X3 M40I,UTILITARIO,nome,,,G,gasolina,24,BMW,X3,automoveis
2019,28,BMW,X3 XDRIVE 20I,UTILITARIO,nome,,,G,gasolina,24,BMW,X3,automoveis
2019,28,BMW,X4 XDRIVE30I,UTILITARIO,nome,,,G,gasolina,24,BMW,X4,automoveis
2019,28,BMW,X4 XDRIVE M40I,UTILITARIO,nome,,,G,gasolina,24,BMW,X4,automoveis
2019,28,BMW,X6 M,UTILITARIO,nome,,,G,gasolina,24,BMW,X6,automoveis
2019,28,BMW,X6 XDRIVE35I,UTILITARIO,nome,,,G,gasolina,24,BMW,X6,automoveis
2019,28,JEEP,COMPASS LONGITUDE,UTILITARIO,nome,,,D,diesel,26,JEEP,COMPASS,automoveis
2019,28,JEEP,COMPASS LIMITED,UTILITARIO,nome,,,D,diesel,26,JEEP,COMPASS,automoveis
2019,28,JEEP,COMPASS NIGHT EAGLE,UTILITARIO,nome,,,D,diesel,26,JEEP,COMPASS,automoveis
2019,28,MITSUBISHI,ECLIPSE CROSS HPE-S S-AWC,UTILITARIO,nome,,,G,gasolina,24,MITSUBISHI,ECLIPSE CROSS,automoveis
2019,29,MERCEDES-BENZ,GLC 250 4M,UTILITARIO,nome,,,G,gasolina,24,M.BENZ,GLC,automoveis
2019,29,MERCEDES-BENZ,GLC 250 4M COUPE,UTILITARIO,nome,,,G,gasolina,24,M.BENZ,GLC,automoveis
2019,29,MERCEDES-BENZ,GLE 350D,UTILITARIO,nome,,,D,diesel,26,M.BENZ,GLE,automoveis
2019,29,MERCEDES-BENZ,GLE 400 COUPE,UTILITARIO,nome,,,G,gasolina,24,M.BENZ,GLE,automoveis
2019,30,TROLLER,T4 XLT,FORA DE ESTRADA,nome,,,D,diesel,26,TROLLER,T4,automoveis
2019,30,JEEP,RENEGADE TRAILHAWK,FORA DE ESTRADA,nome,,,D,diesel,26,JEEP,RENEGADE,automoveis
2019,30,JEEP,RENEGADE SPORT / LONGITUDE,FORA DE ESTRADA,nome,,,D,diesel,26,JEEP,RENEGADE,automoveis
2019,30,JEEP,WRANGLER SPORT,FORA DE ESTRADA,nome,,,G,gasolina,24,JEEP,WRANGLER,automoveis
2019,30,SUZUKI,JIMNY 4X4,FORA DE ESTRADA 4ALL / 4SPORT / 4WORK / 4WORK,nome,,,G,gasolina,24,SUZUKI,JIMNY,automoveis
2019,31,CHEVROLET,TRAILBLAZER LTZ GASOLINA 4X4,FORA DE ESTRADA,nome,,,G,gasolina,24,GM,TRAILBLAZER,automoveis
2019,31,CHEVROLET,TRAILBLAZER LT,FORA DE ESTRADA,nome,,,D,diesel,26,GM,TRAILBLAZER,automoveis
2019,31,CHEVROLET,TRAILBLAZER LTZ DIESEL 4X4,FORA DE ESTRADA,nome,,,D,diesel,26,GM,TRAILBLAZER,automoveis
2019,32,LAND ROVER,VELAR P250 S RDYN / P250 SE RDYN /P250,FORA DE ESTRADA 2.0-16V /,nome,,,G,gasolina,24,LAND ROVER,VELAR,automoveis
2019,32,LAND ROVER,VELAR P380 S RDYN / P380 SE /,FORA DE ESTRADA 3.0-16V /,nome,,,G,gasolina,24,LAND ROVER,VELAR,automoveis
2019,32,LAND ROVER,EVOQUE D180 SE,"FORA DE ESTRADA 2,0-16V /",nome,,,D,diesel,26,LAND ROVER,EVOQUE,automoveis
2019,32,LAND ROVER,EVOQUE D180 SE,"FORA DE ESTRADA 2,0-16V /",nome,,,D,diesel,26,LAND ROVER,EVOQUE,automoveis
2019,32,LAND ROVER,EVOQUE,FORA DE ESTRADA D240 HB / D240 HSE DYN / 2.0-16V /,nome,,,D,diesel,26,LAND ROVER,EVOQUE,automoveis
2019,32,LAND ROVER,EVOQUE,FORA DE ESTRADA D240 HSE DYN / 2.0-16V /,nome,,,D,diesel,26,LAND ROVER,EVOQUE,automoveis
2019,33,LAND ROVER,DISCOVERY,"FORA DE ESTRADA SDV6 S / SDV6BLACK / SDV6 HSE / 3,0-24V /",nome,,,D,diesel,26,LAND ROVER,DISCOVERY,automoveis
2019,33,LAND ROVER,DISCOVERY TD6 HSEL / TD6 HSEL7 / TD6 PURE /,FORA DE ESTRADA 3.0-24V /,nome,,,D,diesel,26,LAND ROVER,DISCOVERY,automoveis
2019,33,LAND ROVER,EVOQUE,FORA DE ESTRADA P240 PURE / P240 SE / P240 SE 2.0-16V /,nome,,,G,gasolina,24,LAND ROVER,EVOQUE,automoveis
2019,33,LAND ROVER,EVOQUE P240 PURE / P240 SE / P240 SE,FORA DE ESTRADA 2.0-16V /,nome,,,G,gasolina,24,LAND ROVER,EVOQUE,automoveis
2019,33,LAND ROVER,EVOQUE,FORA DE ESTRADA P240FF HSE DYN / P240FF PURE / 2.0-16V /,nome,,,F,flex,25,LAND ROVER,EVOQUE,automoveis
2019,33,LAND ROVER,EVOQUE P240 CABRIO,FORA DE ESTRADA 2.0-16V /,nome,,,G,gasolina,24,LAND ROVER,EVOQUE,automoveis
2019,33,LAND ROVER,EVOQUE P290 AB,FORA DE ESTRADA 2.0-16V /,nome,,,G,gasolina,24,LAND ROVER,EVOQUE,automoveis
2019,33,LAND ROVER,VELAR,FORA DE ESTRADA S / P300 S RDYN / P300 SE / P300 2.0-16V /,nome,,,G,gasolina,24,LAND ROVER,VELAR,automoveis
2019,34,JEEP,COMPASS TRAILHAWK,FORA DE ESTRADA 2.0-16V /,nome,,,D,diesel,26,JEEP,COMPASS,automoveis
2019,34,JEEP,WRANGLER 285 CV,FORA DE ESTRADA UNLIMITED 4PT / UNLIMITED,nome,,,G,gasolina,24,JEEP,WRANGLER,automoveis
2019,34,MITSUBISHI,OUTLANDER V6 HPE-S,FORA DE ESTRADA 3.0-24V/,nome,,,G,gasolina,24,MITSUBISHI,OUTLANDER,automoveis
2019,34,MITSUBISHI,OUTLANDER DIESEL HPE-S,FORA DE ESTRADA 2.2-16V/,nome,,,D,diesel,26,MITSUBISHI,OUTLANDER,automoveis
2019,34,MITSUBISHI,PAJERO HPE,FORA DE ESTRADA 3.8-24V/,nome,,,G,gasolina,24,MITSUBISHI,PAJERO,automoveis
2019,34,MITSUBISHI,PAJERO HPE 3P / HPE 5P,FORA DE ESTRADA 3.2-16V/,nome,,,D,diesel,26,MITSUBISHI,PAJERO,automoveis
2019,35,KIA,CARNIVAL EX / LX,PICASSO 16V,nome,,,G,gasolina,24,KIA,CARNIVAL,automoveis
2019,35,CHEVROLET,SPIN (MY19),,nome,,,F,flex,25,GM,SPIN,automoveis
2019,35,CHEVROLET,SPIN (MY19),,nome,,,F,flex,25,GM,SPIN,automoveis
2019,35,CHEVROLET,SPIN (MY19) AT ACT7 (7L),,nome,,,F,flex,25,GM,SPIN,automoveis
2019,35,FIAT,DOBLO ESSENCE 7L,IT VIP 184 CV,nome,,,F,flex,25,FIAT,DOBLO,automoveis
2019,35,FIAT,DOBLO ESSENCE 7L,IT VIP 184 CV,nome,,,F,flex,25,FIAT,DOBLO,comerciais_leves
2019,35,DODGE,JOURNEY RT,,nome,,,G,gasolina,24,DODGE,JOURNEY,automoveis
2019,35,MERCEDES-BENZ,,VITO TOURER,linha_acima,,,F,flex,25,M.BENZ,VITO,comerciais_leves
2019,36,CITROEN,BERLINGO FURGAO,(CVT),nome,,,F,flex,25,CITROEN,BERLINGO,automoveis
2019,36,CITROEN,BERLINGO FURGAO,(CVT),nome,,,F,flex,25,CITROEN,BERLINGO,comerciais_leves
2019,36,CITROEN,JUMPY FURGAO / FURGAO PACK,,nome,,,D,diesel,26,CITROEN,JUMPY,comerciais_leves
2019,36,CITROEN,JUMPY MINIBUS,,nome,,,D,diesel,26,CITROEN,JUMPY,comerciais_leves
2019,36,PEUGEOT,PARTNER FURGAO,,nome,,,F,flex,25,PEUGEOT,PARTNER,comerciais_leves
2019,36,PEUGEOT,EXPERT BUSINESS / BUSINESS PACK,,nome,,,D,diesel,26,PEUGEOT,EXPERT,comerciais_leves
2019,36,PEUGEOT,EXPERT MINIBUS,,nome,,,D,diesel,26,PEUGEOT,EXPERT,comerciais_leves
2019,36,KIA,BONGO K2500 HD SC,,nome,,,D,diesel,26,KIA,BONGO,comerciais_leves
2019,36,FIAT,DUCATO CHASSI,,nome,,,D,diesel,26,FIAT,DUCATO,comerciais_leves
2019,36,FIAT,DUCATO CARGO 8M3,,nome,,,D,diesel,26,FIAT,DUCATO,comerciais_leves
2019,36,FIAT,DUCATO CARGO 10M3,,nome,,,D,diesel,26,FIAT,DUCATO,comerciais_leves
2019,36,FIAT,DUCATO MAXI CARGO 13M3,,nome,,,D,diesel,26,FIAT,DUCATO,comerciais_leves
2019,36,FIAT,DUCATO MULTI LONGO,,nome,,,D,diesel,26,FIAT,DUCATO,comerciais_leves
2019,36,FIAT,DUCATO MULTI EXTRA LONGO,,nome,,,D,diesel,26,FIAT,DUCATO,comerciais_leves
2019,36,FIAT,FIORINO,,nome,,,F,flex,25,FIAT,FIORINO,comerciais_leves
2019,36,FIAT,FIORINO HARD WORKING,,nome,,,F,flex,25,FIAT,FIORINO,comerciais_leves
2019,36,JAC,T8 -,,nome,,,G,gasolina,24,JAC,T8,comerciais_leves
2019,36,MERCEDES-BENZ,,SPRINTER STREET,linha_acima,,,D,diesel,26,M.BENZ,SPRINTER,comerciais_leves
2019,36,MERCEDES-BENZ,VITO 111 CDI,313,nome,,,D,diesel,26,M.BENZ,VITO,comerciais_leves
2019,37,RENAULT,KANGOO EXPRESS,(CVT),nome,,,F,flex,25,RENAULT,KANGOO,automoveis
2019,37,RENAULT,KANGOO EXPRESS,(CVT),nome,,,F,flex,25,RENAULT,KANGOO,comerciais_leves
2019,37,RENAULT,MASTER BUS MINIBUS / TRABUS,,nome,,,D,diesel,26,RENAULT,MASTER,comerciais_leves
2019,37,RENAULT,MASTER FURGAO FURGAO,,nome,,,D,diesel,26,RENAULT,MASTER,comerciais_leves
2019,37,RENAULT,CHASSIS CABINE,MASTER CHASSIS,linha_acima,,,D,diesel,26,RENAULT,MASTER,comerciais_leves
2019,38,VW,SAVEIRO CD ROBUST / PEPPER,PICAPE,nome,,,F,flex,25,VW,SAVEIRO,comerciais_leves
2019,38,VW,SAVEIRO CD CROSS,PICAPE,nome,,,F,flex,25,VW,SAVEIRO,comerciais_leves
2019,38,VW,SAVEIRO CE PEPPER,PICAPE,nome,,,F,flex,25,VW,SAVEIRO,comerciais_leves
2019,38,VW,SAVEIRO CS ROBUST / TRENDLINE,PICAPE,nome,,,F,flex,25,VW,SAVEIRO,comerciais_leves
2019,38,FIAT,STRADA WORKING,PICAPE,nome,,,F,flex,25,FIAT,STRADA,comerciais_leves
2019,38,FIAT,STRADA FREEDOM,PICAPE,nome,,,F,flex,25,FIAT,STRADA,comerciais_leves
2019,38,FIAT,STRADA HARD WORKING,PICAPE,nome,,,F,flex,25,FIAT,STRADA,comerciais_leves
2019,38,FIAT,STRADA ADVENTURE,PICAPE,nome,,,F,flex,25,FIAT,STRADA,comerciais_leves
2019,38,RENAULT,OROCH DYNAMIQUE,PICAPE,nome,,,F,flex,25,RENAULT,OROCH,comerciais_leves
2019,38,RENAULT,OROCH DYNAMIQUE (4X2),PICAPE,nome,,,F,flex,25,RENAULT,OROCH,comerciais_leves
2019,38,RENAULT,OROCH 4X2 / DYNAMIQUE / EXPRESSION,PICAPE,nome,,,F,flex,25,RENAULT,OROCH,comerciais_leves
2019,39,NISSAN,FRONTIER 23 LE / 23 SE,(CVT),nome,,,D,diesel,26,NISSAN,FRONTIER,comerciais_leves
2019,39,NISSAN,23 LE / 23 SE / 23 ATK / 23 XE / 190CV,FRONTIER,linha_acima,,,D,diesel,26,NISSAN,FRONTIER,comerciais_leves
2019,39,NISSAN,23 S / 160CV,FRONTIER,linha_acima,,,D,diesel,26,NISSAN,FRONTIER,comerciais_leves
2019,39,NISSAN,23 SE / 23 ATK / 160CV,FRONTIER,linha_acima,,,D,diesel,26,NISSAN,FRONTIER,comerciais_leves
2019,39,TOYOTA,CD SRV,HILUX FLEX,linha_acima,,,F,flex,25,TOYOTA,HILUX,comerciais_leves
2019,39,TOYOTA,CD SRV / CD SR / CHALLENGE,HILUX FLEX,linha_acima,,,F,flex,25,TOYOTA,HILUX,comerciais_leves
2019,39,TOYOTA,GR-S / SRX / SRV / SR,HILUX DIESEL,linha_acima,,,D,diesel,26,TOYOTA,HILUX,comerciais_leves
2019,39,TOYOTA,STD / SC / CC/ NARROW,HILUX DIESEL,linha_acima,,,D,diesel,26,TOYOTA,HILUX,comerciais_leves
2019,39,TOYOTA,SR / SRV,HILUX FLEX,linha_acima,,,F,flex,25,TOYOTA,HILUX,comerciais_leves
2019,40,CHEVROLET,S10 LT CABINE DUPLA DIESEL 4X2,(CVT),nome,,,D,diesel,26,GM,S10,comerciais_leves
2019,40,CHEVROLET,S10 LTZ CABINE DUPLA DIESEL 4X2,,nome,,,D,diesel,26,GM,S10,comerciais_leves
2019,40,CHEVROLET,S10 LS CABINE DUPLA DIESEL 4X4,,nome,,,D,diesel,26,GM,S10,comerciais_leves
2019,40,CHEVROLET,S10 LT CABINE DUPLA DIESEL 4X4,,nome,,,D,diesel,26,GM,S10,comerciais_leves
2019,40,CHEVROLET,S10 MIDNIGHT CABINE DUPLA DIESEL 4X4,,nome,,,D,diesel,26,GM,S10,comerciais_leves
2019,40,CHEVROLET,S10 LS FLEX CABINE SIMPLES 4X2,,nome,,,F,flex,25,GM,S10,comerciais_leves
2019,40,CHEVROLET,S10 LS FLEX CABINE DUPLA 4X2,,nome,,,F,flex,25,GM,S10,comerciais_leves
2019,40,CHEVROLET,S10 ADV FLEX CABINE DUPLA 4X2,,nome,,,F,flex,25,GM,S10,comerciais_leves
2019,40,CHEVROLET,S10 LT FLEX CABINE DUPLA 4X4,,nome,,,F,flex,25,GM,S10,comerciais_leves
2019,40,CHEVROLET,S10 HIGH COUNTRY FLEX CABINE DUPLA 4X2,,nome,,,F,flex,25,GM,S10,comerciais_leves
2019,40,CHEVROLET,S10 HIGH COUNTRY FLEX CABINE DUPLA 4X4,,nome,,,F,flex,25,GM,S10,comerciais_leves
2019,40,CHEVROLET,S10 LT FLEX CABINE DUPLA 4X2,,nome,,,F,flex,25,GM,S10,comerciais_leves
2019,40,CHEVROLET,S10 LT FLEX CABINE DUPLA 4X4,,nome,,,F,flex,25,GM,S10,comerciais_leves
2019,40,CHEVROLET,S10 HIGH COUNTRY FLEX CABINE DUPLA 4X2,,nome,,,F,flex,25,GM,S10,comerciais_leves
2019,40,CHEVROLET,S10 HIGH COUNTRY FLEX CABINE DUPLA 4X4,,nome,,,F,flex,25,GM,S10,comerciais_leves
2019,40,CHEVROLET,S10 LS DIESEL CABINE CHASSIS 4X4,,nome,,,D,diesel,26,GM,S10,comerciais_leves
2019,40,CHEVROLET,S10 LS DIESEL CABINE SIMPLES 4X4,,nome,,,D,diesel,26,GM,S10,comerciais_leves
2019,40,CHEVROLET,S10 LT CABINE DUPLA DIESEL 4X4,,nome,,,D,diesel,26,GM,S10,comerciais_leves
2019,40,CHEVROLET,S10 LT CABINE DUPLA DIESEL 4X2,,nome,,,D,diesel,26,GM,S10,comerciais_leves
2019,40,CHEVROLET,S10 LTZ CABINE DUPLA DIESEL 4X4,,nome,,,D,diesel,26,GM,S10,comerciais_leves
2019,40,CHEVROLET,S10 HIGH COUNTRY CABINE DUPLA DIESEL 4X4,,nome,,,D,diesel,26,GM,S10,comerciais_leves
2019,40,CHEVROLET,S10 LT FLEX CABINE DUPLA 4X2,,nome,,,F,flex,25,GM,S10,comerciais_leves
2019,40,CHEVROLET,S10 LTZ FLEX CABINE DUPLA 4X2,,nome,,,F,flex,25,GM,S10,comerciais_leves
2019,40,CHEVROLET,S10 LTZ FLEX CABINE DUPLA 4X4,,nome,,,F,flex,25,GM,S10,comerciais_leves
2019,40,CHEVROLET,S10 LTZ FLEX CABINE DUPLA 4X2,,nome,,,F,flex,25,GM,S10,comerciais_leves
2019,40,CHEVROLET,S10 LTZ FLEX CABINE DUPLA 4X4,,nome,,,F,flex,25,GM,S10,comerciais_leves
2019,41,FORD,XLS / XLT,RANGER 4X2 C.,linha_acima,,,F,flex,25,FORD,RANGER,comerciais_leves
2019,41,FORD,LIMITED,RANGER 4X2 C.,linha_acima,,,F,flex,25,FORD,RANGER,comerciais_leves
2019,41,FORD,XLS,RANGER 4X2 C.,linha_acima,,,F,flex,25,FORD,RANGER,comerciais_leves
2019,41,FORD,XLS,RANGER 4X2 C.,linha_acima,,,D,diesel,26,FORD,RANGER,comerciais_leves
2019,41,FORD,XLS,RANGER 4X4 C.,linha_acima,,,D,diesel,26,FORD,RANGER,comerciais_leves
2019,41,FORD,XL / XLS,RANGER 4X4 C.,linha_acima,,,D,diesel,26,FORD,RANGER,comerciais_leves
2019,41,FORD,LIMITED,RANGER 4X4 C.,linha_acima,,,D,diesel,26,FORD,RANGER,comerciais_leves
2019,41,FORD,XLT,RANGER 4X4 C.,linha_acima,,,D,diesel,26,FORD,RANGER,comerciais_leves
2019,41,FORD,CHASSIS C. / C. XL,RANGER 4X4,linha_acima,,,D,diesel,26,FORD,RANGER,comerciais_leves
2019,41,FORD,XLT,RANGER 4X4 C.,linha_acima,,,D,diesel,26,FORD,RANGER,comerciais_leves
2019,42,SSANGYONG,DLX / STD,ACTYON,linha_acima,,,D,diesel,26,SSANGYONG,ACTYON,automoveis
2019,42,VW,AMAROK SE,SPORTS,nome,,,D,diesel,26,VW,AMAROK,comerciais_leves
2019,42,VW,AMAROK TRENDLINE / HIGHLINE / EXTREME,,nome,,,D,diesel,26,VW,AMAROK,comerciais_leves
2019,42,VW,AMAROK S,,nome,,,D,diesel,26,VW,AMAROK,comerciais_leves
2019,42,VW,AMAROK,V6 HIGHLINE /,nome,,,D,diesel,26,VW,AMAROK,comerciais_leves
2019,42,FIAT,TORO ENDURANCE / FREEDOM,V6 HIGHLINE SERIE EXTREME,nome,,,F,flex,25,FIAT,TORO,comerciais_leves
2019,42,FIAT,TORO VOLCANO / BLACKJACK,,nome,,,F,flex,25,FIAT,TORO,comerciais_leves
2019,42,FIAT,TORO FREEDOM 4X4,,nome,,,D,diesel,26,FIAT,TORO,comerciais_leves
2019,42,FIAT,TORO VOLCANO 4X4,,nome,,,D,diesel,26,FIAT,TORO,comerciais_leves
2019,42,FIAT,TORO RANCH,,nome,,,D,diesel,26,FIAT,TORO,comerciais_leves
2019,42,MITSUBISHI,GLS / GLX / GL,L200 TRITON,linha_acima,,,D,diesel,26,MITSUBISHI,L200,comerciais_leves
2019,42,MITSUBISHI,HPE-S / HPE / GLS,L200 TRITON,linha_acima,,,D,diesel,26,MITSUBISHI,L200,comerciais_leves
2019,42,JAC,V260 -,SPORT,nome,,,D,diesel,26,JAC,V260,comerciais_leves
2019,43,AUDI,RS6 AVANT PLUS -,,nome,,,G,gasolina,24,AUDI,RS6 AVANT,automoveis
2019,43,AUDI,TT COUPE,PLUS,nome,,,G,gasolina,24,AUDI,TT,automoveis
2019,43,AUDI,TT ROADSTER,,nome,,,G,gasolina,24,AUDI,TT,automoveis
2019,43,AUDI,TTS COUPE,,nome,,,G,gasolina,24,AUDI,TTS,automoveis
2019,43,AUDI,TTS ROADSTER,,nome,,,G,gasolina,24,AUDI,TTS,automoveis
2019,43,AUDI,R8 COUPE,,nome,,,G,gasolina,24,AUDI,R8,automoveis
2019,43,AUDI,R8 SPYDER,,nome,,,G,gasolina,24,AUDI,R8,automoveis
2019,43,CHEVROLET,CAMARO 2SS,6.2L -,nome,,,G,gasolina,24,GM,CAMARO,automoveis
2019,43,CHEVROLET,CAMARO 2SS CONV,6.2L -,nome,,,G,gasolina,24,GM,CAMARO,automoveis
2019,43,CHEVROLET,CAMARO 50TH,6.2L -,nome,,,G,gasolina,24,GM,CAMARO,automoveis
2019,43,FORD,MUSTANG GT,16V,nome,,,G,gasolina,24,FORD,MUSTANG,automoveis
2019,44,PORSCHE,911 CARRERA / CARRERA CABRIOLET,(CVT),nome,,,G,gasolina,24,PORSCHE,911,automoveis
2019,44,PORSCHE,911 CARRERA 4S / CARRERA 4S CABRIOLET/,CARRERA S / CARRERA S CABRIOLET /,nome,,,G,gasolina,24,PORSCHE,911,automoveis
2019,44,PORSCHE,911,CARRERA 4 / CARRERA 4 CABRIOLET / TARGA,nome,,,G,gasolina,24,PORSCHE,911,automoveis
2019,44,PORSCHE,911 TURBO / TURBO CABRIOLET,4,nome,,,G,gasolina,24,PORSCHE,911,automoveis
2019,44,PORSCHE,911 TURBO S / TURBO S CABRIOLET,,nome,,,G,gasolina,24,PORSCHE,911,automoveis
2019,44,PORSCHE,911,CAR GTS CA / CARRERAGTS / CAR4,nome,,,G,gasolina,24,PORSCHE,911,automoveis
2019,44,PORSCHE,911 CARRERA T,GTSCA / TARGA 4GTS / CAR 4 GTS,nome,,,G,gasolina,24,PORSCHE,911,automoveis
2019,44,PORSCHE,911 CARRERA T,,nome,,,G,gasolina,24,PORSCHE,911,automoveis
2019,44,PORSCHE,911 GT2 RS,,nome,,,G,gasolina,24,PORSCHE,911,automoveis
2019,44,PORSCHE,911 GT3 RS,,nome,,,G,gasolina,24,PORSCHE,911,automoveis
2019,44,PORSCHE,911 GT3,,nome,,,G,gasolina,24,PORSCHE,911,automoveis
2019,44,PORSCHE,BOXSTER ***,,nome,,,G,gasolina,24,PORSCHE,BOXSTER,automoveis
2019,44,PORSCHE,BOXSTER S,,nome,,,G,gasolina,24,PORSCHE,BOXSTER,automoveis
2019,44,PORSCHE,BOXSTER GTS,,nome,,,G,gasolina,24,PORSCHE,BOXSTER,automoveis
2019,44,PORSCHE,CAYMAN ****,,nome,,,G,gasolina,24,PORSCHE,CAYMAN,automoveis
2019,44,PORSCHE,CAYMAN S,,nome,,,G,gasolina,24,PORSCHE,CAYMAN,automoveis
2019,44,PORSCHE,CAYMAN GTS,,nome,,,G,gasolina,24,PORSCHE,CAYMAN,automoveis
2019,45,PORSCHE,PANAMERA **** / 4 / 4 EXE,(CVT),nome,,,G,gasolina,24,PORSCHE,PANAMERA,automoveis
2019,45,PORSCHE,PANAMERA 4S,,nome,,,G,gasolina,24,PORSCHE,PANAMERA,automoveis
2019,45,PORSCHE,PANAMERA TURBO,,nome,,,G,gasolina,24,PORSCHE,PANAMERA,automoveis
2019,45,PORSCHE,PANAMERA TSEHY / TSEHS,,nome,,,G,gasolina,24,PORSCHE,PANAMERA,automoveis
2019,45,PORSCHE,PANAMERA TSEHE,,nome,,,G,gasolina,24,PORSCHE,PANAMERA,automoveis
2019,45,PORSCHE,PANAMERA 4EHYB / 4EHST,,nome,,,G,gasolina,24,PORSCHE,PANAMERA,automoveis
2019,45,PORSCHE,PANAMERA 4EHEX,,nome,,,G,gasolina,24,PORSCHE,PANAMERA,automoveis
2019,45,PORSCHE,PANAMERA T ST,,nome,,,G,gasolina,24,PORSCHE,PANAMERA,automoveis
2019,45,PORSCHE,PANAMERA 4 ST,,nome,,,G,gasolina,24,PORSCHE,PANAMERA,automoveis
2019,45,JAGUAR,F-TYPE COUPE / CABRIO,,nome,,,G,gasolina,24,JAGUAR,F-TYPE,automoveis
2019,45,JAGUAR,F-TYPE SCABRIO / SCOUPE / 380RD CP,,nome,,,G,gasolina,24,JAGUAR,F-TYPE,automoveis
2019,45,JAGUAR,F-TYPE R COUP4W,,nome,,,G,gasolina,24,JAGUAR,F-TYPE,automoveis
2019,45,JAGUAR,F-TYPE 400SPORT,,nome,,,G,gasolina,24,JAGUAR,F-TYPE,automoveis
2019,45,JAGUAR,F-TYPE,300 CB / 300 CP / 300RD CB / 300RD,nome,,,G,gasolina,24,JAGUAR,F-TYPE,automoveis
2019,45,JAGUAR,F-TYPE SVR 575,CP,nome,,,G,gasolina,24,JAGUAR,F-TYPE,automoveis
2019,46,BMW,430I CABRIO,,nome,,,G,gasolina,24,BMW,430I,automoveis
2019,46,BMW,M4 CABRIO,,nome,,,G,gasolina,24,BMW,M4,automoveis
2019,46,BMW,M4 COUPE,,nome,,,G,gasolina,24,BMW,M4,automoveis
2019,46,BMW,M240I -,,nome,,,G,gasolina,24,BMW,M240I,automoveis
2019,46,MINI,COOPER S,,nome,,,G,gasolina,24,MINI,COOPER,automoveis
2019,46,BMW,M2 COMPETITION,,nome,,,G,gasolina,24,BMW,M2,automoveis
2019,46,MERCEDES-BENZ,CLS 400,,nome,,,G,gasolina,24,M.BENZ,CLS,automoveis
2019,46,MERCEDES-BENZ,AMG GT R,,nome,,,G,gasolina,24,M.BENZ,AMG GT,automoveis
2019,46,MERCEDES-BENZ,AMG GT C ROADSTER,,nome,,,G,gasolina,24,M.BENZ,AMG GT,automoveis
2019,46,MERCEDES-BENZ,SLC 300,,nome,,,G,gasolina,24,M.BENZ,SLC 300,automoveis
2020,1,CAOA CHERY,NEW QQ,SUB,nome,,,F,flex,25,CAOA CHERY,QQ,automoveis
2020,1,CAOA CHERY,NEW QQ,SUB,nome,,,F,flex,25,CHERY,QQ,automoveis
2020,1,CAOA CHERY,NEW QQ,SUB,nome,,,F,flex,25,CAOA CHERY,QQ,automoveis
2020,1,CAOA CHERY,NEW QQ,SUB,nome,,,F,flex,25,CHERY,QQ,automoveis
2020,1,CAOA CHERY,NEW QQ,SUB,nome,,,F,flex,25,CAOA CHERY,QQ,automoveis
2020,1,CAOA CHERY,NEW QQ,SUB,nome,,,F,flex,25,CHERY,QQ,automoveis
2020,1,CAOA CHERY,NEW QQ,SUB,nome,,,F,flex,25,CAOA CHERY,QQ,automoveis
2020,1,CAOA CHERY,NEW QQ,SUB,nome,,,F,flex,25,CHERY,QQ,automoveis
2020,1,CAOA CHERY,NEW QQ,SUB,nome,,,F,flex,25,CAOA CHERY,QQ,automoveis
2020,1,CAOA CHERY,NEW QQ,SUB,nome,,,F,flex,25,CHERY,QQ,automoveis
2020,1,CAOA CHERY,NEW QQ,SUB,nome,,,F,flex,25,CAOA CHERY,QQ,automoveis
2020,1,CAOA CHERY,NEW QQ,SUB,nome,,,F,flex,25,CHERY,QQ,automoveis
2020,1,FIAT,MOBI,SUB,nome,,,F,flex,25,FIAT,MOBI,automoveis
2020,1,FIAT,MOBI,SUB,nome,,,F,flex,25,FIAT,MOBI,automoveis
2020,1,FIAT,MOBI,SUB,nome,,,F,flex,25,FIAT,MOBI,automoveis
2020,1,FIAT,MOBI,SUB,nome,,,F,flex,25,FIAT,MOBI,automoveis
2020,2,FIAT,MOBI,SUB,nome,,,F,flex,25,FIAT,MOBI,automoveis
2020,2,FIAT,MOBI,SUB,nome,,,F,flex,25,FIAT,MOBI,automoveis
2020,2,FIAT,NOVO UNO,SUB,nome,,,F,flex,25,FIAT,UNO,automoveis
2020,2,FIAT,NOVO UNO,SUB,nome,,,F,flex,25,FIAT,UNO,comerciais_leves
2020,2,FIAT,NOVO UNO,SUB,nome,,,F,flex,25,FIAT,UNO,automoveis
2020,2,FIAT,NOVO UNO,SUB,nome,,,F,flex,25,FIAT,UNO,comerciais_leves
2020,2,FIAT,NOVO UNO,SUB,nome,,,F,flex,25,FIAT,UNO,automoveis
2020,2,FIAT,NOVO UNO,SUB,nome,,,F,flex,25,FIAT,UNO,comerciais_leves
2020,2,VW,UP!,SUB,nome,,,F,flex,25,VW,UP,automoveis
2020,2,VW,UP! TSI,SUB,nome,,,F,flex,25,VW,UP,automoveis
2020,2,VW,UP! TSI,SUB,nome,,,F,flex,25,VW,UP,automoveis
2020,2,MINI,COOPER,COMPACTO,nome,,,G,gasolina,24,MINI,COOPER,automoveis
2020,2,MINI,COOPER,,nome,,,G,gasolina,24,MINI,COOPER,automoveis
2020,2,MINI,COOPER,,nome,,,G,gasolina,24,MINI,COOPER,automoveis
2020,2,NISSAN,NEW MARCH,,nome,,,F,flex,25,NISSAN,MARCH,automoveis
2020,2,NISSAN,NEW MARCH,,nome,,,F,flex,25,NISSAN,MARCH,automoveis
2020,2,NISSAN,NEW MARCH,,nome,,,F,flex,25,NISSAN,MARCH,automoveis
2020,2,NISSAN,NEW MARCH,,nome,,,F,flex,25,NISSAN,MARCH,automoveis
2020,2,NISSAN,NEW MARCH,,nome,,,F,flex,25,NISSAN,MARCH,automoveis
2020,2,NISSAN,NEW MARCH,,nome,,,F,flex,25,NISSAN,MARCH,automoveis
2020,2,NISSAN,NEW MARCH,,nome,,,F,flex,25,NISSAN,MARCH,automoveis
2020,2,NISSAN,NEW MARCH,,nome,,,F,flex,25,NISSAN,MARCH,automoveis
2020,2,NISSAN,NEW MARCH,,nome,,,F,flex,25,NISSAN,MARCH,automoveis
2020,2,FORD,KA HATCH,,nome,,,F,flex,25,FORD,KA,automoveis
2020,2,FORD,KA HATCH,,nome,,,F,flex,25,FORD,KA,automoveis
2020,2,FORD,KA HATCH,,nome,,,F,flex,25,FORD,KA,automoveis
2020,2,FORD,KA HATCH,,nome,,,F,flex,25,FORD,KA,automoveis
2020,2,FORD,KA HATCH,,nome,,,F,flex,25,FORD,KA,automoveis
2020,2,FORD,KA HATCH,,nome,,,F,flex,25,FORD,KA,automoveis
2020,2,FORD,KA HATCH,,nome,,,F,flex,25,FORD,KA,automoveis
2020,2,FORD,KA HATCH,,nome,,,F,flex,25,FORD,KA,automoveis
2020,2,FORD,KA HATCH,,nome,,,F,flex,25,FORD,KA,automoveis
2020,3,FORD,KA HATCH,(CVT),nome,,,F,flex,25,FORD,KA,automoveis
2020,3,HONDA,FIT,,nome,,,F,flex,25,HONDA,FIT,automoveis
2020,3,HONDA,FIT,,nome,,,F,flex,25,HONDA,FIT,automoveis
2020,3,HONDA,FIT,,nome,,,F,flex,25,HONDA,FIT,automoveis
2020,3,HONDA,FIT,,nome,,,F,flex,25,HONDA,FIT,automoveis
2020,3,HONDA,FIT,,nome,,,F,flex,25,HONDA,FIT,automoveis
2020,3,HONDA,FIT,,nome,,,F,flex,25,HONDA,FIT,automoveis
2020,3,HONDA,FIT,,nome,,,F,flex,25,HONDA,FIT,automoveis
2020,3,PEUGEOT,208,,nome,,,F,flex,25,PEUGEOT,208,automoveis
2020,3,PEUGEOT,208,,nome,,,F,flex,25,PEUGEOT,208,automoveis
2020,3,PEUGEOT,208,,nome,,,F,flex,25,PEUGEOT,208,automoveis
2020,3,PEUGEOT,208,,nome,,,F,flex,25,PEUGEOT,208,automoveis
2020,3,PEUGEOT,208,,nome,,,F,flex,25,PEUGEOT,208,automoveis
2020,3,TOYOTA,ETIOS HATCHBACK,,nome,,,F,flex,25,TOYOTA,ETIOS HB,automoveis
2020,3,TOYOTA,ETIOS HATCHBACK,,nome,,,F,flex,25,TOYOTA,ETIOS HB,automoveis
2020,3,TOYOTA,ETIOS HATCHBACK,,nome,,,F,flex,25,TOYOTA,ETIOS HB,automoveis
2020,3,TOYOTA,ETIOS HATCHBACK,,nome,,,F,flex,25,TOYOTA,ETIOS HB,automoveis
2020,3,TOYOTA,ETIOS HATCHBACK,,nome,,,F,flex,25,TOYOTA,ETIOS HB,automoveis
2020,3,CITROEN,C3,,nome,,,F,flex,25,CITROEN,C3,automoveis
2020,3,CITROEN,C3,,nome,,,F,flex,25,CITROEN,C3,automoveis
2020,3,FIAT,ARGO,,nome,,,F,flex,25,FIAT,ARGO,automoveis
2020,3,FIAT,ARGO,,nome,,,F,flex,25,FIAT,ARGO,automoveis
2020,3,FIAT,ARGO,DRIVE (STOP &,nome,,,F,flex,25,FIAT,ARGO,automoveis
2020,3,FIAT,ARGO,START),nome,,,F,flex,25,FIAT,ARGO,automoveis
2020,3,FIAT,ARGO,DRIVE (STOP &,nome,,,F,flex,25,FIAT,ARGO,automoveis
2020,3,FIAT,ARGO,START),nome,,,F,flex,25,FIAT,ARGO,automoveis
2020,3,FIAT,ARGO,DRIVE (STOP &,nome,,,F,flex,25,FIAT,ARGO,automoveis
2020,3,FIAT,ARGO,START),nome,,,F,flex,25,FIAT,ARGO,automoveis
2020,3,FIAT,ARGO,PRECISION (STOP,nome,,,F,flex,25,FIAT,ARGO,automoveis
2020,3,FIAT,ARGO,& START),nome,,,F,flex,25,FIAT,ARGO,automoveis
2020,3,FIAT,ARGO,HGT (STOP &,nome,,,F,flex,25,FIAT,ARGO,automoveis
2020,3,RENAULT,SANDERO,START),nome,,,F,flex,25,RENAULT,SANDERO,automoveis
2020,4,RENAULT,SANDERO,(CVT),nome,,,F,flex,25,RENAULT,SANDERO,automoveis
2020,4,RENAULT,SANDERO,,nome,,,F,flex,25,RENAULT,SANDERO,automoveis
2020,4,RENAULT,SANDERO,,nome,,,F,flex,25,RENAULT,SANDERO,automoveis
2020,4,RENAULT,SANDERO,,nome,,,F,flex,25,RENAULT,SANDERO,automoveis
2020,4,RENAULT,SANDERO,,nome,,,F,flex,25,RENAULT,SANDERO,automoveis
2020,4,RENAULT,SANDERO,,nome,,,F,flex,25,RENAULT,SANDERO,automoveis
2020,4,RENAULT,SANDERO RS,,nome,,,F,flex,25,RENAULT,SANDERO,automoveis
2020,4,HYUNDAI,HB20,,nome,,,F,flex,25,HYUNDAI,HB20,automoveis
2020,4,HYUNDAI,HB20,,nome,,,F,flex,25,HYUNDAI,HB20,automoveis
2020,4,HYUNDAI,HB20,,nome,,,F,flex,25,HYUNDAI,HB20,automoveis
2020,4,HYUNDAI,HB20,,nome,,,F,flex,25,HYUNDAI,HB20,automoveis
2020,4,HYUNDAI,HB20,,nome,,,F,flex,25,HYUNDAI,HB20,automoveis
2020,4,HYUNDAI,HB20,,nome,,,F,flex,25,HYUNDAI,HB20,automoveis
2020,4,HYUNDAI,HB20,,nome,,,F,flex,25,HYUNDAI,HB20,automoveis
2020,4,HYUNDAI,HB20,,nome,,,F,flex,25,HYUNDAI,HB20,automoveis
2020,4,HYUNDAI,HB20,,nome,,,F,flex,25,HYUNDAI,HB20,automoveis
2020,4,CHEVROLET,ONIX JOY,,nome,,,F,flex,25,GM,ONIX,automoveis
2020,4,CHEVROLET,ONIX JOY,,nome,,,F,flex,25,GM,ONIX,automoveis
2020,4,VW,FOX,,nome,,,F,flex,25,VW,FOX/CROSS FOX,automoveis
2020,4,VW,FOX,,nome,,,F,flex,25,VW,FOX/CROSS FOX,automoveis
2020,4,VW,GOL,,nome,,,F,flex,25,VW,GOL,automoveis
2020,4,VW,GOL,,nome,,,F,flex,25,VW,GOL,comerciais_leves
2020,4,VW,GOL,,nome,,,F,flex,25,VW,GOL,automoveis
2020,4,VW,GOL,,nome,,,F,flex,25,VW,GOL,comerciais_leves
2020,4,VW,GOL,,nome,,,F,flex,25,VW,GOL,automoveis
2020,4,VW,GOL,,nome,,,F,flex,25,VW,GOL,comerciais_leves
2020,4,VW,GOL,,nome,,,F,flex,25,VW,GOL,automoveis
2020,4,VW,GOL,,nome,,,F,flex,25,VW,GOL,comerciais_leves
2020,4,VW,GOL,,nome,,,F,flex,25,VW,GOL,automoveis
2020,4,VW,GOL,,nome,,,F,flex,25,VW,GOL,comerciais_leves
2020,4,NISSAN,NEW VERSA,,nome,,,F,flex,25,NISSAN,VERSA,automoveis
2020,4,NISSAN,NEW VERSA,,nome,,,F,flex,25,NISSAN,VERSA,automoveis
2020,4,NISSAN,NEW VERSA,,nome,,,F,flex,25,NISSAN,VERSA,automoveis
2020,4,NISSAN,NEW VERSA,,nome,,,F,flex,25,NISSAN,VERSA,automoveis
2020,4,NISSAN,NEW VERSA,,nome,,,F,flex,25,NISSAN,VERSA,automoveis
2020,4,NISSAN,NEW VERSA,,nome,,,F,flex,25,NISSAN,VERSA,automoveis
2020,4,NISSAN,NEW VERSA,,nome,,,F,flex,25,NISSAN,VERSA,automoveis
2020,4,NISSAN,NEW VERSA,,nome,,,F,flex,25,NISSAN,VERSA,automoveis
2020,4,NISSAN,NEW VERSA,,nome,,,F,flex,25,NISSAN,VERSA,automoveis
2020,4,NISSAN,NEW VERSA,,nome,,,F,flex,25,NISSAN,VERSA,automoveis
2020,4,BMW,118I,,nome,,,G,gasolina,24,BMW,118I,automoveis
2020,5,BMW,I3 647 - 8V 120 REX,(CVT),nome,,,G,gasolina,24,BMW,I3,automoveis
2020,5,FORD,KA SEDAN,,nome,,,F,flex,25,FORD,KA SEDAN,automoveis
2020,5,FORD,KA SEDAN,,nome,,,F,flex,25,FORD,KA SEDAN,automoveis
2020,5,FORD,KA SEDAN,,nome,,,F,flex,25,FORD,KA SEDAN,automoveis
2020,5,FORD,KA SEDAN,,nome,,,F,flex,25,FORD,KA SEDAN,automoveis
2020,5,FORD,KA SEDAN,,nome,,,F,flex,25,FORD,KA SEDAN,automoveis
2020,5,FORD,KA SEDAN,,nome,,,F,flex,25,FORD,KA SEDAN,automoveis
2020,5,FORD,KA SEDAN,,nome,,,F,flex,25,FORD,KA SEDAN,automoveis
2020,5,FORD,KA SEDAN,,nome,,,F,flex,25,FORD,KA SEDAN,automoveis
2020,5,HYUNDAI,HB20S,,nome,,,F,flex,25,HYUNDAI,HB20S,automoveis
2020,5,HYUNDAI,HB20S,,nome,,,F,flex,25,HYUNDAI,HB20S,automoveis
2020,5,HYUNDAI,HB20S,,nome,,,F,flex,25,HYUNDAI,HB20S,automoveis
2020,5,HYUNDAI,HB20S,,nome,,,F,flex,25,HYUNDAI,HB20S,automoveis
2020,5,HYUNDAI,HB20S,,nome,,,F,flex,25,HYUNDAI,HB20S,automoveis
2020,5,HYUNDAI,HB20S,,nome,,,F,flex,25,HYUNDAI,HB20S,automoveis
2020,5,KIA,RIO,,nome,,,F,flex,25,KIA,RIO,automoveis
2020,5,KIA,RIO,,nome,,,F,flex,25,KIA,RIO,automoveis
2020,5,AUDI,A3 SPORTBACK,,nome,,,G,gasolina,24,AUDI,A3,automoveis
2020,5,HONDA,CITY,,nome,,,F,flex,25,HONDA,CITY,automoveis
2020,5,HONDA,CITY,,nome,,,F,flex,25,HONDA,CITY,automoveis
2020,5,HONDA,CITY,,nome,,,F,flex,25,HONDA,CITY,automoveis
2020,5,HONDA,CITY,,nome,,,F,flex,25,HONDA,CITY,automoveis
2020,5,HONDA,CITY,,nome,,,F,flex,25,HONDA,CITY,automoveis
2020,5,HONDA,CITY,,nome,,,F,flex,25,HONDA,CITY,automoveis
2020,5,HONDA,HR-V,,nome,,,G,gasolina,24,HONDA,HR-V,automoveis
2020,5,TOYOTA,ETIOS SEDA,,nome,,,F,flex,25,TOYOTA,ETIOS SEDAN,automoveis
2020,5,TOYOTA,ETIOS SEDA,,nome,,,F,flex,25,TOYOTA,ETIOS SEDAN,automoveis
2020,5,TOYOTA,ETIOS SEDA,,nome,,,F,flex,25,TOYOTA,ETIOS SEDAN,automoveis
2020,5,TOYOTA,ETIOS SEDA,,nome,,,F,flex,25,TOYOTA,ETIOS SEDAN,automoveis
2020,5,TOYOTA,ETIOS SEDA,,nome,,,F,flex,25,TOYOTA,ETIOS SEDAN,automoveis
2020,5,TOYOTA,YARIS HATCHBACK,,nome,,,F,flex,25,TOYOTA,YARIS HB,automoveis
2020,5,TOYOTA,YARIS HATCHBACK,,nome,,,F,flex,25,TOYOTA,YARIS HB,automoveis
2020,5,TOYOTA,YARIS HATCHBACK,,nome,,,F,flex,25,TOYOTA,YARIS HB,automoveis
2020,5,TOYOTA,YARIS HATCHBACK,,nome,,,F,flex,25,TOYOTA,YARIS HB,automoveis
2020,5,TOYOTA,YARIS HATCHBACK,,nome,,,F,flex,25,TOYOTA,YARIS HB,automoveis
2020,5,TOYOTA,YARIS HATCHBACK,,nome,,,F,flex,25,TOYOTA,YARIS HB,automoveis
2020,6,TOYOTA,YARIS SEDA,(CVT),nome,,,F,flex,25,TOYOTA,YARIS SEDAN,automoveis
2020,6,TOYOTA,YARIS SEDA,,nome,,,F,flex,25,TOYOTA,YARIS SEDAN,automoveis
2020,6,TOYOTA,YARIS SEDA,,nome,,,F,flex,25,TOYOTA,YARIS SEDAN,automoveis
2020,6,TOYOTA,YARIS SEDA,,nome,,,F,flex,25,TOYOTA,YARIS SEDAN,automoveis
2020,6,TOYOTA,YARIS SEDA,,nome,,,F,flex,25,TOYOTA,YARIS SEDAN,automoveis
2020,6,TOYOTA,PRIUS,,nome,,,G,gasolina,24,TOYOTA,PRIUS,automoveis
2020,6,TOYOTA,PRIUS,,nome,,,G,gasolina,24,TOYOTA,PRIUS,automoveis
2020,6,LEXUS,CT200H,,nome,,,G,gasolina,24,LEXUS,CT200H,automoveis
2020,6,LEXUS,CT200H,,nome,,,G,gasolina,24,LEXUS,CT200H,automoveis
2020,6,FIAT,CRONOS,,nome,,,F,flex,25,FIAT,CRONOS,automoveis
2020,6,FIAT,CRONOS,,nome,,,F,flex,25,FIAT,CRONOS,automoveis
2020,6,FIAT,CRONOS,DRIVE (STOP &,nome,,,F,flex,25,FIAT,CRONOS,automoveis
2020,6,FIAT,CRONOS,START),nome,,,F,flex,25,FIAT,CRONOS,automoveis
2020,6,FIAT,CRONOS,DRIVE (STOP &,nome,,,F,flex,25,FIAT,CRONOS,automoveis
2020,6,FIAT,CRONOS,START),nome,,,F,flex,25,FIAT,CRONOS,automoveis
2020,6,FIAT,CRONOS,DRIVE (STOP &,nome,,,F,flex,25,FIAT,CRONOS,automoveis
2020,6,FIAT,CRONOS,START),nome,,,F,flex,25,FIAT,CRONOS,automoveis
2020,6,FIAT,CRONOS,,nome,,,F,flex,25,FIAT,CRONOS,automoveis
2020,6,FIAT,CRONOS,,nome,,,F,flex,25,FIAT,CRONOS,automoveis
2020,6,FIAT,CRONOS,,nome,,,F,flex,25,FIAT,CRONOS,automoveis
2020,6,FIAT,CRONOS,HGT (STOP &,nome,,,F,flex,25,FIAT,CRONOS,automoveis
2020,6,FIAT,GRAND SIENA,START),nome,,,F,flex,25,FIAT,SIENA,automoveis
2020,6,FIAT,GRAND SIENA,,nome,,,F,flex,25,FIAT,SIENA,automoveis
2020,6,FIAT,WEEKEND,,nome,,,F,flex,25,FIAT,WEEKEND,automoveis
2020,6,BMW,I3,,nome,,,E,bev,23,BMW,I3,automoveis
2020,6,RENAULT,LOGAN,,nome,,,F,flex,25,RENAULT,LOGAN,automoveis
2020,7,RENAULT,LOGAN,(CVT),nome,,,F,flex,25,RENAULT,LOGAN,automoveis
2020,7,RENAULT,LOGAN,,nome,,,F,flex,25,RENAULT,LOGAN,automoveis
2020,7,RENAULT,LOGAN,,nome,,,F,flex,25,RENAULT,LOGAN,automoveis
2020,7,RENAULT,LOGAN,,nome,,,F,flex,25,RENAULT,LOGAN,automoveis
2020,7,RENAULT,LOGAN,,nome,,,F,flex,25,RENAULT,LOGAN,automoveis
2020,7,RENAULT,ZOE NR,,nome,,,E,bev,23,RENAULT,ZOE,automoveis
2020,7,RENAULT,ZOE NR,,nome,,,E,bev,23,RENAULT,ZOE,automoveis
2020,7,RENAULT,ZOE LR,,nome,,,E,bev,23,RENAULT,ZOE,automoveis
2020,7,RENAULT,ZOE LR,,nome,,,E,bev,23,RENAULT,ZOE,automoveis
2020,7,RENAULT,ZOE LR,,nome,,,E,bev,23,RENAULT,ZOE,automoveis
2020,7,RENAULT,LOGAN,,nome,,,F,flex,25,RENAULT,LOGAN,automoveis
2020,7,RENAULT,LOGAN,,nome,,,F,flex,25,RENAULT,LOGAN,automoveis
2020,7,RENAULT,LOGAN,,nome,,,F,flex,25,RENAULT,LOGAN,automoveis
2020,7,RENAULT,LOGAN - P2,,nome,,,F,flex,25,RENAULT,LOGAN,automoveis
2020,7,RENAULT,LOGAN - P2,,nome,,,F,flex,25,RENAULT,LOGAN,automoveis
2020,7,CHEVROLET,COBALT,,nome,,,F,flex,25,GM,COBALT,automoveis
2020,7,CHEVROLET,COBALT,,nome,,,F,flex,25,GM,COBALT,automoveis
2020,7,CHEVROLET,COBALT,,nome,,,F,flex,25,GM,COBALT,automoveis
2020,7,CHEVROLET,COBALT,,nome,,,F,flex,25,GM,COBALT,automoveis
2020,7,CHEVROLET,ONIX,,nome,,,F,flex,25,GM,ONIX,automoveis
2020,7,CHEVROLET,ONIX,,nome,,,F,flex,25,GM,ONIX,automoveis
2020,7,CHEVROLET,ONIX,,nome,,,F,flex,25,GM,ONIX,automoveis
2020,7,CHEVROLET,ONIX,,nome,,,F,flex,25,GM,ONIX,automoveis
2020,7,CHEVROLET,ONIX,,nome,,,F,flex,25,GM,ONIX,automoveis
2020,7,CHEVROLET,ONIX,,nome,,,F,flex,25,GM,ONIX,automoveis
2020,7,CHEVROLET,ONIX,,nome,,,F,flex,25,GM,ONIX,automoveis
2020,7,CHEVROLET,ONIX,,nome,,,F,flex,25,GM,ONIX,automoveis
2020,7,CHEVROLET,ONIX,,nome,,,F,flex,25,GM,ONIX,automoveis
2020,7,CHEVROLET,ONIX,,nome,,,F,flex,25,GM,ONIX,automoveis
2020,7,CHEVROLET,ONIX,,nome,,,F,flex,25,GM,ONIX,automoveis
2020,7,CHEVROLET,ONIX,,nome,,,F,flex,25,GM,ONIX,automoveis
2020,7,CHEVROLET,ONIX PLUS,,nome,,,F,flex,25,GM,ONIX PLUS,automoveis
2020,7,CHEVROLET,ONIX PLUS,,nome,,,F,flex,25,GM,ONIX PLUS,automoveis
2020,7,CHEVROLET,ONIX PLUS,,nome,,,F,flex,25,GM,ONIX PLUS,automoveis
2020,7,CHEVROLET,ONIX PLUS,,nome,,,F,flex,25,GM,ONIX PLUS,automoveis
2020,7,CHEVROLET,ONIX PLUS,,nome,,,F,flex,25,GM,ONIX PLUS,automoveis
2020,8,CHEVROLET,ONIX PLUS,(CVT),nome,,,F,flex,25,GM,ONIX PLUS,automoveis
2020,8,CHEVROLET,ONIX PLUS,,nome,,,F,flex,25,GM,ONIX PLUS,automoveis
2020,8,CHEVROLET,ONIX PLUS,,nome,,,F,flex,25,GM,ONIX PLUS,automoveis
2020,8,CHEVROLET,ONIX PLUS,,nome,,,F,flex,25,GM,ONIX PLUS,automoveis
2020,8,CHEVROLET,ONIX PLUS,,nome,,,F,flex,25,GM,ONIX PLUS,automoveis
2020,8,CHEVROLET,ONIX PLUS,,nome,,,F,flex,25,GM,ONIX PLUS,automoveis
2020,8,CHEVROLET,ONIX PLUS JOY,,nome,,,F,flex,25,GM,ONIX PLUS,automoveis
2020,8,CHEVROLET,ONIX PLUS JOY,,nome,,,F,flex,25,GM,ONIX PLUS,automoveis
2020,8,CHEVROLET,SPIN,,nome,,,F,flex,25,GM,SPIN,automoveis
2020,8,CHEVROLET,SPIN,,nome,,,F,flex,25,GM,SPIN,automoveis
2020,8,CHEVROLET,SPIN,,nome,,,F,flex,25,GM,SPIN,automoveis
2020,8,CHEVROLET,SPIN,,nome,,,F,flex,25,GM,SPIN,automoveis
2020,8,VW,VOYAGE,,nome,,,F,flex,25,VW,VOYAGE,automoveis
2020,8,VW,VOYAGE,,nome,,,F,flex,25,VW,VOYAGE,automoveis
2020,8,VW,VOYAGE,,nome,,,F,flex,25,VW,VOYAGE,automoveis
2020,8,VW,VOYAGE,,nome,,,F,flex,25,VW,VOYAGE,automoveis
2020,8,VW,VOYAGE,,nome,,,F,flex,25,VW,VOYAGE,automoveis
2020,8,VW,GOLF,,nome,,,G,gasolina,24,VW,GOLF,automoveis
2020,8,VW,POLO,,nome,,,F,flex,25,VW,POLO,automoveis
2020,8,VW,POLO,,nome,,,F,flex,25,VW,POLO,automoveis
2020,8,VW,POLO,,nome,,,F,flex,25,VW,POLO,automoveis
2020,8,VW,POLO,,nome,,,F,flex,25,VW,POLO,automoveis
2020,8,VW,POLO,COMFORLLINE,nome,,,F,flex,25,VW,POLO,automoveis
2020,8,VW,POLO,COMFORTLINE,nome,,,F,flex,25,VW,POLO,automoveis
2020,8,VW,POLO,ARO 16),nome,,,F,flex,25,VW,POLO,automoveis
2020,8,VW,VIRTUS,,nome,,,F,flex,25,VW,VIRTUS,automoveis
2020,8,VW,VIRTUS,,nome,,,F,flex,25,VW,VIRTUS,automoveis
2020,8,VW,VIRTUS,,nome,,,F,flex,25,VW,VIRTUS,automoveis
2020,8,VW,VIRTUS,COMFORTLINE,nome,,,F,flex,25,VW,VIRTUS,automoveis
2020,8,VW,VIRTUS,HIGHLINE 200,nome,,,F,flex,25,VW,VIRTUS,automoveis
2020,9,NISSAN,NOVO SENTRA,TSI,nome,,,F,flex,25,NISSAN,SENTRA,automoveis
2020,9,NISSAN,NOVO SENTRA,,nome,,,F,flex,25,NISSAN,SENTRA,automoveis
2020,9,NISSAN,NOVO SENTRA,,nome,,,F,flex,25,NISSAN,SENTRA,automoveis
2020,9,NISSAN,LEAF,,nome,,,G,bev,23,NISSAN,LEAF,automoveis
2020,9,KIA,CERATO,FF EX/ LX/ SX/,nome,,,F,flex,25,KIA,CERATO,automoveis
2020,9,CAOA CHERY,ARRIZO 5,"GT 2,0 AT",nome,,,F,flex,25,CAOA CHERY,ARRIZO 5,automoveis
2020,9,CAOA CHERY,ARRIZO 5,"GT 2,0 AT",nome,,,F,flex,25,CHERY,ARRIZO 5,automoveis
2020,9,CAOA CHERY,ARRIZO 5,,nome,,,F,flex,25,CAOA CHERY,ARRIZO 5,automoveis
2020,9,CAOA CHERY,ARRIZO 5,,nome,,,F,flex,25,CHERY,ARRIZO 5,automoveis
2020,9,CAOA CHERY,ARRIZO 5 E E E,,nome,,,E,,,CAOA CHERY,ARRIZO 5,automoveis
2020,9,CAOA CHERY,ARRIZO 5 E E E,,nome,,,E,,,CHERY,ARRIZO 5,automoveis
2020,9,SUBARU,WRX,,nome,,,G,gasolina,24,SUBARU,WRX,automoveis
2020,9,SUBARU,WRX,,nome,,,G,gasolina,24,SUBARU,WRX,automoveis
2020,9,HYUNDAI,ELANTRA,,nome,,,F,flex,25,HYUNDAI,ELANTRA,automoveis
2020,9,AUDI,A3 SEDAN,,nome,,,F,flex,25,AUDI,A3 SEDAN,automoveis
2020,9,AUDI,A3 SEDAN,,nome,,,F,flex,25,AUDI,A3 SEDAN,automoveis
2020,9,AUDI,A3 SEDAN,,nome,,,G,gasolina,24,AUDI,A3 SEDAN,automoveis
2020,9,AUDI,Q3,,nome,,,F,flex,25,AUDI,Q3,automoveis
2020,9,AUDI,Q3,,nome,,,F,flex,25,AUDI,Q3,automoveis
2020,9,AUDI,Q3,,nome,,,F,flex,25,AUDI,Q3,automoveis
2020,9,AUDI,RS3 SEDAN,,nome,,,G,gasolina,24,AUDI,RS3,automoveis
2020,9,HONDA,CIVIC,LX / EX / EXL /,nome,,,F,flex,25,HONDA,CIVIC,automoveis
2020,9,HONDA,CIVIC,SPORT,nome,,,G,gasolina,24,HONDA,CIVIC,automoveis
2020,9,HONDA,CIVIC,,nome,,,G,gasolina,24,HONDA,CIVIC,automoveis
2020,9,TOYOTA,COROLLA,ALTIS PREMIUM,nome,,,F,flex,25,TOYOTA,COROLLA,automoveis
2020,9,TOYOTA,COROLLA,H,nome,,,F,flex,25,TOYOTA,COROLLA,automoveis
2020,9,TOYOTA,COROLLA,,nome,,,F,flex,25,TOYOTA,COROLLA,automoveis
2020,9,TOYOTA,COROLLA,,nome,,,F,flex,25,TOYOTA,COROLLA,automoveis
2020,9,TOYOTA,COROLLA,,nome,,,F,flex,25,TOYOTA,COROLLA,automoveis
2020,9,CITROEN,C4 LOUNGE,,nome,,,F,flex,25,CITROEN,C4L,automoveis
2020,9,MERCEDES-BENZ,A250,,nome,,,G,gasolina,24,M.BENZ,A250,automoveis
2020,10,BMW,X2,(CVT),nome,,,F,flex,25,BMW,X2,automoveis
2020,10,BMW,X2,,nome,,,F,flex,25,BMW,X2,automoveis
2020,10,BMW,X2,,nome,,,G,gasolina,24,BMW,X2,automoveis
2020,10,BMW,X1,,nome,,,F,flex,25,BMW,X1,automoveis
2020,10,BMW,X1,,nome,,,F,flex,25,BMW,X1,automoveis
2020,10,CHEVROLET,CRUZE SPORT6,,nome,,,F,flex,25,GM,CRUZE HB,automoveis
2020,10,CHEVROLET,CRUZE SPORT6,,nome,,,F,flex,25,GM,CRUZE HB,automoveis
2020,10,CHEVROLET,CRUZE SPORT6,,nome,,,F,flex,25,GM,CRUZE HB,automoveis
2020,10,JAGUAR,XF,EXTRA,nome,,,G,gasolina,24,JAGUAR,XF,automoveis
2020,10,JAGUAR,XF,EXTRA,nome,,,G,gasolina,24,JAGUAR,XF,automoveis
2020,10,JAGUAR,XF,EXTRA,nome,,,G,gasolina,24,JAGUAR,XF,automoveis
2020,10,JAGUAR,XF,EXTRA,nome,,,G,gasolina,24,JAGUAR,XF,automoveis
2020,10,JAGUAR,XF,EXTRA,nome,,,G,gasolina,24,JAGUAR,XF,automoveis
2020,10,JAGUAR,XF,EXTRA,nome,,,G,gasolina,24,JAGUAR,XF,automoveis
2020,10,JAGUAR,XF,EXTRA,nome,,,G,gasolina,24,JAGUAR,XF,automoveis
2020,10,JAGUAR,XF,EXTRA,nome,,,G,gasolina,24,JAGUAR,XF,automoveis
2020,10,JAGUAR,XF,EXTRA,nome,,,G,gasolina,24,JAGUAR,XF,automoveis
2020,10,JAGUAR,XF,EXTRA,nome,,,G,gasolina,24,JAGUAR,XF,automoveis
2020,10,JAGUAR,XE,EXTRA,nome,,,G,gasolina,24,JAGUAR,XE,automoveis
2020,10,JAGUAR,XE,EXTRA,nome,,,G,gasolina,24,JAGUAR,XE,automoveis
2020,10,JAGUAR,XE,EXTRA,nome,,,G,gasolina,24,JAGUAR,XE,automoveis
2020,10,JAGUAR,XE,EXTRA,nome,,,G,gasolina,24,JAGUAR,XE,automoveis
2020,10,JAGUAR,XE,EXTRA,nome,,,G,gasolina,24,JAGUAR,XE,automoveis
2020,11,JAGUAR,XE,EXTRA,nome,,,G,gasolina,24,JAGUAR,XE,automoveis
2020,11,JAGUAR,XE,EXTRA,nome,,,G,gasolina,24,JAGUAR,XE,automoveis
2020,11,JAGUAR,XE,EXTRA,nome,,,G,gasolina,24,JAGUAR,XE,automoveis
2020,11,JAGUAR,XJ,EXTRA,nome,,,G,gasolina,24,JAGUAR,XJ,automoveis
2020,11,JAGUAR,XJ,EXTRA,nome,,,G,gasolina,24,JAGUAR,XJ,automoveis
2020,11,VOLVO,V60,EXTRA,nome,,,G,gasolina,24,VOLVO,V60,automoveis
2020,11,VOLVO,V60,EXTRA,nome,,,G,gasolina,24,VOLVO,V60,automoveis
2020,11,VOLVO,V60,EXTRA,nome,,,G,gasolina,24,VOLVO,V60,automoveis
2020,11,VOLVO,S90,EXTRA,nome,,,G,gasolina,24,VOLVO,S90,automoveis
2020,11,VOLVO,S90,EXTRA,nome,,,G,gasolina,24,VOLVO,S90,automoveis
2020,11,VOLVO,S60 (MY19),EXTRA,nome,,,G,gasolina,24,VOLVO,S60,automoveis
2020,11,VOLVO,S60 (MY19),EXTRA,nome,,,G,gasolina,24,VOLVO,S60,automoveis
2020,11,VOLVO,S60,EXTRA,nome,,,G,gasolina,24,VOLVO,S60,automoveis
2020,11,VOLVO,S60,EXTRA,nome,,,G,gasolina,24,VOLVO,S60,automoveis
2020,11,VOLVO,S60,EXTRA,nome,,,G,gasolina,24,VOLVO,S60,automoveis
2020,11,VOLVO,S60,EXTRA,nome,,,G,gasolina,24,VOLVO,S60,automoveis
2020,11,VOLVO,S60,EXTRA,nome,,,G,gasolina,24,VOLVO,S60,automoveis
2020,12,VOLVO,S60,EXTRA,nome,,,G,gasolina,24,VOLVO,S60,automoveis
2020,12,FORD,FUSION,EXTRA,nome,,,G,gasolina,24,FORD,FUSION,automoveis
2020,12,FORD,FUSION,EXTRA,nome,,,G,gasolina,24,FORD,FUSION,comerciais_leves
2020,12,FORD,FUSION,EXTRA,nome,,,G,gasolina,24,FORD,FUSION,automoveis
2020,12,FORD,FUSION,EXTRA,nome,,,G,gasolina,24,FORD,FUSION,comerciais_leves
2020,12,FORD,FUSION,EXTRA,nome,,,G,gasolina,24,FORD,FUSION,automoveis
2020,12,FORD,FUSION,EXTRA,nome,,,G,gasolina,24,FORD,FUSION,comerciais_leves
2020,12,FORD,FUSION,EXTRA,nome,,,G,gasolina,24,FORD,FUSION,automoveis
2020,12,FORD,FUSION,EXTRA,nome,,,G,gasolina,24,FORD,FUSION,comerciais_leves
2020,12,FORD,EDGE,EXTRA,nome,,,G,gasolina,24,FORD,EDGE,automoveis
2020,12,HYUNDAI,AZERA,EXTRA,nome,,,G,gasolina,24,HYUNDAI,AZERA,automoveis
2020,12,AUDI,A4 SEDAN,EXTRA,nome,,,G,gasolina,24,AUDI,A4,automoveis
2020,12,AUDI,A4 SEDAN,EXTRA,nome,,,G,gasolina,24,AUDI,A4,automoveis
2020,12,AUDI,A4 AVANT,EXTRA,nome,,,G,gasolina,24,AUDI,A4 AVANT,automoveis
2020,12,AUDI,A5 SPORTBACK,EXTRA,nome,,,G,gasolina,24,AUDI,A5,automoveis
2020,12,AUDI,A5 SPORTBACK,EXTRA,nome,,,G,gasolina,24,AUDI,A5,automoveis
2020,12,AUDI,A5 SPORTBACK,EXTRA,nome,,,G,gasolina,24,AUDI,A5,automoveis
2020,12,AUDI,A5 SPORTBACK,EXTRA,nome,,,G,gasolina,24,AUDI,A5,automoveis
2020,12,AUDI,A5 SPORTBACK,EXTRA PERFORMANCE,nome,,,G,gasolina,24,AUDI,A5,automoveis
2020,12,AUDI,Q5,EXTRA,nome,,,G,gasolina,24,AUDI,Q5,automoveis
2020,12,AUDI,RS4 AVANT,EXTRA,nome,,,G,gasolina,24,AUDI,RS4 AVANT,automoveis
2020,12,AUDI,RS5 COUPE,EXTRA,nome,,,G,gasolina,24,AUDI,RS5,automoveis
2020,12,AUDI,A6 SEDAN,EXTRA,nome,,,G,gasolina,24,AUDI,A6,automoveis
2020,13,HONDA,ACCORD,EXTRA,nome,,,G,gasolina,24,HONDA,ACCORD,automoveis
2020,13,TOYOTA,CAMRY,EXTRA,nome,,,G,gasolina,24,TOYOTA,CAMRY,automoveis
2020,13,MERCEDES-BENZ,CLA250,EXTRA,nome,,,G,gasolina,24,M.BENZ,CLA250,automoveis
2020,13,MERCEDES-BENZ,AMG CLA35 4MATIC,EXTRA,nome,,,G,gasolina,24,M.BENZ,CLA35,automoveis
2020,13,MERCEDES-BENZ,C180,EXTRA,nome,,,G,gasolina,24,M.BENZ,C180,automoveis
2020,13,MERCEDES-BENZ,E300,EXTRA,nome,,,G,gasolina,24,M.BENZ,CLASSE E,automoveis
2020,14,MERCEDES-BENZ,AMG GT63S 4MATIC,EXTRA,nome,,,G,gasolina,24,M.BENZ,AMG GT63S,automoveis
2020,14,MERCEDES-BENZ,C180 FF,EXTRA,nome,,,F,flex,25,M.BENZ,C180,automoveis
2020,14,MERCEDES-BENZ,C200,EXTRA,nome,,,G,gasolina,24,M.BENZ,CLASSE C,automoveis
2020,14,MERCEDES-BENZ,C300,EXTRA,nome,,,G,gasolina,24,M.BENZ,CLASSE C,automoveis
2020,14,CHRYSLER,300C,EXTRA,nome,,,G,gasolina,24,CHRYSLER,300C,automoveis
2020,14,BMW,320I BR,EXTRA,nome,,,G,gasolina,24,BMW,320I,automoveis
2020,14,BMW,320I,EXTRA,nome,,,G,gasolina,24,BMW,320I,automoveis
2020,14,BMW,330I,EXTRA,nome,,,G,gasolina,24,BMW,330I,automoveis
2020,14,BMW,530E,EXTRA,nome,,,G,gasolina,24,BMW,530E,automoveis
2020,14,BMW,M340I,EXTRA,nome,,,G,gasolina,24,BMW,M340I,automoveis
2020,14,VW,JETTA,EXTRA,nome,,,F,flex,25,VW,JETTA,automoveis
2020,14,VW,JETTA,EXTRA COMFORTLINE,nome,,,F,flex,25,VW,JETTA,automoveis
2020,14,VW,JETTA,EXTRA,nome,,,F,flex,25,VW,JETTA,automoveis
2020,14,VW,JETTA,EXTRA,nome,,,G,gasolina,24,VW,JETTA,automoveis
2020,14,VW,PASSAT,EXTRA,nome,,,G,gasolina,24,VW,PASSAT,automoveis
2020,14,VW,PASSAT,EXTRA,nome,,,G,gasolina,24,VW,PASSAT,automoveis
2020,14,VW,TIGUAN,EXTRA ALLSPACE 250,nome,,,F,flex,25,VW,TIGUAN,automoveis
2020,14,VW,TIGUAN,EXTRA,nome,,,F,flex,25,VW,TIGUAN,automoveis
2020,15,VW,TIGUAN,EXTRA ALLSPACE R-LINE,nome,,,G,gasolina,24,VW,TIGUAN,automoveis
2020,15,JAC,T40,UTILITARIO,nome,,,G,gasolina,24,JAC,T40,automoveis
2020,15,JAC,T40,UTILITARIO,nome,,,F,flex,25,JAC,T40,automoveis
2020,15,NISSAN,KICKS,UTILITARIO,nome,,,F,flex,25,NISSAN,KICKS,automoveis
2020,15,NISSAN,KICKS,UTILITARIO,nome,,,F,flex,25,NISSAN,KICKS,automoveis
2020,15,NISSAN,KICKS,UTILITARIO,nome,,,F,flex,25,NISSAN,KICKS,automoveis
2020,15,NISSAN,KICKS,UTILITARIO,nome,,,F,flex,25,NISSAN,KICKS,automoveis
2020,15,NISSAN,KICKS,UTILITARIO,nome,,,F,flex,25,NISSAN,KICKS,automoveis
2020,15,NISSAN,KICKS,UTILITARIO,nome,,,F,flex,25,NISSAN,KICKS,automoveis
2020,15,NISSAN,KICKS,UTILITARIO,nome,,,F,flex,25,NISSAN,KICKS,automoveis
2020,15,NISSAN,KICKS,UTILITARIO,nome,,,F,flex,25,NISSAN,KICKS,automoveis
2020,15,FORD,ECOSPORT,UTILITARIO,nome,,,F,flex,25,FORD,ECOSPORT,automoveis
2020,15,FORD,ECOSPORT,UTILITARIO,nome,,,F,flex,25,FORD,ECOSPORT,automoveis
2020,16,FORD,ECOSPORT,UTILITARIO,nome,,,F,flex,25,FORD,ECOSPORT,automoveis
2020,16,FORD,ECOSPORT,UTILITARIO,nome,,,F,flex,25,FORD,ECOSPORT,automoveis
2020,16,FORD,ECOSPORT,UTILITARIO,nome,,,F,flex,25,FORD,ECOSPORT,automoveis
2020,16,FORD,ECOSPORT,UTILITARIO,nome,,,F,flex,25,FORD,ECOSPORT,automoveis
2020,16,FORD,ECOSPORT,UTILITARIO,nome,,,F,flex,25,FORD,ECOSPORT,automoveis
2020,16,KIA,NEW SOUL,UTILITARIO,nome,,,F,flex,25,KIA,SOUL,automoveis
2020,16,KIA,NEW SOUL,UTILITARIO,nome,,,F,flex,25,KIA,SOUL,automoveis
2020,16,CAOA CHERY,TIGGO 2,UTILITARIO,nome,,,F,flex,25,CAOA CHERY,TIGGO 2,automoveis
2020,16,CAOA CHERY,TIGGO 2,UTILITARIO,nome,,,F,flex,25,CHERY,TIGGO,automoveis
2020,16,CAOA CHERY,TIGGO 2,UTILITARIO,nome,,,F,flex,25,CAOA CHERY,TIGGO 2,automoveis
2020,16,CAOA CHERY,TIGGO 2,UTILITARIO,nome,,,F,flex,25,CHERY,TIGGO,automoveis
2020,16,CAOA CHERY,TIGGO 2,UTILITARIO,nome,,,F,flex,25,CAOA CHERY,TIGGO 2,automoveis
2020,16,CAOA CHERY,TIGGO 2,UTILITARIO,nome,,,F,flex,25,CHERY,TIGGO,automoveis
2020,16,CAOA CHERY,TIGGO 2,UTILITARIO,nome,,,F,flex,25,CAOA CHERY,TIGGO 2,automoveis
2020,16,CAOA CHERY,TIGGO 2,UTILITARIO,nome,,,F,flex,25,CHERY,TIGGO,automoveis
2020,16,CAOA CHERY,TIGGO 2,UTILITARIO,nome,,,F,flex,25,CAOA CHERY,TIGGO 2,automoveis
2020,16,CAOA CHERY,TIGGO 2,UTILITARIO,nome,,,F,flex,25,CHERY,TIGGO,automoveis
2020,16,CAOA CHERY,TIGGO 2,UTILITARIO,nome,,,F,flex,25,CAOA CHERY,TIGGO 2,automoveis
2020,16,CAOA CHERY,TIGGO 2,UTILITARIO,nome,,,F,flex,25,CHERY,TIGGO,automoveis
2020,16,CAOA CHERY,TIGGO 2,UTILITARIO,nome,,,F,flex,25,CAOA CHERY,TIGGO 2,automoveis
2020,16,CAOA CHERY,TIGGO 2,UTILITARIO,nome,,,F,flex,25,CHERY,TIGGO,automoveis
2020,16,CAOA CHERY,TIGGO 2,UTILITARIO,nome,,,F,flex,25,CAOA CHERY,TIGGO 2,automoveis
2020,16,CAOA CHERY,TIGGO 2,UTILITARIO,nome,,,F,flex,25,CHERY,TIGGO,automoveis
2020,17,CAOA CHERY,TIGGO 2,UTILITARIO,nome,,,F,flex,25,CAOA CHERY,TIGGO 2,automoveis
2020,17,CAOA CHERY,TIGGO 2,UTILITARIO,nome,,,F,flex,25,CHERY,TIGGO,automoveis
2020,17,CAOA CHERY,TIGGO 2,UTILITARIO,nome,,,F,flex,25,CAOA CHERY,TIGGO 2,automoveis
2020,17,CAOA CHERY,TIGGO 2,UTILITARIO,nome,,,F,flex,25,CHERY,TIGGO,automoveis
2020,17,CAOA CHERY,TIGGO 5X,UTILITARIO,nome,,,F,flex,25,CAOA CHERY,TIGGO 5X,automoveis
2020,17,CAOA CHERY,TIGGO 5X,UTILITARIO,nome,,,F,flex,25,CHERY,TIGGO 5X,automoveis
2020,17,CAOA CHERY,TIGGO 5X,UTILITARIO,nome,,,F,flex,25,CAOA CHERY,TIGGO 5X,automoveis
2020,17,CAOA CHERY,TIGGO 5X,UTILITARIO,nome,,,F,flex,25,CHERY,TIGGO 5X,automoveis
2020,17,MITSUBISHI,ASX,UTILITARIO,nome,,,F,flex,25,MITSUBISHI,ASX,automoveis
2020,17,MITSUBISHI,ASX,UTILITARIO,nome,,,F,flex,25,MITSUBISHI,ASX,automoveis
2020,17,MITSUBISHI,ASX,UTILITARIO,nome,,,F,flex,25,MITSUBISHI,ASX,automoveis
2020,17,SUZUKI,VITARA,UTILITARIO,nome,,,G,gasolina,24,SUZUKI,VITARA,automoveis
2020,17,SUZUKI,VITARA,UTILITARIO,nome,,,G,gasolina,24,SUZUKI,VITARA,automoveis
2020,17,HONDA,HR-V,UTILITARIO,nome,,,F,flex,25,HONDA,HR-V,automoveis
2020,17,HONDA,HR-V,UTILITARIO,nome,,,F,flex,25,HONDA,HR-V,automoveis
2020,17,HONDA,HR-V,UTILITARIO,nome,,,F,flex,25,HONDA,HR-V,automoveis
2020,17,HONDA,WR-V,UTILITARIO,nome,,,F,flex,25,HONDA,WR-V,automoveis
2020,17,HONDA,WR-V,UTILITARIO,nome,,,F,flex,25,HONDA,WR-V,automoveis
2020,17,PEUGEOT,2008,UTILITARIO,nome,,,F,flex,25,PEUGEOT,2008,automoveis
2020,18,PEUGEOT,2008,(CVT),nome,,,F,flex,25,PEUGEOT,2008,automoveis
2020,18,PEUGEOT,2008,UTILITARIO,nome,,,F,flex,25,PEUGEOT,2008,automoveis
2020,18,PEUGEOT,2008,UTILITARIO,nome,,,F,flex,25,PEUGEOT,2008,automoveis
2020,18,PEUGEOT,2008,UTILITARIO,nome,,,F,flex,25,PEUGEOT,2008,automoveis
2020,18,PEUGEOT,2008,UTILITARIO,nome,,,F,flex,25,PEUGEOT,2008,automoveis
2020,18,CITROEN,AIRCROSS,UTILITARIO,nome,,,F,flex,25,CITROEN,AIRCROSS,automoveis
2020,18,CITROEN,AIRCROSS,UTILITARIO,nome,,,F,flex,25,CITROEN,AIRCROSS,automoveis
2020,18,CITROEN,C4 CACTUS,UTILITARIO,nome,,,F,flex,25,CITROEN,C4 CACTUS,automoveis
2020,18,CITROEN,C4 CACTUS,UTILITARIO,nome,,,F,flex,25,CITROEN,C4 CACTUS,automoveis
2020,18,CITROEN,C4 CACTUS,UTILITARIO,nome,,,F,flex,25,CITROEN,C4 CACTUS,automoveis
2020,18,FIAT,ARGO,UTILITARIO,nome,,,F,flex,25,FIAT,ARGO,automoveis
2020,18,FIAT,ARGO,UTILITARIO,nome,,,F,flex,25,FIAT,ARGO,automoveis
2020,18,FIAT,NOVO UNO,UTILITARIO,nome,,,F,flex,25,FIAT,UNO,automoveis
2020,18,FIAT,NOVO UNO,UTILITARIO,nome,,,F,flex,25,FIAT,UNO,comerciais_leves
2020,18,FIAT,WEEKEND,UTILITARIO,nome,,,F,flex,25,FIAT,WEEKEND,automoveis
2020,18,JEEP,RENEGADE,UTILITARIO,nome,,,F,flex,25,JEEP,RENEGADE,automoveis
2020,18,JEEP,RENEGADE,UTILITARIO,nome,,,F,flex,25,JEEP,RENEGADE,automoveis
2020,19,JEEP,RENEGADE,UTILITARIO,nome,,,F,flex,25,JEEP,RENEGADE,automoveis
2020,19,JEEP,RENEGADE,UTILITARIO,nome,,,F,flex,25,JEEP,RENEGADE,automoveis
2020,19,RENAULT,CAPTUR,UTILITARIO,nome,,,F,flex,25,RENAULT,CAPTUR,automoveis
2020,19,RENAULT,CAPTUR,UTILITARIO,nome,,,F,flex,25,RENAULT,CAPTUR,automoveis
2020,19,RENAULT,CAPTUR,UTILITARIO,nome,,,F,flex,25,RENAULT,CAPTUR,automoveis
2020,19,RENAULT,DUSTER,UTILITARIO,nome,,,F,flex,25,RENAULT,DUSTER,automoveis
2020,19,RENAULT,SANDERO STEPWAY,UTILITARIO,nome,,,F,flex,25,RENAULT,SANDERO,automoveis
2020,19,RENAULT,SANDERO STEPWAY,UTILITARIO,nome,,,F,flex,25,RENAULT,SANDERO,automoveis
2020,19,RENAULT,DUSTER,UTILITARIO,nome,,,F,flex,25,RENAULT,DUSTER,automoveis
2020,19,RENAULT,DUSTER,UTILITARIO,nome,,,F,flex,25,RENAULT,DUSTER,automoveis
2020,19,RENAULT,CAPTUR,UTILITARIO,nome,,,F,flex,25,RENAULT,CAPTUR,automoveis
2020,19,RENAULT,CAPTUR,UTILITARIO,nome,,,F,flex,25,RENAULT,CAPTUR,automoveis
2020,19,RENAULT,DUSTER,UTILITARIO,nome,,,F,flex,25,RENAULT,DUSTER,automoveis
2020,19,RENAULT,DUSTER,UTILITARIO,nome,,,F,flex,25,RENAULT,DUSTER,automoveis
2020,19,RENAULT,KWID,UTILITARIO,nome,,,F,flex,25,RENAULT,KWID,automoveis
2020,19,RENAULT,KWID,UTILITARIO,nome,,,F,flex,25,RENAULT,KWID,comerciais_leves
2020,20,RENAULT,KWID,UTILITARIO,nome,,,F,flex,25,RENAULT,KWID,automoveis
2020,20,RENAULT,KWID,UTILITARIO,nome,,,F,flex,25,RENAULT,KWID,comerciais_leves
2020,20,RENAULT,KWID,UTILITARIO,nome,,,F,flex,25,RENAULT,KWID,automoveis
2020,20,RENAULT,KWID,UTILITARIO,nome,,,F,flex,25,RENAULT,KWID,comerciais_leves
2020,20,RENAULT,DUSTER,UTILITARIO,nome,,,F,flex,25,RENAULT,DUSTER,automoveis
2020,20,RENAULT,DUSTER,UTILITARIO,nome,,,F,flex,25,RENAULT,DUSTER,automoveis
2020,20,RENAULT,SANDERO STEPWAY,UTILITARIO,nome,,,F,flex,25,RENAULT,SANDERO,automoveis
2020,20,RENAULT,CAPTUR,UTILITARIO,nome,,,F,flex,25,RENAULT,CAPTUR,automoveis
2020,20,HYUNDAI,HB20X,UTILITARIO,nome,,,F,flex,25,HYUNDAI,HB20,automoveis
2020,20,HYUNDAI,HB20X,UTILITARIO,nome,,,F,flex,25,HYUNDAI,HB20,automoveis
2020,20,HYUNDAI,HB20X,UTILITARIO,nome,,,F,flex,25,HYUNDAI,HB20,automoveis
2020,20,HYUNDAI,HB20X,UTILITARIO,nome,,,F,flex,25,HYUNDAI,HB20,automoveis
2020,20,HYUNDAI,HB20X,UTILITARIO,nome,,,F,flex,25,HYUNDAI,HB20,automoveis
2020,20,HYUNDAI,CRETA,UTILITARIO,nome,,,F,flex,25,HYUNDAI,CRETA,automoveis
2020,20,HYUNDAI,CRETA,UTILITARIO,nome,,,F,flex,25,HYUNDAI,CRETA,automoveis
2020,20,HYUNDAI,CRETA,UTILITARIO,nome,,,F,flex,25,HYUNDAI,CRETA,automoveis
2020,20,HYUNDAI,CRETA,UTILITARIO,nome,,,F,flex,25,HYUNDAI,CRETA,automoveis
2020,21,HYUNDAI,CRETA,(CVT),nome,,,F,flex,25,HYUNDAI,CRETA,automoveis
2020,21,HYUNDAI,CRETA,UTILITARIO,nome,,,F,flex,25,HYUNDAI,CRETA,automoveis
2020,21,HYUNDAI,CRETA,UTILITARIO,nome,,,F,flex,25,HYUNDAI,CRETA,automoveis
2020,21,HYUNDAI,CRETA,UTILITARIO,nome,,,F,flex,25,HYUNDAI,CRETA,automoveis
2020,21,VOLVO,XC40,UTILITARIO,nome,,,G,gasolina,24,VOLVO,XC40,automoveis
2020,21,VOLVO,XC40,UTILITARIO,nome,,,G,gasolina,24,VOLVO,XC40,automoveis
2020,21,VOLVO,XC40,UTILITARIO,nome,,,G,gasolina,24,VOLVO,XC40,automoveis
2020,21,VOLVO,XC40,UTILITARIO,nome,,,G,gasolina,24,VOLVO,XC40,automoveis
2020,21,VOLVO,XC40,UTILITARIO,nome,,,G,gasolina,24,VOLVO,XC40,automoveis
2020,21,VOLVO,XC40,UTILITARIO,nome,,,G,gasolina,24,VOLVO,XC40,automoveis
2020,21,VOLVO,XC40,UTILITARIO,nome,,,G,gasolina,24,VOLVO,XC40,automoveis
2020,21,KIA,SORENTO,UTILITARIO,nome,,,G,gasolina,24,KIA,SORENTO,automoveis
2020,22,KIA,SORENTO,UTILITARIO,nome,,,G,gasolina,24,KIA,SORENTO,automoveis
2020,22,KIA,SORENTO,UTILITARIO,nome,,,G,gasolina,24,KIA,SORENTO,automoveis
2020,22,KIA,SORENTO,UTILITARIO,nome,,,G,gasolina,24,KIA,SORENTO,automoveis
2020,22,KIA,SORENTO,UTILITARIO,nome,,,G,gasolina,24,KIA,SORENTO,automoveis
2020,22,KIA,SORENTO,UTILITARIO,nome,,,G,gasolina,24,KIA,SORENTO,automoveis
2020,22,KIA,SORENTO,UTILITARIO,nome,,,G,gasolina,24,KIA,SORENTO,automoveis
2020,22,KIA,SPORTAGE,UTILITARIO,nome,,,F,flex,25,KIA,SPORTAGE,automoveis
2020,22,KIA,SPORTAGE,UTILITARIO,nome,,,F,flex,25,KIA,SPORTAGE,automoveis
2020,22,CAOA CHERY,TIGGO 7,UTILITARIO,nome,,,F,flex,25,CAOA CHERY,TIGGO 7,automoveis
2020,22,CAOA CHERY,TIGGO 7,UTILITARIO,nome,,,F,flex,25,CHERY,TIGGO 7,automoveis
2020,22,CAOA CHERY,TIGGO 7,UTILITARIO,nome,,,F,flex,25,CAOA CHERY,TIGGO 7,automoveis
2020,22,CAOA CHERY,TIGGO 7,UTILITARIO,nome,,,F,flex,25,CHERY,TIGGO 7,automoveis
2020,22,HYUNDAI,SANTA FE,UTILITARIO,nome,,,G,gasolina,24,HYUNDAI,SANTAFE,automoveis
2020,22,HYUNDAI,IX35,GLS (RODA ARO,nome,,,F,flex,25,HYUNDAI,IX35,automoveis
2020,22,HYUNDAI,IX35,GL (RODA ARO,nome,,,F,flex,25,HYUNDAI,IX35,automoveis
2020,22,HYUNDAI,IX35,GLS (RODA ARO,nome,,,F,flex,25,HYUNDAI,IX35,automoveis
2020,22,HYUNDAI,TUCSON TURBO,GLS (RODA ARO,nome,,,G,gasolina,24,HYUNDAI,TUCSON,automoveis
2020,23,HYUNDAI,TUCSON TURBO,LTD (RODA ARO,nome,,,G,gasolina,24,HYUNDAI,TUCSON,automoveis
2020,23,MITSUBISHI,OUTLANDER,UTILITARIO,nome,,,G,gasolina,24,MITSUBISHI,OUTLANDER,automoveis
2020,23,MITSUBISHI,OUTLANDER,UTILITARIO,nome,,,G,gasolina,24,MITSUBISHI,OUTLANDER,automoveis
2020,23,MITSUBISHI,ECLIPSE CROSS,UTILITARIO,nome,,,G,gasolina,24,MITSUBISHI,ECLIPSE CROSS,automoveis
2020,23,MITSUBISHI,ECLIPSE CROSS,UTILITARIO,nome,,,G,gasolina,24,MITSUBISHI,ECLIPSE CROSS,automoveis
2020,23,MITSUBISHI,ECLIPSE CROSS,UTILITARIO,nome,,,G,gasolina,24,MITSUBISHI,ECLIPSE CROSS,automoveis
2020,23,MITSUBISHI,ECLIPSE CROSS,UTILITARIO,nome,,,G,gasolina,24,MITSUBISHI,ECLIPSE CROSS,automoveis
2020,23,PEUGEOT,3008,UTILITARIO,nome,,,G,gasolina,24,PEUGEOT,3008,automoveis
2020,23,PEUGEOT,3008,UTILITARIO,nome,,,G,gasolina,24,PEUGEOT,3008,automoveis
2020,23,PEUGEOT,3008,UTILITARIO,nome,,,G,gasolina,24,PEUGEOT,3008,automoveis
2020,23,PEUGEOT,3008,UTILITARIO,nome,,,G,gasolina,24,PEUGEOT,3008,automoveis
2020,23,TOYOTA,SW4,UTILITARIO,nome,,,F,flex,25,TOYOTA,HILUX SW4,automoveis
2020,23,TOYOTA,SW4,UTILITARIO,nome,,,F,flex,25,TOYOTA,HILUX SW4,comerciais_leves
2020,23,TOYOTA,SW4,UTILITARIO,nome,,,F,flex,25,TOYOTA,HILUX SW4,automoveis
2020,23,TOYOTA,SW4,UTILITARIO,nome,,,F,flex,25,TOYOTA,HILUX SW4,comerciais_leves
2020,23,TOYOTA,SW4,UTILITARIO,nome,,,F,flex,25,TOYOTA,HILUX SW4,automoveis
2020,23,TOYOTA,SW4,UTILITARIO,nome,,,F,flex,25,TOYOTA,HILUX SW4,comerciais_leves
2020,24,TOYOTA,SW4,(CVT),nome,,,F,flex,25,TOYOTA,HILUX SW4,automoveis
2020,24,TOYOTA,SW4,(CVT),nome,,,F,flex,25,TOYOTA,HILUX SW4,comerciais_leves
2020,24,JEEP,COMPASS,UTILITARIO,nome,,,F,flex,25,JEEP,COMPASS,automoveis
2020,24,JEEP,COMPASS,UTILITARIO,nome,,,F,flex,25,JEEP,COMPASS,automoveis
2020,24,JEEP,COMPASS,UTILITARIO,nome,,,F,flex,25,JEEP,COMPASS,automoveis
2020,24,CHEVROLET,EQUINOX,UTILITARIO,nome,,,G,gasolina,24,GM,EQUINOX,automoveis
2020,24,CHEVROLET,EQUINOX,UTILITARIO,nome,,,G,gasolina,24,GM,EQUINOX,automoveis
2020,24,SUBARU,XV,ESPORTIVO,nome,,,G,gasolina,24,SUBARU,XV,automoveis
2020,24,MITSUBISHI,ASX,ESPORTIVO,nome,,,F,flex,25,MITSUBISHI,ASX,automoveis
2020,24,MITSUBISHI,ASX,ESPORTIVO,nome,,,F,flex,25,MITSUBISHI,ASX,automoveis
2020,24,SUZUKI,VITARA,ESPORTIVO,nome,,,G,gasolina,24,SUZUKI,VITARA,automoveis
2020,24,SUZUKI,VITARA,ESPORTIVO,nome,,,G,gasolina,24,SUZUKI,VITARA,automoveis
2020,25,RENAULT,DUSTER,ESPORTIVO,nome,,,F,flex,25,RENAULT,DUSTER,automoveis
2020,25,PORSCHE,CAYENNE (19MY),UTILITARIO,nome,,,G,gasolina,24,PORSCHE,CAYENNE,automoveis
2020,25,PORSCHE,CAYENNE (19MY),UTILITARIO,nome,,,G,gasolina,24,PORSCHE,CAYENNE,automoveis
2020,25,PORSCHE,CAYENNE (19MY),UTILITARIO,nome,,,G,gasolina,24,PORSCHE,CAYENNE,automoveis
2020,25,PORSCHE,CAYENNE (19MY),UTILITARIO,nome,,,G,gasolina,24,PORSCHE,CAYENNE,automoveis
2020,25,PORSCHE,MACAN (MY19),UTILITARIO,nome,,,G,gasolina,24,PORSCHE,MACAN,automoveis
2020,25,PORSCHE,MACAN (MY19),UTILITARIO,nome,,,G,gasolina,24,PORSCHE,MACAN,automoveis
2020,25,PORSCHE,MACAN,UTILITARIO,nome,,,G,gasolina,24,PORSCHE,MACAN,automoveis
2020,25,SSANGYONG,REXTON,UTILITARIO,nome,,,D,diesel,26,SSANGYONG,REXTON,automoveis
2020,25,SSANGYONG,REXTON,UTILITARIO,nome,,,D,diesel,26,SSANGYONG,REXTON,automoveis
2020,27,VOLVO,XC40,UTILITARIO,nome,,,G,gasolina,24,VOLVO,XC40,automoveis
2020,27,VOLVO,XC40,UTILITARIO,nome,,,G,gasolina,24,VOLVO,XC40,automoveis
2020,27,VOLVO,XC40,UTILITARIO,nome,,,G,gasolina,24,VOLVO,XC40,automoveis
2020,27,VOLVO,XC60,UTILITARIO,nome,,,G,gasolina,24,VOLVO,XC60,automoveis
2020,27,VOLVO,XC60,UTILITARIO,nome,,,G,gasolina,24,VOLVO,XC60,automoveis
2020,27,VOLVO,XC60,UTILITARIO,nome,,,G,gasolina,24,VOLVO,XC60,automoveis
2020,27,VOLVO,XC60,UTILITARIO,nome,,,G,gasolina,24,VOLVO,XC60,automoveis
2020,27,VOLVO,XC60,UTILITARIO,nome,,,D,diesel,26,VOLVO,XC60,automoveis
2020,27,VOLVO,XC60,UTILITARIO,nome,,,D,diesel,26,VOLVO,XC60,automoveis
2020,27,VOLVO,XC60,UTILITARIO,nome,,,G,gasolina,24,VOLVO,XC60,automoveis
2020,28,VOLVO,XC60,UTILITARIO,nome,,,G,gasolina,24,VOLVO,XC60,automoveis
2020,28,VOLVO,XC90,UTILITARIO,nome,,,G,gasolina,24,VOLVO,XC90,automoveis
2020,28,VOLVO,XC90,UTILITARIO,nome,,,G,gasolina,24,VOLVO,XC90,automoveis
2020,28,VOLVO,XC90,UTILITARIO,nome,,,G,gasolina,24,VOLVO,XC90,automoveis
2020,28,VOLVO,XC90,UTILITARIO,nome,,,G,gasolina,24,VOLVO,XC90,automoveis
2020,28,VOLVO,XC90,UTILITARIO,nome,,,D,diesel,26,VOLVO,XC90,automoveis
2020,28,VOLVO,XC90,UTILITARIO,nome,,,D,diesel,26,VOLVO,XC90,automoveis
2020,28,VOLVO,XC90,UTILITARIO,nome,,,D,diesel,26,VOLVO,XC90,automoveis
2020,28,VOLVO,XC90 (MY19),UTILITARIO,nome,,,G,gasolina,24,VOLVO,XC90,automoveis
2020,28,VOLVO,XC90 (MY19),UTILITARIO,nome,,,G,gasolina,24,VOLVO,XC90,automoveis
2020,28,VOLVO,XC90 (MY19),UTILITARIO,nome,,,G,gasolina,24,VOLVO,XC90,automoveis
2020,28,VOLVO,XC90 (MY19),UTILITARIO,nome,,,G,gasolina,24,VOLVO,XC90,automoveis
2020,28,KIA,SORENTO,UTILITARIO,nome,,,G,gasolina,24,KIA,SORENTO,automoveis
2020,28,KIA,SORENTO,UTILITARIO,nome,,,G,gasolina,24,KIA,SORENTO,automoveis
2020,28,KIA,SORENTO,UTILITARIO,nome,,,G,gasolina,24,KIA,SORENTO,automoveis
2020,29,KIA,SORENTO,UTILITARIO,nome,,,G,gasolina,24,KIA,SORENTO,automoveis
2020,29,KIA,SORENTO,UTILITARIO,nome,,,G,gasolina,24,KIA,SORENTO,automoveis
2020,29,SUBARU,FORESTER,UTILITARIO,nome,,,G,gasolina,24,SUBARU,FORESTER,automoveis
2020,29,AUDI,Q7,UTILITARIO,nome,,,G,gasolina,24,AUDI,Q7,automoveis
2020,29,AUDI,Q7,PERFORMANCE,nome,,,G,gasolina,24,AUDI,Q7,automoveis
2020,29,AUDI,Q7,UTILITARIO,nome,,,D,diesel,26,AUDI,Q7,automoveis
2020,29,AUDI,Q7,UTILITARIO,nome,,,D,diesel,26,AUDI,Q7,automoveis
2020,29,AUDI,Q7,PERFORMANCE,nome,,,D,diesel,26,AUDI,Q7,automoveis
2020,29,AUDI,Q5,UTILITARIO,nome,,,G,gasolina,24,AUDI,Q5,automoveis
2020,29,AUDI,Q5,UTILITARIO,nome,,,G,gasolina,24,AUDI,Q5,automoveis
2020,29,AUDI,Q5,UTILITARIO,nome,,,G,gasolina,24,AUDI,Q5,automoveis
2020,29,AUDI,Q5,UTILITARIO,nome,,,G,gasolina,24,AUDI,Q5,automoveis
2020,30,MITSUBISHI,ECLIPSE CROSS,(CVT),nome,,,G,gasolina,24,MITSUBISHI,ECLIPSE CROSS,automoveis
2020,30,MITSUBISHI,ECLIPSE CROSS,UTILITARIO,nome,,,G,gasolina,24,MITSUBISHI,ECLIPSE CROSS,automoveis
2020,30,HONDA,CR-V,UTILITARIO,nome,,,G,gasolina,24,HONDA,CRV,automoveis
2020,30,MERCEDES-BENZ,GLC 220D 4MATIC,UTILITARIO,nome,,,D,diesel,26,M.BENZ,GLC,automoveis
2020,30,MERCEDES-BENZ,GLC300,UTILITARIO,nome,,,G,gasolina,24,M.BENZ,GLC,automoveis
2020,30,MERCEDES-BENZ,GLE 400D,UTILITARIO,nome,,,D,diesel,26,M.BENZ,GLE,automoveis
2020,30,JEEP,COMPASS,UTILITARIO,nome,,,D,diesel,26,JEEP,COMPASS,automoveis
2020,31,JEEP,COMPASS,UTILITARIO,nome,,,D,diesel,26,JEEP,COMPASS,automoveis
2020,31,JEEP,COMPASS,UTILITARIO,nome,,,D,diesel,26,JEEP,COMPASS,automoveis
2020,31,JEEP,COMPASS,UTILITARIO,nome,,,D,diesel,26,JEEP,COMPASS,automoveis
2020,31,BMW,X3,UTILITARIO,nome,,,G,gasolina,24,BMW,X3,automoveis
2020,31,BMW,X3,UTILITARIO,nome,,,G,gasolina,24,BMW,X3,automoveis
2020,31,BMW,X3,UTILITARIO,nome,,,G,gasolina,24,BMW,X3,automoveis
2020,31,BMW,X3,UTILITARIO,nome,,,G,gasolina,24,BMW,X3,automoveis
2020,31,BMW,X3,UTILITARIO,nome,,,G,gasolina,24,BMW,X3,automoveis
2020,31,BMW,X3,UTILITARIO,nome,,,G,gasolina,24,BMW,X3,automoveis
2020,31,BMW,X3,UTILITARIO,nome,,,G,gasolina,24,BMW,X3,automoveis
2020,31,BMW,X3,UTILITARIO,nome,,,G,gasolina,24,BMW,X3,automoveis
2020,31,BMW,X4,UTILITARIO,nome,,,G,gasolina,24,BMW,X4,automoveis
2020,31,BMW,X4,UTILITARIO,nome,,,G,gasolina,24,BMW,X4,automoveis
2020,31,BMW,X5,UTILITARIO,nome,,,D,diesel,26,BMW,X5,automoveis
2020,31,BMW,X5 BR,UTILITARIO,nome,,,D,diesel,26,BMW,X5,automoveis
2020,32,BMW,X5,UTILITARIO,nome,,,D,diesel,26,BMW,X5,automoveis
2020,32,BMW,X5,UTILITARIO,nome,,,G,gasolina,24,BMW,X5,automoveis
2020,32,BMW,X5,UTILITARIO,nome,,,G,gasolina,24,BMW,X5,automoveis
2020,32,BMW,X6,UTILITARIO,nome,,,G,gasolina,24,BMW,X6,automoveis
2020,32,CHEVROLET,EQUINOX,UTILITARIO,nome,,,G,gasolina,24,GM,EQUINOX,automoveis
2020,32,CHEVROLET,EQUINOX,UTILITARIO,nome,,,G,gasolina,24,GM,EQUINOX,automoveis
2020,32,LAND ROVER,RANGE ROVER SPORT,FORA DE,nome,,,G,gasolina,24,LAND ROVER,RANGE ROVER,automoveis
2020,32,LAND ROVER,RANGE ROVER SPORT,FORA DE,nome,,,G,gasolina,24,LAND ROVER,RANGE ROVER,automoveis
2020,32,LAND ROVER,RANGE ROVER SPORT,FORA DE,nome,,,G,gasolina,24,LAND ROVER,RANGE ROVER,automoveis
2020,32,LAND ROVER,RANGE ROVER SPORT,FORA DE,nome,,,G,gasolina,24,LAND ROVER,RANGE ROVER,automoveis
2020,32,LAND ROVER,RANGE ROVER SPORT,FORA DE,nome,,,G,gasolina,24,LAND ROVER,RANGE ROVER,automoveis
2020,32,LAND ROVER,RANGE ROVER SPORT,FORA DE,nome,,,G,gasolina,24,LAND ROVER,RANGE ROVER,automoveis
2020,32,LAND ROVER,RANGE ROVER SPORT,FORA DE,nome,,,G,gasolina,24,LAND ROVER,RANGE ROVER,automoveis
2020,32,LAND ROVER,RANGE ROVER SPORT,FORA DE,nome,,,G,gasolina,24,LAND ROVER,RANGE ROVER,automoveis
2020,32,LAND ROVER,RANGE ROVER SPORT,FORA DE,nome,,,G,gasolina,24,LAND ROVER,RANGE ROVER,automoveis
2020,32,LAND ROVER,RANGE ROVER SPORT,FORA DE,nome,,,D,diesel,26,LAND ROVER,RANGE ROVER,automoveis
2020,32,LAND ROVER,RANGE ROVER SPORT,FORA DE,nome,,,D,diesel,26,LAND ROVER,RANGE ROVER,automoveis
2020,32,LAND ROVER,RANGE ROVER SPORT,FORA DE,nome,,,D,diesel,26,LAND ROVER,RANGE ROVER,automoveis
2020,33,LAND ROVER,RANGE ROVER SPORT,FORA DE,nome,,,D,diesel,26,LAND ROVER,RANGE ROVER,automoveis
2020,33,LAND ROVER,RANGE ROVER SPORT,FORA DE,nome,,,D,diesel,26,LAND ROVER,RANGE ROVER,automoveis
2020,33,LAND ROVER,RANGE ROVER SPORT,FORA DE,nome,,,G,gasolina,24,LAND ROVER,RANGE ROVER,automoveis
2020,33,LAND ROVER,RANGE ROVER SPORT,FORA DE,nome,,,G,gasolina,24,LAND ROVER,RANGE ROVER,automoveis
2020,33,LAND ROVER,RANGE ROVER,FORA DE,nome,,,G,gasolina,24,LAND ROVER,RANGE ROVER,automoveis
2020,33,LAND ROVER,RANGE ROVER,FORA DE,nome,,,G,gasolina,24,LAND ROVER,RANGE ROVER,automoveis
2020,33,LAND ROVER,RANGE ROVER,FORA DE,nome,,,G,gasolina,24,LAND ROVER,RANGE ROVER,automoveis
2020,33,LAND ROVER,RANGE ROVER,FORA DE,nome,,,G,gasolina,24,LAND ROVER,RANGE ROVER,automoveis
2020,33,LAND ROVER,RANGE ROVER,FORA DE,nome,,,G,gasolina,24,LAND ROVER,RANGE ROVER,automoveis
2020,33,LAND ROVER,RANGE ROVER,FORA DE,nome,,,D,diesel,26,LAND ROVER,RANGE ROVER,automoveis
2020,33,LAND ROVER,RANGE ROVER,FORA DE,nome,,,D,diesel,26,LAND ROVER,RANGE ROVER,automoveis
2020,33,LAND ROVER,RANGE ROVER,FORA DE,nome,,,D,diesel,26,LAND ROVER,RANGE ROVER,automoveis
2020,33,LAND ROVER,RANGE ROVER,FORA DE,nome,,,D,diesel,26,LAND ROVER,RANGE ROVER,automoveis
2020,33,LAND ROVER,RANGE ROVER,FORA DE,nome,,,D,diesel,26,LAND ROVER,RANGE ROVER,automoveis
2020,33,LAND ROVER,RANGE ROVER,FORA DE,nome,,,D,diesel,26,LAND ROVER,RANGE ROVER,automoveis
2020,33,LAND ROVER,RANGE ROVER,FORA DE,nome,,,G,gasolina,24,LAND ROVER,RANGE ROVER,automoveis
2020,33,LAND ROVER,RANGE ROVER,FORA DE,nome,,,G,gasolina,24,LAND ROVER,RANGE ROVER,automoveis
2020,33,LAND ROVER,RANGE ROVER,FORA DE,nome,,,G,gasolina,24,LAND ROVER,RANGE ROVER,automoveis
2020,33,LAND ROVER,RANGE ROVER,FORA DE,nome,,,G,gasolina,24,LAND ROVER,RANGE ROVER,automoveis
2020,33,LAND ROVER,DISCOVERY SPORT,FORA DE,nome,,,G,gasolina,24,LAND ROVER,DISCOVERY,automoveis
2020,33,LAND ROVER,DISCOVERY SPORT,FORA DE,nome,,,G,gasolina,24,LAND ROVER,DISCOVERY,automoveis
2020,34,LAND ROVER,DISCOVERY SPORT,FORA DE,nome,,,G,gasolina,24,LAND ROVER,DISCOVERY,automoveis
2020,34,LAND ROVER,DISCOVERY SPORT,FORA DE,nome,,,G,gasolina,24,LAND ROVER,DISCOVERY,automoveis
2020,34,LAND ROVER,DISCOVERY SPORT,FORA DE,nome,,,G,gasolina,24,LAND ROVER,DISCOVERY,automoveis
2020,34,LAND ROVER,DISCOVERY SPORT,FORA DE,nome,,,G,gasolina,24,LAND ROVER,DISCOVERY,automoveis
2020,34,LAND ROVER,DISCOVERY SPORT,FORA DE,nome,,,G,gasolina,24,LAND ROVER,DISCOVERY,automoveis
2020,34,LAND ROVER,DISCOVERY SPORT,FORA DE,nome,,,D,diesel,26,LAND ROVER,DISCOVERY,automoveis
2020,34,LAND ROVER,DISCOVERY SPORT,FORA DE,nome,,,D,diesel,26,LAND ROVER,DISCOVERY,automoveis
2020,34,LAND ROVER,DISCOVERY SPORT,FORA DE,nome,,,D,diesel,26,LAND ROVER,DISCOVERY,automoveis
2020,34,LAND ROVER,DISCOVERY SPORT,FORA DE,nome,,,D,diesel,26,LAND ROVER,DISCOVERY,automoveis
2020,34,LAND ROVER,DISCOVERY SPORT,FORA DE,nome,,,D,diesel,26,LAND ROVER,DISCOVERY,automoveis
2020,34,LAND ROVER,DISCOVERY SPORT,FORA DE,nome,,,D,diesel,26,LAND ROVER,DISCOVERY,automoveis
2020,34,LAND ROVER,DISCOVERY SPORT,FORA DE,nome,,,D,diesel,26,LAND ROVER,DISCOVERY,automoveis
2020,34,LAND ROVER,DISCOVERY SPORT,FORA DE,nome,,,D,diesel,26,LAND ROVER,DISCOVERY,automoveis
2020,34,LAND ROVER,DISCOVERY SPORT,FORA DE,nome,,,D,diesel,26,LAND ROVER,DISCOVERY,automoveis
2020,34,LAND ROVER,DISCOVERY SPORT,FORA DE,nome,,,D,diesel,26,LAND ROVER,DISCOVERY,automoveis
2020,34,LAND ROVER,DISCOVERY SPORT,FORA DE,nome,,,D,diesel,26,LAND ROVER,DISCOVERY,automoveis
2020,34,LAND ROVER,DISCOVERY SPORT,FORA DE,nome,,,F,flex,25,LAND ROVER,DISCOVERY,automoveis
2020,34,LAND ROVER,DISCOVERY SPORT,FORA DE,nome,,,F,flex,25,LAND ROVER,DISCOVERY,automoveis
2020,34,LAND ROVER,DISCOVERY SPORT,FORA DE,nome,,,F,flex,25,LAND ROVER,DISCOVERY,automoveis
2020,34,LAND ROVER,DISCOVERY SPORT,FORA DE,nome,,,F,flex,25,LAND ROVER,DISCOVERY,automoveis
2020,34,LAND ROVER,DISCOVERY SPORT,FORA DE,nome,,,F,flex,25,LAND ROVER,DISCOVERY,automoveis
2020,35,LAND ROVER,DISCOVERY SPORT,FORA DE,nome,,,F,flex,25,LAND ROVER,DISCOVERY,automoveis
2020,35,LAND ROVER,DISCOVERY SPORT,FORA DE,nome,,,F,flex,25,LAND ROVER,DISCOVERY,automoveis
2020,35,LAND ROVER,VELAR,FORA DE,nome,,,G,gasolina,24,LAND ROVER,VELAR,automoveis
2020,35,LAND ROVER,VELAR,FORA DE,nome,,,G,gasolina,24,LAND ROVER,VELAR,automoveis
2020,35,LAND ROVER,VELAR,FORA DE,nome,,,G,gasolina,24,LAND ROVER,VELAR,automoveis
2020,35,LAND ROVER,VELAR,FORA DE,nome,,,G,gasolina,24,LAND ROVER,VELAR,automoveis
2020,35,LAND ROVER,VELAR,FORA DE,nome,,,G,gasolina,24,LAND ROVER,VELAR,automoveis
2020,35,LAND ROVER,VELAR,FORA DE,nome,,,G,gasolina,24,LAND ROVER,VELAR,automoveis
2020,35,LAND ROVER,VELAR,FORA DE,nome,,,G,gasolina,24,LAND ROVER,VELAR,automoveis
2020,35,LAND ROVER,VELAR,FORA DE,nome,,,G,gasolina,24,LAND ROVER,VELAR,automoveis
2020,35,LAND ROVER,VELAR,FORA DE,nome,,,G,gasolina,24,LAND ROVER,VELAR,automoveis
2020,35,LAND ROVER,VELAR,FORA DE,nome,,,G,gasolina,24,LAND ROVER,VELAR,automoveis
2020,35,LAND ROVER,VELAR,FORA DE,nome,,,G,gasolina,24,LAND ROVER,VELAR,automoveis
2020,35,LAND ROVER,VELAR,FORA DE,nome,,,G,gasolina,24,LAND ROVER,VELAR,automoveis
2020,35,LAND ROVER,VELAR,FORA DE,nome,,,G,gasolina,24,LAND ROVER,VELAR,automoveis
2020,35,LAND ROVER,VELAR,FORA DE,nome,,,G,gasolina,24,LAND ROVER,VELAR,automoveis
2020,35,LAND ROVER,VELAR,FORA DE,nome,,,G,gasolina,24,LAND ROVER,VELAR,automoveis
2020,35,LAND ROVER,VELAR,FORA DE,nome,,,G,gasolina,24,LAND ROVER,VELAR,automoveis
2020,35,LAND ROVER,VELAR,FORA DE,nome,,,G,gasolina,24,LAND ROVER,VELAR,automoveis
2020,35,LAND ROVER,VELAR,FORA DE,nome,,,G,gasolina,24,LAND ROVER,VELAR,automoveis
2020,35,LAND ROVER,VELAR,FORA DE,nome,,,G,gasolina,24,LAND ROVER,VELAR,automoveis
2020,36,LAND ROVER,VELAR,FORA DE,nome,,,G,gasolina,24,LAND ROVER,VELAR,automoveis
2020,36,LAND ROVER,VELAR,FORA DE,nome,,,G,gasolina,24,LAND ROVER,VELAR,automoveis
2020,36,LAND ROVER,VELAR,FORA DE,nome,,,G,gasolina,24,LAND ROVER,VELAR,automoveis
2020,36,LAND ROVER,VELAR,FORA DE,nome,,,G,gasolina,24,LAND ROVER,VELAR,automoveis
2020,36,LAND ROVER,VELAR,FORA DE,nome,,,G,gasolina,24,LAND ROVER,VELAR,automoveis
2020,36,LAND ROVER,VELAR,FORA DE,nome,,,G,gasolina,24,LAND ROVER,VELAR,automoveis
2020,36,LAND ROVER,VELAR,FORA DE,nome,,,G,gasolina,24,LAND ROVER,VELAR,automoveis
2020,36,LAND ROVER,VELAR,FORA DE,nome,,,G,gasolina,24,LAND ROVER,VELAR,automoveis
2020,36,LAND ROVER,EVOQUE,FORA DE,nome,,,D,diesel,26,LAND ROVER,EVOQUE,automoveis
2020,36,LAND ROVER,EVOQUE,FORA DE,nome,,,D,diesel,26,LAND ROVER,EVOQUE,automoveis
2020,36,LAND ROVER,EVOQUE,FORA DE,nome,,,D,diesel,26,LAND ROVER,EVOQUE,automoveis
2020,36,LAND ROVER,EVOQUE,FORA DE,nome,,,D,diesel,26,LAND ROVER,EVOQUE,automoveis
2020,36,LAND ROVER,EVOQUE,FORA DE,nome,,,D,diesel,26,LAND ROVER,EVOQUE,automoveis
2020,36,LAND ROVER,EVOQUE,FORA DE,nome,,,D,diesel,26,LAND ROVER,EVOQUE,automoveis
2020,36,LAND ROVER,EVOQUE,FORA DE,nome,,,D,diesel,26,LAND ROVER,EVOQUE,automoveis
2020,36,LAND ROVER,EVOQUE,FORA DE,nome,,,D,diesel,26,LAND ROVER,EVOQUE,automoveis
2020,36,LAND ROVER,EVOQUE,FORA DE,nome,,,G,gasolina,24,LAND ROVER,EVOQUE,automoveis
2020,36,LAND ROVER,EVOQUE,FORA DE P240,nome,,,G,gasolina,24,LAND ROVER,EVOQUE,automoveis
2020,36,LAND ROVER,EVOQUE,FORA DE,nome,,,G,gasolina,24,LAND ROVER,EVOQUE,automoveis
2020,36,LAND ROVER,EVOQUE,FORA DE,nome,,,G,gasolina,24,LAND ROVER,EVOQUE,automoveis
2020,36,LAND ROVER,EVOQUE,FORA DE,nome,,,G,gasolina,24,LAND ROVER,EVOQUE,automoveis
2020,37,LAND ROVER,EVOQUE,FORA DE P240FF HSE,nome,,,F,flex,25,LAND ROVER,EVOQUE,automoveis
2020,37,LAND ROVER,EVOQUE,FORA DE,nome,,,F,flex,25,LAND ROVER,EVOQUE,automoveis
2020,37,LAND ROVER,EVOQUE,FORA DE,nome,,,F,flex,25,LAND ROVER,EVOQUE,automoveis
2020,37,LAND ROVER,EVOQUE,FORA DE,nome,,,F,flex,25,LAND ROVER,EVOQUE,automoveis
2020,37,LAND ROVER,EVOQUE,FORA DE,nome,,,G,gasolina,24,LAND ROVER,EVOQUE,automoveis
2020,37,LAND ROVER,EVOQUE,FORA DE,nome,,,G,gasolina,24,LAND ROVER,EVOQUE,automoveis
2020,37,LAND ROVER,EVOQUE,FORA DE,nome,,,G,gasolina,24,LAND ROVER,EVOQUE,automoveis
2020,37,LAND ROVER,EVOQUE,FORA DE,nome,,,G,gasolina,24,LAND ROVER,EVOQUE,automoveis
2020,37,LAND ROVER,DISCOVERY,FORA DE,nome,,,D,diesel,26,LAND ROVER,DISCOVERY,automoveis
2020,37,LAND ROVER,DISCOVERY,FORA DE,nome,,,D,diesel,26,LAND ROVER,DISCOVERY,automoveis
2020,37,LAND ROVER,DISCOVERY,FORA DE,nome,,,D,diesel,26,LAND ROVER,DISCOVERY,automoveis
2020,37,LAND ROVER,DISCOVERY,FORA DE,nome,,,D,diesel,26,LAND ROVER,DISCOVERY,automoveis
2020,37,LAND ROVER,DISCOVERY,FORA DE,nome,,,D,diesel,26,LAND ROVER,DISCOVERY,automoveis
2020,37,LAND ROVER,DISCOVERY,FORA DE,nome,,,D,diesel,26,LAND ROVER,DISCOVERY,automoveis
2020,37,LAND ROVER,DISCOVERY,FORA DE,nome,,,D,diesel,26,LAND ROVER,DISCOVERY,automoveis
2020,37,LAND ROVER,DISCOVERY,FORA DE,nome,,,D,diesel,26,LAND ROVER,DISCOVERY,automoveis
2020,37,LAND ROVER,DISCOVERY,FORA DE,nome,,,D,diesel,26,LAND ROVER,DISCOVERY,automoveis
2020,37,LAND ROVER,DISCOVERY,FORA DE,nome,,,D,diesel,26,LAND ROVER,DISCOVERY,automoveis
2020,37,LAND ROVER,DISCOVERY,FORA DE,nome,,,D,diesel,26,LAND ROVER,DISCOVERY,automoveis
2020,37,LAND ROVER,DISCOVERY,FORA DE,nome,,,D,diesel,26,LAND ROVER,DISCOVERY,automoveis
2020,37,LAND ROVER,DISCOVERY,FORA DE,nome,,,D,diesel,26,LAND ROVER,DISCOVERY,automoveis
2020,38,LAND ROVER,DISCOVERY,FORA DE,nome,,,D,diesel,26,LAND ROVER,DISCOVERY,automoveis
2020,38,LAND ROVER,DISCOVERY,FORA DE,nome,,,D,diesel,26,LAND ROVER,DISCOVERY,automoveis
2020,38,LAND ROVER,RANGE ROVER SPORT,FORA DE,nome,,,G,gasolina,24,LAND ROVER,RANGE ROVER,automoveis
2020,38,LAND ROVER,RANGE ROVER SPORT,FORA DE,nome,,,G,gasolina,24,LAND ROVER,RANGE ROVER,automoveis
2020,38,LAND ROVER,RANGE ROVER,FORA DE,nome,,,G,gasolina,24,LAND ROVER,RANGE ROVER,automoveis
2020,38,MITSUBISHI,OUTLANDER,FORA DE,nome,,,G,gasolina,24,MITSUBISHI,OUTLANDER,automoveis
2020,38,MITSUBISHI,OUTLANDER,FORA DE,nome,,,D,diesel,26,MITSUBISHI,OUTLANDER,automoveis
2020,38,MITSUBISHI,PAJERO,FORA DE,nome,,,G,gasolina,24,MITSUBISHI,PAJERO,automoveis
2020,38,MITSUBISHI,PAJERO,FORA DE,nome,,,D,diesel,26,MITSUBISHI,PAJERO,automoveis
2020,38,MITSUBISHI,PAJERO,FORA DE,nome,,,D,diesel,26,MITSUBISHI,PAJERO,automoveis
2020,38,MITSUBISHI,PAJERO SPORT,FORA DE,nome,,,D,diesel,26,MITSUBISHI,PAJERO,automoveis
2020,38,MITSUBISHI,PAJERO SPORT,FORA DE,nome,,,D,diesel,26,MITSUBISHI,PAJERO,automoveis
2020,38,SUZUKI,JIMNY,FORA DE,nome,,,G,gasolina,24,SUZUKI,JIMNY,automoveis
2020,38,SUZUKI,JIMNY,FORA DE,nome,,,G,gasolina,24,SUZUKI,JIMNY,automoveis
2020,38,SUZUKI,JIMNY,FORA DE,nome,,,G,gasolina,24,SUZUKI,JIMNY,automoveis
2020,38,SUZUKI,JIMNY,FORA DE,nome,,,G,gasolina,24,SUZUKI,JIMNY,automoveis
2020,38,SUZUKI,JIMNY SIERRA,FORA DE,nome,,,G,gasolina,24,SUZUKI,JIMNY SIERRA,automoveis
2020,38,SUZUKI,JIMNY SIERRA,FORA DE,nome,,,G,gasolina,24,SUZUKI,JIMNY SIERRA,automoveis
2020,38,SUZUKI,JIMNY SIERRA,FORA DE,nome,,,G,gasolina,24,SUZUKI,JIMNY SIERRA,automoveis
2020,38,SUZUKI,JIMNY SIERRA,FORA DE,nome,,,G,gasolina,24,SUZUKI,JIMNY SIERRA,automoveis
2020,38,TOYOTA,SW4,FORA DE,nome,,,D,diesel,26,TOYOTA,HILUX SW4,automoveis
2020,38,TOYOTA,SW4,FORA DE,nome,,,D,diesel,26,TOYOTA,HILUX SW4,comerciais_leves
2020,39,TOYOTA,SW4,FORA DE,nome,,,D,diesel,26,TOYOTA,HILUX SW4,automoveis
2020,39,TOYOTA,SW4,FORA DE,nome,,,D,diesel,26,TOYOTA,HILUX SW4,comerciais_leves
2020,39,TOYOTA,SW4,FORA DE,nome,,,D,diesel,26,TOYOTA,HILUX SW4,automoveis
2020,39,TOYOTA,SW4,FORA DE,nome,,,D,diesel,26,TOYOTA,HILUX SW4,comerciais_leves
2020,39,TOYOTA,SW4,FORA DE,nome,,,D,diesel,26,TOYOTA,HILUX SW4,automoveis
2020,39,TOYOTA,SW4,FORA DE,nome,,,D,diesel,26,TOYOTA,HILUX SW4,comerciais_leves
2020,39,JEEP,COMPASS,FORA DE,nome,,,D,diesel,26,JEEP,COMPASS,automoveis
2020,39,JEEP,RENEGADE,FORA DE,nome,,,D,diesel,26,JEEP,RENEGADE,automoveis
2020,39,JEEP,RENEGADE,FORA DE,nome,,,D,diesel,26,JEEP,RENEGADE,automoveis
2020,39,JEEP,RENEGADE,FORA DE,nome,,,D,diesel,26,JEEP,RENEGADE,automoveis
2020,39,JEEP,WRANGLER,FORA DE,nome,,,G,gasolina,24,JEEP,WRANGLER,automoveis
2020,39,JEEP,WRANGLER,FORA DE RUBICON,nome,,,G,gasolina,24,JEEP,WRANGLER,automoveis
2020,39,JEEP,WRANGLER,FORA DE,nome,,,G,gasolina,24,JEEP,WRANGLER,automoveis
2020,39,JEEP,WRANGLER,FORA DE,nome,,,G,gasolina,24,JEEP,WRANGLER,automoveis
2020,39,JEEP,WRANGLER,FORA DE,nome,,,G,gasolina,24,JEEP,WRANGLER,automoveis
2020,39,JEEP,WRANGLER,FORA DE,nome,,,G,gasolina,24,JEEP,WRANGLER,automoveis
2020,39,CHEVROLET,TRAILBLAZER,FORA DE,nome,,,G,gasolina,24,GM,TRAILBLAZER,automoveis
2020,39,CHEVROLET,TRAILBLAZER,FORA DE,nome,,,D,diesel,26,GM,TRAILBLAZER,automoveis
2020,39,CHEVROLET,TRAILBLAZER,FORA DE,nome,,,D,diesel,26,GM,TRAILBLAZER,automoveis
2020,39,KIA,CARNIVAL,ESTRADA,nome,,,G,gasolina,24,KIA,CARNIVAL,automoveis
2020,39,KIA,CARNIVAL,,nome,,,G,gasolina,24,KIA,CARNIVAL,automoveis
2020,39,FIAT,DOBLO,,nome,,,F,flex,25,FIAT,DOBLO,automoveis
2020,39,FIAT,DOBLO,,nome,,,F,flex,25,FIAT,DOBLO,comerciais_leves
2020,39,DODGE,JOURNEY,,nome,,,G,gasolina,24,DODGE,JOURNEY,automoveis
2020,39,CHEVROLET,SPIN,,nome,,,F,flex,25,GM,SPIN,automoveis
2020,39,CHEVROLET,SPIN,,nome,,,F,flex,25,GM,SPIN,automoveis
2020,39,CHEVROLET,SPIN,,nome,,,F,flex,25,GM,SPIN,automoveis
2020,39,KIA,BONGO K2500,,nome,,,D,diesel,26,KIA,BONGO,comerciais_leves
2020,39,HYUNDAI,HR,,nome,,,D,diesel,26,HYUNDAI,HR,comerciais_leves
2020,40,PEUGEOT,PARTNER,(CVT),nome,,,F,flex,25,PEUGEOT,PARTNER,comerciais_leves
2020,40,PEUGEOT,EXPERT,,nome,,,D,diesel,26,PEUGEOT,EXPERT,comerciais_leves
2020,40,PEUGEOT,EXPERT,,nome,,,D,diesel,26,PEUGEOT,EXPERT,comerciais_leves
2020,40,PEUGEOT,EXPERT,,nome,,,D,diesel,26,PEUGEOT,EXPERT,comerciais_leves
2020,40,PEUGEOT,BOXER,,nome,,,D,diesel,26,PEUGEOT,BOXER,comerciais_leves
2020,40,PEUGEOT,BOXER,,nome,,,D,diesel,26,PEUGEOT,BOXER,comerciais_leves
2020,40,PEUGEOT,BOXER,,nome,,,D,diesel,26,PEUGEOT,BOXER,comerciais_leves
2020,40,CITROEN,BERLINGO,,nome,,,F,flex,25,CITROEN,BERLINGO,automoveis
2020,40,CITROEN,BERLINGO,,nome,,,F,flex,25,CITROEN,BERLINGO,comerciais_leves
2020,40,CITROEN,JUMPY,,nome,,,D,diesel,26,CITROEN,JUMPY,comerciais_leves
2020,40,CITROEN,JUMPY,,nome,,,D,diesel,26,CITROEN,JUMPY,comerciais_leves
2020,40,CITROEN,JUMPY,,nome,,,D,diesel,26,CITROEN,JUMPY,comerciais_leves
2020,40,CITROEN,JUMPER,,nome,,,D,diesel,26,CITROEN,JUMPER,comerciais_leves
2020,40,CITROEN,JUMPER,,nome,,,D,diesel,26,CITROEN,JUMPER,comerciais_leves
2020,40,CITROEN,JUMPER,,nome,,,D,diesel,26,CITROEN,JUMPER,comerciais_leves
2020,40,FIAT,DUCATO,,nome,,,D,diesel,26,FIAT,DUCATO,comerciais_leves
2020,40,FIAT,DUCATO,,nome,,,D,diesel,26,FIAT,DUCATO,comerciais_leves
2020,40,FIAT,DUCATO,,nome,,,D,diesel,26,FIAT,DUCATO,comerciais_leves
2020,40,FIAT,DUCATO,MAXI CARGO,nome,,,D,diesel,26,FIAT,DUCATO,comerciais_leves
2020,40,FIAT,DUCATO,13M3,nome,,,D,diesel,26,FIAT,DUCATO,comerciais_leves
2020,40,FIAT,DUCATO,MULTI EXTRA,nome,,,D,diesel,26,FIAT,DUCATO,comerciais_leves
2020,40,FIAT,FIORINO,LONGO,nome,,,F,flex,25,FIAT,FIORINO,comerciais_leves
2020,40,FIAT,FIORINO,,nome,,,F,flex,25,FIAT,FIORINO,comerciais_leves
2020,40,MERCEDES-BENZ,SPRINTER STREET 314,,nome,,,D,diesel,26,M.BENZ,SPRINTER,comerciais_leves
2020,40,RENAULT,KANGOO,,nome,,,F,flex,25,RENAULT,KANGOO,automoveis
2020,40,RENAULT,KANGOO,,nome,,,F,flex,25,RENAULT,KANGOO,comerciais_leves
2020,40,RENAULT,MASTER BUS,,nome,,,D,diesel,26,RENAULT,MASTER,comerciais_leves
2020,40,RENAULT,MASTER BUS,,nome,,,D,diesel,26,RENAULT,MASTER,comerciais_leves
2020,40,RENAULT,MASTER FURGAO,,nome,,,D,diesel,26,RENAULT,MASTER,comerciais_leves
2020,40,RENAULT,MASTER CHASSIS CABINE,,nome,,,D,diesel,26,RENAULT,MASTER,comerciais_leves
2020,40,FIAT,STRADA,PICAPE,nome,,,F,flex,25,FIAT,STRADA,comerciais_leves
2020,40,FIAT,STRADA,PICAPE,nome,,,F,flex,25,FIAT,STRADA,comerciais_leves
2020,40,FIAT,STRADA,PICAPE,nome,,,F,flex,25,FIAT,STRADA,comerciais_leves
2020,40,FIAT,STRADA,PICAPE HARD WORKING,nome,,,F,flex,25,FIAT,STRADA,comerciais_leves
2020,41,FIAT,STRADA,PICAPE HARD WORKING,nome,,,F,flex,25,FIAT,STRADA,comerciais_leves
2020,41,FIAT,STRADA,PICAPE HARD WORKING,nome,,,F,flex,25,FIAT,STRADA,comerciais_leves
2020,41,FIAT,STRADA,PICAPE,nome,,,F,flex,25,FIAT,STRADA,comerciais_leves
2020,41,RENAULT,OROCH,PICAPE,nome,,,F,flex,25,RENAULT,OROCH,comerciais_leves
2020,41,RENAULT,OROCH,PICAPE,nome,,,F,flex,25,RENAULT,OROCH,comerciais_leves
2020,41,RENAULT,OROCH,PICAPE,nome,,,F,flex,25,RENAULT,OROCH,comerciais_leves
2020,41,RENAULT,OROCH,PICAPE,nome,,,F,flex,25,RENAULT,OROCH,comerciais_leves
2020,41,CHEVROLET,MONTANA,PICAPE,nome,,,F,flex,25,GM,MONTANA,comerciais_leves
2020,41,CHEVROLET,MONTANA,PICAPE,nome,,,F,flex,25,GM,MONTANA,comerciais_leves
2020,41,CHEVROLET,MONTANA,PICAPE,nome,,,F,flex,25,GM,MONTANA,comerciais_leves
2020,41,VW,SAVEIRO,PICAPE ROBUST (CABINE,nome,,,F,flex,25,VW,SAVEIRO,comerciais_leves
2020,41,VW,SAVEIRO,PICAPE,nome,,,F,flex,25,VW,SAVEIRO,comerciais_leves
2020,41,VW,SAVEIRO,PICAPE ROBUST (CABINE,nome,,,F,flex,25,VW,SAVEIRO,comerciais_leves
2020,41,VW,SAVEIRO,PICAPE CROSS (CABINE,nome,,,F,flex,25,VW,SAVEIRO,comerciais_leves
2020,41,SSANGYONG,MUSSO,COMPACTA DUPLA),nome,,,D,diesel,26,SSANGYONG,MUSSO,automoveis
2020,41,SSANGYONG,MUSSO,,nome,,,D,diesel,26,SSANGYONG,MUSSO,automoveis
2020,41,JAC,V260,,nome,,,D,diesel,26,JAC,V260,comerciais_leves
2020,41,NISSAN,FRONTIER,,nome,,,D,diesel,26,NISSAN,FRONTIER,comerciais_leves
2020,41,NISSAN,FRONTIER,,nome,,,D,diesel,26,NISSAN,FRONTIER,comerciais_leves
2020,41,NISSAN,FRONTIER,,nome,,,D,diesel,26,NISSAN,FRONTIER,comerciais_leves
2020,41,NISSAN,FRONTIER,,nome,,,D,diesel,26,NISSAN,FRONTIER,comerciais_leves
2020,41,NISSAN,FRONTIER,,nome,,,D,diesel,26,NISSAN,FRONTIER,comerciais_leves
2020,41,NISSAN,FRONTIER,,nome,,,D,diesel,26,NISSAN,FRONTIER,comerciais_leves
2020,41,NISSAN,FRONTIER,,nome,,,D,diesel,26,NISSAN,FRONTIER,comerciais_leves
2020,41,FORD,RANGER 4X4,,nome,,,D,diesel,26,FORD,RANGER,comerciais_leves
2020,41,FORD,RANGER 4X4,,nome,,,D,diesel,26,FORD,RANGER,comerciais_leves
2020,42,FORD,RANGER 4X2 C. DUPLA,(CVT),nome,,,D,diesel,26,FORD,RANGER,comerciais_leves
2020,42,FORD,RANGER 4X4 C. DUPLA,,nome,,,D,diesel,26,FORD,RANGER,comerciais_leves
2020,42,FORD,RANGER,LIMITED 4X4,nome,,,D,diesel,26,FORD,RANGER,comerciais_leves
2020,42,FORD,RANGER 4X4 C. DUPLA,(CABINE DUPLA),nome,,,D,diesel,26,FORD,RANGER,comerciais_leves
2020,42,FORD,RANGER 4X4 C. DUPLA,,nome,,,D,diesel,26,FORD,RANGER,comerciais_leves
2020,42,MITSUBISHI,L200 TRITON SPORT,,nome,,,D,diesel,26,MITSUBISHI,L200,comerciais_leves
2020,42,MITSUBISHI,L200 TRITON SPORT,,nome,,,D,diesel,26,MITSUBISHI,L200,comerciais_leves
2020,42,MITSUBISHI,L200 TRITON SPORT,,nome,,,D,diesel,26,MITSUBISHI,L200,comerciais_leves
2020,42,MITSUBISHI,L200 TRITON SPORT,,nome,,,D,diesel,26,MITSUBISHI,L200,comerciais_leves
2020,42,MITSUBISHI,L200 TRITON SPORT,,nome,,,D,diesel,26,MITSUBISHI,L200,comerciais_leves
2020,42,MITSUBISHI,L200 TRITON SPORT,,nome,,,D,diesel,26,MITSUBISHI,L200,comerciais_leves
2020,42,TOYOTA,HILUX DIESEL 4X4,,nome,,,D,diesel,26,TOYOTA,HILUX,comerciais_leves
2020,42,TOYOTA,HILUX DIESEL 4X4,,nome,,,D,diesel,26,TOYOTA,HILUX,comerciais_leves
2020,42,TOYOTA,HILUX DIESEL 4X4,,nome,,,D,diesel,26,TOYOTA,HILUX,comerciais_leves
2020,42,TOYOTA,HILUX DIESEL 4X4,,nome,,,D,diesel,26,TOYOTA,HILUX,comerciais_leves
2020,42,TOYOTA,HILUX,,nome,,,D,diesel,26,TOYOTA,HILUX,comerciais_leves
2020,42,TOYOTA,HILUX,,nome,,,D,diesel,26,TOYOTA,HILUX,comerciais_leves
2020,42,TOYOTA,HILUX,,nome,,,D,diesel,26,TOYOTA,HILUX,comerciais_leves
2020,42,TOYOTA,HILUX,,nome,,,D,diesel,26,TOYOTA,HILUX,comerciais_leves
2020,42,TOYOTA,HILUX FLEX 4X2,,nome,,,F,flex,25,TOYOTA,HILUX,comerciais_leves
2020,42,TOYOTA,HILUX FLEX 4X2,,nome,,,F,flex,25,TOYOTA,HILUX,comerciais_leves
2020,42,TOYOTA,HILUX FLEX 4X2,,nome,,,F,flex,25,TOYOTA,HILUX,comerciais_leves
2020,42,TOYOTA,HILUX FLEX 4X2,,nome,,,F,flex,25,TOYOTA,HILUX,comerciais_leves
2020,42,TOYOTA,HILUX FLEX 4X2,,nome,,,F,flex,25,TOYOTA,HILUX,comerciais_leves
2020,42,TOYOTA,HILUX FLEX 4X4,,nome,,,F,flex,25,TOYOTA,HILUX,comerciais_leves
2020,42,TOYOTA,HILUX GASOLINA 4X4,,nome,,,G,gasolina,24,TOYOTA,HILUX,comerciais_leves
2020,42,FIAT,TORO,,nome,,,F,flex,25,FIAT,TORO,comerciais_leves
2020,42,FIAT,TORO,,nome,,,D,diesel,26,FIAT,TORO,comerciais_leves
2020,42,FIAT,TORO,,nome,,,D,diesel,26,FIAT,TORO,comerciais_leves
2020,42,FIAT,TORO,,nome,,,D,diesel,26,FIAT,TORO,comerciais_leves
2020,42,FIAT,TORO,,nome,,,D,diesel,26,FIAT,TORO,comerciais_leves
2020,42,FIAT,TORO,,nome,,,D,diesel,26,FIAT,TORO,comerciais_leves
2020,42,CHEVROLET,S10,ADV 4X2,nome,,,F,flex,25,GM,S10,comerciais_leves
2020,42,CHEVROLET,S10,HIGH COUNTRY,nome,,,F,flex,25,GM,S10,comerciais_leves
2020,43,CHEVROLET,S10,HIGH COUNTRY,nome,,,F,flex,25,GM,S10,comerciais_leves
2020,43,CHEVROLET,S10,HIGH COUNTRY,nome,,,F,flex,25,GM,S10,comerciais_leves
2020,43,CHEVROLET,S10,HIGH COUNTRY,nome,,,F,flex,25,GM,S10,comerciais_leves
2020,43,CHEVROLET,S10,LS CABINE,nome,,,F,flex,25,GM,S10,comerciais_leves
2020,43,CHEVROLET,S10,LS CABINE,nome,,,F,flex,25,GM,S10,comerciais_leves
2020,43,CHEVROLET,S10,LT CABINE,nome,,,F,flex,25,GM,S10,comerciais_leves
2020,43,CHEVROLET,S10,LTZ CABINE,nome,,,F,flex,25,GM,S10,comerciais_leves
2020,43,CHEVROLET,S10,LTZ CABINE,nome,,,F,flex,25,GM,S10,comerciais_leves
2020,43,CHEVROLET,S10,LT CABINE,nome,,,F,flex,25,GM,S10,comerciais_leves
2020,43,CHEVROLET,S10,LT CABINE,nome,,,F,flex,25,GM,S10,comerciais_leves
2020,43,CHEVROLET,S10,LTZ CABINE,nome,,,F,flex,25,GM,S10,comerciais_leves
2020,43,CHEVROLET,S10,LT CABINE,nome,,,F,flex,25,GM,S10,comerciais_leves
2020,43,CHEVROLET,S10,LTZ CABINE,nome,,,F,flex,25,GM,S10,comerciais_leves
2020,43,CHEVROLET,S10,HIGH COUNTRY,nome,,,D,diesel,26,GM,S10,comerciais_leves
2020,43,CHEVROLET,S10,LT CABINE,nome,,,D,diesel,26,GM,S10,comerciais_leves
2020,43,CHEVROLET,S10,LTZ CABINE,nome,,,D,diesel,26,GM,S10,comerciais_leves
2020,43,CHEVROLET,S10,LS CABINE,nome,,,D,diesel,26,GM,S10,comerciais_leves
2020,43,CHEVROLET,S10,LT CABINE,nome,,,D,diesel,26,GM,S10,comerciais_leves
2020,43,CHEVROLET,S10,LT CABINE,nome,,,D,diesel,26,GM,S10,comerciais_leves
2020,44,CHEVROLET,S10,LS CABINE,nome,,,D,diesel,26,GM,S10,comerciais_leves
2020,44,CHEVROLET,S10,LS CABINE,nome,,,D,diesel,26,GM,S10,comerciais_leves
2020,44,CHEVROLET,S10,LTZ CABINE,nome,,,D,diesel,26,GM,S10,comerciais_leves
2020,44,CHEVROLET,S10,LT CABINE,nome,,,D,diesel,26,GM,S10,comerciais_leves
2020,44,CHEVROLET,S10,MIDNUGHT,nome,,,D,diesel,26,GM,S10,comerciais_leves
2020,44,VW,AMAROK,4X4,nome,,,D,diesel,26,VW,AMAROK,comerciais_leves
2020,44,VW,AMAROK,,nome,,,D,diesel,26,VW,AMAROK,comerciais_leves
2020,44,VW,AMAROK,,nome,,,D,diesel,26,VW,AMAROK,comerciais_leves
2020,44,VW,AMAROK,,nome,,,D,diesel,26,VW,AMAROK,comerciais_leves
2020,44,VW,AMAROK,,nome,,,D,diesel,26,VW,AMAROK,comerciais_leves
2020,44,VW,AMAROK,,nome,,,D,diesel,26,VW,AMAROK,comerciais_leves
2020,44,VW,AMAROK,,nome,,,D,diesel,26,VW,AMAROK,comerciais_leves
2020,44,VW,AMAROK,,nome,,,D,diesel,26,VW,AMAROK,comerciais_leves
2020,44,VW,AMAROK,,nome,,,D,diesel,26,VW,AMAROK,comerciais_leves
2020,44,VW,AMAROK,CD 4X4,nome,,,D,diesel,26,VW,AMAROK,comerciais_leves
2020,44,VW,AMAROK,COMFORT,nome,,,D,diesel,26,VW,AMAROK,comerciais_leves
2020,44,VW,AMAROK,,nome,,,D,diesel,26,VW,AMAROK,comerciais_leves
2020,44,PORSCHE,911,,nome,,,G,gasolina,24,PORSCHE,911,automoveis
2020,44,PORSCHE,911,CARRERA,nome,,,G,gasolina,24,PORSCHE,911,automoveis
2020,44,PORSCHE,911,CABRIOLET,nome,,,G,gasolina,24,PORSCHE,911,automoveis
2020,44,PORSCHE,911,CARRERA 4,nome,,,G,gasolina,24,PORSCHE,911,automoveis
2020,44,PORSCHE,911,CABRIOLET,nome,,,G,gasolina,24,PORSCHE,911,automoveis
2020,44,PORSCHE,911,,nome,,,G,gasolina,24,PORSCHE,911,automoveis
2020,44,PORSCHE,911,,nome,,,G,gasolina,24,PORSCHE,911,automoveis
2020,44,PORSCHE,911,,nome,,,G,gasolina,24,PORSCHE,911,automoveis
2020,44,PORSCHE,911,TURBO S,nome,,,G,gasolina,24,PORSCHE,911,automoveis
2020,44,PORSCHE,911,CABRIOLET,nome,,,G,gasolina,24,PORSCHE,911,automoveis
2020,44,PORSCHE,911,,nome,,,G,gasolina,24,PORSCHE,911,automoveis
2020,44,PORSCHE,911,CARRERA 4 GT,nome,,,G,gasolina,24,PORSCHE,911,automoveis
2020,45,PORSCHE,911,(CVT),nome,,,G,gasolina,24,PORSCHE,911,automoveis
2020,45,PORSCHE,911,,nome,,,G,gasolina,24,PORSCHE,911,automoveis
2020,45,PORSCHE,911,,nome,,,G,gasolina,24,PORSCHE,911,automoveis
2020,45,PORSCHE,911,,nome,,,G,gasolina,24,PORSCHE,911,automoveis
2020,45,PORSCHE,911,,nome,,,G,gasolina,24,PORSCHE,911,automoveis
2020,45,PORSCHE,911,,nome,,,G,gasolina,24,PORSCHE,911,automoveis
2020,45,PORSCHE,911,,nome,,,G,gasolina,24,PORSCHE,911,automoveis
2020,45,PORSCHE,911,,nome,,,G,gasolina,24,PORSCHE,911,automoveis
2020,45,PORSCHE,911,,nome,,,G,gasolina,24,PORSCHE,911,automoveis
2020,45,PORSCHE,911,,nome,,,G,gasolina,24,PORSCHE,911,automoveis
2020,45,PORSCHE,911,,nome,,,G,gasolina,24,PORSCHE,911,automoveis
2020,45,PORSCHE,BOXSTER,,nome,,,G,gasolina,24,PORSCHE,BOXSTER,automoveis
2020,45,PORSCHE,BOXSTER,,nome,,,G,gasolina,24,PORSCHE,BOXSTER,automoveis
2020,45,PORSCHE,BOXSTER,,nome,,,G,gasolina,24,PORSCHE,BOXSTER,automoveis
2020,45,PORSCHE,CAYMAN,,nome,,,G,gasolina,24,PORSCHE,CAYMAN,automoveis
2020,45,PORSCHE,CAYMAN,,nome,,,G,gasolina,24,PORSCHE,CAYMAN,automoveis
2020,45,PORSCHE,CAYMAN,,nome,,,G,gasolina,24,PORSCHE,CAYMAN,automoveis
2020,45,PORSCHE,PANAMERA (MY19),,nome,,,G,gasolina,24,PORSCHE,PANAMERA,automoveis
2020,45,PORSCHE,PANAMERA (MY19),,nome,,,G,gasolina,24,PORSCHE,PANAMERA,automoveis
2020,45,PORSCHE,PANAMERA (MY19),,nome,,,G,gasolina,24,PORSCHE,PANAMERA,automoveis
2020,45,PORSCHE,PANAMERA (MY19),,nome,,,G,gasolina,24,PORSCHE,PANAMERA,automoveis
2020,45,PORSCHE,PANAMERA (MY19),,nome,,,G,gasolina,24,PORSCHE,PANAMERA,automoveis
2020,45,PORSCHE,PANAMERA (MY19),,nome,,,G,gasolina,24,PORSCHE,PANAMERA,automoveis
2020,45,PORSCHE,PANAMERA (MY19),,nome,,,G,gasolina,24,PORSCHE,PANAMERA,automoveis
2020,45,PORSCHE,PANAMERA,,nome,,,G,gasolina,24,PORSCHE,PANAMERA,automoveis
2020,45,PORSCHE,PANAMERA,,nome,,,G,gasolina,24,PORSCHE,PANAMERA,automoveis
2020,45,PORSCHE,PANAMERA,,nome,,,G,gasolina,24,PORSCHE,PANAMERA,automoveis
2020,45,PORSCHE,PANAMERA,,nome,,,G,gasolina,24,PORSCHE,PANAMERA,automoveis
2020,45,PORSCHE,PANAMERA,,nome,,,G,gasolina,24,PORSCHE,PANAMERA,automoveis
2020,45,PORSCHE,PANAMERA,,nome,,,G,gasolina,24,PORSCHE,PANAMERA,automoveis
2020,45,JAGUAR,F-TYPE,,nome,,,G,gasolina,24,JAGUAR,F-TYPE,automoveis
2020,45,JAGUAR,F-TYPE,,nome,,,G,gasolina,24,JAGUAR,F-TYPE,automoveis
2020,45,JAGUAR,F-TYPE,,nome,,,G,gasolina,24,JAGUAR,F-TYPE,automoveis
2020,45,JAGUAR,F-TYPE,,nome,,,G,gasolina,24,JAGUAR,F-TYPE,automoveis
2020,45,JAGUAR,F-TYPE,,nome,,,G,gasolina,24,JAGUAR,F-TYPE,automoveis
2020,45,JAGUAR,F-TYPE,,nome,,,G,gasolina,24,JAGUAR,F-TYPE,automoveis
2020,46,JAGUAR,F-TYPE,(CVT),nome,,,G,gasolina,24,JAGUAR,F-TYPE,automoveis
2020,46,JAGUAR,F-TYPE,,nome,,,G,gasolina,24,JAGUAR,F-TYPE,automoveis
2020,46,JAGUAR,F-TYPE,,nome,,,G,gasolina,24,JAGUAR,F-TYPE,automoveis
2020,46,JAGUAR,F-TYPE,,nome,,,G,gasolina,24,JAGUAR,F-TYPE,automoveis
2020,46,JAGUAR,F-TYPE,,nome,,,G,gasolina,24,JAGUAR,F-TYPE,automoveis
2020,46,JAGUAR,F-TYPE,,nome,,,G,gasolina,24,JAGUAR,F-TYPE,automoveis
2020,46,FORD,MUSTANG,,nome,,,G,gasolina,24,FORD,MUSTANG,automoveis
2020,46,AUDI,TT RS,,nome,,,G,gasolina,24,AUDI,TT,automoveis
2020,46,MINI,COOPER,,nome,,,G,gasolina,24,MINI,COOPER,automoveis
2020,46,MINI,COOPER,,nome,,,G,gasolina,24,MINI,COOPER,automoveis
2020,46,MERCEDES-BENZ,C300,,nome,,,G,gasolina,24,M.BENZ,CLASSE C,automoveis
2020,46,MERCEDES-BENZ,SLC 300,,nome,,,G,gasolina,24,M.BENZ,SLC 300,automoveis
2020,46,MERCEDES-BENZ,AMG S63 4M,,nome,,,G,gasolina,24,M.BENZ,S63,automoveis
2020,46,BMW,M2,,nome,,,G,gasolina,24,BMW,M2,automoveis
2020,46,BMW,430I,,nome,,,G,gasolina,24,BMW,430I,automoveis
2020,46,BMW,745LE,,nome,,,G,gasolina,24,BMW,745LE,automoveis
2020,46,BMW,M5,,nome,,,G,gasolina,24,BMW,M5,automoveis
2020,47,BMW,Z4,,nome,,,G,gasolina,24,BMW,Z4,automoveis
2020,47,BMW,I8,,nome,,,G,gasolina,24,BMW,I8,automoveis
2020,47,CHEVROLET,CAMARO,,nome,,,G,gasolina,24,GM,CAMARO,automoveis
2020,47,CHEVROLET,CAMARO,,nome,,,G,gasolina,24,GM,CAMARO,automoveis
2021,1,FIAT,MOBI EASY,(CVT),nome,COMBUSTAO,,F,flex,10,FIAT,MOBI,automoveis
2021,1,FIAT,MOBI LIKE,,nome,COMBUSTAO,,F,flex,10,FIAT,MOBI,automoveis
2021,1,FIAT,MOBI TREKKING,,nome,COMBUSTAO,,F,flex,10,FIAT,MOBI,automoveis
2021,1,FIAT,UNO DRIVE,,nome,COMBUSTAO,,F,flex,10,FIAT,UNO,automoveis
2021,1,FIAT,UNO DRIVE,,nome,COMBUSTAO,,F,flex,10,FIAT,UNO,comerciais_leves
2021,1,FIAT,UNO WAY E,,nome,COMBUSTAO,,F,flex,10,FIAT,UNO,automoveis
2021,1,FIAT,UNO WAY E,,nome,COMBUSTAO,,F,flex,10,FIAT,UNO,comerciais_leves
2021,1,FIAT,UNO ATTRACTIVE,,nome,COMBUSTAO,,F,flex,10,FIAT,UNO,automoveis
2021,1,FIAT,UNO ATTRACTIVE,,nome,COMBUSTAO,,F,flex,10,FIAT,UNO,comerciais_leves
2021,1,VW,FOX CONNECT (MY22),,nome,COMBUSTAO,,F,flex,10,VW,FOX/CROSS FOX,automoveis
2021,1,VW,UP! TSI XTREME 170TSI,,nome,COMBUSTAO,,F,flex,10,VW,UP,automoveis
2021,1,CHEVROLET,ONIX JOY JOY,,nome,COMBUSTAO,,F,flex,10,GM,ONIX,automoveis
2021,1,CHEVROLET,ONIX JOY JOY BLACK,,nome,COMBUSTAO,,F,flex,10,GM,ONIX,automoveis
2021,1,FIAT,ARGO,,nome,COMBUSTAO,,F,flex,10,FIAT,ARGO,automoveis
2021,1,FIAT,ARGO,,nome,COMBUSTAO,,F,flex,10,FIAT,ARGO,automoveis
2021,1,FIAT,ARGO DRIVE,,nome,COMBUSTAO,,F,flex,10,FIAT,ARGO,automoveis
2021,1,FIAT,ARGO DRIVE,,nome,COMBUSTAO,,F,flex,10,FIAT,ARGO,automoveis
2021,1,FIAT,ARGO DRIVE,,nome,COMBUSTAO,,F,flex,10,FIAT,ARGO,automoveis
2021,1,FIAT,ARGO HGT,,nome,COMBUSTAO,,F,flex,10,FIAT,ARGO,automoveis
2021,1,FIAT,ARGO PRECISION,,nome,COMBUSTAO,,F,flex,10,FIAT,ARGO,automoveis
2021,1,FORD,KA HATCH S,,nome,COMBUSTAO,,F,flex,10,FORD,KA,automoveis
2021,1,FORD,KA HATCH SE,,nome,COMBUSTAO,,F,flex,10,FORD,KA,automoveis
2021,1,FORD,KA HATCH SE PLUS,,nome,COMBUSTAO,,F,flex,10,FORD,KA,automoveis
2021,1,FORD,KA HATCH FREESTYLE,,nome,COMBUSTAO,,F,flex,10,FORD,KA,automoveis
2021,1,FORD,KA HATCH SE,,nome,COMBUSTAO,,F,flex,10,FORD,KA,automoveis
2021,1,FORD,KA HATCH SE PLUS,,nome,COMBUSTAO,,F,flex,10,FORD,KA,automoveis
2021,1,FORD,KA HATCH SE,,nome,COMBUSTAO,,F,flex,10,FORD,KA,automoveis
2021,1,FORD,KA HATCH SE PLUS,,nome,COMBUSTAO,,F,flex,10,FORD,KA,automoveis
2021,1,FORD,KA HATCH TITANIUM,,nome,COMBUSTAO,,F,flex,10,FORD,KA,automoveis
2021,1,FORD,KA HATCH FREESTYLE,,nome,COMBUSTAO,,F,flex,10,FORD,KA,automoveis
2021,1,HONDA,FIT DX,,nome,COMBUSTAO,,F,flex,10,HONDA,FIT,automoveis
2021,1,HONDA,FIT LX,,nome,COMBUSTAO,,F,flex,10,HONDA,FIT,automoveis
2021,1,HONDA,FIT EX,,nome,COMBUSTAO,,F,flex,10,HONDA,FIT,automoveis
2021,1,HONDA,FIT EXL,,nome,COMBUSTAO,,F,flex,10,HONDA,FIT,automoveis
2021,1,HONDA,FIT PERSONAL,,nome,COMBUSTAO,,F,flex,10,HONDA,FIT,automoveis
2021,1,HYUNDAI,HB20 EVOLUTION,,nome,COMBUSTAO,,F,flex,10,HYUNDAI,HB20,automoveis
2021,1,HYUNDAI,HB20 DIAMOND,,nome,COMBUSTAO,,F,flex,10,HYUNDAI,HB20,automoveis
2021,1,HYUNDAI,HB20 DIAMOND PLUS,,nome,COMBUSTAO,,F,flex,10,HYUNDAI,HB20,automoveis
2021,1,HYUNDAI,HB20 VISION,,nome,COMBUSTAO,,F,flex,10,HYUNDAI,HB20,automoveis
2021,1,HYUNDAI,HB20 VISION,,nome,COMBUSTAO,,F,flex,10,HYUNDAI,HB20,automoveis
2021,1,HYUNDAI,HB20 SENSE 21/22,,nome,COMBUSTAO,,F,flex,10,HYUNDAI,HB20,automoveis
2021,2,HYUNDAI,HB20 VISION 21/22,,nome,COMBUSTAO,,F,flex,10,HYUNDAI,HB20,automoveis
2021,2,HYUNDAI,HB20 EVOLUTION 21/22,,nome,COMBUSTAO,,F,flex,10,HYUNDAI,HB20,automoveis
2021,2,HYUNDAI,HB20 SENSE 21/21,,nome,COMBUSTAO,,F,flex,10,HYUNDAI,HB20,automoveis
2021,2,HYUNDAI,HB20 VISION 21/21,,nome,COMBUSTAO,,F,flex,10,HYUNDAI,HB20,automoveis
2021,2,HYUNDAI,HB20 EVOLUTION 21/21,,nome,COMBUSTAO,,F,flex,10,HYUNDAI,HB20,automoveis
2021,2,HYUNDAI,HB20 PLATINUM,,nome,COMBUSTAO,,F,flex,10,HYUNDAI,HB20,automoveis
2021,2,HYUNDAI,HB20 PLATINUM,,nome,COMBUSTAO,,F,flex,10,HYUNDAI,HB20,automoveis
2021,2,HYUNDAI,HB20 PLATINUM PLUS,,nome,COMBUSTAO,,F,flex,10,HYUNDAI,HB20,automoveis
2021,2,HYUNDAI,HB20 SPORT,,nome,COMBUSTAO,,F,flex,10,HYUNDAI,HB20,automoveis
2021,2,MINI,COOPER 5P,,nome,COMBUSTAO,,G,gasolina,9,MINI,COOPER,automoveis
2021,2,MINI,COOPER S 5P,,nome,COMBUSTAO,,G,gasolina,9,MINI,COOPER,automoveis
2021,2,MINI,COOPER -,,nome,COMBUSTAO,,G,gasolina,9,MINI,COOPER,automoveis
2021,2,MINI,COOPER S,,nome,COMBUSTAO,,G,gasolina,9,MINI,COOPER,automoveis
2021,2,MINI,COOPER S 3 PORTAS,,nome,COMBUSTAO,,G,gasolina,9,MINI,COOPER,automoveis
2021,2,MINI,COOPER S 5 PORTAS,,nome,COMBUSTAO,,G,gasolina,9,MINI,COOPER,automoveis
2021,2,MINI,COOPER S ELECTRIC,,nome,ELETRICO,ELECTRIC,E,bev,8,MINI,COOPER,automoveis
2021,2,PEUGEOT,208 ACT PACK MT,,nome,COMBUSTAO,,F,flex,10,PEUGEOT,208,automoveis
2021,2,PEUGEOT,208 ACTIVE MT,,nome,COMBUSTAO,,F,flex,10,PEUGEOT,208,automoveis
2021,2,PEUGEOT,208 ALLURE MT,,nome,COMBUSTAO,,F,flex,10,PEUGEOT,208,automoveis
2021,2,PEUGEOT,208 GRIFFE EAT6,,nome,COMBUSTAO,,F,flex,10,PEUGEOT,208,automoveis
2021,2,PEUGEOT,208 ALLURE EAT6,,nome,COMBUSTAO,,F,flex,10,PEUGEOT,208,automoveis
2021,2,PEUGEOT,208 E-GT,,nome,ELETRICO,,G,bev,8,PEUGEOT,208,automoveis
2021,2,PEUGEOT,NOVO 208 ACTIVE AT,,nome,COMBUSTAO,,F,flex,10,PEUGEOT,208,automoveis
2021,2,PEUGEOT,NOVO 208 ACT PK1AT,,nome,COMBUSTAO,,F,flex,10,PEUGEOT,208,automoveis
2021,2,PEUGEOT,NOVO 208 ALLURE 1AT,,nome,COMBUSTAO,,F,flex,10,PEUGEOT,208,automoveis
2021,2,PEUGEOT,NOVO 208 ALLURE PK,,nome,COMBUSTAO,,F,flex,10,PEUGEOT,208,automoveis
2021,2,PEUGEOT,NOVO 208 GRIFFE 1AT,,nome,COMBUSTAO,,F,flex,10,PEUGEOT,208,automoveis
2021,2,PEUGEOT,NOVO 208 LIKE MT,,nome,COMBUSTAO,,F,flex,10,PEUGEOT,208,automoveis
2021,2,PEUGEOT,NOVO 208 LIKE PK MT,,nome,COMBUSTAO,,F,flex,10,PEUGEOT,208,automoveis
2021,2,RENAULT,SANDERO ZEN,,nome,COMBUSTAO,,F,flex,10,RENAULT,SANDERO,automoveis
2021,2,RENAULT,SANDERO ZEN,,nome,COMBUSTAO,,F,flex,10,RENAULT,SANDERO,automoveis
2021,2,RENAULT,SANDERO INTENSE,,nome,COMBUSTAO,,F,flex,10,RENAULT,SANDERO,automoveis
2021,2,RENAULT,SANDERO LIFE,,nome,COMBUSTAO,,F,flex,10,RENAULT,SANDERO,automoveis
2021,2,RENAULT,SANDERO ZEN,,nome,COMBUSTAO,,F,flex,10,RENAULT,SANDERO,automoveis
2021,2,RENAULT,SANDERO RLI16CVT (GT LINE),,nome,COMBUSTAO,,F,flex,10,RENAULT,SANDERO,automoveis
2021,2,RENAULT,SANDERO RS,,nome,COMBUSTAO,,F,flex,10,RENAULT,SANDERO,automoveis
2021,2,TOYOTA,ETIOS HATCHBACK X STD,,nome,COMBUSTAO,,F,flex,10,TOYOTA,ETIOS HB,automoveis
2021,2,TOYOTA,ETIOS HATCHBACK X VSC,,nome,COMBUSTAO,,F,flex,10,TOYOTA,ETIOS HB,automoveis
2021,2,TOYOTA,ETIOS HATCHBACK X VSC,,nome,COMBUSTAO,,F,flex,10,TOYOTA,ETIOS HB,automoveis
2021,2,TOYOTA,ETIOS HATCHBACK XPLUS,,nome,COMBUSTAO,,F,flex,10,TOYOTA,ETIOS HB,automoveis
2021,2,TOYOTA,ETIOS HATCHBACK XPLUS,,nome,COMBUSTAO,,F,flex,10,TOYOTA,ETIOS HB,automoveis
2021,2,VW,FOX CONNECT,,nome,COMBUSTAO,,F,flex,10,VW,FOX/CROSS FOX,automoveis
2021,2,VW,FOX XTREME,,nome,COMBUSTAO,,F,flex,10,VW,FOX/CROSS FOX,automoveis
2021,2,VW,FOX XTREME (MY22),,nome,COMBUSTAO,,F,flex,10,VW,FOX/CROSS FOX,automoveis
2021,2,VW,GOL,,nome,COMBUSTAO,,F,flex,10,VW,GOL,automoveis
2021,2,VW,GOL,,nome,COMBUSTAO,,F,flex,10,VW,GOL,comerciais_leves
2021,2,VW,GOL,,nome,COMBUSTAO,,F,flex,10,VW,GOL,automoveis
2021,2,VW,GOL,,nome,COMBUSTAO,,F,flex,10,VW,GOL,comerciais_leves
2021,2,VW,GOL,,nome,COMBUSTAO,,F,flex,10,VW,GOL,automoveis
2021,2,VW,GOL,,nome,COMBUSTAO,,F,flex,10,VW,GOL,comerciais_leves
2021,2,VW,GOL,,nome,COMBUSTAO,,F,flex,10,VW,GOL,automoveis
2021,2,VW,GOL,,nome,COMBUSTAO,,F,flex,10,VW,GOL,comerciais_leves
2021,2,VW,GOL PATRULHEIRO,,nome,COMBUSTAO,,F,flex,10,VW,GOL,automoveis
2021,2,VW,GOL PATRULHEIRO,,nome,COMBUSTAO,,F,flex,10,VW,GOL,comerciais_leves
2021,2,AUDI,A3 SPORTBACK S LINE LIMITED,,nome,COMBUSTAO,,G,gasolina,9,AUDI,A3,automoveis
2021,2,AUDI,A3 SPORTBACK PERFORMANCE BLACK,,nome,COMBUSTAO,,G,gasolina,9,AUDI,A3,automoveis
2021,2,AUDI,A3 SPORTBACK S LINE,,nome,COMBUSTAO,,G,gasolina,9,AUDI,A3,automoveis
2021,2,BMW,I3 120AH BEV,,nome,ELETRICO,BEV,G,bev,8,BMW,I3,automoveis
2021,2,BMW,118I -,,nome,COMBUSTAO,,G,gasolina,9,BMW,118I,automoveis
2021,2,BMW,118I -,,nome,COMBUSTAO,,G,gasolina,9,BMW,118I,automoveis
2021,2,CHEVROLET,BOLT LT,,nome,ELETRICO,,E,bev,8,GM,BOLT,automoveis
2021,2,CHEVROLET,BOLT PREMIER,,nome,ELETRICO,,E,bev,8,GM,BOLT,automoveis
2021,2,CHEVROLET,ONIX 1LS,,nome,COMBUSTAO,,F,flex,10,GM,ONIX,automoveis
2021,2,CHEVROLET,ONIX 1LT,,nome,COMBUSTAO,,F,flex,10,GM,ONIX,automoveis
2021,2,CHEVROLET,ONIX 2LT,,nome,COMBUSTAO,,F,flex,10,GM,ONIX,automoveis
2021,2,CHEVROLET,ONIX 5LT,,nome,COMBUSTAO,,F,flex,10,GM,ONIX,automoveis
2021,2,CHEVROLET,ONIX 8LT,,nome,COMBUSTAO,,F,flex,10,GM,ONIX,automoveis
2021,2,CHEVROLET,ONIX RS,,nome,COMBUSTAO,,F,flex,10,GM,ONIX,automoveis
2021,2,CHEVROLET,ONIX PR1,,nome,COMBUSTAO,,F,flex,10,GM,ONIX,automoveis
2021,2,CHEVROLET,ONIX PR2,,nome,COMBUSTAO,,F,flex,10,GM,ONIX,automoveis
2021,3,CHEVROLET,ONIX 2LS,,nome,COMBUSTAO,,F,flex,10,GM,ONIX,automoveis
2021,3,CHEVROLET,ONIX 4LT,,nome,COMBUSTAO,,F,flex,10,GM,ONIX,automoveis
2021,3,CHEVROLET,ONIX 7LT,,nome,COMBUSTAO,,F,flex,10,GM,ONIX,automoveis
2021,3,CHEVROLET,ONIX 3LT,,nome,COMBUSTAO,,F,flex,10,GM,ONIX,automoveis
2021,3,CHEVROLET,ONIX 6LT,,nome,COMBUSTAO,,F,flex,10,GM,ONIX,automoveis
2021,3,CHEVROLET,ONIX PLUS 1LT,,nome,COMBUSTAO,,F,flex,10,GM,ONIX PLUS,automoveis
2021,3,CHEVROLET,ONIX PLUS 2LT,,nome,COMBUSTAO,,F,flex,10,GM,ONIX PLUS,automoveis
2021,3,CHEVROLET,ONIX PLUS 5LT,,nome,COMBUSTAO,,F,flex,10,GM,ONIX PLUS,automoveis
2021,3,CHEVROLET,ONIX PLUS 8LT,,nome,COMBUSTAO,,F,flex,10,GM,ONIX PLUS,automoveis
2021,3,CHEVROLET,ONIX PLUS 3LT,,nome,COMBUSTAO,,F,flex,10,GM,ONIX PLUS,automoveis
2021,3,CHEVROLET,ONIX PLUS 6LT,,nome,COMBUSTAO,,F,flex,10,GM,ONIX PLUS,automoveis
2021,3,CHEVROLET,ONIX PLUS PR1,,nome,COMBUSTAO,,F,flex,10,GM,ONIX PLUS,automoveis
2021,3,CHEVROLET,ONIX PLUS PR2,,nome,COMBUSTAO,,F,flex,10,GM,ONIX PLUS,automoveis
2021,3,CHEVROLET,ONIX PLUS 1LS,,nome,COMBUSTAO,,F,flex,10,GM,ONIX PLUS,automoveis
2021,3,CHEVROLET,ONIX PLUS 4LT,,nome,COMBUSTAO,,F,flex,10,GM,ONIX PLUS,automoveis
2021,3,CHEVROLET,ONIX PLUS 7LT,,nome,COMBUSTAO,,F,flex,10,GM,ONIX PLUS,automoveis
2021,3,CHEVROLET,ONIX PLUS PR MID,,nome,COMBUSTAO,,F,flex,10,GM,ONIX PLUS,automoveis
2021,3,CHEVROLET,ONIX PLUS JOY JOY,,nome,COMBUSTAO,,F,flex,10,GM,ONIX PLUS,automoveis
2021,3,CHEVROLET,ONIX PLUS JOY JOY BLACK,,nome,COMBUSTAO,,F,flex,10,GM,ONIX PLUS,automoveis
2021,3,CHEVROLET,SPIN,,nome,COMBUSTAO,,F,flex,10,GM,SPIN,automoveis
2021,3,CHEVROLET,SPIN,,nome,COMBUSTAO,,F,flex,10,GM,SPIN,automoveis
2021,3,CHEVROLET,SPIN AT ACT (5L),,nome,COMBUSTAO,,F,flex,10,GM,SPIN,automoveis
2021,3,CHEVROLET,SPIN AT LT (5L),,nome,COMBUSTAO,,F,flex,10,GM,SPIN,automoveis
2021,3,CHEVROLET,SPIN MT LS2,,nome,COMBUSTAO,,F,flex,10,GM,SPIN,automoveis
2021,3,FIAT,CRONOS,,nome,COMBUSTAO,,F,flex,10,FIAT,CRONOS,automoveis
2021,3,FIAT,CRONOS DRIVE,,nome,COMBUSTAO,,F,flex,10,FIAT,CRONOS,automoveis
2021,3,FIAT,CRONOS,,nome,COMBUSTAO,,F,flex,10,FIAT,CRONOS,automoveis
2021,3,FIAT,CRONOS DRIVE,,nome,COMBUSTAO,,F,flex,10,FIAT,CRONOS,automoveis
2021,3,FIAT,CRONOS HGT,,nome,COMBUSTAO,,F,flex,10,FIAT,CRONOS,automoveis
2021,3,FIAT,CRONOS PRECISION,,nome,COMBUSTAO,,F,flex,10,FIAT,CRONOS,automoveis
2021,3,FIAT,DOBLO ESSENCE 5L E,,nome,COMBUSTAO,,F,flex,10,FIAT,DOBLO,automoveis
2021,3,FIAT,DOBLO ESSENCE 5L E,,nome,COMBUSTAO,,F,flex,10,FIAT,DOBLO,comerciais_leves
2021,3,FIAT,SIENA,,nome,COMBUSTAO,,F,flex,10,FIAT,SIENA,automoveis
2021,3,FIAT,SIENA,,nome,COMBUSTAO,,F,flex,10,FIAT,SIENA,automoveis
2021,3,FORD,KA SEDAN SE,,nome,COMBUSTAO,,F,flex,10,FORD,KA SEDAN,automoveis
2021,3,FORD,KA SEDAN SE PLUS,,nome,COMBUSTAO,,F,flex,10,FORD,KA SEDAN,automoveis
2021,3,FORD,KA SEDAN SE,,nome,COMBUSTAO,,F,flex,10,FORD,KA SEDAN,automoveis
2021,3,FORD,KA SEDAN SE PLUS,,nome,COMBUSTAO,,F,flex,10,FORD,KA SEDAN,automoveis
2021,3,FORD,KA SEDAN SE,,nome,COMBUSTAO,,F,flex,10,FORD,KA SEDAN,automoveis
2021,3,FORD,KA SEDAN SE PLUS,,nome,COMBUSTAO,,F,flex,10,FORD,KA SEDAN,automoveis
2021,3,FORD,KA SEDAN SEL,,nome,COMBUSTAO,,F,flex,10,FORD,KA SEDAN,automoveis
2021,3,FORD,KA SEDAN TITANIUM,,nome,COMBUSTAO,,F,flex,10,FORD,KA SEDAN,automoveis
2021,3,HONDA,CITY DX,,nome,COMBUSTAO,,F,flex,10,HONDA,CITY,automoveis
2021,3,HONDA,CITY LX,,nome,COMBUSTAO,,F,flex,10,HONDA,CITY,automoveis
2021,3,HONDA,CITY EX,,nome,COMBUSTAO,,F,flex,10,HONDA,CITY,automoveis
2021,3,HONDA,CITY EXL,,nome,COMBUSTAO,,F,flex,10,HONDA,CITY,automoveis
2021,3,HONDA,CITY PERSONAL,,nome,COMBUSTAO,,F,flex,10,HONDA,CITY,automoveis
2021,3,HONDA,HR-V TOURING,,nome,COMBUSTAO,,G,gasolina,9,HONDA,HR-V,automoveis
2021,3,HONDA,CITY (2022) EX,,nome,COMBUSTAO,,F,flex,10,HONDA,CITY,automoveis
2021,3,HONDA,CITY (2022) EXL,,nome,COMBUSTAO,,F,flex,10,HONDA,CITY,automoveis
2021,3,HONDA,CITY (2022) TOURING,,nome,COMBUSTAO,,F,flex,10,HONDA,CITY,automoveis
2021,3,HYUNDAI,HB20S EVOLUTION,,nome,COMBUSTAO,,F,flex,10,HYUNDAI,HB20S,automoveis
2021,3,HYUNDAI,HB20S DIAMOND,,nome,COMBUSTAO,,F,flex,10,HYUNDAI,HB20S,automoveis
2021,3,HYUNDAI,HB20S DIAMOND PLUS,,nome,COMBUSTAO,,F,flex,10,HYUNDAI,HB20S,automoveis
2021,3,HYUNDAI,HB20S VISION,,nome,COMBUSTAO,,F,flex,10,HYUNDAI,HB20S,automoveis
2021,3,HYUNDAI,HB20S VISION,,nome,COMBUSTAO,,F,flex,10,HYUNDAI,HB20S,automoveis
2021,3,HYUNDAI,HB20S VISION 21/22,,nome,COMBUSTAO,,F,flex,10,HYUNDAI,HB20S,automoveis
2021,3,HYUNDAI,HB20S EVOLUTION 21/22,,nome,COMBUSTAO,,F,flex,10,HYUNDAI,HB20S,automoveis
2021,3,HYUNDAI,HB20S VISION 21/21,,nome,COMBUSTAO,,F,flex,10,HYUNDAI,HB20S,automoveis
2021,3,HYUNDAI,HB20S EVOLUTION 21/21,,nome,COMBUSTAO,,F,flex,10,HYUNDAI,HB20S,automoveis
2021,3,HYUNDAI,HB20S PLATINUM,,nome,COMBUSTAO,,F,flex,10,HYUNDAI,HB20S,automoveis
2021,3,HYUNDAI,HB20S PLATINUM,,nome,COMBUSTAO,,F,flex,10,HYUNDAI,HB20S,automoveis
2021,3,HYUNDAI,HB20S PLATINUM PLUS,,nome,COMBUSTAO,,F,flex,10,HYUNDAI,HB20S,automoveis
2021,3,KIA,RIO EX,,nome,COMBUSTAO,,F,flex,10,KIA,RIO,automoveis
2021,3,KIA,RIO LX,,nome,COMBUSTAO,,F,flex,10,KIA,RIO,automoveis
2021,3,KIA,STONIC MHEV EX,,nome,HIBRIDO,MHEV,G,mhev,1,KIA,STONIC,automoveis
2021,3,KIA,STONIC MHEV LX,,nome,HIBRIDO,MHEV,G,mhev,1,KIA,STONIC,automoveis
2021,3,KIA,STONIC MHEV SX,,nome,HIBRIDO,MHEV,G,mhev,1,KIA,STONIC,automoveis
2021,4,KIA,STONIC MHEV GT,,nome,HIBRIDO,MHEV,G,mhev,1,KIA,STONIC,automoveis
2021,4,KIA,STONIC MHEV EX (MY22),,nome,HIBRIDO,MHEV,G,mhev,1,KIA,STONIC,automoveis
2021,4,KIA,STONIC MHEV LX (MY22),,nome,HIBRIDO,MHEV,G,mhev,1,KIA,STONIC,automoveis
2021,4,KIA,STONIC MHEV SX (MY22),,nome,HIBRIDO,MHEV,G,mhev,1,KIA,STONIC,automoveis
2021,4,KIA,STONIC MHEV GT (MY22),,nome,HIBRIDO,MHEV,G,mhev,1,KIA,STONIC,automoveis
2021,4,LEXUS,CT200H CT200H,,nome,HIBRIDO,,G,hev,4,LEXUS,CT200H,automoveis
2021,4,LEXUS,CT200H F SPORT,,nome,HIBRIDO,,G,hev,4,LEXUS,CT200H,automoveis
2021,4,MERCEDES-BENZ,A250,,nome,COMBUSTAO,,G,gasolina,9,M.BENZ,A250,automoveis
2021,4,NISSAN,V-DRIVE 10 MT,,nome,COMBUSTAO,,F,flex,10,NISSAN,V-DRIVE,automoveis
2021,4,NISSAN,V-DRIVE 16 MT,,nome,COMBUSTAO,,F,flex,10,NISSAN,V-DRIVE,automoveis
2021,4,NISSAN,V-DRIVE 16 PLUS,,nome,COMBUSTAO,,F,flex,10,NISSAN,V-DRIVE,automoveis
2021,4,NISSAN,V-DRIVE 16 PLUS,,nome,COMBUSTAO,,F,flex,10,NISSAN,V-DRIVE,automoveis
2021,4,NISSAN,V-DRIVE 16 PREMIUM,,nome,COMBUSTAO,,F,flex,10,NISSAN,V-DRIVE,automoveis
2021,4,NISSAN,V-DRIVE 16 SEDIT,,nome,COMBUSTAO,,F,flex,10,NISSAN,V-DRIVE,automoveis
2021,4,NISSAN,VERSA SENSE,,nome,COMBUSTAO,,F,flex,10,NISSAN,VERSA,automoveis
2021,4,NISSAN,VERSA SENSE,,nome,COMBUSTAO,,F,flex,10,NISSAN,VERSA,automoveis
2021,4,NISSAN,VERSA ADVANCE,,nome,COMBUSTAO,,F,flex,10,NISSAN,VERSA,automoveis
2021,4,NISSAN,VERSA EXCLUSIVE,,nome,COMBUSTAO,,F,flex,10,NISSAN,VERSA,automoveis
2021,4,RENAULT,LOGAN ZEN,,nome,COMBUSTAO,,F,flex,10,RENAULT,LOGAN,automoveis
2021,4,RENAULT,LOGAN ZEN,,nome,COMBUSTAO,,F,flex,10,RENAULT,LOGAN,automoveis
2021,4,RENAULT,LOGAN INTENSE,,nome,COMBUSTAO,,F,flex,10,RENAULT,LOGAN,automoveis
2021,4,RENAULT,LOGAN ICONIC,,nome,COMBUSTAO,,F,flex,10,RENAULT,LOGAN,automoveis
2021,4,RENAULT,LOGAN ZEN,,nome,COMBUSTAO,,F,flex,10,RENAULT,LOGAN,automoveis
2021,4,RENAULT,ZOE LIFE,,nome,ELETRICO,,E,bev,8,RENAULT,ZOE,automoveis
2021,4,RENAULT,ZOE INTENSE,,nome,ELETRICO,,E,bev,8,RENAULT,ZOE,automoveis
2021,4,TOYOTA,ETIOS SEDA X STD,,nome,COMBUSTAO,,F,flex,10,TOYOTA,ETIOS SEDAN,automoveis
2021,4,TOYOTA,ETIOS SEDA X VSC,,nome,COMBUSTAO,,F,flex,10,TOYOTA,ETIOS SEDAN,automoveis
2021,4,TOYOTA,ETIOS SEDA XPLUS,,nome,COMBUSTAO,,F,flex,10,TOYOTA,ETIOS SEDAN,automoveis
2021,4,TOYOTA,ETIOS SEDA X VSC,,nome,COMBUSTAO,,F,flex,10,TOYOTA,ETIOS SEDAN,automoveis
2021,4,TOYOTA,ETIOS SEDA XPLUS,,nome,COMBUSTAO,,F,flex,10,TOYOTA,ETIOS SEDAN,automoveis
2021,4,TOYOTA,PRIUS NGA,,nome,HIBRIDO,,G,hev,4,TOYOTA,PRIUS,automoveis
2021,4,TOYOTA,PRIUS NGA TOP,,nome,HIBRIDO,,G,hev,4,TOYOTA,PRIUS,automoveis
2021,4,TOYOTA,YARIS HATCHBACK XL LIVE,,nome,COMBUSTAO,,F,flex,10,TOYOTA,YARIS HB,automoveis
2021,4,TOYOTA,YARIS HATCHBACK XL LIVE,,nome,COMBUSTAO,,F,flex,10,TOYOTA,YARIS HB,automoveis
2021,4,TOYOTA,YARIS HATCHBACK XS CNT,,nome,COMBUSTAO,,F,flex,10,TOYOTA,YARIS HB,automoveis
2021,4,TOYOTA,YARIS HATCHBACK PLUS CNT,,nome,COMBUSTAO,,F,flex,10,TOYOTA,YARIS HB,automoveis
2021,4,TOYOTA,YARIS HATCHBACK XLS CNT,,nome,COMBUSTAO,,F,flex,10,TOYOTA,YARIS HB,automoveis
2021,4,TOYOTA,YARIS HATCHBACK X WAY CNT,,nome,COMBUSTAO,,F,flex,10,TOYOTA,YARIS HB,automoveis
2021,4,TOYOTA,YARIS HATCHBACK S AT,,nome,COMBUSTAO,,F,flex,10,TOYOTA,YARIS HB,automoveis
2021,4,TOYOTA,YARIS SEDA XL LIVE,,nome,COMBUSTAO,,F,flex,10,TOYOTA,YARIS SEDAN,automoveis
2021,4,TOYOTA,YARIS SEDA XL LIVE,,nome,COMBUSTAO,,F,flex,10,TOYOTA,YARIS SEDAN,automoveis
2021,4,TOYOTA,YARIS SEDA XS CNT,,nome,COMBUSTAO,,F,flex,10,TOYOTA,YARIS SEDAN,automoveis
2021,4,TOYOTA,YARIS SEDA PLUS CNT,,nome,COMBUSTAO,,F,flex,10,TOYOTA,YARIS SEDAN,automoveis
2021,4,TOYOTA,YARIS SEDA XLS CNT,,nome,COMBUSTAO,,F,flex,10,TOYOTA,YARIS SEDAN,automoveis
2021,4,VW,GOLF GTE,,nome,PLUG-IN,,G,phev,6,VW,GOLF,automoveis
2021,4,VW,POLO,,nome,COMBUSTAO,,F,flex,10,VW,POLO,automoveis
2021,4,VW,POLO,,nome,COMBUSTAO,,F,flex,10,VW,POLO,automoveis
2021,4,VW,POLO,COMFORTLINE 200TSI AUTO,nome,COMBUSTAO,,F,flex,10,VW,POLO,automoveis
2021,4,VW,POLO SENSE 200 TSI AUTOMATIC,(RODA ARO 15),nome,COMBUSTAO,,F,flex,10,VW,POLO,automoveis
2021,4,VW,POLO,COMFORTLINE 200TSI AUTO,nome,COMBUSTAO,,F,flex,10,VW,POLO,automoveis
2021,4,VW,POLO HIGHLINE 200TSI AUTOMATIC,(RODA ARO 16),nome,COMBUSTAO,,F,flex,10,VW,POLO,automoveis
2021,4,VW,POLO,,nome,COMBUSTAO,,F,flex,10,VW,POLO,automoveis
2021,4,VW,POLO GTS,,nome,COMBUSTAO,,F,flex,10,VW,POLO,automoveis
2021,4,VW,VIRTUS,,nome,COMBUSTAO,,F,flex,10,VW,VIRTUS,automoveis
2021,4,VW,VIRTUS COMFORTLINE 200 TSI AUTO,,nome,COMBUSTAO,,F,flex,10,VW,VIRTUS,automoveis
2021,4,VW,VIRTUS HIGHLINE 200 TSI AUTO,,nome,COMBUSTAO,,F,flex,10,VW,VIRTUS,automoveis
2021,5,VW,VIRTUS,,nome,COMBUSTAO,,F,flex,10,VW,VIRTUS,automoveis
2021,5,VW,VIRTUS SENSE,,nome,COMBUSTAO,,F,flex,10,VW,VIRTUS,automoveis
2021,5,VW,VIRTUS GTS,,nome,COMBUSTAO,,F,flex,10,VW,VIRTUS,automoveis
2021,5,VW,VOYAGE,,nome,COMBUSTAO,,F,flex,10,VW,VOYAGE,automoveis
2021,5,VW,VOYAGE,,nome,COMBUSTAO,,F,flex,10,VW,VOYAGE,automoveis
2021,5,VW,VOYAGE,,nome,COMBUSTAO,,F,flex,10,VW,VOYAGE,automoveis
2021,5,VW,VOYAGE,,nome,COMBUSTAO,,F,flex,10,VW,VOYAGE,automoveis
2021,5,VW,VOYAGE PATRULHEIRO,,nome,COMBUSTAO,,F,flex,10,VW,VOYAGE,automoveis
2021,5,AUDI,Q3 PRESTIGE,,nome,COMBUSTAO,,G,gasolina,9,AUDI,Q3,automoveis
2021,5,AUDI,Q3 PRESTIGE PLUS,,nome,COMBUSTAO,,G,gasolina,9,AUDI,Q3,automoveis
2021,5,AUDI,Q3 BLACK,,nome,COMBUSTAO,,G,gasolina,9,AUDI,Q3,automoveis
2021,5,AUDI,Q3 S-LINE,,nome,COMBUSTAO,,G,gasolina,9,AUDI,Q3,automoveis
2021,5,AUDI,A3 SEDAN PRESTIGE,,nome,COMBUSTAO,,G,gasolina,9,AUDI,A3 SEDAN,automoveis
2021,5,AUDI,A3 SEDAN PRESTIGE PLUS,,nome,COMBUSTAO,,G,gasolina,9,AUDI,A3 SEDAN,automoveis
2021,5,AUDI,A3 SEDAN S LINE LIMITED,,nome,COMBUSTAO,,G,gasolina,9,AUDI,A3 SEDAN,automoveis
2021,5,AUDI,A3 SEDAN PERFORMANCE BLACK,,nome,COMBUSTAO,,G,gasolina,9,AUDI,A3 SEDAN,automoveis
2021,5,AUDI,A3 SEDAN S LINE,,nome,COMBUSTAO,,G,gasolina,9,AUDI,A3 SEDAN,automoveis
2021,5,BMW,X2 SDRIVE 18I ACTIVE FLEX,,nome,COMBUSTAO,,F,flex,10,BMW,X2,automoveis
2021,5,BMW,X2 SDRIVE 20I ACTIVEFLEX,,nome,COMBUSTAO,,F,flex,10,BMW,X2,automoveis
2021,5,BMW,X1 SDRIVE 20I,,nome,COMBUSTAO,,F,flex,10,BMW,X1,automoveis
2021,5,BMW,X1 XDRIVE 25I,,nome,COMBUSTAO,,F,flex,10,BMW,X1,automoveis
2021,5,BMW,218I -,,nome,COMBUSTAO,,G,gasolina,9,BMW,218I,automoveis
2021,5,BMW,M235I XDRIVE,,nome,COMBUSTAO,,G,gasolina,9,BMW,M235I,automoveis
2021,5,BMW,218I -,,nome,COMBUSTAO,,G,gasolina,9,BMW,218I,automoveis
2021,5,CAOA CHERY,ARRIZO 5 RX,,nome,COMBUSTAO,,F,flex,10,CAOA CHERY,ARRIZO 5,automoveis
2021,5,CAOA CHERY,ARRIZO 5 RX,,nome,COMBUSTAO,,F,flex,10,CHERY,ARRIZO 5,automoveis
2021,5,CAOA CHERY,ARRIZO 5 RXT,,nome,COMBUSTAO,,F,flex,10,CAOA CHERY,ARRIZO 5,automoveis
2021,5,CAOA CHERY,ARRIZO 5 RXT,,nome,COMBUSTAO,,F,flex,10,CHERY,ARRIZO 5,automoveis
2021,5,CAOA CHERY,ARRIZO 5 RT,,nome,COMBUSTAO,,F,flex,10,CAOA CHERY,ARRIZO 5,automoveis
2021,5,CAOA CHERY,ARRIZO 5 RT,,nome,COMBUSTAO,,F,flex,10,CHERY,ARRIZO 5,automoveis
2021,5,CAOA CHERY,ARRIZO 5 RXS,,nome,COMBUSTAO,,F,flex,10,CAOA CHERY,ARRIZO 5,automoveis
2021,5,CAOA CHERY,ARRIZO 5 RXS,,nome,COMBUSTAO,,F,flex,10,CHERY,ARRIZO 5,automoveis
2021,5,CAOA CHERY,ARRIZO 5 RTS,,nome,COMBUSTAO,,F,flex,10,CAOA CHERY,ARRIZO 5,automoveis
2021,5,CAOA CHERY,ARRIZO 5 RTS,,nome,COMBUSTAO,,F,flex,10,CHERY,ARRIZO 5,automoveis
2021,5,CAOA CHERY,ARRIZO 6 GSX,,nome,COMBUSTAO,,F,flex,10,CAOA CHERY,ARRIZO 6,automoveis
2021,5,CAOA CHERY,ARRIZO 6 PRO,,nome,COMBUSTAO,,F,flex,10,CAOA CHERY,ARRIZO 6,automoveis
2021,5,CHEVROLET,CRUZE SPORT6 LT HB AT,,nome,COMBUSTAO,,F,flex,10,GM,CRUZE HB,automoveis
2021,5,CHEVROLET,CRUZE SPORT6 PRE HB AT,,nome,COMBUSTAO,,F,flex,10,GM,CRUZE HB,automoveis
2021,5,CHEVROLET,CRUZE SPORT6 PRE2 HB AT,,nome,COMBUSTAO,,F,flex,10,GM,CRUZE HB,automoveis
2021,5,HONDA,CIVIC LX,,nome,COMBUSTAO,,F,flex,10,HONDA,CIVIC,automoveis
2021,5,HONDA,CIVIC EX,,nome,COMBUSTAO,,F,flex,10,HONDA,CIVIC,automoveis
2021,5,HONDA,CIVIC EXL,,nome,COMBUSTAO,,F,flex,10,HONDA,CIVIC,automoveis
2021,5,HONDA,CIVIC SPORT,,nome,COMBUSTAO,,F,flex,10,HONDA,CIVIC,automoveis
2021,5,HONDA,CIVIC TOURING,,nome,COMBUSTAO,,G,gasolina,9,HONDA,CIVIC,automoveis
2021,5,HONDA,CIVIC COUPE SI,,nome,COMBUSTAO,,G,gasolina,9,HONDA,CIVIC,automoveis
2021,5,HYUNDAI,ELANTRA ELANTRA,,nome,COMBUSTAO,,F,flex,10,HYUNDAI,ELANTRA,automoveis
2021,5,KIA,CERATO FF EX,,nome,COMBUSTAO,,F,flex,10,KIA,CERATO,automoveis
2021,5,KIA,CERATO LX,,nome,COMBUSTAO,,F,flex,10,KIA,CERATO,automoveis
2021,5,KIA,CERATO SX,,nome,COMBUSTAO,,F,flex,10,KIA,CERATO,automoveis
2021,5,KIA,CERATO GT,,nome,COMBUSTAO,,F,flex,10,KIA,CERATO,automoveis
2021,5,MERCEDES-BENZ,GLA200 SPORT,,nome,COMBUSTAO,,G,gasolina,9,M.BENZ,CLASSE GLA,automoveis
2021,5,MERCEDES-BENZ,GLA200 FF,,nome,COMBUSTAO,,F,flex,10,M.BENZ,CLASSE GLA,automoveis
2021,5,MERCEDES-BENZ,GLA200 FF STYLE,,nome,COMBUSTAO,,F,flex,10,M.BENZ,CLASSE GLA,automoveis
2021,5,MERCEDES-BENZ,GLA250,,nome,COMBUSTAO,,G,gasolina,9,M.BENZ,CLASSE GLA,automoveis
2021,5,NISSAN,NOVO SENTRA 20 S,,nome,COMBUSTAO,,F,flex,10,NISSAN,SENTRA,automoveis
2021,5,NISSAN,NOVO SENTRA 20 SV,,nome,COMBUSTAO,,F,flex,10,NISSAN,SENTRA,automoveis
2021,5,NISSAN,NOVO SENTRA 20 SL,,nome,COMBUSTAO,,F,flex,10,NISSAN,SENTRA,automoveis
2021,5,NISSAN,LEAF TEKNA,,nome,ELETRICO,,G,bev,8,NISSAN,LEAF,automoveis
2021,5,SUBARU,WRX WRX,,nome,COMBUSTAO,,G,gasolina,9,SUBARU,WRX,automoveis
2021,5,TOYOTA,COROLLA APREMIUMH,,nome,HIBRIDO,,F,hev,4,TOYOTA,COROLLA,automoveis
2021,5,TOYOTA,COROLLA ALTIS HV,,nome,HIBRIDO,,F,hev,4,TOYOTA,COROLLA,automoveis
2021,5,TOYOTA,COROLLA XEI 20,,nome,COMBUSTAO,,F,flex,10,TOYOTA,COROLLA,automoveis
2021,5,TOYOTA,COROLLA GLI 20,,nome,COMBUSTAO,,F,flex,10,TOYOTA,COROLLA,automoveis
2021,5,TOYOTA,COROLLA APREM 20,,nome,COMBUSTAO,,F,flex,10,TOYOTA,COROLLA,automoveis
2021,6,TOYOTA,COROLLA GRS,,nome,COMBUSTAO,,F,flex,10,TOYOTA,COROLLA,automoveis
2021,6,AUDI,A6 SEDAN PERFORMANCE BLACK,,nome,COMBUSTAO,,G,gasolina,9,AUDI,A6,automoveis
2021,6,AUDI,RS4 AVANT -,,nome,COMBUSTAO,,G,gasolina,9,AUDI,RS4 AVANT,automoveis
2021,6,AUDI,Q7,,nome,COMBUSTAO,,G,gasolina,9,AUDI,Q7,automoveis
2021,6,AUDI,Q7,,nome,COMBUSTAO,,G,gasolina,9,AUDI,Q7,automoveis
2021,6,AUDI,RS5 SPORTBACK -,,nome,COMBUSTAO,,G,gasolina,9,AUDI,RS5,automoveis
2021,6,AUDI,A4 SEDAN PRESTIGE,,nome,COMBUSTAO,,G,gasolina,9,AUDI,A4,automoveis
2021,6,AUDI,A4 SEDAN PRESTIGE PLUS,,nome,COMBUSTAO,,G,gasolina,9,AUDI,A4,automoveis
2021,6,AUDI,A4 SEDAN S PERFORMANCE BLACK,,nome,COMBUSTAO,,G,gasolina,9,AUDI,A4,automoveis
2021,6,AUDI,RS6 AVANT -,,nome,COMBUSTAO,,G,gasolina,9,AUDI,RS6 AVANT,automoveis
2021,6,AUDI,A5 SPORTBACK PRESTIGE PLUS,,nome,COMBUSTAO,,G,gasolina,9,AUDI,A5,automoveis
2021,6,AUDI,A5 SPORTBACK PERFORMANCE BLACK,,nome,COMBUSTAO,,G,gasolina,9,AUDI,A5,automoveis
2021,6,AUDI,Q5 PRESTIGE,,nome,COMBUSTAO,,G,gasolina,9,AUDI,Q5,automoveis
2021,6,AUDI,Q5 S-LINE,,nome,COMBUSTAO,,G,gasolina,9,AUDI,Q5,automoveis
2021,6,AUDI,Q5 S-LINE BLACK,,nome,COMBUSTAO,,G,gasolina,9,AUDI,Q5,automoveis
2021,6,AUDI,Q5 SPORTBACK S-LINE,,nome,COMBUSTAO,,G,gasolina,9,AUDI,Q5,automoveis
2021,6,AUDI,Q5 SPORTBACK S-LINE BLACK,,nome,COMBUSTAO,,G,gasolina,9,AUDI,Q5,automoveis
2021,6,AUDI,A6 SEDAN PRESTIGE PLUS,,nome,COMBUSTAO,,G,gasolina,9,AUDI,A6,automoveis
2021,6,AUDI,A5 SPORTBACK PRESTIGE PLUS,,nome,COMBUSTAO,,G,gasolina,9,AUDI,A5,automoveis
2021,6,AUDI,A5 SPORTBACK PERFORMANCE BLACK,,nome,COMBUSTAO,,G,gasolina,9,AUDI,A5,automoveis
2021,6,AUDI,Q5 PRESTIGE,,nome,COMBUSTAO,,G,gasolina,9,AUDI,Q5,automoveis
2021,6,AUDI,Q5 S-LINE,,nome,COMBUSTAO,,G,gasolina,9,AUDI,Q5,automoveis
2021,6,AUDI,Q5 S-LINE BLACK,,nome,COMBUSTAO,,G,gasolina,9,AUDI,Q5,automoveis
2021,6,AUDI,RS-E TRON GT -,,nome,ELETRICO,,E,bev,8,AUDI,RS,automoveis
2021,6,AUDI,E-TRON GT -,,nome,ELETRICO,E-TRON,E,bev,8,AUDI,E TRON GT,automoveis
2021,6,BMW,320I -,,nome,COMBUSTAO,,G,gasolina,9,BMW,320I,automoveis
2021,6,BMW,M5 -,,nome,COMBUSTAO,,G,gasolina,9,BMW,M5,automoveis
2021,6,BMW,M5 COMPETITION,,nome,COMBUSTAO,,G,gasolina,9,BMW,M5,automoveis
2021,6,BMW,M340I XDRIVE,,nome,COMBUSTAO,,G,gasolina,9,BMW,M340I,automoveis
2021,6,BMW,530E -,,nome,PLUG-IN,,G,phev,6,BMW,530E,automoveis
2021,6,BMW,330E -,,nome,PLUG-IN,,G,phev,6,BMW,330E,automoveis
2021,6,BMW,420I CABRIO,,nome,COMBUSTAO,,G,gasolina,9,BMW,420I,automoveis
2021,6,BMW,430I CABRIO,,nome,COMBUSTAO,,G,gasolina,9,BMW,430I,automoveis
2021,6,BMW,320I ACTIVE FLEX,,nome,COMBUSTAO,,F,flex,10,BMW,320I,automoveis
2021,6,BMW,745LE -,,nome,PLUG-IN,,G,phev,6,BMW,745LE,automoveis
2021,6,BMW,420I CABRIO,,nome,COMBUSTAO,,G,gasolina,9,BMW,420I,automoveis
2021,6,BMW,530E -,,nome,PLUG-IN,,G,phev,6,BMW,530E,automoveis
2021,6,BMW,330E -,,nome,PLUG-IN,,G,phev,6,BMW,330E,automoveis
2021,6,BMW,745LE -,,nome,PLUG-IN,,G,phev,6,BMW,745LE,automoveis
2021,6,FORD,EDGE ST,,nome,COMBUSTAO,,G,gasolina,9,FORD,EDGE,automoveis
2021,6,FORD,TERRITORY SEL,,nome,COMBUSTAO,,G,gasolina,9,FORD,TERRITORY,automoveis
2021,6,FORD,TERRITORY SEL PLUS,,nome,COMBUSTAO,,G,gasolina,9,FORD,TERRITORY,automoveis
2021,6,FORD,TERRITORY TITANIUM,,nome,COMBUSTAO,,G,gasolina,9,FORD,TERRITORY,automoveis
2021,6,HONDA,ACCORD TOURING,,nome,COMBUSTAO,,G,gasolina,9,HONDA,ACCORD,automoveis
2021,6,HONDA,ACCORD HYBRID TOURING,,nome,HIBRIDO,HYBRID,G,hev,4,HONDA,ACCORD,automoveis
2021,6,HYUNDAI,AZERA V6 GDI,,nome,COMBUSTAO,,G,gasolina,9,HYUNDAI,AZERA,automoveis
2021,6,JAGUAR,XE P250,,nome,COMBUSTAO,,G,gasolina,9,JAGUAR,XE,automoveis
2021,6,JAGUAR,XE P250 S,,nome,COMBUSTAO,,G,gasolina,9,JAGUAR,XE,automoveis
2021,6,JAGUAR,XE P250 SE,,nome,COMBUSTAO,,G,gasolina,9,JAGUAR,XE,automoveis
2021,6,JAGUAR,XE P250 R-DYN HSE,,nome,COMBUSTAO,,G,gasolina,9,JAGUAR,XE,automoveis
2021,6,JAGUAR,XE P250 R-DYN S,,nome,COMBUSTAO,,G,gasolina,9,JAGUAR,XE,automoveis
2021,7,MERCEDES-BENZ,AMG CLA35 4MATIC,,nome,COMBUSTAO,,G,gasolina,9,M.BENZ,CLA35,automoveis
2021,7,MERCEDES-BENZ,C200 AVANTGARDE,,nome,HIBRIDO,,G,hev,4,M.BENZ,CLASSE C,automoveis
2021,7,MERCEDES-BENZ,C200 AMG LINE,,nome,HIBRIDO,,G,hev,4,M.BENZ,CLASSE C,automoveis
2021,7,MERCEDES-BENZ,C300 AMG LINE,,nome,HIBRIDO,,G,hev,4,M.BENZ,CLASSE C,automoveis
2021,7,MERCEDES-BENZ,C180 COUPE,,nome,COMBUSTAO,,G,gasolina,9,M.BENZ,C180,automoveis
2021,7,MERCEDES-BENZ,E300 EXCLUSIVE,,nome,COMBUSTAO,,G,gasolina,9,M.BENZ,CLASSE E,automoveis
2021,7,MERCEDES-BENZ,E300 SPORT,,nome,COMBUSTAO,,G,gasolina,9,M.BENZ,CLASSE E,automoveis
2021,7,MERCEDES-BENZ,C180 FF,,nome,COMBUSTAO,,F,flex,10,M.BENZ,C180,automoveis
2021,7,MERCEDES-BENZ,AMG GT63S 4MATIC,,nome,COMBUSTAO,,G,gasolina,9,M.BENZ,AMG GT63S,automoveis
2021,7,MERCEDES-BENZ,CLA250 L7,,nome,COMBUSTAO,,G,gasolina,9,M.BENZ,CLA250,automoveis
2021,7,TOYOTA,CAMRY XLE,,nome,COMBUSTAO,,G,gasolina,9,TOYOTA,CAMRY,automoveis
2021,7,VW,JETTA 250 TSI,,nome,COMBUSTAO,,F,flex,10,VW,JETTA,automoveis
2021,7,VW,JETTA COMFORTLINE 250 TSI,,nome,COMBUSTAO,,F,flex,10,VW,JETTA,automoveis
2021,7,VW,JETTA R-LINE 250 TSI,,nome,COMBUSTAO,,F,flex,10,VW,JETTA,automoveis
2021,7,VW,JETTA GLI 350 TSI,,nome,COMBUSTAO,,G,gasolina,9,VW,JETTA,automoveis
2021,7,VW,JETTA GLI 350 TSI,,nome,COMBUSTAO,,G,gasolina,9,VW,JETTA,automoveis
2021,7,VW,TIGUAN ALLSPACE R-LINE 350 TSI,,nome,COMBUSTAO,,G,gasolina,9,VW,TIGUAN,automoveis
2021,7,VW,TIGUAN ALLSPACE R-LINE 350 TSI,,nome,COMBUSTAO,,G,gasolina,9,VW,TIGUAN,automoveis
2021,7,VOLVO,S60 T4,,nome,COMBUSTAO,,G,gasolina,9,VOLVO,S60,automoveis
2021,7,VOLVO,S60 T4 MOMENTUM,,nome,COMBUSTAO,,G,gasolina,9,VOLVO,S60,automoveis
2021,7,VOLVO,S60 T5 INSCRIPT,,nome,COMBUSTAO,,G,gasolina,9,VOLVO,S60,automoveis
2021,7,VOLVO,S60 T5 MOMENTUM,,nome,COMBUSTAO,,G,gasolina,9,VOLVO,S60,automoveis
2021,7,VOLVO,S60 T5 R-DESIGN,,nome,COMBUSTAO,,G,gasolina,9,VOLVO,S60,automoveis
2021,7,VOLVO,S60 T8 INSCRIPT,,nome,PLUG-IN,,G,phev,6,VOLVO,S60,automoveis
2021,7,VOLVO,S60 T8 POLESTAR,,nome,PLUG-IN,,G,phev,6,VOLVO,S60,automoveis
2021,7,VOLVO,S60 T8 R-DESIGN,,nome,PLUG-IN,,G,phev,6,VOLVO,S60,automoveis
2021,7,VOLVO,S90 T8 INSCRIPTION,,nome,PLUG-IN,,G,phev,6,VOLVO,S90,automoveis
2021,7,VOLVO,S90 T8 R-DESIGN,,nome,PLUG-IN,,G,phev,6,VOLVO,S90,automoveis
2021,7,CAOA CHERY,TIGGO 2 DESERT,UTILITARIO ESPORTIVO,nome,COMBUSTAO,,F,flex,10,CAOA CHERY,TIGGO 2,automoveis
2021,7,CAOA CHERY,TIGGO 2 DESERT,UTILITARIO ESPORTIVO,nome,COMBUSTAO,,F,flex,10,CHERY,TIGGO,automoveis
2021,7,CAOA CHERY,TIGGO 2 EXCLUSIVE,UTILITARIO ESPORTIVO,nome,COMBUSTAO,,F,flex,10,CAOA CHERY,TIGGO 2,automoveis
2021,7,CAOA CHERY,TIGGO 2 EXCLUSIVE,UTILITARIO ESPORTIVO,nome,COMBUSTAO,,F,flex,10,CHERY,TIGGO,automoveis
2021,7,CAOA CHERY,TIGGO 2 SPORT,UTILITARIO ESPORTIVO,nome,COMBUSTAO,,F,flex,10,CAOA CHERY,TIGGO 2,automoveis
2021,7,CAOA CHERY,TIGGO 2 SPORT,UTILITARIO ESPORTIVO,nome,COMBUSTAO,,F,flex,10,CHERY,TIGGO,automoveis
2021,7,CAOA CHERY,TIGGO 2,UTILITARIO ESPORTIVO,nome,COMBUSTAO,,F,flex,10,CAOA CHERY,TIGGO 2,automoveis
2021,7,CAOA CHERY,TIGGO 2,UTILITARIO ESPORTIVO,nome,COMBUSTAO,,F,flex,10,CHERY,TIGGO,automoveis
2021,7,CAOA CHERY,TIGGO 2,UTILITARIO ESPORTIVO,nome,COMBUSTAO,,F,flex,10,CAOA CHERY,TIGGO 2,automoveis
2021,7,CAOA CHERY,TIGGO 2,UTILITARIO ESPORTIVO,nome,COMBUSTAO,,F,flex,10,CHERY,TIGGO,automoveis
2021,7,CAOA CHERY,TIGGO 2,UTILITARIO ESPORTIVO,nome,COMBUSTAO,,F,flex,10,CAOA CHERY,TIGGO 2,automoveis
2021,7,CAOA CHERY,TIGGO 2,UTILITARIO ESPORTIVO,nome,COMBUSTAO,,F,flex,10,CHERY,TIGGO,automoveis
2021,7,CAOA CHERY,TIGGO 2,UTILITARIO ESPORTIVO,nome,COMBUSTAO,,F,flex,10,CAOA CHERY,TIGGO 2,automoveis
2021,7,CAOA CHERY,TIGGO 2,UTILITARIO ESPORTIVO,nome,COMBUSTAO,,F,flex,10,CHERY,TIGGO,automoveis
2021,8,CAOA CHERY,TIGGO 2,UTILITARIO ESPORTIVO,nome,COMBUSTAO,,F,flex,10,CAOA CHERY,TIGGO 2,automoveis
2021,8,CAOA CHERY,TIGGO 2,UTILITARIO ESPORTIVO,nome,COMBUSTAO,,F,flex,10,CHERY,TIGGO,automoveis
2021,8,CAOA CHERY,TIGGO 2,UTILITARIO ESPORTIVO,nome,COMBUSTAO,,F,flex,10,CAOA CHERY,TIGGO 2,automoveis
2021,8,CAOA CHERY,TIGGO 2,UTILITARIO ESPORTIVO,nome,COMBUSTAO,,F,flex,10,CHERY,TIGGO,automoveis
2021,8,CAOA CHERY,TIGGO 2,UTILITARIO ESPORTIVO,nome,COMBUSTAO,,F,flex,10,CAOA CHERY,TIGGO 2,automoveis
2021,8,CAOA CHERY,TIGGO 2,UTILITARIO ESPORTIVO,nome,COMBUSTAO,,F,flex,10,CHERY,TIGGO,automoveis
2021,8,CAOA CHERY,TIGGO 3X T TA,UTILITARIO ESPORTIVO,nome,COMBUSTAO,,F,flex,10,CAOA CHERY,TIGGO 3X,automoveis
2021,8,CAOA CHERY,TIGGO 3X T TA,UTILITARIO ESPORTIVO,nome,COMBUSTAO,,F,flex,10,CHERY,TIGGO,automoveis
2021,8,CAOA CHERY,TIGGO 3X TX TA,UTILITARIO ESPORTIVO,nome,COMBUSTAO,,F,flex,10,CAOA CHERY,TIGGO 3X,automoveis
2021,8,CAOA CHERY,TIGGO 3X TX TA,UTILITARIO ESPORTIVO,nome,COMBUSTAO,,F,flex,10,CHERY,TIGGO,automoveis
2021,8,CAOA CHERY,TIGGO 3X TXS TA,UTILITARIO ESPORTIVO,nome,COMBUSTAO,,F,flex,10,CAOA CHERY,TIGGO 3X,automoveis
2021,8,CAOA CHERY,TIGGO 3X TXS TA,UTILITARIO ESPORTIVO,nome,COMBUSTAO,,F,flex,10,CHERY,TIGGO,automoveis
2021,8,CAOA CHERY,TIGGO 3X S TA,UTILITARIO ESPORTIVO,nome,COMBUSTAO,,F,flex,10,CAOA CHERY,TIGGO 3X,automoveis
2021,8,CAOA CHERY,TIGGO 3X S TA,UTILITARIO ESPORTIVO,nome,COMBUSTAO,,F,flex,10,CHERY,TIGGO,automoveis
2021,8,CAOA CHERY,TIGGO 3X ST TA,UTILITARIO ESPORTIVO,nome,COMBUSTAO,,F,flex,10,CAOA CHERY,TIGGO 3X,automoveis
2021,8,CAOA CHERY,TIGGO 3X ST TA,UTILITARIO ESPORTIVO,nome,COMBUSTAO,,F,flex,10,CHERY,TIGGO,automoveis
2021,8,CAOA CHERY,TIGGO 3X STX TA,UTILITARIO ESPORTIVO,nome,COMBUSTAO,,F,flex,10,CAOA CHERY,TIGGO 3X,automoveis
2021,8,CAOA CHERY,TIGGO 3X STX TA,UTILITARIO ESPORTIVO,nome,COMBUSTAO,,F,flex,10,CHERY,TIGGO,automoveis
2021,8,CAOA CHERY,TIGGO 3X PLUS TA,UTILITARIO ESPORTIVO,nome,COMBUSTAO,,F,flex,10,CAOA CHERY,TIGGO 3X,automoveis
2021,8,CAOA CHERY,TIGGO 3X PLUS TA,UTILITARIO ESPORTIVO,nome,COMBUSTAO,,F,flex,10,CHERY,TIGGO,automoveis
2021,8,CAOA CHERY,TIGGO 3X PRO TA,UTILITARIO ESPORTIVO,nome,COMBUSTAO,,F,flex,10,CAOA CHERY,TIGGO 3X,automoveis
2021,8,CAOA CHERY,TIGGO 3X PRO TA,UTILITARIO ESPORTIVO,nome,COMBUSTAO,,F,flex,10,CHERY,TIGGO,automoveis
2021,8,CAOA CHERY,TIGGO 5X T,UTILITARIO ESPORTIVO,nome,COMBUSTAO,,F,flex,10,CAOA CHERY,TIGGO 5X,automoveis
2021,8,CAOA CHERY,TIGGO 5X T,UTILITARIO ESPORTIVO,nome,COMBUSTAO,,F,flex,10,CHERY,TIGGO 5X,automoveis
2021,8,CAOA CHERY,TIGGO 5X TXS,UTILITARIO ESPORTIVO,nome,COMBUSTAO,,F,flex,10,CAOA CHERY,TIGGO 5X,automoveis
2021,8,CAOA CHERY,TIGGO 5X TXS,UTILITARIO ESPORTIVO,nome,COMBUSTAO,,F,flex,10,CHERY,TIGGO 5X,automoveis
2021,8,CITROEN,C4 CACTUS LIVE,UTILITARIO ESPORTIVO,nome,COMBUSTAO,,F,flex,10,CITROEN,C4 CACTUS,automoveis
2021,8,CITROEN,C4 CACTUS FEEL,UTILITARIO ESPORTIVO,nome,COMBUSTAO,,F,flex,10,CITROEN,C4 CACTUS,automoveis
2021,8,CITROEN,C4 CACTUS FEEL BUSINESS,UTILITARIO ESPORTIVO,nome,COMBUSTAO,,F,flex,10,CITROEN,C4 CACTUS,automoveis
2021,8,CITROEN,C4 CACTUS FEEL,UTILITARIO ESPORTIVO,nome,COMBUSTAO,,F,flex,10,CITROEN,C4 CACTUS,automoveis
2021,8,CITROEN,C4 CACTUS SHINE,UTILITARIO ESPORTIVO,nome,COMBUSTAO,,F,flex,10,CITROEN,C4 CACTUS,automoveis
2021,8,CITROEN,C4 CACTUS SHINE THP,UTILITARIO ESPORTIVO,nome,COMBUSTAO,,F,flex,10,CITROEN,C4 CACTUS,automoveis
2021,8,CITROEN,C4 CACTUS SHINE PACK THP,UTILITARIO ESPORTIVO,nome,COMBUSTAO,,F,flex,10,CITROEN,C4 CACTUS,automoveis
2021,8,CITROEN,C4 CACTUS FEEL AT,UTILITARIO ESPORTIVO,nome,COMBUSTAO,,F,flex,10,CITROEN,C4 CACTUS,automoveis
2021,8,CITROEN,C4 CACTUS FEEL P,UTILITARIO ESPORTIVO,nome,COMBUSTAO,,F,flex,10,CITROEN,C4 CACTUS,automoveis
2021,8,CITROEN,C4 CACTUS LIVE A,UTILITARIO ESPORTIVO,nome,COMBUSTAO,,F,flex,10,CITROEN,C4 CACTUS,automoveis
2021,8,CHEVROLET,TRACKER T,UTILITARIO ESPORTIVO,nome,COMBUSTAO,,F,flex,10,GM,TRACKER,automoveis
2021,8,CHEVROLET,TRACKER T A,UTILITARIO ESPORTIVO,nome,COMBUSTAO,,F,flex,10,GM,TRACKER,automoveis
2021,8,CHEVROLET,TRACKER T A LT,UTILITARIO ESPORTIVO,nome,COMBUSTAO,,F,flex,10,GM,TRACKER,automoveis
2021,8,CHEVROLET,TRACKER 12T A PR,UTILITARIO ESPORTIVO,nome,COMBUSTAO,,F,flex,10,GM,TRACKER,automoveis
2021,8,CHEVROLET,TRACKER T A LTZ,UTILITARIO ESPORTIVO,nome,COMBUSTAO,,F,flex,10,GM,TRACKER,automoveis
2021,8,CHEVROLET,TRACKER T A PR,UTILITARIO ESPORTIVO,nome,COMBUSTAO,,F,flex,10,GM,TRACKER,automoveis
2021,8,FIAT,ARGO TREKKING,UTILITARIO ESPORTIVO,nome,COMBUSTAO,,F,flex,10,FIAT,ARGO,automoveis
2021,8,FIAT,ARGO TREKKING,UTILITARIO ESPORTIVO,nome,COMBUSTAO,,F,flex,10,FIAT,ARGO,automoveis
2021,8,FIAT,ARGO TREKKING AUTOMATICO,UTILITARIO ESPORTIVO,nome,COMBUSTAO,,F,flex,10,FIAT,ARGO,automoveis
2021,8,FIAT,UNO WAY E,UTILITARIO ESPORTIVO,nome,COMBUSTAO,,F,flex,10,FIAT,UNO,automoveis
2021,8,FIAT,UNO WAY E,UTILITARIO ESPORTIVO,nome,COMBUSTAO,,F,flex,10,FIAT,UNO,comerciais_leves
2021,8,FIAT,PULSE MT,UTILITARIO ESPORTIVO,nome,COMBUSTAO,,F,flex,10,FIAT,PULSE,automoveis
2021,8,FIAT,PULSE DRIVE AT,UTILITARIO ESPORTIVO,nome,COMBUSTAO,,F,flex,10,FIAT,PULSE,automoveis
2021,8,FIAT,PULSE DRIVE,UTILITARIO ESPORTIVO 1.0 12V,nome,COMBUSTAO,,F,flex,10,FIAT,PULSE,automoveis
2021,8,FIAT,PULSE AUDACE,UTILITARIO ESPORTIVO 1.0 12V,nome,COMBUSTAO,,F,flex,10,FIAT,PULSE,automoveis
2021,8,FIAT,PULSE IMPETUS,UTILITARIO ESPORTIVO 1.0 12V,nome,COMBUSTAO,,F,flex,10,FIAT,PULSE,automoveis
2021,8,FORD,ECOSPORT SE,UTILITARIO ESPORTIVO,nome,COMBUSTAO,,F,flex,10,FORD,ECOSPORT,automoveis
2021,8,FORD,ECOSPORT FREESTYLE,UTILITARIO ESPORTIVO,nome,COMBUSTAO,,F,flex,10,FORD,ECOSPORT,automoveis
2021,8,FORD,ECOSPORT SE,UTILITARIO ESPORTIVO,nome,COMBUSTAO,,F,flex,10,FORD,ECOSPORT,automoveis
2021,8,FORD,ECOSPORT SE DIRECT,UTILITARIO ESPORTIVO,nome,COMBUSTAO,,F,flex,10,FORD,ECOSPORT,automoveis
2021,8,FORD,ECOSPORT FREESTYLE,UTILITARIO ESPORTIVO,nome,COMBUSTAO,,F,flex,10,FORD,ECOSPORT,automoveis
2021,8,FORD,ECOSPORT FREESTYLE PLUS,UTILITARIO ESPORTIVO,nome,COMBUSTAO,,F,flex,10,FORD,ECOSPORT,automoveis
2021,8,FORD,ECOSPORT TITANIUM PLUS,UTILITARIO ESPORTIVO,nome,COMBUSTAO,,F,flex,10,FORD,ECOSPORT,automoveis
2021,8,FORD,ECOSPORT TITANIUM,UTILITARIO ESPORTIVO,nome,COMBUSTAO,,F,flex,10,FORD,ECOSPORT,automoveis
2021,9,FORD,ECOSPORT STORM 4WD,UTILITARIO ESPORTIVO,nome,COMBUSTAO,,F,flex,10,FORD,ECOSPORT,automoveis
2021,9,HONDA,HR-V LX,UTILITARIO ESPORTIVO,nome,COMBUSTAO,,F,flex,10,HONDA,HR-V,automoveis
2021,9,HONDA,HR-V EX,UTILITARIO ESPORTIVO,nome,COMBUSTAO,,F,flex,10,HONDA,HR-V,automoveis
2021,9,HONDA,HR-V EXL,UTILITARIO ESPORTIVO,nome,COMBUSTAO,,F,flex,10,HONDA,HR-V,automoveis
2021,9,HONDA,WR-V LX,UTILITARIO ESPORTIVO,nome,COMBUSTAO,,F,flex,10,HONDA,WR-V,automoveis
2021,9,HONDA,WR-V EX,UTILITARIO ESPORTIVO,nome,COMBUSTAO,,F,flex,10,HONDA,WR-V,automoveis
2021,9,HONDA,WR-V EXL,UTILITARIO ESPORTIVO,nome,COMBUSTAO,,F,flex,10,HONDA,WR-V,automoveis
2021,9,HYUNDAI,HB20X VISION,UTILITARIO ESPORTIVO,nome,COMBUSTAO,,F,flex,10,HYUNDAI,HB20,automoveis
2021,9,HYUNDAI,HB20X VISION,UTILITARIO ESPORTIVO,nome,COMBUSTAO,,F,flex,10,HYUNDAI,HB20,automoveis
2021,9,HYUNDAI,HB20X EVOLUTION,UTILITARIO ESPORTIVO,nome,COMBUSTAO,,F,flex,10,HYUNDAI,HB20,automoveis
2021,9,HYUNDAI,HB20X DIAMOND,UTILITARIO ESPORTIVO,nome,COMBUSTAO,,F,flex,10,HYUNDAI,HB20,automoveis
2021,9,HYUNDAI,HB20X DIAMOND PLUS,UTILITARIO ESPORTIVO,nome,COMBUSTAO,,F,flex,10,HYUNDAI,HB20,automoveis
2021,9,HYUNDAI,CRETA ATTITUDE,UTILITARIO ESPORTIVO,nome,COMBUSTAO,,F,flex,10,HYUNDAI,CRETA,automoveis
2021,9,HYUNDAI,CRETA LIMITED EDITION,UTILITARIO ESPORTIVO,nome,COMBUSTAO,,F,flex,10,HYUNDAI,CRETA,automoveis
2021,9,HYUNDAI,CRETA PRESTIGE,UTILITARIO ESPORTIVO,nome,COMBUSTAO,,F,flex,10,HYUNDAI,CRETA,automoveis
2021,9,HYUNDAI,CRETA ATTITUDE,UTILITARIO ESPORTIVO,nome,COMBUSTAO,,F,flex,10,HYUNDAI,CRETA,automoveis
2021,9,HYUNDAI,CRETA ACTION,UTILITARIO ESPORTIVO,nome,COMBUSTAO,,F,flex,10,HYUNDAI,CRETA,automoveis
2021,9,HYUNDAI,CRETA SMART PLUS,UTILITARIO ESPORTIVO,nome,COMBUSTAO,,F,flex,10,HYUNDAI,CRETA,automoveis
2021,9,HYUNDAI,CRETA ACTION,UTILITARIO ESPORTIVO,nome,COMBUSTAO,,F,flex,10,HYUNDAI,CRETA,automoveis
2021,9,HYUNDAI,CRETA COMFORT,UTILITARIO ESPORTIVO,nome,COMBUSTAO,,F,flex,10,HYUNDAI,CRETA,automoveis
2021,9,HYUNDAI,CRETA LIMITED,UTILITARIO ESPORTIVO,nome,COMBUSTAO,,F,flex,10,HYUNDAI,CRETA,automoveis
2021,9,HYUNDAI,CRETA PLATINUM,UTILITARIO ESPORTIVO,nome,COMBUSTAO,,F,flex,10,HYUNDAI,CRETA,automoveis
2021,9,HYUNDAI,CRETA ULTIMATE,UTILITARIO ESPORTIVO,nome,COMBUSTAO,,F,flex,10,HYUNDAI,CRETA,automoveis
2021,9,JAC,T40,UTILITARIO ESPORTIVO,nome,COMBUSTAO,,G,gasolina,9,JAC,T40,automoveis
2021,9,JAC,T40,UTILITARIO ESPORTIVO,nome,COMBUSTAO,,F,flex,10,JAC,T40,automoveis
2021,9,JEEP,RENEGADE,UTILITARIO ESPORTIVO,nome,COMBUSTAO,,F,flex,10,JEEP,RENEGADE,automoveis
2021,9,JEEP,RENEGADE LIMITED,UTILITARIO ESPORTIVO,nome,COMBUSTAO,,F,flex,10,JEEP,RENEGADE,automoveis
2021,9,JEEP,RENEGADE LONGITUDE,UTILITARIO ESPORTIVO,nome,COMBUSTAO,,F,flex,10,JEEP,RENEGADE,automoveis
2021,9,JEEP,RENEGADE SPORT,UTILITARIO ESPORTIVO,nome,COMBUSTAO,,F,flex,10,JEEP,RENEGADE,automoveis
2021,9,JEEP,RENEGADE LIMITED TF,UTILITARIO ESPORTIVO,nome,COMBUSTAO,,F,flex,10,JEEP,RENEGADE,automoveis
2021,9,JEEP,RENEGADE LONGITUDE TF,UTILITARIO ESPORTIVO,nome,COMBUSTAO,,F,flex,10,JEEP,RENEGADE,automoveis
2021,9,JEEP,RENEGADE SPORT TF,UTILITARIO ESPORTIVO,nome,COMBUSTAO,,F,flex,10,JEEP,RENEGADE,automoveis
2021,9,KIA,NEW SOUL EX2,UTILITARIO ESPORTIVO,nome,COMBUSTAO,,F,flex,10,KIA,SOUL,automoveis
2021,9,KIA,NEW SOUL LX2,UTILITARIO ESPORTIVO,nome,COMBUSTAO,,F,flex,10,KIA,SOUL,automoveis
2021,9,MITSUBISHI,ASX GLS 2WD,UTILITARIO ESPORTIVO,nome,COMBUSTAO,,F,flex,10,MITSUBISHI,ASX,automoveis
2021,9,NISSAN,KICKS S,UTILITARIO ESPORTIVO,nome,COMBUSTAO,,F,flex,10,NISSAN,KICKS,automoveis
2021,9,NISSAN,KICKS SPC ED,UTILITARIO ESPORTIVO,nome,COMBUSTAO,,F,flex,10,NISSAN,KICKS,automoveis
2021,9,NISSAN,KICKS S,UTILITARIO ESPORTIVO,nome,COMBUSTAO,,F,flex,10,NISSAN,KICKS,automoveis
2021,9,NISSAN,KICKS SV,UTILITARIO ESPORTIVO,nome,COMBUSTAO,,F,flex,10,NISSAN,KICKS,automoveis
2021,9,NISSAN,KICKS SL,UTILITARIO ESPORTIVO,nome,COMBUSTAO,,F,flex,10,NISSAN,KICKS,automoveis
2021,9,NISSAN,KICKS S DRCT,UTILITARIO ESPORTIVO,nome,COMBUSTAO,,F,flex,10,NISSAN,KICKS,automoveis
2021,10,NISSAN,KICKS UEFA CL,UTILITARIO ESPORTIVO,nome,COMBUSTAO,,F,flex,10,NISSAN,KICKS,automoveis
2021,10,NISSAN,KICKS SPC ED,UTILITARIO ESPORTIVO,nome,COMBUSTAO,,F,flex,10,NISSAN,KICKS,automoveis
2021,10,NISSAN,KICKS ACTIVE,UTILITARIO ESPORTIVO,nome,COMBUSTAO,,F,flex,10,NISSAN,KICKS,automoveis
2021,10,NISSAN,KICKS MY22 SENSE,UTILITARIO ESPORTIVO,nome,COMBUSTAO,,F,flex,10,NISSAN,KICKS,automoveis
2021,10,NISSAN,KICKS MY22 SENSE,UTILITARIO ESPORTIVO,nome,COMBUSTAO,,F,flex,10,NISSAN,KICKS,automoveis
2021,10,NISSAN,KICKS MY22 ADVANCE,UTILITARIO ESPORTIVO,nome,COMBUSTAO,,F,flex,10,NISSAN,KICKS,automoveis
2021,10,NISSAN,KICKS MY22 EXCLUSIVE,UTILITARIO ESPORTIVO,nome,COMBUSTAO,,F,flex,10,NISSAN,KICKS,automoveis
2021,10,NISSAN,KICKS MY22 ACTIVE,UTILITARIO ESPORTIVO,nome,COMBUSTAO,,F,flex,10,NISSAN,KICKS,automoveis
2021,10,PEUGEOT,2008 ALLURE MT,UTILITARIO ESPORTIVO,nome,COMBUSTAO,,F,flex,10,PEUGEOT,2008,automoveis
2021,10,PEUGEOT,2008 GRIFFE EAT6,UTILITARIO ESPORTIVO,nome,COMBUSTAO,,F,flex,10,PEUGEOT,2008,automoveis
2021,10,PEUGEOT,2008 ALLURE EAT6,UTILITARIO ESPORTIVO,nome,COMBUSTAO,,F,flex,10,PEUGEOT,2008,automoveis
2021,10,PEUGEOT,2008 ALLURE PK,UTILITARIO ESPORTIVO,nome,COMBUSTAO,,F,flex,10,PEUGEOT,2008,automoveis
2021,10,PEUGEOT,2008 CROSS EAT6,UTILITARIO ESPORTIVO,nome,COMBUSTAO,,F,flex,10,PEUGEOT,2008,automoveis
2021,10,PEUGEOT,2008 GRF THP AT,UTILITARIO ESPORTIVO,nome,COMBUSTAO,,F,flex,10,PEUGEOT,2008,automoveis
2021,10,RENAULT,KWID OUTSIDER,UTILITARIO ESPORTIVO,nome,COMBUSTAO,,F,flex,10,RENAULT,KWID,automoveis
2021,10,RENAULT,KWID OUTSIDER,UTILITARIO ESPORTIVO,nome,COMBUSTAO,,F,flex,10,RENAULT,KWID,comerciais_leves
2021,10,SUBARU,FORESTER S MHEV,UTILITARIO ESPORTIVO,nome,HIBRIDO,MHEV,G,mhev,1,SUBARU,FORESTER,automoveis
2021,10,SUZUKI,VITARA 4ALL,UTILITARIO ESPORTIVO,nome,COMBUSTAO,,G,gasolina,9,SUZUKI,VITARA,automoveis
2021,10,SUZUKI,VITARA 4YOU,UTILITARIO ESPORTIVO,nome,COMBUSTAO,,G,gasolina,9,SUZUKI,VITARA,automoveis
2021,10,VW,NIVUS COMFORTLINE,UTILITARIO ESPORTIVO,nome,COMBUSTAO,,F,flex,10,VW,NIVUS,automoveis
2021,10,VW,NIVUS HIGHLINE,UTILITARIO ESPORTIVO,nome,COMBUSTAO,,F,flex,10,VW,NIVUS,automoveis
2021,10,VW,NIVUS COMFORTLINE (MY22),UTILITARIO ESPORTIVO,nome,COMBUSTAO,,F,flex,10,VW,NIVUS,automoveis
2021,10,VW,NIVUS HIGHLINE (MY22),UTILITARIO ESPORTIVO,nome,COMBUSTAO,,F,flex,10,VW,NIVUS,automoveis
2021,10,CAOA CHERY,TIGGO 7 T,UTILITARIO ESPORTIVO,nome,COMBUSTAO,,F,flex,10,CAOA CHERY,TIGGO 7,automoveis
2021,10,CAOA CHERY,TIGGO 7 T,UTILITARIO ESPORTIVO,nome,COMBUSTAO,,F,flex,10,CHERY,TIGGO 7,automoveis
2021,10,CAOA CHERY,TIGGO 7 TXS,UTILITARIO ESPORTIVO,nome,COMBUSTAO,,F,flex,10,CAOA CHERY,TIGGO 7,automoveis
2021,10,CAOA CHERY,TIGGO 7 TXS,UTILITARIO ESPORTIVO,nome,COMBUSTAO,,F,flex,10,CHERY,TIGGO 7,automoveis
2021,10,CAOA CHERY,TIGGO 8 TGDI,UTILITARIO ESPORTIVO,nome,COMBUSTAO,,G,gasolina,9,CAOA CHERY,TIGGO 8,automoveis
2021,10,CAOA CHERY,TIGGO 8 TGDI,UTILITARIO ESPORTIVO,nome,COMBUSTAO,,G,gasolina,9,CHERY,TIGGO,automoveis
2021,10,CHEVROLET,EQUINOX LT GASOLINA 4X2,UTILITARIO ESPORTIVO,nome,COMBUSTAO,,G,gasolina,9,GM,EQUINOX,automoveis
2021,10,CHEVROLET,EQUINOX MIDNIGHT GASOLINA 4X2,UTILITARIO ESPORTIVO,nome,COMBUSTAO,,G,gasolina,9,GM,EQUINOX,automoveis
2021,10,HYUNDAI,SANTA FE,UTILITARIO ESPORTIVO,nome,COMBUSTAO,,G,gasolina,9,HYUNDAI,SANTAFE,automoveis
2021,10,HYUNDAI,IX35 GL,UTILITARIO ESPORTIVO,nome,COMBUSTAO,,F,flex,10,HYUNDAI,IX35,automoveis
2021,10,HYUNDAI,TUCSON TURBO GLS,UTILITARIO ESPORTIVO,nome,COMBUSTAO,,G,gasolina,9,HYUNDAI,TUCSON,automoveis
2021,10,HYUNDAI,TUCSON TURBO LTD,UTILITARIO ESPORTIVO,nome,COMBUSTAO,,G,gasolina,9,HYUNDAI,TUCSON,automoveis
2021,10,JEEP,COMPASS LIMITED T4,UTILITARIO ESPORTIVO,nome,COMBUSTAO,,F,flex,10,JEEP,COMPASS,automoveis
2021,10,JEEP,COMPASS LIMITED T4,UTILITARIO ESPORTIVO,nome,COMBUSTAO,,F,flex,10,JEEP,COMPASS,automoveis
2021,10,JEEP,COMPASS SERIE S T4,UTILITARIO ESPORTIVO,nome,COMBUSTAO,,F,flex,10,JEEP,COMPASS,automoveis
2021,10,JEEP,COMPASS SPORT TF,UTILITARIO ESPORTIVO,nome,COMBUSTAO,,F,flex,10,JEEP,COMPASS,automoveis
2021,10,JEEP,COMPASS LIMITED,UTILITARIO ESPORTIVO,nome,COMBUSTAO,,F,flex,10,JEEP,COMPASS,automoveis
2021,10,JEEP,COMPASS LIMITED S,UTILITARIO ESPORTIVO,nome,COMBUSTAO,,F,flex,10,JEEP,COMPASS,automoveis
2021,10,JEEP,COMPASS LONGITUDE,UTILITARIO ESPORTIVO,nome,COMBUSTAO,,F,flex,10,JEEP,COMPASS,automoveis
2021,10,JEEP,COMPASS NIGHT EAGLE,UTILITARIO ESPORTIVO,nome,COMBUSTAO,,F,flex,10,JEEP,COMPASS,automoveis
2021,10,JEEP,COMPASS SPORT,UTILITARIO ESPORTIVO,nome,COMBUSTAO,,F,flex,10,JEEP,COMPASS,automoveis
2021,10,JEEP,COMMANDER OVERLAND,UTILITARIO ESPORTIVO,nome,COMBUSTAO,,F,flex,10,JEEP,COMMANDER,automoveis
2021,10,JEEP,COMMANDER LIMITED,UTILITARIO ESPORTIVO,nome,COMBUSTAO,,F,flex,10,JEEP,COMMANDER,automoveis
2021,11,KIA,SORENTO,UTILITARIO ESPORTIVO,nome,COMBUSTAO,,G,gasolina,9,KIA,SORENTO,automoveis
2021,11,KIA,SORENTO LX4 G17,UTILITARIO ESPORTIVO,nome,COMBUSTAO,,G,gasolina,9,KIA,SORENTO,automoveis
2021,11,KIA,SORENTO G25,UTILITARIO ESPORTIVO,nome,COMBUSTAO,,G,gasolina,9,KIA,SORENTO,automoveis
2021,11,KIA,SORENTO G27,UTILITARIO ESPORTIVO,nome,COMBUSTAO,,G,gasolina,9,KIA,SORENTO,automoveis
2021,11,KIA,SORENTO,UTILITARIO ESPORTIVO,nome,COMBUSTAO,,G,gasolina,9,KIA,SORENTO,automoveis
2021,11,KIA,SORENTO,UTILITARIO ESPORTIVO,nome,COMBUSTAO,,G,gasolina,9,KIA,SORENTO,automoveis
2021,11,KIA,SORENTO,UTILITARIO ESPORTIVO,nome,COMBUSTAO,,G,gasolina,9,KIA,SORENTO,automoveis
2021,11,KIA,SPORTAGE EX2,UTILITARIO ESPORTIVO,nome,COMBUSTAO,,F,flex,10,KIA,SPORTAGE,automoveis
2021,11,KIA,SPORTAGE LX2 FFG3,UTILITARIO ESPORTIVO,nome,COMBUSTAO,,F,flex,10,KIA,SPORTAGE,automoveis
2021,11,MITSUBISHI,ECLIPSE CROSS HPE-S,UTILITARIO ESPORTIVO,nome,COMBUSTAO,,G,gasolina,9,MITSUBISHI,ECLIPSE CROSS,automoveis
2021,11,MITSUBISHI,OUTLANDER HPE,UTILITARIO ESPORTIVO,nome,COMBUSTAO,,G,gasolina,9,MITSUBISHI,OUTLANDER,automoveis
2021,11,MITSUBISHI,OUTLANDER GLS,UTILITARIO ESPORTIVO,nome,COMBUSTAO,,G,gasolina,9,MITSUBISHI,OUTLANDER,automoveis
2021,11,MITSUBISHI,OUTLANDER SPORT GLS 2WD,UTILITARIO ESPORTIVO,nome,COMBUSTAO,,F,flex,10,MITSUBISHI,OUTLANDER,automoveis
2021,11,MITSUBISHI,OUTLANDER SPORT HPE 2WD,UTILITARIO ESPORTIVO,nome,COMBUSTAO,,F,flex,10,MITSUBISHI,OUTLANDER,automoveis
2021,11,MITSUBISHI,ECLIPSE CROSS HPE-S,UTILITARIO ESPORTIVO,nome,COMBUSTAO,,G,gasolina,9,MITSUBISHI,ECLIPSE CROSS,automoveis
2021,11,PEUGEOT,3008 GRIFFE AT,UTILITARIO ESPORTIVO,nome,COMBUSTAO,,G,gasolina,9,PEUGEOT,3008,automoveis
2021,11,PEUGEOT,3008 ALLURE AT,UTILITARIO ESPORTIVO,nome,COMBUSTAO,,G,gasolina,9,PEUGEOT,3008,automoveis
2021,11,PEUGEOT,3008 GT LINE,UTILITARIO ESPORTIVO,nome,COMBUSTAO,,G,gasolina,9,PEUGEOT,3008,automoveis
2021,11,PEUGEOT,3008 CROSSWAY,UTILITARIO ESPORTIVO,nome,COMBUSTAO,,G,gasolina,9,PEUGEOT,3008,automoveis
2021,11,RENAULT,CAPTUR LIFE,UTILITARIO ESPORTIVO,nome,COMBUSTAO,,F,flex,10,RENAULT,CAPTUR,automoveis
2021,11,RENAULT,CAPTUR ZEN,UTILITARIO ESPORTIVO,nome,COMBUSTAO,,F,flex,10,RENAULT,CAPTUR,automoveis
2021,11,RENAULT,CAPTUR INTENSE,UTILITARIO ESPORTIVO,nome,COMBUSTAO,,F,flex,10,RENAULT,CAPTUR,automoveis
2021,11,RENAULT,CAPTUR ICONIC,UTILITARIO ESPORTIVO,nome,COMBUSTAO,,F,flex,10,RENAULT,CAPTUR,automoveis
2021,11,RENAULT,DUSTER ZEN,UTILITARIO ESPORTIVO,nome,COMBUSTAO,,F,flex,10,RENAULT,DUSTER,automoveis
2021,11,RENAULT,DUSTER LIFE,UTILITARIO ESPORTIVO,nome,COMBUSTAO,,F,flex,10,RENAULT,DUSTER,automoveis
2021,11,RENAULT,DUSTER ZEN,UTILITARIO ESPORTIVO,nome,COMBUSTAO,,F,flex,10,RENAULT,DUSTER,automoveis
2021,11,RENAULT,DUSTER INTENSE,UTILITARIO ESPORTIVO,nome,COMBUSTAO,,F,flex,10,RENAULT,DUSTER,automoveis
2021,11,RENAULT,DUSTER ICONIC,UTILITARIO ESPORTIVO,nome,COMBUSTAO,,F,flex,10,RENAULT,DUSTER,automoveis
2021,11,TOYOTA,COROLLA CROSS XRV HYBRID,UTILITARIO ESPORTIVO,nome,HIBRIDO,HYBRID,F,hev,4,TOYOTA,COROLLA CROSS,automoveis
2021,11,TOYOTA,COROLLA CROSS XRX HYBRID,UTILITARIO ESPORTIVO,nome,HIBRIDO,HYBRID,F,hev,4,TOYOTA,COROLLA CROSS,automoveis
2021,11,TOYOTA,COROLLA CROSS XR 20,UTILITARIO ESPORTIVO,nome,COMBUSTAO,,F,flex,10,TOYOTA,COROLLA CROSS,automoveis
2021,11,TOYOTA,COROLLA CROSS XRE 20,UTILITARIO ESPORTIVO,nome,COMBUSTAO,,F,flex,10,TOYOTA,COROLLA CROSS,automoveis
2021,11,TOYOTA,SW4 FLEX 4X2 SR,UTILITARIO ESPORTIVO,nome,COMBUSTAO,,F,flex,10,TOYOTA,HILUX SW4,automoveis
2021,11,TOYOTA,SW4 FLEX 4X2 SR,UTILITARIO ESPORTIVO,nome,COMBUSTAO,,F,flex,10,TOYOTA,HILUX SW4,comerciais_leves
2021,11,TOYOTA,SW4 FLEX 4X2 SR 5S,UTILITARIO ESPORTIVO,nome,COMBUSTAO,,F,flex,10,TOYOTA,HILUX SW4,automoveis
2021,11,TOYOTA,SW4 FLEX 4X2 SR 5S,UTILITARIO ESPORTIVO,nome,COMBUSTAO,,F,flex,10,TOYOTA,HILUX SW4,comerciais_leves
2021,11,TOYOTA,SW4 FLEX 4X2 SR 7S,UTILITARIO ESPORTIVO,nome,COMBUSTAO,,F,flex,10,TOYOTA,HILUX SW4,automoveis
2021,11,TOYOTA,SW4 FLEX 4X2 SR 7S,UTILITARIO ESPORTIVO,nome,COMBUSTAO,,F,flex,10,TOYOTA,HILUX SW4,comerciais_leves
2021,11,TOYOTA,SW4 FLEX 4X2 SRV,UTILITARIO ESPORTIVO,nome,COMBUSTAO,,F,flex,10,TOYOTA,HILUX SW4,automoveis
2021,11,TOYOTA,SW4 FLEX 4X2 SRV,UTILITARIO ESPORTIVO,nome,COMBUSTAO,,F,flex,10,TOYOTA,HILUX SW4,comerciais_leves
2021,11,VW,TAOS COMFORTLINE,UTILITARIO ESPORTIVO,nome,COMBUSTAO,,F,flex,10,VW,TAOS,automoveis
2021,11,VW,TAOS HIGHLINE R18,UTILITARIO ESPORTIVO,nome,COMBUSTAO,,F,flex,10,VW,TAOS,automoveis
2021,11,VW,TAOS COMFORTLINE,UTILITARIO ESPORTIVO,nome,COMBUSTAO,,F,flex,10,VW,TAOS,automoveis
2021,11,VW,TAOS HIGHLINE R18,UTILITARIO ESPORTIVO,nome,COMBUSTAO,,F,flex,10,VW,TAOS,automoveis
2021,11,VOLVO,XC40 T4,UTILITARIO ESPORTIVO,nome,COMBUSTAO,,G,gasolina,9,VOLVO,XC40,automoveis
2021,11,VOLVO,XC40 T4 INSCRIPTION,UTILITARIO ESPORTIVO,nome,COMBUSTAO,,G,gasolina,9,VOLVO,XC40,automoveis
2021,11,VOLVO,XC40 T4 KINETIC,UTILITARIO ESPORTIVO,nome,COMBUSTAO,,G,gasolina,9,VOLVO,XC40,automoveis
2021,12,VOLVO,XC40 T4 MOMENTUM,UTILITARIO ESPORTIVO,nome,COMBUSTAO,,G,gasolina,9,VOLVO,XC40,automoveis
2021,12,VOLVO,XC40 T5H RDESIGN,UTILITARIO ESPORTIVO,nome,PLUG-IN,,G,phev,6,VOLVO,XC40,automoveis
2021,12,VOLVO,XC40 T5H MOMENTUM,UTILITARIO ESPORTIVO,nome,PLUG-IN,,G,phev,6,VOLVO,XC40,automoveis
2021,12,VOLVO,XC40 T5H INSCRIPTION,UTILITARIO ESPORTIVO,nome,PLUG-IN,,G,phev,6,VOLVO,XC40,automoveis
2021,12,VOLVO,XC40 T5H EDITION,UTILITARIO ESPORTIVO,nome,PLUG-IN,,G,phev,6,VOLVO,XC40,automoveis
2021,12,VOLVO,XC40 B4 INSCRIPT,UTILITARIO ESPORTIVO,nome,HIBRIDO,,G,hev,4,VOLVO,XC40,automoveis
2021,12,VOLVO,XC40 B4 MOMENTUM,UTILITARIO ESPORTIVO,nome,HIBRIDO,,G,hev,4,VOLVO,XC40,automoveis
2021,12,SUBARU,XV,UTILITARIO ESPORTIVO,nome,HIBRIDO,,G,hev,4,SUBARU,XV,automoveis
2021,12,SUZUKI,VITARA 4SPORT ALLGRIP,UTILITARIO ESPORTIVO,nome,COMBUSTAO,,G,gasolina,9,SUZUKI,VITARA,automoveis
2021,12,SUZUKI,VITARA 4STYLE ALLGRIP,UTILITARIO ESPORTIVO,nome,COMBUSTAO,,G,gasolina,9,SUZUKI,VITARA,automoveis
2021,12,SUZUKI,SCROSS 4STYLE ALLGRIP,UTILITARIO ESPORTIVO,nome,COMBUSTAO,,G,gasolina,9,SUZUKI,SCROSS,automoveis
2021,12,SUZUKI,SCROSS 4STYLE-S ALLGRIP,UTILITARIO ESPORTIVO,nome,COMBUSTAO,,G,gasolina,9,SUZUKI,SCROSS,automoveis
2021,12,BMW,X5 M COMPETITION,UTILITARIO ESPORTIVO,nome,COMBUSTAO,,G,gasolina,9,BMW,X5,automoveis
2021,12,BMW,X6 M,UTILITARIO ESPORTIVO,nome,COMBUSTAO,,G,gasolina,9,BMW,X6,automoveis
2021,12,BMW,X3 M40I,UTILITARIO ESPORTIVO,nome,COMBUSTAO,,G,gasolina,9,BMW,X3,automoveis
2021,12,BMW,X4 XDRIVE 30I,UTILITARIO ESPORTIVO,nome,COMBUSTAO,,G,gasolina,9,BMW,X4,automoveis
2021,12,BMW,X4 M40I,UTILITARIO ESPORTIVO,nome,COMBUSTAO,,G,gasolina,9,BMW,X4,automoveis
2021,12,BMW,X3 M,UTILITARIO ESPORTIVO,nome,COMBUSTAO,,G,gasolina,9,BMW,X3,automoveis
2021,12,BMW,X3 M COMPETITION,UTILITARIO ESPORTIVO,nome,COMBUSTAO,,G,gasolina,9,BMW,X3,automoveis
2021,12,BMW,X4 M,UTILITARIO ESPORTIVO,nome,COMBUSTAO,,G,gasolina,9,BMW,X4,automoveis
2021,12,BMW,X4 M COMPETITION,UTILITARIO ESPORTIVO,nome,COMBUSTAO,,G,gasolina,9,BMW,X4,automoveis
2021,12,BMW,X5 XDRIVE 45E,UTILITARIO ESPORTIVO,nome,COMBUSTAO,,G,gasolina,9,BMW,X5,automoveis
2021,12,BMW,X6 XDRIVE 40I,UTILITARIO ESPORTIVO,nome,COMBUSTAO,,G,gasolina,9,BMW,X6,automoveis
2021,12,BMW,X5 M,UTILITARIO ESPORTIVO,nome,COMBUSTAO,,G,gasolina,9,BMW,X5,automoveis
2021,12,BMW,X5 M COMPETITION,UTILITARIO ESPORTIVO,nome,COMBUSTAO,,G,gasolina,9,BMW,X5,automoveis
2021,12,BMW,X6 M,UTILITARIO ESPORTIVO,nome,COMBUSTAO,,G,gasolina,9,BMW,X6,automoveis
2021,12,BMW,X6 M COMPETITION,UTILITARIO ESPORTIVO,nome,COMBUSTAO,,G,gasolina,9,BMW,X6,automoveis
2021,12,BMW,X3 XDRIVE 30E,UTILITARIO ESPORTIVO,nome,PLUG-IN,,G,phev,6,BMW,X3,automoveis
2021,12,BMW,X5 M50I,UTILITARIO ESPORTIVO,nome,COMBUSTAO,,G,gasolina,9,BMW,X5,automoveis
2021,12,BMW,X4 XDRIVE 30I,UTILITARIO ESPORTIVO,nome,COMBUSTAO,,G,gasolina,9,BMW,X4,automoveis
2021,12,BMW,X4 XDRIVE 30I,UTILITARIO ESPORTIVO,nome,COMBUSTAO,,G,gasolina,9,BMW,X4,automoveis
2021,12,BMW,X6 XDRIVE 40I,UTILITARIO ESPORTIVO,nome,COMBUSTAO,,G,gasolina,9,BMW,X6,automoveis
2021,12,BMW,X3 XDRIVE 30E,UTILITARIO ESPORTIVO,nome,PLUG-IN,,G,phev,6,BMW,X3,automoveis
2021,12,BMW,X5 XDRIVE45E,UTILITARIO ESPORTIVO,nome,PLUG-IN,,G,phev,6,BMW,X5,automoveis
2021,12,BMW,X3 M40I,UTILITARIO ESPORTIVO,nome,COMBUSTAO,,G,gasolina,9,BMW,X3,automoveis
2021,12,BMW,X3 M40I,UTILITARIO ESPORTIVO,nome,COMBUSTAO,,G,gasolina,9,BMW,X3,automoveis
2021,12,BMW,X4 M40I,UTILITARIO ESPORTIVO,nome,COMBUSTAO,,G,gasolina,9,BMW,X4,automoveis
2021,12,BMW,X4 M40I,UTILITARIO ESPORTIVO,nome,COMBUSTAO,,G,gasolina,9,BMW,X4,automoveis
2021,12,CHEVROLET,EQUINOX PREMIER GASOLINA 4X4,UTILITARIO ESPORTIVO,nome,COMBUSTAO,,G,gasolina,9,GM,EQUINOX,automoveis
2021,12,HONDA,CR-V TOURING,UTILITARIO ESPORTIVO,nome,COMBUSTAO,,G,gasolina,9,HONDA,CRV,automoveis
2021,12,HONDA,CR-V (2021) TOURING,UTILITARIO ESPORTIVO,nome,COMBUSTAO,,G,gasolina,9,HONDA,CRV,automoveis
2021,13,JEEP,COMPASS LIMITED D,UTILITARIO ESPORTIVO,nome,COMBUSTAO,,D,diesel,11,JEEP,COMPASS,automoveis
2021,13,JEEP,COMPASS LIMITED S,UTILITARIO ESPORTIVO,nome,COMBUSTAO,,D,diesel,11,JEEP,COMPASS,automoveis
2021,13,JEEP,COMPASS LIMITED TD,UTILITARIO ESPORTIVO,nome,COMBUSTAO,,D,diesel,11,JEEP,COMPASS,automoveis
2021,13,JEEP,COMPASS LIMITED TD,UTILITARIO ESPORTIVO,nome,COMBUSTAO,,D,diesel,11,JEEP,COMPASS,automoveis
2021,13,JEEP,COMPASS LONGITUDE,UTILITARIO ESPORTIVO,nome,COMBUSTAO,,D,diesel,11,JEEP,COMPASS,automoveis
2021,13,JEEP,COMPASS LONGITUDE TD,UTILITARIO ESPORTIVO,nome,COMBUSTAO,,D,diesel,11,JEEP,COMPASS,automoveis
2021,13,JEEP,COMPASS LONGITUDE TD,UTILITARIO ESPORTIVO,nome,COMBUSTAO,,D,diesel,11,JEEP,COMPASS,automoveis
2021,13,JEEP,COMPASS NIGHT EAGLE,UTILITARIO ESPORTIVO,nome,COMBUSTAO,,D,diesel,11,JEEP,COMPASS,automoveis
2021,13,KIA,SORENTO,UTILITARIO ESPORTIVO,nome,COMBUSTAO,,G,gasolina,9,KIA,SORENTO,automoveis
2021,13,KIA,SORENTO LX4 G17,UTILITARIO ESPORTIVO,nome,COMBUSTAO,,G,gasolina,9,KIA,SORENTO,automoveis
2021,13,KIA,SORENTO,UTILITARIO ESPORTIVO,nome,COMBUSTAO,,G,gasolina,9,KIA,SORENTO,automoveis
2021,13,KIA,SORENTO LX3 G15,UTILITARIO ESPORTIVO,nome,COMBUSTAO,,G,gasolina,9,KIA,SORENTO,automoveis
2021,13,KIA,SORENTO LX3 G17,UTILITARIO ESPORTIVO,nome,COMBUSTAO,,G,gasolina,9,KIA,SORENTO,automoveis
2021,13,MERCEDES-BENZ,GLC 220D 4M,UTILITARIO ESPORTIVO,nome,COMBUSTAO,,D,diesel,11,M.BENZ,GLC,automoveis
2021,13,MERCEDES-BENZ,GLC300 COUPE,UTILITARIO ESPORTIVO,nome,COMBUSTAO,,G,gasolina,9,M.BENZ,GLC,automoveis
2021,14,MITSUBISHI,ECLIPSE CROSS HPE-S S-AWC,UTILITARIO ESPORTIVO,nome,COMBUSTAO,,G,gasolina,9,MITSUBISHI,ECLIPSE CROSS,automoveis
2021,14,MITSUBISHI,OUTLANDER SPORT HPE AWD,UTILITARIO ESPORTIVO,nome,COMBUSTAO,,F,flex,10,MITSUBISHI,OUTLANDER,automoveis
2021,14,MITSUBISHI,ECLIPSE CROSS HPE-S S-AWC,UTILITARIO ESPORTIVO,nome,COMBUSTAO,,G,gasolina,9,MITSUBISHI,ECLIPSE CROSS,automoveis
2021,14,PORSCHE,CAYENNE V6,UTILITARIO ESPORTIVO,nome,COMBUSTAO,,G,gasolina,9,PORSCHE,CAYENNE,automoveis
2021,14,PORSCHE,CAYENNE V6 F,UTILITARIO ESPORTIVO,nome,COMBUSTAO,,G,gasolina,9,PORSCHE,CAYENNE,automoveis
2021,14,PORSCHE,CAYENNE S,UTILITARIO ESPORTIVO,nome,COMBUSTAO,,G,gasolina,9,PORSCHE,CAYENNE,automoveis
2021,14,PORSCHE,CAYENNE TURBO,UTILITARIO ESPORTIVO,nome,COMBUSTAO,,G,gasolina,9,PORSCHE,CAYENNE,automoveis
2021,14,PORSCHE,CAYENNE TCOUPE,UTILITARIO ESPORTIVO,nome,COMBUSTAO,,G,gasolina,9,PORSCHE,CAYENNE,automoveis
2021,14,PORSCHE,CAYENNE COUPE,UTILITARIO ESPORTIVO,nome,COMBUSTAO,,G,gasolina,9,PORSCHE,CAYENNE,automoveis
2021,14,PORSCHE,CAYENNE CP PHE,UTILITARIO ESPORTIVO,nome,PLUG-IN,,G,phev,6,PORSCHE,CAYENNE,automoveis
2021,14,PORSCHE,CAYENNE PHEV,UTILITARIO ESPORTIVO,nome,PLUG-IN,PHEV,G,phev,3,PORSCHE,CAYENNE,automoveis
2021,14,PORSCHE,CAYENNE (MY22) CP TSP,UTILITARIO ESPORTIVO,nome,PLUG-IN,,G,phev,6,PORSCHE,CAYENNE,automoveis
2021,14,PORSCHE,CAYENNE (MY22) TS PHE,UTILITARIO ESPORTIVO,nome,PLUG-IN,,G,phev,6,PORSCHE,CAYENNE,automoveis
2021,14,PORSCHE,MACAN --,UTILITARIO ESPORTIVO,nome,COMBUSTAO,,G,gasolina,9,PORSCHE,MACAN,automoveis
2021,14,PORSCHE,MACAN S,UTILITARIO ESPORTIVO,nome,COMBUSTAO,,G,gasolina,9,PORSCHE,MACAN,automoveis
2021,14,PORSCHE,MACAN GTS,UTILITARIO ESPORTIVO,nome,COMBUSTAO,,G,gasolina,9,PORSCHE,MACAN,automoveis
2021,14,PORSCHE,MACAN F,UTILITARIO ESPORTIVO,nome,COMBUSTAO,,G,gasolina,9,PORSCHE,MACAN,automoveis
2021,14,SUBARU,FORESTER S,UTILITARIO ESPORTIVO,nome,COMBUSTAO,,G,gasolina,9,SUBARU,FORESTER,automoveis
2021,14,SUBARU,XV S MHEV,UTILITARIO ESPORTIVO,nome,COMBUSTAO,MHEV,G,mhev,1,SUBARU,XV,automoveis
2021,14,VOLVO,XC60,UTILITARIO ESPORTIVO,nome,COMBUSTAO,,G,gasolina,9,VOLVO,XC60,automoveis
2021,14,VOLVO,XC60,UTILITARIO ESPORTIVO,nome,COMBUSTAO,,G,gasolina,9,VOLVO,XC60,automoveis
2021,14,VOLVO,XC60 D5 MOMENTUM,UTILITARIO ESPORTIVO,nome,COMBUSTAO,,D,diesel,11,VOLVO,XC60,automoveis
2021,14,VOLVO,XC60 D5 INSCRIPT,UTILITARIO ESPORTIVO,nome,COMBUSTAO,,D,diesel,11,VOLVO,XC60,automoveis
2021,14,VOLVO,XC60 D5 POLESTAR,UTILITARIO ESPORTIVO,nome,COMBUSTAO,,D,diesel,11,VOLVO,XC60,automoveis
2021,14,VOLVO,XC60 T8 INSCRIPT,UTILITARIO ESPORTIVO,nome,PLUG-IN,,G,phev,6,VOLVO,XC60,automoveis
2021,14,VOLVO,XC60 T8 MOMENTUM,UTILITARIO ESPORTIVO,nome,PLUG-IN,,G,phev,6,VOLVO,XC60,automoveis
2021,14,VOLVO,XC60 T8 POLESTAR,UTILITARIO ESPORTIVO,nome,PLUG-IN,,G,phev,6,VOLVO,XC60,automoveis
2021,14,VOLVO,XC60 T8 R-DESIGN,UTILITARIO ESPORTIVO,nome,PLUG-IN,,G,phev,6,VOLVO,XC60,automoveis
2021,14,VOLVO,XC90 T8 EXCELLEN,UTILITARIO ESPORTIVO,nome,PLUG-IN,,G,phev,6,VOLVO,XC90,automoveis
2021,14,VOLVO,XC90 T8 INSCRIPT,UTILITARIO ESPORTIVO,nome,PLUG-IN,,G,phev,6,VOLVO,XC90,automoveis
2021,14,VOLVO,XC90 T8 MOMENTUM,UTILITARIO ESPORTIVO,nome,PLUG-IN,,G,phev,6,VOLVO,XC90,automoveis
2021,14,VOLVO,XC90 T8 R-DESIGN,UTILITARIO ESPORTIVO,nome,PLUG-IN,,G,phev,6,VOLVO,XC90,automoveis
2021,14,VOLVO,XC90 T6 INSCRIPTION,UTILITARIO ESPORTIVO,nome,COMBUSTAO,,G,gasolina,9,VOLVO,XC90,automoveis
2021,14,VOLVO,XC90 T6 KINETIC,UTILITARIO ESPORTIVO,nome,COMBUSTAO,,G,gasolina,9,VOLVO,XC90,automoveis
2021,14,VOLVO,XC90 T6 MOMENTUM,UTILITARIO ESPORTIVO,nome,COMBUSTAO,,G,gasolina,9,VOLVO,XC90,automoveis
2021,14,VOLVO,XC90 T6 R-DESIGN,UTILITARIO ESPORTIVO,nome,COMBUSTAO,,G,gasolina,9,VOLVO,XC90,automoveis
2021,14,VOLVO,XC90 T6 1EDITION,UTILITARIO ESPORTIVO,nome,COMBUSTAO,,G,gasolina,9,VOLVO,XC90,automoveis
2021,14,CHEVROLET,TRAILBLAZER PREMIER DIESEL 4X4,GRANDE 4X4,nome,COMBUSTAO,,D,diesel,11,GM,TRAILBLAZER,automoveis
2021,14,CHEVROLET,TRAILBLAZER LT DIESEL 4X4,,nome,COMBUSTAO,,D,diesel,11,GM,TRAILBLAZER,automoveis
2021,14,FORD,BRONCO SPORT WILDTRAK,,nome,COMBUSTAO,,G,gasolina,9,FORD,BRONCO,automoveis
2021,14,JEEP,COMPASS TRAILHAWK,,nome,COMBUSTAO,,D,diesel,11,JEEP,COMPASS,automoveis
2021,14,JEEP,COMPASS TRAILHAWK AT9 4X4,,nome,COMBUSTAO,,D,diesel,11,JEEP,COMPASS,automoveis
2021,14,JEEP,RENEGADE LONGITUDE,,nome,COMBUSTAO,,D,diesel,11,JEEP,RENEGADE,automoveis
2021,14,JEEP,RENEGADE MOAB,,nome,COMBUSTAO,,D,diesel,11,JEEP,RENEGADE,automoveis
2021,14,JEEP,RENEGADE SPORT CUSTOM,,nome,COMBUSTAO,,D,diesel,11,JEEP,RENEGADE,automoveis
2021,14,JEEP,RENEGADE TRAILHAWK,,nome,COMBUSTAO,,D,diesel,11,JEEP,RENEGADE,automoveis
2021,14,JEEP,RENEGADE TRAILHAWK TF,,nome,COMBUSTAO,,F,flex,10,JEEP,RENEGADE,automoveis
2021,14,JEEP,WRANGLER RUBICON,,nome,COMBUSTAO,,G,gasolina,9,JEEP,WRANGLER,automoveis
2021,14,JEEP,WRANGLER SAHARA 2,,nome,COMBUSTAO,,G,gasolina,9,JEEP,WRANGLER,automoveis
2021,14,JEEP,WRANGLER SPORT,,nome,COMBUSTAO,,G,gasolina,9,JEEP,WRANGLER,automoveis
2021,15,JEEP,WRANGLER UNL 80 ANOS,,nome,COMBUSTAO,,G,gasolina,9,JEEP,WRANGLER,automoveis
2021,15,JEEP,WRANGLER UNLIMITED RUBICON,,nome,COMBUSTAO,,G,gasolina,9,JEEP,WRANGLER,automoveis
2021,15,JEEP,WRANGLER UNLIMITED SAHARA,,nome,COMBUSTAO,,G,gasolina,9,JEEP,WRANGLER,automoveis
2021,15,JEEP,WRANGLER UNLIMITED SPORT,,nome,COMBUSTAO,,G,gasolina,9,JEEP,WRANGLER,automoveis
2021,15,JEEP,COMMANDER OVERLAND TD380,,nome,COMBUSTAO,,D,diesel,11,JEEP,COMMANDER,automoveis
2021,15,JEEP,COMMANDER LIMITED TD380,,nome,COMBUSTAO,,D,diesel,11,JEEP,COMMANDER,automoveis
2021,15,LAND ROVER,DEFENDER 90 -,,nome,COMBUSTAO,,G,gasolina,9,LAND ROVER,DEFENDER,automoveis
2021,15,LAND ROVER,DEFENDER 90 S,,nome,COMBUSTAO,,G,gasolina,9,LAND ROVER,DEFENDER,automoveis
2021,15,LAND ROVER,DEFENDER 90 SE,,nome,COMBUSTAO,,G,gasolina,9,LAND ROVER,DEFENDER,automoveis
2021,15,LAND ROVER,DEFENDER 90 HSE,,nome,COMBUSTAO,,G,gasolina,9,LAND ROVER,DEFENDER,automoveis
2021,15,LAND ROVER,DEFENDER 90 7L,,nome,COMBUSTAO,,G,gasolina,9,LAND ROVER,DEFENDER,automoveis
2021,15,LAND ROVER,DEFENDER 90 S 7L,,nome,COMBUSTAO,,G,gasolina,9,LAND ROVER,DEFENDER,automoveis
2021,15,LAND ROVER,DEFENDER 90 SE 7L,,nome,COMBUSTAO,,G,gasolina,9,LAND ROVER,DEFENDER,automoveis
2021,15,LAND ROVER,DEFENDER 90 HSE 7L,,nome,COMBUSTAO,,G,gasolina,9,LAND ROVER,DEFENDER,automoveis
2021,15,LAND ROVER,DEFENDER 110 _,,nome,COMBUSTAO,,D,diesel,11,LAND ROVER,DEFENDER,automoveis
2021,15,LAND ROVER,DEFENDER 110 HSE,,nome,COMBUSTAO,,D,diesel,11,LAND ROVER,DEFENDER,automoveis
2021,15,LAND ROVER,DEFENDER 110 HSE XD,,nome,COMBUSTAO,,D,diesel,11,LAND ROVER,DEFENDER,automoveis
2021,15,LAND ROVER,DEFENDER 110 HSE XD 7L,,nome,COMBUSTAO,,D,diesel,11,LAND ROVER,DEFENDER,automoveis
2021,15,LAND ROVER,DEFENDER 110 HSE 7L,,nome,COMBUSTAO,,D,diesel,11,LAND ROVER,DEFENDER,automoveis
2021,15,LAND ROVER,DEFENDER 110 SE,,nome,COMBUSTAO,,D,diesel,11,LAND ROVER,DEFENDER,automoveis
2021,15,LAND ROVER,DEFENDER 110 SE XD,,nome,COMBUSTAO,,D,diesel,11,LAND ROVER,DEFENDER,automoveis
2021,15,LAND ROVER,DEFENDER 110 SE XD 7L,,nome,COMBUSTAO,,D,diesel,11,LAND ROVER,DEFENDER,automoveis
2021,15,LAND ROVER,DEFENDER 110 SE 7L,,nome,COMBUSTAO,,D,diesel,11,LAND ROVER,DEFENDER,automoveis
2021,15,LAND ROVER,DEFENDER 110 X,,nome,COMBUSTAO,,D,diesel,11,LAND ROVER,DEFENDER,automoveis
2021,15,LAND ROVER,DEFENDER 110 X 7L,,nome,COMBUSTAO,,D,diesel,11,LAND ROVER,DEFENDER,automoveis
2021,15,LAND ROVER,DEFENDER 110 7L,,nome,COMBUSTAO,,D,diesel,11,LAND ROVER,DEFENDER,automoveis
2021,15,LAND ROVER,DISCOVERY D300 HSE,,nome,COMBUSTAO,,D,diesel,11,LAND ROVER,DISCOVERY,automoveis
2021,15,LAND ROVER,DISCOVERY D300 HSERD,,nome,COMBUSTAO,,D,diesel,11,LAND ROVER,DISCOVERY,automoveis
2021,15,LAND ROVER,DISCOVERY D300 SE,,nome,COMBUSTAO,,D,diesel,11,LAND ROVER,DISCOVERY,automoveis
2021,15,LAND ROVER,DISCOVERY D300 SERD,,nome,COMBUSTAO,,D,diesel,11,LAND ROVER,DISCOVERY,automoveis
2021,15,LAND ROVER,DISCOVERY SPORT P250FF S,,nome,COMBUSTAO,,F,flex,10,LAND ROVER,DISCOVERY,automoveis
2021,15,LAND ROVER,DISCOVERY SPORT P250FF S 7L,,nome,COMBUSTAO,,F,flex,10,LAND ROVER,DISCOVERY,automoveis
2021,15,LAND ROVER,DISCOVERY SPORT P250FF SE,,nome,COMBUSTAO,,F,flex,10,LAND ROVER,DISCOVERY,automoveis
2021,15,LAND ROVER,DISCOVERY SPORT P250FF SE 7L,,nome,COMBUSTAO,,F,flex,10,LAND ROVER,DISCOVERY,automoveis
2021,15,LAND ROVER,DISCOVERY SPORT P250FF SE RD,,nome,COMBUSTAO,,F,flex,10,LAND ROVER,DISCOVERY,automoveis
2021,15,LAND ROVER,DISCOVERY SPORT P250FF SERD7,,nome,COMBUSTAO,,F,flex,10,LAND ROVER,DISCOVERY,automoveis
2021,15,LAND ROVER,EVOQUE P250FF FEDTN,,nome,COMBUSTAO,,F,flex,10,LAND ROVER,EVOQUE,automoveis
2021,15,LAND ROVER,EVOQUE P250FF S,,nome,COMBUSTAO,,F,flex,10,LAND ROVER,EVOQUE,automoveis
2021,15,LAND ROVER,EVOQUE P250FF S RDY,,nome,COMBUSTAO,,F,flex,10,LAND ROVER,EVOQUE,automoveis
2021,15,LAND ROVER,EVOQUE P250FF SE RD,,nome,COMBUSTAO,,F,flex,10,LAND ROVER,EVOQUE,automoveis
2021,15,LAND ROVER,EVOQUE P250FF HSERD,,nome,COMBUSTAO,,F,flex,10,LAND ROVER,EVOQUE,automoveis
2021,15,LAND ROVER,EVOQUE P250FF S (MY22),,nome,COMBUSTAO,,F,flex,10,LAND ROVER,EVOQUE,automoveis
2021,15,LAND ROVER,EVOQUE P250FF SE,,nome,COMBUSTAO,,F,flex,10,LAND ROVER,EVOQUE,automoveis
2021,15,LAND ROVER,RANGE ROVER SDV8 AB,,nome,COMBUSTAO,,D,diesel,11,LAND ROVER,RANGE ROVER,automoveis
2021,15,LAND ROVER,RANGE ROVER SDV8 AB LWB,,nome,COMBUSTAO,,D,diesel,11,LAND ROVER,RANGE ROVER,automoveis
2021,15,LAND ROVER,RANGE ROVER SDV8 VOGUE,,nome,COMBUSTAO,,D,diesel,11,LAND ROVER,RANGE ROVER,automoveis
2021,15,LAND ROVER,RANGE ROVER SDV8 VOGUESE,,nome,COMBUSTAO,,D,diesel,11,LAND ROVER,RANGE ROVER,automoveis
2021,15,LAND ROVER,RANGE ROVER TDV6 HSE,,nome,COMBUSTAO,,D,diesel,11,LAND ROVER,RANGE ROVER,automoveis
2021,15,LAND ROVER,RANGE ROVER TDV6 VOGUE,,nome,COMBUSTAO,,D,diesel,11,LAND ROVER,RANGE ROVER,automoveis
2021,15,LAND ROVER,RANGE ROVER V8SC SWB 525,,nome,COMBUSTAO,,G,gasolina,9,LAND ROVER,RANGE ROVER,automoveis
2021,15,LAND ROVER,RANGE ROVER V8SC SWB 565,,nome,COMBUSTAO,,G,gasolina,9,LAND ROVER,RANGE ROVER,automoveis
2021,15,LAND ROVER,RANGE ROVER V8SC LWB565,,nome,COMBUSTAO,,G,gasolina,9,LAND ROVER,RANGE ROVER,automoveis
2021,15,LAND ROVER,RANGE ROVER VGSE PHEV,,nome,HIBRIDO,PHEV,G,phev,3,LAND ROVER,RANGE ROVER,automoveis
2021,15,LAND ROVER,RANGE ROVER AB PHEV,,nome,HIBRIDO,PHEV,G,phev,3,LAND ROVER,RANGE ROVER,automoveis
2021,15,LAND ROVER,RANGE ROVER SPORT P575 SVR,,nome,COMBUSTAO,,G,gasolina,9,LAND ROVER,RANGE ROVER,automoveis
2021,15,LAND ROVER,RANGE ROVER SPORT P525 HSE DYN,,nome,COMBUSTAO,,G,gasolina,9,LAND ROVER,RANGE ROVER,automoveis
2021,15,LAND ROVER,RANGE ROVER SPORT PHEV404 HSE,,nome,HIBRIDO,PHEV,G,phev,3,LAND ROVER,RANGE ROVER,automoveis
2021,15,LAND ROVER,RANGE ROVER SPORT PHEV404 HSED,,nome,HIBRIDO,PHEV,G,phev,3,LAND ROVER,RANGE ROVER,automoveis
2021,15,LAND ROVER,RANGE ROVER SPORT,,nome,COMBUSTAO,,D,diesel,11,LAND ROVER,RANGE ROVER,automoveis
2021,15,LAND ROVER,RANGE ROVER SPORT,,nome,COMBUSTAO,,D,diesel,11,LAND ROVER,RANGE ROVER,automoveis
2021,15,LAND ROVER,RANGE ROVER SPORT,,nome,COMBUSTAO,,D,diesel,11,LAND ROVER,RANGE ROVER,automoveis
2021,15,LAND ROVER,DISCOVERY SPORT D200 S,,nome,HIBRIDO,,D,hev,4,LAND ROVER,DISCOVERY,automoveis
2021,15,LAND ROVER,DISCOVERY SPORT D200 S 7L,,nome,HIBRIDO,,D,hev,4,LAND ROVER,DISCOVERY,automoveis
2021,15,LAND ROVER,DISCOVERY SPORT D200 SE,,nome,HIBRIDO,,D,hev,4,LAND ROVER,DISCOVERY,automoveis
2021,15,LAND ROVER,DISCOVERY SPORT D200 SE RD,,nome,HIBRIDO,,D,hev,4,LAND ROVER,DISCOVERY,automoveis
2021,15,LAND ROVER,DISCOVERY SPORT D200 SE RD7L,,nome,HIBRIDO,,D,hev,4,LAND ROVER,DISCOVERY,automoveis
2021,15,LAND ROVER,DISCOVERY SPORT D200 SE 7L,,nome,HIBRIDO,,D,hev,4,LAND ROVER,DISCOVERY,automoveis
2021,16,LAND ROVER,VELAR P340,,nome,COMBUSTAO,,G,gasolina,9,LAND ROVER,VELAR,automoveis
2021,16,LAND ROVER,VELAR P340 HSE RDYN,,nome,COMBUSTAO,,G,gasolina,9,LAND ROVER,VELAR,automoveis
2021,16,LAND ROVER,VELAR P340 SE,,nome,COMBUSTAO,,G,gasolina,9,LAND ROVER,VELAR,automoveis
2021,16,LAND ROVER,VELAR P340 SE RDYN,,nome,COMBUSTAO,,G,gasolina,9,LAND ROVER,VELAR,automoveis
2021,16,LAND ROVER,DISCOVERY SPORT P250FF S,,nome,COMBUSTAO,,F,flex,10,LAND ROVER,DISCOVERY,automoveis
2021,16,LAND ROVER,DISCOVERY SPORT P250FF S 7L,,nome,COMBUSTAO,,F,flex,10,LAND ROVER,DISCOVERY,automoveis
2021,16,LAND ROVER,DISCOVERY SPORT P250FF SE,,nome,COMBUSTAO,,F,flex,10,LAND ROVER,DISCOVERY,automoveis
2021,16,LAND ROVER,DISCOVERY SPORT P250FF SE 7L,,nome,COMBUSTAO,,F,flex,10,LAND ROVER,DISCOVERY,automoveis
2021,16,LAND ROVER,DISCOVERY SPORT P250FF SE RD,,nome,COMBUSTAO,,F,flex,10,LAND ROVER,DISCOVERY,automoveis
2021,16,LAND ROVER,DISCOVERY SPORT P250FF SERD7,,nome,COMBUSTAO,,F,flex,10,LAND ROVER,DISCOVERY,automoveis
2021,16,LAND ROVER,EVOQUE P250FF HSERD,,nome,COMBUSTAO,,F,flex,10,LAND ROVER,EVOQUE,automoveis
2021,16,LAND ROVER,EVOQUE P250FF S,,nome,COMBUSTAO,,F,flex,10,LAND ROVER,EVOQUE,automoveis
2021,16,LAND ROVER,EVOQUE P250FF SE,,nome,COMBUSTAO,,F,flex,10,LAND ROVER,EVOQUE,automoveis
2021,16,MITSUBISHI,PAJERO HPE,,nome,COMBUSTAO,,G,gasolina,9,MITSUBISHI,PAJERO,automoveis
2021,16,MITSUBISHI,PAJERO HPE 3P,,nome,COMBUSTAO,,D,diesel,11,MITSUBISHI,PAJERO,automoveis
2021,16,MITSUBISHI,PAJERO HPE 5P,,nome,COMBUSTAO,,D,diesel,11,MITSUBISHI,PAJERO,automoveis
2021,16,MITSUBISHI,OUTLANDER V6 HPE-S,,nome,COMBUSTAO,,G,gasolina,9,MITSUBISHI,OUTLANDER,automoveis
2021,16,MITSUBISHI,OUTLANDER DIESEL HPE-S,,nome,COMBUSTAO,,D,diesel,11,MITSUBISHI,OUTLANDER,automoveis
2021,16,MITSUBISHI,PAJERO SPORT HPE,,nome,COMBUSTAO,,D,diesel,11,MITSUBISHI,PAJERO,automoveis
2021,16,MITSUBISHI,PAJERO SPORT HPE-S,,nome,COMBUSTAO,,D,diesel,11,MITSUBISHI,PAJERO,automoveis
2021,16,MITSUBISHI,PAJERO HPE,,nome,COMBUSTAO,,G,gasolina,9,MITSUBISHI,PAJERO,automoveis
2021,16,MITSUBISHI,PAJERO HPE,,nome,COMBUSTAO,,G,gasolina,9,MITSUBISHI,PAJERO,automoveis
2021,16,MITSUBISHI,PAJERO HPE 3P,,nome,COMBUSTAO,,D,diesel,11,MITSUBISHI,PAJERO,automoveis
2021,16,MITSUBISHI,PAJERO HPE 5P,,nome,COMBUSTAO,,D,diesel,11,MITSUBISHI,PAJERO,automoveis
2021,16,SUZUKI,JIMNY 4X4 4ALL,,nome,COMBUSTAO,,G,gasolina,9,SUZUKI,JIMNY,automoveis
2021,16,SUZUKI,JIMNY 4X4 4SPORT,,nome,COMBUSTAO,,G,gasolina,9,SUZUKI,JIMNY,automoveis
2021,16,SUZUKI,JIMNY 4X4 4WORK,,nome,COMBUSTAO,,G,gasolina,9,SUZUKI,JIMNY,automoveis
2021,16,SUZUKI,JIMNY 4X4 4SPORT FOREST,,nome,COMBUSTAO,,G,gasolina,9,SUZUKI,JIMNY,automoveis
2021,16,SUZUKI,JIMNY SIERRA 4YOU ALLGRIP,,nome,COMBUSTAO,,G,gasolina,9,SUZUKI,JIMNY SIERRA,automoveis
2021,16,SUZUKI,JIMNY SIERRA 4STYLE ALLGRIP,,nome,COMBUSTAO,,G,gasolina,9,SUZUKI,JIMNY SIERRA,automoveis
2021,16,SUZUKI,JIMNY SIERRA 4YOU ALLGRIP,,nome,COMBUSTAO,,G,gasolina,9,SUZUKI,JIMNY SIERRA,automoveis
2021,16,SUZUKI,JIMNY SIERRA 4ALL ALLGRIP,,nome,COMBUSTAO,,G,gasolina,9,SUZUKI,JIMNY SIERRA,automoveis
2021,16,TOYOTA,SW4 DIESEL 4X4 SRV,,nome,COMBUSTAO,,D,diesel,11,TOYOTA,HILUX SW4,automoveis
2021,16,TOYOTA,SW4 DIESEL 4X4 SRV,,nome,COMBUSTAO,,D,diesel,11,TOYOTA,HILUX SW4,comerciais_leves
2021,16,TOYOTA,SW4 DIESEL 4X4 SRX (SEM DPF),,nome,COMBUSTAO,,D,diesel,11,TOYOTA,HILUX SW4,automoveis
2021,16,TOYOTA,SW4 DIESEL 4X4 SRX (SEM DPF),,nome,COMBUSTAO,,D,diesel,11,TOYOTA,HILUX SW4,comerciais_leves
2021,16,TOYOTA,SW4 DIESEL 4X4 SR,,nome,COMBUSTAO,,D,diesel,11,TOYOTA,HILUX SW4,automoveis
2021,16,TOYOTA,SW4 DIESEL 4X4 SR,,nome,COMBUSTAO,,D,diesel,11,TOYOTA,HILUX SW4,comerciais_leves
2021,16,TOYOTA,SW4 DIESEL 4X4 DIAMOND (SEM DPF),,nome,COMBUSTAO,,D,diesel,11,TOYOTA,HILUX SW4,automoveis
2021,16,TOYOTA,SW4 DIESEL 4X4 DIAMOND (SEM DPF),,nome,COMBUSTAO,,D,diesel,11,TOYOTA,HILUX SW4,comerciais_leves
2021,16,TOYOTA,SW4 DIESEL 4X4 SRX,,nome,COMBUSTAO,,D,diesel,11,TOYOTA,HILUX SW4,automoveis
2021,16,TOYOTA,SW4 DIESEL 4X4 SRX,,nome,COMBUSTAO,,D,diesel,11,TOYOTA,HILUX SW4,comerciais_leves
2021,16,TOYOTA,SW4 DIESEL 4X4 DIAMOND,,nome,COMBUSTAO,,D,diesel,11,TOYOTA,HILUX SW4,automoveis
2021,16,TOYOTA,SW4 DIESEL 4X4 DIAMOND,,nome,COMBUSTAO,,D,diesel,11,TOYOTA,HILUX SW4,comerciais_leves
2021,16,TOYOTA,SW4 DIESEL 4X4 GRS,,nome,COMBUSTAO,,D,diesel,11,TOYOTA,HILUX SW4,automoveis
2021,16,TOYOTA,SW4 DIESEL 4X4 GRS,,nome,COMBUSTAO,,D,diesel,11,TOYOTA,HILUX SW4,comerciais_leves
2021,16,TOYOTA,SW4 DIESEL 4X4 SRX (SEM DPF),,nome,COMBUSTAO,,D,diesel,11,TOYOTA,HILUX SW4,automoveis
2021,16,TOYOTA,SW4 DIESEL 4X4 SRX (SEM DPF),,nome,COMBUSTAO,,D,diesel,11,TOYOTA,HILUX SW4,comerciais_leves
2021,16,TOYOTA,SW4 DIESEL 4X4 SRX,,nome,COMBUSTAO,,D,diesel,11,TOYOTA,HILUX SW4,automoveis
2021,16,TOYOTA,SW4 DIESEL 4X4 SRX,,nome,COMBUSTAO,,D,diesel,11,TOYOTA,HILUX SW4,comerciais_leves
2021,16,TOYOTA,SW4 DIESEL 4X4 DIAMOND,,nome,COMBUSTAO,,D,diesel,11,TOYOTA,HILUX SW4,automoveis
2021,16,TOYOTA,SW4 DIESEL 4X4 DIAMOND,,nome,COMBUSTAO,,D,diesel,11,TOYOTA,HILUX SW4,comerciais_leves
2021,16,TOYOTA,SW4 DIESEL 4X4 GRS,,nome,COMBUSTAO,,D,diesel,11,TOYOTA,HILUX SW4,automoveis
2021,16,TOYOTA,SW4 DIESEL 4X4 GRS,,nome,COMBUSTAO,,D,diesel,11,TOYOTA,HILUX SW4,comerciais_leves
2021,16,TROLLER,T4 XLT,,nome,COMBUSTAO,,D,diesel,11,TROLLER,T4,automoveis
2021,16,TROLLER,T4 XLT,,nome,COMBUSTAO,,D,diesel,11,TROLLER,T4,automoveis
2021,16,TROLLER,T4 TX4,,nome,COMBUSTAO,,D,diesel,11,TROLLER,T4,automoveis
2021,16,TROLLER,T4 TX4,,nome,COMBUSTAO,,D,diesel,11,TROLLER,T4,automoveis
2021,16,CHEVROLET,SPIN,,nome,COMBUSTAO,,F,flex,10,GM,SPIN,automoveis
2021,16,CHEVROLET,SPIN,,nome,COMBUSTAO,,F,flex,10,GM,SPIN,automoveis
2021,16,CHEVROLET,SPIN AT ACT7 (7L),,nome,COMBUSTAO,,F,flex,10,GM,SPIN,automoveis
2021,16,FIAT,DOBLO ESSENCE 7L E,,nome,COMBUSTAO,,F,flex,10,FIAT,DOBLO,automoveis
2021,16,FIAT,DOBLO ESSENCE 7L E,,nome,COMBUSTAO,,F,flex,10,FIAT,DOBLO,comerciais_leves
2021,16,KIA,CARNIVAL EX,,nome,COMBUSTAO,,G,gasolina,9,KIA,CARNIVAL,automoveis
2021,16,KIA,CARNIVAL LX,,nome,COMBUSTAO,,G,gasolina,9,KIA,CARNIVAL,automoveis
2021,16,KIA,CARNIVAL,,nome,COMBUSTAO,,G,gasolina,9,KIA,CARNIVAL,automoveis
2021,16,KIA,CARNIVAL,,nome,COMBUSTAO,,G,gasolina,9,KIA,CARNIVAL,automoveis
2021,16,KIA,CARNIVAL,,nome,COMBUSTAO,,G,gasolina,9,KIA,CARNIVAL,automoveis
2021,16,CITROEN,JUMPY FURGAO PACK,,nome,COMBUSTAO,,D,diesel,11,CITROEN,JUMPY,comerciais_leves
2021,16,CITROEN,JUMPY MINIBUS,,nome,COMBUSTAO,,D,diesel,11,CITROEN,JUMPY,comerciais_leves
2021,16,CITROEN,JUMPER FG L2H2,,nome,COMBUSTAO,,D,diesel,11,CITROEN,JUMPER,comerciais_leves
2021,16,CITROEN,JUMPER FG L3H2,,nome,COMBUSTAO,,D,diesel,11,CITROEN,JUMPER,comerciais_leves
2021,16,CITROEN,JUMPER FG L3H2,,nome,COMBUSTAO,,D,diesel,11,CITROEN,JUMPER,comerciais_leves
2021,16,CITROEN,JUMPER MINIBUS,,nome,COMBUSTAO,,D,diesel,11,CITROEN,JUMPER,comerciais_leves
2021,16,FIAT,DOBLO CARGO,,nome,COMBUSTAO,,F,flex,10,FIAT,DOBLO,automoveis
2021,16,FIAT,DOBLO CARGO,,nome,COMBUSTAO,,F,flex,10,FIAT,DOBLO,comerciais_leves
2021,16,FIAT,DUCATO CARGO 10,,nome,COMBUSTAO,,D,diesel,11,FIAT,DUCATO,comerciais_leves
2021,16,FIAT,DUCATO CARGO 8,,nome,COMBUSTAO,,D,diesel,11,FIAT,DUCATO,comerciais_leves
2021,16,FIAT,DUCATO CHASSI L,,nome,COMBUSTAO,,D,diesel,11,FIAT,DUCATO,comerciais_leves
2021,16,FIAT,DUCATO MAXICARGO,,nome,COMBUSTAO,,D,diesel,11,FIAT,DUCATO,comerciais_leves
2021,16,FIAT,DUCATO MAXIMULTI,,nome,COMBUSTAO,,D,diesel,11,FIAT,DUCATO,comerciais_leves
2021,17,FIAT,DUCATO MULTI,,nome,COMBUSTAO,,D,diesel,11,FIAT,DUCATO,comerciais_leves
2021,17,FIAT,FIORINO ENDURANCE,,nome,COMBUSTAO,,F,flex,10,FIAT,FIORINO,comerciais_leves
2021,17,FIAT,FIORINO WORKING,,nome,COMBUSTAO,,F,flex,10,FIAT,FIORINO,comerciais_leves
2021,17,FIAT,FIORINO ENDURANCE MY22,,nome,COMBUSTAO,,F,flex,10,FIAT,FIORINO,comerciais_leves
2021,17,FIAT,FIORINO WORKING MY22,,nome,COMBUSTAO,,F,flex,10,FIAT,FIORINO,comerciais_leves
2021,17,HYUNDAI,HR HDB,,nome,COMBUSTAO,,D,diesel,11,HYUNDAI,HR,comerciais_leves
2021,17,KIA,BONGO K2500 HD SC,,nome,COMBUSTAO,,D,diesel,11,KIA,BONGO,comerciais_leves
2021,17,MERCEDES-BENZ,SPRINTER STREET 314,,nome,COMBUSTAO,,D,diesel,11,M.BENZ,SPRINTER,comerciais_leves
2021,17,PEUGEOT,PARTNER,,nome,COMBUSTAO,,F,flex,10,PEUGEOT,PARTNER,comerciais_leves
2021,17,PEUGEOT,EXPERT BUSIN,,nome,COMBUSTAO,,D,diesel,11,PEUGEOT,EXPERT,comerciais_leves
2021,17,PEUGEOT,EXPERT BUSINPK,,nome,COMBUSTAO,,D,diesel,11,PEUGEOT,EXPERT,comerciais_leves
2021,17,PEUGEOT,EXPERT MINIBUS,,nome,COMBUSTAO,,D,diesel,11,PEUGEOT,EXPERT,comerciais_leves
2021,17,PEUGEOT,BOXER BUSIN L2,,nome,COMBUSTAO,,D,diesel,11,PEUGEOT,BOXER,comerciais_leves
2021,17,PEUGEOT,BOXER BUSIN L3,,nome,COMBUSTAO,,D,diesel,11,PEUGEOT,BOXER,comerciais_leves
2021,17,PEUGEOT,BOXER MINIBUS,,nome,COMBUSTAO,,D,diesel,11,PEUGEOT,BOXER,comerciais_leves
2021,17,RENAULT,KANGOO MAX ZEP,,nome,ELETRICO,,E,bev,8,RENAULT,KANGOO,automoveis
2021,17,RENAULT,KANGOO MAX ZEP,,nome,ELETRICO,,E,bev,8,RENAULT,KANGOO,comerciais_leves
2021,17,RENAULT,MASTER BUS MINIBUS,,nome,COMBUSTAO,,D,diesel,11,RENAULT,MASTER,comerciais_leves
2021,17,RENAULT,MASTER BUS TRABUS,,nome,COMBUSTAO,,D,diesel,11,RENAULT,MASTER,comerciais_leves
2021,17,RENAULT,MASTER FURGAO,,nome,COMBUSTAO,,D,diesel,11,RENAULT,MASTER,comerciais_leves
2021,17,RENAULT,MASTER CHASSIS CABINE,,nome,COMBUSTAO,,D,diesel,11,RENAULT,MASTER,comerciais_leves
2021,17,CHEVROLET,MONTANA LS2,,nome,COMBUSTAO,,F,flex,10,GM,MONTANA,comerciais_leves
2021,17,FIAT,STRADA FREEDOM CD (MY 21),,nome,COMBUSTAO,,F,flex,10,FIAT,STRADA,comerciais_leves
2021,17,FIAT,STRADA FREEDOM CD (MY 22),,nome,COMBUSTAO,,F,flex,10,FIAT,STRADA,comerciais_leves
2021,17,FIAT,STRADA FREEDOM CS,,nome,COMBUSTAO,,F,flex,10,FIAT,STRADA,comerciais_leves
2021,17,FIAT,STRADA VOLCANO CD,,nome,COMBUSTAO,,F,flex,10,FIAT,STRADA,comerciais_leves
2021,17,FIAT,STRADA ENDURANCE CD,,nome,COMBUSTAO,,F,flex,10,FIAT,STRADA,comerciais_leves
2021,17,FIAT,STRADA ENDURANCE CS (MY 22),,nome,COMBUSTAO,,F,flex,10,FIAT,STRADA,comerciais_leves
2021,17,FIAT,STRADA ENDURANCE CS (MY 21),,nome,COMBUSTAO,,F,flex,10,FIAT,STRADA,comerciais_leves
2021,17,FIAT,STRADA WORKING CS,,nome,COMBUSTAO,,F,flex,10,FIAT,STRADA,comerciais_leves
2021,17,FIAT,STRADA RANCH AT,,nome,COMBUSTAO,,F,flex,10,FIAT,STRADA,comerciais_leves
2021,17,FIAT,STRADA VOLCANO AT,,nome,COMBUSTAO,,F,flex,10,FIAT,STRADA,comerciais_leves
2021,17,RENAULT,OROCH DYNAMIQUE,,nome,COMBUSTAO,,F,flex,10,RENAULT,OROCH,comerciais_leves
2021,17,RENAULT,OROCH DYNAMIQUE,,nome,COMBUSTAO,,F,flex,10,RENAULT,OROCH,comerciais_leves
2021,17,RENAULT,OROCH EXPRESS,,nome,COMBUSTAO,,F,flex,10,RENAULT,OROCH,comerciais_leves
2021,17,RENAULT,OROCH DYNAMIQUE,,nome,COMBUSTAO,,F,flex,10,RENAULT,OROCH,comerciais_leves
2021,17,RENAULT,OROCH EXPRESSION,,nome,COMBUSTAO,,F,flex,10,RENAULT,OROCH,comerciais_leves
2021,17,VW,SAVEIRO CROSS CD,,nome,COMBUSTAO,,F,flex,10,VW,SAVEIRO,comerciais_leves
2021,17,VW,SAVEIRO ROBUST CD,,nome,COMBUSTAO,,F,flex,10,VW,SAVEIRO,comerciais_leves
2021,17,VW,SAVEIRO ROBUST CS,,nome,COMBUSTAO,,F,flex,10,VW,SAVEIRO,comerciais_leves
2021,17,VW,SAVEIRO TRENDLINE CS,,nome,COMBUSTAO,,F,flex,10,VW,SAVEIRO,comerciais_leves
2021,17,CHEVROLET,S10 ADV FLEX CABINE DUPLA 4X2,,nome,COMBUSTAO,,F,flex,10,GM,S10,comerciais_leves
2021,17,CHEVROLET,S10 LT FLEX CABINE DUPLA 4X2,,nome,COMBUSTAO,,F,flex,10,GM,S10,comerciais_leves
2021,17,CHEVROLET,S10 LTZ FLEX CABINE DUPLA 4X2,,nome,COMBUSTAO,,F,flex,10,GM,S10,comerciais_leves
2021,17,CHEVROLET,S10 LTZ FLEX CABINE DUPLA 4X4,,nome,COMBUSTAO,,F,flex,10,GM,S10,comerciais_leves
2021,17,CHEVROLET,S10 LS DIESEL CABINE CHASSIS 4X4,,nome,COMBUSTAO,,D,diesel,11,GM,S10,comerciais_leves
2021,17,CHEVROLET,S10 LS DIESEL CABINE SIMPLES 4X4,,nome,COMBUSTAO,,D,diesel,11,GM,S10,comerciais_leves
2021,17,CHEVROLET,S10 LS CABINE DUPLA DIESEL 4X4,,nome,COMBUSTAO,,D,diesel,11,GM,S10,comerciais_leves
2021,17,CHEVROLET,S10 LT CABINE DUPLA DIESEL 4X4,,nome,COMBUSTAO,,D,diesel,11,GM,S10,comerciais_leves
2021,17,CHEVROLET,S10,HIGH COUNTRY CABINE DUPLA DIESEL,nome,COMBUSTAO,,D,diesel,11,GM,S10,comerciais_leves
2021,17,CHEVROLET,S10 LT CABINE DUPLA DIESEL 4X4,4X4,nome,COMBUSTAO,,D,diesel,11,GM,S10,comerciais_leves
2021,17,CHEVROLET,S10 LTZ CABINE DUPLA DIESEL 4X4,,nome,COMBUSTAO,,D,diesel,11,GM,S10,comerciais_leves
2021,17,FIAT,TORO ENDURANCE TURBO,,nome,COMBUSTAO,,F,flex,10,FIAT,TORO,comerciais_leves
2021,17,FIAT,TORO ENDURANCE TURBO,,nome,COMBUSTAO,,F,flex,10,FIAT,TORO,comerciais_leves
2021,17,FIAT,TORO FREEDOM TURBO,,nome,COMBUSTAO,,F,flex,10,FIAT,TORO,comerciais_leves
2021,17,FIAT,TORO FREEDOM TURBO,,nome,COMBUSTAO,,F,flex,10,FIAT,TORO,comerciais_leves
2021,17,FIAT,TORO VOLCANO TURBO,,nome,COMBUSTAO,,F,flex,10,FIAT,TORO,comerciais_leves
2021,17,FIAT,TORO VOLCANO TURBO,,nome,COMBUSTAO,,F,flex,10,FIAT,TORO,comerciais_leves
2021,17,FIAT,TORO ENDURANCE,,nome,COMBUSTAO,,F,flex,10,FIAT,TORO,comerciais_leves
2021,17,FIAT,TORO ENDURANCE AT6,,nome,COMBUSTAO,,F,flex,10,FIAT,TORO,comerciais_leves
2021,17,FIAT,TORO FREEDOM,,nome,COMBUSTAO,,F,flex,10,FIAT,TORO,comerciais_leves
2021,17,FIAT,TORO ENDURANCE AT9 4X4,,nome,COMBUSTAO,,D,diesel,11,FIAT,TORO,comerciais_leves
2021,17,FIAT,TORO ENDURANCE D4,,nome,COMBUSTAO,,D,diesel,11,FIAT,TORO,comerciais_leves
2021,17,FIAT,TORO FREEDOM AT9 4X4,,nome,COMBUSTAO,,D,diesel,11,FIAT,TORO,comerciais_leves
2021,17,FIAT,TORO FREEDOM D4,,nome,COMBUSTAO,,D,diesel,11,FIAT,TORO,comerciais_leves
2021,17,FIAT,TORO RANCH AT9 4X4,,nome,COMBUSTAO,,D,diesel,11,FIAT,TORO,comerciais_leves
2021,17,FIAT,TORO RANCH D4,,nome,COMBUSTAO,,D,diesel,11,FIAT,TORO,comerciais_leves
2021,17,FIAT,TORO ULTRA 4X4,,nome,COMBUSTAO,,D,diesel,11,FIAT,TORO,comerciais_leves
2021,18,FIAT,TORO ULTRA D4,,nome,COMBUSTAO,,D,diesel,11,FIAT,TORO,comerciais_leves
2021,18,FIAT,TORO ULTRA D4,,nome,COMBUSTAO,,D,diesel,11,FIAT,TORO,comerciais_leves
2021,18,FIAT,TORO VOLCANO AT9 4X4,,nome,COMBUSTAO,,D,diesel,11,FIAT,TORO,comerciais_leves
2021,18,FIAT,TORO VOLCANO D4,,nome,COMBUSTAO,,D,diesel,11,FIAT,TORO,comerciais_leves
2021,18,FIAT,TORO VOLCANO,,nome,COMBUSTAO,,F,flex,10,FIAT,TORO,comerciais_leves
2021,18,FORD,RANGER 4X4 XL,,nome,COMBUSTAO,,D,diesel,11,FORD,RANGER,comerciais_leves
2021,18,FORD,RANGER 4X4 XLS,,nome,COMBUSTAO,,D,diesel,11,FORD,RANGER,comerciais_leves
2021,18,FORD,RANGER 4X2 C. DUPLA XLS,,nome,COMBUSTAO,,D,diesel,11,FORD,RANGER,comerciais_leves
2021,18,FORD,RANGER 4X4 C. DUPLA XLS,,nome,COMBUSTAO,,D,diesel,11,FORD,RANGER,comerciais_leves
2021,18,FORD,RANGER 4X4 C. DUPLA LIMITED,,nome,COMBUSTAO,,D,diesel,11,FORD,RANGER,comerciais_leves
2021,18,FORD,RANGER 4X4 C. DUPLA XLT,,nome,COMBUSTAO,,D,diesel,11,FORD,RANGER,comerciais_leves
2021,18,FORD,RANGER 4X4 C. DUPLA STORM,,nome,COMBUSTAO,,D,diesel,11,FORD,RANGER,comerciais_leves
2021,18,JAC,V260 -,,nome,COMBUSTAO,,D,diesel,11,JAC,V260,comerciais_leves
2021,18,JAC,IEV 330P -,,nome,ELETRICO,,E,bev,8,JAC,IEV 330P,comerciais_leves
2021,18,MITSUBISHI,L200 TRITON GLS,,nome,COMBUSTAO,,D,diesel,11,MITSUBISHI,L200,comerciais_leves
2021,18,MITSUBISHI,L200 TRITON GLX,,nome,COMBUSTAO,,D,diesel,11,MITSUBISHI,L200,comerciais_leves
2021,18,MITSUBISHI,L200 TRITON GL,,nome,COMBUSTAO,,D,diesel,11,MITSUBISHI,L200,comerciais_leves
2021,18,MITSUBISHI,L200 TRITON SAVANA,,nome,COMBUSTAO,,D,diesel,11,MITSUBISHI,L200,comerciais_leves
2021,18,MITSUBISHI,L200 TRITON OUTDOOR GLX,,nome,COMBUSTAO,,D,diesel,11,MITSUBISHI,L200,comerciais_leves
2021,18,MITSUBISHI,L200 TRITON SPORT GLS,,nome,COMBUSTAO,,D,diesel,11,MITSUBISHI,L200,comerciais_leves
2021,18,MITSUBISHI,L200 TRITON SPORT GLX,,nome,COMBUSTAO,,D,diesel,11,MITSUBISHI,L200,comerciais_leves
2021,18,MITSUBISHI,L200 TRITON OUTDOOR GLS,,nome,COMBUSTAO,,D,diesel,11,MITSUBISHI,L200,comerciais_leves
2021,18,MITSUBISHI,L200 TRITON OUTDOOR HPE,,nome,COMBUSTAO,,D,diesel,11,MITSUBISHI,L200,comerciais_leves
2021,18,MITSUBISHI,L200 TRITON OUTDOOR HPE-S,,nome,COMBUSTAO,,D,diesel,11,MITSUBISHI,L200,comerciais_leves
2021,18,MITSUBISHI,L200 TRITON OUTDOOR GLX,,nome,COMBUSTAO,,D,diesel,11,MITSUBISHI,L200,comerciais_leves
2021,18,MITSUBISHI,L200 TRITON OUTDOOR GLX,,nome,COMBUSTAO,,D,diesel,11,MITSUBISHI,L200,comerciais_leves
2021,18,MITSUBISHI,L200 TRITON OUTDOOR GLX,,nome,COMBUSTAO,,D,diesel,11,MITSUBISHI,L200,comerciais_leves
2021,18,MITSUBISHI,L200 TRITON SPORT GLS,,nome,COMBUSTAO,,D,diesel,11,MITSUBISHI,L200,comerciais_leves
2021,18,MITSUBISHI,L200 TRITON SPORT GLX,,nome,COMBUSTAO,,D,diesel,11,MITSUBISHI,L200,comerciais_leves
2021,18,MITSUBISHI,L200 TRITON SPORT GL,,nome,COMBUSTAO,,D,diesel,11,MITSUBISHI,L200,comerciais_leves
2021,18,MITSUBISHI,L200 TRITON SPORT GLS,,nome,COMBUSTAO,,D,diesel,11,MITSUBISHI,L200,comerciais_leves
2021,18,MITSUBISHI,L200 TRITON SPORT HPE,,nome,COMBUSTAO,,D,diesel,11,MITSUBISHI,L200,comerciais_leves
2021,18,MITSUBISHI,L200 TRITON SPORT HPE-S,,nome,COMBUSTAO,,D,diesel,11,MITSUBISHI,L200,comerciais_leves
2021,18,NISSAN,FRONTIER LE,,nome,COMBUSTAO,,D,diesel,11,NISSAN,FRONTIER,comerciais_leves
2021,18,NISSAN,FRONTIER SE,,nome,COMBUSTAO,,D,diesel,11,NISSAN,FRONTIER,comerciais_leves
2021,18,NISSAN,FRONTIER ATK,,nome,COMBUSTAO,,D,diesel,11,NISSAN,FRONTIER,comerciais_leves
2021,18,NISSAN,FRONTIER XE,,nome,COMBUSTAO,,D,diesel,11,NISSAN,FRONTIER,comerciais_leves
2021,18,NISSAN,FRONTIER S,,nome,COMBUSTAO,,D,diesel,11,NISSAN,FRONTIER,comerciais_leves
2021,18,NISSAN,FRONTIER SE,,nome,COMBUSTAO,,D,diesel,11,NISSAN,FRONTIER,comerciais_leves
2021,18,NISSAN,FRONTIER ATK,,nome,COMBUSTAO,,D,diesel,11,NISSAN,FRONTIER,comerciais_leves
2021,18,RAM,1500 REBEL HEMI,,nome,COMBUSTAO,,G,gasolina,9,RAM,1500,comerciais_leves
2021,18,RAM,1500 REBEL HEMI,,nome,COMBUSTAO,,G,gasolina,9,RAM,1500,comerciais_leves
2021,18,TOYOTA,HILUX DIESEL 4X4 GR-S,,nome,COMBUSTAO,,D,diesel,11,TOYOTA,HILUX,comerciais_leves
2021,18,TOYOTA,HILUX DIESEL 4X4 SRX,,nome,COMBUSTAO,,D,diesel,11,TOYOTA,HILUX,comerciais_leves
2021,18,TOYOTA,HILUX DIESEL 4X4 SRV,,nome,COMBUSTAO,,D,diesel,11,TOYOTA,HILUX,comerciais_leves
2021,18,TOYOTA,HILUX DIESEL 4X4 SR,,nome,COMBUSTAO,,D,diesel,11,TOYOTA,HILUX,comerciais_leves
2021,18,TOYOTA,HILUX DIESEL 4X4 STD,,nome,COMBUSTAO,,D,diesel,11,TOYOTA,HILUX,comerciais_leves
2021,18,TOYOTA,HILUX DIESEL 4X4 SC,,nome,COMBUSTAO,,D,diesel,11,TOYOTA,HILUX,comerciais_leves
2021,18,TOYOTA,HILUX DIESEL 4X4 CC,,nome,COMBUSTAO,,D,diesel,11,TOYOTA,HILUX,comerciais_leves
2021,18,TOYOTA,HILUX DIESEL 4X4 NARROW,,nome,COMBUSTAO,,D,diesel,11,TOYOTA,HILUX,comerciais_leves
2021,18,TOYOTA,HILUX DIESEL 4X4 SRX,,nome,COMBUSTAO,,D,diesel,11,TOYOTA,HILUX,comerciais_leves
2021,18,TOYOTA,HILUX DIESEL 4X4 SRV,,nome,COMBUSTAO,,D,diesel,11,TOYOTA,HILUX,comerciais_leves
2021,18,TOYOTA,HILUX DIESEL 4X4 SR,,nome,COMBUSTAO,,D,diesel,11,TOYOTA,HILUX,comerciais_leves
2021,18,TOYOTA,HILUX DIESEL 4X4 STD,,nome,COMBUSTAO,,D,diesel,11,TOYOTA,HILUX,comerciais_leves
2021,18,TOYOTA,HILUX DIESEL 4X4 SC,,nome,COMBUSTAO,,D,diesel,11,TOYOTA,HILUX,comerciais_leves
2021,18,TOYOTA,HILUX DIESEL 4X4 CC,,nome,COMBUSTAO,,D,diesel,11,TOYOTA,HILUX,comerciais_leves
2021,18,TOYOTA,HILUX FLEX 4X2 CD SRV,,nome,COMBUSTAO,,F,flex,10,TOYOTA,HILUX,comerciais_leves
2021,18,TOYOTA,HILUX FLEX 4X2 CD SR,,nome,COMBUSTAO,,F,flex,10,TOYOTA,HILUX,comerciais_leves
2021,18,TOYOTA,HILUX FLEX 4X2 CHALLENGE,,nome,COMBUSTAO,,F,flex,10,TOYOTA,HILUX,comerciais_leves
2021,18,TOYOTA,HILUX FLEX 4X2 SR,,nome,COMBUSTAO,,F,flex,10,TOYOTA,HILUX,comerciais_leves
2021,18,TOYOTA,HILUX FLEX 4X2 SRV,,nome,COMBUSTAO,,F,flex,10,TOYOTA,HILUX,comerciais_leves
2021,18,TOYOTA,HILUX FLEX 4X4 CD SRV,,nome,COMBUSTAO,,F,flex,10,TOYOTA,HILUX,comerciais_leves
2021,18,TOYOTA,HILUX GASOLINA 4X4 GR-S,,nome,COMBUSTAO,,G,gasolina,9,TOYOTA,HILUX,comerciais_leves
2021,18,TOYOTA,HILUX DIESEL 4X4 SRX,,nome,COMBUSTAO,,D,diesel,11,TOYOTA,HILUX,comerciais_leves
2021,18,TOYOTA,HILUX DIESEL 4X4 SRV,,nome,COMBUSTAO,,D,diesel,11,TOYOTA,HILUX,comerciais_leves
2021,18,TOYOTA,HILUX DIESEL 4X4 SR,,nome,COMBUSTAO,,D,diesel,11,TOYOTA,HILUX,comerciais_leves
2021,19,TOYOTA,HILUX DIESEL 4X4 STD,,nome,COMBUSTAO,,D,diesel,11,TOYOTA,HILUX,comerciais_leves
2021,19,TOYOTA,HILUX DIESEL 4X4 SC,,nome,COMBUSTAO,,D,diesel,11,TOYOTA,HILUX,comerciais_leves
2021,19,TOYOTA,HILUX DIESEL 4X4 CC,,nome,COMBUSTAO,,D,diesel,11,TOYOTA,HILUX,comerciais_leves
2021,19,TOYOTA,HILUX DIESEL 4X4 POWER PACK,,nome,COMBUSTAO,,D,diesel,11,TOYOTA,HILUX,comerciais_leves
2021,19,VW,AMAROK V6 HIGHLINE CD,,nome,COMBUSTAO,,D,diesel,11,VW,AMAROK,comerciais_leves
2021,19,VW,AMAROK V6 EXTREME CD,,nome,COMBUSTAO,,D,diesel,11,VW,AMAROK,comerciais_leves
2021,19,VW,AMAROK SE CD,,nome,COMBUSTAO,,D,diesel,11,VW,AMAROK,comerciais_leves
2021,19,VW,AMAROK COMFORTLINE CD,,nome,COMBUSTAO,,D,diesel,11,VW,AMAROK,comerciais_leves
2021,19,VW,AMAROK HIGHLINE CD,,nome,COMBUSTAO,,D,diesel,11,VW,AMAROK,comerciais_leves
2021,19,VW,AMAROK PAT. SE I,,nome,COMBUSTAO,,D,diesel,11,VW,AMAROK,comerciais_leves
2021,19,VW,AMAROK PAT. SE II,,nome,COMBUSTAO,,D,diesel,11,VW,AMAROK,comerciais_leves
2021,19,VW,AMAROK PAT. SE III,,nome,COMBUSTAO,,D,diesel,11,VW,AMAROK,comerciais_leves
2021,19,AUDI,R8 COUPE -,,nome,COMBUSTAO,,G,gasolina,9,AUDI,R8,automoveis
2021,19,AUDI,TT RS COUPE TFSI,,nome,COMBUSTAO,,G,gasolina,9,AUDI,TT,automoveis
2021,19,BMW,M2 COMPETITION,,nome,COMBUSTAO,,G,gasolina,9,BMW,M2,automoveis
2021,19,BMW,Z4 SDRIVE 30I,,nome,COMBUSTAO,,G,gasolina,9,BMW,Z4,automoveis
2021,19,BMW,Z4 M40I,,nome,COMBUSTAO,,G,gasolina,9,BMW,Z4,automoveis
2021,19,BMW,M2 COMPETITION,,nome,COMBUSTAO,,G,gasolina,9,BMW,M2,automoveis
2021,19,BMW,M3 COMPETITION,,nome,COMBUSTAO,,G,gasolina,9,BMW,M3,automoveis
2021,19,BMW,M2 CS,,nome,COMBUSTAO,,G,gasolina,9,BMW,M2,automoveis
2021,19,BMW,M440I XDRIVE COUPE,,nome,COMBUSTAO,,G,gasolina,9,BMW,M440I,automoveis
2021,19,BMW,M3 COMPETITION,,nome,COMBUSTAO,,G,gasolina,9,BMW,M3,automoveis
2021,19,CHEVROLET,CAMARO 2SS,,nome,COMBUSTAO,,G,gasolina,9,GM,CAMARO,automoveis
2021,19,CHEVROLET,CAMARO 2SS CONV,,nome,COMBUSTAO,,G,gasolina,9,GM,CAMARO,automoveis
2021,19,FERRARI,F8 SPIDER,,nome,COMBUSTAO,,G,gasolina,9,FERRARI,F8 SPIDER,automoveis
2021,19,FORD,MUSTANG MACH 1,,nome,COMBUSTAO,,G,gasolina,9,FORD,MUSTANG,automoveis
2021,19,JAGUAR,F-TYPE 300 CB,,nome,COMBUSTAO,,G,gasolina,9,JAGUAR,F-TYPE,automoveis
2021,19,JAGUAR,F-TYPE 300 CP,,nome,COMBUSTAO,,G,gasolina,9,JAGUAR,F-TYPE,automoveis
2021,19,JAGUAR,F-TYPE 300RD CB,,nome,COMBUSTAO,,G,gasolina,9,JAGUAR,F-TYPE,automoveis
2021,19,JAGUAR,F-TYPE 300RD CP,,nome,COMBUSTAO,,G,gasolina,9,JAGUAR,F-TYPE,automoveis
2021,19,MERCEDES-BENZ,C300 CABRIO,,nome,COMBUSTAO,,G,gasolina,9,M.BENZ,CLASSE C,automoveis
2021,19,MINI,COOPER S CABRIO,,nome,COMBUSTAO,,G,gasolina,9,MINI,COOPER,automoveis
2021,19,MINI,JCW 3 PORTAS,,nome,COMBUSTAO,,G,gasolina,9,MINI,JCW,automoveis
2021,19,PORSCHE,911 CARRERA,,nome,COMBUSTAO,,G,gasolina,9,PORSCHE,911,automoveis
2021,19,PORSCHE,911 CARRERA S,,nome,COMBUSTAO,,G,gasolina,9,PORSCHE,911,automoveis
2021,19,PORSCHE,911 TURBO S,,nome,COMBUSTAO,,G,gasolina,9,PORSCHE,911,automoveis
2021,19,PORSCHE,911 TURBO S CA,,nome,COMBUSTAO,,G,gasolina,9,PORSCHE,911,automoveis
2021,19,PORSCHE,911 TURBO,,nome,COMBUSTAO,,G,gasolina,9,PORSCHE,911,automoveis
2021,19,PORSCHE,911 TURBO CAB,,nome,COMBUSTAO,,G,gasolina,9,PORSCHE,911,automoveis
2021,20,PORSCHE,911 GT3,,nome,COMBUSTAO,,G,gasolina,9,PORSCHE,911,automoveis
2021,20,PORSCHE,911 GT3TOURING,,nome,COMBUSTAO,,G,gasolina,9,PORSCHE,911,automoveis
2021,20,PORSCHE,BOXSTER ***,,nome,COMBUSTAO,,G,gasolina,9,PORSCHE,BOXSTER,automoveis
2021,20,PORSCHE,BOXSTER GTS4.0,,nome,COMBUSTAO,,G,gasolina,9,PORSCHE,BOXSTER,automoveis
2021,20,PORSCHE,CAYMAN ****,,nome,COMBUSTAO,,G,gasolina,9,PORSCHE,CAYMAN,automoveis
2021,20,PORSCHE,CAYMAN GTS,,nome,COMBUSTAO,,G,gasolina,9,PORSCHE,CAYMAN,automoveis
2021,20,PORSCHE,CAYMAN GTS,,nome,COMBUSTAO,,G,gasolina,9,PORSCHE,CAYMAN,automoveis
2021,20,PORSCHE,CAYMAN ****,,nome,COMBUSTAO,,G,gasolina,9,PORSCHE,CAYMAN,automoveis
2021,20,PORSCHE,PANAMERA 4EHEX,,nome,PLUG-IN,,G,phev,6,PORSCHE,PANAMERA,automoveis
2021,20,PORSCHE,PANAMERA 4EHST,,nome,PLUG-IN,,G,phev,6,PORSCHE,PANAMERA,automoveis
2021,20,PORSCHE,PANAMERA 4EHYB,,nome,PLUG-IN,,G,phev,6,PORSCHE,PANAMERA,automoveis
2021,20,PORSCHE,PANAMERA TSEHE,,nome,PLUG-IN,,G,phev,6,PORSCHE,PANAMERA,automoveis
2021,20,PORSCHE,PANAMERA TSEHS,,nome,PLUG-IN,,G,phev,6,PORSCHE,PANAMERA,automoveis
2021,20,PORSCHE,PANAMERA TSEHY,,nome,PLUG-IN,,G,phev,6,PORSCHE,PANAMERA,automoveis
2021,20,PORSCHE,PANAMERA 4SEHS,,nome,PLUG-IN,,G,phev,6,PORSCHE,PANAMERA,automoveis
2021,20,PORSCHE,PANAMERA 4SEHY,,nome,PLUG-IN,,G,phev,6,PORSCHE,PANAMERA,automoveis
2021,20,PORSCHE,TAYCAN 4S,,nome,ELETRICO,,E,bev,8,PORSCHE,TAYCAN,automoveis
2021,20,PORSCHE,TAYCAN TURBO,,nome,ELETRICO,,E,bev,8,PORSCHE,TAYCAN,automoveis
2021,20,PORSCHE,TAYCAN TURBO S,,nome,ELETRICO,,E,bev,8,PORSCHE,TAYCAN,automoveis
2022,1,CAOA CHERY,ICAR EQ1 TEC,,nome,ELETRICO,,E,bev,8,CAOA CHERY,ICAR,automoveis
2022,1,FIAT,500E ICON,,nome,ELETRICO,,E,bev,8,FIAT,500E,automoveis
2022,1,FIAT,MOBI EASY,,nome,COMBUSTAO,,F,flex,10,FIAT,MOBI,automoveis
2022,1,FIAT,MOBI TREKKING,,nome,COMBUSTAO,,F,flex,10,FIAT,MOBI,automoveis
2022,1,FIAT,MOBI LIKE,,nome,COMBUSTAO,,F,flex,10,FIAT,MOBI,automoveis
2022,1,JAC,E-JS1 E-JS1,,nome,ELETRICO,,E,bev,8,JAC,E-JS1,automoveis
2022,1,JAC,E-JS1 E-JS1 EXT,,nome,ELETRICO,,E,bev,8,JAC,E-JS1,automoveis
2022,1,RENAULT,E-KWID INTENS,,nome,ELETRICO,,E,bev,8,RENAULT,E-KWID,automoveis
2022,1,FIAT,ARGO,,nome,COMBUSTAO,,F,flex,10,FIAT,ARGO,automoveis
2022,1,FIAT,ARGO DRIVE,,nome,COMBUSTAO,,F,flex,10,FIAT,ARGO,automoveis
2022,1,FIAT,ARGO DRIVE,,nome,COMBUSTAO,,F,flex,10,FIAT,ARGO,automoveis
2022,1,HYUNDAI,HB20 SENSE,,nome,COMBUSTAO,,F,flex,10,HYUNDAI,HB20,automoveis
2022,1,HYUNDAI,HB20 VISION,,nome,COMBUSTAO,,F,flex,10,HYUNDAI,HB20,automoveis
2022,1,HYUNDAI,HB20 EVOLUTION,,nome,COMBUSTAO,,F,flex,10,HYUNDAI,HB20,automoveis
2022,1,HYUNDAI,HB20 SPORT,,nome,COMBUSTAO,,F,flex,10,HYUNDAI,HB20,automoveis
2022,1,HYUNDAI,HB20 VISION,,nome,COMBUSTAO,,F,flex,10,HYUNDAI,HB20,automoveis
2022,1,HYUNDAI,HB20 PLATINUM,,nome,COMBUSTAO,,F,flex,10,HYUNDAI,HB20,automoveis
2022,1,HYUNDAI,HB20 PLATINUM PLUS,,nome,COMBUSTAO,,F,flex,10,HYUNDAI,HB20,automoveis
2022,1,HYUNDAI,HB20 PLATINUM,,nome,COMBUSTAO,,F,flex,10,HYUNDAI,HB20,automoveis
2022,1,MINI,COOPER S ELECTRIC,,nome,ELETRICO,ELECTRIC,E,bev,8,MINI,COOPER,automoveis
2022,1,MINI,COOPER S 5P,,nome,COMBUSTAO,,G,gasolina,9,MINI,COOPER,automoveis
2022,1,MINI,JCW HATCH 3P,,nome,COMBUSTAO,,G,gasolina,9,MINI,JCW,automoveis
2022,1,MINI,COOPER S 3P,,nome,COMBUSTAO,,G,gasolina,9,MINI,COOPER,automoveis
2022,1,PEUGEOT,E-208 GT,,nome,ELETRICO,,E,bev,8,PEUGEOT,208,automoveis
2022,1,PEUGEOT,208 ACTIVE AT1,,nome,COMBUSTAO,,F,flex,10,PEUGEOT,208,automoveis
2022,1,PEUGEOT,208 ALLURE AT,,nome,COMBUSTAO,,F,flex,10,PEUGEOT,208,automoveis
2022,1,PEUGEOT,208 GRIFFE AT,,nome,COMBUSTAO,,F,flex,10,PEUGEOT,208,automoveis
2022,1,PEUGEOT,208 LIKE MT,,nome,COMBUSTAO,,F,flex,10,PEUGEOT,208,automoveis
2022,1,PEUGEOT,208 STYLE MT,,nome,COMBUSTAO,,F,flex,10,PEUGEOT,208,automoveis
2022,1,RENAULT,SANDERO SEDTION BS,,nome,COMBUSTAO,,F,flex,10,RENAULT,SANDERO,automoveis
2022,1,RENAULT,SANDERO SEDITION,,nome,COMBUSTAO,,F,flex,10,RENAULT,SANDERO,automoveis
2022,1,RENAULT,SANDERO LIFE10MT,,nome,COMBUSTAO,,F,flex,10,RENAULT,SANDERO,automoveis
2022,1,RENAULT,SANDERO RLIN,,nome,COMBUSTAO,,F,flex,10,RENAULT,SANDERO,automoveis
2022,1,RENAULT,SANDERO ZEN10MT,,nome,COMBUSTAO,,F,flex,10,RENAULT,SANDERO,automoveis
2022,1,VW,GOL MPI,,nome,COMBUSTAO,,F,flex,10,VW,GOL,automoveis
2022,1,VW,GOL MPI,,nome,COMBUSTAO,,F,flex,10,VW,GOL,comerciais_leves
2022,1,AUDI,A3 SPORTBACK S LINE,,nome,HIBRIDO,,G,hev,4,AUDI,A3,automoveis
2022,1,AUDI,A3 SPORTBACK PERFORMANCE BLACK (ED.0),,nome,HIBRIDO,,G,hev,4,AUDI,A3,automoveis
2022,1,AUDI,A3 SPORTBACK S LINE,,nome,HIBRIDO,,G,hev,4,AUDI,A3,automoveis
2022,1,AUDI,A3 SPORTBACK PERFORMANCE BLACK,,nome,HIBRIDO,,G,hev,4,AUDI,A3,automoveis
2022,1,BMW,118I -,,nome,COMBUSTAO,,G,gasolina,9,BMW,118I,automoveis
2022,1,BMW,I3 120AH BEV,,nome,ELETRICO,BEV,E,bev,8,BMW,I3,automoveis
2022,1,CHEVROLET,BOLT LT,,nome,ELETRICO,,E,bev,8,GM,BOLT,automoveis
2022,1,CHEVROLET,BOLT PREMIER,,nome,ELETRICO,,E,bev,8,GM,BOLT,automoveis
2022,1,CHEVROLET,ONIX 10MT HB MY 22/22,,nome,COMBUSTAO,,F,flex,10,GM,ONIX,automoveis
2022,1,CHEVROLET,ONIX 10MT LT1 MY 22/22,,nome,COMBUSTAO,,F,flex,10,GM,ONIX,automoveis
2022,1,CHEVROLET,ONIX 10MT LT2 22/22,,nome,COMBUSTAO,,F,flex,10,GM,ONIX,automoveis
2022,1,CHEVROLET,ONIX 10MT HB MY 22/23,,nome,COMBUSTAO,,F,flex,10,GM,ONIX,automoveis
2022,1,CHEVROLET,ONIX 10MT LT1 MY 22/23,,nome,COMBUSTAO,,F,flex,10,GM,ONIX,automoveis
2022,1,CHEVROLET,ONIX 10MT LT2 MY 22/23,,nome,COMBUSTAO,,F,flex,10,GM,ONIX,automoveis
2022,1,CHEVROLET,ONIX 10TAT HB,,nome,COMBUSTAO,,F,flex,10,GM,ONIX,automoveis
2022,1,CHEVROLET,ONIX 10TAT LT1,,nome,COMBUSTAO,,F,flex,10,GM,ONIX,automoveis
2022,1,CHEVROLET,ONIX 10TAT LTZ,,nome,COMBUSTAO,,F,flex,10,GM,ONIX,automoveis
2022,1,CHEVROLET,ONIX 10TAT PR2,,nome,COMBUSTAO,,F,flex,10,GM,ONIX,automoveis
2022,1,CHEVROLET,ONIX 10TAT RS,,nome,COMBUSTAO,,F,flex,10,GM,ONIX,automoveis
2022,1,CHEVROLET,ONIX 10TMT LT1,,nome,COMBUSTAO,,F,flex,10,GM,ONIX,automoveis
2022,1,CHEVROLET,ONIX 10TMT LTZ,,nome,COMBUSTAO,,F,flex,10,GM,ONIX,automoveis
2022,1,CHEVROLET,ONIX PLUS 10MT LT1 MY 22/22,,nome,COMBUSTAO,,F,flex,10,GM,ONIX PLUS,automoveis
2022,1,CHEVROLET,ONIX PLUS 10MT LT2 MY 22/22,,nome,COMBUSTAO,,F,flex,10,GM,ONIX PLUS,automoveis
2022,1,CHEVROLET,ONIX PLUS 10MT LT1 MY 22/23,,nome,COMBUSTAO,,F,flex,10,GM,ONIX PLUS,automoveis
2022,1,CHEVROLET,ONIX PLUS 10MT LT2 MY 22/23,,nome,COMBUSTAO,,F,flex,10,GM,ONIX PLUS,automoveis
2022,1,CHEVROLET,ONIX PLUS 10TAT NB,,nome,COMBUSTAO,,F,flex,10,GM,ONIX PLUS,automoveis
2022,1,CHEVROLET,ONIX PLUS 10TAT LT1,,nome,COMBUSTAO,,F,flex,10,GM,ONIX PLUS,automoveis
2022,1,CHEVROLET,ONIX PLUS 10TAT LTZ,,nome,COMBUSTAO,,F,flex,10,GM,ONIX PLUS,automoveis
2022,1,CHEVROLET,ONIX PLUS 10TAT PR2,,nome,COMBUSTAO,,F,flex,10,GM,ONIX PLUS,automoveis
2022,1,CHEVROLET,ONIX PLUS 10TMT LT1,,nome,COMBUSTAO,,F,flex,10,GM,ONIX PLUS,automoveis
2022,1,CHEVROLET,ONIX PLUS 10TMT LTZ,,nome,COMBUSTAO,,F,flex,10,GM,ONIX PLUS,automoveis
2022,1,CHEVROLET,SPIN,,nome,COMBUSTAO,,F,flex,10,GM,SPIN,automoveis
2022,1,CHEVROLET,SPIN,,nome,COMBUSTAO,,F,flex,10,GM,SPIN,automoveis
2022,1,CHEVROLET,SPIN,,nome,COMBUSTAO,,F,flex,10,GM,SPIN,automoveis
2022,1,CHEVROLET,SPIN,,nome,COMBUSTAO,,F,flex,10,GM,SPIN,automoveis
2022,1,CHEVROLET,SPIN,,nome,COMBUSTAO,,F,flex,10,GM,SPIN,automoveis
2022,1,CHEVROLET,SPIN,,nome,COMBUSTAO,,F,flex,10,GM,SPIN,automoveis
2022,1,CHEVROLET,SPIN,,nome,COMBUSTAO,,F,flex,10,GM,SPIN,automoveis
2022,1,FIAT,CRONOS DRIVE,,nome,COMBUSTAO,,F,flex,10,FIAT,CRONOS,automoveis
2022,1,FIAT,CRONOS,,nome,COMBUSTAO,,F,flex,10,FIAT,CRONOS,automoveis
2022,1,HONDA,CITY EX,,nome,COMBUSTAO,,F,flex,10,HONDA,CITY,automoveis
2022,1,HONDA,CITY EXL,,nome,COMBUSTAO,,F,flex,10,HONDA,CITY,automoveis
2022,1,HONDA,CITY TOURING,,nome,COMBUSTAO,,F,flex,10,HONDA,CITY,automoveis
2022,1,HONDA,CITY HATCH EXL,,nome,COMBUSTAO,,F,flex,10,HONDA,CITY HATCH,automoveis
2022,1,HONDA,CITY HATCH TOURING,,nome,COMBUSTAO,,F,flex,10,HONDA,CITY HATCH,automoveis
2022,1,HONDA,HR-V EX HONDA SENSING,,nome,COMBUSTAO,,F,flex,10,HONDA,HR-V,automoveis
2022,1,HONDA,HR-V EXL HONDA SENSING,,nome,COMBUSTAO,,F,flex,10,HONDA,HR-V,automoveis
2022,1,HONDA,HR-V ADVANCE,,nome,COMBUSTAO,,F,flex,10,HONDA,HR-V,automoveis
2022,1,HONDA,HR-V TOURING,,nome,COMBUSTAO,,F,flex,10,HONDA,HR-V,automoveis
2022,1,HYUNDAI,HB20S VISION,,nome,COMBUSTAO,,F,flex,10,HYUNDAI,HB20S,automoveis
2022,1,HYUNDAI,HB20S EVOLUTION,,nome,COMBUSTAO,,F,flex,10,HYUNDAI,HB20S,automoveis
2022,1,HYUNDAI,HB20S VISION,,nome,COMBUSTAO,,F,flex,10,HYUNDAI,HB20S,automoveis
2022,1,HYUNDAI,HB20S PLATINUM,,nome,COMBUSTAO,,F,flex,10,HYUNDAI,HB20S,automoveis
2022,1,HYUNDAI,HB20S PLATINUM PLUS,,nome,COMBUSTAO,,F,flex,10,HYUNDAI,HB20S,automoveis
2022,1,HYUNDAI,HB20S PLATINUM,,nome,COMBUSTAO,,F,flex,10,HYUNDAI,HB20S,automoveis
2022,1,HYUNDAI,IONIQ HEV,,nome,HIBRIDO,HEV,G,hev,4,HYUNDAI,IONIQ,automoveis
2022,1,KIA,STONIC MHEV EX,,nome,HIBRIDO,MHEV,G,mhev,1,KIA,STONIC,automoveis
2022,1,KIA,STONIC LX,,nome,HIBRIDO,,G,hev,4,KIA,STONIC,automoveis
2022,1,KIA,STONIC SX,,nome,HIBRIDO,,G,hev,4,KIA,STONIC,automoveis
2022,1,KIA,STONIC GT,,nome,HIBRIDO,,G,hev,4,KIA,STONIC,automoveis
2022,1,MERCEDES-BENZ,A250,,nome,COMBUSTAO,,G,gasolina,9,M.BENZ,A250,automoveis
2022,1,RENAULT,ZOE LIFE,,nome,ELETRICO,,E,bev,8,RENAULT,ZOE,automoveis
2022,1,RENAULT,ZOE INTENSE,,nome,ELETRICO,,E,bev,8,RENAULT,ZOE,automoveis
2022,1,RENAULT,LOGAN ZEN16CVT,,nome,COMBUSTAO,,F,flex,10,RENAULT,LOGAN,automoveis
2022,1,RENAULT,LOGAN LIFE,,nome,COMBUSTAO,,F,flex,10,RENAULT,LOGAN,automoveis
2022,1,RENAULT,LOGAN ZEN,,nome,COMBUSTAO,,F,flex,10,RENAULT,LOGAN,automoveis
2022,1,TOYOTA,YARIS HATCHBACK XS,,nome,COMBUSTAO,,F,flex,10,TOYOTA,YARIS HB,automoveis
2022,1,TOYOTA,YARIS HATCHBACK XL,,nome,COMBUSTAO,,F,flex,10,TOYOTA,YARIS HB,automoveis
2022,1,TOYOTA,YARIS HATCHBACK XLS,,nome,COMBUSTAO,,F,flex,10,TOYOTA,YARIS HB,automoveis
2022,1,TOYOTA,YARIS SEDA XS,,nome,COMBUSTAO,,F,flex,10,TOYOTA,YARIS SEDAN,automoveis
2022,1,TOYOTA,YARIS SEDA XL,,nome,COMBUSTAO,,F,flex,10,TOYOTA,YARIS SEDAN,automoveis
2022,1,TOYOTA,YARIS SEDA XLS,,nome,COMBUSTAO,,F,flex,10,TOYOTA,YARIS SEDAN,automoveis
2022,1,VW,T CROSS SENSE 200 TSI AUTOMATICO,,nome,COMBUSTAO,,F,flex,10,VW,T CROSS,automoveis
2022,1,VW,T CROSS 200TSI AUTOMATICO,,nome,COMBUSTAO,,F,flex,10,VW,T CROSS,automoveis
2022,1,VW,T CROSS,COMFORTLINE 200TSI,nome,COMBUSTAO,,F,flex,10,VW,T CROSS,automoveis
2022,1,VW,T CROSS HIGHLINE 250TSI AUTOMATICO,AUTOMATICO,nome,COMBUSTAO,,F,flex,10,VW,T CROSS,automoveis
2022,1,VW,POLO COMFORTLINE 200TSI AUTOMATIC,,nome,COMBUSTAO,,F,flex,10,VW,POLO,automoveis
2022,1,VW,POLO HIGHLINE 200TSI AUTOMATIC,,nome,COMBUSTAO,,F,flex,10,VW,POLO,automoveis
2022,1,VW,POLO MPI,,nome,COMBUSTAO,,F,flex,10,VW,POLO,automoveis
2022,1,VW,POLO GTS 250TSI AUTOMATICO,,nome,COMBUSTAO,,F,flex,10,VW,POLO,automoveis
2022,1,VW,POLO HIGHLINE TSI AUTOMATICO,,nome,COMBUSTAO,,F,flex,10,VW,POLO,automoveis
2022,1,VW,POLO MPI,,nome,COMBUSTAO,,F,flex,10,VW,POLO,automoveis
2022,1,VW,POLO TSI MANUAL,,nome,COMBUSTAO,,F,flex,10,VW,POLO,automoveis
2022,1,VW,POLO COMFORTLINE TSI AUTOMATICO,,nome,COMBUSTAO,,F,flex,10,VW,POLO,automoveis
2022,1,VW,VIRTUS HIGHLINE 200TSI AUTOMATIC,,nome,COMBUSTAO,,F,flex,10,VW,VIRTUS,automoveis
2022,1,VW,VIRTUS COMFORTLINE 200TSI AUTOMATIC,,nome,COMBUSTAO,,F,flex,10,VW,VIRTUS,automoveis
2022,1,VW,VIRTUS GTS 250TSI AUTOMATICO,,nome,COMBUSTAO,,F,flex,10,VW,VIRTUS,automoveis
2022,1,VW,VOYAGE MPI,,nome,COMBUSTAO,,F,flex,10,VW,VOYAGE,automoveis
2022,1,AUDI,A3 SEDAN S LINE,,nome,HIBRIDO,,G,hev,4,AUDI,A3 SEDAN,automoveis
2022,1,AUDI,A3 SEDAN PERFORMANCE BLACK,,nome,HIBRIDO,,G,hev,4,AUDI,A3 SEDAN,automoveis
2022,1,BMW,218I -,,nome,COMBUSTAO,,G,gasolina,9,BMW,218I,automoveis
2022,1,BMW,X1 S20I ACTIVEFLEX,,nome,COMBUSTAO,,F,flex,10,BMW,X1,automoveis
2022,1,BMW,X1 SDRIVE 20I X LINE,,nome,COMBUSTAO,,F,flex,10,BMW,X1,automoveis
2022,1,BMW,X1 SDRIVE 20I M SPORT,,nome,COMBUSTAO,,F,flex,10,BMW,X1,automoveis
2022,1,CAOA CHERY,ARRIZO 5 E E,,nome,ELETRICO,,F,bev,8,CAOA CHERY,ARRIZO 5,automoveis
2022,1,CAOA CHERY,ARRIZO 5 E E,,nome,ELETRICO,,F,bev,8,CHERY,ARRIZO 5,automoveis
2022,1,CAOA CHERY,ARRIZO 6 PRO,,nome,COMBUSTAO,,F,flex,10,CAOA CHERY,ARRIZO 6,automoveis
2022,1,CAOA CHERY,ARRIZO 6 PLUS,,nome,COMBUSTAO,,F,flex,10,CAOA CHERY,ARRIZO 6,automoveis
2022,1,CHEVROLET,CRUZE NB LT NB AT,,nome,COMBUSTAO,,F,flex,10,GM,CRUZE SEDAN,automoveis
2022,1,CHEVROLET,CRUZE NB LTZ NB AT,,nome,COMBUSTAO,,F,flex,10,GM,CRUZE SEDAN,automoveis
2022,1,CHEVROLET,CRUZE NB PRE NB AT,,nome,COMBUSTAO,,F,flex,10,GM,CRUZE SEDAN,automoveis
2022,1,CHEVROLET,CRUZE NB PRE2 NB AT,,nome,COMBUSTAO,,F,flex,10,GM,CRUZE SEDAN,automoveis
2022,1,CHEVROLET,CRUZE NB MID NB AT,,nome,COMBUSTAO,,F,flex,10,GM,CRUZE SEDAN,automoveis
2022,1,CHEVROLET,CRUZE HB LT HB AT,,nome,COMBUSTAO,,F,flex,10,GM,CRUZE HB,automoveis
2022,1,CHEVROLET,CRUZE HB LTZ HB AT,,nome,COMBUSTAO,,F,flex,10,GM,CRUZE HB,automoveis
2022,1,CHEVROLET,CRUZE HB PRE HB AT,,nome,COMBUSTAO,,F,flex,10,GM,CRUZE HB,automoveis
2022,1,CHEVROLET,CRUZE HB PRE2 HB AT,,nome,COMBUSTAO,,F,flex,10,GM,CRUZE HB,automoveis
2022,1,CHEVROLET,CRUZE HB RS HB AT,,nome,COMBUSTAO,,F,flex,10,GM,CRUZE HB,automoveis
2022,1,JEEP,COMPASS S 4XE,,nome,PLUG-IN,,G,phev,6,JEEP,COMPASS,automoveis
2022,2,MERCEDES-BENZ,GLA200 AMG LINE(L7),,nome,COMBUSTAO,,G,gasolina,9,M.BENZ,CLASSE GLA,automoveis
2022,2,NISSAN,LEAF TEKNA,,nome,ELETRICO,,E,bev,8,NISSAN,LEAF,automoveis
2022,2,TOYOTA,COROLLA CROSS XRV HYBRID,,nome,HIBRIDO,HYBRID,F,hev,4,TOYOTA,COROLLA CROSS,automoveis
2022,2,TOYOTA,COROLLA CROSS XRX HYBRID,,nome,HIBRIDO,HYBRID,F,hev,4,TOYOTA,COROLLA CROSS,automoveis
2022,2,TOYOTA,COROLLA CROSS XRE 20,,nome,COMBUSTAO,,F,flex,10,TOYOTA,COROLLA CROSS,automoveis
2022,2,TOYOTA,COROLLA CROSS XR 20,,nome,COMBUSTAO,,F,flex,10,TOYOTA,COROLLA CROSS,automoveis
2022,2,TOYOTA,COROLLA APREMIUMH,,nome,HIBRIDO,,F,hev,4,TOYOTA,COROLLA,automoveis
2022,2,TOYOTA,COROLLA ALTIS HV,,nome,HIBRIDO,,F,hev,4,TOYOTA,COROLLA,automoveis
2022,2,TOYOTA,COROLLA XEI 20,,nome,COMBUSTAO,,F,flex,10,TOYOTA,COROLLA,automoveis
2022,2,TOYOTA,COROLLA GLI 20,,nome,COMBUSTAO,,F,flex,10,TOYOTA,COROLLA,automoveis
2022,2,TOYOTA,COROLLA ALTIS 20,,nome,COMBUSTAO,,F,flex,10,TOYOTA,COROLLA,automoveis
2022,2,TOYOTA,COROLLA GRS,,nome,COMBUSTAO,,F,flex,10,TOYOTA,COROLLA,automoveis
2022,2,AUDI,A4 SEDAN PRESTIGE,,nome,COMBUSTAO,,G,gasolina,9,AUDI,A4,automoveis
2022,2,AUDI,A4 SEDAN S LINE,,nome,COMBUSTAO,,G,gasolina,9,AUDI,A4,automoveis
2022,2,AUDI,A5 SPORTBACK S LINE,,nome,COMBUSTAO,,G,gasolina,9,AUDI,A5,automoveis
2022,2,AUDI,RS 5 SPORTBACK -,,nome,COMBUSTAO,,G,gasolina,9,AUDI,RS,automoveis
2022,2,AUDI,RS 6 AVANT -,,nome,HIBRIDO,,G,hev,4,AUDI,RS,automoveis
2022,2,AUDI,Q5 PRESTIGE,,nome,COMBUSTAO,,G,gasolina,9,AUDI,Q5,automoveis
2022,2,AUDI,Q5 S LINE,,nome,COMBUSTAO,,G,gasolina,9,AUDI,Q5,automoveis
2022,2,AUDI,Q5 PRESTIGE,,nome,COMBUSTAO,,G,gasolina,9,AUDI,Q5,automoveis
2022,2,AUDI,Q5 S LINE,,nome,COMBUSTAO,,G,gasolina,9,AUDI,Q5,automoveis
2022,2,AUDI,Q5 S LINE BLACK,,nome,COMBUSTAO,,G,gasolina,9,AUDI,Q5,automoveis
2022,2,AUDI,Q7 PERFORMANCE,,nome,HIBRIDO,,G,hev,4,AUDI,Q7,automoveis
2022,2,AUDI,Q7 PERFORMANCE BLACK,,nome,HIBRIDO,,G,hev,4,AUDI,Q7,automoveis
2022,2,AUDI,RS E-TRON GT -,,nome,ELETRICO,E-TRON,E,bev,8,AUDI,RS,automoveis
2022,2,AUDI,RS E-TRON GT -,,nome,ELETRICO,E-TRON,E,bev,8,AUDI,RS,automoveis
2022,2,AUDI,Q5 TFSI E PERFORMANCE,,nome,PLUG-IN,,G,phev,6,AUDI,Q5,automoveis
2022,2,AUDI,Q5 TFSI E PERFORMANCE,,nome,PLUG-IN,,G,phev,6,AUDI,Q5,automoveis
2022,2,AUDI,Q5 TFSI E PERFORMANCE BLACK,,nome,PLUG-IN,,G,phev,6,AUDI,Q5,automoveis
2022,2,AUDI,Q5 SPORTBACK TFSI E PERFORMANCE,,nome,PLUG-IN,,G,phev,6,AUDI,Q5,automoveis
2022,2,AUDI,Q5 SPORTBACK TFSI E PERFORMANCE,,nome,PLUG-IN,,G,phev,6,AUDI,Q5,automoveis
2022,2,AUDI,Q5 SPORTBACK TFSI E PERFORMANCE BLACK,,nome,PLUG-IN,,G,phev,6,AUDI,Q5,automoveis
2022,2,AUDI,Q7 PERFORMANCE,,nome,HIBRIDO,,G,hev,4,AUDI,Q7,automoveis
2022,2,AUDI,RS Q8 -,,nome,HIBRIDO,,G,hev,4,AUDI,RS,automoveis
2022,2,AUDI,-,RS 5 SPORTBACK COMPETITION,linha_acima,COMBUSTAO,,G,gasolina,9,AUDI,RS,automoveis
2022,2,BMW,420I CABRIO,PLUS,nome,COMBUSTAO,,G,gasolina,9,BMW,420I,automoveis
2022,2,BMW,330E -,,nome,PLUG-IN,,G,phev,6,BMW,330E,automoveis
2022,2,BMW,320I GP FLEX,,nome,COMBUSTAO,,F,flex,10,BMW,320I,automoveis
2022,2,BMW,320I SPORT GP FLEX,,nome,COMBUSTAO,,F,flex,10,BMW,320I,automoveis
2022,2,BMW,320I M SPORT FLEX,,nome,COMBUSTAO,,F,flex,10,BMW,320I,automoveis
2022,2,BMW,530E -,,nome,PLUG-IN,,G,phev,6,BMW,530E,automoveis
2022,2,BMW,I4 40 -,,nome,ELETRICO,,E,bev,8,BMW,I4,automoveis
2022,2,BMW,320I GP FLEX/ MY23,,nome,COMBUSTAO,,F,flex,10,BMW,320I,automoveis
2022,2,BMW,320I SPORT GP FLEX/ MY23,,nome,COMBUSTAO,,F,flex,10,BMW,320I,automoveis
2022,2,BMW,320I ACTIVE FLEX/ MY23,,nome,COMBUSTAO,,F,flex,10,BMW,320I,automoveis
2022,2,BMW,320I M SPORT FLEX/ MY23,,nome,COMBUSTAO,,F,flex,10,BMW,320I,automoveis
2022,2,BMW,I4 M50,,nome,ELETRICO,,E,bev,8,BMW,I4,automoveis
2022,2,CHEVROLET,EQUINOX 15T PRE,,nome,COMBUSTAO,,G,gasolina,9,GM,EQUINOX,automoveis
2022,2,CHEVROLET,EQUINOX 15T RS,,nome,COMBUSTAO,,G,gasolina,9,GM,EQUINOX,automoveis
2022,2,CHEVROLET,EQUINOX 15T LT,,nome,COMBUSTAO,,G,gasolina,9,GM,EQUINOX,automoveis
2022,2,FORD,TERRITORY SEL,,nome,COMBUSTAO,,G,gasolina,9,FORD,TERRITORY,automoveis
2022,2,FORD,TERRITORY SEL PLUS,,nome,COMBUSTAO,,G,gasolina,9,FORD,TERRITORY,automoveis
2022,2,FORD,TERRITORY TITANIUM,,nome,COMBUSTAO,,G,gasolina,9,FORD,TERRITORY,automoveis
2022,2,GREAT WALL,HAVAL H6 HEV TOP,,nome,HIBRIDO,HEV,G,hev,4,GWM,HAVAL H6,automoveis
2022,2,GREAT WALL,HAVAL H6 HEV TOP8,,nome,HIBRIDO,HEV,G,hev,4,GWM,HAVAL H6,automoveis
2022,2,GREAT WALL,HAVAL H6 HEV TOP9,,nome,HIBRIDO,HEV,G,hev,4,GWM,HAVAL H6,automoveis
2022,2,GREAT WALL,HAVAL H6 HEV TOP10,,nome,HIBRIDO,HEV,G,hev,4,GWM,HAVAL H6,automoveis
2022,2,GREAT WALL,HAVAL H6 HEV TOP11,,nome,HIBRIDO,HEV,G,hev,4,GWM,HAVAL H6,automoveis
2022,2,GREAT WALL,HAVAL H6 HEV TOP12,,nome,HIBRIDO,HEV,G,hev,4,GWM,HAVAL H6,automoveis
2022,2,GREAT WALL,HAVAL H6 HEV TOP1,,nome,HIBRIDO,HEV,G,hev,4,GWM,HAVAL H6,automoveis
2022,2,GREAT WALL,HAVAL H6 HEV TOP2,,nome,HIBRIDO,HEV,G,hev,4,GWM,HAVAL H6,automoveis
2022,2,GREAT WALL,HAVAL H6 HEV TOP13,,nome,HIBRIDO,HEV,G,hev,4,GWM,HAVAL H6,automoveis
2022,2,GREAT WALL,HAVAL H6 PHEV TOP3,,nome,PLUG-IN,PHEV,G,phev,3,GWM,HAVAL H6,automoveis
2022,2,GREAT WALL,HAVAL H6 GT GT TOP1,,nome,PLUG-IN,,G,phev,6,GWM,HAVAL H6,automoveis
2022,2,MERCEDES-BENZ,CLA250,,nome,COMBUSTAO,,G,gasolina,9,M.BENZ,CLA250,automoveis
2022,2,MERCEDES-BENZ,CLA250 ADV,,nome,COMBUSTAO,,G,gasolina,9,M.BENZ,CLA250,automoveis
2022,2,MERCEDES-BENZ,CLA250 STYLE,,nome,COMBUSTAO,,G,gasolina,9,M.BENZ,CLA250,automoveis
2022,2,MERCEDES-BENZ,CLA250 PROG,,nome,COMBUSTAO,,G,gasolina,9,M.BENZ,CLA250,automoveis
2022,2,MERCEDES-BENZ,C200 AVANT,,nome,HIBRIDO,,G,hev,4,M.BENZ,CLASSE C,automoveis
2022,2,MERCEDES-BENZ,C200 AMG LINE,,nome,HIBRIDO,,G,hev,4,M.BENZ,CLASSE C,automoveis
2022,2,MERCEDES-BENZ,C300 AMG LINE,,nome,HIBRIDO,,G,hev,4,M.BENZ,CLASSE C,automoveis
2022,2,MERCEDES-BENZ,AMG CLA35 4MATIC,,nome,COMBUSTAO,,G,gasolina,9,M.BENZ,CLA35,automoveis
2022,2,MERCEDES-BENZ,E300 EXCLUSIVE,,nome,COMBUSTAO,,G,gasolina,9,M.BENZ,CLASSE E,automoveis
2022,2,PORSCHE,MACAN S,,nome,COMBUSTAO,,G,gasolina,9,PORSCHE,MACAN,automoveis
2022,2,PORSCHE,MACAN GTS,,nome,COMBUSTAO,,G,gasolina,9,PORSCHE,MACAN,automoveis
2022,2,PORSCHE,MACAN --,,nome,COMBUSTAO,,G,gasolina,9,PORSCHE,MACAN,automoveis
2022,2,PORSCHE,MACAN T,,nome,COMBUSTAO,,G,gasolina,9,PORSCHE,MACAN,automoveis
2022,2,TOYOTA,CAMRY HV,,nome,HIBRIDO,,G,hev,4,TOYOTA,CAMRY,automoveis
2022,2,VW,JETTA GLI 350 TSI,,nome,COMBUSTAO,,G,gasolina,9,VW,JETTA,automoveis
2022,2,CHEVROLET,SPIN AT PREMIER,,nome,COMBUSTAO,,F,flex,10,GM,SPIN,automoveis
2022,2,CHEVROLET,SPIN AT ACT7,,nome,COMBUSTAO,,F,flex,10,GM,SPIN,automoveis
2022,2,CHEVROLET,SPIN AT ACT7,,nome,COMBUSTAO,,F,flex,10,GM,SPIN,automoveis
2022,2,CHEVROLET,SPIN AT PREMIER,,nome,COMBUSTAO,,F,flex,10,GM,SPIN,automoveis
2022,2,CHEVROLET,SPIN AT LT7,,nome,COMBUSTAO,,F,flex,10,GM,SPIN,automoveis
2022,2,CHEVROLET,SPIN AT LT7,,nome,COMBUSTAO,,F,flex,10,GM,SPIN,automoveis
2022,2,KIA,CARNIVAL EX,,nome,COMBUSTAO,,G,gasolina,9,KIA,CARNIVAL,automoveis
2022,2,KIA,CARNIVAL LX,,nome,COMBUSTAO,,G,gasolina,9,KIA,CARNIVAL,automoveis
2022,2,KIA,CARNIVAL SX,,nome,COMBUSTAO,,G,gasolina,9,KIA,CARNIVAL,automoveis
2022,2,KIA,CARNIVAL EX MY23,,nome,COMBUSTAO,,G,gasolina,9,KIA,CARNIVAL,automoveis
2022,2,KIA,CARNIVAL LX MY23,,nome,COMBUSTAO,,G,gasolina,9,KIA,CARNIVAL,automoveis
2022,2,KIA,CARNIVAL SX MY23,,nome,COMBUSTAO,,G,gasolina,9,KIA,CARNIVAL,automoveis
2022,2,BMW,X1 SDRIVE 18I GP,,nome,COMBUSTAO,,G,gasolina,9,BMW,X1,automoveis
2022,2,BMW,X1 SDRIVE 18I GP,,nome,COMBUSTAO,,G,gasolina,9,BMW,X1,automoveis
2022,2,BMW,X1 SDRIVE 20I X LINE,,nome,COMBUSTAO,,G,gasolina,9,BMW,X1,automoveis
2022,2,BMW,X1 SDRIVE 20I X LINE,,nome,COMBUSTAO,,G,gasolina,9,BMW,X1,automoveis
2022,2,BMW,X1 SDRIVE 20I M SPORT,,nome,COMBUSTAO,,G,gasolina,9,BMW,X1,automoveis
2022,2,BMW,X1 SDRIVE 20I M SPORT,,nome,COMBUSTAO,,G,gasolina,9,BMW,X1,automoveis
2022,2,CAOA CHERY,TIGGO 3X PRO,,nome,COMBUSTAO,,F,flex,10,CAOA CHERY,TIGGO 3X,automoveis
2022,2,CAOA CHERY,TIGGO 3X PRO,,nome,COMBUSTAO,,F,flex,10,CHERY,TIGGO,automoveis
2022,2,CAOA CHERY,TIGGO 3X PLUS,,nome,COMBUSTAO,,F,flex,10,CAOA CHERY,TIGGO 3X,automoveis
2022,2,CAOA CHERY,TIGGO 3X PLUS,,nome,COMBUSTAO,,F,flex,10,CHERY,TIGGO,automoveis
2022,2,CAOA CHERY,TIGGO 3X LIMITED,,nome,COMBUSTAO,,F,flex,10,CAOA CHERY,TIGGO 3X,automoveis
2022,2,CAOA CHERY,TIGGO 3X LIMITED,,nome,COMBUSTAO,,F,flex,10,CHERY,TIGGO,automoveis
2022,2,CAOA CHERY,TIGGO 3X T TA,,nome,COMBUSTAO,,F,flex,10,CAOA CHERY,TIGGO 3X,automoveis
2022,2,CAOA CHERY,TIGGO 3X T TA,,nome,COMBUSTAO,,F,flex,10,CHERY,TIGGO,automoveis
2022,2,CAOA CHERY,TIGGO 3X TX TA,,nome,COMBUSTAO,,F,flex,10,CAOA CHERY,TIGGO 3X,automoveis
2022,2,CAOA CHERY,TIGGO 3X TX TA,,nome,COMBUSTAO,,F,flex,10,CHERY,TIGGO,automoveis
2022,2,CAOA CHERY,TIGGO 3X TXS TA,,nome,COMBUSTAO,,F,flex,10,CAOA CHERY,TIGGO 3X,automoveis
2022,2,CAOA CHERY,TIGGO 3X TXS TA,,nome,COMBUSTAO,,F,flex,10,CHERY,TIGGO,automoveis
2022,2,CAOA CHERY,TIGGO 3X S TA,,nome,COMBUSTAO,,F,flex,10,CAOA CHERY,TIGGO 3X,automoveis
2022,2,CAOA CHERY,TIGGO 3X S TA,,nome,COMBUSTAO,,F,flex,10,CHERY,TIGGO,automoveis
2022,3,CAOA CHERY,TIGGO 3X ST TA,,nome,COMBUSTAO,,F,flex,10,CAOA CHERY,TIGGO 3X,automoveis
2022,3,CAOA CHERY,TIGGO 3X ST TA,,nome,COMBUSTAO,,F,flex,10,CHERY,TIGGO,automoveis
2022,3,CAOA CHERY,TIGGO 3X STX TA,,nome,COMBUSTAO,,F,flex,10,CAOA CHERY,TIGGO 3X,automoveis
2022,3,CAOA CHERY,TIGGO 3X STX TA,,nome,COMBUSTAO,,F,flex,10,CHERY,TIGGO,automoveis
2022,3,CAOA CHERY,TIGGO 5X PRO,,nome,COMBUSTAO,,F,flex,10,CAOA CHERY,TIGGO 5X,automoveis
2022,3,CAOA CHERY,TIGGO 5X PRO,,nome,COMBUSTAO,,F,flex,10,CHERY,TIGGO 5X,automoveis
2022,3,CAOA CHERY,TIGGO 5X PLUS,,nome,COMBUSTAO,,F,flex,10,CAOA CHERY,TIGGO 5X,automoveis
2022,3,CAOA CHERY,TIGGO 5X PLUS,,nome,COMBUSTAO,,F,flex,10,CHERY,TIGGO 5X,automoveis
2022,3,CAOA CHERY,TIGGO 5X PLS 15T,,nome,COMBUSTAO,,F,flex,10,CAOA CHERY,TIGGO 5X,automoveis
2022,3,CAOA CHERY,TIGGO 5X PLS 15T,,nome,COMBUSTAO,,F,flex,10,CHERY,TIGGO 5X,automoveis
2022,3,CAOA CHERY,TIGGO 5X PRO 15T,,nome,COMBUSTAO,,F,flex,10,CAOA CHERY,TIGGO 5X,automoveis
2022,3,CAOA CHERY,TIGGO 5X PRO 15T,,nome,COMBUSTAO,,F,flex,10,CHERY,TIGGO 5X,automoveis
2022,3,CAOA CHERY,TIGGO 5X T,,nome,COMBUSTAO,,F,flex,10,CAOA CHERY,TIGGO 5X,automoveis
2022,3,CAOA CHERY,TIGGO 5X T,,nome,COMBUSTAO,,F,flex,10,CHERY,TIGGO 5X,automoveis
2022,3,CAOA CHERY,TIGGO 5X TXS,,nome,COMBUSTAO,,F,flex,10,CAOA CHERY,TIGGO 5X,automoveis
2022,3,CAOA CHERY,TIGGO 5X TXS,,nome,COMBUSTAO,,F,flex,10,CHERY,TIGGO 5X,automoveis
2022,3,CAOA CHERY,TIGGO 5X H,,nome,HIBRIDO,,F,hev,4,CAOA CHERY,TIGGO 5X,automoveis
2022,3,CAOA CHERY,TIGGO 5X H,,nome,HIBRIDO,,F,hev,4,CHERY,TIGGO 5X,automoveis
2022,3,CAOA CHERY,TIGGO 5X PRO H A,,nome,HIBRIDO,,F,hev,4,CAOA CHERY,TIGGO 5X,automoveis
2022,3,CAOA CHERY,TIGGO 5X PRO H A,,nome,HIBRIDO,,F,hev,4,CHERY,TIGGO 5X,automoveis
2022,3,CAOA CHERY,TIGGO 5X PRO H,,nome,HIBRIDO,,F,hev,4,CAOA CHERY,TIGGO 5X,automoveis
2022,3,CAOA CHERY,TIGGO 5X PRO H,,nome,HIBRIDO,,F,hev,4,CHERY,TIGGO 5X,automoveis
2022,3,CHEVROLET,TRACKER 12T A,,nome,COMBUSTAO,,F,flex,10,GM,TRACKER,automoveis
2022,3,CHEVROLET,TRACKER 12T A LTZ,,nome,COMBUSTAO,,F,flex,10,GM,TRACKER,automoveis
2022,3,CHEVROLET,TRACKER 12T A PR,,nome,COMBUSTAO,,F,flex,10,GM,TRACKER,automoveis
2022,3,CHEVROLET,TRACKER T,,nome,COMBUSTAO,,F,flex,10,GM,TRACKER,automoveis
2022,3,CHEVROLET,TRACKER T A,,nome,COMBUSTAO,,F,flex,10,GM,TRACKER,automoveis
2022,3,CHEVROLET,TRACKER T A LT,,nome,COMBUSTAO,,F,flex,10,GM,TRACKER,automoveis
2022,3,CHEVROLET,TRACKER T A LTZ,,nome,COMBUSTAO,,F,flex,10,GM,TRACKER,automoveis
2022,3,CHEVROLET,TRACKER T A PR,,nome,COMBUSTAO,,F,flex,10,GM,TRACKER,automoveis
2022,3,CITROEN,C4 CACTUS FEEL AT,,nome,COMBUSTAO,,F,flex,10,CITROEN,C4 CACTUS,automoveis
2022,3,CITROEN,C4 CACTUS FEEL P,,nome,COMBUSTAO,,F,flex,10,CITROEN,C4 CACTUS,automoveis
2022,3,CITROEN,C4 CACTUS LIVE A,,nome,COMBUSTAO,,F,flex,10,CITROEN,C4 CACTUS,automoveis
2022,3,CITROEN,C4 CACTUS SHINE,,nome,COMBUSTAO,,F,flex,10,CITROEN,C4 CACTUS,automoveis
2022,3,CITROEN,C4 CACTUS XSE AT,,nome,COMBUSTAO,,F,flex,10,CITROEN,C4 CACTUS,automoveis
2022,3,CITROEN,C4 CACTUS SHINE T,,nome,COMBUSTAO,,F,flex,10,CITROEN,C4 CACTUS,automoveis
2022,3,CITROEN,C3 FEEL,,nome,COMBUSTAO,,F,flex,10,CITROEN,C3,automoveis
2022,3,CITROEN,C3 LIVE,,nome,COMBUSTAO,,F,flex,10,CITROEN,C3,automoveis
2022,3,CITROEN,C3 LIVE PK,,nome,COMBUSTAO,,F,flex,10,CITROEN,C3,automoveis
2022,3,CITROEN,C3 FIRST ED,,nome,COMBUSTAO,,F,flex,10,CITROEN,C3,automoveis
2022,3,CITROEN,C3 FEEL PK AT,,nome,COMBUSTAO,,F,flex,10,CITROEN,C3,automoveis
2022,3,CITROEN,C3 FIRST ED AT,,nome,COMBUSTAO,,F,flex,10,CITROEN,C3,automoveis
2022,3,CITROEN,C3 FEEL,,nome,COMBUSTAO,,F,flex,10,CITROEN,C3,automoveis
2022,3,FIAT,ARGO TREKKING,,nome,COMBUSTAO,,F,flex,10,FIAT,ARGO,automoveis
2022,3,FIAT,FASTBACK AUDACE,,nome,COMBUSTAO,,F,flex,10,FIAT,FASTBACK,automoveis
2022,3,FIAT,FASTBACK DRIVE,,nome,COMBUSTAO,,F,flex,10,FIAT,FASTBACK,automoveis
2022,3,FIAT,FASTBACK IMPETUS,,nome,COMBUSTAO,,F,flex,10,FIAT,FASTBACK,automoveis
2022,3,FIAT,FASTBACK TURBO 270,,nome,COMBUSTAO,,F,flex,10,FIAT,FASTBACK,automoveis
2022,3,FIAT,PULSE IMPETUS,,nome,COMBUSTAO,,F,flex,10,FIAT,PULSE,automoveis
2022,3,FIAT,PULSE AUDACE,,nome,COMBUSTAO,,F,flex,10,FIAT,PULSE,automoveis
2022,3,FIAT,PULSE DRIVE,,nome,COMBUSTAO,,F,flex,10,FIAT,PULSE,automoveis
2022,3,FIAT,PULSE DRIVE AT,,nome,COMBUSTAO,,F,flex,10,FIAT,PULSE,automoveis
2022,3,FIAT,PULSE MT,,nome,COMBUSTAO,,F,flex,10,FIAT,PULSE,automoveis
2022,3,HYUNDAI,CRETA COMFORT,,nome,COMBUSTAO,,F,flex,10,HYUNDAI,CRETA,automoveis
2022,3,HYUNDAI,CRETA LIMITED,,nome,COMBUSTAO,,F,flex,10,HYUNDAI,CRETA,automoveis
2022,3,HYUNDAI,CRETA PLATINUM,,nome,COMBUSTAO,,F,flex,10,HYUNDAI,CRETA,automoveis
2022,3,HYUNDAI,CRETA ULTIMATE,,nome,COMBUSTAO,,F,flex,10,HYUNDAI,CRETA,automoveis
2022,3,HYUNDAI,CRETA ACTION,,nome,COMBUSTAO,,F,flex,10,HYUNDAI,CRETA,automoveis
2022,3,JEEP,RENEGADE LIMITED TF,,nome,COMBUSTAO,,F,flex,10,JEEP,RENEGADE,automoveis
2022,3,JEEP,RENEGADE LONGITUDE TF,,nome,COMBUSTAO,,F,flex,10,JEEP,RENEGADE,automoveis
2022,3,JEEP,RENEGADE SPORT TF,,nome,COMBUSTAO,,F,flex,10,JEEP,RENEGADE,automoveis
2022,3,NISSAN,KICKS SENSE,,nome,COMBUSTAO,,F,flex,10,NISSAN,KICKS,automoveis
2022,3,NISSAN,KICKS SENSE,,nome,COMBUSTAO,,F,flex,10,NISSAN,KICKS,automoveis
2022,3,NISSAN,KICKS EXCLUSI,,nome,COMBUSTAO,,F,flex,10,NISSAN,KICKS,automoveis
2022,3,NISSAN,KICKS ACTIVE,,nome,COMBUSTAO,,F,flex,10,NISSAN,KICKS,automoveis
2022,3,NISSAN,KICKS ADVANCE,,nome,COMBUSTAO,,F,flex,10,NISSAN,KICKS,automoveis
2022,3,PEUGEOT,2008 GRF THP AT,,nome,COMBUSTAO,,F,flex,10,PEUGEOT,2008,automoveis
2022,3,PEUGEOT,2008 GRIFFE EAT6,,nome,COMBUSTAO,,F,flex,10,PEUGEOT,2008,automoveis
2022,3,PEUGEOT,2008 ALLURE EAT6,,nome,COMBUSTAO,,F,flex,10,PEUGEOT,2008,automoveis
2022,3,PEUGEOT,2008 ALLURE PK,,nome,COMBUSTAO,,F,flex,10,PEUGEOT,2008,automoveis
2022,3,RENAULT,KWID ZEN,,nome,COMBUSTAO,,F,flex,10,RENAULT,KWID,automoveis
2022,3,RENAULT,KWID ZEN,,nome,COMBUSTAO,,F,flex,10,RENAULT,KWID,comerciais_leves
2022,3,RENAULT,KWID INTENSE,,nome,COMBUSTAO,,F,flex,10,RENAULT,KWID,automoveis
2022,3,RENAULT,KWID INTENSE,,nome,COMBUSTAO,,F,flex,10,RENAULT,KWID,comerciais_leves
2022,3,RENAULT,KWID OUTSIDER,,nome,COMBUSTAO,,F,flex,10,RENAULT,KWID,automoveis
2022,3,RENAULT,KWID OUTSIDER,,nome,COMBUSTAO,,F,flex,10,RENAULT,KWID,comerciais_leves
2022,3,RENAULT,KWID INTENSE BITON,,nome,COMBUSTAO,,F,flex,10,RENAULT,KWID,automoveis
2022,3,RENAULT,KWID INTENSE BITON,,nome,COMBUSTAO,,F,flex,10,RENAULT,KWID,comerciais_leves
2022,3,RENAULT,SANDERO SZE,,nome,COMBUSTAO,,F,flex,10,RENAULT,SANDERO,automoveis
2022,3,VW,NIVUS,COMFORTLINE 200TSI,nome,COMBUSTAO,,F,flex,10,VW,NIVUS,automoveis
2022,3,VW,NIVUS HIGHLINE 200TSI AUTOMATICO,AUTOMATICO,nome,COMBUSTAO,,F,flex,10,VW,NIVUS,automoveis
2022,3,JEEP,RENEGADE S (OPT 400),UTILITARIO ESPORTIVO COMPACTO,nome,COMBUSTAO,,F,flex,10,JEEP,RENEGADE,automoveis
2022,3,JEEP,RENEGADE S,UTILITARIO ESPORTIVO COMPACTO,nome,COMBUSTAO,,F,flex,10,JEEP,RENEGADE,automoveis
2022,3,AUDI,Q3 PRESTIGE,4X4,nome,COMBUSTAO,,G,gasolina,9,AUDI,Q3,automoveis
2022,3,AUDI,Q3 PERFORMANCE,,nome,COMBUSTAO,,G,gasolina,9,AUDI,Q3,automoveis
2022,3,AUDI,Q3 PRESTIGE,,nome,COMBUSTAO,,G,gasolina,9,AUDI,Q3,automoveis
2022,3,AUDI,Q3 PERFORMANCE,,nome,COMBUSTAO,,G,gasolina,9,AUDI,Q3,automoveis
2022,3,AUDI,Q3 PERFORMANCE BLACK,,nome,COMBUSTAO,,G,gasolina,9,AUDI,Q3,automoveis
2022,3,AUDI,Q3 SPORTBACK PERFORMANCE,,nome,COMBUSTAO,,G,gasolina,9,AUDI,Q3,automoveis
2022,3,AUDI,Q3 SPORTBACK PERFORMANCE,,nome,COMBUSTAO,,G,gasolina,9,AUDI,Q3,automoveis
2022,3,AUDI,Q3 SPORTBACK PERFORMANCE BLACK,,nome,COMBUSTAO,,G,gasolina,9,AUDI,Q3,automoveis
2022,3,CAOA CHERY,TIGGO 7 PRO,,nome,COMBUSTAO,,G,gasolina,9,CAOA CHERY,TIGGO 7,automoveis
2022,3,CAOA CHERY,TIGGO 7 PRO,,nome,COMBUSTAO,,G,gasolina,9,CHERY,TIGGO 7,automoveis
2022,3,CAOA CHERY,TIGGO 7 PRO H,,nome,HIBRIDO,,F,hev,4,CAOA CHERY,TIGGO 7,automoveis
2022,3,CAOA CHERY,TIGGO 7 PRO H,,nome,HIBRIDO,,F,hev,4,CHERY,TIGGO 7,automoveis
2022,3,CAOA CHERY,TIGGO 7 PRO HA,,nome,HIBRIDO,,F,hev,4,CAOA CHERY,TIGGO 7,automoveis
2022,3,CAOA CHERY,TIGGO 7 PRO HA,,nome,HIBRIDO,,F,hev,4,CHERY,TIGGO 7,automoveis
2022,3,CAOA CHERY,TIGGO 8 PHEV,,nome,PLUG-IN,PHEV,G,phev,3,CAOA CHERY,TIGGO 8,automoveis
2022,3,CAOA CHERY,TIGGO 8 PHEV,,nome,PLUG-IN,PHEV,G,phev,3,CHERY,TIGGO,automoveis
2022,3,CAOA CHERY,TIGGO 8 TGDI,,nome,COMBUSTAO,,G,gasolina,9,CAOA CHERY,TIGGO 8,automoveis
2022,3,CAOA CHERY,TIGGO 8 TGDI,,nome,COMBUSTAO,,G,gasolina,9,CHERY,TIGGO,automoveis
2022,3,JEEP,COMMANDER OVERLAND,,nome,COMBUSTAO,,F,flex,10,JEEP,COMMANDER,automoveis
2022,3,JEEP,COMMANDER LIMITED,,nome,COMBUSTAO,,F,flex,10,JEEP,COMMANDER,automoveis
2022,3,JEEP,COMPASS LIMITED TF,,nome,COMBUSTAO,,F,flex,10,JEEP,COMPASS,automoveis
2022,3,JEEP,COMPASS LONGITUDE TF,,nome,COMBUSTAO,,F,flex,10,JEEP,COMPASS,automoveis
2022,3,JEEP,COMPASS SERIE S TF,,nome,COMBUSTAO,,F,flex,10,JEEP,COMPASS,automoveis
2022,3,JEEP,COMPASS SPORT TF,,nome,COMBUSTAO,,F,flex,10,JEEP,COMPASS,automoveis
2022,3,KIA,SPORTAGE TMHEV EX,,nome,HIBRIDO,MHEV,G,mhev,1,KIA,SPORTAGE,automoveis
2022,3,KIA,SPORTAGE TMHEV LX,,nome,HIBRIDO,MHEV,G,mhev,1,KIA,SPORTAGE,automoveis
2022,3,KIA,SPORTAGE TMHEV SX,,nome,HIBRIDO,MHEV,G,mhev,1,KIA,SPORTAGE,automoveis
2022,3,KIA,SPORTAGE TMHEV GT,,nome,HIBRIDO,MHEV,G,mhev,1,KIA,SPORTAGE,automoveis
2022,3,KIA,SPORTAGE TMHEV EXP,,nome,HIBRIDO,MHEV,G,mhev,1,KIA,SPORTAGE,automoveis
2022,3,MITSUBISHI,ECLIPSE CROSS GLS,,nome,COMBUSTAO,,G,gasolina,9,MITSUBISHI,ECLIPSE CROSS,automoveis
2022,3,MITSUBISHI,ECLIPSE CROSS HPE,,nome,COMBUSTAO,,G,gasolina,9,MITSUBISHI,ECLIPSE CROSS,automoveis
2022,3,MITSUBISHI,ECLIPSE CROSS HPE-S,,nome,COMBUSTAO,,G,gasolina,9,MITSUBISHI,ECLIPSE CROSS,automoveis
2022,3,PEUGEOT,3008 GT LINE,,nome,COMBUSTAO,,G,gasolina,9,PEUGEOT,3008,automoveis
2022,3,PEUGEOT,3008 GRIFFE AT,,nome,COMBUSTAO,,G,gasolina,9,PEUGEOT,3008,automoveis
2022,3,PEUGEOT,3008 GT PACK A,,nome,COMBUSTAO,,G,gasolina,9,PEUGEOT,3008,automoveis
2022,3,RENAULT,CAPTUR ZEN,,nome,COMBUSTAO,,F,flex,10,RENAULT,CAPTUR,automoveis
2022,4,RENAULT,CAPTUR INTENSE,,nome,COMBUSTAO,,F,flex,10,RENAULT,CAPTUR,automoveis
2022,4,RENAULT,CAPTUR ICONIC TURBO,,nome,COMBUSTAO,,F,flex,10,RENAULT,CAPTUR,automoveis
2022,4,RENAULT,DUSTER LIFE,,nome,COMBUSTAO,,F,flex,10,RENAULT,DUSTER,automoveis
2022,4,RENAULT,DUSTER ZEN,,nome,COMBUSTAO,,F,flex,10,RENAULT,DUSTER,automoveis
2022,4,RENAULT,DUSTER INTENSE,,nome,COMBUSTAO,,F,flex,10,RENAULT,DUSTER,automoveis
2022,4,RENAULT,DUSTER ICONIC,,nome,COMBUSTAO,,F,flex,10,RENAULT,DUSTER,automoveis
2022,4,RENAULT,DUSTER ZEN,,nome,COMBUSTAO,,F,flex,10,RENAULT,DUSTER,automoveis
2022,4,RENAULT,DUSTER ICONIC TURBO,,nome,COMBUSTAO,,F,flex,10,RENAULT,DUSTER,automoveis
2022,4,VW,TAOS,COMFORTLINE 250TSI,nome,COMBUSTAO,,F,flex,10,VW,TAOS,automoveis
2022,4,VW,TAOS HIGHLINE 250TSI AUTOMATICO,AUTOMATICO,nome,COMBUSTAO,,F,flex,10,VW,TAOS,automoveis
2022,4,VOLVO,XC40 6 ULTIMATE,,nome,ELETRICO,,E,bev,8,VOLVO,XC40,automoveis
2022,4,VOLVO,XC40 6 PLUS,,nome,ELETRICO,,E,bev,8,VOLVO,XC40,automoveis
2022,4,VOLVO,XC40 6 CORE,,nome,ELETRICO,,E,bev,8,VOLVO,XC40,automoveis
2022,4,VOLVO,XC40 P6 RECHARGE,,nome,ELETRICO,,E,bev,8,VOLVO,XC40,automoveis
2022,4,BMW,X3 M40I,UTILITARIO ESPORTIVO GRANDE,nome,COMBUSTAO,,G,gasolina,9,BMW,X3,automoveis
2022,4,BMW,X3 XDRIVE 30E,UTILITARIO ESPORTIVO GRANDE,nome,PLUG-IN,,G,phev,6,BMW,X3,automoveis
2022,4,BMW,X4 M40I,UTILITARIO ESPORTIVO GRANDE,nome,COMBUSTAO,,G,gasolina,9,BMW,X4,automoveis
2022,4,BMW,X4 XDRIVE 30I,UTILITARIO ESPORTIVO GRANDE,nome,COMBUSTAO,,G,gasolina,9,BMW,X4,automoveis
2022,4,BMW,X5 XDRIVE45E,UTILITARIO ESPORTIVO GRANDE,nome,PLUG-IN,,G,phev,6,BMW,X5,automoveis
2022,4,BMW,X6 XDRIVE 40I,UTILITARIO ESPORTIVO GRANDE,nome,COMBUSTAO,,G,gasolina,9,BMW,X6,automoveis
2022,4,BMW,X6 M COMPETITION,UTILITARIO ESPORTIVO GRANDE,nome,COMBUSTAO,,G,gasolina,9,BMW,X6,automoveis
2022,4,JEEP,COMPASS LONGITUDE TD,UTILITARIO ESPORTIVO GRANDE,nome,COMBUSTAO,,D,diesel,11,JEEP,COMPASS,automoveis
2022,4,JEEP,COMPASS SPORT TD,UTILITARIO ESPORTIVO GRANDE,nome,COMBUSTAO,,D,diesel,11,JEEP,COMPASS,automoveis
2022,4,JEEP,COMPASS LIMITED TD,UTILITARIO ESPORTIVO GRANDE,nome,COMBUSTAO,,D,diesel,11,JEEP,COMPASS,automoveis
2022,4,JEEP,COMPASS LIMITED TD,UTILITARIO ESPORTIVO GRANDE,nome,COMBUSTAO,,D,diesel,11,JEEP,COMPASS,automoveis
2022,4,JEEP,COMPASS LONGITUDE TD,UTILITARIO ESPORTIVO GRANDE,nome,COMBUSTAO,,D,diesel,11,JEEP,COMPASS,automoveis
2022,4,JEEP,COMPASS SPORT TD,UTILITARIO ESPORTIVO GRANDE,nome,COMBUSTAO,,D,diesel,11,JEEP,COMPASS,automoveis
2022,4,MERCEDES-BENZ,GLC 220D ENDR,UTILITARIO ESPORTIVO GRANDE,nome,COMBUSTAO,,D,diesel,11,M.BENZ,GLC,automoveis
2022,4,MERCEDES-BENZ,GLC 220D OFRD,UTILITARIO ESPORTIVO GRANDE,nome,COMBUSTAO,,D,diesel,11,M.BENZ,GLC,automoveis
2022,4,MERCEDES-BENZ,GLC300 4M COUPE,UTILITARIO ESPORTIVO GRANDE,nome,COMBUSTAO,,G,gasolina,9,M.BENZ,GLC,automoveis
2022,4,MITSUBISHI,ECLIPSE CROSS HPE-S S-AWC,UTILITARIO ESPORTIVO GRANDE,nome,COMBUSTAO,,G,gasolina,9,MITSUBISHI,ECLIPSE CROSS,automoveis
2022,4,PORSCHE,CAYENNE CP PHE,UTILITARIO ESPORTIVO GRANDE,nome,PLUG-IN,,G,phev,6,PORSCHE,CAYENNE,automoveis
2022,4,PORSCHE,CAYENNE CP PHEV,UTILITARIO ESPORTIVO GRANDE,nome,PLUG-IN,PHEV,G,phev,3,PORSCHE,CAYENNE,automoveis
2022,4,PORSCHE,CAYENNE CP TSP,UTILITARIO ESPORTIVO GRANDE,nome,PLUG-IN,,G,phev,6,PORSCHE,CAYENNE,automoveis
2022,4,PORSCHE,CAYENNE CP TS PHE,UTILITARIO ESPORTIVO GRANDE,nome,PLUG-IN,,G,phev,6,PORSCHE,CAYENNE,automoveis
2022,4,PORSCHE,CAYENNE TURBO,UTILITARIO ESPORTIVO GRANDE,nome,COMBUSTAO,,G,gasolina,9,PORSCHE,CAYENNE,automoveis
2022,4,PORSCHE,CAYENNE COUPE TURBO,UTILITARIO ESPORTIVO GRANDE,nome,COMBUSTAO,,G,gasolina,9,PORSCHE,CAYENNE,automoveis
2022,4,PORSCHE,CAYENNE GT COUPE,UTILITARIO ESPORTIVO GRANDE,nome,COMBUSTAO,,G,gasolina,9,PORSCHE,CAYENNE,automoveis
2022,4,VOLVO,XC40 RECHARGE PE,UTILITARIO ESPORTIVO GRANDE,nome,ELETRICO,,E,bev,8,VOLVO,XC40,automoveis
2022,4,VOLVO,XC40 8 CORE,UTILITARIO ESPORTIVO GRANDE,nome,ELETRICO,,E,bev,8,VOLVO,XC40,automoveis
2022,4,VOLVO,XC40 8 PLUS,UTILITARIO ESPORTIVO GRANDE,nome,ELETRICO,,E,bev,8,VOLVO,XC40,automoveis
2022,4,VOLVO,XC40 8 ULTIMATE,UTILITARIO ESPORTIVO GRANDE,nome,ELETRICO,,E,bev,8,VOLVO,XC40,automoveis
2022,4,VOLVO,XC40 P8 RECHARGE,UTILITARIO ESPORTIVO GRANDE,nome,ELETRICO,,E,bev,8,VOLVO,XC40,automoveis
2022,4,VOLVO,XC60 T8 MOMENTUM,UTILITARIO ESPORTIVO GRANDE,nome,PLUG-IN,,G,phev,6,VOLVO,XC60,automoveis
2022,4,VOLVO,XC60 T8 POLESTAR,UTILITARIO ESPORTIVO GRANDE,nome,PLUG-IN,,G,phev,6,VOLVO,XC60,automoveis
2022,4,VOLVO,XC60 T8 INSCRIPT,UTILITARIO ESPORTIVO GRANDE,nome,PLUG-IN,,G,phev,6,VOLVO,XC60,automoveis
2022,4,VOLVO,XC60 T8 R-DESIGN,UTILITARIO ESPORTIVO GRANDE,nome,PLUG-IN,,G,phev,6,VOLVO,XC60,automoveis
2022,4,VOLVO,XC60 INSC EXPRES,UTILITARIO ESPORTIVO GRANDE,nome,PLUG-IN,,G,phev,6,VOLVO,XC60,automoveis
2022,4,VOLVO,XC60 T8 ULT DARK,UTILITARIO ESPORTIVO GRANDE,nome,PLUG-IN,,G,phev,6,VOLVO,XC60,automoveis
2022,4,VOLVO,XC60 T8 ULTIMATE,UTILITARIO ESPORTIVO GRANDE,nome,PLUG-IN,,G,phev,6,VOLVO,XC60,automoveis
2022,4,VOLVO,XC60 T8 PLUS,UTILITARIO ESPORTIVO GRANDE,nome,PLUG-IN,,G,phev,6,VOLVO,XC60,automoveis
2022,4,VOLVO,XC60 T8 CORE,UTILITARIO ESPORTIVO GRANDE,nome,PLUG-IN,,G,phev,6,VOLVO,XC60,automoveis
2022,4,VOLVO,XC90 INSC EXPRES,UTILITARIO ESPORTIVO GRANDE,nome,PLUG-IN,,G,phev,6,VOLVO,XC90,automoveis
2022,4,VOLVO,XC90 T8 EXCELLEN,UTILITARIO ESPORTIVO GRANDE,nome,PLUG-IN,,G,phev,6,VOLVO,XC90,automoveis
2022,4,VOLVO,XC90 T8 INSCRIPT,UTILITARIO ESPORTIVO GRANDE,nome,PLUG-IN,,G,phev,6,VOLVO,XC90,automoveis
2022,4,VOLVO,XC90 T8 MOMENTUM,UTILITARIO ESPORTIVO GRANDE,nome,PLUG-IN,,G,phev,6,VOLVO,XC90,automoveis
2022,4,VOLVO,XC90 T8 POLESTAR,UTILITARIO ESPORTIVO GRANDE,nome,PLUG-IN,,G,phev,6,VOLVO,XC90,automoveis
2022,4,VOLVO,XC90 T8 R-DESIGN,UTILITARIO ESPORTIVO GRANDE,nome,PLUG-IN,,G,phev,6,VOLVO,XC90,automoveis
2022,4,VOLVO,XC90 T8 ULT DARK,UTILITARIO ESPORTIVO GRANDE,nome,PLUG-IN,,G,phev,6,VOLVO,XC90,automoveis
2022,4,VOLVO,XC90 T8 ULTIMATE,UTILITARIO ESPORTIVO GRANDE,nome,PLUG-IN,,G,phev,6,VOLVO,XC90,automoveis
2022,4,VOLVO,XC90 T8 PLUS,UTILITARIO ESPORTIVO GRANDE,nome,PLUG-IN,,G,phev,6,VOLVO,XC90,automoveis
2022,4,VOLVO,XC90 T8 CORE,UTILITARIO ESPORTIVO GRANDE,nome,PLUG-IN,,G,phev,6,VOLVO,XC90,automoveis
2022,4,JEEP,WRANGLER SAHARA,4X4,nome,COMBUSTAO,,G,gasolina,9,JEEP,WRANGLER,automoveis
2022,4,JEEP,RENEGADE TRAILHAWK TF,,nome,COMBUSTAO,,F,flex,10,JEEP,RENEGADE,automoveis
2022,4,JEEP,RENEGADE TRAILHAWK TF,,nome,COMBUSTAO,,F,flex,10,JEEP,RENEGADE,automoveis
2022,4,JEEP,WRANGLER SAHARA,,nome,COMBUSTAO,,G,gasolina,9,JEEP,WRANGLER,automoveis
2022,4,SUZUKI,JIMNY SIERRA 4YOU ALLGRIP,,nome,COMBUSTAO,,G,gasolina,9,SUZUKI,JIMNY SIERRA,automoveis
2022,4,SUZUKI,JIMNY SIERRA 4STYLE ALLGRIP,,nome,COMBUSTAO,,G,gasolina,9,SUZUKI,JIMNY SIERRA,automoveis
2022,4,SUZUKI,JIMNY SIERRA 4YOU ALLGRIP,,nome,COMBUSTAO,,G,gasolina,9,SUZUKI,JIMNY SIERRA,automoveis
2022,4,SUZUKI,JIMNY SIERRA 4ALL ALLGRIP,,nome,COMBUSTAO,,G,gasolina,9,SUZUKI,JIMNY SIERRA,automoveis
2022,4,CHEVROLET,TRAILBLAZER LT D4A,,nome,COMBUSTAO,,D,diesel,11,GM,TRAILBLAZER,automoveis
2022,4,CHEVROLET,TRAILBLAZER PRE D4A,,nome,COMBUSTAO,,D,diesel,11,GM,TRAILBLAZER,automoveis
2022,4,FORD,BRONCO SPORT WILDTRAK,,nome,COMBUSTAO,,G,gasolina,9,FORD,BRONCO,automoveis
2022,5,JEEP,COMMANDER OVERLAND TD380,,nome,COMBUSTAO,,D,diesel,11,JEEP,COMMANDER,automoveis
2022,5,JEEP,COMMANDER LIMITED TD380,,nome,COMBUSTAO,,D,diesel,11,JEEP,COMMANDER,automoveis
2022,5,JEEP,WRANGLER UNLIMITED RUBICON,,nome,COMBUSTAO,,G,gasolina,9,JEEP,WRANGLER,automoveis
2022,5,JEEP,WRANGLER UNLIMITED SAHARA,,nome,COMBUSTAO,,G,gasolina,9,JEEP,WRANGLER,automoveis
2022,5,JEEP,COMPASS TRAILHAWK TD,,nome,COMBUSTAO,,D,diesel,11,JEEP,COMPASS,automoveis
2022,5,LAND ROVER,DISCOVERY SPORT D200 S,,nome,HIBRIDO,,D,hev,4,LAND ROVER,DISCOVERY,automoveis
2022,5,LAND ROVER,DISCOVERY SPORT D200 S 7L,,nome,HIBRIDO,,D,hev,4,LAND ROVER,DISCOVERY,automoveis
2022,5,LAND ROVER,DISCOVERY SPORT D200 SE,,nome,HIBRIDO,,D,hev,4,LAND ROVER,DISCOVERY,automoveis
2022,5,LAND ROVER,DISCOVERY SPORT D200 SE RD,,nome,HIBRIDO,,D,hev,4,LAND ROVER,DISCOVERY,automoveis
2022,5,LAND ROVER,DISCOVERY SPORT D200 SE RD7L,,nome,HIBRIDO,,D,hev,4,LAND ROVER,DISCOVERY,automoveis
2022,5,LAND ROVER,DISCOVERY SPORT D200 SE 7L,,nome,HIBRIDO,,D,hev,4,LAND ROVER,DISCOVERY,automoveis
2022,5,LAND ROVER,VELAR P340,,nome,HIBRIDO,,G,hev,4,LAND ROVER,VELAR,automoveis
2022,5,LAND ROVER,VELAR P340 SE,,nome,HIBRIDO,,G,hev,4,LAND ROVER,VELAR,automoveis
2022,5,LAND ROVER,VELAR P340 SE RDYN,,nome,HIBRIDO,,G,hev,4,LAND ROVER,VELAR,automoveis
2022,5,LAND ROVER,VELAR P340 HSE RDYN,,nome,HIBRIDO,,G,hev,4,LAND ROVER,VELAR,automoveis
2022,5,LAND ROVER,EVOQUE P250FF HSERD,,nome,COMBUSTAO,,F,flex,10,LAND ROVER,EVOQUE,automoveis
2022,5,LAND ROVER,EVOQUE P250FF S,,nome,COMBUSTAO,,F,flex,10,LAND ROVER,EVOQUE,automoveis
2022,5,LAND ROVER,EVOQUE P250FF SE,,nome,COMBUSTAO,,F,flex,10,LAND ROVER,EVOQUE,automoveis
2022,5,LAND ROVER,DISCOVERY SPORT P250FF S,,nome,COMBUSTAO,,F,flex,10,LAND ROVER,DISCOVERY,automoveis
2022,5,LAND ROVER,DISCOVERY SPORT P250FF S 7L,,nome,COMBUSTAO,,F,flex,10,LAND ROVER,DISCOVERY,automoveis
2022,5,LAND ROVER,DISCOVERY SPORT P250FF SE,,nome,COMBUSTAO,,F,flex,10,LAND ROVER,DISCOVERY,automoveis
2022,5,LAND ROVER,DISCOVERY SPORT P250FF SE 7L,,nome,COMBUSTAO,,F,flex,10,LAND ROVER,DISCOVERY,automoveis
2022,5,LAND ROVER,DISCOVERY SPORT P250FF SE RD,,nome,COMBUSTAO,,F,flex,10,LAND ROVER,DISCOVERY,automoveis
2022,5,LAND ROVER,DISCOVERY SPORT P250FF SERD7,,nome,COMBUSTAO,,F,flex,10,LAND ROVER,DISCOVERY,automoveis
2022,5,LAND ROVER,DISCOVERY D300 HSERD,,nome,HIBRIDO,,D,hev,4,LAND ROVER,DISCOVERY,automoveis
2022,5,LAND ROVER,DISCOVERY D300 LE,,nome,HIBRIDO,,D,hev,4,LAND ROVER,DISCOVERY,automoveis
2022,5,LAND ROVER,DISCOVERY D300 SERD,,nome,HIBRIDO,,D,hev,4,LAND ROVER,DISCOVERY,automoveis
2022,5,LAND ROVER,DISCOVERY D300 SRD,,nome,HIBRIDO,,D,hev,4,LAND ROVER,DISCOVERY,automoveis
2022,5,LAND ROVER,DISCOVERY D300 SE,,nome,HIBRIDO,,D,hev,4,LAND ROVER,DISCOVERY,automoveis
2022,5,LAND ROVER,DEFENDER 90 -,,nome,HIBRIDO,,D,hev,4,LAND ROVER,DEFENDER,automoveis
2022,5,LAND ROVER,DEFENDER 90 S,,nome,HIBRIDO,,D,hev,4,LAND ROVER,DEFENDER,automoveis
2022,5,LAND ROVER,DEFENDER 90 SE,,nome,HIBRIDO,,D,hev,4,LAND ROVER,DEFENDER,automoveis
2022,5,LAND ROVER,DEFENDER 90 HSE,,nome,HIBRIDO,,D,hev,4,LAND ROVER,DEFENDER,automoveis
2022,5,LAND ROVER,DEFENDER 90 SE XD,,nome,HIBRIDO,,D,hev,4,LAND ROVER,DEFENDER,automoveis
2022,5,LAND ROVER,DEFENDER 90 HSE XD,,nome,HIBRIDO,,D,hev,4,LAND ROVER,DEFENDER,automoveis
2022,5,LAND ROVER,DEFENDER 110 .,,nome,HIBRIDO,,D,hev,4,LAND ROVER,DEFENDER,automoveis
2022,5,LAND ROVER,DEFENDER 110 7L,,nome,HIBRIDO,,D,hev,4,LAND ROVER,DEFENDER,automoveis
2022,5,LAND ROVER,DEFENDER 110 SE,,nome,HIBRIDO,,D,hev,4,LAND ROVER,DEFENDER,automoveis
2022,5,LAND ROVER,DEFENDER 110 SE 7L,,nome,HIBRIDO,,D,hev,4,LAND ROVER,DEFENDER,automoveis
2022,5,LAND ROVER,DEFENDER 110 SE XD,,nome,HIBRIDO,,D,hev,4,LAND ROVER,DEFENDER,automoveis
2022,5,LAND ROVER,DEFENDER 110 SE XD 7L,,nome,HIBRIDO,,D,hev,4,LAND ROVER,DEFENDER,automoveis
2022,5,LAND ROVER,DEFENDER 110 HSE,,nome,HIBRIDO,,D,hev,4,LAND ROVER,DEFENDER,automoveis
2022,5,LAND ROVER,DEFENDER 110 HSE 7L,,nome,HIBRIDO,,D,hev,4,LAND ROVER,DEFENDER,automoveis
2022,5,LAND ROVER,DEFENDER 110 HSE XD,,nome,HIBRIDO,,D,hev,4,LAND ROVER,DEFENDER,automoveis
2022,5,LAND ROVER,DEFENDER 110 HSE XD 7L,,nome,HIBRIDO,,D,hev,4,LAND ROVER,DEFENDER,automoveis
2022,5,LAND ROVER,DEFENDER 110 X,,nome,HIBRIDO,,D,hev,4,LAND ROVER,DEFENDER,automoveis
2022,5,LAND ROVER,DEFENDER 110 X 7L,,nome,HIBRIDO,,D,hev,4,LAND ROVER,DEFENDER,automoveis
2022,5,LAND ROVER,DISCOVERY SPORT D200 S,,nome,HIBRIDO,,D,hev,4,LAND ROVER,DISCOVERY,automoveis
2022,5,LAND ROVER,DISCOVERY SPORT D200 S 7L,,nome,HIBRIDO,,D,hev,4,LAND ROVER,DISCOVERY,automoveis
2022,5,LAND ROVER,DISCOVERY SPORT D200 SE,,nome,HIBRIDO,,D,hev,4,LAND ROVER,DISCOVERY,automoveis
2022,5,LAND ROVER,DISCOVERY SPORT D200 SE RD,,nome,HIBRIDO,,D,hev,4,LAND ROVER,DISCOVERY,automoveis
2022,5,LAND ROVER,DISCOVERY SPORT D200 SE RD7L,,nome,HIBRIDO,,D,hev,4,LAND ROVER,DISCOVERY,automoveis
2022,5,LAND ROVER,DISCOVERY SPORT D200 SE 7L,,nome,HIBRIDO,,D,hev,4,LAND ROVER,DISCOVERY,automoveis
2022,5,LAND ROVER,RANGE ROVER D350,,nome,HIBRIDO,,D,hev,4,LAND ROVER,RANGE ROVER,automoveis
2022,5,LAND ROVER,RANGE ROVER D350 AB,,nome,HIBRIDO,,D,hev,4,LAND ROVER,RANGE ROVER,automoveis
2022,5,LAND ROVER,RANGE ROVER D350 HSE,,nome,HIBRIDO,,D,hev,4,LAND ROVER,RANGE ROVER,automoveis
2022,5,LAND ROVER,RANGE ROVER D350 LE,,nome,HIBRIDO,,D,hev,4,LAND ROVER,RANGE ROVER,automoveis
2022,5,LAND ROVER,RANGE ROVER D350 SE,,nome,HIBRIDO,,D,hev,4,LAND ROVER,RANGE ROVER,automoveis
2022,5,LAND ROVER,RANGE ROVER D350 SV,,nome,HIBRIDO,,D,hev,4,LAND ROVER,RANGE ROVER,automoveis
2022,5,LAND ROVER,RANGE ROVER SPORT,,nome,HIBRIDO,,D,hev,4,LAND ROVER,RANGE ROVER,automoveis
2022,5,LAND ROVER,RANGE ROVER SPORT,,nome,HIBRIDO,,D,hev,4,LAND ROVER,RANGE ROVER,automoveis
2022,5,LAND ROVER,RANGE ROVER SPORT,,nome,HIBRIDO,,D,hev,4,LAND ROVER,RANGE ROVER,automoveis
2022,5,LAND ROVER,DISCOVERY D300 HSERD,,nome,HIBRIDO,,D,hev,4,LAND ROVER,DISCOVERY,automoveis
2022,5,LAND ROVER,DISCOVERY D300 LE,,nome,HIBRIDO,,D,hev,4,LAND ROVER,DISCOVERY,automoveis
2022,5,LAND ROVER,DISCOVERY D300 SERD,,nome,HIBRIDO,,D,hev,4,LAND ROVER,DISCOVERY,automoveis
2022,5,LAND ROVER,DISCOVERY D300 SRD,,nome,HIBRIDO,,D,hev,4,LAND ROVER,DISCOVERY,automoveis
2022,5,LAND ROVER,DISCOVERY D300 SE,,nome,HIBRIDO,,D,hev,4,LAND ROVER,DISCOVERY,automoveis
2022,5,LAND ROVER,RANGE ROVER P530,,nome,COMBUSTAO,,G,gasolina,9,LAND ROVER,RANGE ROVER,automoveis
2022,5,LAND ROVER,RANGE ROVER P530 AB,,nome,COMBUSTAO,,G,gasolina,9,LAND ROVER,RANGE ROVER,automoveis
2022,5,LAND ROVER,RANGE ROVER P530 HSE,,nome,COMBUSTAO,,G,gasolina,9,LAND ROVER,RANGE ROVER,automoveis
2022,5,LAND ROVER,RANGE ROVER P530 LE,,nome,COMBUSTAO,,G,gasolina,9,LAND ROVER,RANGE ROVER,automoveis
2022,5,LAND ROVER,RANGE ROVER P530 SE,,nome,COMBUSTAO,,G,gasolina,9,LAND ROVER,RANGE ROVER,automoveis
2022,5,LAND ROVER,RANGE ROVER P530 SV,,nome,COMBUSTAO,,G,gasolina,9,LAND ROVER,RANGE ROVER,automoveis
2022,5,LAND ROVER,VELAR P340,,nome,HIBRIDO,,G,hev,4,LAND ROVER,VELAR,automoveis
2022,5,LAND ROVER,VELAR P340 SE,,nome,HIBRIDO,,G,hev,4,LAND ROVER,VELAR,automoveis
2022,5,LAND ROVER,VELAR P340 SE RDYN,,nome,HIBRIDO,,G,hev,4,LAND ROVER,VELAR,automoveis
2022,5,LAND ROVER,VELAR P340 HSE RDYN,,nome,HIBRIDO,,G,hev,4,LAND ROVER,VELAR,automoveis
2022,5,LAND ROVER,DISCOVERY SPORT D200 S,,nome,HIBRIDO,,D,hev,4,LAND ROVER,DISCOVERY,automoveis
2022,5,LAND ROVER,DISCOVERY SPORT D200 S 7L,,nome,HIBRIDO,,D,hev,4,LAND ROVER,DISCOVERY,automoveis
2022,5,LAND ROVER,DISCOVERY SPORT D200 SE,,nome,HIBRIDO,,D,hev,4,LAND ROVER,DISCOVERY,automoveis
2022,5,LAND ROVER,DISCOVERY SPORT D200 SE RD,,nome,HIBRIDO,,D,hev,4,LAND ROVER,DISCOVERY,automoveis
2022,5,LAND ROVER,DISCOVERY SPORT D200 SE RD7L,,nome,HIBRIDO,,D,hev,4,LAND ROVER,DISCOVERY,automoveis
2022,5,LAND ROVER,DISCOVERY SPORT D200 SE 7L,,nome,HIBRIDO,,D,hev,4,LAND ROVER,DISCOVERY,automoveis
2022,5,LAND ROVER,VELAR P340,,nome,HIBRIDO,,G,hev,4,LAND ROVER,VELAR,automoveis
2022,5,LAND ROVER,VELAR P340 SE,,nome,HIBRIDO,,G,hev,4,LAND ROVER,VELAR,automoveis
2022,5,LAND ROVER,VELAR P340 SE RDYN,,nome,HIBRIDO,,G,hev,4,LAND ROVER,VELAR,automoveis
2022,5,LAND ROVER,VELAR P340 HSE RDYN,,nome,HIBRIDO,,G,hev,4,LAND ROVER,VELAR,automoveis
2022,5,LAND ROVER,VELAR P340,,nome,HIBRIDO,,G,hev,4,LAND ROVER,VELAR,automoveis
2022,5,LAND ROVER,VELAR P340 SE,,nome,HIBRIDO,,G,hev,4,LAND ROVER,VELAR,automoveis
2022,5,LAND ROVER,VELAR P340 SE RDYN,,nome,HIBRIDO,,G,hev,4,LAND ROVER,VELAR,automoveis
2022,5,LAND ROVER,VELAR P340 HSE RDYN,,nome,HIBRIDO,,G,hev,4,LAND ROVER,VELAR,automoveis
2022,5,LAND ROVER,VELAR PHEV SE,,nome,PLUG-IN,PHEV,G,phev,3,LAND ROVER,VELAR,automoveis
2022,5,LAND ROVER,VELAR PHEV SE RDYN,,nome,PLUG-IN,PHEV,G,phev,3,LAND ROVER,VELAR,automoveis
2022,5,LAND ROVER,VELAR PHEV HSE RDYN,,nome,PLUG-IN,PHEV,G,phev,3,LAND ROVER,VELAR,automoveis
2022,5,LAND ROVER,DEFENDER 130 HSE,,nome,HIBRIDO,,D,hev,4,LAND ROVER,DEFENDER,automoveis
2022,5,LAND ROVER,DEFENDER 130 HSE XD,,nome,HIBRIDO,,D,hev,4,LAND ROVER,DEFENDER,automoveis
2022,5,LAND ROVER,DEFENDER 130 LE,,nome,HIBRIDO,,D,hev,4,LAND ROVER,DEFENDER,automoveis
2022,5,LAND ROVER,DEFENDER 130 S,,nome,HIBRIDO,,D,hev,4,LAND ROVER,DEFENDER,automoveis
2022,5,LAND ROVER,DEFENDER 130 S XD,,nome,HIBRIDO,,D,hev,4,LAND ROVER,DEFENDER,automoveis
2022,5,LAND ROVER,DEFENDER 130 SE,,nome,HIBRIDO,,D,hev,4,LAND ROVER,DEFENDER,automoveis
2022,5,LAND ROVER,DEFENDER 130 SE XD,,nome,HIBRIDO,,D,hev,4,LAND ROVER,DEFENDER,automoveis
2022,5,LAND ROVER,DEFENDER 130 X,,nome,HIBRIDO,,D,hev,4,LAND ROVER,DEFENDER,automoveis
2022,5,MITSUBISHI,PAJERO SPORT HPE,,nome,COMBUSTAO,,D,diesel,11,MITSUBISHI,PAJERO,automoveis
2022,6,MITSUBISHI,PAJERO SPORT HPE-S,,nome,COMBUSTAO,,D,diesel,11,MITSUBISHI,PAJERO,automoveis
2022,6,TOYOTA,SW4 DIESEL 4X4 SRX,,nome,COMBUSTAO,,D,diesel,11,TOYOTA,HILUX SW4,automoveis
2022,6,TOYOTA,SW4 DIESEL 4X4 SRX,,nome,COMBUSTAO,,D,diesel,11,TOYOTA,HILUX SW4,comerciais_leves
2022,6,TOYOTA,SW4 DIESEL 4X4 DIAMOND,,nome,COMBUSTAO,,D,diesel,11,TOYOTA,HILUX SW4,automoveis
2022,6,TOYOTA,SW4 DIESEL 4X4 DIAMOND,,nome,COMBUSTAO,,D,diesel,11,TOYOTA,HILUX SW4,comerciais_leves
2022,6,TOYOTA,SW4 DIESEL 4X4 GRS,,nome,COMBUSTAO,,D,diesel,11,TOYOTA,HILUX SW4,automoveis
2022,6,TOYOTA,SW4 DIESEL 4X4 GRS,,nome,COMBUSTAO,,D,diesel,11,TOYOTA,HILUX SW4,comerciais_leves
2022,6,TOYOTA,SW4 DIESEL 4X4 GRS,,nome,COMBUSTAO,,D,diesel,11,TOYOTA,HILUX SW4,automoveis
2022,6,TOYOTA,SW4 DIESEL 4X4 GRS,,nome,COMBUSTAO,,D,diesel,11,TOYOTA,HILUX SW4,comerciais_leves
2022,6,LAND ROVER,DEFENDER 110 -,,nome,HIBRIDO,,D,hev,4,LAND ROVER,DEFENDER,automoveis
2022,6,LAND ROVER,DEFENDER 110 7L,,nome,HIBRIDO,,D,hev,4,LAND ROVER,DEFENDER,automoveis
2022,6,LAND ROVER,DEFENDER 110 SE,,nome,HIBRIDO,,D,hev,4,LAND ROVER,DEFENDER,automoveis
2022,6,LAND ROVER,DEFENDER 110 SE 7L,,nome,HIBRIDO,,D,hev,4,LAND ROVER,DEFENDER,automoveis
2022,6,LAND ROVER,DEFENDER 110 SE XD,,nome,HIBRIDO,,D,hev,4,LAND ROVER,DEFENDER,automoveis
2022,6,LAND ROVER,DEFENDER 110 SE XD 7L,,nome,HIBRIDO,,D,hev,4,LAND ROVER,DEFENDER,automoveis
2022,6,LAND ROVER,DEFENDER 110 HSE,,nome,HIBRIDO,,D,hev,4,LAND ROVER,DEFENDER,automoveis
2022,6,LAND ROVER,DEFENDER 110 HSE 7L,,nome,HIBRIDO,,D,hev,4,LAND ROVER,DEFENDER,automoveis
2022,6,LAND ROVER,DEFENDER 110 HSE XD,,nome,HIBRIDO,,D,hev,4,LAND ROVER,DEFENDER,automoveis
2022,6,LAND ROVER,DEFENDER 110 HSE XD 7L,,nome,HIBRIDO,,D,hev,4,LAND ROVER,DEFENDER,automoveis
2022,6,LAND ROVER,DEFENDER 110 X,,nome,HIBRIDO,,D,hev,4,LAND ROVER,DEFENDER,automoveis
2022,6,LAND ROVER,DEFENDER 110 X 7L,,nome,HIBRIDO,,D,hev,4,LAND ROVER,DEFENDER,automoveis
2022,6,LAND ROVER,DEFENDER 110 LE75TH,,nome,HIBRIDO,,D,hev,4,LAND ROVER,DEFENDER,automoveis
2022,6,LAND ROVER,RANGE ROVER SPORT P530 S,,nome,COMBUSTAO,,G,gasolina,9,LAND ROVER,RANGE ROVER,automoveis
2022,6,LAND ROVER,RANGE ROVER SPORT P530 SE,,nome,COMBUSTAO,,G,gasolina,9,LAND ROVER,RANGE ROVER,automoveis
2022,6,LAND ROVER,RANGE ROVER SPORT P530 AB,,nome,COMBUSTAO,,G,gasolina,9,LAND ROVER,RANGE ROVER,automoveis
2022,6,LAND ROVER,RANGE ROVER SPORT P530 LE,,nome,COMBUSTAO,,G,gasolina,9,LAND ROVER,RANGE ROVER,automoveis
2022,6,LAND ROVER,RANGE ROVER SPORT P530 SD,,nome,COMBUSTAO,,G,gasolina,9,LAND ROVER,RANGE ROVER,automoveis
2022,6,LAND ROVER,RANGE ROVER SPORT P530 SED,,nome,COMBUSTAO,,G,gasolina,9,LAND ROVER,RANGE ROVER,automoveis
2022,6,LAND ROVER,RANGE ROVER SPORT P530 HSED,,nome,COMBUSTAO,,G,gasolina,9,LAND ROVER,RANGE ROVER,automoveis
2022,6,FIAT,STRADA FREEDOM CD,,nome,COMBUSTAO,,F,flex,10,FIAT,STRADA,comerciais_leves
2022,6,FIAT,STRADA FREEDOM CS,,nome,COMBUSTAO,,F,flex,10,FIAT,STRADA,comerciais_leves
2022,6,FIAT,STRADA RANCH AT,,nome,COMBUSTAO,,F,flex,10,FIAT,STRADA,comerciais_leves
2022,6,FIAT,STRADA VOLCANO AT,,nome,COMBUSTAO,,F,flex,10,FIAT,STRADA,comerciais_leves
2022,6,FIAT,STRADA VOLCANO CD,,nome,COMBUSTAO,,F,flex,10,FIAT,STRADA,comerciais_leves
2022,6,FIAT,STRADA ENDURANCE CD,,nome,COMBUSTAO,,F,flex,10,FIAT,STRADA,comerciais_leves
2022,6,FIAT,STRADA ENDURANCE CS,,nome,COMBUSTAO,,F,flex,10,FIAT,STRADA,comerciais_leves
2022,6,FIAT,STRADA RANCH AT,,nome,COMBUSTAO,,F,flex,10,FIAT,STRADA,comerciais_leves
2022,6,FIAT,STRADA VOLCANO AT (MY23),,nome,COMBUSTAO,,F,flex,10,FIAT,STRADA,comerciais_leves
2022,6,VW,SAVEIRO TRENDLINE SC,,nome,COMBUSTAO,,F,flex,10,VW,SAVEIRO,comerciais_leves
2022,6,VW,SAVEIRO ROBUST SC,,nome,COMBUSTAO,,F,flex,10,VW,SAVEIRO,comerciais_leves
2022,6,VW,SAVEIRO CROSS CD,,nome,COMBUSTAO,,F,flex,10,VW,SAVEIRO,comerciais_leves
2022,6,VW,SAVEIRO ROBUST CD,,nome,COMBUSTAO,,F,flex,10,VW,SAVEIRO,comerciais_leves
2022,6,CHEVROLET,S10 HC DD4A,,nome,COMBUSTAO,,D,diesel,11,GM,S10,comerciais_leves
2022,6,CHEVROLET,S10 LT DD4A,,nome,COMBUSTAO,,D,diesel,11,GM,S10,comerciais_leves
2022,6,CHEVROLET,S10 LTZ DD4A,,nome,COMBUSTAO,,D,diesel,11,GM,S10,comerciais_leves
2022,6,CHEVROLET,S10 LS DD4,,nome,COMBUSTAO,,D,diesel,11,GM,S10,comerciais_leves
2022,6,CHEVROLET,S10 LT DD4,,nome,COMBUSTAO,,D,diesel,11,GM,S10,comerciais_leves
2022,6,CHEVROLET,S10 LS DS4,,nome,COMBUSTAO,,D,diesel,11,GM,S10,comerciais_leves
2022,6,CHEVROLET,S10 LS DS4C,,nome,COMBUSTAO,,D,diesel,11,GM,S10,comerciais_leves
2022,6,CHEVROLET,S10 Z71,,nome,COMBUSTAO,,D,diesel,11,GM,S10,comerciais_leves
2022,6,FIAT,TORO ENDURANCE TURBO,,nome,COMBUSTAO,,F,flex,10,FIAT,TORO,comerciais_leves
2022,6,FIAT,TORO FREEDOM TURBO (OPT 31S),,nome,COMBUSTAO,,F,flex,10,FIAT,TORO,comerciais_leves
2022,6,FIAT,TORO VOLCANO TURBO,,nome,COMBUSTAO,,F,flex,10,FIAT,TORO,comerciais_leves
2022,6,FIAT,TORO FREEDOM TURBO,,nome,COMBUSTAO,,F,flex,10,FIAT,TORO,comerciais_leves
2022,6,FIAT,TORO ENDURANCE AT9 4X4,,nome,COMBUSTAO,,D,diesel,11,FIAT,TORO,comerciais_leves
2022,6,FIAT,TORO RANCH AT9 4X4,,nome,COMBUSTAO,,D,diesel,11,FIAT,TORO,comerciais_leves
2022,6,FIAT,TORO VOLCANO AT9 4X4,,nome,COMBUSTAO,,D,diesel,11,FIAT,TORO,comerciais_leves
2022,6,FIAT,TORO ULTRA AT9 4X4,,nome,COMBUSTAO,,D,diesel,11,FIAT,TORO,comerciais_leves
2022,6,FIAT,TORO FREEDOM AT9 4X4,,nome,COMBUSTAO,,D,diesel,11,FIAT,TORO,comerciais_leves
2022,6,FORD,MAVERICK XLT,,nome,COMBUSTAO,,G,gasolina,9,FORD,MAVERICK,comerciais_leves
2022,6,FORD,MAVERICK XLT,,nome,COMBUSTAO,,G,gasolina,9,FORD,MAVERICK,automoveis
2022,6,FORD,MAVERICK LARIAT FX4,,nome,COMBUSTAO,,G,gasolina,9,FORD,MAVERICK,comerciais_leves
2022,6,FORD,MAVERICK LARIAT FX4,,nome,COMBUSTAO,,G,gasolina,9,FORD,MAVERICK,automoveis
2022,6,FORD,RANGER 4X4 CS / CD XL,,nome,COMBUSTAO,,D,diesel,11,FORD,RANGER,comerciais_leves
2022,6,FORD,RANGER 4X2 XLS,,nome,COMBUSTAO,,D,diesel,11,FORD,RANGER,comerciais_leves
2022,6,FORD,RANGER 4X2 XLS BLACK,,nome,COMBUSTAO,,D,diesel,11,FORD,RANGER,comerciais_leves
2022,6,FORD,RANGER 4X4 XLS,,nome,COMBUSTAO,,D,diesel,11,FORD,RANGER,comerciais_leves
2022,6,FORD,RANGER 4X4 XL,,nome,COMBUSTAO,,D,diesel,11,FORD,RANGER,comerciais_leves
2022,6,FORD,RANGER 4X4 XLS,,nome,COMBUSTAO,,D,diesel,11,FORD,RANGER,comerciais_leves
2022,6,FORD,RANGER 4X4 XLT,,nome,COMBUSTAO,,D,diesel,11,FORD,RANGER,comerciais_leves
2022,6,FORD,RANGER 4X4 FX4,,nome,COMBUSTAO,,D,diesel,11,FORD,RANGER,comerciais_leves
2022,6,FORD,RANGER 4X4 STORM,,nome,COMBUSTAO,,D,diesel,11,FORD,RANGER,comerciais_leves
2022,6,FORD,RANGER 4X4 LTD,,nome,COMBUSTAO,,D,diesel,11,FORD,RANGER,comerciais_leves
2022,6,JAC,IEV 330P IEV330P,,nome,ELETRICO,,E,bev,8,JAC,IEV 330P,comerciais_leves
2022,6,JEEP,GLADIATOR RUBICON,,nome,COMBUSTAO,,G,gasolina,9,JEEP,GLADIATOR,comerciais_leves
2022,6,MITSUBISHI,L200 TRITON OUTDOOR GLX,,nome,COMBUSTAO,,D,diesel,11,MITSUBISHI,L200,comerciais_leves
2022,6,MITSUBISHI,L200 TRITON OUTDOOR GLS,,nome,COMBUSTAO,,D,diesel,11,MITSUBISHI,L200,comerciais_leves
2022,6,MITSUBISHI,L200 TRITON GL,,nome,COMBUSTAO,,D,diesel,11,MITSUBISHI,L200,comerciais_leves
2022,6,MITSUBISHI,L200 TRITON GLS,,nome,COMBUSTAO,,D,diesel,11,MITSUBISHI,L200,comerciais_leves
2022,6,MITSUBISHI,L200 TRITON SAVANA,,nome,COMBUSTAO,,D,diesel,11,MITSUBISHI,L200,comerciais_leves
2022,6,MITSUBISHI,L200 TRITON SPORT GLS,,nome,COMBUSTAO,,D,diesel,11,MITSUBISHI,L200,comerciais_leves
2022,6,MITSUBISHI,L200 TRITON SPORT GLX,,nome,COMBUSTAO,,D,diesel,11,MITSUBISHI,L200,comerciais_leves
2022,6,MITSUBISHI,L200 TRITON SPORT GL,,nome,COMBUSTAO,,D,diesel,11,MITSUBISHI,L200,comerciais_leves
2022,6,MITSUBISHI,L200 TRITON SPORT GLS,,nome,COMBUSTAO,,D,diesel,11,MITSUBISHI,L200,comerciais_leves
2022,6,MITSUBISHI,L200 TRITON SPORT HPE,,nome,COMBUSTAO,,D,diesel,11,MITSUBISHI,L200,comerciais_leves
2022,6,MITSUBISHI,L200 TRITON SPORT HPE-S,,nome,COMBUSTAO,,D,diesel,11,MITSUBISHI,L200,comerciais_leves
2022,6,NISSAN,FRONTIER S,,nome,COMBUSTAO,,D,diesel,11,NISSAN,FRONTIER,comerciais_leves
2022,6,NISSAN,FRONTIER ATK,,nome,COMBUSTAO,,D,diesel,11,NISSAN,FRONTIER,comerciais_leves
2022,6,NISSAN,FRONTIER PRO4X,,nome,COMBUSTAO,,D,diesel,11,NISSAN,FRONTIER,comerciais_leves
2022,6,NISSAN,FRONTIER SE,,nome,COMBUSTAO,,D,diesel,11,NISSAN,FRONTIER,comerciais_leves
2022,6,NISSAN,FRONTIER PLT,,nome,COMBUSTAO,,D,diesel,11,NISSAN,FRONTIER,comerciais_leves
2022,6,NISSAN,FRONTIER XE,,nome,COMBUSTAO,,D,diesel,11,NISSAN,FRONTIER,comerciais_leves
2022,6,TOYOTA,HILUX DIESEL 4X4 SRX,,nome,COMBUSTAO,,D,diesel,11,TOYOTA,HILUX,comerciais_leves
2022,6,TOYOTA,HILUX DIESEL 4X4 SRV,,nome,COMBUSTAO,,D,diesel,11,TOYOTA,HILUX,comerciais_leves
2022,6,TOYOTA,HILUX DIESEL 4X4 SR,,nome,COMBUSTAO,,D,diesel,11,TOYOTA,HILUX,comerciais_leves
2022,6,TOYOTA,HILUX DIESEL 4X4 SC,,nome,COMBUSTAO,,D,diesel,11,TOYOTA,HILUX,comerciais_leves
2022,6,TOYOTA,HILUX DIESEL 4X4 CC,,nome,COMBUSTAO,,D,diesel,11,TOYOTA,HILUX,comerciais_leves
2022,6,TOYOTA,HILUX DIESEL 4X4 POWER PACK,,nome,COMBUSTAO,,D,diesel,11,TOYOTA,HILUX,comerciais_leves
2022,6,TOYOTA,HILUX DIESEL 4X4 CONQUEST,,nome,COMBUSTAO,,D,diesel,11,TOYOTA,HILUX,comerciais_leves
2022,6,VW,AMAROK V6 EXTREME CD,,nome,COMBUSTAO,,D,diesel,11,VW,AMAROK,comerciais_leves
2022,6,VW,AMAROK V6 COMFORTLINE CD,,nome,COMBUSTAO,,D,diesel,11,VW,AMAROK,comerciais_leves
2022,6,VW,AMAROK V6 HIGHLINE CD,,nome,COMBUSTAO,,D,diesel,11,VW,AMAROK,comerciais_leves
2022,6,RAM,1500 REBEL HEMI,,nome,COMBUSTAO,,G,gasolina,9,RAM,1500,comerciais_leves
2022,6,RAM,1500 REBEL HEMI CC,,nome,COMBUSTAO,,G,gasolina,9,RAM,1500,comerciais_leves
2022,6,RAM,CLASSIC LARAMIE,,nome,COMBUSTAO,,G,gasolina,9,RAM,CLASSIC,comerciais_leves
2022,6,RAM,CLASSIC RT,,nome,COMBUSTAO,,G,gasolina,9,RAM,CLASSIC,comerciais_leves
2022,6,CITROEN,JUMPY CARGO,,nome,COMBUSTAO,,D,diesel,11,CITROEN,JUMPY,comerciais_leves
2022,6,CITROEN,JUMPY VITRE,,nome,COMBUSTAO,,D,diesel,11,CITROEN,JUMPY,comerciais_leves
2022,6,CITROEN,JUMPER CARGOL2,,nome,COMBUSTAO,,D,diesel,11,CITROEN,JUMPER,comerciais_leves
2022,6,CITROEN,JUMPER CARGOPK,,nome,COMBUSTAO,,D,diesel,11,CITROEN,JUMPER,comerciais_leves
2022,6,CITROEN,JUMPER FURG PK,,nome,COMBUSTAO,,D,diesel,11,CITROEN,JUMPER,comerciais_leves
2022,6,FIAT,FIORINO ENDURANCE,,nome,COMBUSTAO,,F,flex,10,FIAT,FIORINO,comerciais_leves
2022,6,FIAT,FIORINO WORKING,,nome,COMBUSTAO,,F,flex,10,FIAT,FIORINO,comerciais_leves
2022,6,FIAT,SCUDO CARGO TD,,nome,COMBUSTAO,,D,diesel,11,FIAT,SCUDO,comerciais_leves
2022,6,FIAT,SCUDO MULTI TD,,nome,COMBUSTAO,,D,diesel,11,FIAT,SCUDO,comerciais_leves
2022,6,FORD,TRANSIT 350 F,,nome,COMBUSTAO,,D,diesel,11,FORD,TRANSIT,comerciais_leves
2022,6,FORD,TRANSIT 350 FL,,nome,COMBUSTAO,,D,diesel,11,FORD,TRANSIT,comerciais_leves
2022,6,HYUNDAI,HR HDB,,nome,COMBUSTAO,,D,diesel,11,HYUNDAI,HR,comerciais_leves
2022,6,KIA,BONGO K2500 HD SC,,nome,COMBUSTAO,,D,diesel,11,KIA,BONGO,comerciais_leves
2022,6,PEUGEOT,EXPERT CARGO,,nome,COMBUSTAO,,D,diesel,11,PEUGEOT,EXPERT,comerciais_leves
2022,6,PEUGEOT,EXPERT VITRE,,nome,COMBUSTAO,,D,diesel,11,PEUGEOT,EXPERT,comerciais_leves
2022,6,PEUGEOT,BOXER CARGO L2,,nome,COMBUSTAO,,D,diesel,11,PEUGEOT,BOXER,comerciais_leves
2022,6,PEUGEOT,BOXER CARGO PK,,nome,COMBUSTAO,,D,diesel,11,PEUGEOT,BOXER,comerciais_leves
2022,6,PEUGEOT,BOXER FURGAOPK,,nome,COMBUSTAO,,D,diesel,11,PEUGEOT,BOXER,comerciais_leves
2022,6,PEUGEOT,PARTNER RAPID BUSINS,,nome,COMBUSTAO,,F,flex,10,PEUGEOT,PARTNER,comerciais_leves
2022,6,PEUGEOT,PARTNER RAPID BUSIPK,,nome,COMBUSTAO,,F,flex,10,PEUGEOT,PARTNER,comerciais_leves
2022,6,RENAULT,KANGOO MAX ZEP,,nome,ELETRICO,,E,bev,8,RENAULT,KANGOO,automoveis
2022,6,RENAULT,KANGOO MAX ZEP,,nome,ELETRICO,,E,bev,8,RENAULT,KANGOO,comerciais_leves
2022,6,RENAULT,E-KWID CARGO,,nome,ELETRICO,,E,bev,8,RENAULT,E-KWID,automoveis
2022,6,RENAULT,MASTER FURGAO FURGAO TURBO,,nome,COMBUSTAO,,D,diesel,11,RENAULT,MASTER,comerciais_leves
2022,6,BMW,M2 COUPE,,nome,COMBUSTAO,,G,gasolina,9,BMW,M2,automoveis
2022,6,BMW,M2 COUPE TRACK,,nome,COMBUSTAO,,G,gasolina,9,BMW,M2,automoveis
2022,6,BMW,M3 COMPETITION,,nome,COMBUSTAO,,G,gasolina,9,BMW,M3,automoveis
2022,6,CHEVROLET,CAMARO 2SS CONV,,nome,COMBUSTAO,,G,gasolina,9,GM,CAMARO,automoveis
2022,6,CHEVROLET,CAMARO 2SS,,nome,COMBUSTAO,,G,gasolina,9,GM,CAMARO,automoveis
2022,6,FERRARI,F8 SPIDER,,nome,COMBUSTAO,,G,gasolina,9,FERRARI,F8 SPIDER,automoveis
2022,7,FORD,MUSTANG MACH 1,,nome,COMBUSTAO,,G,gasolina,9,FORD,MUSTANG,automoveis
2022,7,JAGUAR,F-TYPE 300RD CP,,nome,COMBUSTAO,,G,gasolina,9,JAGUAR,F-TYPE,automoveis
2022,7,JAGUAR,F-TYPE 300RD CB,,nome,COMBUSTAO,,G,gasolina,9,JAGUAR,F-TYPE,automoveis
2022,7,PORSCHE,911 TURBO S,,nome,COMBUSTAO,,G,gasolina,9,PORSCHE,911,automoveis
2022,7,PORSCHE,911 TURBO S CA,,nome,COMBUSTAO,,G,gasolina,9,PORSCHE,911,automoveis
2022,7,PORSCHE,911 TURBO,,nome,COMBUSTAO,,G,gasolina,9,PORSCHE,911,automoveis
2022,7,PORSCHE,911 TURBO CAB,,nome,COMBUSTAO,,G,gasolina,9,PORSCHE,911,automoveis
2022,7,PORSCHE,911 GT3,,nome,COMBUSTAO,,G,gasolina,9,PORSCHE,911,automoveis
2022,7,PORSCHE,911 GT3TOURING,,nome,COMBUSTAO,,G,gasolina,9,PORSCHE,911,automoveis
2022,7,PORSCHE,911 CARRERA S,,nome,COMBUSTAO,,G,gasolina,9,PORSCHE,911,automoveis
2022,7,PORSCHE,911 CARRERA SC,,nome,COMBUSTAO,,G,gasolina,9,PORSCHE,911,automoveis
2022,7,PORSCHE,911 CARRERA 4GTS,,nome,COMBUSTAO,,G,gasolina,9,PORSCHE,911,automoveis
2022,7,PORSCHE,911 CARRERA GTS,,nome,COMBUSTAO,,G,gasolina,9,PORSCHE,911,automoveis
2022,7,PORSCHE,911 CARRERA GTS CA,,nome,COMBUSTAO,,G,gasolina,9,PORSCHE,911,automoveis
2022,7,PORSCHE,911 CARRERA 4GTS C,,nome,COMBUSTAO,,G,gasolina,9,PORSCHE,911,automoveis
2022,7,PORSCHE,911 TARGA 4GTS,,nome,COMBUSTAO,,G,gasolina,9,PORSCHE,911,automoveis
2022,7,PORSCHE,911 TARGA 50Y,,nome,COMBUSTAO,,G,gasolina,9,PORSCHE,911,automoveis
2022,7,PORSCHE,911 CARRERA,,nome,COMBUSTAO,,G,gasolina,9,PORSCHE,911,automoveis
2022,7,PORSCHE,911 CARRERA C,,nome,COMBUSTAO,,G,gasolina,9,PORSCHE,911,automoveis
2022,7,PORSCHE,911 CARRERA T,,nome,COMBUSTAO,,G,gasolina,9,PORSCHE,911,automoveis
2022,7,PORSCHE,BOXSTER GTS4.0,,nome,COMBUSTAO,,G,gasolina,9,PORSCHE,BOXSTER,automoveis
2022,7,PORSCHE,CAYMAN GTS,,nome,COMBUSTAO,,G,gasolina,9,PORSCHE,CAYMAN,automoveis
2022,7,PORSCHE,BOXSTER SPYDER,,nome,COMBUSTAO,,G,gasolina,9,PORSCHE,BOXSTER,automoveis
2022,7,PORSCHE,CAYMAN GT4,,nome,COMBUSTAO,,G,gasolina,9,PORSCHE,CAYMAN,automoveis
2022,7,PORSCHE,BOXSTER --,,nome,COMBUSTAO,,G,gasolina,9,PORSCHE,BOXSTER,automoveis
2022,7,PORSCHE,BOXSTER T,,nome,COMBUSTAO,,G,gasolina,9,PORSCHE,BOXSTER,automoveis
2022,7,PORSCHE,CAYMAN --,,nome,COMBUSTAO,,G,gasolina,9,PORSCHE,CAYMAN,automoveis
2022,7,PORSCHE,CAYMAN T,,nome,COMBUSTAO,,G,gasolina,9,PORSCHE,CAYMAN,automoveis
2022,7,PORSCHE,CAYMAN GT4 RS,,nome,COMBUSTAO,,G,gasolina,9,PORSCHE,CAYMAN,automoveis
2022,7,PORSCHE,PANAMERA 4SEHS,,nome,PLUG-IN,,G,phev,6,PORSCHE,PANAMERA,automoveis
2022,7,PORSCHE,PANAMERA 4SEHY,,nome,PLUG-IN,,G,phev,6,PORSCHE,PANAMERA,automoveis
2022,7,PORSCHE,PANAMERA (MY22) TSEHY,,nome,PLUG-IN,,G,phev,6,PORSCHE,PANAMERA,automoveis
2022,7,PORSCHE,PANAMERA (MY22) 4EHST,,nome,PLUG-IN,,G,phev,6,PORSCHE,PANAMERA,automoveis
2022,7,PORSCHE,PANAMERA (MY22) 4EHYB,,nome,PLUG-IN,,G,phev,6,PORSCHE,PANAMERA,automoveis
2022,7,PORSCHE,TAYCAN 4S,,nome,ELETRICO,,E,bev,8,PORSCHE,TAYCAN,automoveis
2022,7,PORSCHE,TAYCAN TURBO,,nome,ELETRICO,,E,bev,8,PORSCHE,TAYCAN,automoveis
2022,7,PORSCHE,TAYCAN TURBO S,,nome,ELETRICO,,E,bev,8,PORSCHE,TAYCAN,automoveis
2022,7,PORSCHE,TAYCAN --,,nome,ELETRICO,,E,bev,8,PORSCHE,TAYCAN,automoveis
2022,7,PORSCHE,TAYCAN 4CT,,nome,ELETRICO,,E,bev,8,PORSCHE,TAYCAN,automoveis
2022,7,PORSCHE,TAYCAN 4GTS,,nome,ELETRICO,,E,bev,8,PORSCHE,TAYCAN,automoveis
2023,1,CAOA CHERY,ICAR EQ1 TEC,,nome,ELETRICO,,E,bev,8,CAOA CHERY,ICAR,automoveis
2023,1,FIAT,500E ICON,,nome,ELETRICO,,E,bev,8,FIAT,500E,automoveis
2023,1,FIAT,MOBI EASY,,nome,COMBUSTAO,,F,flex,10,FIAT,MOBI,automoveis
2023,1,FIAT,MOBI TREKKING,,nome,COMBUSTAO,,F,flex,10,FIAT,MOBI,automoveis
2023,1,FIAT,MOBI LIKE,,nome,COMBUSTAO,,F,flex,10,FIAT,MOBI,automoveis
2023,1,JAC,E-JS1 E-JS1,,nome,ELETRICO,,E,bev,8,JAC,E-JS1,automoveis
2023,1,JAC,E-JS1 E-JS1 EXT,,nome,ELETRICO,,E,bev,8,JAC,E-JS1,automoveis
2023,1,RENAULT,E-KWID INTENS,,nome,ELETRICO,,E,bev,8,RENAULT,E-KWID,automoveis
2023,1,FIAT,ARGO DRIVE,,nome,COMBUSTAO,,F,flex,10,FIAT,ARGO,automoveis
2023,1,FIAT,ARGO,,nome,COMBUSTAO,,F,flex,10,FIAT,ARGO,automoveis
2023,1,FIAT,ARGO DRIVE AT (MY23),,nome,COMBUSTAO,,F,flex,10,FIAT,ARGO,automoveis
2023,1,FIAT,ARGO DRIVE,,nome,COMBUSTAO,,F,flex,10,FIAT,ARGO,automoveis
2023,1,FIAT,ARGO,,nome,COMBUSTAO,,F,flex,10,FIAT,ARGO,automoveis
2023,1,FIAT,ARGO DRIVE,,nome,COMBUSTAO,,F,flex,10,FIAT,ARGO,automoveis
2023,1,HYUNDAI,HB20 SENSE,,nome,COMBUSTAO,,F,flex,10,HYUNDAI,HB20,automoveis
2023,1,HYUNDAI,HB20 COMFORT,,nome,COMBUSTAO,,F,flex,10,HYUNDAI,HB20,automoveis
2023,1,HYUNDAI,HB20 LIMITED,,nome,COMBUSTAO,,F,flex,10,HYUNDAI,HB20,automoveis
2023,1,HYUNDAI,HB20 PLATINUM,,nome,COMBUSTAO,,F,flex,10,HYUNDAI,HB20,automoveis
2023,1,HYUNDAI,HB20 COMFORT,,nome,COMBUSTAO,,F,flex,10,HYUNDAI,HB20,automoveis
2023,1,HYUNDAI,HB20 PLATINUM,,nome,COMBUSTAO,,F,flex,10,HYUNDAI,HB20,automoveis
2023,1,HYUNDAI,HB20 SENSE,,nome,COMBUSTAO,,F,flex,10,HYUNDAI,HB20,automoveis
2023,1,HYUNDAI,HB20 PLATINUM SMART SENSE,,nome,COMBUSTAO,,F,flex,10,HYUNDAI,HB20,automoveis
2023,1,HYUNDAI,HB20 PLATINUM PLUS,,nome,COMBUSTAO,,F,flex,10,HYUNDAI,HB20,automoveis
2023,1,MINI,COOPER S ELECTRIC,,nome,ELETRICO,ELECTRIC,E,bev,8,MINI,COOPER,automoveis
2023,1,MINI,COOPER S 5P,,nome,COMBUSTAO,,G,gasolina,9,MINI,COOPER,automoveis
2023,1,MINI,JCW HATCH 3P,,nome,COMBUSTAO,,G,gasolina,9,MINI,JCW,automoveis
2023,1,MINI,COOPER S 3P,,nome,COMBUSTAO,,G,gasolina,9,MINI,COOPER,automoveis
2023,1,MINI,COOPER (06/23) S 3P,,nome,COMBUSTAO,,G,gasolina,9,MINI,COOPER,automoveis
2023,1,MINI,JCW (06/23) HATCH 3P,,nome,COMBUSTAO,,G,gasolina,9,MINI,JCW,automoveis
2023,1,MINI,COOPER (06/23) S 5P,,nome,COMBUSTAO,,G,gasolina,9,MINI,COOPER,automoveis
2023,1,PEUGEOT,E-208 GT,,nome,ELETRICO,,E,bev,8,PEUGEOT,208,automoveis
2023,1,PEUGEOT,208 ACTIVE AT1,,nome,COMBUSTAO,,F,flex,10,PEUGEOT,208,automoveis
2023,1,PEUGEOT,208 ALLURE AT,,nome,COMBUSTAO,,F,flex,10,PEUGEOT,208,automoveis
2023,1,PEUGEOT,208 GRIFFE AT,,nome,COMBUSTAO,,F,flex,10,PEUGEOT,208,automoveis
2023,1,PEUGEOT,208 ROADTRIP A,,nome,COMBUSTAO,,F,flex,10,PEUGEOT,208,automoveis
2023,1,PEUGEOT,208 LIKE MT,,nome,COMBUSTAO,,F,flex,10,PEUGEOT,208,automoveis
2023,1,PEUGEOT,208 STYLE MT,,nome,COMBUSTAO,,F,flex,10,PEUGEOT,208,automoveis
2023,1,PEUGEOT,208 STYLE MT (MY24),,nome,COMBUSTAO,,F,flex,10,PEUGEOT,208,automoveis
2023,1,PEUGEOT,208 LIKE MT (MY24),,nome,COMBUSTAO,,F,flex,10,PEUGEOT,208,automoveis
2023,1,PEUGEOT,208 GRIFF,,nome,COMBUSTAO,,F,flex,10,PEUGEOT,208,automoveis
2023,1,PEUGEOT,208 ALLUR,,nome,COMBUSTAO,,F,flex,10,PEUGEOT,208,automoveis
2023,1,PEUGEOT,208 STYLE,,nome,COMBUSTAO,,F,flex,10,PEUGEOT,208,automoveis
2023,1,RENAULT,SANDERO SEDTION BS,,nome,COMBUSTAO,,F,flex,10,RENAULT,SANDERO,automoveis
2023,1,RENAULT,SANDERO SEDITION,,nome,COMBUSTAO,,F,flex,10,RENAULT,SANDERO,automoveis
2023,1,RENAULT,SANDERO LIFE10MT,,nome,COMBUSTAO,,F,flex,10,RENAULT,SANDERO,automoveis
2023,1,RENAULT,SANDERO RLIN,,nome,COMBUSTAO,,F,flex,10,RENAULT,SANDERO,automoveis
2023,1,RENAULT,SANDERO ZEN10MT,,nome,COMBUSTAO,,F,flex,10,RENAULT,SANDERO,automoveis
2023,1,RENAULT,SANDERO SZE10MT,,nome,COMBUSTAO,,F,flex,10,RENAULT,SANDERO,automoveis
2023,1,VW,GOL MPI,,nome,COMBUSTAO,,F,flex,10,VW,GOL,automoveis
2023,1,VW,GOL MPI,,nome,COMBUSTAO,,F,flex,10,VW,GOL,comerciais_leves
2023,1,AUDI,A3 SPORTBACK S LINE,,nome,HIBRIDO,,G,hev,4,AUDI,A3,automoveis
2023,1,AUDI,A3 SPORTBACK PERFORMANCE BLACK,,nome,HIBRIDO,,G,hev,4,AUDI,A3,automoveis
2023,1,BMW,118I -,,nome,COMBUSTAO,,G,gasolina,9,BMW,118I,automoveis
2023,1,BYD,DOLPHIN GS 180EV,,nome,ELETRICO,,E,bev,8,BYD,DOLPHIN,automoveis
2023,1,BYD,DOLPHIN PLUS 310EV,,nome,ELETRICO,,E,bev,8,BYD,DOLPHIN,automoveis
2023,1,CHEVROLET,BOLT LT,,nome,ELETRICO,,E,bev,8,GM,BOLT,automoveis
2023,1,CHEVROLET,BOLT PREMIER,,nome,ELETRICO,,E,bev,8,GM,BOLT,automoveis
2023,1,CHEVROLET,BOLT EUV BOLT EUV,,nome,ELETRICO,,E,bev,8,GM,BOLT,automoveis
2023,1,CHEVROLET,BOLT EUV BOLT EUV PREMIER,,nome,ELETRICO,,E,bev,8,GM,BOLT,automoveis
2023,2,CHEVROLET,ONIX 10MT LT1,,nome,COMBUSTAO,,F,flex,10,GM,ONIX,automoveis
2023,2,CHEVROLET,ONIX 10MT LT2,,nome,COMBUSTAO,,F,flex,10,GM,ONIX,automoveis
2023,2,CHEVROLET,ONIX 10TMT LT1,,nome,COMBUSTAO,,F,flex,10,GM,ONIX,automoveis
2023,2,CHEVROLET,ONIX 10MT HB,,nome,COMBUSTAO,,F,flex,10,GM,ONIX,automoveis
2023,2,CHEVROLET,ONIX 10TMT LTZ,,nome,COMBUSTAO,,F,flex,10,GM,ONIX,automoveis
2023,2,CHEVROLET,ONIX 10TAT HB (PRODUZIDOS ATE 22JAN23),,nome,COMBUSTAO,,F,flex,10,GM,ONIX,automoveis
2023,2,CHEVROLET,ONIX 10TAT LT1 (PRODUZIDOS ATE 22JAN23),,nome,COMBUSTAO,,F,flex,10,GM,ONIX,automoveis
2023,2,CHEVROLET,ONIX 10TAT LTZ (PRODUZIDOS ATE 22JAN23),,nome,COMBUSTAO,,F,flex,10,GM,ONIX,automoveis
2023,2,CHEVROLET,ONIX 10TAT PR2 (PRODUZIDOS ATE 22JAN23),,nome,COMBUSTAO,,F,flex,10,GM,ONIX,automoveis
2023,2,CHEVROLET,ONIX 10TAT RS (PRODUZIDOS ATE 22JAN23),,nome,COMBUSTAO,,F,flex,10,GM,ONIX,automoveis
2023,2,CHEVROLET,ONIX,10TAT HB (PRODUZIDOS A PARTIR DE,nome,COMBUSTAO,,F,flex,10,GM,ONIX,automoveis
2023,2,CHEVROLET,ONIX,10TAT LT1,nome,COMBUSTAO,,F,flex,10,GM,ONIX,automoveis
2023,2,CHEVROLET,ONIX,10TAT LTZ (PRODUZIDOS A PARTIR DE,nome,COMBUSTAO,,F,flex,10,GM,ONIX,automoveis
2023,2,CHEVROLET,ONIX,10TAT PR2,nome,COMBUSTAO,,F,flex,10,GM,ONIX,automoveis
2023,2,CHEVROLET,ONIX,10TAT RS (PRODUZIDOS A PARTIR DE,nome,COMBUSTAO,,F,flex,10,GM,ONIX,automoveis
2023,2,CHEVROLET,ONIX 10MT HB MY24,23JAN23),nome,COMBUSTAO,,F,flex,10,GM,ONIX,automoveis
2023,2,CHEVROLET,ONIX 10MT LT1 MY24,,nome,COMBUSTAO,,F,flex,10,GM,ONIX,automoveis
2023,2,CHEVROLET,ONIX 10MT LT2 MY24,,nome,COMBUSTAO,,F,flex,10,GM,ONIX,automoveis
2023,2,CHEVROLET,ONIX (MY24.5) 10TAT HB,,nome,COMBUSTAO,,F,flex,10,GM,ONIX,automoveis
2023,2,CHEVROLET,ONIX (MY24.5) 10TAT LT1,,nome,COMBUSTAO,,F,flex,10,GM,ONIX,automoveis
2023,2,CHEVROLET,ONIX (MY24.5) 10TAT LTZ,,nome,COMBUSTAO,,F,flex,10,GM,ONIX,automoveis
2023,2,CHEVROLET,ONIX (MY24.5) 10TAT PR2,,nome,COMBUSTAO,,F,flex,10,GM,ONIX,automoveis
2023,2,CHEVROLET,ONIX (MY24.5) 10TAT RS,,nome,COMBUSTAO,,F,flex,10,GM,ONIX,automoveis
2023,2,CHEVROLET,ONIX PLUS 10MT LT1,,nome,COMBUSTAO,,F,flex,10,GM,ONIX PLUS,automoveis
2023,2,CHEVROLET,ONIX PLUS 10MT LT2,,nome,COMBUSTAO,,F,flex,10,GM,ONIX PLUS,automoveis
2023,2,CHEVROLET,ONIX PLUS 10TMT LT1,,nome,COMBUSTAO,,F,flex,10,GM,ONIX PLUS,automoveis
2023,2,CHEVROLET,ONIX PLUS 10TMT LTZ,,nome,COMBUSTAO,,F,flex,10,GM,ONIX PLUS,automoveis
2023,2,CHEVROLET,ONIX PLUS 10TAT NB,,nome,COMBUSTAO,,F,flex,10,GM,ONIX PLUS,automoveis
2023,2,CHEVROLET,ONIX PLUS 10TAT LT1,,nome,COMBUSTAO,,F,flex,10,GM,ONIX PLUS,automoveis
2023,2,CHEVROLET,ONIX PLUS 10TAT LTZ,,nome,COMBUSTAO,,F,flex,10,GM,ONIX PLUS,automoveis
2023,2,CHEVROLET,ONIX PLUS 10TAT PR2,,nome,COMBUSTAO,,F,flex,10,GM,ONIX PLUS,automoveis
2023,2,CHEVROLET,ONIX PLUS 10MT LT1 MY24,,nome,COMBUSTAO,,F,flex,10,GM,ONIX PLUS,automoveis
2023,2,CHEVROLET,ONIX PLUS 10MT LT2 MY24,,nome,COMBUSTAO,,F,flex,10,GM,ONIX PLUS,automoveis
2023,2,CHEVROLET,ONIX PLUS (MY24.5) 10TAT PR2,,nome,COMBUSTAO,,F,flex,10,GM,ONIX PLUS,automoveis
2023,2,CHEVROLET,ONIX PLUS (MY24.5) 10TAT NB,,nome,COMBUSTAO,,F,flex,10,GM,ONIX PLUS,automoveis
2023,2,CHEVROLET,ONIX PLUS (MY24.5) 10TAT LT1,,nome,COMBUSTAO,,F,flex,10,GM,ONIX PLUS,automoveis
2023,2,CHEVROLET,ONIX PLUS (MY24.5) 10TAT LTZ,,nome,COMBUSTAO,,F,flex,10,GM,ONIX PLUS,automoveis
2023,2,CHEVROLET,SPIN,,nome,COMBUSTAO,,F,flex,10,GM,SPIN,automoveis
2023,2,CHEVROLET,SPIN,,nome,COMBUSTAO,,F,flex,10,GM,SPIN,automoveis
2023,2,CHEVROLET,SPIN,,nome,COMBUSTAO,,F,flex,10,GM,SPIN,automoveis
2023,2,CHEVROLET,SPIN,,nome,COMBUSTAO,,F,flex,10,GM,SPIN,automoveis
2023,2,CHEVROLET,SPIN,,nome,COMBUSTAO,,F,flex,10,GM,SPIN,automoveis
2023,2,CHEVROLET,SPIN,,nome,COMBUSTAO,,F,flex,10,GM,SPIN,automoveis
2023,2,FIAT,CRONOS,,nome,COMBUSTAO,,F,flex,10,FIAT,CRONOS,automoveis
2023,2,FIAT,CRONOS DRIVE,,nome,COMBUSTAO,,F,flex,10,FIAT,CRONOS,automoveis
2023,2,FIAT,CRONOS DRIVE,,nome,COMBUSTAO,,F,flex,10,FIAT,CRONOS,automoveis
2023,2,FIAT,CRONOS PREC,,nome,COMBUSTAO,,F,flex,10,FIAT,CRONOS,automoveis
2023,2,FIAT,CRONOS DRIVE,,nome,COMBUSTAO,,F,flex,10,FIAT,CRONOS,automoveis
2023,2,FIAT,CRONOS,,nome,COMBUSTAO,,F,flex,10,FIAT,CRONOS,automoveis
2023,2,FIAT,CRONOS DRIVE,,nome,COMBUSTAO,,F,flex,10,FIAT,CRONOS,automoveis
2023,2,GWM,ORA 03 GT BEV63,,nome,ELETRICO,,E,bev,8,GWM,ORA 03,automoveis
2023,2,GWM,ORA 03 SKIN BEV48,,nome,ELETRICO,,E,bev,8,GWM,ORA 03,automoveis
2023,2,HONDA,CITY EX,,nome,COMBUSTAO,,F,flex,10,HONDA,CITY,automoveis
2023,2,HONDA,CITY EXL,,nome,COMBUSTAO,,F,flex,10,HONDA,CITY,automoveis
2023,2,HONDA,CITY TOURING,,nome,COMBUSTAO,,F,flex,10,HONDA,CITY,automoveis
2023,2,HONDA,CITY HATCH EXL,,nome,COMBUSTAO,,F,flex,10,HONDA,CITY HATCH,automoveis
2023,2,HONDA,CITY HATCH TOURING,,nome,COMBUSTAO,,F,flex,10,HONDA,CITY HATCH,automoveis
2023,2,HONDA,HR-V EX HONDA SENSING,,nome,COMBUSTAO,,F,flex,10,HONDA,HR-V,automoveis
2023,2,HONDA,HR-V EXL HONDA SENSING,,nome,COMBUSTAO,,F,flex,10,HONDA,HR-V,automoveis
2023,2,HONDA,HR-V ADVANCE,,nome,COMBUSTAO,,F,flex,10,HONDA,HR-V,automoveis
2023,2,HONDA,HR-V TOURING,,nome,COMBUSTAO,,F,flex,10,HONDA,HR-V,automoveis
2023,2,HYUNDAI,IONIQ HEV,,nome,HIBRIDO,HEV,G,hev,4,HYUNDAI,IONIQ,automoveis
2023,2,HYUNDAI,HB20S COMFORT,,nome,COMBUSTAO,,F,flex,10,HYUNDAI,HB20S,automoveis
2023,2,HYUNDAI,HB20S LIMITED,,nome,COMBUSTAO,,F,flex,10,HYUNDAI,HB20S,automoveis
2023,2,HYUNDAI,HB20S PLATINUM,,nome,COMBUSTAO,,F,flex,10,HYUNDAI,HB20S,automoveis
2023,2,HYUNDAI,HB20S COMFORT,,nome,COMBUSTAO,,F,flex,10,HYUNDAI,HB20S,automoveis
2023,2,HYUNDAI,HB20S COMFORT,,nome,COMBUSTAO,,F,flex,10,HYUNDAI,HB20S,automoveis
2023,2,HYUNDAI,HB20S PLATINUM,,nome,COMBUSTAO,,F,flex,10,HYUNDAI,HB20S,automoveis
2023,2,HYUNDAI,HB20S SENSE,,nome,COMBUSTAO,,F,flex,10,HYUNDAI,HB20S,automoveis
2023,2,HYUNDAI,HB20S PLATINUM SMART SENSE,,nome,COMBUSTAO,,F,flex,10,HYUNDAI,HB20S,automoveis
2023,2,HYUNDAI,KONA HEV HEV GLS,,nome,HIBRIDO,HEV,G,hev,4,HYUNDAI,KONA,automoveis
2023,2,HYUNDAI,KONA HEV HEV LTD,,nome,HIBRIDO,HEV,G,hev,4,HYUNDAI,KONA,automoveis
2023,2,HYUNDAI,KONA EV EV39,,nome,ELETRICO,EV,E,bev,8,HYUNDAI,KONA,automoveis
2023,3,KIA,STONIC MHEV EX,,nome,HIBRIDO,MHEV,G,mhev,1,KIA,STONIC,automoveis
2023,3,KIA,STONIC MHEV LX,,nome,HIBRIDO,MHEV,G,mhev,1,KIA,STONIC,automoveis
2023,3,KIA,STONIC MHEV SX,,nome,HIBRIDO,MHEV,G,mhev,1,KIA,STONIC,automoveis
2023,3,KIA,STONIC MHEV GT,,nome,HIBRIDO,MHEV,G,mhev,1,KIA,STONIC,automoveis
2023,3,MERCEDES-BENZ,A250,,nome,COMBUSTAO,,G,gasolina,9,M.BENZ,A250,automoveis
2023,3,NISSAN,VERSA SENSE,,nome,COMBUSTAO,,F,flex,10,NISSAN,VERSA,automoveis
2023,3,NISSAN,VERSA SENSE,,nome,COMBUSTAO,,F,flex,10,NISSAN,VERSA,automoveis
2023,3,NISSAN,VERSA EXCLUSIVE,,nome,COMBUSTAO,,F,flex,10,NISSAN,VERSA,automoveis
2023,3,NISSAN,VERSA ADVANCE,,nome,COMBUSTAO,,F,flex,10,NISSAN,VERSA,automoveis
2023,3,PEUGEOT,E2008 GT,,nome,ELETRICO,,E,bev,8,PEUGEOT,E2008,automoveis
2023,3,RENAULT,LOGAN ZEN16CVT,,nome,COMBUSTAO,,F,flex,10,RENAULT,LOGAN,automoveis
2023,3,RENAULT,LOGAN LIFE,,nome,COMBUSTAO,,F,flex,10,RENAULT,LOGAN,automoveis
2023,3,RENAULT,LOGAN ZEN,,nome,COMBUSTAO,,F,flex,10,RENAULT,LOGAN,automoveis
2023,3,RENAULT,ZOE LIFE,,nome,ELETRICO,,E,bev,8,RENAULT,ZOE,automoveis
2023,3,RENAULT,ZOE NEO INT,,nome,ELETRICO,,E,bev,8,RENAULT,ZOE,automoveis
2023,3,RENAULT,ZOE INTENSE,,nome,ELETRICO,,E,bev,8,RENAULT,ZOE,automoveis
2023,3,RENAULT,MEGANE E-TECH,,nome,ELETRICO,,E,bev,8,RENAULT,MEGANE,automoveis
2023,3,TOYOTA,YARIS HATCHBACK XS,,nome,COMBUSTAO,,F,flex,10,TOYOTA,YARIS HB,automoveis
2023,3,TOYOTA,YARIS HATCHBACK XL,,nome,COMBUSTAO,,F,flex,10,TOYOTA,YARIS HB,automoveis
2023,3,TOYOTA,YARIS HATCHBACK XLS,,nome,COMBUSTAO,,F,flex,10,TOYOTA,YARIS HB,automoveis
2023,3,TOYOTA,YARIS SEDA XS,,nome,COMBUSTAO,,F,flex,10,TOYOTA,YARIS SEDAN,automoveis
2023,3,TOYOTA,YARIS SEDA XL,,nome,COMBUSTAO,,F,flex,10,TOYOTA,YARIS SEDAN,automoveis
2023,3,TOYOTA,YARIS SEDA XLS,,nome,COMBUSTAO,,F,flex,10,TOYOTA,YARIS SEDAN,automoveis
2023,3,VW,T CROSS SENSE 200 TSI AUTOMATICO,,nome,COMBUSTAO,,F,flex,10,VW,T CROSS,automoveis
2023,3,VW,T CROSS 200TSI AUTOMATICO,,nome,COMBUSTAO,,F,flex,10,VW,T CROSS,automoveis
2023,3,VW,T CROSS COMFORTLINE 200TSI AUTOMATICO,,nome,COMBUSTAO,,F,flex,10,VW,T CROSS,automoveis
2023,3,VW,T CROSS HIGHLINE 250TSI AUTOMATICO,,nome,COMBUSTAO,,F,flex,10,VW,T CROSS,automoveis
2023,3,VW,T CROSS SENSE 200 TSI AUTOMATICO (MY24),,nome,COMBUSTAO,,F,flex,10,VW,T CROSS,automoveis
2023,3,VW,T CROSS,COMFORTLINE 200TSI AUTOMATICO,nome,COMBUSTAO,,F,flex,10,VW,T CROSS,automoveis
2023,3,VW,T CROSS,HIGHLINE 250TSI AUTOMATICO,nome,COMBUSTAO,,F,flex,10,VW,T CROSS,automoveis
2023,3,VW,POLO COMFORTLINE TSI AUTOMATICO,(MY24),nome,COMBUSTAO,,F,flex,10,VW,POLO,automoveis
2023,3,VW,POLO HIGHLINE TSI AUTOMATICO,,nome,COMBUSTAO,,F,flex,10,VW,POLO,automoveis
2023,3,VW,POLO MPI,,nome,COMBUSTAO,,F,flex,10,VW,POLO,automoveis
2023,3,VW,POLO TSI MANUAL,,nome,COMBUSTAO,,F,flex,10,VW,POLO,automoveis
2023,3,VW,POLO GTS 250TSI AUTOMATICO,,nome,COMBUSTAO,,F,flex,10,VW,POLO,automoveis
2023,3,VW,POLO GTS 250TSI AUTOMATICO (AD),,nome,COMBUSTAO,,F,flex,10,VW,POLO,automoveis
2023,3,VW,POLO TRACK MPI,,nome,COMBUSTAO,,F,flex,10,VW,POLO,automoveis
2023,3,VW,POLO TRACK FIRST EDITION,,nome,COMBUSTAO,,F,flex,10,VW,POLO,automoveis
2023,3,VW,POLO TSI MANUAL (MY24),,nome,COMBUSTAO,,F,flex,10,VW,POLO,automoveis
2023,3,VW,POLO COMFORTLINE TSI AUT.(MY24),,nome,COMBUSTAO,,F,flex,10,VW,POLO,automoveis
2023,3,VW,POLO HIGHLINE TSI AUTOMATICO (MY24),,nome,COMBUSTAO,,F,flex,10,VW,POLO,automoveis
2023,3,VW,POLO SENSE TSI AUT.(MY24),,nome,COMBUSTAO,,F,flex,10,VW,POLO,automoveis
2023,3,VW,POLO TRACK MPI (MY24),,nome,COMBUSTAO,,F,flex,10,VW,POLO,automoveis
2023,3,VW,POLO MPI (MY24),,nome,COMBUSTAO,,F,flex,10,VW,POLO,automoveis
2023,3,VW,POLO GTS 250TSI AUT.(MY24),,nome,COMBUSTAO,,F,flex,10,VW,POLO,automoveis
2023,3,VW,VIRTUS GTS 250TSI AUTOMATICO,,nome,COMBUSTAO,,F,flex,10,VW,VIRTUS,automoveis
2023,3,VW,VIRTUS TSI MANUAL,,nome,COMBUSTAO,,F,flex,10,VW,VIRTUS,automoveis
2023,3,VW,VIRTUS TSI AUTOMATICO,,nome,COMBUSTAO,,F,flex,10,VW,VIRTUS,automoveis
2023,3,VW,VIRTUS COMFORTLINE 200TSI AUT. (MY24),,nome,COMBUSTAO,,F,flex,10,VW,VIRTUS,automoveis
2023,3,VW,VIRTUS HIGHLINE 200TSI AUTOMATICO,,nome,COMBUSTAO,,F,flex,10,VW,VIRTUS,automoveis
2023,3,VW,VIRTUS COMFORTLINE 200TSI AUTOMATICO,,nome,COMBUSTAO,,F,flex,10,VW,VIRTUS,automoveis
2023,3,VW,VIRTUS HIGHLINE 200TSI AUTOMATICO,,nome,COMBUSTAO,,F,flex,10,VW,VIRTUS,automoveis
2023,3,VW,VIRTUS TSI AUTOMATICO (MY24),,nome,COMBUSTAO,,F,flex,10,VW,VIRTUS,automoveis
2023,3,VW,VIRTUS TSI MANUAL (MY24),,nome,COMBUSTAO,,F,flex,10,VW,VIRTUS,automoveis
2023,3,VW,VIRTUS COMFORTLINE 200TSI AUT. (MY24),,nome,COMBUSTAO,,F,flex,10,VW,VIRTUS,automoveis
2023,3,VW,VIRTUS HIGHLINE 200TSI AUT. (MY24),,nome,COMBUSTAO,,F,flex,10,VW,VIRTUS,automoveis
2023,3,VW,VIRTUS EXCLUSIVE 250TSI AUT.(MY24),,nome,COMBUSTAO,,F,flex,10,VW,VIRTUS,automoveis
2023,3,VW,VOYAGE MPI,,nome,COMBUSTAO,,F,flex,10,VW,VOYAGE,automoveis
2023,3,AUDI,A3 SEDAN S LINE,,nome,HIBRIDO,,G,hev,4,AUDI,A3 SEDAN,automoveis
2023,3,AUDI,A3 SEDAN PERFORMANCE BLACK,,nome,HIBRIDO,,G,hev,4,AUDI,A3 SEDAN,automoveis
2023,3,BYD,D1 GL 180EV,,nome,ELETRICO,,E,bev,8,BYD,D1,automoveis
2023,3,BYD,D1 GS 180EV,,nome,ELETRICO,,E,bev,8,BYD,D1,automoveis
2023,3,BMW,218I -,,nome,COMBUSTAO,,G,gasolina,9,BMW,218I,automoveis
2023,3,CAOA CHERY,ARRIZO 6 PRO,,nome,COMBUSTAO,,F,flex,10,CAOA CHERY,ARRIZO 6,automoveis
2023,3,CAOA CHERY,ARRIZO 6 PRO H,,nome,HIBRIDO,,F,hev,4,CAOA CHERY,ARRIZO 6,automoveis
2023,3,CHEVROLET,CRUZE HB LT HB AT,,nome,COMBUSTAO,,F,flex,10,GM,CRUZE HB,automoveis
2023,3,CHEVROLET,CRUZE HB LTZ HB AT,,nome,COMBUSTAO,,F,flex,10,GM,CRUZE HB,automoveis
2023,3,CHEVROLET,CRUZE HB PRE HB AT,,nome,COMBUSTAO,,F,flex,10,GM,CRUZE HB,automoveis
2023,3,CHEVROLET,CRUZE HB PRE2 HB AT,,nome,COMBUSTAO,,F,flex,10,GM,CRUZE HB,automoveis
2023,3,CHEVROLET,CRUZE HB RS HB AT,,nome,COMBUSTAO,,F,flex,10,GM,CRUZE HB,automoveis
2023,3,CHEVROLET,CRUZE NB LT NB AT,,nome,COMBUSTAO,,F,flex,10,GM,CRUZE SEDAN,automoveis
2023,3,CHEVROLET,CRUZE NB LTZ NB AT,,nome,COMBUSTAO,,F,flex,10,GM,CRUZE SEDAN,automoveis
2023,3,CHEVROLET,CRUZE NB PRE NB AT,,nome,COMBUSTAO,,F,flex,10,GM,CRUZE SEDAN,automoveis
2023,3,CHEVROLET,CRUZE NB PRE2 NB AT,,nome,COMBUSTAO,,F,flex,10,GM,CRUZE SEDAN,automoveis
2023,3,CHEVROLET,CRUZE NB MID NB AT,,nome,COMBUSTAO,,F,flex,10,GM,CRUZE SEDAN,automoveis
2023,4,HONDA,CIVIC HYBRID TOURING,2 2,nome,HIBRIDO,HYBRID,G,hev,4,HONDA,CIVIC,automoveis
2023,4,HONDA,ZR-V TOURING,,nome,COMBUSTAO,,G,gasolina,9,HONDA,ZR-V,automoveis
2023,4,JEEP,COMPASS S 4XE,,nome,PLUG-IN,,G,phev,6,JEEP,COMPASS,automoveis
2023,4,MERCEDES-BENZ,GLA200 AMG LINE(L7),,nome,COMBUSTAO,,G,gasolina,9,M.BENZ,CLASSE GLA,automoveis
2023,4,NISSAN,LEAF TEKNA,,nome,ELETRICO,,E,bev,8,NISSAN,LEAF,automoveis
2023,4,TOYOTA,COROLLA CROSS XRV HYBRID,,nome,HIBRIDO,HYBRID,F,hev,4,TOYOTA,COROLLA CROSS,automoveis
2023,4,TOYOTA,COROLLA CROSS XRX HYBRID,,nome,HIBRIDO,HYBRID,F,hev,4,TOYOTA,COROLLA CROSS,automoveis
2023,4,TOYOTA,COROLLA CROSS XR 20,,nome,COMBUSTAO,,F,flex,10,TOYOTA,COROLLA CROSS,automoveis
2023,4,TOYOTA,COROLLA CROSS XRE 20,,nome,COMBUSTAO,,F,flex,10,TOYOTA,COROLLA CROSS,automoveis
2023,4,TOYOTA,COROLLA CROSS GRS,,nome,COMBUSTAO,,F,flex,10,TOYOTA,COROLLA CROSS,automoveis
2023,4,TOYOTA,COROLLA CROSS XRX 20,,nome,COMBUSTAO,,F,flex,10,TOYOTA,COROLLA CROSS,automoveis
2023,4,TOYOTA,COROLLA APREMIUMH,,nome,HIBRIDO,,F,hev,4,TOYOTA,COROLLA,automoveis
2023,4,TOYOTA,COROLLA ALTIS HV,,nome,HIBRIDO,,F,hev,4,TOYOTA,COROLLA,automoveis
2023,4,TOYOTA,COROLLA XEI 20,,nome,COMBUSTAO,,F,flex,10,TOYOTA,COROLLA,automoveis
2023,4,TOYOTA,COROLLA GLI 20,,nome,COMBUSTAO,,F,flex,10,TOYOTA,COROLLA,automoveis
2023,4,TOYOTA,COROLLA ALTIS 20,,nome,COMBUSTAO,,F,flex,10,TOYOTA,COROLLA,automoveis
2023,4,TOYOTA,COROLLA HB GR,,nome,COMBUSTAO,,G,gasolina,9,TOYOTA,COROLLA GR,automoveis
2023,4,TOYOTA,COROLLA HB GR R,,nome,COMBUSTAO,,G,gasolina,9,TOYOTA,COROLLA GR,automoveis
2023,4,TOYOTA,COROLLA GRS,,nome,COMBUSTAO,,F,flex,10,TOYOTA,COROLLA,automoveis
2023,4,TOYOTA,COROLLA APREMIUMH HV (MY 2024),,nome,HIBRIDO,,F,hev,4,TOYOTA,COROLLA,automoveis
2023,4,TOYOTA,COROLLA ALTIS HV (MY 2024),,nome,HIBRIDO,,F,hev,4,TOYOTA,COROLLA,automoveis
2023,4,TOYOTA,COROLLA XEI 20 (MY 2024),,nome,COMBUSTAO,,F,flex,10,TOYOTA,COROLLA,automoveis
2023,4,TOYOTA,COROLLA GLI 20 (MY 2024),,nome,COMBUSTAO,,F,flex,10,TOYOTA,COROLLA,automoveis
2023,4,TOYOTA,COROLLA ALTIS 20 (MY 2024),,nome,COMBUSTAO,,F,flex,10,TOYOTA,COROLLA,automoveis
2023,4,TOYOTA,COROLLA GRS (MY 2024),,nome,COMBUSTAO,,F,flex,10,TOYOTA,COROLLA,automoveis
2023,4,AUDI,A4 SEDAN PRESTIGE,,nome,COMBUSTAO,,G,gasolina,9,AUDI,A4,automoveis
2023,4,AUDI,A4 SEDAN S LINE,,nome,COMBUSTAO,,G,gasolina,9,AUDI,A4,automoveis
2023,4,AUDI,A5 SPORTBACK S LINE,,nome,COMBUSTAO,,G,gasolina,9,AUDI,A5,automoveis
2023,4,AUDI,RS 6 AVANT -,,nome,HIBRIDO,,G,hev,4,AUDI,RS,automoveis
2023,4,AUDI,Q5 PRESTIGE,,nome,COMBUSTAO,,G,gasolina,9,AUDI,Q5,automoveis
2023,4,AUDI,Q5 S LINE,,nome,COMBUSTAO,,G,gasolina,9,AUDI,Q5,automoveis
2023,4,AUDI,Q5 S LINE BLACK,,nome,COMBUSTAO,,G,gasolina,9,AUDI,Q5,automoveis
2023,4,AUDI,Q7 PERFORMANCE,,nome,HIBRIDO,,G,hev,4,AUDI,Q7,automoveis
2023,4,AUDI,Q7 PERFORMANCE BLACK,,nome,HIBRIDO,,G,hev,4,AUDI,Q7,automoveis
2023,4,AUDI,RS E-TRON GT -,,nome,ELETRICO,E-TRON,E,bev,8,AUDI,RS,automoveis
2023,4,AUDI,Q5 TFSIE PERFORMANCE,,nome,PLUG-IN,,G,phev,6,AUDI,Q5,automoveis
2023,4,AUDI,Q5 TFSIE PERFORMANCE BLACK,,nome,PLUG-IN,,G,phev,6,AUDI,Q5,automoveis
2023,4,AUDI,Q5 SPORTBACK TFSIE PERFORMANCE,,nome,PLUG-IN,,G,phev,6,AUDI,Q5,automoveis
2023,4,AUDI,Q5 SPORTBACK TFSIE PERFORMANCE BLACK,,nome,PLUG-IN,,G,phev,6,AUDI,Q5,automoveis
2023,4,AUDI,Q5 TFSIE PERFORMANCE (ED. 0),,nome,PLUG-IN,,G,phev,6,AUDI,Q5,automoveis
2023,4,AUDI,Q5 SPORTBACK TFSIE PERFORMANCE BLACK (ED. 0),,nome,PLUG-IN,,G,phev,6,AUDI,Q5,automoveis
2023,4,AUDI,Q5 TFSIE PERFORMANCE,,nome,PLUG-IN,,G,phev,6,AUDI,Q5,automoveis
2023,4,AUDI,Q5 TFSIE PERFORMANCE BLACK,,nome,PLUG-IN,,G,phev,6,AUDI,Q5,automoveis
2023,4,AUDI,Q5 TFSIE PERFORMANCE,,nome,PLUG-IN,,G,phev,6,AUDI,Q5,automoveis
2023,4,AUDI,Q5 TFSIE PERFORMANCE BLACK,,nome,PLUG-IN,,G,phev,6,AUDI,Q5,automoveis
2023,4,AUDI,Q5 SPORTBACK TFSIE PERFORMANCE,,nome,PLUG-IN,,G,phev,6,AUDI,Q5,automoveis
2023,4,AUDI,Q5 SPORTBACK TFSIE PERFORMANCE BLACK,,nome,PLUG-IN,,G,phev,6,AUDI,Q5,automoveis
2023,4,AUDI,RS Q8 (MY23),,nome,HIBRIDO,,G,hev,4,AUDI,RS,automoveis
2023,4,AUDI,RS 5 SPORTBACK COMPETITION PLUS,,nome,COMBUSTAO,,G,gasolina,9,AUDI,RS,automoveis
2023,4,AUDI,RS 5 SPORTBACK -,,nome,COMBUSTAO,,G,gasolina,9,AUDI,RS,automoveis
2023,4,AUDI,E-TRON GT -,,nome,ELETRICO,E-TRON,E,bev,8,AUDI,E TRON GT,automoveis
2023,4,BMW,420I CABRIO,,nome,COMBUSTAO,,G,gasolina,9,BMW,420I,automoveis
2023,4,BMW,530E -,,nome,PLUG-IN,,G,phev,6,BMW,530E,automoveis
2023,4,BMW,330E -,,nome,PLUG-IN,,G,phev,6,BMW,330E,automoveis
2023,4,BMW,320I ACTIVE FLEX,,nome,COMBUSTAO,,F,flex,10,BMW,320I,automoveis
2023,4,BMW,320I GP FLEX,,nome,COMBUSTAO,,F,flex,10,BMW,320I,automoveis
2023,4,BMW,320I SPORT GP FLEX,,nome,COMBUSTAO,,F,flex,10,BMW,320I,automoveis
2023,4,BMW,320I M SPORT FLEX,,nome,COMBUSTAO,,F,flex,10,BMW,320I,automoveis
2023,5,BMW,I4 40,FOSSIL FOSSIL FOSSIL (KM/L) (KM/L) (KM/L) (KM/L) (KM/L E) (KM/L E) RELATIVA NA ABSOLUTA,nome,ELETRICO,,E,bev,8,BMW,I4,automoveis
2023,5,BMW,I4 M50,,nome,ELETRICO,,E,bev,8,BMW,I4,automoveis
2023,5,BMW,I4 EDRIVE35,,nome,ELETRICO,,E,bev,8,BMW,I4,automoveis
2023,5,BMW,I7 XDRIVE60,,nome,ELETRICO,,E,bev,8,BMW,I7,automoveis
2023,5,BYD,HAN AWD GS 680EV,,nome,ELETRICO,,E,bev,8,BYD,HAN,automoveis
2023,5,BYD,SEAL AWD GS 590EV,,nome,ELETRICO,,E,bev,8,BYD,SEAL,automoveis
2023,5,CHEVROLET,EQUINOX 15T PRE,,nome,COMBUSTAO,,G,gasolina,9,GM,EQUINOX,automoveis
2023,5,CHEVROLET,EQUINOX 15T RS,,nome,COMBUSTAO,,G,gasolina,9,GM,EQUINOX,automoveis
2023,5,CHEVROLET,EQUINOX 15T LT,,nome,COMBUSTAO,,G,gasolina,9,GM,EQUINOX,automoveis
2023,5,FORD,TERRITORY SEL,,nome,COMBUSTAO,,G,gasolina,9,FORD,TERRITORY,automoveis
2023,5,FORD,TERRITORY SEL PLUS,,nome,COMBUSTAO,,G,gasolina,9,FORD,TERRITORY,automoveis
2023,5,FORD,TERRITORY TITANIUM,,nome,COMBUSTAO,,G,gasolina,9,FORD,TERRITORY,automoveis
2023,5,FORD,NOVO TERRITORY TITANIUM,,nome,COMBUSTAO,,G,gasolina,9,FORD,TERRITORY,automoveis
2023,5,FORD,MUSTANG MACH-E GT,,nome,ELETRICO,,E,bev,8,FORD,MUSTANG,automoveis
2023,5,GWM,HAVAL H6 PREM HEV,,nome,HIBRIDO,HEV,G,hev,4,GWM,HAVAL H6,automoveis
2023,5,GWM,HAVAL H6 GT,,nome,PLUG-IN,,G,phev,6,GWM,HAVAL H6,automoveis
2023,5,GWM,HAVAL H6 PREM PHEV,,nome,PLUG-IN,PHEV,G,phev,3,GWM,HAVAL H6,automoveis
2023,5,HONDA,ACCORD HYBRID TOURING,,nome,HIBRIDO,HYBRID,G,hev,4,HONDA,ACCORD,automoveis
2023,5,JAC,E-J7 E-J7,,nome,ELETRICO,,E,bev,8,JAC,E-J7,automoveis
2023,5,MERCEDES-BENZ,CLA250,,nome,COMBUSTAO,,G,gasolina,9,M.BENZ,CLA250,automoveis
2023,5,MERCEDES-BENZ,CLA250 ADV,,nome,COMBUSTAO,,G,gasolina,9,M.BENZ,CLA250,automoveis
2023,5,MERCEDES-BENZ,C200 AMG LINE,,nome,HIBRIDO,,G,hev,4,M.BENZ,CLASSE C,automoveis
2023,5,MERCEDES-BENZ,C300 AMG LINE,,nome,HIBRIDO,,G,hev,4,M.BENZ,CLASSE C,automoveis
2023,5,MERCEDES-BENZ,AMG CLA35 4MATIC,,nome,COMBUSTAO,,G,gasolina,9,M.BENZ,CLA35,automoveis
2023,5,MERCEDES-BENZ,E300 EXCLUSIVE,,nome,COMBUSTAO,,G,gasolina,9,M.BENZ,CLASSE E,automoveis
2023,5,NISSAN,SENTRA SENSE,,nome,COMBUSTAO,,G,gasolina,9,NISSAN,SENTRA,automoveis
2023,5,NISSAN,SENTRA EXCLUSIVE,,nome,COMBUSTAO,,G,gasolina,9,NISSAN,SENTRA,automoveis
2023,5,NISSAN,SENTRA ADVANCE,,nome,COMBUSTAO,,G,gasolina,9,NISSAN,SENTRA,automoveis
2023,5,PORSCHE,MACAN S,,nome,COMBUSTAO,,G,gasolina,9,PORSCHE,MACAN,automoveis
2023,5,PORSCHE,MACAN GTS,,nome,COMBUSTAO,,G,gasolina,9,PORSCHE,MACAN,automoveis
2023,5,PORSCHE,MACAN --,,nome,COMBUSTAO,,G,gasolina,9,PORSCHE,MACAN,automoveis
2023,5,PORSCHE,MACAN T,,nome,COMBUSTAO,,G,gasolina,9,PORSCHE,MACAN,automoveis
2023,5,TOYOTA,CAMRY HV,,nome,HIBRIDO,,G,hev,4,TOYOTA,CAMRY,automoveis
2023,5,VW,ID.BUZZ PRO,,nome,ELETRICO,,E,bev,8,VW,ID.BUZZ,automoveis
2023,5,VW,JETTA GLI 350 TSI,,nome,COMBUSTAO,,G,gasolina,9,VW,JETTA,automoveis
2023,6,CAOA CHERY,TIGGO 5X PRO,FOSSIL FOSSIL FOSSIL (KM/L) (KM/L) (KM/L) (KM/L) (KM/L E) (KM/L E) RELATIVA NA ABSOLUTA,nome,COMBUSTAO,,F,flex,10,CAOA CHERY,TIGGO 5X,automoveis
2023,6,CAOA CHERY,TIGGO 5X PRO,FOSSIL FOSSIL FOSSIL (KM/L) (KM/L) (KM/L) (KM/L) (KM/L E) (KM/L E) RELATIVA NA ABSOLUTA,nome,COMBUSTAO,,F,flex,10,CHERY,TIGGO 5X,automoveis
2023,6,CAOA CHERY,TIGGO 5X PLUS,,nome,COMBUSTAO,,F,flex,10,CAOA CHERY,TIGGO 5X,automoveis
2023,6,CAOA CHERY,TIGGO 5X PLUS,,nome,COMBUSTAO,,F,flex,10,CHERY,TIGGO 5X,automoveis
2023,6,CAOA CHERY,TIGGO 5X PLS 15T,,nome,COMBUSTAO,,F,flex,10,CAOA CHERY,TIGGO 5X,automoveis
2023,6,CAOA CHERY,TIGGO 5X PLS 15T,,nome,COMBUSTAO,,F,flex,10,CHERY,TIGGO 5X,automoveis
2023,6,CAOA CHERY,TIGGO 5X PRO 15T,,nome,COMBUSTAO,,F,flex,10,CAOA CHERY,TIGGO 5X,automoveis
2023,6,CAOA CHERY,TIGGO 5X PRO 15T,,nome,COMBUSTAO,,F,flex,10,CHERY,TIGGO 5X,automoveis
2023,6,CAOA CHERY,TIGGO 5X T,,nome,COMBUSTAO,,F,flex,10,CAOA CHERY,TIGGO 5X,automoveis
2023,6,CAOA CHERY,TIGGO 5X T,,nome,COMBUSTAO,,F,flex,10,CHERY,TIGGO 5X,automoveis
2023,6,CAOA CHERY,TIGGO 5X TXS,,nome,COMBUSTAO,,F,flex,10,CAOA CHERY,TIGGO 5X,automoveis
2023,6,CAOA CHERY,TIGGO 5X TXS,,nome,COMBUSTAO,,F,flex,10,CHERY,TIGGO 5X,automoveis
2023,6,CAOA CHERY,TIGGO 5X H,,nome,HIBRIDO,,F,hev,4,CAOA CHERY,TIGGO 5X,automoveis
2023,6,CAOA CHERY,TIGGO 5X H,,nome,HIBRIDO,,F,hev,4,CHERY,TIGGO 5X,automoveis
2023,6,CAOA CHERY,TIGGO 5X PRO HA,,nome,HIBRIDO,,F,hev,4,CAOA CHERY,TIGGO 5X,automoveis
2023,6,CAOA CHERY,TIGGO 5X PRO HA,,nome,HIBRIDO,,F,hev,4,CHERY,TIGGO 5X,automoveis
2023,6,CAOA CHERY,TIGGO 5X PRO H,,nome,HIBRIDO,,F,hev,4,CAOA CHERY,TIGGO 5X,automoveis
2023,6,CAOA CHERY,TIGGO 5X PRO H,,nome,HIBRIDO,,F,hev,4,CHERY,TIGGO 5X,automoveis
2023,6,CAOA CHERY,TIGGO 5X H,,nome,HIBRIDO,,F,hev,4,CAOA CHERY,TIGGO 5X,automoveis
2023,6,CAOA CHERY,TIGGO 5X H,,nome,HIBRIDO,,F,hev,4,CHERY,TIGGO 5X,automoveis
2023,6,CAOA CHERY,TIGGO 5X PRO HA,,nome,HIBRIDO,,F,hev,4,CAOA CHERY,TIGGO 5X,automoveis
2023,6,CAOA CHERY,TIGGO 5X PRO HA,,nome,HIBRIDO,,F,hev,4,CHERY,TIGGO 5X,automoveis
2023,6,CAOA CHERY,TIGGO 5X PRO H,,nome,HIBRIDO,,F,hev,4,CAOA CHERY,TIGGO 5X,automoveis
2023,6,CAOA CHERY,TIGGO 5X PRO H,,nome,HIBRIDO,,F,hev,4,CHERY,TIGGO 5X,automoveis
2023,6,CAOA CHERY,TIGGO 5X SPORT,,nome,COMBUSTAO,,F,flex,10,CAOA CHERY,TIGGO 5X,automoveis
2023,6,CAOA CHERY,TIGGO 5X SPORT,,nome,COMBUSTAO,,F,flex,10,CHERY,TIGGO 5X,automoveis
2023,6,CHEVROLET,TRACKER 12T A,,nome,COMBUSTAO,,F,flex,10,GM,TRACKER,automoveis
2023,6,CHEVROLET,TRACKER 12T A LTZ,,nome,COMBUSTAO,,F,flex,10,GM,TRACKER,automoveis
2023,6,CHEVROLET,TRACKER 12T A PR,,nome,COMBUSTAO,,F,flex,10,GM,TRACKER,automoveis
2023,6,CHEVROLET,TRACKER,T A,nome,COMBUSTAO,,F,flex,10,GM,TRACKER,automoveis
2023,6,CHEVROLET,TRACKER,T A LT,nome,COMBUSTAO,,F,flex,10,GM,TRACKER,automoveis
2023,6,CHEVROLET,TRACKER,T A LTZ,nome,COMBUSTAO,,F,flex,10,GM,TRACKER,automoveis
2023,6,CHEVROLET,TRACKER,T A,nome,COMBUSTAO,,F,flex,10,GM,TRACKER,automoveis
2023,6,CHEVROLET,TRACKER,T A LT,nome,COMBUSTAO,,F,flex,10,GM,TRACKER,automoveis
2023,6,CHEVROLET,TRACKER,T A LTZ,nome,COMBUSTAO,,F,flex,10,GM,TRACKER,automoveis
2023,6,CHEVROLET,TRACKER,T A PR,nome,COMBUSTAO,,F,flex,10,GM,TRACKER,automoveis
2023,6,CHEVROLET,TRACKER,T A PR,nome,COMBUSTAO,,F,flex,10,GM,TRACKER,automoveis
2023,6,CHEVROLET,TRACKER T A MID,(PRODUZIDO A PARTIR DE 23JAN23),nome,COMBUSTAO,,F,flex,10,GM,TRACKER,automoveis
2023,6,CHEVROLET,TRACKER 12T A RS,,nome,COMBUSTAO,,F,flex,10,GM,TRACKER,automoveis
2023,6,CITROEN,C4 CACTUS FEEL AT,,nome,COMBUSTAO,,F,flex,10,CITROEN,C4 CACTUS,automoveis
2023,6,CITROEN,C4 CACTUS FEEL P,,nome,COMBUSTAO,,F,flex,10,CITROEN,C4 CACTUS,automoveis
2023,6,CITROEN,C4 CACTUS LIVE A,,nome,COMBUSTAO,,F,flex,10,CITROEN,C4 CACTUS,automoveis
2023,6,CITROEN,C4 CACTUS SHINE,,nome,COMBUSTAO,,F,flex,10,CITROEN,C4 CACTUS,automoveis
2023,6,CITROEN,C4 CACTUS XSE AT,,nome,COMBUSTAO,,F,flex,10,CITROEN,C4 CACTUS,automoveis
2023,6,CITROEN,C4 CACTUS SHINE T,,nome,COMBUSTAO,,F,flex,10,CITROEN,C4 CACTUS,automoveis
2023,6,CITROEN,C4 CACTUS NOIR,,nome,COMBUSTAO,,F,flex,10,CITROEN,C4 CACTUS,automoveis
2023,6,CITROEN,C3 FIRST ED,,nome,COMBUSTAO,,F,flex,10,CITROEN,C3,automoveis
2023,6,CITROEN,C3 FEEL,,nome,COMBUSTAO,,F,flex,10,CITROEN,C3,automoveis
2023,6,CITROEN,C3 LIVE,,nome,COMBUSTAO,,F,flex,10,CITROEN,C3,automoveis
2023,6,CITROEN,C3 LIVE PK,,nome,COMBUSTAO,,F,flex,10,CITROEN,C3,automoveis
2023,6,CITROEN,C3 FEEL PK AT,,nome,COMBUSTAO,,F,flex,10,CITROEN,C3,automoveis
2023,6,CITROEN,C3 FIRST ED AT,,nome,COMBUSTAO,,F,flex,10,CITROEN,C3,automoveis
2023,6,CITROEN,C3 FEEL,,nome,COMBUSTAO,,F,flex,10,CITROEN,C3,automoveis
2023,6,FIAT,ARGO TREKKING,,nome,COMBUSTAO,,F,flex,10,FIAT,ARGO,automoveis
2023,6,FIAT,ARGO TREKKING,,nome,COMBUSTAO,,F,flex,10,FIAT,ARGO,automoveis
2023,6,FIAT,FASTBACK AUDACE,,nome,COMBUSTAO,,F,flex,10,FIAT,FASTBACK,automoveis
2023,6,FIAT,FASTBACK IMPETUS,,nome,COMBUSTAO,,F,flex,10,FIAT,FASTBACK,automoveis
2023,6,FIAT,FASTBACK TURBO 270,,nome,COMBUSTAO,,F,flex,10,FIAT,FASTBACK,automoveis
2023,6,FIAT,FASTBACK DRIVE,,nome,COMBUSTAO,,F,flex,10,FIAT,FASTBACK,automoveis
2023,6,FIAT,FASTBACK ABARTH 270,,nome,COMBUSTAO,,F,flex,10,FIAT,FASTBACK,automoveis
2023,6,FIAT,PULSE IMPETUS,,nome,COMBUSTAO,,F,flex,10,FIAT,PULSE,automoveis
2023,6,FIAT,PULSE AUDACE,,nome,COMBUSTAO,,F,flex,10,FIAT,PULSE,automoveis
2023,6,FIAT,PULSE DRIVE,,nome,COMBUSTAO,,F,flex,10,FIAT,PULSE,automoveis
2023,6,FIAT,PULSE MT (MY23),,nome,COMBUSTAO,,F,flex,10,FIAT,PULSE,automoveis
2023,6,FIAT,PULSE DRIVE AT (MY23),,nome,COMBUSTAO,,F,flex,10,FIAT,PULSE,automoveis
2023,6,FIAT,PULSE ABARTH 270,,nome,COMBUSTAO,,F,flex,10,FIAT,PULSE,automoveis
2023,7,HYUNDAI,CRETA N LINE,FOSSIL FOSSIL FOSSIL (KM/L) (KM/L) (KM/L) (KM/L) (KM/L E) (KM/L E) RELATIVA NA ABSOLUTA,nome,COMBUSTAO,,F,flex,10,HYUNDAI,CRETA,automoveis
2023,7,HYUNDAI,CRETA COMFORT,,nome,COMBUSTAO,,F,flex,10,HYUNDAI,CRETA,automoveis
2023,7,HYUNDAI,CRETA LIMITED,,nome,COMBUSTAO,,F,flex,10,HYUNDAI,CRETA,automoveis
2023,7,HYUNDAI,CRETA PLATINUM,,nome,COMBUSTAO,,F,flex,10,HYUNDAI,CRETA,automoveis
2023,7,HYUNDAI,CRETA ULTIMATE,,nome,COMBUSTAO,,F,flex,10,HYUNDAI,CRETA,automoveis
2023,7,HYUNDAI,CRETA ACTION,,nome,COMBUSTAO,,F,flex,10,HYUNDAI,CRETA,automoveis
2023,7,HYUNDAI,CRETA N LINE,,nome,COMBUSTAO,,F,flex,10,HYUNDAI,CRETA,automoveis
2023,7,HYUNDAI,CRETA COMFORT,,nome,COMBUSTAO,,F,flex,10,HYUNDAI,CRETA,automoveis
2023,7,HYUNDAI,CRETA LIMITED,,nome,COMBUSTAO,,F,flex,10,HYUNDAI,CRETA,automoveis
2023,7,HYUNDAI,CRETA PLATINUM,,nome,COMBUSTAO,,F,flex,10,HYUNDAI,CRETA,automoveis
2023,7,HYUNDAI,CRETA N LINE (ORVR),,nome,COMBUSTAO,,F,flex,10,HYUNDAI,CRETA,automoveis
2023,7,HYUNDAI,CRETA COMFORT (ORVR),,nome,COMBUSTAO,,F,flex,10,HYUNDAI,CRETA,automoveis
2023,7,HYUNDAI,CRETA LIMITED (ORVR),,nome,COMBUSTAO,,F,flex,10,HYUNDAI,CRETA,automoveis
2023,7,HYUNDAI,CRETA PLATINUM (ORVR),,nome,COMBUSTAO,,F,flex,10,HYUNDAI,CRETA,automoveis
2023,7,HYUNDAI,CRETA ULTIMATE,,nome,COMBUSTAO,,F,flex,10,HYUNDAI,CRETA,automoveis
2023,7,HYUNDAI,CRETA N LINE NIGHT EDITION,,nome,COMBUSTAO,,F,flex,10,HYUNDAI,CRETA,automoveis
2023,7,JEEP,RENEGADE SPT,,nome,COMBUSTAO,,F,flex,10,JEEP,RENEGADE,automoveis
2023,7,JEEP,RENEGADE LGTD,,nome,COMBUSTAO,,F,flex,10,JEEP,RENEGADE,automoveis
2023,7,JEEP,RENEGADE,,nome,COMBUSTAO,,F,flex,10,JEEP,RENEGADE,automoveis
2023,7,NISSAN,KICKS SENSE,,nome,COMBUSTAO,,F,flex,10,NISSAN,KICKS,automoveis
2023,7,NISSAN,KICKS SENSE,,nome,COMBUSTAO,,F,flex,10,NISSAN,KICKS,automoveis
2023,7,NISSAN,KICKS EXCLUSIVE,,nome,COMBUSTAO,,F,flex,10,NISSAN,KICKS,automoveis
2023,7,NISSAN,KICKS ACTIVE,,nome,COMBUSTAO,,F,flex,10,NISSAN,KICKS,automoveis
2023,7,NISSAN,KICKS ADVANCE,,nome,COMBUSTAO,,F,flex,10,NISSAN,KICKS,automoveis
2023,7,NISSAN,KICKS XPLAY,,nome,COMBUSTAO,,F,flex,10,NISSAN,KICKS,automoveis
2023,7,PEUGEOT,2008 GRF THP AT,,nome,COMBUSTAO,,F,flex,10,PEUGEOT,2008,automoveis
2023,7,PEUGEOT,2008 STYLE THP AT,,nome,COMBUSTAO,,F,flex,10,PEUGEOT,2008,automoveis
2023,7,PEUGEOT,2008 GRIFFE EAT6,,nome,COMBUSTAO,,F,flex,10,PEUGEOT,2008,automoveis
2023,7,PEUGEOT,2008 ALLURE EAT6,,nome,COMBUSTAO,,F,flex,10,PEUGEOT,2008,automoveis
2023,7,PEUGEOT,2008 ALLURE PK,,nome,COMBUSTAO,,F,flex,10,PEUGEOT,2008,automoveis
2023,7,PEUGEOT,2008 STYLE AT,,nome,COMBUSTAO,,F,flex,10,PEUGEOT,2008,automoveis
2023,7,PEUGEOT,2008 ROADTRIP AT,,nome,COMBUSTAO,,F,flex,10,PEUGEOT,2008,automoveis
2023,7,RENAULT,KWID ZEN,,nome,COMBUSTAO,,F,flex,10,RENAULT,KWID,automoveis
2023,7,RENAULT,KWID ZEN,,nome,COMBUSTAO,,F,flex,10,RENAULT,KWID,comerciais_leves
2023,7,RENAULT,KWID INTENSE,,nome,COMBUSTAO,,F,flex,10,RENAULT,KWID,automoveis
2023,7,RENAULT,KWID INTENSE,,nome,COMBUSTAO,,F,flex,10,RENAULT,KWID,comerciais_leves
2023,7,RENAULT,KWID OUTSIDER,,nome,COMBUSTAO,,F,flex,10,RENAULT,KWID,automoveis
2023,7,RENAULT,KWID OUTSIDER,,nome,COMBUSTAO,,F,flex,10,RENAULT,KWID,comerciais_leves
2023,7,RENAULT,KWID INTENSE BITON,,nome,COMBUSTAO,,F,flex,10,RENAULT,KWID,automoveis
2023,7,RENAULT,KWID INTENSE BITON,,nome,COMBUSTAO,,F,flex,10,RENAULT,KWID,comerciais_leves
2023,7,RENAULT,SANDERO SZE,,nome,COMBUSTAO,,F,flex,10,RENAULT,SANDERO,automoveis
2023,7,RENAULT,SANDERO SIC16CVT,,nome,COMBUSTAO,,F,flex,10,RENAULT,SANDERO,automoveis
2023,7,VW,NIVUS COMFORTLINE 200TSI AUTOMATICO,,nome,COMBUSTAO,,F,flex,10,VW,NIVUS,automoveis
2023,7,VW,NIVUS HIGHLINE 200TSI AUTOMATICO,,nome,COMBUSTAO,,F,flex,10,VW,NIVUS,automoveis
2023,7,VW,NIVUS COMFORTLINE 200TSI AUTO(MY24),,nome,COMBUSTAO,,F,flex,10,VW,NIVUS,automoveis
2023,7,VW,NIVUS HIGHLINE 200TSI AUTO (MY24),,nome,COMBUSTAO,,F,flex,10,VW,NIVUS,automoveis
2023,8,AUDI,Q3 PRESTIGE,FOSSIL FOSSIL FOSSIL (KM/L) (KM/L) (KM/L) (KM/L) (KM/L E) (KM/L E) RELATIVA NA ABSOLUTA,nome,COMBUSTAO,,G,gasolina,9,AUDI,Q3,automoveis
2023,8,AUDI,Q3 PERFORMANCE,,nome,COMBUSTAO,,G,gasolina,9,AUDI,Q3,automoveis
2023,8,AUDI,Q3 PERFORMANCE BLACK,,nome,COMBUSTAO,,G,gasolina,9,AUDI,Q3,automoveis
2023,8,AUDI,Q3 SPORTBACK PERFORMANCE,,nome,COMBUSTAO,,G,gasolina,9,AUDI,Q3,automoveis
2023,8,AUDI,Q3 SPORTBACK PERFORMANCE BLACK,,nome,COMBUSTAO,,G,gasolina,9,AUDI,Q3,automoveis
2023,8,AUDI,Q3 PERFORMANCE BLACK,,nome,COMBUSTAO,,G,gasolina,9,AUDI,Q3,automoveis
2023,8,AUDI,Q3 SPORTBACK PERFORMANCE BLACK,,nome,COMBUSTAO,,G,gasolina,9,AUDI,Q3,automoveis
2023,8,BMW,X1 SDRIVE 18I GP,,nome,COMBUSTAO,,G,gasolina,9,BMW,X1,automoveis
2023,8,BMW,X1 SDRIVE 20I X LINE,,nome,COMBUSTAO,,G,gasolina,9,BMW,X1,automoveis
2023,8,BMW,X1 SDRIVE 20I M SPORT,,nome,COMBUSTAO,,G,gasolina,9,BMW,X1,automoveis
2023,8,BYD,YUAN PLUS GL310 EV,,nome,ELETRICO,EV,E,bev,8,BYD,YUAN PLUS,automoveis
2023,8,BYD,YUAN PLUS GS310 EV,,nome,ELETRICO,EV,E,bev,8,BYD,YUAN PLUS,automoveis
2023,8,BYD,SONG PLUS GS DM,,nome,PLUG-IN,,G,phev,6,BYD,SONG PLUS,automoveis
2023,8,CAOA CHERY,TIGGO 7 PRO,,nome,COMBUSTAO,,G,gasolina,9,CAOA CHERY,TIGGO 7,automoveis
2023,8,CAOA CHERY,TIGGO 7 PRO,,nome,COMBUSTAO,,G,gasolina,9,CHERY,TIGGO 7,automoveis
2023,8,CAOA CHERY,TIGGO 8 TGDI,,nome,COMBUSTAO,,G,gasolina,9,CAOA CHERY,TIGGO 8,automoveis
2023,8,CAOA CHERY,TIGGO 8 TGDI,,nome,COMBUSTAO,,G,gasolina,9,CHERY,TIGGO,automoveis
2023,8,CAOA CHERY,TIGGO 7 PRO H,,nome,HIBRIDO,,F,hev,4,CAOA CHERY,TIGGO 7,automoveis
2023,8,CAOA CHERY,TIGGO 7 PRO H,,nome,HIBRIDO,,F,hev,4,CHERY,TIGGO 7,automoveis
2023,8,CAOA CHERY,TIGGO 7 HA,,nome,HIBRIDO,,F,hev,4,CAOA CHERY,TIGGO 7,automoveis
2023,8,CAOA CHERY,TIGGO 7 HA,,nome,HIBRIDO,,F,hev,4,CHERY,TIGGO 7,automoveis
2023,8,CAOA CHERY,TIGGO 7 PRO H,,nome,HIBRIDO,,F,hev,4,CAOA CHERY,TIGGO 7,automoveis
2023,8,CAOA CHERY,TIGGO 7 PRO H,,nome,HIBRIDO,,F,hev,4,CHERY,TIGGO 7,automoveis
2023,8,CAOA CHERY,TIGGO 7 HA,,nome,HIBRIDO,,F,hev,4,CAOA CHERY,TIGGO 7,automoveis
2023,8,CAOA CHERY,TIGGO 7 HA,,nome,HIBRIDO,,F,hev,4,CHERY,TIGGO 7,automoveis
2023,8,CAOA CHERY,TIGGO 8 PHEV,,nome,PLUG-IN,PHEV,G,phev,3,CAOA CHERY,TIGGO 8,automoveis
2023,8,CAOA CHERY,TIGGO 8 PHEV,,nome,PLUG-IN,PHEV,G,phev,3,CHERY,TIGGO,automoveis
2023,8,HYUNDAI,TUCSON TURBO GLS,,nome,COMBUSTAO,,G,gasolina,9,HYUNDAI,TUCSON,automoveis
2023,8,HYUNDAI,TUCSON TURBO LTD,,nome,COMBUSTAO,,G,gasolina,9,HYUNDAI,TUCSON,automoveis
2023,8,JEEP,COMMANDER OVERLAND,,nome,COMBUSTAO,,F,flex,10,JEEP,COMMANDER,automoveis
2023,8,JEEP,COMMANDER LIMITED,,nome,COMBUSTAO,,F,flex,10,JEEP,COMMANDER,automoveis
2023,8,JEEP,COMMANDER LONGITUDE,,nome,COMBUSTAO,,F,flex,10,JEEP,COMMANDER,automoveis
2023,8,JEEP,COMMANDER OVR,,nome,COMBUSTAO,,F,flex,10,JEEP,COMMANDER,automoveis
2023,8,JEEP,COMMANDER LIM,,nome,COMBUSTAO,,F,flex,10,JEEP,COMMANDER,automoveis
2023,8,JEEP,COMMANDER LONGITUDE,,nome,COMBUSTAO,,F,flex,10,JEEP,COMMANDER,automoveis
2023,8,JEEP,COMMANDER,,nome,COMBUSTAO,,F,flex,10,JEEP,COMMANDER,automoveis
2023,8,JEEP,COMPASS LIMITED TF,,nome,COMBUSTAO,,F,flex,10,JEEP,COMPASS,automoveis
2023,8,JEEP,COMPASS LONGITUDE TF,,nome,COMBUSTAO,,F,flex,10,JEEP,COMPASS,automoveis
2023,8,JEEP,COMPASS SERIE S TF,,nome,COMBUSTAO,,F,flex,10,JEEP,COMPASS,automoveis
2023,8,JEEP,COMPASS SPORT TF,,nome,COMBUSTAO,,F,flex,10,JEEP,COMPASS,automoveis
2023,8,KIA,SPORTAGE TMHEV EX,,nome,HIBRIDO,MHEV,G,mhev,1,KIA,SPORTAGE,automoveis
2023,8,KIA,SPORTAGE TMHEV LX,,nome,HIBRIDO,MHEV,G,mhev,1,KIA,SPORTAGE,automoveis
2023,8,KIA,SPORTAGE TMHEV SX,,nome,HIBRIDO,MHEV,G,mhev,1,KIA,SPORTAGE,automoveis
2023,8,KIA,SPORTAGE TMHEV GT,,nome,HIBRIDO,MHEV,G,mhev,1,KIA,SPORTAGE,automoveis
2023,8,KIA,SPORTAGE TMHEV EXP,,nome,HIBRIDO,MHEV,G,mhev,1,KIA,SPORTAGE,automoveis
2023,8,MITSUBISHI,ECLIPSE CROSS GLS,,nome,COMBUSTAO,,G,gasolina,9,MITSUBISHI,ECLIPSE CROSS,automoveis
2023,8,MITSUBISHI,ECLIPSE CROSS HPE,,nome,COMBUSTAO,,G,gasolina,9,MITSUBISHI,ECLIPSE CROSS,automoveis
2023,8,MITSUBISHI,ECLIPSE CROSS HPE-S,,nome,COMBUSTAO,,G,gasolina,9,MITSUBISHI,ECLIPSE CROSS,automoveis
2023,8,PEUGEOT,3008 GT LINE,,nome,COMBUSTAO,,G,gasolina,9,PEUGEOT,3008,automoveis
2023,8,PEUGEOT,3008 GRIFFE AT,,nome,COMBUSTAO,,G,gasolina,9,PEUGEOT,3008,automoveis
2023,8,PEUGEOT,3008 GT PACK A,,nome,COMBUSTAO,,G,gasolina,9,PEUGEOT,3008,automoveis
2023,8,RENAULT,CAPTUR ZEN,,nome,COMBUSTAO,,F,flex,10,RENAULT,CAPTUR,automoveis
2023,8,RENAULT,CAPTUR INTENSE,,nome,COMBUSTAO,,F,flex,10,RENAULT,CAPTUR,automoveis
2023,8,RENAULT,CAPTUR ICONIC,,nome,COMBUSTAO,,F,flex,10,RENAULT,CAPTUR,automoveis
2023,8,RENAULT,DUSTER LIFE,,nome,COMBUSTAO,,F,flex,10,RENAULT,DUSTER,automoveis
2023,8,RENAULT,DUSTER ZEN,,nome,COMBUSTAO,,F,flex,10,RENAULT,DUSTER,automoveis
2023,8,RENAULT,DUSTER INTENSE,,nome,COMBUSTAO,,F,flex,10,RENAULT,DUSTER,automoveis
2023,8,RENAULT,DUSTER ICONIC,,nome,COMBUSTAO,,F,flex,10,RENAULT,DUSTER,automoveis
2023,8,RENAULT,DUSTER ZEN,,nome,COMBUSTAO,,F,flex,10,RENAULT,DUSTER,automoveis
2023,8,RENAULT,DUSTER ICONIC,,nome,COMBUSTAO,,F,flex,10,RENAULT,DUSTER,automoveis
2023,8,RENAULT,DUSTER INTENSE,,nome,COMBUSTAO,,F,flex,10,RENAULT,DUSTER,automoveis
2023,8,VOLVO,XC40 6 ULTIMATE,,nome,ELETRICO,,E,bev,8,VOLVO,XC40,automoveis
2023,8,VOLVO,XC40 6 PLUS,,nome,ELETRICO,,E,bev,8,VOLVO,XC40,automoveis
2023,8,VOLVO,XC40 6 CORE,,nome,ELETRICO,,E,bev,8,VOLVO,XC40,automoveis
2023,8,VOLVO,XC40 P6 RECHARGE,,nome,ELETRICO,,E,bev,8,VOLVO,XC40,automoveis
2023,8,VW,TAOS COMFORTLINE 250TSI AUTOMATICO,,nome,COMBUSTAO,,F,flex,10,VW,TAOS,automoveis
2023,8,VW,TAOS HIGHLINE 250TSI AUTOMATICO,,nome,COMBUSTAO,,F,flex,10,VW,TAOS,automoveis
2023,8,VW,TAOS,COMFORTLINE 250TSI AUTOMATICO,nome,COMBUSTAO,,F,flex,10,VW,TAOS,automoveis
2023,8,VW,TAOS,HIGHLINE 250TSI AUTOMATICO,nome,COMBUSTAO,,F,flex,10,VW,TAOS,automoveis
2023,9,BMW,X3 XDRIVE 30E,(DCT) ELETRO- DIESEL FOSSIL FOSSIL FOSSIL (KM/L) (KM/L) (KM/L) (KM/L) (KM/L E) (KM/L E) RELATIVA NA ABSOLUTA,nome,PLUG-IN,,G,phev,6,BMW,X3,automoveis
2023,9,BMW,X3 M40I,,nome,COMBUSTAO,,G,gasolina,9,BMW,X3,automoveis
2023,9,BMW,X4 XDRIVE 30I,,nome,COMBUSTAO,,G,gasolina,9,BMW,X4,automoveis
2023,9,BMW,X4 M40I,,nome,COMBUSTAO,,G,gasolina,9,BMW,X4,automoveis
2023,9,BMW,X5 XDRIVE45E,,nome,PLUG-IN,,G,phev,6,BMW,X5,automoveis
2023,9,BMW,X5 XDRIVE50E MSP,,nome,PLUG-IN,,G,phev,6,BMW,X5,automoveis
2023,9,BMW,X5 XDRIVE50E XLINE,,nome,PLUG-IN,,G,phev,6,BMW,X5,automoveis
2023,9,BMW,X6 XDRIVE 40I,,nome,COMBUSTAO,,G,gasolina,9,BMW,X6,automoveis
2023,9,BMW,X6 M COMPETITION,,nome,COMBUSTAO,,G,gasolina,9,BMW,X6,automoveis
2023,9,BMW,X6 M COMPETITION,,nome,HIBRIDO,,G,hev,4,BMW,X6,automoveis
2023,9,BMW,X6 XDRIVE40I,,nome,HIBRIDO,,G,hev,4,BMW,X6,automoveis
2023,9,JEEP,COMPASS SPORT TD (MY23),,nome,COMBUSTAO,,D,diesel,11,JEEP,COMPASS,automoveis
2023,9,JEEP,COMPASS LONGITUDE TD (MY23),,nome,COMBUSTAO,,D,diesel,11,JEEP,COMPASS,automoveis
2023,9,JEEP,COMPASS LIMITED TD (MY23),,nome,COMBUSTAO,,D,diesel,11,JEEP,COMPASS,automoveis
2023,9,MERCEDES-BENZ,GLC 220D ENDR,,nome,COMBUSTAO,,D,diesel,11,M.BENZ,GLC,automoveis
2023,9,MERCEDES-BENZ,GLC 220D OFRD,,nome,COMBUSTAO,,D,diesel,11,M.BENZ,GLC,automoveis
2023,9,MERCEDES-BENZ,GLC300 4M COUPE,,nome,COMBUSTAO,,G,gasolina,9,M.BENZ,GLC,automoveis
2023,9,MITSUBISHI,ECLIPSE CROSS HPE-S S-AWC,,nome,COMBUSTAO,,G,gasolina,9,MITSUBISHI,ECLIPSE CROSS,automoveis
2023,9,PORSCHE,CAYENNE CP PHE,,nome,PLUG-IN,,G,phev,6,PORSCHE,CAYENNE,automoveis
2023,9,PORSCHE,CAYENNE PHEV,,nome,PLUG-IN,PHEV,G,phev,3,PORSCHE,CAYENNE,automoveis
2023,9,PORSCHE,CAYENNE CP TSP,,nome,PLUG-IN,,G,phev,6,PORSCHE,CAYENNE,automoveis
2023,9,PORSCHE,CAYENNE TS PHE,,nome,PLUG-IN,,G,phev,6,PORSCHE,CAYENNE,automoveis
2023,9,PORSCHE,CAYENNE TURBO,,nome,COMBUSTAO,,G,gasolina,9,PORSCHE,CAYENNE,automoveis
2023,9,PORSCHE,CAYENNE COUPE TURBO,,nome,COMBUSTAO,,G,gasolina,9,PORSCHE,CAYENNE,automoveis
2023,9,PORSCHE,CAYENNE GT COUPE,,nome,COMBUSTAO,,G,gasolina,9,PORSCHE,CAYENNE,automoveis
2023,9,PORSCHE,CAYENNE V6 (ANO MODELO 2024),,nome,COMBUSTAO,,G,gasolina,9,PORSCHE,CAYENNE,automoveis
2023,9,PORSCHE,CAYENNE COUPE (ANO MODELO 2024),,nome,COMBUSTAO,,G,gasolina,9,PORSCHE,CAYENNE,automoveis
2023,9,PORSCHE,CAYENNE S (ANO MODELO 2024),,nome,COMBUSTAO,,G,gasolina,9,PORSCHE,CAYENNE,automoveis
2023,9,PORSCHE,CAYENNE S CP (ANO MODELO 2024),,nome,COMBUSTAO,,G,gasolina,9,PORSCHE,CAYENNE,automoveis
2023,9,PORSCHE,CAYENNE,GT COUPE,nome,COMBUSTAO,,G,gasolina,9,PORSCHE,CAYENNE,automoveis
2023,9,SUBARU,FORESTER S MHEV,,nome,HIBRIDO,MHEV,G,mhev,1,SUBARU,FORESTER,automoveis
2023,9,SUBARU,XV S MHEV,,nome,HIBRIDO,MHEV,G,mhev,1,SUBARU,XV,automoveis
2023,10,VOLVO,XC90 INSC EXPRES,FOSSIL FOSSIL FOSSIL (KM/L) (KM/L) (KM/L) (KM/L) (KM/L E) (KM/L E) RELATIVA NA ABSOLUTA,nome,PLUG-IN,,G,phev,6,VOLVO,XC90,automoveis
2023,10,VOLVO,XC90 T8 EXCELLEN,,nome,PLUG-IN,,G,phev,6,VOLVO,XC90,automoveis
2023,10,VOLVO,XC90 T8 INSCRIPT,,nome,PLUG-IN,,G,phev,6,VOLVO,XC90,automoveis
2023,10,VOLVO,XC90 T8 MOMENTUM,,nome,PLUG-IN,,G,phev,6,VOLVO,XC90,automoveis
2023,10,VOLVO,XC90 T8 POLESTAR,,nome,PLUG-IN,,G,phev,6,VOLVO,XC90,automoveis
2023,10,VOLVO,XC90 T8 R-DESIGN,,nome,PLUG-IN,,G,phev,6,VOLVO,XC90,automoveis
2023,10,VOLVO,XC90 T8 ULT DARK,,nome,PLUG-IN,,G,phev,6,VOLVO,XC90,automoveis
2023,10,VOLVO,XC90 T8 ULTIMATE,,nome,PLUG-IN,,G,phev,6,VOLVO,XC90,automoveis
2023,10,VOLVO,XC90 T8 PLUS,,nome,PLUG-IN,,G,phev,6,VOLVO,XC90,automoveis
2023,10,VOLVO,XC90 T8 CORE,,nome,PLUG-IN,,G,phev,6,VOLVO,XC90,automoveis
2023,10,VOLVO,XC60 T8 MOMENTUM,,nome,PLUG-IN,,G,phev,6,VOLVO,XC60,automoveis
2023,10,VOLVO,XC60 T8 POLESTAR,,nome,PLUG-IN,,G,phev,6,VOLVO,XC60,automoveis
2023,10,VOLVO,XC60 T8 INSCRIPT,,nome,PLUG-IN,,G,phev,6,VOLVO,XC60,automoveis
2023,10,VOLVO,XC60 T8 R-DESIGN,,nome,PLUG-IN,,G,phev,6,VOLVO,XC60,automoveis
2023,10,VOLVO,XC60 INSC EXPRES,,nome,PLUG-IN,,G,phev,6,VOLVO,XC60,automoveis
2023,10,VOLVO,XC60 T8 ULT DARK,,nome,PLUG-IN,,G,phev,6,VOLVO,XC60,automoveis
2023,10,VOLVO,XC60 T8 ULTIMATE,,nome,PLUG-IN,,G,phev,6,VOLVO,XC60,automoveis
2023,10,VOLVO,XC60 T8 PLUS,,nome,PLUG-IN,,G,phev,6,VOLVO,XC60,automoveis
2023,10,VOLVO,XC60 T8 CORE,,nome,PLUG-IN,,G,phev,6,VOLVO,XC60,automoveis
2023,10,VOLVO,XC40 RECHARGE PE,,nome,ELETRICO,,E,bev,8,VOLVO,XC40,automoveis
2023,10,VOLVO,XC40 8 CORE,,nome,ELETRICO,,E,bev,8,VOLVO,XC40,automoveis
2023,10,VOLVO,XC40 8 PLUS,,nome,ELETRICO,,E,bev,8,VOLVO,XC40,automoveis
2023,10,VOLVO,XC40 8 ULTIMATE,,nome,ELETRICO,,E,bev,8,VOLVO,XC40,automoveis
2023,10,VOLVO,XC40 P8 RECHARGE,,nome,ELETRICO,,E,bev,8,VOLVO,XC40,automoveis
2023,10,VOLVO,XC40 (ANO MODELO 2024) RECHARGE PE,,nome,ELETRICO,,E,bev,8,VOLVO,XC40,automoveis
2023,10,VOLVO,XC40 (ANO MODELO 2024) 8 CORE,,nome,ELETRICO,,E,bev,8,VOLVO,XC40,automoveis
2023,10,VOLVO,XC40 (ANO MODELO 2024) 8 PLUS,,nome,ELETRICO,,E,bev,8,VOLVO,XC40,automoveis
2023,10,VOLVO,XC40 (ANO MODELO 2024) 8 ULTIMATE,,nome,ELETRICO,,E,bev,8,VOLVO,XC40,automoveis
2023,10,VOLVO,XC40 (ANO MODELO 2024) P8 RECHARGE,,nome,ELETRICO,,E,bev,8,VOLVO,XC40,automoveis
2023,10,VOLVO,XC90 (ANO MODELO 2024) INSC EXPRES,,nome,PLUG-IN,,G,phev,6,VOLVO,XC90,automoveis
2023,10,VOLVO,XC90 (ANO MODELO 2024) T8 EXCELLEN,,nome,PLUG-IN,,G,phev,6,VOLVO,XC90,automoveis
2023,10,VOLVO,XC90 (ANO MODELO 2024) T8 INSCRIPT,,nome,PLUG-IN,,G,phev,6,VOLVO,XC90,automoveis
2023,10,VOLVO,XC90 (ANO MODELO 2024) T8 MOMENTUM,,nome,PLUG-IN,,G,phev,6,VOLVO,XC90,automoveis
2023,10,VOLVO,XC90 (ANO MODELO 2024) T8 POLESTAR,,nome,PLUG-IN,,G,phev,6,VOLVO,XC90,automoveis
2023,10,VOLVO,XC90 (ANO MODELO 2024) T8 R-DESIGN,,nome,PLUG-IN,,G,phev,6,VOLVO,XC90,automoveis
2023,10,VOLVO,XC90 (ANO MODELO 2024) T8 ULT DARK,,nome,PLUG-IN,,G,phev,6,VOLVO,XC90,automoveis
2023,10,VOLVO,XC90 (ANO MODELO 2024) T8 ULTIMATE,,nome,PLUG-IN,,G,phev,6,VOLVO,XC90,automoveis
2023,10,VOLVO,XC90 (ANO MODELO 2024) T8 PLUS,,nome,PLUG-IN,,G,phev,6,VOLVO,XC90,automoveis
2023,10,VOLVO,XC90 (ANO MODELO 2024) T8 CORE,,nome,PLUG-IN,,G,phev,6,VOLVO,XC90,automoveis
2023,10,JEEP,RENEGADE S T2704X4 (CY23),,nome,COMBUSTAO,,F,flex,10,JEEP,RENEGADE,automoveis
2023,10,JEEP,RENEGADE TH T2704X4 (CY23),,nome,COMBUSTAO,,F,flex,10,JEEP,RENEGADE,automoveis
2023,10,JEEP,RENEGADE S T2704X4T (CY23),,nome,COMBUSTAO,,F,flex,10,JEEP,RENEGADE,automoveis
2023,10,JEEP,WRANGLER SAHARA,,nome,COMBUSTAO,,G,gasolina,9,JEEP,WRANGLER,automoveis
2023,10,SUZUKI,JIMNY SIERRA 4YOU ALLGRIP,,nome,COMBUSTAO,,G,gasolina,9,SUZUKI,JIMNY SIERRA,automoveis
2023,10,SUZUKI,JIMNY SIERRA 4 SPORT ALLGRIP,,nome,COMBUSTAO,,G,gasolina,9,SUZUKI,JIMNY SIERRA,automoveis
2023,10,SUZUKI,JIMNY SIERRA 4YOU ALLGRIP,,nome,COMBUSTAO,,G,gasolina,9,SUZUKI,JIMNY SIERRA,automoveis
2023,10,SUZUKI,JIMNY SIERRA 4ALL ALLGRIP,,nome,COMBUSTAO,,G,gasolina,9,SUZUKI,JIMNY SIERRA,automoveis
2023,10,SUZUKI,JIMNY SIERRA 4 STYLE ALLGRIP,,nome,COMBUSTAO,,G,gasolina,9,SUZUKI,JIMNY SIERRA,automoveis
2023,10,SUZUKI,JIMNY SIERRA 4 EXPEDITION ALLGRIP,,nome,COMBUSTAO,,G,gasolina,9,SUZUKI,JIMNY SIERRA,automoveis
2023,10,SUZUKI,JIMNY SIERRA 4ALL ALLGRIP,,nome,COMBUSTAO,,G,gasolina,9,SUZUKI,JIMNY SIERRA,automoveis
2023,11,CHEVROLET,TRAILBLAZER LT D4A,FOSSIL FOSSIL FOSSIL (KM/L) (KM/L) (KM/L) (KM/L) (KM/L E) (KM/L E) RELATIVA NA ABSOLUTA,nome,COMBUSTAO,,D,diesel,11,GM,TRAILBLAZER,automoveis
2023,11,CHEVROLET,TRAILBLAZER PRE D4A,,nome,COMBUSTAO,,D,diesel,11,GM,TRAILBLAZER,automoveis
2023,11,FORD,BRONCO SPORT WILDTRAK,,nome,COMBUSTAO,,G,gasolina,9,FORD,BRONCO,automoveis
2023,11,JEEP,COMMANDER OVERLAND TD380 (MY23),,nome,COMBUSTAO,,D,diesel,11,JEEP,COMMANDER,automoveis
2023,11,JEEP,COMMANDER LIMITED TD380 (MY23),,nome,COMBUSTAO,,D,diesel,11,JEEP,COMMANDER,automoveis
2023,11,JEEP,COMPASS TRAILHAWK TD (MY23),,nome,COMBUSTAO,,D,diesel,11,JEEP,COMPASS,automoveis
2023,11,JEEP,WRANGLER UNLIMITED RUBICON,,nome,COMBUSTAO,,G,gasolina,9,JEEP,WRANGLER,automoveis
2023,11,JEEP,WRANGLER UNLIMITED SAHARA,,nome,COMBUSTAO,,G,gasolina,9,JEEP,WRANGLER,automoveis
2023,11,LAND ROVER,DEFENDER 90,,nome,HIBRIDO,,D,hev,4,LAND ROVER,DEFENDER,automoveis
2023,11,LAND ROVER,DEFENDER 90 S,,nome,HIBRIDO,,D,hev,4,LAND ROVER,DEFENDER,automoveis
2023,11,LAND ROVER,DEFENDER 90 SE,,nome,HIBRIDO,,D,hev,4,LAND ROVER,DEFENDER,automoveis
2023,11,LAND ROVER,DEFENDER 90 HSE,,nome,HIBRIDO,,D,hev,4,LAND ROVER,DEFENDER,automoveis
2023,11,LAND ROVER,DEFENDER 90 SE XD,,nome,HIBRIDO,,D,hev,4,LAND ROVER,DEFENDER,automoveis
2023,11,LAND ROVER,DEFENDER 90 HSE XD,,nome,HIBRIDO,,D,hev,4,LAND ROVER,DEFENDER,automoveis
2023,11,LAND ROVER,DEFENDER 110,,nome,HIBRIDO,,D,hev,4,LAND ROVER,DEFENDER,automoveis
2023,11,LAND ROVER,DEFENDER 110 7L,,nome,HIBRIDO,,D,hev,4,LAND ROVER,DEFENDER,automoveis
2023,11,LAND ROVER,DEFENDER 110 SE,,nome,HIBRIDO,,D,hev,4,LAND ROVER,DEFENDER,automoveis
2023,11,LAND ROVER,DEFENDER 110 SE 7L,,nome,HIBRIDO,,D,hev,4,LAND ROVER,DEFENDER,automoveis
2023,11,LAND ROVER,DEFENDER 110 SE XD,,nome,HIBRIDO,,D,hev,4,LAND ROVER,DEFENDER,automoveis
2023,11,LAND ROVER,DEFENDER 110 SE XD 7L,,nome,HIBRIDO,,D,hev,4,LAND ROVER,DEFENDER,automoveis
2023,11,LAND ROVER,DEFENDER 110 HSE,,nome,HIBRIDO,,D,hev,4,LAND ROVER,DEFENDER,automoveis
2023,11,LAND ROVER,DEFENDER 110 HSE 7L,,nome,HIBRIDO,,D,hev,4,LAND ROVER,DEFENDER,automoveis
2023,11,LAND ROVER,DEFENDER 110 HSE XD,,nome,HIBRIDO,,D,hev,4,LAND ROVER,DEFENDER,automoveis
2023,11,LAND ROVER,DEFENDER 110 HSE XD 7L,,nome,HIBRIDO,,D,hev,4,LAND ROVER,DEFENDER,automoveis
2023,11,LAND ROVER,DEFENDER 110 X,,nome,HIBRIDO,,D,hev,4,LAND ROVER,DEFENDER,automoveis
2023,11,LAND ROVER,DEFENDER 110 X 7L,,nome,HIBRIDO,,D,hev,4,LAND ROVER,DEFENDER,automoveis
2023,11,LAND ROVER,DEFENDER 110 LE75TH,,nome,HIBRIDO,,D,hev,4,LAND ROVER,DEFENDER,automoveis
2023,11,LAND ROVER,DEFENDER 110 S XD,,nome,HIBRIDO,,D,hev,4,LAND ROVER,DEFENDER,automoveis
2023,11,LAND ROVER,DEFENDER 110 S XD 7L,,nome,HIBRIDO,,D,hev,4,LAND ROVER,DEFENDER,automoveis
2023,11,LAND ROVER,DEFENDER 130 S,,nome,HIBRIDO,,D,hev,4,LAND ROVER,DEFENDER,automoveis
2023,11,LAND ROVER,DEFENDER 130 SE,,nome,HIBRIDO,,D,hev,4,LAND ROVER,DEFENDER,automoveis
2023,11,LAND ROVER,DEFENDER 130 HSE,,nome,HIBRIDO,,D,hev,4,LAND ROVER,DEFENDER,automoveis
2023,11,LAND ROVER,DEFENDER 130 S XD,,nome,HIBRIDO,,D,hev,4,LAND ROVER,DEFENDER,automoveis
2023,11,LAND ROVER,DEFENDER 130 SE XD,,nome,HIBRIDO,,D,hev,4,LAND ROVER,DEFENDER,automoveis
2023,11,LAND ROVER,DEFENDER 130 HSE XD,,nome,HIBRIDO,,D,hev,4,LAND ROVER,DEFENDER,automoveis
2023,11,LAND ROVER,DEFENDER 130 X,,nome,HIBRIDO,,D,hev,4,LAND ROVER,DEFENDER,automoveis
2023,11,LAND ROVER,DEFENDER 130 LE,,nome,HIBRIDO,,D,hev,4,LAND ROVER,DEFENDER,automoveis
2023,11,LAND ROVER,DISCOVERY D300 HSERD,,nome,HIBRIDO,,D,hev,4,LAND ROVER,DISCOVERY,automoveis
2023,11,LAND ROVER,DISCOVERY D300 LE,,nome,HIBRIDO,,D,hev,4,LAND ROVER,DISCOVERY,automoveis
2023,11,LAND ROVER,DISCOVERY D300 SERD,,nome,HIBRIDO,,D,hev,4,LAND ROVER,DISCOVERY,automoveis
2023,11,LAND ROVER,DISCOVERY D300 SRD,,nome,HIBRIDO,,D,hev,4,LAND ROVER,DISCOVERY,automoveis
2023,11,LAND ROVER,DISCOVERY D300 SE,,nome,HIBRIDO,,D,hev,4,LAND ROVER,DISCOVERY,automoveis
2023,11,LAND ROVER,DISCOVERY SPORT P250FF S,,nome,COMBUSTAO,,F,flex,10,LAND ROVER,DISCOVERY,automoveis
2023,11,LAND ROVER,DISCOVERY SPORT P250FF S 7L,,nome,COMBUSTAO,,F,flex,10,LAND ROVER,DISCOVERY,automoveis
2023,11,LAND ROVER,DISCOVERY SPORT P250FF SE,,nome,COMBUSTAO,,F,flex,10,LAND ROVER,DISCOVERY,automoveis
2023,11,LAND ROVER,DISCOVERY SPORT P250FF SE 7L,,nome,COMBUSTAO,,F,flex,10,LAND ROVER,DISCOVERY,automoveis
2023,11,LAND ROVER,DISCOVERY SPORT P250FF SE RD,,nome,COMBUSTAO,,F,flex,10,LAND ROVER,DISCOVERY,automoveis
2023,11,LAND ROVER,DISCOVERY SPORT P250FF SERD7,,nome,COMBUSTAO,,F,flex,10,LAND ROVER,DISCOVERY,automoveis
2023,11,LAND ROVER,DISCOVERY SPORT D200 S,,nome,HIBRIDO,,D,hev,4,LAND ROVER,DISCOVERY,automoveis
2023,11,LAND ROVER,DISCOVERY SPORT D200 S 7L,,nome,HIBRIDO,,D,hev,4,LAND ROVER,DISCOVERY,automoveis
2023,11,LAND ROVER,DISCOVERY SPORT D200 SE,,nome,HIBRIDO,,D,hev,4,LAND ROVER,DISCOVERY,automoveis
2023,11,LAND ROVER,DISCOVERY SPORT D200 SE RD,,nome,HIBRIDO,,D,hev,4,LAND ROVER,DISCOVERY,automoveis
2023,11,LAND ROVER,DISCOVERY SPORT D200 SE RD7L,,nome,HIBRIDO,,D,hev,4,LAND ROVER,DISCOVERY,automoveis
2023,11,LAND ROVER,DISCOVERY SPORT D200 SE 7L,,nome,HIBRIDO,,D,hev,4,LAND ROVER,DISCOVERY,automoveis
2023,12,LAND ROVER,EVOQUE P250FF HSERD,FOSSIL FOSSIL FOSSIL (KM/L) (KM/L) (KM/L) (KM/L) (KM/L E) (KM/L E) RELATIVA NA ABSOLUTA,nome,COMBUSTAO,,F,flex,10,LAND ROVER,EVOQUE,automoveis
2023,12,LAND ROVER,EVOQUE P250FF S,,nome,COMBUSTAO,,F,flex,10,LAND ROVER,EVOQUE,automoveis
2023,12,LAND ROVER,EVOQUE P250FF SE,,nome,COMBUSTAO,,F,flex,10,LAND ROVER,EVOQUE,automoveis
2023,12,LAND ROVER,RANGE ROVER D350,,nome,HIBRIDO,,D,hev,4,LAND ROVER,RANGE ROVER,automoveis
2023,12,LAND ROVER,RANGE ROVER D350 AB,,nome,HIBRIDO,,D,hev,4,LAND ROVER,RANGE ROVER,automoveis
2023,12,LAND ROVER,RANGE ROVER D350 HSE,,nome,HIBRIDO,,D,hev,4,LAND ROVER,RANGE ROVER,automoveis
2023,12,LAND ROVER,RANGE ROVER D350 LE,,nome,HIBRIDO,,D,hev,4,LAND ROVER,RANGE ROVER,automoveis
2023,12,LAND ROVER,RANGE ROVER D350 SE,,nome,HIBRIDO,,D,hev,4,LAND ROVER,RANGE ROVER,automoveis
2023,12,LAND ROVER,RANGE ROVER D350 SV,,nome,HIBRIDO,,D,hev,4,LAND ROVER,RANGE ROVER,automoveis
2023,12,LAND ROVER,RANGE ROVER P530,,nome,COMBUSTAO,,G,gasolina,9,LAND ROVER,RANGE ROVER,automoveis
2023,12,LAND ROVER,RANGE ROVER P530 AB,,nome,COMBUSTAO,,G,gasolina,9,LAND ROVER,RANGE ROVER,automoveis
2023,12,LAND ROVER,RANGE ROVER P530 HSE,,nome,COMBUSTAO,,G,gasolina,9,LAND ROVER,RANGE ROVER,automoveis
2023,12,LAND ROVER,RANGE ROVER P530 LE,,nome,COMBUSTAO,,G,gasolina,9,LAND ROVER,RANGE ROVER,automoveis
2023,12,LAND ROVER,RANGE ROVER P530 SE,,nome,COMBUSTAO,,G,gasolina,9,LAND ROVER,RANGE ROVER,automoveis
2023,12,LAND ROVER,RANGE ROVER P530 SV,,nome,COMBUSTAO,,G,gasolina,9,LAND ROVER,RANGE ROVER,automoveis
2023,12,LAND ROVER,RANGE ROVER SPORT,,nome,HIBRIDO,,D,hev,4,LAND ROVER,RANGE ROVER,automoveis
2023,12,LAND ROVER,RANGE ROVER SPORT,,nome,HIBRIDO,,D,hev,4,LAND ROVER,RANGE ROVER,automoveis
2023,12,LAND ROVER,RANGE ROVER SPORT,,nome,HIBRIDO,,D,hev,4,LAND ROVER,RANGE ROVER,automoveis
2023,12,LAND ROVER,RANGE ROVER SPORT D350 AB,,nome,HIBRIDO,,D,hev,4,LAND ROVER,RANGE ROVER,automoveis
2023,12,LAND ROVER,RANGE ROVER SPORT D350 HSED,,nome,HIBRIDO,,D,hev,4,LAND ROVER,RANGE ROVER,automoveis
2023,12,LAND ROVER,RANGE ROVER SPORT D350 LE,,nome,HIBRIDO,,D,hev,4,LAND ROVER,RANGE ROVER,automoveis
2023,12,LAND ROVER,RANGE ROVER SPORT D350 S,,nome,HIBRIDO,,D,hev,4,LAND ROVER,RANGE ROVER,automoveis
2023,12,LAND ROVER,RANGE ROVER SPORT D350 SD,,nome,HIBRIDO,,D,hev,4,LAND ROVER,RANGE ROVER,automoveis
2023,12,LAND ROVER,RANGE ROVER SPORT D350 SE,,nome,HIBRIDO,,D,hev,4,LAND ROVER,RANGE ROVER,automoveis
2023,12,LAND ROVER,RANGE ROVER SPORT D350 SED,,nome,HIBRIDO,,D,hev,4,LAND ROVER,RANGE ROVER,automoveis
2023,12,LAND ROVER,VELAR P340,,nome,HIBRIDO,,G,hev,4,LAND ROVER,VELAR,automoveis
2023,12,LAND ROVER,VELAR P340 SE,,nome,HIBRIDO,,G,hev,4,LAND ROVER,VELAR,automoveis
2023,12,LAND ROVER,VELAR P340 SE RDYN,,nome,HIBRIDO,,G,hev,4,LAND ROVER,VELAR,automoveis
2023,12,LAND ROVER,VELAR P340 HSE RDYN,,nome,HIBRIDO,,G,hev,4,LAND ROVER,VELAR,automoveis
2023,12,LAND ROVER,VELAR PHEV,,nome,PLUG-IN,PHEV,G,phev,3,LAND ROVER,VELAR,automoveis
2023,12,LAND ROVER,VELAR PHEV SE,,nome,PLUG-IN,PHEV,G,phev,3,LAND ROVER,VELAR,automoveis
2023,12,LAND ROVER,VELAR PHEV SE RDYN,,nome,PLUG-IN,PHEV,G,phev,3,LAND ROVER,VELAR,automoveis
2023,12,LAND ROVER,VELAR PHEV HSE RDYN,,nome,PLUG-IN,PHEV,G,phev,3,LAND ROVER,VELAR,automoveis
2023,12,LAND ROVER,VELAR PHEV S,,nome,PLUG-IN,PHEV,G,phev,3,LAND ROVER,VELAR,automoveis
2023,12,LAND ROVER,VELAR PHEVSRDYN,,nome,PLUG-IN,,G,phev,6,LAND ROVER,VELAR,automoveis
2023,12,MITSUBISHI,PAJERO SPORT HPE,,nome,COMBUSTAO,,D,diesel,11,MITSUBISHI,PAJERO,automoveis
2023,12,MITSUBISHI,PAJERO SPORT HPE-S,,nome,COMBUSTAO,,D,diesel,11,MITSUBISHI,PAJERO,automoveis
2023,12,TOYOTA,SW4 DIESEL 4X4 SRX,,nome,COMBUSTAO,,D,diesel,11,TOYOTA,HILUX SW4,automoveis
2023,12,TOYOTA,SW4 DIESEL 4X4 SRX,,nome,COMBUSTAO,,D,diesel,11,TOYOTA,HILUX SW4,comerciais_leves
2023,12,TOYOTA,SW4 DIESEL 4X4 DIAMOND,,nome,COMBUSTAO,,D,diesel,11,TOYOTA,HILUX SW4,automoveis
2023,12,TOYOTA,SW4 DIESEL 4X4 DIAMOND,,nome,COMBUSTAO,,D,diesel,11,TOYOTA,HILUX SW4,comerciais_leves
2023,12,TOYOTA,SW4 DIESEL 4X4 GRS,,nome,COMBUSTAO,,D,diesel,11,TOYOTA,HILUX SW4,automoveis
2023,12,TOYOTA,SW4 DIESEL 4X4 GRS,,nome,COMBUSTAO,,D,diesel,11,TOYOTA,HILUX SW4,comerciais_leves
2023,12,TOYOTA,SW4 DIESEL 4X4 GRS POWER UP,,nome,COMBUSTAO,,D,diesel,11,TOYOTA,HILUX SW4,automoveis
2023,12,TOYOTA,SW4 DIESEL 4X4 GRS POWER UP,,nome,COMBUSTAO,,D,diesel,11,TOYOTA,HILUX SW4,comerciais_leves
2023,12,TOYOTA,SW4 DIESEL 4X4 SRX PLATINUM,,nome,COMBUSTAO,,D,diesel,11,TOYOTA,HILUX SW4,automoveis
2023,12,TOYOTA,SW4 DIESEL 4X4 SRX PLATINUM,,nome,COMBUSTAO,,D,diesel,11,TOYOTA,HILUX SW4,comerciais_leves
2023,12,CHEVROLET,SPIN,,nome,COMBUSTAO,,F,flex,10,GM,SPIN,automoveis
2023,12,CHEVROLET,SPIN,,nome,COMBUSTAO,,F,flex,10,GM,SPIN,automoveis
2023,12,CHEVROLET,SPIN,,nome,COMBUSTAO,,F,flex,10,GM,SPIN,automoveis
2023,12,CHEVROLET,SPIN 18L MT PREMIER,,nome,COMBUSTAO,,F,flex,10,GM,SPIN,automoveis
2023,12,KIA,CARNIVAL EX,,nome,COMBUSTAO,,G,gasolina,9,KIA,CARNIVAL,automoveis
2023,12,KIA,CARNIVAL LX,,nome,COMBUSTAO,,G,gasolina,9,KIA,CARNIVAL,automoveis
2023,12,KIA,CARNIVAL SX,,nome,COMBUSTAO,,G,gasolina,9,KIA,CARNIVAL,automoveis
2023,13,CITROEN,JUMPY CARGO,,nome,COMBUSTAO,,D,diesel,11,CITROEN,JUMPY,comerciais_leves
2023,13,CITROEN,JUMPY VITRE,,nome,COMBUSTAO,,D,diesel,11,CITROEN,JUMPY,comerciais_leves
2023,13,CITROEN,JUMPER CARGOL2,,nome,COMBUSTAO,,D,diesel,11,CITROEN,JUMPER,comerciais_leves
2023,13,CITROEN,JUMPER CARGOPK,,nome,COMBUSTAO,,D,diesel,11,CITROEN,JUMPER,comerciais_leves
2023,13,CITROEN,JUMPER FURG PK,,nome,COMBUSTAO,,D,diesel,11,CITROEN,JUMPER,comerciais_leves
2023,13,FIAT,DUCATO CARGO,,nome,COMBUSTAO,,D,diesel,11,FIAT,DUCATO,comerciais_leves
2023,13,FIAT,DUCATO MAXICARGO,,nome,COMBUSTAO,,D,diesel,11,FIAT,DUCATO,comerciais_leves
2023,13,FIAT,DUCATO MULTI 13M,,nome,COMBUSTAO,,D,diesel,11,FIAT,DUCATO,comerciais_leves
2023,13,FIAT,DUCATO MB EXEC-17,,nome,COMBUSTAO,,D,diesel,11,FIAT,DUCATO,comerciais_leves
2023,13,FIAT,DUCATO MB COMF-19,,nome,COMBUSTAO,,D,diesel,11,FIAT,DUCATO,comerciais_leves
2023,13,FIAT,FIORINO ENDURANCE,,nome,COMBUSTAO,,F,flex,10,FIAT,FIORINO,comerciais_leves
2023,13,FIAT,FIORINO WORKING,,nome,COMBUSTAO,,F,flex,10,FIAT,FIORINO,comerciais_leves
2023,13,FIAT,SCUDO CARGO TD,,nome,COMBUSTAO,,D,diesel,11,FIAT,SCUDO,comerciais_leves
2023,13,FIAT,SCUDO MULTI TD,,nome,COMBUSTAO,,D,diesel,11,FIAT,SCUDO,comerciais_leves
2023,13,FORD,TRANSIT 350 F,,nome,COMBUSTAO,,D,diesel,11,FORD,TRANSIT,comerciais_leves
2023,13,FORD,TRANSIT 350 FL,,nome,COMBUSTAO,,D,diesel,11,FORD,TRANSIT,comerciais_leves
2023,13,HYUNDAI,HR HDB 4WD,,nome,COMBUSTAO,,D,diesel,11,HYUNDAI,HR,comerciais_leves
2023,13,KIA,BONGO K2500 4X2 SC HD SC,,nome,COMBUSTAO,,D,diesel,11,KIA,BONGO,comerciais_leves
2023,13,KIA,BONGO K2500 4X4 SC HD SC 4WD,,nome,COMBUSTAO,,D,diesel,11,KIA,BONGO,comerciais_leves
2023,13,PEUGEOT,EXPERT CARGO,,nome,COMBUSTAO,,D,diesel,11,PEUGEOT,EXPERT,comerciais_leves
2023,13,PEUGEOT,EXPERT VITRE,,nome,COMBUSTAO,,D,diesel,11,PEUGEOT,EXPERT,comerciais_leves
2023,13,PEUGEOT,BOXER CARGO L2,,nome,COMBUSTAO,,D,diesel,11,PEUGEOT,BOXER,comerciais_leves
2023,13,PEUGEOT,BOXER CARGO PK,,nome,COMBUSTAO,,D,diesel,11,PEUGEOT,BOXER,comerciais_leves
2023,13,PEUGEOT,BOXER FURGAO PK,,nome,COMBUSTAO,,D,diesel,11,PEUGEOT,BOXER,comerciais_leves
2023,13,PEUGEOT,PARTNER RAPID BUSINS,,nome,COMBUSTAO,,F,flex,10,PEUGEOT,PARTNER,comerciais_leves
2023,13,PEUGEOT,PARTNER RAPID BUSIPK,,nome,COMBUSTAO,,F,flex,10,PEUGEOT,PARTNER,comerciais_leves
2023,13,RENAULT,KANGOO MAX ZE,,nome,ELETRICO,,E,bev,8,RENAULT,KANGOO,automoveis
2023,13,RENAULT,KANGOO MAX ZE,,nome,ELETRICO,,E,bev,8,RENAULT,KANGOO,comerciais_leves
2023,13,RENAULT,KANGOO MAXICAB,,nome,ELETRICO,,E,bev,8,RENAULT,KANGOO,automoveis
2023,13,RENAULT,KANGOO MAXICAB,,nome,ELETRICO,,E,bev,8,RENAULT,KANGOO,comerciais_leves
2023,13,RENAULT,E-KWID CARGO,,nome,ELETRICO,,E,bev,8,RENAULT,E-KWID,automoveis
2023,13,CHEVROLET,MONTANA T AT LTZ,,nome,COMBUSTAO,,F,flex,10,GM,MONTANA,comerciais_leves
2023,13,CHEVROLET,MONTANA T AT PR,,nome,COMBUSTAO,,F,flex,10,GM,MONTANA,comerciais_leves
2023,13,CHEVROLET,MONTANA T,,nome,COMBUSTAO,,F,flex,10,GM,MONTANA,comerciais_leves
2023,13,CHEVROLET,MONTANA T LT,,nome,COMBUSTAO,,F,flex,10,GM,MONTANA,comerciais_leves
2023,13,FIAT,STRADA RANCH AT (MY23),,nome,COMBUSTAO,,F,flex,10,FIAT,STRADA,comerciais_leves
2023,13,FIAT,STRADA VOLCANO AT (MY23),,nome,COMBUSTAO,,F,flex,10,FIAT,STRADA,comerciais_leves
2023,13,FIAT,STRADA FREEDOM CS (MY23),,nome,COMBUSTAO,,F,flex,10,FIAT,STRADA,comerciais_leves
2023,13,FIAT,STRADA ENDURANCE CD,,nome,COMBUSTAO,,F,flex,10,FIAT,STRADA,comerciais_leves
2023,13,FIAT,STRADA ENDURANCE CS,,nome,COMBUSTAO,,F,flex,10,FIAT,STRADA,comerciais_leves
2023,13,FIAT,STRADA FREEDOM CD13 (CY23),,nome,COMBUSTAO,,F,flex,10,FIAT,STRADA,comerciais_leves
2023,13,FIAT,STRADA VOLCANO CD13 (CY23),,nome,COMBUSTAO,,F,flex,10,FIAT,STRADA,comerciais_leves
2023,13,FIAT,STRADA RANCH T200AT,,nome,COMBUSTAO,,F,flex,10,FIAT,STRADA,comerciais_leves
2023,13,FIAT,STRADA ULTRA T200AT,,nome,COMBUSTAO,,F,flex,10,FIAT,STRADA,comerciais_leves
2023,13,FIAT,STRADA ENDURAN CS13,,nome,COMBUSTAO,,F,flex,10,FIAT,STRADA,comerciais_leves
2023,13,RENAULT,OROCH INTENSE16M,,nome,COMBUSTAO,,F,flex,10,RENAULT,OROCH,comerciais_leves
2023,13,RENAULT,OROCH PRO 16,,nome,COMBUSTAO,,F,flex,10,RENAULT,OROCH,comerciais_leves
2023,13,VW,SAVEIRO TRENDLINE SC,,nome,COMBUSTAO,,F,flex,10,VW,SAVEIRO,comerciais_leves
2023,13,VW,SAVEIRO ROBUST SC,,nome,COMBUSTAO,,F,flex,10,VW,SAVEIRO,comerciais_leves
2023,13,VW,SAVEIRO CROSS CD,,nome,COMBUSTAO,,F,flex,10,VW,SAVEIRO,comerciais_leves
2023,13,VW,SAVEIRO ROBUST CD,,nome,COMBUSTAO,,F,flex,10,VW,SAVEIRO,comerciais_leves
2023,13,VW,SAVEIRO CS ROBUST MF(MY24),,nome,COMBUSTAO,,F,flex,10,VW,SAVEIRO,comerciais_leves
2023,13,VW,SAVEIRO CS TRENDLINE MF (MY24),,nome,COMBUSTAO,,F,flex,10,VW,SAVEIRO,comerciais_leves
2023,13,VW,SAVEIRO CD ROBUST MF(MY24),,nome,COMBUSTAO,,F,flex,10,VW,SAVEIRO,comerciais_leves
2023,13,VW,SAVEIRO CD EXTREME MF (MY24),,nome,COMBUSTAO,,F,flex,10,VW,SAVEIRO,comerciais_leves
2023,13,CHEVROLET,S10 HC DD4A,,nome,COMBUSTAO,,D,diesel,11,GM,S10,comerciais_leves
2023,13,CHEVROLET,S10 LT DD4A,,nome,COMBUSTAO,,D,diesel,11,GM,S10,comerciais_leves
2023,13,CHEVROLET,S10 LTZ DD4A,,nome,COMBUSTAO,,D,diesel,11,GM,S10,comerciais_leves
2023,13,CHEVROLET,S10 LS DD4,,nome,COMBUSTAO,,D,diesel,11,GM,S10,comerciais_leves
2023,13,CHEVROLET,S10 LS DS4,,nome,COMBUSTAO,,D,diesel,11,GM,S10,comerciais_leves
2023,13,CHEVROLET,S10 LS DS4C,,nome,COMBUSTAO,,D,diesel,11,GM,S10,comerciais_leves
2023,13,CHEVROLET,S10 Z71,,nome,COMBUSTAO,,D,diesel,11,GM,S10,comerciais_leves
2023,13,CHEVROLET,S10 MID DD4A,,nome,COMBUSTAO,,D,diesel,11,GM,S10,comerciais_leves
2023,13,CHEVROLET,S10 LT DD4,,nome,COMBUSTAO,,D,diesel,11,GM,S10,comerciais_leves
2023,13,CHEVROLET,SILVERADO HC,,nome,COMBUSTAO,,G,gasolina,9,GM,SILVERADO,comerciais_leves
2023,14,FIAT,TORO RANCH AT9 4X4 (CY23),FOSSIL FOSSIL FOSSIL (KM/L) (KM/L) (KM/L) (KM/L) (KM/L E) (KM/L E) RELATIVA ABSOLUTA,nome,COMBUSTAO,,D,diesel,11,FIAT,TORO,comerciais_leves
2023,14,FIAT,TORO VOLCANO AT9 4X4 (CY23),,nome,COMBUSTAO,,D,diesel,11,FIAT,TORO,comerciais_leves
2023,14,FIAT,TORO ULTRA AT9 4X4 (CY23),,nome,COMBUSTAO,,D,diesel,11,FIAT,TORO,comerciais_leves
2023,14,FIAT,TORO FREEDOM AT9 4X4,,nome,COMBUSTAO,,D,diesel,11,FIAT,TORO,comerciais_leves
2023,14,FIAT,TORO VOLCANO TURBO (CY23),,nome,COMBUSTAO,,F,flex,10,FIAT,TORO,comerciais_leves
2023,14,FIAT,TORO FREEDOM TURBO (OPT 31S) (CY23),,nome,COMBUSTAO,,F,flex,10,FIAT,TORO,comerciais_leves
2023,14,FIAT,TORO FREEDOM TURBO (CY23),,nome,COMBUSTAO,,F,flex,10,FIAT,TORO,comerciais_leves
2023,14,FIAT,TORO ENDUR,,nome,COMBUSTAO,,F,flex,10,FIAT,TORO,comerciais_leves
2023,14,FIAT,TORO FREED,,nome,COMBUSTAO,,F,flex,10,FIAT,TORO,comerciais_leves
2023,14,FIAT,TORO FREED,,nome,COMBUSTAO,,F,flex,10,FIAT,TORO,comerciais_leves
2023,14,FORD,MAVERICK XLT,,nome,COMBUSTAO,,G,gasolina,9,FORD,MAVERICK,comerciais_leves
2023,14,FORD,MAVERICK XLT,,nome,COMBUSTAO,,G,gasolina,9,FORD,MAVERICK,automoveis
2023,14,FORD,MAVERICK LARIAT FX4,,nome,COMBUSTAO,,G,gasolina,9,FORD,MAVERICK,comerciais_leves
2023,14,FORD,MAVERICK LARIAT FX4,,nome,COMBUSTAO,,G,gasolina,9,FORD,MAVERICK,automoveis
2023,14,FORD,MAVERICK HIBRIDO LARIAT,,nome,HIBRIDO,HIBRIDO,G,hev,4,FORD,MAVERICK,comerciais_leves
2023,14,FORD,MAVERICK HIBRIDO LARIAT,,nome,HIBRIDO,HIBRIDO,G,hev,4,FORD,MAVERICK,automoveis
2023,14,FORD,RANGER 4X4 CS XL,,nome,COMBUSTAO,,D,diesel,11,FORD,RANGER,comerciais_leves
2023,14,FORD,RANGER 4X4 CD XL,,nome,COMBUSTAO,,D,diesel,11,FORD,RANGER,comerciais_leves
2023,14,FORD,RANGER 4X2 XLS,,nome,COMBUSTAO,,D,diesel,11,FORD,RANGER,comerciais_leves
2023,14,FORD,RANGER 4X2 XLS BLACK,,nome,COMBUSTAO,,D,diesel,11,FORD,RANGER,comerciais_leves
2023,14,FORD,RANGER 4X4 XLS,,nome,COMBUSTAO,,D,diesel,11,FORD,RANGER,comerciais_leves
2023,14,FORD,RANGER 4X4 XL,,nome,COMBUSTAO,,D,diesel,11,FORD,RANGER,comerciais_leves
2023,14,FORD,RANGER 4X4 XLS,,nome,COMBUSTAO,,D,diesel,11,FORD,RANGER,comerciais_leves
2023,14,FORD,RANGER 4X4 XLT,,nome,COMBUSTAO,,D,diesel,11,FORD,RANGER,comerciais_leves
2023,14,FORD,RANGER 4X4 FX4,,nome,COMBUSTAO,,D,diesel,11,FORD,RANGER,comerciais_leves
2023,14,FORD,RANGER 4X4 STORM,,nome,COMBUSTAO,,D,diesel,11,FORD,RANGER,comerciais_leves
2023,14,FORD,RANGER 4X4 LTD,,nome,COMBUSTAO,,D,diesel,11,FORD,RANGER,comerciais_leves
2023,14,FORD,NOVA RANGER 4X4 XL,,nome,COMBUSTAO,,D,diesel,11,FORD,RANGER,comerciais_leves
2023,14,FORD,NOVA RANGER 4X4 XLS,,nome,COMBUSTAO,,D,diesel,11,FORD,RANGER,comerciais_leves
2023,14,FORD,NOVA RANGER 4X2 XLS,,nome,COMBUSTAO,,D,diesel,11,FORD,RANGER,comerciais_leves
2023,14,FORD,NOVA RANGER 4X4 XLS,,nome,COMBUSTAO,,D,diesel,11,FORD,RANGER,comerciais_leves
2023,14,FORD,F150 LARIAT,,nome,COMBUSTAO,,G,gasolina,9,FORD,F150,comerciais_leves
2023,14,FORD,F150 PLATINUM,,nome,COMBUSTAO,,G,gasolina,9,FORD,F150,comerciais_leves
2023,14,JAC,IEV330P IEV330P,,nome,ELETRICO,,E,bev,8,JAC,IEV 330P,comerciais_leves
2023,14,JEEP,GLADIATOR RUBICON,,nome,COMBUSTAO,,G,gasolina,9,JEEP,GLADIATOR,comerciais_leves
2023,14,MITSUBISHI,L200 TRITON OUTDOOR GLX,,nome,COMBUSTAO,,D,diesel,11,MITSUBISHI,L200,comerciais_leves
2023,14,MITSUBISHI,L200 TRITON OUTDOOR GLS,,nome,COMBUSTAO,,D,diesel,11,MITSUBISHI,L200,comerciais_leves
2023,14,MITSUBISHI,L200 TRITON GL,,nome,COMBUSTAO,,D,diesel,11,MITSUBISHI,L200,comerciais_leves
2023,14,MITSUBISHI,L200 TRITON GLS,,nome,COMBUSTAO,,D,diesel,11,MITSUBISHI,L200,comerciais_leves
2023,14,MITSUBISHI,L200 TRITON SAVANA,,nome,COMBUSTAO,,D,diesel,11,MITSUBISHI,L200,comerciais_leves
2023,14,MITSUBISHI,L200 TRITON SPORT GLS,,nome,COMBUSTAO,,D,diesel,11,MITSUBISHI,L200,comerciais_leves
2023,14,MITSUBISHI,L200 TRITON SPORT GLX,,nome,COMBUSTAO,,D,diesel,11,MITSUBISHI,L200,comerciais_leves
2023,14,MITSUBISHI,L200 TRITON SPORT GL,,nome,COMBUSTAO,,D,diesel,11,MITSUBISHI,L200,comerciais_leves
2023,14,MITSUBISHI,L200 TRITON SPORT GLS,,nome,COMBUSTAO,,D,diesel,11,MITSUBISHI,L200,comerciais_leves
2023,14,MITSUBISHI,L200 TRITON SPORT HPE,,nome,COMBUSTAO,,D,diesel,11,MITSUBISHI,L200,comerciais_leves
2023,14,MITSUBISHI,L200 TRITON SPORT HPE-S,,nome,COMBUSTAO,,D,diesel,11,MITSUBISHI,L200,comerciais_leves
2023,14,MITSUBISHI,L200 TRITON SPORT SAVANA,,nome,COMBUSTAO,,D,diesel,11,MITSUBISHI,L200,comerciais_leves
2023,14,NISSAN,FRONTIER S,,nome,COMBUSTAO,,D,diesel,11,NISSAN,FRONTIER,comerciais_leves
2023,14,NISSAN,FRONTIER ATK,,nome,COMBUSTAO,,D,diesel,11,NISSAN,FRONTIER,comerciais_leves
2023,14,NISSAN,FRONTIER PRO4X,,nome,COMBUSTAO,,D,diesel,11,NISSAN,FRONTIER,comerciais_leves
2023,14,NISSAN,FRONTIER SE,,nome,COMBUSTAO,,D,diesel,11,NISSAN,FRONTIER,comerciais_leves
2023,14,NISSAN,FRONTIER PLT,,nome,COMBUSTAO,,D,diesel,11,NISSAN,FRONTIER,comerciais_leves
2023,14,NISSAN,FRONTIER XE,,nome,COMBUSTAO,,D,diesel,11,NISSAN,FRONTIER,comerciais_leves
2023,14,NISSAN,FRONTIER 24MY S,,nome,COMBUSTAO,,D,diesel,11,NISSAN,FRONTIER,comerciais_leves
2023,14,NISSAN,FRONTIER 24MY ATK,,nome,COMBUSTAO,,D,diesel,11,NISSAN,FRONTIER,comerciais_leves
2023,14,NISSAN,FRONTIER 24MY PRO4X,,nome,COMBUSTAO,,D,diesel,11,NISSAN,FRONTIER,comerciais_leves
2023,14,NISSAN,FRONTIER 24MY SE,,nome,COMBUSTAO,,D,diesel,11,NISSAN,FRONTIER,comerciais_leves
2023,14,NISSAN,FRONTIER 24MY XE,,nome,COMBUSTAO,,D,diesel,11,NISSAN,FRONTIER,comerciais_leves
2023,14,NISSAN,FRONTIER 24MY PLT,,nome,COMBUSTAO,,D,diesel,11,NISSAN,FRONTIER,comerciais_leves
2023,14,RAM,1500 REBEL HEMI CC,,nome,COMBUSTAO,,G,gasolina,9,RAM,1500,comerciais_leves
2023,14,RAM,CLASSIC LARAMIE,,nome,COMBUSTAO,,G,gasolina,9,RAM,CLASSIC,comerciais_leves
2023,14,RAM,CLASSIC RT,,nome,COMBUSTAO,,G,gasolina,9,RAM,CLASSIC,comerciais_leves
2023,14,RAM,1500 LIMITED HEMI,,nome,COMBUSTAO,,G,gasolina,9,RAM,1500,comerciais_leves
2023,14,RAM,1500 LIMITED NIGHT EDITION,,nome,COMBUSTAO,,G,gasolina,9,RAM,1500,comerciais_leves
2023,14,RAM,RAMPAGE REBEL AT GAS,,nome,COMBUSTAO,,G,gasolina,9,RAM,RAMPAGE,comerciais_leves
2023,14,RAM,RAMPAGE RT GAS,,nome,COMBUSTAO,,G,gasolina,9,RAM,RAMPAGE,comerciais_leves
2023,14,RAM,RAMPAGE LARAMIE GAS,,nome,COMBUSTAO,,G,gasolina,9,RAM,RAMPAGE,comerciais_leves
2023,14,RAM,RAMPAGE LARAMIE DS,,nome,COMBUSTAO,,D,diesel,11,RAM,RAMPAGE,comerciais_leves
2023,14,RAM,RAMPAGE REBEL DS,,nome,COMBUSTAO,,D,diesel,11,RAM,RAMPAGE,comerciais_leves
2023,15,TOYOTA,HILUX DIESEL 4X4 GRS (WIDE TREAD),FOSSIL FOSSIL FOSSIL (KM/L) (KM/L) (KM/L) (KM/L) (KM/L E) (KM/L E) RELATIVA ABSOLUTA,nome,COMBUSTAO,,D,diesel,11,TOYOTA,HILUX,comerciais_leves
2023,15,TOYOTA,HILUX DIESEL 4X4 SRX LIMITED,,nome,COMBUSTAO,,D,diesel,11,TOYOTA,HILUX,comerciais_leves
2023,15,TOYOTA,HILUX DIESEL 4X4 SRX,,nome,COMBUSTAO,,D,diesel,11,TOYOTA,HILUX,comerciais_leves
2023,15,TOYOTA,HILUX DIESEL 4X4 SRV,,nome,COMBUSTAO,,D,diesel,11,TOYOTA,HILUX,comerciais_leves
2023,15,TOYOTA,HILUX DIESEL 4X4 SR,,nome,COMBUSTAO,,D,diesel,11,TOYOTA,HILUX,comerciais_leves
2023,15,TOYOTA,HILUX DIESEL 4X4 SC,,nome,COMBUSTAO,,D,diesel,11,TOYOTA,HILUX,comerciais_leves
2023,15,TOYOTA,HILUX DIESEL 4X4 CC,,nome,COMBUSTAO,,D,diesel,11,TOYOTA,HILUX,comerciais_leves
2023,15,TOYOTA,HILUX DIESEL 4X4 POWER PACK,,nome,COMBUSTAO,,D,diesel,11,TOYOTA,HILUX,comerciais_leves
2023,15,TOYOTA,HILUX DIESEL 4X4 CONQUEST,,nome,COMBUSTAO,,D,diesel,11,TOYOTA,HILUX,comerciais_leves
2023,15,TOYOTA,HILUX DIESEL 4X4 GRS,,nome,COMBUSTAO,,D,diesel,11,TOYOTA,HILUX,comerciais_leves
2023,15,TOYOTA,HILUX DIESEL 4X4 SRX PLUS,,nome,COMBUSTAO,,D,diesel,11,TOYOTA,HILUX,comerciais_leves
2023,15,VW,AMAROK V6 EXTREME CD,,nome,COMBUSTAO,,D,diesel,11,VW,AMAROK,comerciais_leves
2023,15,VW,AMAROK V6 COMFORTLINE CD,,nome,COMBUSTAO,,D,diesel,11,VW,AMAROK,comerciais_leves
2023,15,VW,AMAROK V6 HIGHLINE CD,,nome,COMBUSTAO,,D,diesel,11,VW,AMAROK,comerciais_leves
2023,15,BMW,M3 COMPETITION,,nome,COMBUSTAO,,G,gasolina,9,BMW,M3,automoveis
2023,15,BMW,M2 COUPE,,nome,COMBUSTAO,,G,gasolina,9,BMW,M2,automoveis
2023,15,BMW,M2 COUPE TRACK,,nome,COMBUSTAO,,G,gasolina,9,BMW,M2,automoveis
2023,15,CHEVROLET,CAMARO 2SS CONV,,nome,COMBUSTAO,,G,gasolina,9,GM,CAMARO,automoveis
2023,15,CHEVROLET,CAMARO 2SS,,nome,COMBUSTAO,,G,gasolina,9,GM,CAMARO,automoveis
2023,15,FERRARI,F8 SPIDER,,nome,COMBUSTAO,,G,gasolina,9,FERRARI,F8 SPIDER,automoveis
2023,15,FERRARI,296 GTB,,nome,PLUG-IN,,G,phev,6,FERRARI,296 GTB,automoveis
2023,15,FORD,MUSTANG MACH 1,,nome,COMBUSTAO,,G,gasolina,9,FORD,MUSTANG,automoveis
2023,15,HONDA,CIVIC TYPE-R,,nome,COMBUSTAO,,G,gasolina,9,HONDA,CIVIC TYPE-R,automoveis
2023,15,JAGUAR,F-TYPE 300RD CP,,nome,COMBUSTAO,,G,gasolina,9,JAGUAR,F-TYPE,automoveis
2023,15,JAGUAR,F-TYPE 300RD CB,,nome,COMBUSTAO,,G,gasolina,9,JAGUAR,F-TYPE,automoveis
2023,15,JAGUAR,F-TYPE (24 MY) 300RD CP,,nome,COMBUSTAO,,G,gasolina,9,JAGUAR,F-TYPE,automoveis
2023,15,JAGUAR,F-TYPE (24 MY) 300RD CB,,nome,COMBUSTAO,,G,gasolina,9,JAGUAR,F-TYPE,automoveis
2023,15,JAGUAR,F-TYPE (24 MY) 300CB 75,,nome,COMBUSTAO,,G,gasolina,9,JAGUAR,F-TYPE,automoveis
2023,15,JAGUAR,F-TYPE (24 MY) 300CP 75,,nome,COMBUSTAO,,G,gasolina,9,JAGUAR,F-TYPE,automoveis
2023,15,MCLAREN,ARTURA ----,,nome,PLUG-IN,,G,phev,6,MCLAREN,ARTURA,automoveis
2023,15,PORSCHE,BOXSTER GTS4.0,,nome,COMBUSTAO,,G,gasolina,9,PORSCHE,BOXSTER,automoveis
2023,15,PORSCHE,BOXSTER 25 ANOS,,nome,COMBUSTAO,,G,gasolina,9,PORSCHE,BOXSTER,automoveis
2023,15,PORSCHE,BOXSTER SPYDER,,nome,COMBUSTAO,,G,gasolina,9,PORSCHE,BOXSTER,automoveis
2023,15,PORSCHE,BOXSTER --,,nome,COMBUSTAO,,G,gasolina,9,PORSCHE,BOXSTER,automoveis
2023,15,PORSCHE,BOXSTER T,,nome,COMBUSTAO,,G,gasolina,9,PORSCHE,BOXSTER,automoveis
2023,15,PORSCHE,BOXSTER STYLE,,nome,COMBUSTAO,,G,gasolina,9,PORSCHE,BOXSTER,automoveis
2023,15,PORSCHE,CAYMAN GTS,,nome,COMBUSTAO,,G,gasolina,9,PORSCHE,CAYMAN,automoveis
2023,15,PORSCHE,CAYMAN GT4,,nome,COMBUSTAO,,G,gasolina,9,PORSCHE,CAYMAN,automoveis
2023,15,PORSCHE,CAYMAN --,,nome,COMBUSTAO,,G,gasolina,9,PORSCHE,CAYMAN,automoveis
2023,15,PORSCHE,CAYMAN T,,nome,COMBUSTAO,,G,gasolina,9,PORSCHE,CAYMAN,automoveis
2023,15,PORSCHE,CAYMAN STYLE,,nome,COMBUSTAO,,G,gasolina,9,PORSCHE,CAYMAN,automoveis
2023,15,PORSCHE,CAYMAN GT4 RS,,nome,COMBUSTAO,,G,gasolina,9,PORSCHE,CAYMAN,automoveis
2023,15,PORSCHE,911 TURBO S,,nome,COMBUSTAO,,G,gasolina,9,PORSCHE,911,automoveis
2023,15,PORSCHE,911 TURBO S CA,,nome,COMBUSTAO,,G,gasolina,9,PORSCHE,911,automoveis
2023,15,PORSCHE,911 TURBO,,nome,COMBUSTAO,,G,gasolina,9,PORSCHE,911,automoveis
2023,15,PORSCHE,911 TURBO CAB,,nome,COMBUSTAO,,G,gasolina,9,PORSCHE,911,automoveis
2023,15,PORSCHE,911 CARRERA S,,nome,COMBUSTAO,,G,gasolina,9,PORSCHE,911,automoveis
2023,15,PORSCHE,911 CARRERA SC,,nome,COMBUSTAO,,G,gasolina,9,PORSCHE,911,automoveis
2023,15,PORSCHE,911 CARRERA GTS,,nome,COMBUSTAO,,G,gasolina,9,PORSCHE,911,automoveis
2023,15,PORSCHE,911 CARRERA GTS CA,,nome,COMBUSTAO,,G,gasolina,9,PORSCHE,911,automoveis
2023,15,PORSCHE,911 TARGA 4GTS,,nome,COMBUSTAO,,G,gasolina,9,PORSCHE,911,automoveis
2023,15,PORSCHE,911 TARGA 50Y,,nome,COMBUSTAO,,G,gasolina,9,PORSCHE,911,automoveis
2023,15,PORSCHE,911 CARRERA,,nome,COMBUSTAO,,G,gasolina,9,PORSCHE,911,automoveis
2023,15,PORSCHE,911 CARRERA C,,nome,COMBUSTAO,,G,gasolina,9,PORSCHE,911,automoveis
2023,15,PORSCHE,911 CARRERA T,,nome,COMBUSTAO,,G,gasolina,9,PORSCHE,911,automoveis
2023,15,PORSCHE,911 CARRERA 4 GTS,,nome,COMBUSTAO,,G,gasolina,9,PORSCHE,911,automoveis
2023,15,PORSCHE,911 GT3 RS,,nome,COMBUSTAO,,G,gasolina,9,PORSCHE,911,automoveis
2023,15,PORSCHE,911 TURBO (ANO MODELO 2024),,nome,COMBUSTAO,,G,gasolina,9,PORSCHE,911,automoveis
2023,15,PORSCHE,911 TURBO CAB (ANO MODELO 2024),,nome,COMBUSTAO,,G,gasolina,9,PORSCHE,911,automoveis
2023,15,PORSCHE,911 TURBO S (ANO MODELO 2024),,nome,COMBUSTAO,,G,gasolina,9,PORSCHE,911,automoveis
2023,15,PORSCHE,911 TURBO S CA (ANO MODELO 2024),,nome,COMBUSTAO,,G,gasolina,9,PORSCHE,911,automoveis
2023,15,PORSCHE,PANAMERA 4SEHS,,nome,PLUG-IN,,G,phev,6,PORSCHE,PANAMERA,automoveis
2023,15,PORSCHE,PANAMERA 4SEHY,,nome,PLUG-IN,,G,phev,6,PORSCHE,PANAMERA,automoveis
2023,15,PORSCHE,PANAMERA TSEHY,,nome,PLUG-IN,,G,phev,6,PORSCHE,PANAMERA,automoveis
2023,15,PORSCHE,PANAMERA 4EHST,,nome,PLUG-IN,,G,phev,6,PORSCHE,PANAMERA,automoveis
2023,15,PORSCHE,PANAMERA 4EHYB,,nome,PLUG-IN,,G,phev,6,PORSCHE,PANAMERA,automoveis
2023,15,PORSCHE,TAYCAN 4S,,nome,ELETRICO,,E,bev,8,PORSCHE,TAYCAN,automoveis
2023,15,PORSCHE,TAYCAN TURBO,,nome,ELETRICO,,E,bev,8,PORSCHE,TAYCAN,automoveis
2023,15,PORSCHE,TAYCAN TURBO S,,nome,ELETRICO,,E,bev,8,PORSCHE,TAYCAN,automoveis
2023,15,PORSCHE,TAYCAN --,,nome,ELETRICO,,E,bev,8,PORSCHE,TAYCAN,automoveis
2023,15,PORSCHE,TAYCAN 4CT,,nome,ELETRICO,,E,bev,8,PORSCHE,TAYCAN,automoveis
2023,15,PORSCHE,TAYCAN 4GTS,,nome,ELETRICO,,E,bev,8,PORSCHE,TAYCAN,automoveis
2023,15,PORSCHE,TAYCAN 4S CT,,nome,ELETRICO,,E,bev,8,PORSCHE,TAYCAN,automoveis
2024,1,BYD,DOLPHIN MINI GS EV,,nome,ELETRICO,EV,E,bev,8,BYD,DOLPHIN MINI,automoveis
2024,1,CAOA CHERY,ICAR EQ1 TEC,,nome,ELETRICO,,E,bev,8,CAOA CHERY,ICAR,automoveis
2024,1,FIAT,500E ICON,,nome,ELETRICO,,E,bev,8,FIAT,500E,automoveis
2024,1,FIAT,MOBI LIKE,,nome,COMBUSTAO,,F,flex,10,FIAT,MOBI,automoveis
2024,1,FIAT,MOBI TREKKING,,nome,COMBUSTAO,,F,flex,10,FIAT,MOBI,automoveis
2024,1,JAC,E-JS1 E-JS1,,nome,ELETRICO,,E,bev,8,JAC,E-JS1,automoveis
2024,1,JAC,E-JS1 E-JS1 EXT,,nome,ELETRICO,,E,bev,8,JAC,E-JS1,automoveis
2024,1,RENAULT,E-KWID INTENS,,nome,ELETRICO,,E,bev,8,RENAULT,E-KWID,automoveis
2024,1,FIAT,ARGO,,nome,COMBUSTAO,,F,flex,10,FIAT,ARGO,automoveis
2024,1,FIAT,ARGO DRIVE,,nome,COMBUSTAO,,F,flex,10,FIAT,ARGO,automoveis
2024,1,FIAT,ARGO DRIVE,,nome,COMBUSTAO,,F,flex,10,FIAT,ARGO,automoveis
2024,1,FIAT,ARGO DRIVE,,nome,COMBUSTAO,,F,flex,10,FIAT,ARGO,automoveis
2024,1,HYUNDAI,HB20 SENSE,,nome,COMBUSTAO,,F,flex,10,HYUNDAI,HB20,automoveis
2024,1,HYUNDAI,HB20 COMFORT,,nome,COMBUSTAO,,F,flex,10,HYUNDAI,HB20,automoveis
2024,1,HYUNDAI,HB20 LIMITED,,nome,COMBUSTAO,,F,flex,10,HYUNDAI,HB20,automoveis
2024,1,HYUNDAI,HB20 PLATINUM,,nome,COMBUSTAO,,F,flex,10,HYUNDAI,HB20,automoveis
2024,1,HYUNDAI,HB20 COMFORT,,nome,COMBUSTAO,,F,flex,10,HYUNDAI,HB20,automoveis
2024,1,HYUNDAI,HB20 COMFORT,,nome,COMBUSTAO,,F,flex,10,HYUNDAI,HB20,automoveis
2024,1,HYUNDAI,HB20 PLATINUM,,nome,COMBUSTAO,,F,flex,10,HYUNDAI,HB20,automoveis
2024,1,HYUNDAI,HB20 SENSE,,nome,COMBUSTAO,,F,flex,10,HYUNDAI,HB20,automoveis
2024,1,HYUNDAI,HB20 PLATINUM SMART SENSE,,nome,COMBUSTAO,,F,flex,10,HYUNDAI,HB20,automoveis
2024,1,HYUNDAI,HB20 PLATINUM PLUS,,nome,COMBUSTAO,,F,flex,10,HYUNDAI,HB20,automoveis
2024,1,HYUNDAI,HB20 PLATINUM SAFETY,,nome,COMBUSTAO,,F,flex,10,HYUNDAI,HB20,automoveis
2024,1,HYUNDAI,HB20 PLATINUM SAFETY,,nome,COMBUSTAO,,F,flex,10,HYUNDAI,HB20,automoveis
2024,1,HYUNDAI,HB20 COMFORT (25MY),,nome,COMBUSTAO,,F,flex,10,HYUNDAI,HB20,automoveis
2024,1,HYUNDAI,HB20 SENSE (25MY),,nome,COMBUSTAO,,F,flex,10,HYUNDAI,HB20,automoveis
2024,1,HYUNDAI,HB20 COMFORT (25MY),,nome,COMBUSTAO,,F,flex,10,HYUNDAI,HB20,automoveis
2024,1,HYUNDAI,HB20 LIMITED (25MY),,nome,COMBUSTAO,,F,flex,10,HYUNDAI,HB20,automoveis
2024,1,HYUNDAI,HB20 COMFORT (25MY),,nome,COMBUSTAO,,F,flex,10,HYUNDAI,HB20,automoveis
2024,1,HYUNDAI,HB20,COMFORT / PLATINUM SAFETY,nome,COMBUSTAO,,F,flex,10,HYUNDAI,HB20,automoveis
2024,1,MINI,COOPER S ELECTRIC,(25MY),nome,ELETRICO,ELECTRIC,E,bev,8,MINI,COOPER,automoveis
2024,1,MINI,COOPER S 3P,,nome,COMBUSTAO,,G,gasolina,9,MINI,COOPER,automoveis
2024,1,MINI,JCW HATCH 3P,,nome,COMBUSTAO,,G,gasolina,9,MINI,JCW,automoveis
2024,1,MINI,COOPER S 5P,,nome,COMBUSTAO,,G,gasolina,9,MINI,COOPER,automoveis
2024,1,PEUGEOT,E-208 GT,,nome,ELETRICO,,E,bev,8,PEUGEOT,208,automoveis
2024,1,PEUGEOT,208 STYLE MT,,nome,COMBUSTAO,,F,flex,10,PEUGEOT,208,automoveis
2024,1,PEUGEOT,208 LIKE MT,,nome,COMBUSTAO,,F,flex,10,PEUGEOT,208,automoveis
2024,1,PEUGEOT,208 ROADTRIP A,,nome,COMBUSTAO,,F,flex,10,PEUGEOT,208,automoveis
2024,1,PEUGEOT,208 GRIFF,,nome,COMBUSTAO,,F,flex,10,PEUGEOT,208,automoveis
2024,1,PEUGEOT,208 ALLUR,,nome,COMBUSTAO,,F,flex,10,PEUGEOT,208,automoveis
2024,1,PEUGEOT,208 STYLE,,nome,COMBUSTAO,,F,flex,10,PEUGEOT,208,automoveis
2024,1,RENAULT,SANDERO SEDTION BS,,nome,COMBUSTAO,,F,flex,10,RENAULT,SANDERO,automoveis
2024,1,RENAULT,SANDERO SEDITION,,nome,COMBUSTAO,,F,flex,10,RENAULT,SANDERO,automoveis
2024,1,RENAULT,SANDERO SZE10MT,,nome,COMBUSTAO,,F,flex,10,RENAULT,SANDERO,automoveis
2024,1,AUDI,A3 SPORTBACK S LINE (ED. 0),,nome,HIBRIDO,,G,hev,4,AUDI,A3,automoveis
2024,1,AUDI,A3 SPORTBACK PERFORMANCE BLACK (ED. 0),,nome,HIBRIDO,,G,hev,4,AUDI,A3,automoveis
2024,1,AUDI,A3 SPORTBACK S LINE,,nome,HIBRIDO,,G,hev,4,AUDI,A3,automoveis
2024,1,AUDI,A3 SPORTBACK PERFORMANCE BLACK,,nome,HIBRIDO,,G,hev,4,AUDI,A3,automoveis
2024,1,BMW,118I -,,nome,COMBUSTAO,,G,gasolina,9,BMW,118I,automoveis
2024,1,BYD,DOLPHIN GS 180EV,,nome,ELETRICO,,E,bev,8,BYD,DOLPHIN,automoveis
2024,1,BYD,DOLPHIN PLUS 310EV,,nome,ELETRICO,,E,bev,8,BYD,DOLPHIN,automoveis
2024,1,BYD,YUAN PRO GS 290EV,,nome,ELETRICO,,E,bev,8,BYD,YUAN,automoveis
2024,2,CHEVROLET,BOLT LT,(E-H) (D) FOSSIL FOSSIL FOSSIL (KM/L) (KM/L) (KM/L) (KM/L) (KM/L E) (KM/L E) RELATIVA ABSOLUTA,nome,ELETRICO,,E,bev,8,GM,BOLT,automoveis
2024,2,CHEVROLET,BOLT PREMIER,,nome,ELETRICO,,E,bev,8,GM,BOLT,automoveis
2024,2,CHEVROLET,BOLT EUV PREMIER,,nome,ELETRICO,,E,bev,8,GM,BOLT,automoveis
2024,2,CHEVROLET,ONIX 10MT HB,,nome,COMBUSTAO,,F,flex,10,GM,ONIX,automoveis
2024,2,CHEVROLET,ONIX 10MT LT1,,nome,COMBUSTAO,,F,flex,10,GM,ONIX,automoveis
2024,2,CHEVROLET,ONIX 10MT LT2,,nome,COMBUSTAO,,F,flex,10,GM,ONIX,automoveis
2024,2,CHEVROLET,ONIX 10TAT RS,,nome,COMBUSTAO,,F,flex,10,GM,ONIX,automoveis
2024,2,CHEVROLET,ONIX 10TAT HB,,nome,COMBUSTAO,,F,flex,10,GM,ONIX,automoveis
2024,2,CHEVROLET,ONIX 10TAT LT1,,nome,COMBUSTAO,,F,flex,10,GM,ONIX,automoveis
2024,2,CHEVROLET,ONIX 10TAT LTZ,,nome,COMBUSTAO,,F,flex,10,GM,ONIX,automoveis
2024,2,CHEVROLET,ONIX 10TAT PR2,,nome,COMBUSTAO,,F,flex,10,GM,ONIX,automoveis
2024,2,CHEVROLET,ONIX 10TMT LT1,,nome,COMBUSTAO,,F,flex,10,GM,ONIX,automoveis
2024,2,CHEVROLET,ONIX 10TMT LTZ,,nome,COMBUSTAO,,F,flex,10,GM,ONIX,automoveis
2024,2,CHEVROLET,ONIX PLUS 10MT LT1,,nome,COMBUSTAO,,F,flex,10,GM,ONIX PLUS,automoveis
2024,2,CHEVROLET,ONIX PLUS 10MT LT2,,nome,COMBUSTAO,,F,flex,10,GM,ONIX PLUS,automoveis
2024,2,CHEVROLET,ONIX PLUS 10TAT NB,,nome,COMBUSTAO,,F,flex,10,GM,ONIX PLUS,automoveis
2024,2,CHEVROLET,ONIX PLUS 10TAT LT1,,nome,COMBUSTAO,,F,flex,10,GM,ONIX PLUS,automoveis
2024,2,CHEVROLET,ONIX PLUS 10TAT LTZ,,nome,COMBUSTAO,,F,flex,10,GM,ONIX PLUS,automoveis
2024,2,CHEVROLET,ONIX PLUS 10TAT PR2,,nome,COMBUSTAO,,F,flex,10,GM,ONIX PLUS,automoveis
2024,2,CHEVROLET,ONIX PLUS 10TMT LT1,,nome,COMBUSTAO,,F,flex,10,GM,ONIX PLUS,automoveis
2024,2,CHEVROLET,ONIX PLUS 10TMT LTZ,,nome,COMBUSTAO,,F,flex,10,GM,ONIX PLUS,automoveis
2024,2,CHEVROLET,SPIN,,nome,COMBUSTAO,,F,flex,10,GM,SPIN,automoveis
2024,2,CHEVROLET,SPIN,,nome,COMBUSTAO,,F,flex,10,GM,SPIN,automoveis
2024,2,CHEVROLET,SPIN,,nome,COMBUSTAO,,F,flex,10,GM,SPIN,automoveis
2024,2,CHEVROLET,SPIN,,nome,COMBUSTAO,,F,flex,10,GM,SPIN,automoveis
2024,2,CHEVROLET,SPIN,,nome,COMBUSTAO,,F,flex,10,GM,SPIN,automoveis
2024,2,CHEVROLET,SPIN,,nome,COMBUSTAO,,F,flex,10,GM,SPIN,automoveis
2024,2,CHEVROLET,SPIN,,nome,COMBUSTAO,,F,flex,10,GM,SPIN,automoveis
2024,2,CHEVROLET,SPIN,,nome,COMBUSTAO,,F,flex,10,GM,SPIN,automoveis
2024,2,FIAT,CRONOS,,nome,COMBUSTAO,,F,flex,10,FIAT,CRONOS,automoveis
2024,2,FIAT,CRONOS DRIVE,,nome,COMBUSTAO,,F,flex,10,FIAT,CRONOS,automoveis
2024,2,FIAT,CRONOS DRIVE,,nome,COMBUSTAO,,F,flex,10,FIAT,CRONOS,automoveis
2024,2,FIAT,CRONOS PREC,,nome,COMBUSTAO,,F,flex,10,FIAT,CRONOS,automoveis
2024,2,FIAT,CRONOS DRIVE1.3AT,,nome,COMBUSTAO,,F,flex,10,FIAT,CRONOS,automoveis
2024,2,GWM,ORA 03 GT BEV63,,nome,ELETRICO,,E,bev,8,GWM,ORA 03,automoveis
2024,2,GWM,ORA 03 SKIN BEV48,,nome,ELETRICO,,E,bev,8,GWM,ORA 03,automoveis
2024,2,HONDA,CITY LX,,nome,COMBUSTAO,,F,flex,10,HONDA,CITY,automoveis
2024,2,HONDA,CITY EX,,nome,COMBUSTAO,,F,flex,10,HONDA,CITY,automoveis
2024,2,HONDA,CITY EXL,,nome,COMBUSTAO,,F,flex,10,HONDA,CITY,automoveis
2024,2,HONDA,CITY TOURING,,nome,COMBUSTAO,,F,flex,10,HONDA,CITY,automoveis
2024,2,HONDA,CITY HATCH LX,,nome,COMBUSTAO,,F,flex,10,HONDA,CITY HATCH,automoveis
2024,2,HONDA,CITY HATCH EX,,nome,COMBUSTAO,,F,flex,10,HONDA,CITY HATCH,automoveis
2024,2,HONDA,CITY HATCH EXL,,nome,COMBUSTAO,,F,flex,10,HONDA,CITY HATCH,automoveis
2024,2,HONDA,CITY HATCH TOURING,,nome,COMBUSTAO,,F,flex,10,HONDA,CITY HATCH,automoveis
2024,2,HONDA,HR-V EX HONDA SENSING,,nome,COMBUSTAO,,F,flex,10,HONDA,HR-V,automoveis
2024,2,HONDA,HR-V EXL HONDA SENSING,,nome,COMBUSTAO,,F,flex,10,HONDA,HR-V,automoveis
2024,2,HONDA,HR-V ADVANCE,,nome,COMBUSTAO,,F,flex,10,HONDA,HR-V,automoveis
2024,2,HONDA,HR-V TOURING,,nome,COMBUSTAO,,F,flex,10,HONDA,HR-V,automoveis
2024,2,HONDA,HR-V (MOD.25) ADVANCE,,nome,COMBUSTAO,,F,flex,10,HONDA,HR-V,automoveis
2024,2,HONDA,HR-V (MOD.25) TOURING,,nome,COMBUSTAO,,F,flex,10,HONDA,HR-V,automoveis
2024,2,HYUNDAI,IONIQ HEV,,nome,HIBRIDO,HEV,G,hev,4,HYUNDAI,IONIQ,automoveis
2024,2,HYUNDAI,TUCSON TURBO GLS,,nome,COMBUSTAO,,G,gasolina,9,HYUNDAI,TUCSON,automoveis
2024,2,HYUNDAI,TUCSON TURBO LTD,,nome,COMBUSTAO,,G,gasolina,9,HYUNDAI,TUCSON,automoveis
2024,2,HYUNDAI,KONA HEV HEV GLS,,nome,HIBRIDO,HEV,G,hev,4,HYUNDAI,KONA,automoveis
2024,2,HYUNDAI,KONA HEV HEV LTD,,nome,HIBRIDO,HEV,G,hev,4,HYUNDAI,KONA,automoveis
2024,2,HYUNDAI,KONA EV EV39,,nome,ELETRICO,EV,E,bev,8,HYUNDAI,KONA,automoveis
2024,2,HYUNDAI,HB20S COMFORT,,nome,COMBUSTAO,,F,flex,10,HYUNDAI,HB20S,automoveis
2024,2,HYUNDAI,HB20S LIMITED,,nome,COMBUSTAO,,F,flex,10,HYUNDAI,HB20S,automoveis
2024,2,HYUNDAI,HB20S PLATINUM,,nome,COMBUSTAO,,F,flex,10,HYUNDAI,HB20S,automoveis
2024,2,HYUNDAI,HB20S COMFORT,,nome,COMBUSTAO,,F,flex,10,HYUNDAI,HB20S,automoveis
2024,2,HYUNDAI,HB20S COMFORT,,nome,COMBUSTAO,,F,flex,10,HYUNDAI,HB20S,automoveis
2024,2,HYUNDAI,HB20S PLATINUM,,nome,COMBUSTAO,,F,flex,10,HYUNDAI,HB20S,automoveis
2024,2,HYUNDAI,HB20S SENSE,,nome,COMBUSTAO,,F,flex,10,HYUNDAI,HB20S,automoveis
2024,2,HYUNDAI,HB20S PLATINUM SMART SENSE,,nome,COMBUSTAO,,F,flex,10,HYUNDAI,HB20S,automoveis
2024,2,HYUNDAI,HB20S PLATINUM SAFETY,,nome,COMBUSTAO,,F,flex,10,HYUNDAI,HB20S,automoveis
2024,2,HYUNDAI,HB20S PLATINUM SAFETY,,nome,COMBUSTAO,,F,flex,10,HYUNDAI,HB20S,automoveis
2024,2,HYUNDAI,HB20S PLATINUM PLUS,,nome,COMBUSTAO,,F,flex,10,HYUNDAI,HB20S,automoveis
2024,2,HYUNDAI,HB20S COMFORT (25MY),,nome,COMBUSTAO,,F,flex,10,HYUNDAI,HB20S,automoveis
2024,2,HYUNDAI,HB20S PLATINUM PLUS,,nome,COMBUSTAO,,F,flex,10,HYUNDAI,HB20S,automoveis
2024,2,HYUNDAI,HB20S PLATINUM SAFETY,,nome,COMBUSTAO,,F,flex,10,HYUNDAI,HB20S,automoveis
2024,2,HYUNDAI,HB20S COMFORT (25MY),,nome,COMBUSTAO,,F,flex,10,HYUNDAI,HB20S,automoveis
2024,2,HYUNDAI,HB20S LIMITED (25MY),,nome,COMBUSTAO,,F,flex,10,HYUNDAI,HB20S,automoveis
2024,2,HYUNDAI,HB20S COMFORT (25MY),,nome,COMBUSTAO,,F,flex,10,HYUNDAI,HB20S,automoveis
2024,2,HYUNDAI,HB20S PLATINUM SAFETY (25MY),,nome,COMBUSTAO,,F,flex,10,HYUNDAI,HB20S,automoveis
2024,2,KIA,STONIC MHEV EX,,nome,HIBRIDO,MHEV,G,mhev,1,KIA,STONIC,automoveis
2024,2,KIA,STONIC MHEV LX,,nome,HIBRIDO,MHEV,G,mhev,1,KIA,STONIC,automoveis
2024,2,KIA,STONIC MHEV SX,,nome,HIBRIDO,MHEV,G,mhev,1,KIA,STONIC,automoveis
2024,2,KIA,STONIC MHEV GT,,nome,HIBRIDO,MHEV,G,mhev,1,KIA,STONIC,automoveis
2024,3,NISSAN,VERSA SENSE,,nome,COMBUSTAO,,F,flex,10,NISSAN,VERSA,automoveis
2024,3,NISSAN,VERSA EXCLUSIVE,,nome,COMBUSTAO,,F,flex,10,NISSAN,VERSA,automoveis
2024,3,NISSAN,VERSA ADVANCE,,nome,COMBUSTAO,,F,flex,10,NISSAN,VERSA,automoveis
2024,3,PEUGEOT,E2008 GT,,nome,ELETRICO,,E,bev,8,PEUGEOT,E2008,automoveis
2024,3,RENAULT,LOGAN ZEN16CVT,,nome,COMBUSTAO,,F,flex,10,RENAULT,LOGAN,automoveis
2024,3,RENAULT,LOGAN LIFE,,nome,COMBUSTAO,,F,flex,10,RENAULT,LOGAN,automoveis
2024,3,RENAULT,LOGAN ZEN,,nome,COMBUSTAO,,F,flex,10,RENAULT,LOGAN,automoveis
2024,3,RENAULT,ZOE NEO INT,,nome,ELETRICO,,E,bev,8,RENAULT,ZOE,automoveis
2024,3,RENAULT,MEGANE E-TECH,,nome,ELETRICO,,E,bev,8,RENAULT,MEGANE,automoveis
2024,3,TOYOTA,YARIS HATCHBACK XS,,nome,COMBUSTAO,,F,flex,10,TOYOTA,YARIS HB,automoveis
2024,3,TOYOTA,YARIS HATCHBACK XL,,nome,COMBUSTAO,,F,flex,10,TOYOTA,YARIS HB,automoveis
2024,3,TOYOTA,YARIS HATCHBACK XLS (MY 2024),,nome,COMBUSTAO,,F,flex,10,TOYOTA,YARIS HB,automoveis
2024,3,TOYOTA,YARIS SEDA XS,,nome,COMBUSTAO,,F,flex,10,TOYOTA,YARIS SEDAN,automoveis
2024,3,TOYOTA,YARIS SEDA XL,,nome,COMBUSTAO,,F,flex,10,TOYOTA,YARIS SEDAN,automoveis
2024,3,TOYOTA,YARIS SEDA XLS (MY 2024),,nome,COMBUSTAO,,F,flex,10,TOYOTA,YARIS SEDAN,automoveis
2024,3,VOLVO,EX30 E40 CORE,,nome,ELETRICO,,E,bev,8,VOLVO,EX30,automoveis
2024,3,VOLVO,EX30 E60 ULTRA,,nome,ELETRICO,,E,bev,8,VOLVO,EX30,automoveis
2024,3,VOLVO,EX30 E60 PLUS,,nome,ELETRICO,,E,bev,8,VOLVO,EX30,automoveis
2024,3,VOLVO,EX30 E60 CORE,,nome,ELETRICO,,E,bev,8,VOLVO,EX30,automoveis
2024,3,VW,POLO TRACK MPI (MY23),,nome,COMBUSTAO,,F,flex,10,VW,POLO,automoveis
2024,3,VW,POLO MPI (MY23),,nome,COMBUSTAO,,F,flex,10,VW,POLO,automoveis
2024,3,VW,POLO TRACK MPI (MY24),,nome,COMBUSTAO,,F,flex,10,VW,POLO,automoveis
2024,3,VW,POLO MPI (MY24),,nome,COMBUSTAO,,F,flex,10,VW,POLO,automoveis
2024,3,VW,POLO TSI MANUAL,,nome,COMBUSTAO,,F,flex,10,VW,POLO,automoveis
2024,3,VW,POLO COMFORTLINE TSI AUTOMATICO,,nome,COMBUSTAO,,F,flex,10,VW,POLO,automoveis
2024,3,VW,POLO SENSE TSI AUTOMATICO,,nome,COMBUSTAO,,F,flex,10,VW,POLO,automoveis
2024,3,VW,POLO HIGHLINE TSI AUTOMATICO,,nome,COMBUSTAO,,F,flex,10,VW,POLO,automoveis
2024,3,VW,POLO GTS 250TSI AUTOMATICO,,nome,COMBUSTAO,,F,flex,10,VW,POLO,automoveis
2024,3,VW,POLO TRACK ROCK IN RIO,,nome,COMBUSTAO,,F,flex,10,VW,POLO,automoveis
2024,3,VW,POLO TRACK ROBUST,,nome,COMBUSTAO,,F,flex,10,VW,POLO,automoveis
2024,3,VW,VIRTUS TSI MANUAL (MY24),,nome,COMBUSTAO,,F,flex,10,VW,VIRTUS,automoveis
2024,3,VW,VIRTUS TSI AUTOMATICO (MY24),,nome,COMBUSTAO,,F,flex,10,VW,VIRTUS,automoveis
2024,3,VW,VIRTUS COMFORTLINE 200TSI AUTOMATICO,,nome,COMBUSTAO,,F,flex,10,VW,VIRTUS,automoveis
2024,3,VW,VIRTUS HIGHLINE 200TSI AUTOMATICO,,nome,COMBUSTAO,,F,flex,10,VW,VIRTUS,automoveis
2024,3,VW,VIRTUS EXCLUSIVE 250TSI AUTOMATICO,,nome,COMBUSTAO,,F,flex,10,VW,VIRTUS,automoveis
2024,3,AUDI,A3 SEDAN S LINE (ED. 0),,nome,HIBRIDO,,G,hev,4,AUDI,A3 SEDAN,automoveis
2024,3,AUDI,A3 SEDAN PERFORMANCE BLACK (ED. 0),,nome,HIBRIDO,,G,hev,4,AUDI,A3 SEDAN,automoveis
2024,3,AUDI,A3 SEDAN S LINE,,nome,HIBRIDO,,G,hev,4,AUDI,A3 SEDAN,automoveis
2024,3,AUDI,A3 SEDAN PERFORMANCE BLACK,,nome,HIBRIDO,,G,hev,4,AUDI,A3 SEDAN,automoveis
2024,3,BMW,218I -,,nome,COMBUSTAO,,G,gasolina,9,BMW,218I,automoveis
2024,3,BYD,D1 GL 180EV,,nome,ELETRICO,,E,bev,8,BYD,D1,automoveis
2024,3,BYD,D1 GS 180EV,,nome,ELETRICO,,E,bev,8,BYD,D1,automoveis
2024,3,CAOA CHERY,ARRIZO 6 PRO,,nome,COMBUSTAO,,F,flex,10,CAOA CHERY,ARRIZO 6,automoveis
2024,3,CAOA CHERY,ARRIZO 6 PRO H,,nome,HIBRIDO,,F,hev,4,CAOA CHERY,ARRIZO 6,automoveis
2024,3,HONDA,CIVIC HYBRID TOURING,,nome,HIBRIDO,HYBRID,G,hev,4,HONDA,CIVIC,automoveis
2024,3,HONDA,ZR-V TOURING,,nome,COMBUSTAO,,G,gasolina,9,HONDA,ZR-V,automoveis
2024,3,JEEP,COMPASS S 4XE,,nome,PLUG-IN,,G,phev,6,JEEP,COMPASS,automoveis
2024,3,MERCEDES-BENZ,GLA200 AMG LINE (L7),,nome,COMBUSTAO,,G,gasolina,9,M.BENZ,CLASSE GLA,automoveis
2024,3,MERCEDES-BENZ,GLA200 AMG LINE,,nome,HIBRIDO,,G,hev,4,M.BENZ,CLASSE GLA,automoveis
2024,3,MERCEDES-BENZ,GLA200 PROGRESSIVE,,nome,HIBRIDO,,G,hev,4,M.BENZ,CLASSE GLA,automoveis
2024,4,NISSAN,LEAF TEKNA,,nome,ELETRICO,,E,bev,8,NISSAN,LEAF,automoveis
2024,4,NISSAN,SENTRA SENSE,,nome,COMBUSTAO,,G,gasolina,9,NISSAN,SENTRA,automoveis
2024,4,NISSAN,SENTRA EXCLUSIVE,,nome,COMBUSTAO,,G,gasolina,9,NISSAN,SENTRA,automoveis
2024,4,NISSAN,SENTRA ADVANCE,,nome,COMBUSTAO,,G,gasolina,9,NISSAN,SENTRA,automoveis
2024,4,TOYOTA,COROLLA CROSS XRE 20,,nome,COMBUSTAO,,F,flex,10,TOYOTA,COROLLA CROSS,automoveis
2024,4,TOYOTA,COROLLA CROSS XRX 20,,nome,COMBUSTAO,,F,flex,10,TOYOTA,COROLLA CROSS,automoveis
2024,4,TOYOTA,COROLLA CROSS GRS,,nome,COMBUSTAO,,F,flex,10,TOYOTA,COROLLA CROSS,automoveis
2024,4,TOYOTA,COROLLA CROSS XRV HYBRID,,nome,HIBRIDO,HYBRID,F,hev,4,TOYOTA,COROLLA CROSS,automoveis
2024,4,TOYOTA,COROLLA CROSS XRX HYBRID,,nome,HIBRIDO,HYBRID,F,hev,4,TOYOTA,COROLLA CROSS,automoveis
2024,4,TOYOTA,COROLLA CROSS XR 20,,nome,COMBUSTAO,,F,flex,10,TOYOTA,COROLLA CROSS,automoveis
2024,4,TOYOTA,COROLLA CROSS XRV HYBRID,,nome,HIBRIDO,HYBRID,F,hev,4,TOYOTA,COROLLA CROSS,automoveis
2024,4,TOYOTA,COROLLA CROSS XRX HYBRID,,nome,HIBRIDO,HYBRID,F,hev,4,TOYOTA,COROLLA CROSS,automoveis
2024,4,TOYOTA,COROLLA CROSS XR 20,,nome,COMBUSTAO,,F,flex,10,TOYOTA,COROLLA CROSS,automoveis
2024,4,TOYOTA,COROLLA CROSS XRE 20,,nome,COMBUSTAO,,F,flex,10,TOYOTA,COROLLA CROSS,automoveis
2024,4,TOYOTA,COROLLA CROSS XRX 20,,nome,COMBUSTAO,,F,flex,10,TOYOTA,COROLLA CROSS,automoveis
2024,4,TOYOTA,COROLLA CROSS GRS,,nome,COMBUSTAO,,F,flex,10,TOYOTA,COROLLA CROSS,automoveis
2024,4,TOYOTA,COROLLA HB GR,,nome,COMBUSTAO,,G,gasolina,9,TOYOTA,COROLLA GR,automoveis
2024,4,TOYOTA,COROLLA HB GR R,,nome,COMBUSTAO,,G,gasolina,9,TOYOTA,COROLLA GR,automoveis
2024,4,TOYOTA,COROLLA APREMIUMH,,nome,HIBRIDO,,F,hev,4,TOYOTA,COROLLA,automoveis
2024,4,TOYOTA,COROLLA ALTIS HV (MY 2024),,nome,HIBRIDO,,F,hev,4,TOYOTA,COROLLA,automoveis
2024,4,TOYOTA,COROLLA XEI 20,,nome,COMBUSTAO,,F,flex,10,TOYOTA,COROLLA,automoveis
2024,4,TOYOTA,COROLLA GLI 20,,nome,COMBUSTAO,,F,flex,10,TOYOTA,COROLLA,automoveis
2024,4,TOYOTA,COROLLA ALTIS 20,,nome,COMBUSTAO,,F,flex,10,TOYOTA,COROLLA,automoveis
2024,4,TOYOTA,COROLLA GRS (MY 2024),,nome,COMBUSTAO,,F,flex,10,TOYOTA,COROLLA,automoveis
2024,4,AUDI,A4 SEDAN PRESTIGE,,nome,COMBUSTAO,,G,gasolina,9,AUDI,A4,automoveis
2024,4,AUDI,A4 SEDAN S LINE,,nome,COMBUSTAO,,G,gasolina,9,AUDI,A4,automoveis
2024,4,AUDI,A4 SEDAN QUATTRO PRESTIGE,,nome,COMBUSTAO,,G,gasolina,9,AUDI,A4,automoveis
2024,4,AUDI,A4 SEDAN QUATTRO S LINE,,nome,COMBUSTAO,,G,gasolina,9,AUDI,A4,automoveis
2024,4,AUDI,A5 SPORTBACK S LINE,,nome,COMBUSTAO,,G,gasolina,9,AUDI,A5,automoveis
2024,4,AUDI,A5 SPORTBACK QUATTRO S LINE,,nome,COMBUSTAO,,G,gasolina,9,AUDI,A5,automoveis
2024,4,AUDI,A5 SPORTBACK QUATTRO ADVANCED,,nome,COMBUSTAO,,G,gasolina,9,AUDI,A5,automoveis
2024,4,AUDI,RS 5 SPORTBACK COMPETITION PLUS,,nome,COMBUSTAO,,G,gasolina,9,AUDI,RS,automoveis
2024,4,AUDI,RS 5 SPORTBACK -,,nome,COMBUSTAO,,G,gasolina,9,AUDI,RS,automoveis
2024,4,AUDI,RS 6 AVANT PERFORMANCE,,nome,HIBRIDO,,G,hev,4,AUDI,RS,automoveis
2024,4,AUDI,RS 6 AVANT LEGACY 30 YEARS,,nome,HIBRIDO,,G,hev,4,AUDI,RS,automoveis
2024,4,AUDI,Q5 PRESTIGE (ED. 0),,nome,COMBUSTAO,,G,gasolina,9,AUDI,Q5,automoveis
2024,4,AUDI,Q5 PS LINE (ED. 0),,nome,COMBUSTAO,,G,gasolina,9,AUDI,Q5,automoveis
2024,4,AUDI,Q5 S LINE BLACK (ED.0),,nome,COMBUSTAO,,G,gasolina,9,AUDI,Q5,automoveis
2024,4,AUDI,Q5 PRESTIGE,,nome,COMBUSTAO,,G,gasolina,9,AUDI,Q5,automoveis
2024,4,AUDI,Q5 S LINE,,nome,COMBUSTAO,,G,gasolina,9,AUDI,Q5,automoveis
2024,4,AUDI,Q5 S LINE BLACK,,nome,COMBUSTAO,,G,gasolina,9,AUDI,Q5,automoveis
2024,4,AUDI,Q5 TFSIE PERFORMANCE,,nome,PLUG-IN,,G,phev,6,AUDI,Q5,automoveis
2024,4,AUDI,Q5 TFSIE PERFORMANCE BLACK,,nome,PLUG-IN,,G,phev,6,AUDI,Q5,automoveis
2024,4,AUDI,Q5 SPORTBACK TFSIE PERFORMANCE,,nome,PLUG-IN,,G,phev,6,AUDI,Q5,automoveis
2024,4,AUDI,Q5 SPORTBACK TFSIE PERFORMANCE BLACK,,nome,PLUG-IN,,G,phev,6,AUDI,Q5,automoveis
2024,4,AUDI,Q7 PERFORMANCE,,nome,HIBRIDO,,G,hev,4,AUDI,Q7,automoveis
2024,4,AUDI,Q7 PERFORMANCE BLACK,,nome,HIBRIDO,,G,hev,4,AUDI,Q7,automoveis
2024,4,AUDI,RS Q8 -,,nome,HIBRIDO,,G,hev,4,AUDI,RS,automoveis
2024,5,AUDI,E-TRON GT -,,nome,ELETRICO,E-TRON,E,bev,8,AUDI,E TRON GT,automoveis
2024,5,AUDI,RS E-TRON GT -,,nome,ELETRICO,E-TRON,E,bev,8,AUDI,RS,automoveis
2024,5,BMW,420I CABRIO,,nome,COMBUSTAO,,G,gasolina,9,BMW,420I,automoveis
2024,5,BMW,420I CABRIO,,nome,COMBUSTAO,,G,gasolina,9,BMW,420I,automoveis
2024,5,BMW,530E M SPORT,,nome,PLUG-IN,,G,phev,6,BMW,530E,automoveis
2024,5,BMW,530E -,,nome,PLUG-IN,,G,phev,6,BMW,530E,automoveis
2024,5,BMW,330E -,,nome,PLUG-IN,,G,phev,6,BMW,330E,automoveis
2024,5,BMW,320I ACTIVE FLEX,,nome,COMBUSTAO,,F,flex,10,BMW,320I,automoveis
2024,5,BMW,320I GP FLEX,,nome,COMBUSTAO,,F,flex,10,BMW,320I,automoveis
2024,5,BMW,320I SPORT GP FLEX,,nome,COMBUSTAO,,F,flex,10,BMW,320I,automoveis
2024,5,BMW,320I M SPORT FLEX,,nome,COMBUSTAO,,F,flex,10,BMW,320I,automoveis
2024,5,BMW,I4 40,,nome,ELETRICO,,E,bev,8,BMW,I4,automoveis
2024,5,BMW,I4 M50,,nome,ELETRICO,,E,bev,8,BMW,I4,automoveis
2024,5,BMW,I7 XDRIVE60,,nome,ELETRICO,,E,bev,8,BMW,I7,automoveis
2024,5,BMW,I4 EDRIVE35,,nome,ELETRICO,,E,bev,8,BMW,I4,automoveis
2024,5,BMW,I5 M60 XDRIVE,,nome,ELETRICO,,E,bev,8,BMW,I5,automoveis
2024,5,BMW,530E M SPORT (MY25),,nome,PLUG-IN,,G,phev,6,BMW,530E,automoveis
2024,5,BMW,320I M SPORT FLEX (MY25),,nome,COMBUSTAO,,F,flex,10,BMW,320I,automoveis
2024,5,BMW,320I SPORT GP FLEX (MY25),,nome,COMBUSTAO,,F,flex,10,BMW,320I,automoveis
2024,5,BMW,320I GP FLEX (MY25),,nome,COMBUSTAO,,F,flex,10,BMW,320I,automoveis
2024,5,BMW,320I ACTIVE FLEX (MY25),,nome,COMBUSTAO,,F,flex,10,BMW,320I,automoveis
2024,5,BMW,330E (MY25),,nome,PLUG-IN,,G,phev,6,BMW,330E,automoveis
2024,5,BYD,HAN AWD GS 680EV,,nome,ELETRICO,,E,bev,8,BYD,HAN,automoveis
2024,5,BYD,SEAL AWD GS 590EV,,nome,ELETRICO,,E,bev,8,BYD,SEAL,automoveis
2024,5,BYD,KING GS DM,,nome,PLUG-IN,,G,phev,6,BYD,KING,automoveis
2024,5,BYD,KING GL DM,,nome,PLUG-IN,,G,phev,6,BYD,KING,automoveis
2024,5,BYD,SONG PRO GS DM,,nome,PLUG-IN,,G,phev,6,BYD,SONG,automoveis
2024,5,BYD,SONG PRO GL DM,,nome,PLUG-IN,,G,phev,6,BYD,SONG,automoveis
2024,5,CHEVROLET,EQUINOX 15T PRE,,nome,COMBUSTAO,,G,gasolina,9,GM,EQUINOX,automoveis
2024,5,CHEVROLET,EQUINOX 15T LT,,nome,COMBUSTAO,,G,gasolina,9,GM,EQUINOX,automoveis
2024,5,CHEVROLET,EQUINOX 15T RS,,nome,COMBUSTAO,,G,gasolina,9,GM,EQUINOX,automoveis
2024,5,CHEVROLET,BLAZER EV RS,,nome,ELETRICO,EV,E,bev,8,GM,BLAZER,automoveis
2024,5,FORD,NOVO TERRITORY TITANIUM,,nome,COMBUSTAO,,G,gasolina,9,FORD,TERRITORY,automoveis
2024,5,FORD,MUSTANG MACH-E GT,,nome,ELETRICO,,E,bev,8,FORD,MUSTANG,automoveis
2024,5,GWM,HAVAL H6 GT,,nome,PLUG-IN,,G,phev,6,GWM,HAVAL H6,automoveis
2024,5,HONDA,ACCORD HYBRID TOURING,,nome,HIBRIDO,HYBRID,G,hev,4,HONDA,ACCORD,automoveis
2024,5,JAC,E-J7 E-J7,,nome,ELETRICO,,E,bev,8,JAC,E-J7,automoveis
2024,5,MERCEDES-BENZ,C200 AMG LINE,,nome,HIBRIDO,,G,hev,4,M.BENZ,CLASSE C,automoveis
2024,5,MERCEDES-BENZ,C300 AMG LINE,,nome,HIBRIDO,,G,hev,4,M.BENZ,CLASSE C,automoveis
2024,5,MERCEDES-BENZ,AMG CLA35 4MATIC,,nome,COMBUSTAO,,G,gasolina,9,M.BENZ,CLA35,automoveis
2024,5,MERCEDES-BENZ,E300 EXCLUSIVE,,nome,COMBUSTAO,,G,gasolina,9,M.BENZ,CLASSE E,automoveis
2024,5,MERCEDES-BENZ,CLA200 AMG LINE,,nome,HIBRIDO,,G,hev,4,M.BENZ,CLA200,automoveis
2024,6,MERCEDES-BENZ,CLA200 PROGRESSIVE,FOSSIL FOSSIL FOSSIL (KM/L) (KM/L) (KM/L) (KM/L) (KM/L E) (KM/L E) RELATIVA ABSOLUTA,nome,HIBRIDO,,G,hev,4,M.BENZ,CLA200,automoveis
2024,6,MERCEDES-BENZ,CLA250,,nome,COMBUSTAO,,G,gasolina,9,M.BENZ,CLA250,automoveis
2024,6,MERCEDES-BENZ,AMG CLA35 4M,,nome,HIBRIDO,,G,hev,4,M.BENZ,CLA35,automoveis
2024,6,MERCEDES-BENZ,E300 EXCLUSIVE,,nome,HIBRIDO,,G,hev,4,M.BENZ,CLASSE E,automoveis
2024,6,MERCEDES-BENZ,AMG C63S EP,,nome,PLUG-IN,,G,phev,6,M.BENZ,AMG C63S,automoveis
2024,6,MERCEDES-BENZ,AMG C63S EP F1,,nome,PLUG-IN,,G,phev,6,M.BENZ,AMG C63S,automoveis
2024,6,PORSCHE,MACAN GTS,,nome,COMBUSTAO,,G,gasolina,9,PORSCHE,MACAN,automoveis
2024,6,PORSCHE,MACAN S,,nome,COMBUSTAO,,G,gasolina,9,PORSCHE,MACAN,automoveis
2024,6,PORSCHE,MACAN -- / T,,nome,COMBUSTAO,,G,gasolina,9,PORSCHE,MACAN,automoveis
2024,6,PORSCHE,MACAN E4,,nome,ELETRICO,,E,bev,8,PORSCHE,MACAN,automoveis
2024,6,PORSCHE,MACAN ETURBO,,nome,ELETRICO,,E,bev,8,PORSCHE,MACAN,automoveis
2024,6,PORSCHE,MACAN E2,,nome,ELETRICO,,E,bev,8,PORSCHE,MACAN,automoveis
2024,6,PORSCHE,MACAN (MY25) -- / T,,nome,COMBUSTAO,,G,gasolina,9,PORSCHE,MACAN,automoveis
2024,6,PORSCHE,MACAN E4S,,nome,ELETRICO,,E,bev,8,PORSCHE,MACAN,automoveis
2024,6,TOYOTA,RAV4 XSE PHEV,,nome,PLUG-IN,PHEV,G,phev,3,TOYOTA,RAV4,automoveis
2024,6,TOYOTA,CAMRY HV,,nome,HIBRIDO,,G,hev,4,TOYOTA,CAMRY,automoveis
2024,6,VW,TIGUAN ALLSPACE RL,,nome,COMBUSTAO,,G,gasolina,9,VW,TIGUAN,automoveis
2024,6,VW,ID.BUZZ PRO,,nome,ELETRICO,,E,bev,8,VW,ID.BUZZ,automoveis
2024,6,VW,JETTA GLI,,nome,COMBUSTAO,,G,gasolina,9,VW,JETTA,automoveis
2024,6,ZEEKR,001 FLAGSHIP,,nome,ELETRICO,,E,bev,8,ZEEKR,001,automoveis
2024,6,ZEEKR,001 PREMIUM,,nome,ELETRICO,,E,bev,8,ZEEKR,001,automoveis
2024,6,CAOA CHERY,TIGGO 5X PLUS,,nome,COMBUSTAO,,F,flex,10,CAOA CHERY,TIGGO 5X,automoveis
2024,6,CAOA CHERY,TIGGO 5X PLUS,,nome,COMBUSTAO,,F,flex,10,CHERY,TIGGO 5X,automoveis
2024,6,CAOA CHERY,TIGGO 5X PLS 15T,,nome,COMBUSTAO,,F,flex,10,CAOA CHERY,TIGGO 5X,automoveis
2024,6,CAOA CHERY,TIGGO 5X PLS 15T,,nome,COMBUSTAO,,F,flex,10,CHERY,TIGGO 5X,automoveis
2024,6,CAOA CHERY,TIGGO 5X PRO 15T,,nome,COMBUSTAO,,F,flex,10,CAOA CHERY,TIGGO 5X,automoveis
2024,6,CAOA CHERY,TIGGO 5X PRO 15T,,nome,COMBUSTAO,,F,flex,10,CHERY,TIGGO 5X,automoveis
2024,6,CAOA CHERY,TIGGO 5X T,,nome,COMBUSTAO,,F,flex,10,CAOA CHERY,TIGGO 5X,automoveis
2024,6,CAOA CHERY,TIGGO 5X T,,nome,COMBUSTAO,,F,flex,10,CHERY,TIGGO 5X,automoveis
2024,6,CAOA CHERY,TIGGO 5X TXS,,nome,COMBUSTAO,,F,flex,10,CAOA CHERY,TIGGO 5X,automoveis
2024,6,CAOA CHERY,TIGGO 5X TXS,,nome,COMBUSTAO,,F,flex,10,CHERY,TIGGO 5X,automoveis
2024,6,CAOA CHERY,TIGGO 5X H,,nome,HIBRIDO,,F,hev,4,CAOA CHERY,TIGGO 5X,automoveis
2024,6,CAOA CHERY,TIGGO 5X H,,nome,HIBRIDO,,F,hev,4,CHERY,TIGGO 5X,automoveis
2024,6,CAOA CHERY,TIGGO 5X PRO HA,,nome,HIBRIDO,,F,hev,4,CAOA CHERY,TIGGO 5X,automoveis
2024,6,CAOA CHERY,TIGGO 5X PRO HA,,nome,HIBRIDO,,F,hev,4,CHERY,TIGGO 5X,automoveis
2024,6,CAOA CHERY,TIGGO 5X PRO H,,nome,HIBRIDO,,F,hev,4,CAOA CHERY,TIGGO 5X,automoveis
2024,6,CAOA CHERY,TIGGO 5X PRO H,,nome,HIBRIDO,,F,hev,4,CHERY,TIGGO 5X,automoveis
2024,6,CAOA CHERY,TIGGO 5X SPORT,,nome,COMBUSTAO,,F,flex,10,CAOA CHERY,TIGGO 5X,automoveis
2024,6,CAOA CHERY,TIGGO 5X SPORT,,nome,COMBUSTAO,,F,flex,10,CHERY,TIGGO 5X,automoveis
2024,6,CAOA CHERY,TIGGO 5X H,,nome,HIBRIDO,,F,hev,4,CAOA CHERY,TIGGO 5X,automoveis
2024,6,CAOA CHERY,TIGGO 5X H,,nome,HIBRIDO,,F,hev,4,CHERY,TIGGO 5X,automoveis
2024,6,CAOA CHERY,TIGGO 5X PRO HA,,nome,HIBRIDO,,F,hev,4,CAOA CHERY,TIGGO 5X,automoveis
2024,6,CAOA CHERY,TIGGO 5X PRO HA,,nome,HIBRIDO,,F,hev,4,CHERY,TIGGO 5X,automoveis
2024,6,CAOA CHERY,TIGGO 5X PRO H,,nome,HIBRIDO,,F,hev,4,CAOA CHERY,TIGGO 5X,automoveis
2024,6,CAOA CHERY,TIGGO 5X PRO H,,nome,HIBRIDO,,F,hev,4,CHERY,TIGGO 5X,automoveis
2024,6,CHEVROLET,TRACKER T A,,nome,COMBUSTAO,,F,flex,10,GM,TRACKER,automoveis
2024,6,CHEVROLET,TRACKER T A LT,,nome,COMBUSTAO,,F,flex,10,GM,TRACKER,automoveis
2024,6,CHEVROLET,TRACKER T A LTZ,,nome,COMBUSTAO,,F,flex,10,GM,TRACKER,automoveis
2024,6,CHEVROLET,TRACKER T A PR,,nome,COMBUSTAO,,F,flex,10,GM,TRACKER,automoveis
2024,6,CHEVROLET,TRACKER T A MID,,nome,COMBUSTAO,,F,flex,10,GM,TRACKER,automoveis
2024,6,CHEVROLET,TRACKER 12T A PR,,nome,COMBUSTAO,,F,flex,10,GM,TRACKER,automoveis
2024,6,CHEVROLET,TRACKER 12T A RS,,nome,COMBUSTAO,,F,flex,10,GM,TRACKER,automoveis
2024,6,CITROEN,C4 CACTUS SHINE T,,nome,COMBUSTAO,,F,flex,10,CITROEN,C4 CACTUS,automoveis
2024,6,CITROEN,C4 CACTUS NOIR,,nome,COMBUSTAO,,F,flex,10,CITROEN,C4 CACTUS,automoveis
2024,6,CITROEN,C4 CACTUS FEEL P,,nome,COMBUSTAO,,F,flex,10,CITROEN,C4 CACTUS,automoveis
2024,6,CITROEN,C4 CACTUS LIVE A,,nome,COMBUSTAO,,F,flex,10,CITROEN,C4 CACTUS,automoveis
2024,6,CITROEN,C3 LIVE PACK AT,,nome,COMBUSTAO,,F,flex,10,CITROEN,C3,automoveis
2024,6,CITROEN,C3 FEEL PK AT,,nome,COMBUSTAO,,F,flex,10,CITROEN,C3,automoveis
2024,6,CITROEN,C3 FEEL,,nome,COMBUSTAO,,F,flex,10,CITROEN,C3,automoveis
2024,6,CITROEN,C3 LIVE,,nome,COMBUSTAO,,F,flex,10,CITROEN,C3,automoveis
2024,6,CITROEN,C3 LIVE PK,,nome,COMBUSTAO,,F,flex,10,CITROEN,C3,automoveis
2024,6,CITROEN,C3 YOU,,nome,COMBUSTAO,,F,flex,10,CITROEN,C3,automoveis
2024,6,CITROEN,C3 AIRCROSS FL,,nome,COMBUSTAO,,F,flex,10,CITROEN,C3 AIRCROSS,automoveis
2024,6,CITROEN,C3 AIRCROSS FL PK,,nome,COMBUSTAO,,F,flex,10,CITROEN,C3 AIRCROSS,automoveis
2024,6,CITROEN,C3 AIRCROSS SH,,nome,COMBUSTAO,,F,flex,10,CITROEN,C3 AIRCROSS,automoveis
2024,6,CITROEN,BASALT FEEL,,nome,COMBUSTAO,,F,flex,10,CITROEN,BASALT,automoveis
2024,6,CITROEN,BASALT SHINET200,,nome,COMBUSTAO,,F,flex,10,CITROEN,BASALT,automoveis
2024,6,CITROEN,BASALT LIVE,,nome,COMBUSTAO,,F,flex,10,CITROEN,BASALT,automoveis
2024,6,CITROEN,BASALT FEEL,,nome,COMBUSTAO,,F,flex,10,CITROEN,BASALT,automoveis
2024,6,FIAT,ARGO TREKKING,,nome,COMBUSTAO,,F,flex,10,FIAT,ARGO,automoveis
2024,6,FIAT,ARGO TREKKING,,nome,COMBUSTAO,,F,flex,10,FIAT,ARGO,automoveis
2024,6,FIAT,ARGO ENDURANCE,,nome,COMBUSTAO,,F,flex,10,FIAT,ARGO,automoveis
2024,6,FIAT,FASTBACK DRIVE,,nome,COMBUSTAO,,F,flex,10,FIAT,FASTBACK,automoveis
2024,7,FIAT,FASTBACK AUDACE,FOSSIL FOSSIL FOSSIL (KM/L) (KM/L) (KM/L) (KM/L) (KM/L E) (KM/L E) RELATIVA ABSOLUTA,nome,COMBUSTAO,,F,flex,10,FIAT,FASTBACK,automoveis
2024,7,FIAT,FASTBACK ABARTH 270,,nome,COMBUSTAO,,F,flex,10,FIAT,FASTBACK,automoveis
2024,7,FIAT,FASTBACK LIMITED ED,,nome,COMBUSTAO,,F,flex,10,FIAT,FASTBACK,automoveis
2024,7,FIAT,FASTBACK IMPETUS,,nome,COMBUSTAO,,F,flex,10,FIAT,FASTBACK,automoveis
2024,7,FIAT,FASTBACK TURBO 270,,nome,COMBUSTAO,,F,flex,10,FIAT,FASTBACK,automoveis
2024,7,FIAT,FASTBACK TURBO 200,,nome,COMBUSTAO,,F,flex,10,FIAT,FASTBACK,automoveis
2024,7,FIAT,PULSE DRIVE MT,,nome,COMBUSTAO,,F,flex,10,FIAT,PULSE,automoveis
2024,7,FIAT,PULSE MT,,nome,COMBUSTAO,,F,flex,10,FIAT,PULSE,automoveis
2024,7,FIAT,PULSE DRIVE AT,,nome,COMBUSTAO,,F,flex,10,FIAT,PULSE,automoveis
2024,7,FIAT,PULSE ABARTH 270,,nome,COMBUSTAO,,F,flex,10,FIAT,PULSE,automoveis
2024,7,FIAT,PULSE DRIVE,,nome,COMBUSTAO,,F,flex,10,FIAT,PULSE,automoveis
2024,7,FIAT,PULSE AUDACE,,nome,COMBUSTAO,,F,flex,10,FIAT,PULSE,automoveis
2024,7,FIAT,PULSE IMPETUS,,nome,COMBUSTAO,,F,flex,10,FIAT,PULSE,automoveis
2024,7,HYUNDAI,CRETA N LINE,,nome,COMBUSTAO,,F,flex,10,HYUNDAI,CRETA,automoveis
2024,7,HYUNDAI,CRETA COMFORT,,nome,COMBUSTAO,,F,flex,10,HYUNDAI,CRETA,automoveis
2024,7,HYUNDAI,CRETA LIMITED,,nome,COMBUSTAO,,F,flex,10,HYUNDAI,CRETA,automoveis
2024,7,HYUNDAI,CRETA PLATINUM,,nome,COMBUSTAO,,F,flex,10,HYUNDAI,CRETA,automoveis
2024,7,HYUNDAI,CRETA ULTIMATE,,nome,COMBUSTAO,,F,flex,10,HYUNDAI,CRETA,automoveis
2024,7,HYUNDAI,CRETA ACTION,,nome,COMBUSTAO,,F,flex,10,HYUNDAI,CRETA,automoveis
2024,7,NISSAN,KICKS SENSE,,nome,COMBUSTAO,,F,flex,10,NISSAN,KICKS,automoveis
2024,7,NISSAN,KICKS EXCLUSI,,nome,COMBUSTAO,,F,flex,10,NISSAN,KICKS,automoveis
2024,7,NISSAN,KICKS ACTIVE,,nome,COMBUSTAO,,F,flex,10,NISSAN,KICKS,automoveis
2024,7,NISSAN,KICKS ADVANCE,,nome,COMBUSTAO,,F,flex,10,NISSAN,KICKS,automoveis
2024,7,NISSAN,KICKS XPLAY,,nome,COMBUSTAO,,F,flex,10,NISSAN,KICKS,automoveis
2024,7,PEUGEOT,2008 GRF THP AT,,nome,COMBUSTAO,,F,flex,10,PEUGEOT,2008,automoveis
2024,7,PEUGEOT,2008 GRIFFE EAT6,,nome,COMBUSTAO,,F,flex,10,PEUGEOT,2008,automoveis
2024,7,PEUGEOT,2008 ALLURE EAT6,,nome,COMBUSTAO,,F,flex,10,PEUGEOT,2008,automoveis
2024,7,PEUGEOT,2008 ALLURE PK,,nome,COMBUSTAO,,F,flex,10,PEUGEOT,2008,automoveis
2024,7,PEUGEOT,2008 ROADTRIP AT,,nome,COMBUSTAO,,F,flex,10,PEUGEOT,2008,automoveis
2024,7,PEUGEOT,2008 GT,,nome,COMBUSTAO,,F,flex,10,PEUGEOT,2008,automoveis
2024,7,PEUGEOT,2008 ACT,,nome,COMBUSTAO,,F,flex,10,PEUGEOT,2008,automoveis
2024,7,PEUGEOT,2008 ALLU,,nome,COMBUSTAO,,F,flex,10,PEUGEOT,2008,automoveis
2024,7,RENAULT,KWID ZEN,,nome,COMBUSTAO,,F,flex,10,RENAULT,KWID,automoveis
2024,7,RENAULT,KWID ZEN,,nome,COMBUSTAO,,F,flex,10,RENAULT,KWID,comerciais_leves
2024,7,RENAULT,KWID INTENSE,,nome,COMBUSTAO,,F,flex,10,RENAULT,KWID,automoveis
2024,7,RENAULT,KWID INTENSE,,nome,COMBUSTAO,,F,flex,10,RENAULT,KWID,comerciais_leves
2024,7,RENAULT,KWID OUTSIDER,,nome,COMBUSTAO,,F,flex,10,RENAULT,KWID,automoveis
2024,7,RENAULT,KWID OUTSIDER,,nome,COMBUSTAO,,F,flex,10,RENAULT,KWID,comerciais_leves
2024,7,RENAULT,KWID INTENSE BITON,,nome,COMBUSTAO,,F,flex,10,RENAULT,KWID,automoveis
2024,7,RENAULT,KWID INTENSE BITON,,nome,COMBUSTAO,,F,flex,10,RENAULT,KWID,comerciais_leves
2024,7,RENAULT,SANDERO SZE16MT,,nome,COMBUSTAO,,F,flex,10,RENAULT,SANDERO,automoveis
2024,7,RENAULT,SANDERO SIC16CVT,,nome,COMBUSTAO,,F,flex,10,RENAULT,SANDERO,automoveis
2024,7,RENAULT,KARDIAN PREM AT,,nome,COMBUSTAO,,F,flex,10,RENAULT,KARDIAN,automoveis
2024,7,RENAULT,KARDIAN TECH AT,,nome,COMBUSTAO,,F,flex,10,RENAULT,KARDIAN,automoveis
2024,7,RENAULT,KARDIAN EVO AT,,nome,COMBUSTAO,,F,flex,10,RENAULT,KARDIAN,automoveis
2024,7,VW,NIVUS COMFORTLINE 200TSI AUTOMATICO,,nome,COMBUSTAO,,F,flex,10,VW,NIVUS,automoveis
2024,7,VW,NIVUS HIGHLINE 200TSI AUTOMATICO,,nome,COMBUSTAO,,F,flex,10,VW,NIVUS,automoveis
2024,7,VW,NIVUS SENSE TSI,,nome,COMBUSTAO,,F,flex,10,VW,NIVUS,automoveis
2024,7,VW,T CROSS HIGHLINE 250TSI AUTOMATICO,,nome,COMBUSTAO,,F,flex,10,VW,T CROSS,automoveis
2024,7,VW,T CROSS SENSE 200TSI AUTOMATICO,,nome,COMBUSTAO,,F,flex,10,VW,T CROSS,automoveis
2024,7,VW,T CROSS 200TSI AUTOMATICO,,nome,COMBUSTAO,,F,flex,10,VW,T CROSS,automoveis
2024,7,VW,T CROSS HIGHLINE 250TSI AUTOMATICO,,nome,COMBUSTAO,,F,flex,10,VW,T CROSS,automoveis
2024,7,VW,T CROSS,COMFORTLINE 200TSI AUTOMATICO,nome,COMBUSTAO,,F,flex,10,VW,T CROSS,automoveis
2024,7,VW,T CROSS COMFORTLINE 200TSI AUTOMATICO,200TSI AUTOMATICO,nome,COMBUSTAO,,F,flex,10,VW,T CROSS,automoveis
2024,7,AUDI,Q3 PRESTIGE,,nome,COMBUSTAO,,G,gasolina,9,AUDI,Q3,automoveis
2024,7,AUDI,Q3 PERFORMANCE,,nome,COMBUSTAO,,G,gasolina,9,AUDI,Q3,automoveis
2024,7,AUDI,Q3 PERFORMANCE BLACK,,nome,COMBUSTAO,,G,gasolina,9,AUDI,Q3,automoveis
2024,7,AUDI,Q3 ANNIVERSARY EDITION,,nome,COMBUSTAO,,G,gasolina,9,AUDI,Q3,automoveis
2024,7,AUDI,Q3 SPORTBACK PERFORMANCE,,nome,COMBUSTAO,,G,gasolina,9,AUDI,Q3,automoveis
2024,7,AUDI,Q3 SPORTBACK PERFORMANCE BLACK,,nome,COMBUSTAO,,G,gasolina,9,AUDI,Q3,automoveis
2024,7,AUDI,Q3 SPORTBACK ANNIVERSARY EDITION,,nome,COMBUSTAO,,G,gasolina,9,AUDI,Q3,automoveis
2024,7,BMW,X1 SDRIVE 18I GP,,nome,COMBUSTAO,,G,gasolina,9,BMW,X1,automoveis
2024,7,BMW,X1 SDRIVE 18I GP,,nome,COMBUSTAO,,G,gasolina,9,BMW,X1,automoveis
2024,7,BMW,X1 SDRIVE 20I X LINE,,nome,COMBUSTAO,,G,gasolina,9,BMW,X1,automoveis
2024,7,BMW,X1 SDRIVE 20I M SPORT,,nome,COMBUSTAO,,G,gasolina,9,BMW,X1,automoveis
2024,7,BMW,X1 SDRIVE 20I X LINE,,nome,COMBUSTAO,,G,gasolina,9,BMW,X1,automoveis
2024,7,BMW,X1 SDRIVE 20I M SPORT,,nome,COMBUSTAO,,G,gasolina,9,BMW,X1,automoveis
2024,7,BMW,X2 XDRIVE20I,,nome,COMBUSTAO,,G,gasolina,9,BMW,X2,automoveis
2024,8,BYD,YUAN PLUS GL310 EV,,nome,ELETRICO,EV,E,bev,8,BYD,YUAN PLUS,automoveis
2024,8,BYD,YUAN PLUS GS310 EV,,nome,ELETRICO,EV,E,bev,8,BYD,YUAN PLUS,automoveis
2024,8,BYD,SONG PLUS (MY25) GS DM,,nome,PLUG-IN,,G,phev,6,BYD,SONG PLUS,automoveis
2024,8,BYD,SONG PLUS GS DM,,nome,PLUG-IN,,G,phev,6,BYD,SONG PLUS,automoveis
2024,8,CAOA CHERY,TIGGO 8 PHEV,,nome,PLUG-IN,PHEV,G,phev,3,CAOA CHERY,TIGGO 8,automoveis
2024,8,CAOA CHERY,TIGGO 8 PHEV,,nome,PLUG-IN,PHEV,G,phev,3,CHERY,TIGGO,automoveis
2024,8,CAOA CHERY,TIGGO 8 TGDI,,nome,COMBUSTAO,,G,gasolina,9,CAOA CHERY,TIGGO 8,automoveis
2024,8,CAOA CHERY,TIGGO 8 TGDI,,nome,COMBUSTAO,,G,gasolina,9,CHERY,TIGGO,automoveis
2024,8,CAOA CHERY,TIGGO 7 PRO,,nome,COMBUSTAO,,G,gasolina,9,CAOA CHERY,TIGGO 7,automoveis
2024,8,CAOA CHERY,TIGGO 7 PRO,,nome,COMBUSTAO,,G,gasolina,9,CHERY,TIGGO 7,automoveis
2024,8,CAOA CHERY,TIGGO 7 PRO H,,nome,HIBRIDO,,F,hev,4,CAOA CHERY,TIGGO 7,automoveis
2024,8,CAOA CHERY,TIGGO 7 PRO H,,nome,HIBRIDO,,F,hev,4,CHERY,TIGGO 7,automoveis
2024,8,CAOA CHERY,TIGGO 7 SPORT,,nome,COMBUSTAO,,F,flex,10,CAOA CHERY,TIGGO 7,automoveis
2024,8,CAOA CHERY,TIGGO 7 SPORT,,nome,COMBUSTAO,,F,flex,10,CHERY,TIGGO 7,automoveis
2024,8,CAOA CHERY,TIGGO 7 PRO H,,nome,HIBRIDO,,F,hev,4,CAOA CHERY,TIGGO 7,automoveis
2024,8,CAOA CHERY,TIGGO 7 PRO H,,nome,HIBRIDO,,F,hev,4,CHERY,TIGGO 7,automoveis
2024,8,CAOA CHERY,TIGGO 7 HA,,nome,HIBRIDO,,F,hev,4,CAOA CHERY,TIGGO 7,automoveis
2024,8,CAOA CHERY,TIGGO 7 HA,,nome,HIBRIDO,,F,hev,4,CHERY,TIGGO 7,automoveis
2024,8,GWM,HAVAL H6 PREM HEV,,nome,HIBRIDO,HEV,G,hev,4,GWM,HAVAL H6,automoveis
2024,8,GWM,HAVAL H6 HEV,,nome,HIBRIDO,HEV,G,hev,4,GWM,HAVAL H6,automoveis
2024,8,GWM,HAVAL H6 PREM PHEV,,nome,PLUG-IN,PHEV,G,phev,3,GWM,HAVAL H6,automoveis
2024,8,GWM,HAVAL H6 PHEV,,nome,PLUG-IN,PHEV,G,phev,3,GWM,HAVAL H6,automoveis
2024,8,GWM,HAVAL H6 HAVAL H6 PHEV 19,,nome,PLUG-IN,PHEV,G,phev,3,GWM,HAVAL H6,automoveis
2024,8,HONDA,CR-V HYBRID TOURING,,nome,HIBRIDO,HYBRID,G,hev,4,HONDA,CRV,automoveis
2024,8,JEEP,COMPASS SERIE S TF,,nome,COMBUSTAO,,F,flex,10,JEEP,COMPASS,automoveis
2024,8,JEEP,COMPASS LIMITED TF,,nome,COMBUSTAO,,F,flex,10,JEEP,COMPASS,automoveis
2024,8,JEEP,COMPASS LONG TF,,nome,COMBUSTAO,,F,flex,10,JEEP,COMPASS,automoveis
2024,8,JEEP,COMPASS SPORT TF,,nome,COMBUSTAO,,F,flex,10,JEEP,COMPASS,automoveis
2024,8,JEEP,COMMANDER OVR,,nome,COMBUSTAO,,F,flex,10,JEEP,COMMANDER,automoveis
2024,8,JEEP,COMMANDER LIM,,nome,COMBUSTAO,,F,flex,10,JEEP,COMMANDER,automoveis
2024,8,JEEP,COMMANDER LONGITUDE,,nome,COMBUSTAO,,F,flex,10,JEEP,COMMANDER,automoveis
2024,8,JEEP,COMMANDER,,nome,COMBUSTAO,,F,flex,10,JEEP,COMMANDER,automoveis
2024,8,KIA,SPORTAGE TMHEV EX,,nome,HIBRIDO,MHEV,G,mhev,1,KIA,SPORTAGE,automoveis
2024,8,KIA,SPORTAGE TMHEV LX,,nome,HIBRIDO,MHEV,G,mhev,1,KIA,SPORTAGE,automoveis
2024,8,KIA,SPORTAGE TMHEV SX,,nome,HIBRIDO,MHEV,G,mhev,1,KIA,SPORTAGE,automoveis
2024,8,KIA,SPORTAGE TMHEV GT,,nome,HIBRIDO,MHEV,G,mhev,1,KIA,SPORTAGE,automoveis
2024,8,KIA,SPORTAGE TMHEV EXP,,nome,HIBRIDO,MHEV,G,mhev,1,KIA,SPORTAGE,automoveis
2024,8,MITSUBISHI,ECLIPSE CROSS GLS,,nome,COMBUSTAO,,G,gasolina,9,MITSUBISHI,ECLIPSE CROSS,automoveis
2024,8,MITSUBISHI,ECLIPSE CROSS HPE,,nome,COMBUSTAO,,G,gasolina,9,MITSUBISHI,ECLIPSE CROSS,automoveis
2024,8,MITSUBISHI,ECLIPSE CROSS HPE-S,,nome,COMBUSTAO,,G,gasolina,9,MITSUBISHI,ECLIPSE CROSS,automoveis
2024,8,MITSUBISHI,ECLIPSE CROSS RUSH,,nome,COMBUSTAO,,G,gasolina,9,MITSUBISHI,ECLIPSE CROSS,automoveis
2024,8,PEUGEOT,3008 GT LINE,,nome,COMBUSTAO,,G,gasolina,9,PEUGEOT,3008,automoveis
2024,8,PEUGEOT,3008 GRIFFE AT,,nome,COMBUSTAO,,G,gasolina,9,PEUGEOT,3008,automoveis
2024,8,RENAULT,CAPTUR ZEN,,nome,COMBUSTAO,,F,flex,10,RENAULT,CAPTUR,automoveis
2024,8,RENAULT,CAPTUR INTENSE,,nome,COMBUSTAO,,F,flex,10,RENAULT,CAPTUR,automoveis
2024,8,RENAULT,CAPTUR ICONIC,,nome,COMBUSTAO,,F,flex,10,RENAULT,CAPTUR,automoveis
2024,8,RENAULT,DUSTER LIFE,,nome,COMBUSTAO,,F,flex,10,RENAULT,DUSTER,automoveis
2024,8,RENAULT,DUSTER ZEN,,nome,COMBUSTAO,,F,flex,10,RENAULT,DUSTER,automoveis
2024,8,RENAULT,DUSTER INTENSE,,nome,COMBUSTAO,,F,flex,10,RENAULT,DUSTER,automoveis
2024,8,RENAULT,DUSTER ICONIC,,nome,COMBUSTAO,,F,flex,10,RENAULT,DUSTER,automoveis
2024,8,RENAULT,DUSTER ZEN16,,nome,COMBUSTAO,,F,flex,10,RENAULT,DUSTER,automoveis
2024,8,RENAULT,DUSTER INTENSE16,,nome,COMBUSTAO,,F,flex,10,RENAULT,DUSTER,automoveis
2024,8,RENAULT,DUSTER ICONIC,,nome,COMBUSTAO,,F,flex,10,RENAULT,DUSTER,automoveis
2024,8,VOLVO,XC40 P6 RECHARGE,,nome,ELETRICO,,E,bev,8,VOLVO,XC40,automoveis
2024,8,VOLVO,XC40 6 ULTIMATE,,nome,ELETRICO,,E,bev,8,VOLVO,XC40,automoveis
2024,8,VOLVO,XC40 6 PLUS,,nome,ELETRICO,,E,bev,8,VOLVO,XC40,automoveis
2024,8,VOLVO,XC40 6 CORE,,nome,ELETRICO,,E,bev,8,VOLVO,XC40,automoveis
2024,8,VW,TAOS COMFORTLINE 250TSI AUTOMATICO,,nome,COMBUSTAO,,F,flex,10,VW,TAOS,automoveis
2024,8,VW,TAOS HIGHLINE 250TSI AUTOMATICO,,nome,COMBUSTAO,,F,flex,10,VW,TAOS,automoveis
2024,9,BMW,X4 XDRIVE 30I,,nome,COMBUSTAO,,G,gasolina,9,BMW,X4,automoveis
2024,9,BMW,X4 XDRIVE 30I,,nome,COMBUSTAO,,G,gasolina,9,BMW,X4,automoveis
2024,9,BMW,X6 XDRIVE 40I,,nome,COMBUSTAO,,G,gasolina,9,BMW,X6,automoveis
2024,9,BMW,X3 XDRIVE 30E,,nome,PLUG-IN,,G,phev,6,BMW,X3,automoveis
2024,9,BMW,X5 XDRIVE45E,,nome,PLUG-IN,,G,phev,6,BMW,X5,automoveis
2024,9,BMW,X3 M40I,,nome,COMBUSTAO,,G,gasolina,9,BMW,X3,automoveis
2024,9,BMW,X3 M40I,,nome,COMBUSTAO,,G,gasolina,9,BMW,X3,automoveis
2024,9,BMW,X4 M40I,,nome,COMBUSTAO,,G,gasolina,9,BMW,X4,automoveis
2024,9,BMW,X4 M40I,,nome,COMBUSTAO,,G,gasolina,9,BMW,X4,automoveis
2024,9,BMW,X6 M COMPETITION,,nome,COMBUSTAO,,G,gasolina,9,BMW,X6,automoveis
2024,9,BMW,X6 M COMPETITION,,nome,HIBRIDO,,G,hev,4,BMW,X6,automoveis
2024,9,BMW,X6 XDRIVE40I,,nome,HIBRIDO,,G,hev,4,BMW,X6,automoveis
2024,9,BMW,X5 XDRIVE50E MSP,,nome,PLUG-IN,,G,phev,6,BMW,X5,automoveis
2024,9,BMW,X5 XDRIVE50E XLINE,,nome,PLUG-IN,,G,phev,6,BMW,X5,automoveis
2024,9,MERCEDES-BENZ,GLC300 4M COUPE,,nome,COMBUSTAO,,G,gasolina,9,M.BENZ,GLC,automoveis
2024,9,MERCEDES-BENZ,GLC300 4M COUPE,,nome,HIBRIDO,,G,hev,4,M.BENZ,GLC,automoveis
2024,9,MERCEDES-BENZ,GLC300 4M,,nome,HIBRIDO,,G,hev,4,M.BENZ,GLC,automoveis
2024,9,MITSUBISHI,ECLIPSE CROSS HPE-S S-AWC,,nome,COMBUSTAO,,G,gasolina,9,MITSUBISHI,ECLIPSE CROSS,automoveis
2024,9,PORSCHE,CAYENNE S,,nome,COMBUSTAO,,G,gasolina,9,PORSCHE,CAYENNE,automoveis
2024,9,PORSCHE,CAYENNE S CP,,nome,COMBUSTAO,,G,gasolina,9,PORSCHE,CAYENNE,automoveis
2024,9,PORSCHE,CAYENNE GT COUPE,,nome,COMBUSTAO,,G,gasolina,9,PORSCHE,CAYENNE,automoveis
2024,9,PORSCHE,CAYENNE S PHEV,,nome,PLUG-IN,PHEV,G,phev,3,PORSCHE,CAYENNE,automoveis
2024,9,PORSCHE,CAYENNE SCPHEV,,nome,PLUG-IN,,G,phev,6,PORSCHE,CAYENNE,automoveis
2024,9,PORSCHE,CAYENNE T PHEV,,nome,PLUG-IN,PHEV,G,phev,3,PORSCHE,CAYENNE,automoveis
2024,9,PORSCHE,CAYENNE TCPHEV,,nome,PLUG-IN,,G,phev,6,PORSCHE,CAYENNE,automoveis
2024,9,PORSCHE,PHEV,CAYENNE ( PRODUCAO,linha_acima,PLUG-IN,PHEV,G,phev,3,PORSCHE,CAYENNE,automoveis
2024,9,PORSCHE,CP PHE,CAYENNE ( PRODUCAO,linha_acima,PLUG-IN,,G,phev,6,PORSCHE,CAYENNE,automoveis
2024,9,SUBARU,FORESTER S MHEV,SEMANA 18+/24 ),nome,HIBRIDO,MHEV,G,mhev,1,SUBARU,FORESTER,automoveis
2024,9,SUBARU,XV S MHEV,,nome,HIBRIDO,MHEV,G,mhev,1,SUBARU,XV,automoveis
2024,9,VOLVO,XC40 RECHARGE PE,,nome,ELETRICO,,E,bev,8,VOLVO,XC40,automoveis
2024,9,VOLVO,XC40 8 CORE,,nome,ELETRICO,,E,bev,8,VOLVO,XC40,automoveis
2024,9,VOLVO,XC40 8 PLUS,,nome,ELETRICO,,E,bev,8,VOLVO,XC40,automoveis
2024,9,VOLVO,XC40 8 ULTIMATE,,nome,ELETRICO,,E,bev,8,VOLVO,XC40,automoveis
2024,9,VOLVO,XC40 P8 RECHARGE,,nome,ELETRICO,,E,bev,8,VOLVO,XC40,automoveis
2024,10,VOLVO,XC60 T8 MOMENTUM,,nome,PLUG-IN,,G,phev,6,VOLVO,XC60,automoveis
2024,10,VOLVO,XC60 T8 POLESTAR,,nome,PLUG-IN,,G,phev,6,VOLVO,XC60,automoveis
2024,10,VOLVO,XC60 T8 INSCRIPT,,nome,PLUG-IN,,G,phev,6,VOLVO,XC60,automoveis
2024,10,VOLVO,XC60 T8 R-DESIGN,,nome,PLUG-IN,,G,phev,6,VOLVO,XC60,automoveis
2024,10,VOLVO,XC60 INSC EXPRES,,nome,PLUG-IN,,G,phev,6,VOLVO,XC60,automoveis
2024,10,VOLVO,XC60 T8 ULT DARK,,nome,PLUG-IN,,G,phev,6,VOLVO,XC60,automoveis
2024,10,VOLVO,XC60 T8 ULTIMATE,,nome,PLUG-IN,,G,phev,6,VOLVO,XC60,automoveis
2024,10,VOLVO,XC60 T8 PLUS,,nome,PLUG-IN,,G,phev,6,VOLVO,XC60,automoveis
2024,10,VOLVO,XC60 T8 CORE,,nome,PLUG-IN,,G,phev,6,VOLVO,XC60,automoveis
2024,10,VOLVO,XC60 (MY25) INSC EXPRESS,,nome,PLUG-IN,,G,phev,6,VOLVO,XC60,automoveis
2024,10,VOLVO,XC60 (MY25) T8 CORE,,nome,PLUG-IN,,G,phev,6,VOLVO,XC60,automoveis
2024,10,VOLVO,XC60 (MY25) T8 INSCRIPT,,nome,PLUG-IN,,G,phev,6,VOLVO,XC60,automoveis
2024,10,VOLVO,XC60 (MY25) T8 MOMENTUM,,nome,PLUG-IN,,G,phev,6,VOLVO,XC60,automoveis
2024,10,VOLVO,XC60 (MY25) T8 PLUS,,nome,PLUG-IN,,G,phev,6,VOLVO,XC60,automoveis
2024,10,VOLVO,XC60 (MY25) T8 POLESTAR,,nome,PLUG-IN,,G,phev,6,VOLVO,XC60,automoveis
2024,10,VOLVO,XC60 (MY25) T8 R-DESIGN,,nome,PLUG-IN,,G,phev,6,VOLVO,XC60,automoveis
2024,10,VOLVO,XC60 (MY25) T8 ULT DARK,,nome,PLUG-IN,,G,phev,6,VOLVO,XC60,automoveis
2024,10,VOLVO,XC60 (MY25) T8 ULTIMATE,,nome,PLUG-IN,,G,phev,6,VOLVO,XC60,automoveis
2024,10,VOLVO,XC60 (MY25) T8 ULTRA,,nome,PLUG-IN,,G,phev,6,VOLVO,XC60,automoveis
2024,10,VOLVO,XC90 INSC EXPRES,,nome,PLUG-IN,,G,phev,6,VOLVO,XC90,automoveis
2024,10,VOLVO,XC90 T8 EXCELLEN,,nome,PLUG-IN,,G,phev,6,VOLVO,XC90,automoveis
2024,10,VOLVO,XC90 IT8 INSCRIPT,,nome,PLUG-IN,,G,phev,6,VOLVO,XC90,automoveis
2024,10,VOLVO,XC90 T8 MOMENTUM,,nome,PLUG-IN,,G,phev,6,VOLVO,XC90,automoveis
2024,10,VOLVO,XC90 T8 POLESTAR,,nome,PLUG-IN,,G,phev,6,VOLVO,XC90,automoveis
2024,10,VOLVO,XC90 T8 R-DESIGN,,nome,PLUG-IN,,G,phev,6,VOLVO,XC90,automoveis
2024,10,VOLVO,XC90 T8 ULT DARK,,nome,PLUG-IN,,G,phev,6,VOLVO,XC90,automoveis
2024,10,VOLVO,XC90 T8 ULTIMATE,,nome,PLUG-IN,,G,phev,6,VOLVO,XC90,automoveis
2024,10,VOLVO,XC90 T8 PLUS,,nome,PLUG-IN,,G,phev,6,VOLVO,XC90,automoveis
2024,10,VOLVO,XC90 T8 CORE,,nome,PLUG-IN,,G,phev,6,VOLVO,XC90,automoveis
2024,10,VOLVO,XC90 (MY25) INSC EXPRESS,,nome,PLUG-IN,,G,phev,6,VOLVO,XC90,automoveis
2024,10,VOLVO,XC90 (MY25) T8 CORE,,nome,PLUG-IN,,G,phev,6,VOLVO,XC90,automoveis
2024,10,VOLVO,XC90 (MY25) T8 EXCELLEN,,nome,PLUG-IN,,G,phev,6,VOLVO,XC90,automoveis
2024,10,VOLVO,XC90 (MY25) T8 INSCRIPT,,nome,PLUG-IN,,G,phev,6,VOLVO,XC90,automoveis
2024,10,VOLVO,XC90 (MY25) T8 MOMENTUM,,nome,PLUG-IN,,G,phev,6,VOLVO,XC90,automoveis
2024,10,VOLVO,XC90 (MY25) T8 PLUS,,nome,PLUG-IN,,G,phev,6,VOLVO,XC90,automoveis
2024,10,VOLVO,XC90 (MY25) T8 POLESTAR,,nome,PLUG-IN,,G,phev,6,VOLVO,XC90,automoveis
2024,10,VOLVO,XC90 (MY25) T8 R-DESIGN,,nome,PLUG-IN,,G,phev,6,VOLVO,XC90,automoveis
2024,10,VOLVO,XC90 (MY25) T8 ULT DARK,,nome,PLUG-IN,,G,phev,6,VOLVO,XC90,automoveis
2024,10,VOLVO,XC90 (MY25) T8 ULTIMATE,,nome,PLUG-IN,,G,phev,6,VOLVO,XC90,automoveis
2024,10,VOLVO,XC90 (MY25) T8 ULTRA,,nome,PLUG-IN,,G,phev,6,VOLVO,XC90,automoveis
2024,10,JEEP,RENEGADE S T2704X4,,nome,COMBUSTAO,,F,flex,10,JEEP,RENEGADE,automoveis
2024,10,JEEP,RENEGADE TH T2704X4,,nome,COMBUSTAO,,F,flex,10,JEEP,RENEGADE,automoveis
2024,10,JEEP,RENEGADE S T2704X4T,,nome,COMBUSTAO,,F,flex,10,JEEP,RENEGADE,automoveis
2024,10,JEEP,RENEGADE TRAIL 4X4,,nome,COMBUSTAO,,F,flex,10,JEEP,RENEGADE,automoveis
2024,10,JEEP,RENEGADE WILLYS 4X4,,nome,COMBUSTAO,,F,flex,10,JEEP,RENEGADE,automoveis
2024,10,SUZUKI,JIMNY SIERRA 4YOU ALLGRIP,,nome,COMBUSTAO,,G,gasolina,9,SUZUKI,JIMNY SIERRA,automoveis
2024,10,SUZUKI,JIMNY SIERRA 4 SPORT ALLGRIP,,nome,COMBUSTAO,,G,gasolina,9,SUZUKI,JIMNY SIERRA,automoveis
2024,10,SUZUKI,JIMNY SIERRA 4YOU ALLGRIP,,nome,COMBUSTAO,,G,gasolina,9,SUZUKI,JIMNY SIERRA,automoveis
2024,10,SUZUKI,JIMNY SIERRA 4 STYLE ALLGRIP,,nome,COMBUSTAO,,G,gasolina,9,SUZUKI,JIMNY SIERRA,automoveis
2024,10,SUZUKI,JIMNY SIERRA 4 EXPEDITION ALLGRIP,,nome,COMBUSTAO,,G,gasolina,9,SUZUKI,JIMNY SIERRA,automoveis
2024,10,SUZUKI,JIMNY SIERRA 4YOU PLUS ALLGRIP,,nome,COMBUSTAO,,G,gasolina,9,SUZUKI,JIMNY SIERRA,automoveis
2024,11,CHEVROLET,TRAILBLAZER LT D4A,,nome,COMBUSTAO,,D,diesel,11,GM,TRAILBLAZER,automoveis
2024,11,CHEVROLET,TRAILBLAZER PRE D4A,,nome,COMBUSTAO,,D,diesel,11,GM,TRAILBLAZER,automoveis
2024,11,CHEVROLET,TRAILBLAZER HC D4A (MY25),,nome,COMBUSTAO,,D,diesel,11,GM,TRAILBLAZER,automoveis
2024,11,CHEVROLET,TRAILBLAZER LT D4A (MY25),,nome,COMBUSTAO,,D,diesel,11,GM,TRAILBLAZER,automoveis
2024,11,FORD,BRONCO SPORT WILDTRAK,,nome,COMBUSTAO,,G,gasolina,9,FORD,BRONCO,automoveis
2024,11,JEEP,COMPASS TRAILHAWK TD,,nome,COMBUSTAO,,D,diesel,11,JEEP,COMPASS,automoveis
2024,11,JEEP,COMPASS LIMITED TD,,nome,COMBUSTAO,,D,diesel,11,JEEP,COMPASS,automoveis
2024,11,JEEP,COMPASS LONGITUDE TD,,nome,COMBUSTAO,,D,diesel,11,JEEP,COMPASS,automoveis
2024,11,JEEP,COMPASS SPORT TD,,nome,COMBUSTAO,,D,diesel,11,JEEP,COMPASS,automoveis
2024,11,JEEP,COMMANDER OVERLAND TD380,,nome,COMBUSTAO,,D,diesel,11,JEEP,COMMANDER,automoveis
2024,11,JEEP,COMMANDER LIMITED TD380,,nome,COMBUSTAO,,D,diesel,11,JEEP,COMMANDER,automoveis
2024,11,JEEP,COMMANDER BLACKHAWK,,nome,COMBUSTAO,,G,gasolina,9,JEEP,COMMANDER,automoveis
2024,11,JEEP,COMMANDER OVR T,,nome,COMBUSTAO,,G,gasolina,9,JEEP,COMMANDER,automoveis
2024,11,JEEP,WRANGLER UNLIMITED SAHARA,,nome,COMBUSTAO,,G,gasolina,9,JEEP,WRANGLER,automoveis
2024,11,JEEP,WRANGLER UNLIMITED RUBICON,,nome,COMBUSTAO,,G,gasolina,9,JEEP,WRANGLER,automoveis
2024,11,JEEP,WRANGLER UNL SAHA,,nome,COMBUSTAO,,G,gasolina,9,JEEP,WRANGLER,automoveis
2024,11,JEEP,WRANGLER UNL RUBI,,nome,COMBUSTAO,,G,gasolina,9,JEEP,WRANGLER,automoveis
2024,11,LAND ROVER,RANGE ROVER D350,,nome,HIBRIDO,,D,hev,4,LAND ROVER,RANGE ROVER,automoveis
2024,11,LAND ROVER,RANGE ROVER D350 AB,,nome,HIBRIDO,,D,hev,4,LAND ROVER,RANGE ROVER,automoveis
2024,11,LAND ROVER,RANGE ROVER D350 HSE,,nome,HIBRIDO,,D,hev,4,LAND ROVER,RANGE ROVER,automoveis
2024,11,LAND ROVER,RANGE ROVER D350 LE,,nome,HIBRIDO,,D,hev,4,LAND ROVER,RANGE ROVER,automoveis
2024,11,LAND ROVER,RANGE ROVER D350 SE,,nome,HIBRIDO,,D,hev,4,LAND ROVER,RANGE ROVER,automoveis
2024,11,LAND ROVER,RANGE ROVER D350 SV,,nome,HIBRIDO,,D,hev,4,LAND ROVER,RANGE ROVER,automoveis
2024,11,LAND ROVER,RANGE ROVER SPORT D350 AB,,nome,HIBRIDO,,D,hev,4,LAND ROVER,RANGE ROVER,automoveis
2024,11,LAND ROVER,RANGE ROVER SPORT D350 HSED,,nome,HIBRIDO,,D,hev,4,LAND ROVER,RANGE ROVER,automoveis
2024,11,LAND ROVER,RANGE ROVER SPORT D350 LE,,nome,HIBRIDO,,D,hev,4,LAND ROVER,RANGE ROVER,automoveis
2024,11,LAND ROVER,RANGE ROVER SPORT D350 S,,nome,HIBRIDO,,D,hev,4,LAND ROVER,RANGE ROVER,automoveis
2024,11,LAND ROVER,RANGE ROVER SPORT D350 SD,,nome,HIBRIDO,,D,hev,4,LAND ROVER,RANGE ROVER,automoveis
2024,11,LAND ROVER,RANGE ROVER SPORT D350 SE,,nome,HIBRIDO,,D,hev,4,LAND ROVER,RANGE ROVER,automoveis
2024,11,LAND ROVER,RANGE ROVER SPORT D350 SED,,nome,HIBRIDO,,D,hev,4,LAND ROVER,RANGE ROVER,automoveis
2024,11,LAND ROVER,RANGE ROVER PHEV STD,,nome,PLUG-IN,PHEV,G,phev,3,LAND ROVER,RANGE ROVER,automoveis
2024,11,LAND ROVER,RANGE ROVER PHEV SE,,nome,PLUG-IN,PHEV,G,phev,3,LAND ROVER,RANGE ROVER,automoveis
2024,11,LAND ROVER,RANGE ROVER PHEV HSE,,nome,PLUG-IN,PHEV,G,phev,3,LAND ROVER,RANGE ROVER,automoveis
2024,11,LAND ROVER,RANGE ROVER PHEV AB,,nome,PLUG-IN,PHEV,G,phev,3,LAND ROVER,RANGE ROVER,automoveis
2024,11,LAND ROVER,RANGE ROVER PHEV SV,,nome,PLUG-IN,PHEV,G,phev,3,LAND ROVER,RANGE ROVER,automoveis
2024,11,LAND ROVER,RANGE ROVER PHEV LE,,nome,PLUG-IN,PHEV,G,phev,3,LAND ROVER,RANGE ROVER,automoveis
2024,11,LAND ROVER,EVOQUE P250FF HSE D,,nome,COMBUSTAO,,F,flex,10,LAND ROVER,EVOQUE,automoveis
2024,11,LAND ROVER,EVOQUE P250FF S,,nome,COMBUSTAO,,F,flex,10,LAND ROVER,EVOQUE,automoveis
2024,11,LAND ROVER,DISCOVERY SPORT P250FF SED7L,,nome,COMBUSTAO,,F,flex,10,LAND ROVER,DISCOVERY,automoveis
2024,11,LAND ROVER,DISCOVERY SPORT P250FF S,,nome,COMBUSTAO,,F,flex,10,LAND ROVER,DISCOVERY,automoveis
2024,11,LAND ROVER,DISCOVERY SPORT P250FF S 7L,,nome,COMBUSTAO,,F,flex,10,LAND ROVER,DISCOVERY,automoveis
2024,11,LAND ROVER,DISCOVERY SPORT P250FF SE D,,nome,COMBUSTAO,,F,flex,10,LAND ROVER,DISCOVERY,automoveis
2024,11,LAND ROVER,DISCOVERY SPORT D200 S,,nome,HIBRIDO,,D,hev,4,LAND ROVER,DISCOVERY,automoveis
2024,11,LAND ROVER,DISCOVERY SPORT D200 SE D,,nome,HIBRIDO,,D,hev,4,LAND ROVER,DISCOVERY,automoveis
2024,11,LAND ROVER,DISCOVERY SPORT D200 SE D 7L,,nome,HIBRIDO,,D,hev,4,LAND ROVER,DISCOVERY,automoveis
2024,11,LAND ROVER,DISCOVERY SPORT D200 S 7L,,nome,HIBRIDO,,D,hev,4,LAND ROVER,DISCOVERY,automoveis
2024,11,LAND ROVER,VELAR P340,,nome,HIBRIDO,,G,hev,4,LAND ROVER,VELAR,automoveis
2024,11,LAND ROVER,VELAR P340 SE,,nome,HIBRIDO,,G,hev,4,LAND ROVER,VELAR,automoveis
2024,11,LAND ROVER,VELAR P340 SE RDYN,,nome,HIBRIDO,,G,hev,4,LAND ROVER,VELAR,automoveis
2024,11,LAND ROVER,VELAR P340 HSE RDYN,,nome,HIBRIDO,,G,hev,4,LAND ROVER,VELAR,automoveis
2024,11,LAND ROVER,VELAR PHEV SE RDYN,,nome,PLUG-IN,PHEV,G,phev,3,LAND ROVER,VELAR,automoveis
2024,11,LAND ROVER,VELAR PHEV HSE RDYN,,nome,PLUG-IN,PHEV,G,phev,3,LAND ROVER,VELAR,automoveis
2024,11,LAND ROVER,VELAR PHEVS,,nome,PLUG-IN,,G,phev,6,LAND ROVER,VELAR,automoveis
2024,11,LAND ROVER,VELAR PHEV SE DYN,,nome,PLUG-IN,PHEV,G,phev,3,LAND ROVER,VELAR,automoveis
2024,11,LAND ROVER,VELAR PHEV HSE DYN,,nome,PLUG-IN,PHEV,G,phev,3,LAND ROVER,VELAR,automoveis
2024,11,LAND ROVER,VELAR PHEVS,,nome,PLUG-IN,,G,phev,6,LAND ROVER,VELAR,automoveis
2024,11,LAND ROVER,VELAR PHEV SE DYN,,nome,PLUG-IN,PHEV,G,phev,3,LAND ROVER,VELAR,automoveis
2024,11,LAND ROVER,VELAR PHEV HSE DYN,,nome,PLUG-IN,PHEV,G,phev,3,LAND ROVER,VELAR,automoveis
2024,11,LAND ROVER,DISCOVERY D300 LE,,nome,HIBRIDO,,D,hev,4,LAND ROVER,DISCOVERY,automoveis
2024,11,LAND ROVER,DISCOVERY D300 HSED,,nome,HIBRIDO,,D,hev,4,LAND ROVER,DISCOVERY,automoveis
2024,11,LAND ROVER,DEFENDER 90 -,,nome,HIBRIDO,,D,hev,4,LAND ROVER,DEFENDER,automoveis
2024,11,LAND ROVER,DEFENDER 90 S,,nome,HIBRIDO,,D,hev,4,LAND ROVER,DEFENDER,automoveis
2024,11,LAND ROVER,DEFENDER 90 SE,,nome,HIBRIDO,,D,hev,4,LAND ROVER,DEFENDER,automoveis
2024,11,LAND ROVER,DEFENDER 90 HSE,,nome,HIBRIDO,,D,hev,4,LAND ROVER,DEFENDER,automoveis
2024,12,LAND ROVER,DEFENDER 90 SE XD,,nome,HIBRIDO,,D,hev,4,LAND ROVER,DEFENDER,automoveis
2024,12,LAND ROVER,DEFENDER 90 HSE XD,,nome,HIBRIDO,,D,hev,4,LAND ROVER,DEFENDER,automoveis
2024,12,LAND ROVER,DEFENDER 110 -,,nome,HIBRIDO,,D,hev,4,LAND ROVER,DEFENDER,automoveis
2024,12,LAND ROVER,DEFENDER 110 7L,,nome,HIBRIDO,,D,hev,4,LAND ROVER,DEFENDER,automoveis
2024,12,LAND ROVER,DEFENDER 110 SE,,nome,HIBRIDO,,D,hev,4,LAND ROVER,DEFENDER,automoveis
2024,12,LAND ROVER,DEFENDER 110 SE 7L,,nome,HIBRIDO,,D,hev,4,LAND ROVER,DEFENDER,automoveis
2024,12,LAND ROVER,DEFENDER 110 SE XD,,nome,HIBRIDO,,D,hev,4,LAND ROVER,DEFENDER,automoveis
2024,12,LAND ROVER,DEFENDER 110 SE XD 7L,,nome,HIBRIDO,,D,hev,4,LAND ROVER,DEFENDER,automoveis
2024,12,LAND ROVER,DEFENDER 110 HSE,,nome,HIBRIDO,,D,hev,4,LAND ROVER,DEFENDER,automoveis
2024,12,LAND ROVER,DEFENDER 110 HSE 7L,,nome,HIBRIDO,,D,hev,4,LAND ROVER,DEFENDER,automoveis
2024,12,LAND ROVER,DEFENDER 110 HSE XD,,nome,HIBRIDO,,D,hev,4,LAND ROVER,DEFENDER,automoveis
2024,12,LAND ROVER,DEFENDER 110 HSE XD 7L,,nome,HIBRIDO,,D,hev,4,LAND ROVER,DEFENDER,automoveis
2024,12,LAND ROVER,DEFENDER 110 X,,nome,HIBRIDO,,D,hev,4,LAND ROVER,DEFENDER,automoveis
2024,12,LAND ROVER,DEFENDER 110 X 7L,,nome,HIBRIDO,,D,hev,4,LAND ROVER,DEFENDER,automoveis
2024,12,LAND ROVER,DEFENDER 110 LE75TH,,nome,HIBRIDO,,D,hev,4,LAND ROVER,DEFENDER,automoveis
2024,12,LAND ROVER,DEFENDER 110 S XD,,nome,HIBRIDO,,D,hev,4,LAND ROVER,DEFENDER,automoveis
2024,12,LAND ROVER,DEFENDER 110 S XD 7L,,nome,HIBRIDO,,D,hev,4,LAND ROVER,DEFENDER,automoveis
2024,12,LAND ROVER,DEFENDER 130 S,,nome,HIBRIDO,,D,hev,4,LAND ROVER,DEFENDER,automoveis
2024,12,LAND ROVER,DEFENDER 130 SE,,nome,HIBRIDO,,D,hev,4,LAND ROVER,DEFENDER,automoveis
2024,12,LAND ROVER,DEFENDER 130 HSE,,nome,HIBRIDO,,D,hev,4,LAND ROVER,DEFENDER,automoveis
2024,12,LAND ROVER,DEFENDER 130 S XD,,nome,HIBRIDO,,D,hev,4,LAND ROVER,DEFENDER,automoveis
2024,12,LAND ROVER,DEFENDER 130 SE XD,,nome,HIBRIDO,,D,hev,4,LAND ROVER,DEFENDER,automoveis
2024,12,LAND ROVER,DEFENDER 130 HSE XD,,nome,HIBRIDO,,D,hev,4,LAND ROVER,DEFENDER,automoveis
2024,12,LAND ROVER,DEFENDER 130 X,,nome,HIBRIDO,,D,hev,4,LAND ROVER,DEFENDER,automoveis
2024,12,LAND ROVER,DEFENDER 130 LE,,nome,HIBRIDO,,D,hev,4,LAND ROVER,DEFENDER,automoveis
2024,12,LAND ROVER,DEFENDER 130 OB,,nome,HIBRIDO,,D,hev,4,LAND ROVER,DEFENDER,automoveis
2024,12,LAND ROVER,DEFENDER 110 PHEV HSE XD,,nome,PLUG-IN,PHEV,G,phev,3,LAND ROVER,DEFENDER,automoveis
2024,12,LAND ROVER,DEFENDER 110 PHEV X,,nome,PLUG-IN,PHEV,G,phev,3,LAND ROVER,DEFENDER,automoveis
2024,12,LAND ROVER,RANGE ROVER SPORT PHEV S,,nome,PLUG-IN,PHEV,G,phev,3,LAND ROVER,RANGE ROVER,automoveis
2024,12,LAND ROVER,RANGE ROVER SPORT PHEV SD,,nome,PLUG-IN,PHEV,G,phev,3,LAND ROVER,RANGE ROVER,automoveis
2024,12,LAND ROVER,RANGE ROVER SPORT PHEV SE,,nome,PLUG-IN,PHEV,G,phev,3,LAND ROVER,RANGE ROVER,automoveis
2024,12,LAND ROVER,RANGE ROVER SPORT PHEV SED,,nome,PLUG-IN,PHEV,G,phev,3,LAND ROVER,RANGE ROVER,automoveis
2024,12,LAND ROVER,RANGE ROVER SPORT PHEV HSED,,nome,PLUG-IN,PHEV,G,phev,3,LAND ROVER,RANGE ROVER,automoveis
2024,12,LAND ROVER,RANGE ROVER SPORT PHEV AB,,nome,PLUG-IN,PHEV,G,phev,3,LAND ROVER,RANGE ROVER,automoveis
2024,12,LAND ROVER,RANGE ROVER SPORT PHEV LE,,nome,PLUG-IN,PHEV,G,phev,3,LAND ROVER,RANGE ROVER,automoveis
2024,12,LAND ROVER,RANGE ROVER SPORT PHEV S,,nome,PLUG-IN,PHEV,G,phev,3,LAND ROVER,RANGE ROVER,automoveis
2024,12,LAND ROVER,RANGE ROVER SPORT PHEV SE,,nome,PLUG-IN,PHEV,G,phev,3,LAND ROVER,RANGE ROVER,automoveis
2024,12,LAND ROVER,RANGE ROVER SPORT PHEV SED,,nome,PLUG-IN,PHEV,G,phev,3,LAND ROVER,RANGE ROVER,automoveis
2024,12,LAND ROVER,RANGE ROVER SPORT PHEV HSED,,nome,PLUG-IN,PHEV,G,phev,3,LAND ROVER,RANGE ROVER,automoveis
2024,12,LAND ROVER,RANGE ROVER SPORT PHEV AB,,nome,PLUG-IN,PHEV,G,phev,3,LAND ROVER,RANGE ROVER,automoveis
2024,12,LAND ROVER,RANGE ROVER PHEV SV,,nome,PLUG-IN,PHEV,G,phev,3,LAND ROVER,RANGE ROVER,automoveis
2024,12,LAND ROVER,RANGE ROVER PHEV SE,,nome,PLUG-IN,PHEV,G,phev,3,LAND ROVER,RANGE ROVER,automoveis
2024,12,LAND ROVER,RANGE ROVER PHEV HSE,,nome,PLUG-IN,PHEV,G,phev,3,LAND ROVER,RANGE ROVER,automoveis
2024,12,LAND ROVER,RANGE ROVER PHEV AB,,nome,PLUG-IN,PHEV,G,phev,3,LAND ROVER,RANGE ROVER,automoveis
2024,12,MITSUBISHI,PAJERO SPORT HPE,,nome,COMBUSTAO,,D,diesel,11,MITSUBISHI,PAJERO,automoveis
2024,12,MITSUBISHI,PAJERO SPORT HPE-S,,nome,COMBUSTAO,,D,diesel,11,MITSUBISHI,PAJERO,automoveis
2024,12,MITSUBISHI,PAJERO SPORT LEGEND,,nome,COMBUSTAO,,D,diesel,11,MITSUBISHI,PAJERO,automoveis
2024,12,TOYOTA,SW4 DIESEL 4X4 SRX,,nome,COMBUSTAO,,D,diesel,11,TOYOTA,HILUX SW4,automoveis
2024,12,TOYOTA,SW4 DIESEL 4X4 SRX,,nome,COMBUSTAO,,D,diesel,11,TOYOTA,HILUX SW4,comerciais_leves
2024,12,TOYOTA,SW4 DIESEL 4X4 DIAMOND,,nome,COMBUSTAO,,D,diesel,11,TOYOTA,HILUX SW4,automoveis
2024,12,TOYOTA,SW4 DIESEL 4X4 DIAMOND,,nome,COMBUSTAO,,D,diesel,11,TOYOTA,HILUX SW4,comerciais_leves
2024,12,TOYOTA,SW4 DIESEL 4X4 GRS,,nome,COMBUSTAO,,D,diesel,11,TOYOTA,HILUX SW4,automoveis
2024,12,TOYOTA,SW4 DIESEL 4X4 GRS,,nome,COMBUSTAO,,D,diesel,11,TOYOTA,HILUX SW4,comerciais_leves
2024,12,TOYOTA,SW4 DIESEL 4X4 GRS POWER UP,,nome,COMBUSTAO,,D,diesel,11,TOYOTA,HILUX SW4,automoveis
2024,12,TOYOTA,SW4 DIESEL 4X4 GRS POWER UP,,nome,COMBUSTAO,,D,diesel,11,TOYOTA,HILUX SW4,comerciais_leves
2024,12,TOYOTA,SW4 DIESEL 4X4 SRX PLATINUM,,nome,COMBUSTAO,,D,diesel,11,TOYOTA,HILUX SW4,automoveis
2024,12,TOYOTA,SW4 DIESEL 4X4 SRX PLATINUM,,nome,COMBUSTAO,,D,diesel,11,TOYOTA,HILUX SW4,comerciais_leves
2024,12,CHEVROLET,SPIN,,nome,COMBUSTAO,,F,flex,10,GM,SPIN,automoveis
2024,12,CHEVROLET,SPIN,,nome,COMBUSTAO,,F,flex,10,GM,SPIN,automoveis
2024,12,CHEVROLET,SPIN,,nome,COMBUSTAO,,F,flex,10,GM,SPIN,automoveis
2024,12,CHEVROLET,SPIN 18L MT PREMIER,,nome,COMBUSTAO,,F,flex,10,GM,SPIN,automoveis
2024,12,CHEVROLET,SPIN,,nome,COMBUSTAO,,F,flex,10,GM,SPIN,automoveis
2024,12,CHEVROLET,SPIN,,nome,COMBUSTAO,,F,flex,10,GM,SPIN,automoveis
2024,12,KIA,CARNIVAL,,nome,COMBUSTAO,,G,gasolina,9,KIA,CARNIVAL,automoveis
2024,12,KIA,CARNIVAL,,nome,COMBUSTAO,,G,gasolina,9,KIA,CARNIVAL,automoveis
2024,12,KIA,CARNIVAL,,nome,COMBUSTAO,,G,gasolina,9,KIA,CARNIVAL,automoveis
2024,13,CITROEN,JUMPY CARGO (MY25),,nome,COMBUSTAO,,D,diesel,11,CITROEN,JUMPY,comerciais_leves
2024,13,CITROEN,JUMPY CARGO,,nome,COMBUSTAO,,D,diesel,11,CITROEN,JUMPY,comerciais_leves
2024,13,CITROEN,JUMPY VITRE,,nome,COMBUSTAO,,D,diesel,11,CITROEN,JUMPY,comerciais_leves
2024,13,CITROEN,JUMPER VITRE,,nome,COMBUSTAO,,D,diesel,11,CITROEN,JUMPER,comerciais_leves
2024,13,CITROEN,JUMPER VITRE (MY25),,nome,COMBUSTAO,,D,diesel,11,CITROEN,JUMPER,comerciais_leves
2024,13,CITROEN,JUMPER MB16,,nome,COMBUSTAO,,D,diesel,11,CITROEN,JUMPER,comerciais_leves
2024,13,CITROEN,JUMPER MB17,,nome,COMBUSTAO,,D,diesel,11,CITROEN,JUMPER,comerciais_leves
2024,13,CITROEN,JUMPER MB19,,nome,COMBUSTAO,,D,diesel,11,CITROEN,JUMPER,comerciais_leves
2024,13,CITROEN,JUMPER MB20,,nome,COMBUSTAO,,D,diesel,11,CITROEN,JUMPER,comerciais_leves
2024,13,CITROEN,JUMPER CARGOL2,,nome,COMBUSTAO,,D,diesel,11,CITROEN,JUMPER,comerciais_leves
2024,13,CITROEN,JUMPER CARGOPK,,nome,COMBUSTAO,,D,diesel,11,CITROEN,JUMPER,comerciais_leves
2024,13,CITROEN,JUMPER FURG PK,,nome,COMBUSTAO,,D,diesel,11,CITROEN,JUMPER,comerciais_leves
2024,13,CITROEN,JUMPER CARGOPK (MY25),,nome,COMBUSTAO,,D,diesel,11,CITROEN,JUMPER,comerciais_leves
2024,13,CITROEN,JUMPER CARGOL2 (MY25),,nome,COMBUSTAO,,D,diesel,11,CITROEN,JUMPER,comerciais_leves
2024,13,CITROEN,JUMPER FURG PK (MY25),,nome,COMBUSTAO,,D,diesel,11,CITROEN,JUMPER,comerciais_leves
2024,13,CITROEN,JUMPER MB16,,nome,COMBUSTAO,,D,diesel,11,CITROEN,JUMPER,comerciais_leves
2024,13,CITROEN,JUMPER MB17,,nome,COMBUSTAO,,D,diesel,11,CITROEN,JUMPER,comerciais_leves
2024,13,CITROEN,JUMPER MB19,,nome,COMBUSTAO,,D,diesel,11,CITROEN,JUMPER,comerciais_leves
2024,13,FIAT,DUCATO MAXICARGO,,nome,COMBUSTAO,,D,diesel,11,FIAT,DUCATO,comerciais_leves
2024,13,FIAT,DUCATO CARGO,,nome,COMBUSTAO,,D,diesel,11,FIAT,DUCATO,comerciais_leves
2024,13,FIAT,DUCATO MULTI 13M,,nome,COMBUSTAO,,D,diesel,11,FIAT,DUCATO,comerciais_leves
2024,13,FIAT,DUCATO MB EXEC-17,,nome,COMBUSTAO,,D,diesel,11,FIAT,DUCATO,comerciais_leves
2024,13,FIAT,DUCATO MB COMF-19,,nome,COMBUSTAO,,D,diesel,11,FIAT,DUCATO,comerciais_leves
2024,13,FIAT,DUCATO MB EXEC-17 (MY25),,nome,COMBUSTAO,,D,diesel,11,FIAT,DUCATO,comerciais_leves
2024,13,FIAT,DUCATO MB LUXO 16 (MY25),,nome,COMBUSTAO,,D,diesel,11,FIAT,DUCATO,comerciais_leves
2024,13,FIAT,DUCATO MB COMF-19 (MY25),,nome,COMBUSTAO,,D,diesel,11,FIAT,DUCATO,comerciais_leves
2024,13,FIAT,DUCATO CARGO11.5M,,nome,COMBUSTAO,,D,diesel,11,FIAT,DUCATO,comerciais_leves
2024,13,FIAT,DUCATO MXCARGO13M,,nome,COMBUSTAO,,D,diesel,11,FIAT,DUCATO,comerciais_leves
2024,13,FIAT,DUCATO MULTI 13M,,nome,COMBUSTAO,,D,diesel,11,FIAT,DUCATO,comerciais_leves
2024,13,FIAT,FIORINO ENDURANCE,,nome,COMBUSTAO,,F,flex,10,FIAT,FIORINO,comerciais_leves
2024,13,FIAT,SCUDO CARGO TD,,nome,COMBUSTAO,,D,diesel,11,FIAT,SCUDO,comerciais_leves
2024,13,FIAT,SCUDO MULTI TD,,nome,COMBUSTAO,,D,diesel,11,FIAT,SCUDO,comerciais_leves
2024,13,FORD,TRANSIT 350 F,,nome,COMBUSTAO,,D,diesel,11,FORD,TRANSIT,comerciais_leves
2024,13,FORD,TRANSIT 350 FL,,nome,COMBUSTAO,,D,diesel,11,FORD,TRANSIT,comerciais_leves
2024,13,FORD,E-TRANSIT 350 F,,nome,ELETRICO,,E,bev,8,FORD,ETRANSIT,comerciais_leves
2024,13,FORD,E-TRANSIT 350 FB,,nome,ELETRICO,,E,bev,8,FORD,ETRANSIT,comerciais_leves
2024,13,FORD,E-TRANSIT 350 FL,,nome,ELETRICO,,E,bev,8,FORD,ETRANSIT,comerciais_leves
2024,13,HYUNDAI,HR HDB 4WD,,nome,COMBUSTAO,,D,diesel,11,HYUNDAI,HR,comerciais_leves
2024,13,JAC,EJV5.5 CARGO,,nome,ELETRICO,,E,bev,8,JAC,EJV5.5,comerciais_leves
2024,13,KIA,BONGO K2500 4X4 SC HD SC 4WD,,nome,COMBUSTAO,,D,diesel,11,KIA,BONGO,comerciais_leves
2024,13,KIA,BONGO K2500 4X4 HD 4WD,,nome,COMBUSTAO,,D,diesel,11,KIA,BONGO,comerciais_leves
2024,13,NISSAN,TOWNSTAR EV,,nome,ELETRICO,EV,E,bev,8,NISSAN,TOWNSTAR,comerciais_leves
2024,13,PEUGEOT,EXPERT CARGO,,nome,COMBUSTAO,,D,diesel,11,PEUGEOT,EXPERT,comerciais_leves
2024,13,PEUGEOT,EXPERT VITRE,,nome,COMBUSTAO,,D,diesel,11,PEUGEOT,EXPERT,comerciais_leves
2024,13,PEUGEOT,EXPERT CARGO (MY25),,nome,COMBUSTAO,,D,diesel,11,PEUGEOT,EXPERT,comerciais_leves
2024,13,PEUGEOT,PARTNER RAPID BUSIPK,,nome,COMBUSTAO,,F,flex,10,PEUGEOT,PARTNER,comerciais_leves
2024,13,PEUGEOT,BOXER CARGO L2,,nome,COMBUSTAO,,D,diesel,11,PEUGEOT,BOXER,comerciais_leves
2024,13,PEUGEOT,BOXER CARGO PK,,nome,COMBUSTAO,,D,diesel,11,PEUGEOT,BOXER,comerciais_leves
2024,13,PEUGEOT,BOXER FURGAOPK,,nome,COMBUSTAO,,D,diesel,11,PEUGEOT,BOXER,comerciais_leves
2024,13,PEUGEOT,BOXER VIDRADA,,nome,COMBUSTAO,,D,diesel,11,PEUGEOT,BOXER,comerciais_leves
2024,13,PEUGEOT,BOXER 16L LUXO,,nome,COMBUSTAO,,D,diesel,11,PEUGEOT,BOXER,comerciais_leves
2024,13,PEUGEOT,BOXER MB EXE17,,nome,COMBUSTAO,,D,diesel,11,PEUGEOT,BOXER,comerciais_leves
2024,13,PEUGEOT,BOXER MB CFT20,,nome,COMBUSTAO,,D,diesel,11,PEUGEOT,BOXER,comerciais_leves
2024,13,PEUGEOT,BOXER MB CFT19,,nome,COMBUSTAO,,D,diesel,11,PEUGEOT,BOXER,comerciais_leves
2024,13,PEUGEOT,BOXER 16L LUXO (MY25),,nome,COMBUSTAO,,D,diesel,11,PEUGEOT,BOXER,comerciais_leves
2024,13,PEUGEOT,BOXER MB EXE17 (MY25),,nome,COMBUSTAO,,D,diesel,11,PEUGEOT,BOXER,comerciais_leves
2024,13,PEUGEOT,BOXER MB CFT19 (MY25),,nome,COMBUSTAO,,D,diesel,11,PEUGEOT,BOXER,comerciais_leves
2024,13,PEUGEOT,BOXER CARGO PK (MY25),,nome,COMBUSTAO,,D,diesel,11,PEUGEOT,BOXER,comerciais_leves
2024,13,PEUGEOT,BOXER CARGO L2 (MY25),,nome,COMBUSTAO,,D,diesel,11,PEUGEOT,BOXER,comerciais_leves
2024,13,PEUGEOT,BOXER FURGAOPK (MY25),,nome,COMBUSTAO,,D,diesel,11,PEUGEOT,BOXER,comerciais_leves
2024,13,PEUGEOT,BOXER VIDRADA (MY 25),,nome,COMBUSTAO,,D,diesel,11,PEUGEOT,BOXER,comerciais_leves
2024,13,RENAULT,KANGOO ETECHL2,,nome,ELETRICO,,E,bev,8,RENAULT,KANGOO,automoveis
2024,13,RENAULT,KANGOO ETECHL2,,nome,ELETRICO,,E,bev,8,RENAULT,KANGOO,comerciais_leves
2024,13,RENAULT,KANGOO EX PRO,,nome,COMBUSTAO,,F,flex,10,RENAULT,KANGOO,automoveis
2024,13,RENAULT,KANGOO EX PRO,,nome,COMBUSTAO,,F,flex,10,RENAULT,KANGOO,comerciais_leves
2024,13,RENAULT,E-KWID CARGO,,nome,ELETRICO,,E,bev,8,RENAULT,E-KWID,automoveis
2024,14,CHEVROLET,MONTANA T AT LTZ,,nome,COMBUSTAO,,F,flex,10,GM,MONTANA,comerciais_leves
2024,14,CHEVROLET,MONTANA T AT PR,,nome,COMBUSTAO,,F,flex,10,GM,MONTANA,comerciais_leves
2024,14,CHEVROLET,MONTANA T AT RS,,nome,COMBUSTAO,,F,flex,10,GM,MONTANA,comerciais_leves
2024,14,CHEVROLET,MONTANA T,,nome,COMBUSTAO,,F,flex,10,GM,MONTANA,comerciais_leves
2024,14,CHEVROLET,MONTANA T LT,,nome,COMBUSTAO,,F,flex,10,GM,MONTANA,comerciais_leves
2024,14,FIAT,STRADA RANCH T200AT,,nome,COMBUSTAO,,F,flex,10,FIAT,STRADA,comerciais_leves
2024,14,FIAT,STRADA ULTRA T200AT,,nome,COMBUSTAO,,F,flex,10,FIAT,STRADA,comerciais_leves
2024,14,FIAT,STRADA VOLCANO 13AT,,nome,COMBUSTAO,,F,flex,10,FIAT,STRADA,comerciais_leves
2024,14,FIAT,STRADA FREEDOM CD13,,nome,COMBUSTAO,,F,flex,10,FIAT,STRADA,comerciais_leves
2024,14,FIAT,STRADA VOLCANO CD13,,nome,COMBUSTAO,,F,flex,10,FIAT,STRADA,comerciais_leves
2024,14,FIAT,STRADA ENDURAN CS13,,nome,COMBUSTAO,,F,flex,10,FIAT,STRADA,comerciais_leves
2024,14,FIAT,STRADA FREEDOM CS13,,nome,COMBUSTAO,,F,flex,10,FIAT,STRADA,comerciais_leves
2024,14,RENAULT,OROCH INTENSE16M,,nome,COMBUSTAO,,F,flex,10,RENAULT,OROCH,comerciais_leves
2024,14,RENAULT,OROCH PRO16,,nome,COMBUSTAO,,F,flex,10,RENAULT,OROCH,comerciais_leves
2024,14,RENAULT,OROCH ICONICMN,,nome,COMBUSTAO,,F,flex,10,RENAULT,OROCH,comerciais_leves
2024,14,VW,SAVEIRO CS ROBUST MF,,nome,COMBUSTAO,,F,flex,10,VW,SAVEIRO,comerciais_leves
2024,14,VW,SAVEIRO CS TRENDLINE MF,,nome,COMBUSTAO,,F,flex,10,VW,SAVEIRO,comerciais_leves
2024,14,VW,SAVEIRO CD ROBUST MF,,nome,COMBUSTAO,,F,flex,10,VW,SAVEIRO,comerciais_leves
2024,14,VW,SAVEIRO CD EXTREME MF,,nome,COMBUSTAO,,F,flex,10,VW,SAVEIRO,comerciais_leves
2024,14,CHEVROLET,S10 HC DD4A,,nome,COMBUSTAO,,D,diesel,11,GM,S10,comerciais_leves
2024,14,CHEVROLET,S10 LT DD4A,,nome,COMBUSTAO,,D,diesel,11,GM,S10,comerciais_leves
2024,14,CHEVROLET,S10 LTZ DD4A,,nome,COMBUSTAO,,D,diesel,11,GM,S10,comerciais_leves
2024,14,CHEVROLET,S10 MID DD4A,,nome,COMBUSTAO,,D,diesel,11,GM,S10,comerciais_leves
2024,14,CHEVROLET,S10 LS DS4,,nome,COMBUSTAO,,D,diesel,11,GM,S10,comerciais_leves
2024,14,CHEVROLET,S10 LS DS4C,,nome,COMBUSTAO,,D,diesel,11,GM,S10,comerciais_leves
2024,14,CHEVROLET,S10 LS DD4,,nome,COMBUSTAO,,D,diesel,11,GM,S10,comerciais_leves
2024,14,CHEVROLET,S10 LT DD4,,nome,COMBUSTAO,,D,diesel,11,GM,S10,comerciais_leves
2024,14,CHEVROLET,S10 Z71,,nome,COMBUSTAO,,D,diesel,11,GM,S10,comerciais_leves
2024,14,CHEVROLET,S10 HC DD4A (MY25),,nome,COMBUSTAO,,D,diesel,11,GM,S10,comerciais_leves
2024,14,CHEVROLET,S10 LTZ DD4A (MY25),,nome,COMBUSTAO,,D,diesel,11,GM,S10,comerciais_leves
2024,14,CHEVROLET,S10 WT DD4A (MY25),,nome,COMBUSTAO,,D,diesel,11,GM,S10,comerciais_leves
2024,14,CHEVROLET,S10 WT DD4 (MY25),,nome,COMBUSTAO,,D,diesel,11,GM,S10,comerciais_leves
2024,14,CHEVROLET,S10 WT DS4 (MY25),,nome,COMBUSTAO,,D,diesel,11,GM,S10,comerciais_leves
2024,14,CHEVROLET,S10 WT DS4C (MY25),,nome,COMBUSTAO,,D,diesel,11,GM,S10,comerciais_leves
2024,14,CHEVROLET,S10 Z71 (MY25),,nome,COMBUSTAO,,D,diesel,11,GM,S10,comerciais_leves
2024,14,CHEVROLET,SILVERADO HC,,nome,COMBUSTAO,,G,gasolina,9,GM,SILVERADO,comerciais_leves
2024,14,FIAT,TORO ENDUR,,nome,COMBUSTAO,,F,flex,10,FIAT,TORO,comerciais_leves
2024,14,FIAT,TORO FREED,,nome,COMBUSTAO,,F,flex,10,FIAT,TORO,comerciais_leves
2024,14,FIAT,TORO VOLC,,nome,COMBUSTAO,,F,flex,10,FIAT,TORO,comerciais_leves
2024,14,FIAT,TORO ULTRA AT9 4X4,,nome,COMBUSTAO,,D,diesel,11,FIAT,TORO,comerciais_leves
2024,14,FIAT,TORO FREEDOM AT9 4X4,,nome,COMBUSTAO,,D,diesel,11,FIAT,TORO,comerciais_leves
2024,14,FIAT,TORO RANCH AT9 4X4,,nome,COMBUSTAO,,D,diesel,11,FIAT,TORO,comerciais_leves
2024,14,FIAT,TORO VOLCANO AT9 4X4,,nome,COMBUSTAO,,D,diesel,11,FIAT,TORO,comerciais_leves
2024,14,FIAT,TITANO ENDURANCE,,nome,COMBUSTAO,,D,diesel,11,FIAT,TITANO,comerciais_leves
2024,14,FIAT,TITANO VOLCANO,,nome,COMBUSTAO,,D,diesel,11,FIAT,TITANO,comerciais_leves
2024,14,FIAT,TITANO RANCH,,nome,COMBUSTAO,,D,diesel,11,FIAT,TITANO,comerciais_leves
2024,14,FORD,MAVERICK XLT,,nome,COMBUSTAO,,G,gasolina,9,FORD,MAVERICK,comerciais_leves
2024,14,FORD,MAVERICK XLT,,nome,COMBUSTAO,,G,gasolina,9,FORD,MAVERICK,automoveis
2024,14,FORD,MAVERICK LARIAT FX4,,nome,COMBUSTAO,,G,gasolina,9,FORD,MAVERICK,comerciais_leves
2024,14,FORD,MAVERICK LARIAT FX4,,nome,COMBUSTAO,,G,gasolina,9,FORD,MAVERICK,automoveis
2024,14,FORD,F150 LARIAT,,nome,COMBUSTAO,,G,gasolina,9,FORD,F150,comerciais_leves
2024,14,FORD,F150 PLATINUM,,nome,COMBUSTAO,,G,gasolina,9,FORD,F150,comerciais_leves
2024,14,FORD,MAVERICK HIBRIDO LARIAT,,nome,HIBRIDO,HIBRIDO,G,hev,4,FORD,MAVERICK,comerciais_leves
2024,14,FORD,MAVERICK HIBRIDO LARIAT,,nome,HIBRIDO,HIBRIDO,G,hev,4,FORD,MAVERICK,automoveis
2024,14,FORD,NOVA RANGER 4X4 XL,,nome,COMBUSTAO,,D,diesel,11,FORD,RANGER,comerciais_leves
2024,14,FORD,NOVA RANGER 4X4 XLS,,nome,COMBUSTAO,,D,diesel,11,FORD,RANGER,comerciais_leves
2024,14,FORD,NOVA RANGER 4X2 XLS,,nome,COMBUSTAO,,D,diesel,11,FORD,RANGER,comerciais_leves
2024,14,FORD,NOVA RANGER 4X4 XLS,,nome,COMBUSTAO,,D,diesel,11,FORD,RANGER,comerciais_leves
2024,14,FORD,NOVA RANGER 4X4 XLS,,nome,COMBUSTAO,,D,diesel,11,FORD,RANGER,comerciais_leves
2024,14,FORD,NOVA RANGER 4X4 XLT,,nome,COMBUSTAO,,D,diesel,11,FORD,RANGER,comerciais_leves
2024,14,FORD,NOVA RANGER 4X4 LTD,,nome,COMBUSTAO,,D,diesel,11,FORD,RANGER,comerciais_leves
2024,14,FORD,NOVA RANGER 4X4 LTD+,,nome,COMBUSTAO,,D,diesel,11,FORD,RANGER,comerciais_leves
2024,14,FORD,RANGER RAPTOR RAPTOR,,nome,COMBUSTAO,,G,gasolina,9,FORD,RANGER,comerciais_leves
2024,15,JAC,IEV330P IEV330,,nome,ELETRICO,,E,bev,8,JAC,IEV 330P,comerciais_leves
2024,15,JAC,HUNTER HUNTER AT,,nome,COMBUSTAO,,D,diesel,11,JAC,HUNTER,comerciais_leves
2024,15,JAC,HUNTER HUNTER HD 4X4 AT,,nome,COMBUSTAO,,D,diesel,11,JAC,HUNTER,comerciais_leves
2024,15,JAC,HUNTER HUNTER HD AT,,nome,COMBUSTAO,,D,diesel,11,JAC,HUNTER,comerciais_leves
2024,15,JAC,HUNTER HUNTER HW AT,,nome,COMBUSTAO,,D,diesel,11,JAC,HUNTER,comerciais_leves
2024,15,JEEP,GLADIATOR RUBICON,,nome,COMBUSTAO,,G,gasolina,9,JEEP,GLADIATOR,comerciais_leves
2024,15,MITSUBISHI,L200 TRITON GL,,nome,COMBUSTAO,,D,diesel,11,MITSUBISHI,L200,comerciais_leves
2024,15,MITSUBISHI,L200 TRITON OUTDOOR GLX,,nome,COMBUSTAO,,D,diesel,11,MITSUBISHI,L200,comerciais_leves
2024,15,MITSUBISHI,L200 TRITON GLS,,nome,COMBUSTAO,,D,diesel,11,MITSUBISHI,L200,comerciais_leves
2024,15,MITSUBISHI,L200 TRITON OUTDOOR GLS,,nome,COMBUSTAO,,D,diesel,11,MITSUBISHI,L200,comerciais_leves
2024,15,MITSUBISHI,L200 TRITON SPORT GLS,,nome,COMBUSTAO,,D,diesel,11,MITSUBISHI,L200,comerciais_leves
2024,15,MITSUBISHI,L200 TRITON SPORT GLX,,nome,COMBUSTAO,,D,diesel,11,MITSUBISHI,L200,comerciais_leves
2024,15,MITSUBISHI,L200 TRITON SPORT GL,,nome,COMBUSTAO,,D,diesel,11,MITSUBISHI,L200,comerciais_leves
2024,15,MITSUBISHI,L200 TRITON SPORT GLS,,nome,COMBUSTAO,,D,diesel,11,MITSUBISHI,L200,comerciais_leves
2024,15,MITSUBISHI,L200 TRITON SPORT HPE,,nome,COMBUSTAO,,D,diesel,11,MITSUBISHI,L200,comerciais_leves
2024,15,MITSUBISHI,L200 TRITON SPORT HPE-S,,nome,COMBUSTAO,,D,diesel,11,MITSUBISHI,L200,comerciais_leves
2024,15,MITSUBISHI,L200 TRITON SPORT SAVANA,,nome,COMBUSTAO,,D,diesel,11,MITSUBISHI,L200,comerciais_leves
2024,15,MITSUBISHI,L200 TRITON SPORT OUTDOOR GLS,,nome,COMBUSTAO,,D,diesel,11,MITSUBISHI,L200,comerciais_leves
2024,15,NISSAN,FRONTIER S,,nome,COMBUSTAO,,D,diesel,11,NISSAN,FRONTIER,comerciais_leves
2024,15,NISSAN,FRONTIER ATK,,nome,COMBUSTAO,,D,diesel,11,NISSAN,FRONTIER,comerciais_leves
2024,15,NISSAN,FRONTIER PRO4X,,nome,COMBUSTAO,,D,diesel,11,NISSAN,FRONTIER,comerciais_leves
2024,15,NISSAN,FRONTIER SE,,nome,COMBUSTAO,,D,diesel,11,NISSAN,FRONTIER,comerciais_leves
2024,15,NISSAN,FRONTIER PLT,,nome,COMBUSTAO,,D,diesel,11,NISSAN,FRONTIER,comerciais_leves
2024,15,NISSAN,FRONTIER XE,,nome,COMBUSTAO,,D,diesel,11,NISSAN,FRONTIER,comerciais_leves
2024,15,RAM,CLASSIC LARAMIE,,nome,COMBUSTAO,,G,gasolina,9,RAM,CLASSIC,comerciais_leves
2024,15,RAM,CLASSIC RT,,nome,COMBUSTAO,,G,gasolina,9,RAM,CLASSIC,comerciais_leves
2024,15,RAM,CLASSIC LARAMIE NIGHT EDITION,,nome,COMBUSTAO,,G,gasolina,9,RAM,CLASSIC,comerciais_leves
2024,15,RAM,RAMPAGE REBEL AT GAS,,nome,COMBUSTAO,,G,gasolina,9,RAM,RAMPAGE,comerciais_leves
2024,15,RAM,RAMPAGE RT GAS,,nome,COMBUSTAO,,G,gasolina,9,RAM,RAMPAGE,comerciais_leves
2024,15,RAM,RAMPAGE REBEL AT GAS,,nome,COMBUSTAO,,G,gasolina,9,RAM,RAMPAGE,comerciais_leves
2024,15,RAM,RAMPAGE RT GAS,,nome,COMBUSTAO,,G,gasolina,9,RAM,RAMPAGE,comerciais_leves
2024,15,RAM,RAMPAGE LARAMIE GAS,,nome,COMBUSTAO,,G,gasolina,9,RAM,RAMPAGE,comerciais_leves
2024,15,RAM,1500 REBEL HEMI CC,,nome,COMBUSTAO,,G,gasolina,9,RAM,1500,comerciais_leves
2024,15,RAM,1500 LIMITED HEMI,,nome,COMBUSTAO,,G,gasolina,9,RAM,1500,comerciais_leves
2024,15,RAM,1500 LIMITED NIGHT EDITION,,nome,COMBUSTAO,,G,gasolina,9,RAM,1500,comerciais_leves
2024,15,TOYOTA,HILUX DIESEL 4X4 SRX,,nome,COMBUSTAO,,D,diesel,11,TOYOTA,HILUX,comerciais_leves
2024,15,TOYOTA,HILUX DIESEL 4X4 SRV,,nome,COMBUSTAO,,D,diesel,11,TOYOTA,HILUX,comerciais_leves
2024,15,TOYOTA,HILUX DIESEL 4X4 SR,,nome,COMBUSTAO,,D,diesel,11,TOYOTA,HILUX,comerciais_leves
2024,15,TOYOTA,HILUX DIESEL 4X4 SC,,nome,COMBUSTAO,,D,diesel,11,TOYOTA,HILUX,comerciais_leves
2024,15,TOYOTA,HILUX DIESEL 4X4 CC,,nome,COMBUSTAO,,D,diesel,11,TOYOTA,HILUX,comerciais_leves
2024,15,TOYOTA,HILUX DIESEL 4X4 POWER PACK,,nome,COMBUSTAO,,D,diesel,11,TOYOTA,HILUX,comerciais_leves
2024,15,TOYOTA,HILUX DIESEL 4X4 SRX PLUS,,nome,COMBUSTAO,,D,diesel,11,TOYOTA,HILUX,comerciais_leves
2024,15,TOYOTA,HILUX DIESEL 4X4 GRS (WIDE TREAD),,nome,COMBUSTAO,,D,diesel,11,TOYOTA,HILUX,comerciais_leves
2024,15,VW,AMAROK V6 COMFORT,,nome,COMBUSTAO,,D,diesel,11,VW,AMAROK,comerciais_leves
2024,15,VW,AMAROK V6 HIGH,,nome,COMBUSTAO,,D,diesel,11,VW,AMAROK,comerciais_leves
2024,15,VW,AMAROK V6 EXTREME,,nome,COMBUSTAO,,D,diesel,11,VW,AMAROK,comerciais_leves
2024,15,VW,AMAROK V6 HIGH (MY25),,nome,COMBUSTAO,,D,diesel,11,VW,AMAROK,comerciais_leves
2024,15,VW,AMAROK V6 EXTREME(MY25),,nome,COMBUSTAO,,D,diesel,11,VW,AMAROK,comerciais_leves
2024,15,VW,AMAROK V6 COMFORT(MY25),,nome,COMBUSTAO,,D,diesel,11,VW,AMAROK,comerciais_leves
2024,16,BMW,M3 COMPETITION,,nome,COMBUSTAO,,G,gasolina,9,BMW,M3,automoveis
2024,16,BMW,M3 CS,,nome,COMBUSTAO,,G,gasolina,9,BMW,M3,automoveis
2024,16,BMW,M2 COUPE,,nome,COMBUSTAO,,G,gasolina,9,BMW,M2,automoveis
2024,16,BMW,M2 COUPE TRACK,,nome,COMBUSTAO,,G,gasolina,9,BMW,M2,automoveis
2024,16,CHEVROLET,CAMARO 2SS CONV,,nome,COMBUSTAO,,G,gasolina,9,GM,CAMARO,automoveis
2024,16,CHEVROLET,CAMARO 2SS,,nome,COMBUSTAO,,G,gasolina,9,GM,CAMARO,automoveis
2024,16,FERRARI,296 GTB,,nome,PLUG-IN,,G,phev,6,FERRARI,296 GTB,automoveis
2024,16,FORD,MUSTANG MACH 1,,nome,COMBUSTAO,,G,gasolina,9,FORD,MUSTANG,automoveis
2024,16,FORD,NOVO MUSTANG NEW GT V8,,nome,COMBUSTAO,,G,gasolina,9,FORD,MUSTANG,automoveis
2024,16,HONDA,CIVIC TYPE-R,,nome,COMBUSTAO,,G,gasolina,9,HONDA,CIVIC TYPE-R,automoveis
2024,16,JAGUAR,F-TYPE 300RD CP,,nome,COMBUSTAO,,G,gasolina,9,JAGUAR,F-TYPE,automoveis
2024,16,JAGUAR,F-TYPE 300RD CB,,nome,COMBUSTAO,,G,gasolina,9,JAGUAR,F-TYPE,automoveis
2024,16,JAGUAR,F-TYPE 300CB 75,,nome,COMBUSTAO,,G,gasolina,9,JAGUAR,F-TYPE,automoveis
2024,16,JAGUAR,F-TYPE 300CP 75,,nome,COMBUSTAO,,G,gasolina,9,JAGUAR,F-TYPE,automoveis
2024,16,MERCEDES-BENZ,AMG SL63S EP,,nome,PLUG-IN,,G,phev,6,M.BENZ,SL63S,automoveis
2024,16,MCLAREN,ARTURA ----,,nome,PLUG-IN,,G,phev,6,MCLAREN,ARTURA,automoveis
2024,16,PORSCHE,BOXSTER --,,nome,COMBUSTAO,,G,gasolina,9,PORSCHE,BOXSTER,automoveis
2024,16,PORSCHE,BOXSTER T,,nome,COMBUSTAO,,G,gasolina,9,PORSCHE,BOXSTER,automoveis
2024,16,PORSCHE,BOXSTER STYLE,,nome,COMBUSTAO,,G,gasolina,9,PORSCHE,BOXSTER,automoveis
2024,16,PORSCHE,BOXSTER GTS4.0,,nome,COMBUSTAO,,G,gasolina,9,PORSCHE,BOXSTER,automoveis
2024,16,PORSCHE,BOXSTER 25 ANOS,,nome,COMBUSTAO,,G,gasolina,9,PORSCHE,BOXSTER,automoveis
2024,16,PORSCHE,BOXSTER SPYDER,,nome,COMBUSTAO,,G,gasolina,9,PORSCHE,BOXSTER,automoveis
2024,16,PORSCHE,,BOXSTER ( PRODUCAO,linha_acima,COMBUSTAO,,G,gasolina,9,PORSCHE,BOXSTER,automoveis
2024,16,PORSCHE,T,BOXSTER ( PRODUCAO,linha_acima,COMBUSTAO,,G,gasolina,9,PORSCHE,BOXSTER,automoveis
2024,16,PORSCHE,STYLE,BOXSTER ( PRODUCAO,linha_acima,COMBUSTAO,,G,gasolina,9,PORSCHE,BOXSTER,automoveis
2024,16,PORSCHE,CAYMAN --,SEMANA 12+/24 ),nome,COMBUSTAO,,G,gasolina,9,PORSCHE,CAYMAN,automoveis
2024,16,PORSCHE,CAYMAN T,,nome,COMBUSTAO,,G,gasolina,9,PORSCHE,CAYMAN,automoveis
2024,16,PORSCHE,CAYMAN STYLE,,nome,COMBUSTAO,,G,gasolina,9,PORSCHE,CAYMAN,automoveis
2024,16,PORSCHE,CAYMAN GTS,,nome,COMBUSTAO,,G,gasolina,9,PORSCHE,CAYMAN,automoveis
2024,16,PORSCHE,CAYMAN GT4 RS,,nome,COMBUSTAO,,G,gasolina,9,PORSCHE,CAYMAN,automoveis
2024,16,PORSCHE,,CAYMAN ( PRODUCAO,linha_acima,COMBUSTAO,,G,gasolina,9,PORSCHE,CAYMAN,automoveis
2024,16,PORSCHE,T,CAYMAN ( PRODUCAO,linha_acima,COMBUSTAO,,G,gasolina,9,PORSCHE,CAYMAN,automoveis
2024,16,PORSCHE,STYLE,CAYMAN ( PRODUCAO,linha_acima,COMBUSTAO,,G,gasolina,9,PORSCHE,CAYMAN,automoveis
2024,16,PORSCHE,911 CARRERA,SEMANA 12+/24 ),nome,COMBUSTAO,,G,gasolina,9,PORSCHE,911,automoveis
2024,16,PORSCHE,911 CARRERA C,,nome,COMBUSTAO,,G,gasolina,9,PORSCHE,911,automoveis
2024,16,PORSCHE,911 CARRERA T,,nome,COMBUSTAO,,G,gasolina,9,PORSCHE,911,automoveis
2024,16,PORSCHE,911 CARRERA S,,nome,COMBUSTAO,,G,gasolina,9,PORSCHE,911,automoveis
2024,16,PORSCHE,911 CARRERA SC,,nome,COMBUSTAO,,G,gasolina,9,PORSCHE,911,automoveis
2024,16,PORSCHE,911 CARRERA GTS,,nome,COMBUSTAO,,G,gasolina,9,PORSCHE,911,automoveis
2024,16,PORSCHE,911 CARRERA 4 GTS,,nome,COMBUSTAO,,G,gasolina,9,PORSCHE,911,automoveis
2024,16,PORSCHE,911 CARRERA GTS CA,,nome,COMBUSTAO,,G,gasolina,9,PORSCHE,911,automoveis
2024,16,PORSCHE,911 TARGA 4GTS,,nome,COMBUSTAO,,G,gasolina,9,PORSCHE,911,automoveis
2024,16,PORSCHE,911 CARRERA 4GTS CA,,nome,COMBUSTAO,,G,gasolina,9,PORSCHE,911,automoveis
2024,16,PORSCHE,911 TARGA 50Y,,nome,COMBUSTAO,,G,gasolina,9,PORSCHE,911,automoveis
2024,16,PORSCHE,911 GT3 RS,,nome,COMBUSTAO,,G,gasolina,9,PORSCHE,911,automoveis
2024,16,PORSCHE,911 TURBO S,,nome,COMBUSTAO,,G,gasolina,9,PORSCHE,911,automoveis
2024,16,PORSCHE,911 TURBO S CA,,nome,COMBUSTAO,,G,gasolina,9,PORSCHE,911,automoveis
2024,16,PORSCHE,911 TURBO,,nome,COMBUSTAO,,G,gasolina,9,PORSCHE,911,automoveis
2024,16,PORSCHE,911 TURBO CAB,,nome,COMBUSTAO,,G,gasolina,9,PORSCHE,911,automoveis
2024,16,PORSCHE,PANAMERA 4SEHS,,nome,PLUG-IN,,G,phev,6,PORSCHE,PANAMERA,automoveis
2024,16,PORSCHE,PANAMERA 4SEHY,,nome,PLUG-IN,,G,phev,6,PORSCHE,PANAMERA,automoveis
2024,16,PORSCHE,PANAMERA TSEHY,,nome,PLUG-IN,,G,phev,6,PORSCHE,PANAMERA,automoveis
2024,16,PORSCHE,PANAMERA 4EHST,,nome,PLUG-IN,,G,phev,6,PORSCHE,PANAMERA,automoveis
2024,16,PORSCHE,PANAMERA 4EHYB,,nome,PLUG-IN,,G,phev,6,PORSCHE,PANAMERA,automoveis
2024,16,PORSCHE,PANAMERA 4EHYB (MY25),,nome,PLUG-IN,,G,phev,6,PORSCHE,PANAMERA,automoveis
2024,16,PORSCHE,PANAMERA 4SEHY (MY25),,nome,PLUG-IN,,G,phev,6,PORSCHE,PANAMERA,automoveis
2024,16,PORSCHE,TAYCAN 4S,,nome,ELETRICO,,E,bev,8,PORSCHE,TAYCAN,automoveis
2024,16,PORSCHE,TAYCAN TURBO,,nome,ELETRICO,,E,bev,8,PORSCHE,TAYCAN,automoveis
2024,16,PORSCHE,TAYCAN TURBO S,,nome,ELETRICO,,E,bev,8,PORSCHE,TAYCAN,automoveis
2024,16,PORSCHE,TAYCAN 4CT,,nome,ELETRICO,,E,bev,8,PORSCHE,TAYCAN,automoveis
2024,16,PORSCHE,TAYCAN --,,nome,ELETRICO,,E,bev,8,PORSCHE,TAYCAN,automoveis
2024,16,PORSCHE,TAYCAN 4GTS,,nome,ELETRICO,,E,bev,8,PORSCHE,TAYCAN,automoveis
2024,16,PORSCHE,TAYCAN 4S CT,,nome,ELETRICO,,E,bev,8,PORSCHE,TAYCAN,automoveis
2024,16,PORSCHE,TAYCAN 4S (MY25),,nome,ELETRICO,,E,bev,8,PORSCHE,TAYCAN,automoveis
2024,16,PORSCHE,TAYCAN (MY25) _,,nome,ELETRICO,,E,bev,8,PORSCHE,TAYCAN,automoveis
2024,16,PORSCHE,TAYCAN TURBO S (MY25),,nome,ELETRICO,,E,bev,8,PORSCHE,TAYCAN,automoveis
2024,16,PORSCHE,TAYCAN TURBOCT (MY25),,nome,ELETRICO,,E,bev,8,PORSCHE,TAYCAN,automoveis
2024,16,PORSCHE,TAYCAN 4S CT (MY25),,nome,ELETRICO,,E,bev,8,PORSCHE,TAYCAN,automoveis
2024,16,PORSCHE,TAYCAN 4CT (MY25),,nome,ELETRICO,,E,bev,8,PORSCHE,TAYCAN,automoveis
2025,1,BYD,DOLPHIN MINI GS EV,,nome,ELETRICO,EV,E,bev,8,BYD,DOLPHIN MINI,automoveis
2025,1,BYD,DOLPHIN MINI GS 5 EV,,nome,ELETRICO,EV,E,bev,8,BYD,DOLPHIN MINI,automoveis
2025,1,BYD,DOLPHIN MINI GL5EV,,nome,ELETRICO,,E,bev,8,BYD,DOLPHIN MINI,automoveis
2025,1,CAOA CHERY,ICAR EQ1 TEC,,nome,ELETRICO,,E,bev,8,CAOA CHERY,ICAR,automoveis
2025,1,FIAT,500E ICON,,nome,ELETRICO,,E,bev,8,FIAT,500E,automoveis
2025,1,FIAT,MOBI TREKKING,,nome,COMBUSTAO,,F,flex,10,FIAT,MOBI,automoveis
2025,1,FIAT,MOBI LIKE,,nome,COMBUSTAO,,F,flex,10,FIAT,MOBI,automoveis
2025,1,JAC,E-JS1 E-JS1,,nome,ELETRICO,,E,bev,8,JAC,E-JS1,automoveis
2025,1,JAC,E-JS1 E-JS1 EXT,,nome,ELETRICO,,E,bev,8,JAC,E-JS1,automoveis
2025,1,RENAULT,E-KWID INTENS,,nome,ELETRICO,,E,bev,8,RENAULT,E-KWID,automoveis
2025,1,FIAT,ARGO,,nome,COMBUSTAO,,F,flex,10,FIAT,ARGO,automoveis
2025,1,FIAT,ARGO DRIVE,,nome,COMBUSTAO,,F,flex,10,FIAT,ARGO,automoveis
2025,1,FIAT,ARGO DRIVE,,nome,COMBUSTAO,,F,flex,10,FIAT,ARGO,automoveis
2025,1,HYUNDAI,HB20 SENSE,,nome,COMBUSTAO,,F,flex,10,HYUNDAI,HB20,automoveis
2025,1,HYUNDAI,HB20 COMFORT,,nome,COMBUSTAO,,F,flex,10,HYUNDAI,HB20,automoveis
2025,1,HYUNDAI,HB20 LIMITED,,nome,COMBUSTAO,,F,flex,10,HYUNDAI,HB20,automoveis
2025,1,HYUNDAI,HB20 PLATINUM,,nome,COMBUSTAO,,F,flex,10,HYUNDAI,HB20,automoveis
2025,1,HYUNDAI,HB20 SE,,nome,COMBUSTAO,,F,flex,10,HYUNDAI,HB20,automoveis
2025,1,HYUNDAI,HB20 COMFORT,,nome,COMBUSTAO,,F,flex,10,HYUNDAI,HB20,automoveis
2025,1,HYUNDAI,HB20 PLATINUM SAFETY,,nome,COMBUSTAO,,F,flex,10,HYUNDAI,HB20,automoveis
2025,1,HYUNDAI,HB20 SE,,nome,COMBUSTAO,,F,flex,10,HYUNDAI,HB20,automoveis
2025,1,MINI,COOPER S 3P EXCLUSIVE,,nome,COMBUSTAO,,G,gasolina,9,MINI,COOPER,automoveis
2025,1,MINI,COOPER S 3P SPORT,,nome,COMBUSTAO,,G,gasolina,9,MINI,COOPER,automoveis
2025,1,MINI,COOPER S 3P TOP,,nome,COMBUSTAO,,G,gasolina,9,MINI,COOPER,automoveis
2025,1,MINI,COOPER S CABRIO,,nome,COMBUSTAO,,G,gasolina,9,MINI,COOPER,automoveis
2025,1,MINI,COOPER E,,nome,ELETRICO,,E,bev,8,MINI,COOPER,automoveis
2025,1,MINI,COOPER SE,,nome,ELETRICO,,E,bev,8,MINI,COOPER,automoveis
2025,1,MINI,JCW-E 3P,,nome,ELETRICO,,E,bev,8,MINI,JCW,automoveis
2025,1,MINI,JCW 3P,,nome,COMBUSTAO,,G,gasolina,9,MINI,JCW,automoveis
2025,1,MINI,JCW CABRIO,,nome,COMBUSTAO,,G,gasolina,9,MINI,JCW,automoveis
2025,1,PEUGEOT,208 STYLE MT,,nome,COMBUSTAO,,F,flex,10,PEUGEOT,208,automoveis
2025,1,PEUGEOT,208 ACTIVE MT,,nome,COMBUSTAO,,F,flex,10,PEUGEOT,208,automoveis
2025,1,PEUGEOT,208 ALLUR,,nome,COMBUSTAO,,F,flex,10,PEUGEOT,208,automoveis
2025,1,PEUGEOT,208 GT,,nome,COMBUSTAO,,F,flex,10,PEUGEOT,208,automoveis
2025,1,PEUGEOT,E-208 GT,,nome,ELETRICO,,E,bev,8,PEUGEOT,208,automoveis
2025,1,AUDI,A3 SPOTBACK PEFORMANCE (ED.0),,nome,COMBUSTAO,,G,gasolina,9,AUDI,A3,automoveis
2025,1,AUDI,A3 SPOTBACK PERFORMANCE BLACK (ED.0),,nome,COMBUSTAO,,G,gasolina,9,AUDI,A3,automoveis
2025,1,AUDI,A3 SPOTBACK PEFORMANCE,,nome,COMBUSTAO,,G,gasolina,9,AUDI,A3,automoveis
2025,1,AUDI,A3 SPOTBACK PERFORMANCE BLACK,,nome,COMBUSTAO,,G,gasolina,9,AUDI,A3,automoveis
2025,1,BYD,DOLPHIN GS 180EV,,nome,ELETRICO,,E,bev,8,BYD,DOLPHIN,automoveis
2025,1,BYD,DOLPHIN PLUS 310EV,,nome,ELETRICO,,E,bev,8,BYD,DOLPHIN,automoveis
2025,1,BYD,YUAN PRO GS 290EV,,nome,ELETRICO,,E,bev,8,BYD,YUAN,automoveis
2025,1,CAOA CHERY,TIGGO 7 PHEV,,nome,PLUG-IN,PHEV,G,phev,3,CAOA CHERY,TIGGO 7,automoveis
2025,1,CAOA CHERY,TIGGO 7 PHEV,,nome,PLUG-IN,PHEV,G,phev,3,CHERY,TIGGO 7,automoveis
2025,1,CHEVROLET,ONIX MT,,nome,COMBUSTAO,,F,flex,10,GM,ONIX,automoveis
2025,1,CHEVROLET,ONIX LT,,nome,COMBUSTAO,,F,flex,10,GM,ONIX,automoveis
2025,1,CHEVROLET,ONIX LT,,nome,COMBUSTAO,,F,flex,10,GM,ONIX,automoveis
2025,1,CHEVROLET,ONIX AT,,nome,COMBUSTAO,,F,flex,10,GM,ONIX,automoveis
2025,1,CHEVROLET,ONIX LT,,nome,COMBUSTAO,,F,flex,10,GM,ONIX,automoveis
2025,1,CHEVROLET,ONIX LTZ,,nome,COMBUSTAO,,F,flex,10,GM,ONIX,automoveis
2025,1,CHEVROLET,ONIX PREMIER,,nome,COMBUSTAO,,F,flex,10,GM,ONIX,automoveis
2025,1,CHEVROLET,ONIX RS,,nome,COMBUSTAO,,F,flex,10,GM,ONIX,automoveis
2025,2,CHEVROLET,ONIX PLUS LT,,nome,COMBUSTAO,,F,flex,10,GM,ONIX PLUS,automoveis
2025,2,CHEVROLET,ONIX PLUS LT2,,nome,COMBUSTAO,,F,flex,10,GM,ONIX PLUS,automoveis
2025,2,CHEVROLET,ONIX PLUS PREMIER,,nome,COMBUSTAO,,F,flex,10,GM,ONIX PLUS,automoveis
2025,2,CHEVROLET,ONIX PLUS LT,,nome,COMBUSTAO,,F,flex,10,GM,ONIX PLUS,automoveis
2025,2,CHEVROLET,ONIX PLUS LTZ,,nome,COMBUSTAO,,F,flex,10,GM,ONIX PLUS,automoveis
2025,2,CHEVROLET,ONIX PLUS AT,,nome,COMBUSTAO,,F,flex,10,GM,ONIX PLUS,automoveis
2025,2,CHEVROLET,ONIX PLUS (MY26) LTZ,,nome,COMBUSTAO,,F,flex,10,GM,ONIX PLUS,automoveis
2025,2,CHEVROLET,ONIX PLUS (MY26) PREMIER,,nome,COMBUSTAO,,F,flex,10,GM,ONIX PLUS,automoveis
2025,2,CHEVROLET,ONIX PLUS (MY26) MT,,nome,COMBUSTAO,,F,flex,10,GM,ONIX PLUS,automoveis
2025,2,CHEVROLET,ONIX PLUS (MY26) LT,,nome,COMBUSTAO,,F,flex,10,GM,ONIX PLUS,automoveis
2025,2,CHEVROLET,ONIX PLUS (MY26) MT,,nome,COMBUSTAO,,F,flex,10,GM,ONIX PLUS,automoveis
2025,2,CHEVROLET,ONIX PLUS (MY26) AT,,nome,COMBUSTAO,,F,flex,10,GM,ONIX PLUS,automoveis
2025,2,CHEVROLET,ONIX (MY26) AT,,nome,COMBUSTAO,,F,flex,10,GM,ONIX,automoveis
2025,2,CHEVROLET,ONIX (MY26) 100 ANOS,,nome,COMBUSTAO,,F,flex,10,GM,ONIX,automoveis
2025,2,CHEVROLET,ONIX (MY26) LTZ,,nome,COMBUSTAO,,F,flex,10,GM,ONIX,automoveis
2025,2,CHEVROLET,ONIX (MY26) PREMIER,,nome,COMBUSTAO,,F,flex,10,GM,ONIX,automoveis
2025,2,CHEVROLET,ONIX (MY26) RS,,nome,COMBUSTAO,,F,flex,10,GM,ONIX,automoveis
2025,2,CHEVROLET,ONIX (MY26) MT,,nome,COMBUSTAO,,F,flex,10,GM,ONIX,automoveis
2025,2,CHEVROLET,ONIX (MY26) LT,,nome,COMBUSTAO,,F,flex,10,GM,ONIX,automoveis
2025,2,CHEVROLET,ONIX (MY26) MT,,nome,COMBUSTAO,,F,flex,10,GM,ONIX,automoveis
2025,2,CHEVROLET,SPARK EUV ACTIV,,nome,ELETRICO,,E,bev,8,GM,SPARK,automoveis
2025,2,CHEVROLET,SPIN LS E,,nome,COMBUSTAO,,F,flex,10,GM,SPIN,automoveis
2025,2,CHEVROLET,SPIN LS2,,nome,COMBUSTAO,,F,flex,10,GM,SPIN,automoveis
2025,2,CHEVROLET,SPIN LT,,nome,COMBUSTAO,,F,flex,10,GM,SPIN,automoveis
2025,2,CHEVROLET,SPIN LT,,nome,COMBUSTAO,,F,flex,10,GM,SPIN,automoveis
2025,2,CHEVROLET,SPIN AT,,nome,COMBUSTAO,,F,flex,10,GM,SPIN,automoveis
2025,2,CHEVROLET,SPIN LTZ5,,nome,COMBUSTAO,,F,flex,10,GM,SPIN,automoveis
2025,2,CHEVROLET,SPIN (MY26.5) AT,,nome,COMBUSTAO,,F,flex,10,GM,SPIN,automoveis
2025,2,CHEVROLET,SPIN (MY26.5) LT,,nome,COMBUSTAO,,F,flex,10,GM,SPIN,automoveis
2025,2,CHEVROLET,SPIN (MY26.5) LT,,nome,COMBUSTAO,,F,flex,10,GM,SPIN,automoveis
2025,2,FIAT,CRONOS,,nome,COMBUSTAO,,F,flex,10,FIAT,CRONOS,automoveis
2025,2,FIAT,CRONOS DRIVE,,nome,COMBUSTAO,,F,flex,10,FIAT,CRONOS,automoveis
2025,2,FIAT,CRONOS DRIVE1.3AT,,nome,COMBUSTAO,,F,flex,10,FIAT,CRONOS,automoveis
2025,2,FIAT,CRONOS PREC,,nome,COMBUSTAO,,F,flex,10,FIAT,CRONOS,automoveis
2025,2,GEELY,EX2 MAX,,nome,ELETRICO,,E,bev,8,GEELY,EX2,automoveis
2025,2,GEELY,EX2 PRO,,nome,ELETRICO,,E,bev,8,GEELY,EX2,automoveis
2025,2,GWM,ORA 03 SKIN BEV48,,nome,ELETRICO,,E,bev,8,GWM,ORA 03,automoveis
2025,2,GWM,ORA 03 GT BEV63,,nome,ELETRICO,,E,bev,8,GWM,ORA 03,automoveis
2025,2,GWM,ORA 03 BEV58,,nome,ELETRICO,,E,bev,8,GWM,ORA 03,automoveis
2025,2,HONDA,CITY LX,,nome,COMBUSTAO,,F,flex,10,HONDA,CITY,automoveis
2025,2,HONDA,CITY EX,,nome,COMBUSTAO,,F,flex,10,HONDA,CITY,automoveis
2025,2,HONDA,CITY EXL,,nome,COMBUSTAO,,F,flex,10,HONDA,CITY,automoveis
2025,2,HONDA,CITY TOURING,,nome,COMBUSTAO,,F,flex,10,HONDA,CITY,automoveis
2025,2,HONDA,CITY HATCH LX,,nome,COMBUSTAO,,F,flex,10,HONDA,CITY HATCH,automoveis
2025,2,HONDA,CITY HATCH EX,,nome,COMBUSTAO,,F,flex,10,HONDA,CITY HATCH,automoveis
2025,2,HONDA,CITY HATCH EXL,,nome,COMBUSTAO,,F,flex,10,HONDA,CITY HATCH,automoveis
2025,2,HONDA,CITY HATCH TOURING,,nome,COMBUSTAO,,F,flex,10,HONDA,CITY HATCH,automoveis
2025,2,HONDA,CITY HATCH TOURING SPORT,,nome,COMBUSTAO,,F,flex,10,HONDA,CITY HATCH,automoveis
2025,2,HONDA,HR-V EX HONDA SENSING,,nome,COMBUSTAO,,F,flex,10,HONDA,HR-V,automoveis
2025,2,HONDA,HR-V EXL HONDA SENSING,,nome,COMBUSTAO,,F,flex,10,HONDA,HR-V,automoveis
2025,2,HONDA,HR-V ADVANCE,,nome,COMBUSTAO,,F,flex,10,HONDA,HR-V,automoveis
2025,2,HONDA,HR-V TOURING,,nome,COMBUSTAO,,F,flex,10,HONDA,HR-V,automoveis
2025,2,HONDA,HR-V (MOD. 26) ADVANCE,,nome,COMBUSTAO,,F,flex,10,HONDA,HR-V,automoveis
2025,2,HONDA,HR-V (MOD. 26) TOURING,,nome,COMBUSTAO,,F,flex,10,HONDA,HR-V,automoveis
2025,2,HYUNDAI,HB20S COMFORT,,nome,COMBUSTAO,,F,flex,10,HYUNDAI,HB20S,automoveis
2025,2,HYUNDAI,HB20S LIMITED,,nome,COMBUSTAO,,F,flex,10,HYUNDAI,HB20S,automoveis
2025,2,HYUNDAI,HB20S PLATINUM,,nome,COMBUSTAO,,F,flex,10,HYUNDAI,HB20S,automoveis
2025,2,HYUNDAI,HB20S SE,,nome,COMBUSTAO,,F,flex,10,HYUNDAI,HB20S,automoveis
2025,2,HYUNDAI,HB20S COMFORT,,nome,COMBUSTAO,,F,flex,10,HYUNDAI,HB20S,automoveis
2025,2,HYUNDAI,HB20S PLATINUM SAFETY,,nome,COMBUSTAO,,F,flex,10,HYUNDAI,HB20S,automoveis
2025,2,HYUNDAI,HB20S SE,,nome,COMBUSTAO,,F,flex,10,HYUNDAI,HB20S,automoveis
2025,2,HYUNDAI,KONA ULTIMATE,,nome,HIBRIDO,,G,hev,4,HYUNDAI,KONA,automoveis
2025,2,HYUNDAI,KONA SIGNATURE,,nome,HIBRIDO,,G,hev,4,HYUNDAI,KONA,automoveis
2025,2,MINI,COOPER S 5P EXCLUSIVE,,nome,COMBUSTAO,,G,gasolina,9,MINI,COOPER,automoveis
2025,2,MINI,COOPER S 5P TOP,,nome,COMBUSTAO,,G,gasolina,9,MINI,COOPER,automoveis
2025,2,MINI,JCW-E ACEMAN,,nome,ELETRICO,,E,bev,8,MINI,JCW,automoveis
2025,2,MG,MG4 64 KWH COM / 64 KWH LUX,,nome,ELETRICO,,E,bev,8,MG,MG4,automoveis
2025,2,MG,MG4 64 KWH AWD,,nome,ELETRICO,,E,bev,8,MG,MG4,automoveis
2025,2,NISSAN,VERSA SENSE CVT,,nome,COMBUSTAO,,F,flex,10,NISSAN,VERSA,automoveis
2025,2,NISSAN,VERSA ADVNC CVT,,nome,COMBUSTAO,,F,flex,10,NISSAN,VERSA,automoveis
2025,2,NISSAN,VERSA SR CVT,,nome,COMBUSTAO,,F,flex,10,NISSAN,VERSA,automoveis
2025,2,NISSAN,VERSA EXCL CVT,,nome,COMBUSTAO,,F,flex,10,NISSAN,VERSA,automoveis
2025,2,PEUGEOT,E2008 GT,,nome,ELETRICO,,E,bev,8,PEUGEOT,E2008,automoveis
2025,2,RENAULT,MEGANE E-TECH,,nome,ELETRICO,,E,bev,8,RENAULT,MEGANE,automoveis
2025,3,VOLVO,EX30 E60 ULTRA,,nome,ELETRICO,,E,bev,8,VOLVO,EX30,automoveis
2025,3,VOLVO,EX30 E60 PLUS,,nome,ELETRICO,,E,bev,8,VOLVO,EX30,automoveis
2025,3,VOLVO,EX30 E60 CORE,,nome,ELETRICO,,E,bev,8,VOLVO,EX30,automoveis
2025,3,VOLVO,EX30 TWIN ULTRA,,nome,ELETRICO,,E,bev,8,VOLVO,EX30,automoveis
2025,3,VOLVO,EX30 E40 CORE,,nome,ELETRICO,,E,bev,8,VOLVO,EX30,automoveis
2025,3,VOLKSWAGEN,VIRTUS,COMFORTLINE 200TSI,nome,COMBUSTAO,,F,flex,10,VW,VIRTUS,automoveis
2025,3,VOLKSWAGEN,VIRTUS,HIGHLINE 200TSI,nome,COMBUSTAO,,F,flex,10,VW,VIRTUS,automoveis
2025,3,VOLKSWAGEN,VIRTUS TSI AUTOMATICO,AUTOMATICO,nome,COMBUSTAO,,F,flex,10,VW,VIRTUS,automoveis
2025,3,VOLKSWAGEN,VIRTUS TSI MECANICO,,nome,COMBUSTAO,,F,flex,10,VW,VIRTUS,automoveis
2025,3,VOLKSWAGEN,VIRTUS SENSE TSI MECANICO,,nome,COMBUSTAO,,F,flex,10,VW,VIRTUS,automoveis
2025,3,VOLKSWAGEN,VIRTUS,EXCLUSIVE 250TSI,nome,COMBUSTAO,,F,flex,10,VW,VIRTUS,automoveis
2025,3,VOLKSWAGEN,POLO TSI MECANICO,AUTOMATICO,nome,COMBUSTAO,,F,flex,10,VW,POLO,automoveis
2025,3,VOLKSWAGEN,POLO SENSE TSI AUTOMATICO,,nome,COMBUSTAO,,F,flex,10,VW,POLO,automoveis
2025,3,VOLKSWAGEN,POLO MPI,,nome,COMBUSTAO,,F,flex,10,VW,POLO,automoveis
2025,3,VOLKSWAGEN,POLO TRACK,,nome,COMBUSTAO,,F,flex,10,VW,POLO,automoveis
2025,3,VOLKSWAGEN,POLO TRACK ROBUST,,nome,COMBUSTAO,,F,flex,10,VW,POLO,automoveis
2025,3,VOLKSWAGEN,TERA MPI,,nome,COMBUSTAO,,F,flex,10,VW,TERA,automoveis
2025,3,AUDI,A3 SEDAN ADVANCED (ED.0),,nome,COMBUSTAO,,G,gasolina,9,AUDI,A3 SEDAN,automoveis
2025,3,AUDI,A3 SEDAN PERFORMANCE (ED.0),,nome,COMBUSTAO,,G,gasolina,9,AUDI,A3 SEDAN,automoveis
2025,3,AUDI,A3 SEDAN PERFORMANCE BLACK (ED.0),,nome,COMBUSTAO,,G,gasolina,9,AUDI,A3 SEDAN,automoveis
2025,3,AUDI,RS3 SEDAN - (ED.0),,nome,COMBUSTAO,,G,gasolina,9,AUDI,RS3,automoveis
2025,3,AUDI,RS3 SEDAN TRACK (ED.0),,nome,COMBUSTAO,,G,gasolina,9,AUDI,RS3,automoveis
2025,3,AUDI,RS3 SEDAN -,,nome,COMBUSTAO,,G,gasolina,9,AUDI,RS3,automoveis
2025,3,AUDI,RS3 SEDAN TRACK,,nome,COMBUSTAO,,G,gasolina,9,AUDI,RS3,automoveis
2025,3,BMW,X2 M35I,,nome,COMBUSTAO,,G,gasolina,9,BMW,X2,automoveis
2025,3,BMW,X2 M35I,,nome,COMBUSTAO,,G,gasolina,9,BMW,X2,automoveis
2025,3,BMW,220 -,,nome,COMBUSTAO,,G,gasolina,9,BMW,220,automoveis
2025,3,BMW,220 MSP,,nome,COMBUSTAO,,G,gasolina,9,BMW,220,automoveis
2025,3,BYD,D1 GL 180EV,,nome,ELETRICO,,E,bev,8,BYD,D1,automoveis
2025,3,BYD,D1 GS 180EV,,nome,ELETRICO,,E,bev,8,BYD,D1,automoveis
2025,3,HONDA,CIVIC HYBRID TOURING,,nome,HIBRIDO,HYBRID,G,hev,4,HONDA,CIVIC,automoveis
2025,3,HONDA,CIVIC HYBRID TOURING,,nome,HIBRIDO,HYBRID,G,hev,4,HONDA,CIVIC,automoveis
2025,3,HONDA,ZR-V (MOD.26) TOURING,,nome,COMBUSTAO,,G,gasolina,9,HONDA,ZR-V,automoveis
2025,3,MERCEDES-BENZ,GLA200 AMG LINE,,nome,HIBRIDO,,G,hev,4,M.BENZ,CLASSE GLA,automoveis
2025,3,MERCEDES-BENZ,GLA200 PROGRESSIVE,,nome,HIBRIDO,,G,hev,4,M.BENZ,CLASSE GLA,automoveis
2025,3,MINI,JCW COUNTRYMAN,,nome,COMBUSTAO,,G,gasolina,9,MINI,JCW,automoveis
2025,3,MINI,JCW COUNTRYMAN EX,,nome,COMBUSTAO,,G,gasolina,9,MINI,JCW,automoveis
2025,3,MINI,JCW COUNTRYMAN,,nome,COMBUSTAO,,G,gasolina,9,MINI,JCW,automoveis
2025,3,MINI,JCW COUNTRYMAN EX,,nome,COMBUSTAO,,G,gasolina,9,MINI,JCW,automoveis
2025,3,NISSAN,SENTRA SEN CVT,,nome,COMBUSTAO,,G,gasolina,9,NISSAN,SENTRA,automoveis
2025,3,NISSAN,SENTRA ADV CVT,,nome,COMBUSTAO,,G,gasolina,9,NISSAN,SENTRA,automoveis
2025,3,NISSAN,SENTRA EXCLUSIVE,,nome,COMBUSTAO,,G,gasolina,9,NISSAN,SENTRA,automoveis
2025,4,TOYOTA,COROLLA CROSS XR 20,(E-H),nome,COMBUSTAO,,F,flex,10,TOYOTA,COROLLA CROSS,automoveis
2025,4,TOYOTA,COROLLA CROSS XRE 20,,nome,COMBUSTAO,,F,flex,10,TOYOTA,COROLLA CROSS,automoveis
2025,4,TOYOTA,COROLLA CROSS XRX 20,,nome,COMBUSTAO,,F,flex,10,TOYOTA,COROLLA CROSS,automoveis
2025,4,TOYOTA,COROLLA CROSS GRS,,nome,COMBUSTAO,,F,flex,10,TOYOTA,COROLLA CROSS,automoveis
2025,4,TOYOTA,COROLLA CROSS XRV HYBRID,,nome,HIBRIDO,HYBRID,F,hev,4,TOYOTA,COROLLA CROSS,automoveis
2025,4,TOYOTA,COROLLA CROSS XRX HYBRID,,nome,HIBRIDO,HYBRID,F,hev,4,TOYOTA,COROLLA CROSS,automoveis
2025,4,TOYOTA,COROLLA GLI,,nome,COMBUSTAO,,F,flex,10,TOYOTA,COROLLA,automoveis
2025,4,TOYOTA,COROLLA GLI 20,,nome,COMBUSTAO,,F,flex,10,TOYOTA,COROLLA,automoveis
2025,4,TOYOTA,COROLLA XEI 20,,nome,COMBUSTAO,,F,flex,10,TOYOTA,COROLLA,automoveis
2025,4,TOYOTA,COROLLA ALTIS 20,,nome,COMBUSTAO,,F,flex,10,TOYOTA,COROLLA,automoveis
2025,4,TOYOTA,COROLLA GRS,,nome,COMBUSTAO,,F,flex,10,TOYOTA,COROLLA,automoveis
2025,4,TOYOTA,COROLLA ALTIS HV,,nome,HIBRIDO,,F,hev,4,TOYOTA,COROLLA,automoveis
2025,4,TOYOTA,COROLLA APREMIUMH,,nome,HIBRIDO,,F,hev,4,TOYOTA,COROLLA,automoveis
2025,4,TOYOTA,COROLLA GLI HEV,,nome,HIBRIDO,HEV,F,hev,4,TOYOTA,COROLLA,automoveis
2025,4,AUDI,E-TRON GT -,,nome,ELETRICO,E-TRON,E,bev,8,AUDI,E TRON GT,automoveis
2025,4,AUDI,RS E-TRON GT -,,nome,ELETRICO,E-TRON,E,bev,8,AUDI,RS,automoveis
2025,4,AUDI,Q5 SUV ADVANCED (ED.0),,nome,COMBUSTAO,,G,gasolina,9,AUDI,Q5,automoveis
2025,4,AUDI,Q5 SUV S LINE (ED.0),,nome,COMBUSTAO,,G,gasolina,9,AUDI,Q5,automoveis
2025,4,AUDI,Q5 SUV ADVANCED,,nome,COMBUSTAO,,G,gasolina,9,AUDI,Q5,automoveis
2025,4,AUDI,Q5 SUV S LINE,,nome,COMBUSTAO,,G,gasolina,9,AUDI,Q5,automoveis
2025,4,AUDI,Q5 SPORTBACK ADVANCED (ED.0),,nome,COMBUSTAO,,G,gasolina,9,AUDI,Q5,automoveis
2025,4,AUDI,Q5 SPORTBACK S LINE (ED.0),,nome,COMBUSTAO,,G,gasolina,9,AUDI,Q5,automoveis
2025,4,AUDI,Q5 SPORTBACK ADVANCED,,nome,COMBUSTAO,,G,gasolina,9,AUDI,Q5,automoveis
2025,4,AUDI,Q5 SPORTBACK S LINE,,nome,COMBUSTAO,,G,gasolina,9,AUDI,Q5,automoveis
2025,4,AUDI,RS 6 AVANT PERFORMANCE,QUATTRO,nome,HIBRIDO,,G,hev,4,AUDI,RS,automoveis
2025,4,AUDI,RS 6 AVANT GT,,nome,HIBRIDO,,G,hev,4,AUDI,RS,automoveis
2025,4,AUDI,Q7 S LINE (ED.0),,nome,HIBRIDO,,G,hev,4,AUDI,Q7,automoveis
2025,4,AUDI,A6 E-TRON PERFORMANCE BLACK,,nome,ELETRICO,E-TRON,E,bev,8,AUDI,A6,automoveis
2025,4,AUDI,A5 PERFORMANCE S EDITION (ED.0),,nome,COMBUSTAO,,G,gasolina,9,AUDI,A5,automoveis
2025,4,AUDI,A5 PERFORMANCE S EDITION,,nome,COMBUSTAO,,G,gasolina,9,AUDI,A5,automoveis
2025,4,BMW,420I CABRIO,,nome,COMBUSTAO,,G,gasolina,9,BMW,420I,automoveis
2025,4,BMW,530E M SPORT,,nome,PLUG-IN,,G,phev,6,BMW,530E,automoveis
2025,4,BMW,320I M SPORT FLEX,,nome,COMBUSTAO,,F,flex,10,BMW,320I,automoveis
2025,4,BMW,320I SPORT GP FLEX,,nome,COMBUSTAO,,F,flex,10,BMW,320I,automoveis
2025,4,BMW,320I GP FLEX,,nome,COMBUSTAO,,F,flex,10,BMW,320I,automoveis
2025,4,BMW,320I ACTIVE FLEX,,nome,COMBUSTAO,,F,flex,10,BMW,320I,automoveis
2025,4,BMW,330E -,,nome,PLUG-IN,,G,phev,6,BMW,330E,automoveis
2025,4,BMW,I4 40,,nome,ELETRICO,,E,bev,8,BMW,I4,automoveis
2025,4,BMW,I4 M50,,nome,ELETRICO,,E,bev,8,BMW,I4,automoveis
2025,4,BMW,I4 EDRIVE35,,nome,ELETRICO,,E,bev,8,BMW,I4,automoveis
2025,4,BMW,I5 M60,,nome,ELETRICO,,E,bev,8,BMW,I5,automoveis
2025,4,BMW,I5 M60 XDRIVE,,nome,ELETRICO,,E,bev,8,BMW,I5,automoveis
2025,4,BMW,I7 XDRIVE60,,nome,ELETRICO,,E,bev,8,BMW,I7,automoveis
2025,4,BYD,HAN AWD GS 680EV,,nome,ELETRICO,,E,bev,8,BYD,HAN,automoveis
2025,4,BYD,SEAL AWD GS 590EV,,nome,ELETRICO,,E,bev,8,BYD,SEAL,automoveis
2025,4,BYD,SONG PLUS PREM DM,,nome,PLUG-IN,,G,phev,6,BYD,SONG PLUS,automoveis
2025,4,BYD,SONG PLUS GS DM,,nome,PLUG-IN,,G,phev,6,BYD,SONG PLUS,automoveis
2025,4,BYD,SONG PRO GS DM,,nome,PLUG-IN,,G,phev,6,BYD,SONG,automoveis
2025,4,BYD,SONG PRO GL DM,,nome,PLUG-IN,,G,phev,6,BYD,SONG,automoveis
2025,4,BYD,KING GL DM,,nome,PLUG-IN,,G,phev,6,BYD,KING,automoveis
2025,4,BYD,KING GS DM,,nome,PLUG-IN,,G,phev,6,BYD,KING,automoveis
2025,5,CHEVROLET,EQUINOX EV -,(E-H),nome,ELETRICO,EV,E,bev,8,GM,EQUINOX,automoveis
2025,5,CHEVROLET,BLAZER EV RS,,nome,ELETRICO,EV,E,bev,8,GM,BLAZER,automoveis
2025,5,CHEVROLET,EQUINOX ACTIV,,nome,COMBUSTAO,,G,gasolina,9,GM,EQUINOX,automoveis
2025,5,CHEVROLET,EQUINOX RS,,nome,COMBUSTAO,,G,gasolina,9,GM,EQUINOX,automoveis
2025,5,FORD,TERRITORY TITANIUM,,nome,COMBUSTAO,,G,gasolina,9,FORD,TERRITORY,automoveis
2025,5,FORD,MUSTANG MACH-E GT,,nome,ELETRICO,,E,bev,8,FORD,MUSTANG,automoveis
2025,5,GAC,AION ES PLUS,,nome,ELETRICO,,E,bev,8,GAC,AION ES,automoveis
2025,5,GEELY,EX5 MAX,,nome,ELETRICO,,E,bev,8,GEELY,EX5,automoveis
2025,5,GEELY,EX5 PRO,,nome,ELETRICO,,E,bev,8,GEELY,EX5,automoveis
2025,5,HONDA,ACCORD HYBRID TOURING,,nome,HIBRIDO,HYBRID,G,hev,4,HONDA,ACCORD,automoveis
2025,5,HYUNDAI,IONIQ 5 PLATINUM,,nome,ELETRICO,,E,bev,8,HYUNDAI,IONIQ,automoveis
2025,5,HYUNDAI,IONIQ 5 ULTIMATE,,nome,ELETRICO,,E,bev,8,HYUNDAI,IONIQ,automoveis
2025,5,HYUNDAI,IONIQ 5 SIGNATURE,,nome,ELETRICO,,E,bev,8,HYUNDAI,IONIQ,automoveis
2025,5,JAC,E-J7 E-J7,,nome,ELETRICO,,E,bev,8,JAC,E-J7,automoveis
2025,5,LEAPMOTOR,C10 REEV,1.5L - 16V,nome,PLUG-IN,REEV,G,reev,2,LEAPMOTOR,C10,automoveis
2025,5,LEAPMOTOR,C10 DESIGN,/ ELETRICO,nome,ELETRICO,,E,bev,8,LEAPMOTOR,C10,automoveis
2025,5,LEXUS,RX 450H PLUG-IN RX450H PLUG-IN,,nome,PLUG-IN,PLUG-IN,G,phev,6,LEXUS,RX,automoveis
2025,5,MERCEDES-BENZ,C 200 AMG LINE,,nome,HIBRIDO,,G,hev,4,M.BENZ,CLASSE C,automoveis
2025,5,MERCEDES-BENZ,C 300 AMG LINE,,nome,HIBRIDO,,G,hev,4,M.BENZ,CLASSE C,automoveis
2025,5,MERCEDES-BENZ,C 300 AMG LINE,,nome,HIBRIDO,,G,hev,4,M.BENZ,CLASSE C,automoveis
2025,5,MERCEDES-BENZ,AMG C 63S EP F1,,nome,PLUG-IN,,G,phev,6,M.BENZ,AMG C63S,automoveis
2025,5,MERCEDES-BENZ,AMG C 63S EP,,nome,HIBRIDO,,G,hev,4,M.BENZ,AMG C63S,automoveis
2025,5,MERCEDES-BENZ,CLA 200 AMG LINE,,nome,HIBRIDO,,G,hev,4,M.BENZ,CLA200,automoveis
2025,5,MERCEDES-BENZ,CLA 200 PROGRESSIVE,,nome,HIBRIDO,,G,hev,4,M.BENZ,CLA200,automoveis
2025,5,MERCEDES-BENZ,AMG CLA35 4M,,nome,HIBRIDO,,G,hev,4,M.BENZ,CLA35,automoveis
2025,5,MERCEDES-BENZ,E300 EXCLUSIVE,,nome,HIBRIDO,,G,hev,4,M.BENZ,CLASSE E,automoveis
2025,5,MERCEDES-BENZ,E300 EXCLUSIVE,,nome,COMBUSTAO,,G,gasolina,9,M.BENZ,CLASSE E,automoveis
2025,6,MERCEDES-BENZ,AMG S63 EP,,nome,HIBRIDO,,G,hev,4,M.BENZ,S63,automoveis
2025,6,MITSUBISHI,OUTLANDER HPE-S E,,nome,PLUG-IN,,G,phev,6,MITSUBISHI,OUTLANDER,automoveis
2025,6,MITSUBISHI,OUTLANDER SIGNATURE E,,nome,PLUG-IN,,G,phev,6,MITSUBISHI,OUTLANDER,automoveis
2025,6,PORSCHE,MACAN GTS,,nome,COMBUSTAO,,G,gasolina,9,PORSCHE,MACAN,automoveis
2025,6,PORSCHE,MACAN S,,nome,COMBUSTAO,,G,gasolina,9,PORSCHE,MACAN,automoveis
2025,6,PORSCHE,MACAN E4,,nome,ELETRICO,,E,bev,8,PORSCHE,MACAN,automoveis
2025,6,PORSCHE,MACAN ETURBO,,nome,ELETRICO,,E,bev,8,PORSCHE,MACAN,automoveis
2025,6,PORSCHE,MACAN E2,,nome,ELETRICO,,E,bev,8,PORSCHE,MACAN,automoveis
2025,6,PORSCHE,MACAN E4S,,nome,ELETRICO,,E,bev,8,PORSCHE,MACAN,automoveis
2025,6,PORSCHE,MACAN --,,nome,COMBUSTAO,,G,gasolina,9,PORSCHE,MACAN,automoveis
2025,6,PORSCHE,MACAN T,,nome,COMBUSTAO,,G,gasolina,9,PORSCHE,MACAN,automoveis
2025,6,TOYOTA,RAV4 SX CONNECT,,nome,HIBRIDO,,G,hev,4,TOYOTA,RAV4,automoveis
2025,6,TOYOTA,RAV4 S CONNECT,,nome,HIBRIDO,,G,hev,4,TOYOTA,RAV4,automoveis
2025,6,VOLKSWAGEN,ID.BUZZ PRO,,nome,ELETRICO,,E,bev,8,VW,ID.BUZZ,automoveis
2025,6,VOLKSWAGEN,TIGUAN ALLSPACE RL,,nome,COMBUSTAO,,G,gasolina,9,VW,TIGUAN,automoveis
2025,6,ZEEKR,001 FLAGSHIP,,nome,ELETRICO,,E,bev,8,ZEEKR,001,automoveis
2025,6,ZEEKR,001 PREMIUM,,nome,ELETRICO,,E,bev,8,ZEEKR,001,automoveis
2025,6,CAOA CHERY,TIGGO 5X PRO HA,,nome,HIBRIDO,,F,hev,4,CAOA CHERY,TIGGO 5X,automoveis
2025,6,CAOA CHERY,TIGGO 5X PRO HA,,nome,HIBRIDO,,F,hev,4,CHERY,TIGGO 5X,automoveis
2025,6,CAOA CHERY,TIGGO 5X PRO,,nome,COMBUSTAO,,F,flex,10,CAOA CHERY,TIGGO 5X,automoveis
2025,6,CAOA CHERY,TIGGO 5X PRO,,nome,COMBUSTAO,,F,flex,10,CHERY,TIGGO 5X,automoveis
2025,6,CAOA CHERY,TIGGO 5X SPORT,,nome,COMBUSTAO,,F,flex,10,CAOA CHERY,TIGGO 5X,automoveis
2025,6,CAOA CHERY,TIGGO 5X SPORT,,nome,COMBUSTAO,,F,flex,10,CHERY,TIGGO 5X,automoveis
2025,6,CHEVROLET,TRACKER LT,,nome,COMBUSTAO,,F,flex,10,GM,TRACKER,automoveis
2025,6,CHEVROLET,TRACKER MID,,nome,COMBUSTAO,,F,flex,10,GM,TRACKER,automoveis
2025,6,CHEVROLET,TRACKER AT,,nome,COMBUSTAO,,F,flex,10,GM,TRACKER,automoveis
2025,6,CHEVROLET,TRACKER LTZ,,nome,COMBUSTAO,,F,flex,10,GM,TRACKER,automoveis
2025,6,CHEVROLET,TRACKER RS,,nome,COMBUSTAO,,F,flex,10,GM,TRACKER,automoveis
2025,6,CHEVROLET,TRACKER PREMIER,,nome,COMBUSTAO,,F,flex,10,GM,TRACKER,automoveis
2025,6,CHEVROLET,TRACKER (MY26) LT,,nome,COMBUSTAO,,F,flex,10,GM,TRACKER,automoveis
2025,6,CHEVROLET,TRACKER (MY26) LTZ,,nome,COMBUSTAO,,F,flex,10,GM,TRACKER,automoveis
2025,6,CHEVROLET,TRACKER (MY26) AT,,nome,COMBUSTAO,,F,flex,10,GM,TRACKER,automoveis
2025,6,CHEVROLET,TRACKER (MY26) LT,,nome,COMBUSTAO,,F,flex,10,GM,TRACKER,automoveis
2025,6,CHEVROLET,TRACKER (MY26) LTZ,,nome,COMBUSTAO,,F,flex,10,GM,TRACKER,automoveis
2025,6,CHEVROLET,TRACKER (MY26) RS,,nome,COMBUSTAO,,F,flex,10,GM,TRACKER,automoveis
2025,6,CHEVROLET,TRACKER (MY26) PREMIER,,nome,COMBUSTAO,,F,flex,10,GM,TRACKER,automoveis
2025,6,CHEVROLET,TRACKER (MY26) 100 ANOS,,nome,COMBUSTAO,,F,flex,10,GM,TRACKER,automoveis
2025,6,CHEVROLET,TRACKER (MY26) PREMIER,,nome,COMBUSTAO,,F,flex,10,GM,TRACKER,automoveis
2025,6,CITROEN,BASALT,,nome,COMBUSTAO,,F,flex,10,CITROEN,BASALT,automoveis
2025,6,CITROEN,BASALT FEEL,,nome,COMBUSTAO,,F,flex,10,CITROEN,BASALT,automoveis
2025,6,CITROEN,BASALT SHINE,,nome,COMBUSTAO,,F,flex,10,CITROEN,BASALT,automoveis
2025,6,CITROEN,BASALT FEEL,,nome,COMBUSTAO,,F,flex,10,CITROEN,BASALT,automoveis
2025,6,CITROEN,C3 FEEL,,nome,COMBUSTAO,,F,flex,10,CITROEN,C3,automoveis
2025,6,CITROEN,C3 LIVE,,nome,COMBUSTAO,,F,flex,10,CITROEN,C3,automoveis
2025,6,CITROEN,C3 LIVE PK,,nome,COMBUSTAO,,F,flex,10,CITROEN,C3,automoveis
2025,6,CITROEN,C3 YOU,,nome,COMBUSTAO,,F,flex,10,CITROEN,C3,automoveis
2025,6,CITROEN,C3 AIRCROSS FL,,nome,COMBUSTAO,,F,flex,10,CITROEN,C3 AIRCROSS,automoveis
2025,6,CITROEN,C3 AIRCROSS FL 7,,nome,COMBUSTAO,,F,flex,10,CITROEN,C3 AIRCROSS,automoveis
2025,6,CITROEN,C3 AIRCROSS FL PK,,nome,COMBUSTAO,,F,flex,10,CITROEN,C3 AIRCROSS,automoveis
2025,6,CITROEN,C3 AIRCROSS FLPK7,,nome,COMBUSTAO,,F,flex,10,CITROEN,C3 AIRCROSS,automoveis
2025,6,CITROEN,C3 AIRCROSS SH,,nome,COMBUSTAO,,F,flex,10,CITROEN,C3 AIRCROSS,automoveis
2025,6,CITROEN,C3 AIRCROSS SH 7,,nome,COMBUSTAO,,F,flex,10,CITROEN,C3 AIRCROSS,automoveis
2025,6,FIAT,ARGO TREKKING,,nome,COMBUSTAO,,F,flex,10,FIAT,ARGO,automoveis
2025,6,FIAT,FASTBACK AUDACE HYB,,nome,HIBRIDO,,F,hev,4,FIAT,FASTBACK,automoveis
2025,6,FIAT,FASTBACK IMPETUS HY,,nome,HIBRIDO,,F,hev,4,FIAT,FASTBACK,automoveis
2025,6,FIAT,FASTBACK ABARTH 270,,nome,COMBUSTAO,,F,flex,10,FIAT,FASTBACK,automoveis
2025,6,FIAT,FASTBACK LIMITED ED,,nome,COMBUSTAO,,F,flex,10,FIAT,FASTBACK,automoveis
2025,6,FIAT,FASTBACK TURBO 200,,nome,COMBUSTAO,,F,flex,10,FIAT,FASTBACK,automoveis
2025,6,FIAT,PULSE AUDACE HYB,,nome,HIBRIDO,,F,hev,4,FIAT,PULSE,automoveis
2025,6,FIAT,PULSE IMPETUS HYB,,nome,HIBRIDO,,F,hev,4,FIAT,PULSE,automoveis
2025,6,FIAT,PULSE DRIVE AT,,nome,COMBUSTAO,,F,flex,10,FIAT,PULSE,automoveis
2025,6,FIAT,PULSE DRIVE TF 200,,nome,COMBUSTAO,,F,flex,10,FIAT,PULSE,automoveis
2025,6,FIAT,PULSE ABARTH 270,,nome,COMBUSTAO,,F,flex,10,FIAT,PULSE,automoveis
2025,6,HONDA,WR-V EX,,nome,COMBUSTAO,,F,flex,10,HONDA,WR-V,automoveis
2025,6,HONDA,WR-V EXL,,nome,COMBUSTAO,,F,flex,10,HONDA,WR-V,automoveis
2025,7,HYUNDAI,CRETA COMFORT,,nome,COMBUSTAO,,F,flex,10,HYUNDAI,CRETA,automoveis
2025,7,HYUNDAI,CRETA LIMITED,,nome,COMBUSTAO,,F,flex,10,HYUNDAI,CRETA,automoveis
2025,7,HYUNDAI,CRETA PLATINUM,,nome,COMBUSTAO,,F,flex,10,HYUNDAI,CRETA,automoveis
2025,7,HYUNDAI,CRETA N LINE,,nome,COMBUSTAO,,F,flex,10,HYUNDAI,CRETA,automoveis
2025,7,HYUNDAI,CRETA ULTIMATE,,nome,COMBUSTAO,,G,gasolina,9,HYUNDAI,CRETA,automoveis
2025,7,JEEP,RENEGADE SPT,,nome,COMBUSTAO,,F,flex,10,JEEP,RENEGADE,automoveis
2025,7,JEEP,RENEGADE LGTD,,nome,COMBUSTAO,,F,flex,10,JEEP,RENEGADE,automoveis
2025,7,JEEP,RENEGADE,,nome,COMBUSTAO,,F,flex,10,JEEP,RENEGADE,automoveis
2025,7,JEEP,RENEGADE,,nome,COMBUSTAO,,F,flex,10,JEEP,RENEGADE,automoveis
2025,7,JEEP,RENEGADE SAHARA,,nome,COMBUSTAO,,F,flex,10,JEEP,RENEGADE,automoveis
2025,7,NISSAN,KICKS PLAY SENSE,,nome,COMBUSTAO,,F,flex,10,NISSAN,KICKS,automoveis
2025,7,NISSAN,KICKS PLAY ADV,,nome,COMBUSTAO,,F,flex,10,NISSAN,KICKS,automoveis
2025,7,NISSAN,KICKS PLAY ACTIVE,,nome,COMBUSTAO,,F,flex,10,NISSAN,KICKS,automoveis
2025,7,NISSAN,KICKS SENSE AT,,nome,COMBUSTAO,,F,flex,10,NISSAN,KICKS,automoveis
2025,7,NISSAN,KICKS ADVANCE AT,,nome,COMBUSTAO,,F,flex,10,NISSAN,KICKS,automoveis
2025,7,NISSAN,KICKS EXCLUSIV AT,,nome,COMBUSTAO,,F,flex,10,NISSAN,KICKS,automoveis
2025,7,NISSAN,KICKS PLATINUM AT,,nome,COMBUSTAO,,F,flex,10,NISSAN,KICKS,automoveis
2025,7,PEUGEOT,2008 GT,,nome,COMBUSTAO,,F,flex,10,PEUGEOT,2008,automoveis
2025,7,PEUGEOT,2008 ACT,,nome,COMBUSTAO,,F,flex,10,PEUGEOT,2008,automoveis
2025,7,PEUGEOT,2008 ALLU,,nome,COMBUSTAO,,F,flex,10,PEUGEOT,2008,automoveis
2025,7,RENAULT,KWID ZEN,,nome,COMBUSTAO,,F,flex,10,RENAULT,KWID,automoveis
2025,7,RENAULT,KWID ZEN,,nome,COMBUSTAO,,F,flex,10,RENAULT,KWID,comerciais_leves
2025,7,RENAULT,KWID INTENSE,,nome,COMBUSTAO,,F,flex,10,RENAULT,KWID,automoveis
2025,7,RENAULT,KWID INTENSE,,nome,COMBUSTAO,,F,flex,10,RENAULT,KWID,comerciais_leves
2025,7,RENAULT,KWID OUTSIDER,,nome,COMBUSTAO,,F,flex,10,RENAULT,KWID,automoveis
2025,7,RENAULT,KWID OUTSIDER,,nome,COMBUSTAO,,F,flex,10,RENAULT,KWID,comerciais_leves
2025,7,RENAULT,KWID INTENSE BITON,,nome,COMBUSTAO,,F,flex,10,RENAULT,KWID,automoveis
2025,7,RENAULT,KWID INTENSE BITON,,nome,COMBUSTAO,,F,flex,10,RENAULT,KWID,comerciais_leves
2025,7,RENAULT,KWID ICONIC 2,,nome,COMBUSTAO,,F,flex,10,RENAULT,KWID,automoveis
2025,7,RENAULT,KWID ICONIC 2,,nome,COMBUSTAO,,F,flex,10,RENAULT,KWID,comerciais_leves
2025,7,RENAULT,KWID ZEN 2,,nome,COMBUSTAO,,F,flex,10,RENAULT,KWID,automoveis
2025,7,RENAULT,KWID ZEN 2,,nome,COMBUSTAO,,F,flex,10,RENAULT,KWID,comerciais_leves
2025,7,RENAULT,KWID INTENSE 2,,nome,COMBUSTAO,,F,flex,10,RENAULT,KWID,automoveis
2025,7,RENAULT,KWID INTENSE 2,,nome,COMBUSTAO,,F,flex,10,RENAULT,KWID,comerciais_leves
2025,7,RENAULT,KWID OUTSIDER 2,,nome,COMBUSTAO,,F,flex,10,RENAULT,KWID,automoveis
2025,7,RENAULT,KWID OUTSIDER 2,,nome,COMBUSTAO,,F,flex,10,RENAULT,KWID,comerciais_leves
2025,7,RENAULT,KWID INTENSE BITON 2,,nome,COMBUSTAO,,F,flex,10,RENAULT,KWID,automoveis
2025,7,RENAULT,KWID INTENSE BITON 2,,nome,COMBUSTAO,,F,flex,10,RENAULT,KWID,comerciais_leves
2025,7,RENAULT,KWID ICONIC 2,,nome,COMBUSTAO,,F,flex,10,RENAULT,KWID,automoveis
2025,7,RENAULT,KWID ICONIC 2,,nome,COMBUSTAO,,F,flex,10,RENAULT,KWID,comerciais_leves
2025,7,RENAULT,KWID LIFE 2,,nome,COMBUSTAO,,F,flex,10,RENAULT,KWID,automoveis
2025,7,RENAULT,KWID LIFE 2,,nome,COMBUSTAO,,F,flex,10,RENAULT,KWID,comerciais_leves
2025,7,RENAULT,KARDIAN PREM AT,,nome,COMBUSTAO,,F,flex,10,RENAULT,KARDIAN,automoveis
2025,7,RENAULT,KARDIAN TECH AT,,nome,COMBUSTAO,,F,flex,10,RENAULT,KARDIAN,automoveis
2025,7,RENAULT,KARDIAN EVO AT,,nome,COMBUSTAO,,F,flex,10,RENAULT,KARDIAN,automoveis
2025,7,RENAULT,KARDIAN EVO MT,,nome,COMBUSTAO,,F,flex,10,RENAULT,KARDIAN,automoveis
2025,7,VOLKSWAGEN,T CROSS,HIGHLINE 250TSI,nome,COMBUSTAO,,F,flex,10,VW,T CROSS,automoveis
2025,7,VOLKSWAGEN,T CROSS,COMFORTLINE 200TSI,nome,COMBUSTAO,,F,flex,10,VW,T CROSS,automoveis
2025,7,VOLKSWAGEN,T CROSS 200TSI AUTOMATICO,AUTOMATICO,nome,COMBUSTAO,,F,flex,10,VW,T CROSS,automoveis
2025,7,VOLKSWAGEN,T CROSS,SENSE 200TSI,nome,COMBUSTAO,,F,flex,10,VW,T CROSS,automoveis
2025,7,VOLKSWAGEN,NIVUS,HIGHLINE 200TSI,nome,COMBUSTAO,,F,flex,10,VW,NIVUS,automoveis
2025,7,VOLKSWAGEN,NIVUS,COMFORTLINE 200TSI,nome,COMBUSTAO,,F,flex,10,VW,NIVUS,automoveis
2025,7,VOLKSWAGEN,TERA COMFORT TSI,AUTOMATICO,nome,COMBUSTAO,,F,flex,10,VW,TERA,automoveis
2025,7,VOLKSWAGEN,TERA HIGH TSI,,nome,COMBUSTAO,,F,flex,10,VW,TERA,automoveis
2025,7,VOLKSWAGEN,TERA TSI,,nome,COMBUSTAO,,F,flex,10,VW,TERA,automoveis
2025,7,VOLVO,EX30 C COUNTRY,,nome,ELETRICO,,E,bev,8,VOLVO,EX30,automoveis
2025,7,BMW,X1 S20I GP,,nome,COMBUSTAO,,G,gasolina,9,BMW,X1,automoveis
2025,7,BMW,X1 S20I X LINE,,nome,COMBUSTAO,,G,gasolina,9,BMW,X1,automoveis
2025,7,BMW,X1 S20I M SPORT,,nome,COMBUSTAO,,G,gasolina,9,BMW,X1,automoveis
2025,7,BMW,X1 S20I X LINE,,nome,COMBUSTAO,,G,gasolina,9,BMW,X1,automoveis
2025,7,BMW,X1 S20I X LINE,,nome,COMBUSTAO,,G,gasolina,9,BMW,X1,automoveis
2025,7,BMW,X1 S20I M SPORT,,nome,COMBUSTAO,,G,gasolina,9,BMW,X1,automoveis
2025,7,BMW,X1 S20I M SPORT,,nome,COMBUSTAO,,G,gasolina,9,BMW,X1,automoveis
2025,7,BMW,X1 S20I GP,,nome,COMBUSTAO,,G,gasolina,9,BMW,X1,automoveis
2025,7,BMW,X1 S20I GP,,nome,COMBUSTAO,,G,gasolina,9,BMW,X1,automoveis
2025,7,BMW,X2 XDRIVE20I MSP,,nome,COMBUSTAO,,G,gasolina,9,BMW,X2,automoveis
2025,7,BMW,X2 XDRIVE20I MSP,,nome,COMBUSTAO,,G,gasolina,9,BMW,X2,automoveis
2025,7,BYD,YUAN PLUS GL310 EV,,nome,ELETRICO,EV,E,bev,8,BYD,YUAN PLUS,automoveis
2025,7,BYD,YUAN PLUS GS310 EV,,nome,ELETRICO,EV,E,bev,8,BYD,YUAN PLUS,automoveis
2025,7,CAOA CHERY,TIGGO 7 PRO HA,,nome,HIBRIDO,,F,hev,4,CAOA CHERY,TIGGO 7,automoveis
2025,7,CAOA CHERY,TIGGO 7 PRO HA,,nome,HIBRIDO,,F,hev,4,CHERY,TIGGO 7,automoveis
2025,7,CAOA CHERY,TIGGO 7 SPORT,,nome,COMBUSTAO,,F,flex,10,CAOA CHERY,TIGGO 7,automoveis
2025,7,CAOA CHERY,TIGGO 7 SPORT,,nome,COMBUSTAO,,F,flex,10,CHERY,TIGGO 7,automoveis
2025,7,CAOA CHERY,TIGGO 8 16TA,,nome,COMBUSTAO,,G,gasolina,9,CAOA CHERY,TIGGO 8,automoveis
2025,7,CAOA CHERY,TIGGO 8 16TA,,nome,COMBUSTAO,,G,gasolina,9,CHERY,TIGGO,automoveis
2025,7,CAOA CHERY,TIGGO 7 PRO 16TA,,nome,COMBUSTAO,,G,gasolina,9,CAOA CHERY,TIGGO 7,automoveis
2025,7,CAOA CHERY,TIGGO 7 PRO 16TA,,nome,COMBUSTAO,,G,gasolina,9,CHERY,TIGGO 7,automoveis
2025,7,CAOA CHERY,TIGGO 8 PHEV,,nome,PLUG-IN,PHEV,G,phev,3,CAOA CHERY,TIGGO 8,automoveis
2025,7,CAOA CHERY,TIGGO 8 PHEV,,nome,PLUG-IN,PHEV,G,phev,3,CHERY,TIGGO,automoveis
2025,7,GAC,GS4 ELITE,,nome,HIBRIDO,,G,hev,4,GAC,GS4,automoveis
2025,7,GAC,GS4 PREMIUM,,nome,HIBRIDO,,G,hev,4,GAC,GS4,automoveis
2025,7,GWM,HAVAL H6 HEV,,nome,HIBRIDO,HEV,G,hev,4,GWM,HAVAL H6,automoveis
2025,7,GWM,HAVAL H6 PHEV,,nome,PLUG-IN,PHEV,G,phev,3,GWM,HAVAL H6,automoveis
2025,7,GWM,HAVAL H6 PHEV 19,,nome,PLUG-IN,PHEV,G,phev,3,GWM,HAVAL H6,automoveis
2025,7,GWM,HAVAL H6 GT,,nome,PLUG-IN,,G,phev,6,GWM,HAVAL H6,automoveis
2025,8,GWM,HAVAL H6 HEV ONE (MY26),(E-H),nome,HIBRIDO,HEV,G,hev,4,GWM,HAVAL H6,automoveis
2025,8,GWM,HAVAL H6 HEV2 (MY26),,nome,HIBRIDO,,G,hev,4,GWM,HAVAL H6,automoveis
2025,8,GWM,HAVAL H6 PHEV19 (MY26),,nome,PLUG-IN,PHEV,G,phev,3,GWM,HAVAL H6,automoveis
2025,8,GWM,HAVAL H6 PHEV35 (MY26),,nome,PLUG-IN,PHEV,G,phev,3,GWM,HAVAL H6,automoveis
2025,8,GWM,HAVAL H6 GT (MY26),,nome,PLUG-IN,,G,phev,6,GWM,HAVAL H6,automoveis
2025,8,HONDA,CR-V TOURING,,nome,HIBRIDO,,G,hev,4,HONDA,CRV,automoveis
2025,8,JEEP,COMMANDER OVR,,nome,COMBUSTAO,,F,flex,10,JEEP,COMMANDER,automoveis
2025,8,JEEP,COMMANDER LIM,,nome,COMBUSTAO,,F,flex,10,JEEP,COMMANDER,automoveis
2025,8,JEEP,COMMANDER LONGITUDE,,nome,COMBUSTAO,,F,flex,10,JEEP,COMMANDER,automoveis
2025,8,JEEP,COMMANDER FLEX,,nome,COMBUSTAO,,F,flex,10,JEEP,COMMANDER,automoveis
2025,8,JEEP,COMMANDER OVE 7 270 (MY26),,nome,COMBUSTAO,,F,flex,10,JEEP,COMMANDER,automoveis
2025,8,JEEP,COMMANDER LIM 7 270 (MY26),,nome,COMBUSTAO,,F,flex,10,JEEP,COMMANDER,automoveis
2025,8,JEEP,COMMANDER LON 7 270 (MY26),,nome,COMBUSTAO,,F,flex,10,JEEP,COMMANDER,automoveis
2025,8,JEEP,COMMANDER LON 5 270 (MY26),,nome,COMBUSTAO,,F,flex,10,JEEP,COMMANDER,automoveis
2025,8,JEEP,COMPASS LIMITED T,,nome,COMBUSTAO,,F,flex,10,JEEP,COMPASS,automoveis
2025,8,JEEP,COMPASS LONG T,,nome,COMBUSTAO,,F,flex,10,JEEP,COMPASS,automoveis
2025,8,JEEP,COMPASS SERIE S T,,nome,COMBUSTAO,,F,flex,10,JEEP,COMPASS,automoveis
2025,8,JEEP,COMPASS SPORT T,,nome,COMBUSTAO,,F,flex,10,JEEP,COMPASS,automoveis
2025,8,KIA,SPORTAGE TMHEV EX,,nome,HIBRIDO,MHEV,G,mhev,1,KIA,SPORTAGE,automoveis
2025,8,KIA,SPORTAGE TMHEV LX,,nome,HIBRIDO,MHEV,G,mhev,1,KIA,SPORTAGE,automoveis
2025,8,KIA,SPORTAGE TMHEV SX,,nome,HIBRIDO,MHEV,G,mhev,1,KIA,SPORTAGE,automoveis
2025,8,KIA,SPORTAGE TMHEV GT,,nome,HIBRIDO,MHEV,G,mhev,1,KIA,SPORTAGE,automoveis
2025,8,KIA,SPORTAGE TMHEV EXP,,nome,HIBRIDO,MHEV,G,mhev,1,KIA,SPORTAGE,automoveis
2025,8,KIA,SPORTAGE (2026) TMHEV EX,,nome,HIBRIDO,MHEV,G,mhev,1,KIA,SPORTAGE,automoveis
2025,8,KIA,SPORTAGE 2026) TMHEV SX,,nome,HIBRIDO,MHEV,G,mhev,1,KIA,SPORTAGE,automoveis
2025,8,KIA,SPORTAGE (2026) TMHEV GT,,nome,HIBRIDO,MHEV,G,mhev,1,KIA,SPORTAGE,automoveis
2025,8,KIA,SPORTAGE (2026) TMHEV EXP,,nome,HIBRIDO,MHEV,G,mhev,1,KIA,SPORTAGE,automoveis
2025,8,MITSUBISHI,ECLIPSE CROSS HPE BLACK,,nome,COMBUSTAO,,G,gasolina,9,MITSUBISHI,ECLIPSE CROSS,automoveis
2025,8,MITSUBISHI,ECLIPSE CROSS RUSH,,nome,COMBUSTAO,,G,gasolina,9,MITSUBISHI,ECLIPSE CROSS,automoveis
2025,8,MITSUBISHI,ECLIPSE CROSS HPE,,nome,COMBUSTAO,,G,gasolina,9,MITSUBISHI,ECLIPSE CROSS,automoveis
2025,8,MITSUBISHI,ECLIPSE CROSS HPE-S,,nome,COMBUSTAO,,G,gasolina,9,MITSUBISHI,ECLIPSE CROSS,automoveis
2025,8,RENAULT,DUSTER ICO,,nome,COMBUSTAO,,F,flex,10,RENAULT,DUSTER,automoveis
2025,8,RENAULT,DUSTER ICOP,,nome,COMBUSTAO,,F,flex,10,RENAULT,DUSTER,automoveis
2025,8,RENAULT,DUSTER INT,,nome,COMBUSTAO,,F,flex,10,RENAULT,DUSTER,automoveis
2025,8,RENAULT,DUSTER INTP,,nome,COMBUSTAO,,F,flex,10,RENAULT,DUSTER,automoveis
2025,8,RENAULT,DUSTER LIF,,nome,COMBUSTAO,,F,flex,10,RENAULT,DUSTER,automoveis
2025,8,RENAULT,DUSTER ZEN,,nome,COMBUSTAO,,F,flex,10,RENAULT,DUSTER,automoveis
2025,8,RENAULT,DUSTER DUSTER INT 16,,nome,COMBUSTAO,,F,flex,10,RENAULT,DUSTER,automoveis
2025,8,RENAULT,DUSTER DUSTER INTP MT,,nome,COMBUSTAO,,F,flex,10,RENAULT,DUSTER,automoveis
2025,8,RENAULT,DUSTER DUSTER ZEN 16,,nome,COMBUSTAO,,F,flex,10,RENAULT,DUSTER,automoveis
2025,8,RENAULT,DUSTER ICO TCE,,nome,COMBUSTAO,,F,flex,10,RENAULT,DUSTER,automoveis
2025,8,RENAULT,DUSTER ICOUT TCE,,nome,COMBUSTAO,,F,flex,10,RENAULT,DUSTER,automoveis
2025,8,RENAULT,DUSTER ZEN 13TCE,,nome,COMBUSTAO,,F,flex,10,RENAULT,DUSTER,automoveis
2025,8,RENAULT,BOREAL EVO,,nome,COMBUSTAO,,F,flex,10,RENAULT,BOREAL,automoveis
2025,8,RENAULT,BOREAL TECH,,nome,COMBUSTAO,,F,flex,10,RENAULT,BOREAL,automoveis
2025,8,RENAULT,BOREAL ICO,,nome,COMBUSTAO,,F,flex,10,RENAULT,BOREAL,automoveis
2025,8,VOLKSWAGEN,TAOS,COMFORTLINE 250TSI,nome,COMBUSTAO,,F,flex,10,VW,TAOS,automoveis
2025,8,VOLKSWAGEN,TAOS,HIGHLINE 250TSI,nome,COMBUSTAO,,F,flex,10,VW,TAOS,automoveis
2025,8,BMW,X3 M50I,,nome,HIBRIDO,,G,hev,4,BMW,X3,automoveis
2025,8,BMW,X3 30 XDRIVE,,nome,HIBRIDO,,G,hev,4,BMW,X3,automoveis
2025,8,BMW,X4 XDRIVE20I,,nome,COMBUSTAO,,G,gasolina,9,BMW,X4,automoveis
2025,8,BMW,X5 XDRIVE50E MSP,,nome,PLUG-IN,,G,phev,6,BMW,X5,automoveis
2025,8,BMW,X5 XDRIVE50E XLINE,,nome,PLUG-IN,,G,phev,6,BMW,X5,automoveis
2025,8,BMW,X6 XDRIVE40I MSP,,nome,HIBRIDO,,G,hev,4,BMW,X6,automoveis
2025,8,BMW,X6 40I MSP DARK ED,,nome,HIBRIDO,,G,hev,4,BMW,X6,automoveis
2025,8,MERCEDES-BENZ,GLC300 4M,,nome,HIBRIDO,,G,hev,4,M.BENZ,GLC,automoveis
2025,8,MERCEDES-BENZ,GLC300 4M COUPE,,nome,HIBRIDO,,G,hev,4,M.BENZ,GLC,automoveis
2025,8,MITSUBISHI,ECLIPSE CROSS HPE-S S-AWC,,nome,COMBUSTAO,,G,gasolina,9,MITSUBISHI,ECLIPSE CROSS,automoveis
2025,8,MITSUBISHI,ECLIPSE CROSS HPE-S BLACK S-AWC,,nome,COMBUSTAO,,G,gasolina,9,MITSUBISHI,ECLIPSE CROSS,automoveis
2025,8,PORSCHE,CAYENNE S,,nome,COMBUSTAO,,G,gasolina,9,PORSCHE,CAYENNE,automoveis
2025,8,PORSCHE,CAYENNE S CP,,nome,COMBUSTAO,,G,gasolina,9,PORSCHE,CAYENNE,automoveis
2025,8,PORSCHE,CAYENNE GTP,,nome,COMBUSTAO,,G,gasolina,9,PORSCHE,CAYENNE,automoveis
2025,8,PORSCHE,CAYENNE GTS CP,,nome,COMBUSTAO,,G,gasolina,9,PORSCHE,CAYENNE,automoveis
2025,8,PORSCHE,CAYENNE GT COUPE,,nome,COMBUSTAO,,G,gasolina,9,PORSCHE,CAYENNE,automoveis
2025,8,PORSCHE,CAYENNE S PHEV,,nome,PLUG-IN,PHEV,G,phev,3,PORSCHE,CAYENNE,automoveis
2025,8,PORSCHE,CAYENNE SCPHEV,,nome,PLUG-IN,,G,phev,6,PORSCHE,CAYENNE,automoveis
2025,8,PORSCHE,CAYENNE PHEV,,nome,PLUG-IN,PHEV,G,phev,3,PORSCHE,CAYENNE,automoveis
2025,8,PORSCHE,CAYENNE CP PHE,,nome,PLUG-IN,,G,phev,6,PORSCHE,CAYENNE,automoveis
2025,8,PORSCHE,CAYENNE COUPE,,nome,COMBUSTAO,,G,gasolina,9,PORSCHE,CAYENNE,automoveis
2025,8,PORSCHE,CAYENNE V6,,nome,COMBUSTAO,,G,gasolina,9,PORSCHE,CAYENNE,automoveis
2025,8,PORSCHE,CAYENNE T/TC PHEV,,nome,PLUG-IN,PHEV,G,phev,3,PORSCHE,CAYENNE,automoveis
2025,9,VOLVO,XC60 INSC EXPRESS,,nome,PLUG-IN,,G,phev,6,VOLVO,XC60,automoveis
2025,9,VOLVO,XC60 T8 CORE,,nome,PLUG-IN,,G,phev,6,VOLVO,XC60,automoveis
2025,9,VOLVO,XC60 T8 INSCRIPT,,nome,PLUG-IN,,G,phev,6,VOLVO,XC60,automoveis
2025,9,VOLVO,XC60 T8 MOMENTUM,,nome,PLUG-IN,,G,phev,6,VOLVO,XC60,automoveis
2025,9,VOLVO,XC60 T8 PLUS,,nome,PLUG-IN,,G,phev,6,VOLVO,XC60,automoveis
2025,9,VOLVO,XC60 T8 POLESTAR,,nome,PLUG-IN,,G,phev,6,VOLVO,XC60,automoveis
2025,9,VOLVO,XC60 T8 R-DESIGN,,nome,PLUG-IN,,G,phev,6,VOLVO,XC60,automoveis
2025,9,VOLVO,XC60 T8 ULT DARK,,nome,PLUG-IN,,G,phev,6,VOLVO,XC60,automoveis
2025,9,VOLVO,XC60 T8 ULTIMATE,,nome,PLUG-IN,,G,phev,6,VOLVO,XC60,automoveis
2025,9,VOLVO,XC60 T8 ULTRA,,nome,PLUG-IN,,G,phev,6,VOLVO,XC60,automoveis
2025,9,VOLVO,XC90 INSC EXPRESS,,nome,PLUG-IN,,G,phev,6,VOLVO,XC90,automoveis
2025,9,VOLVO,XC90 T8 CORE,,nome,PLUG-IN,,G,phev,6,VOLVO,XC90,automoveis
2025,9,VOLVO,XC90 T8 EXCELLEN,,nome,PLUG-IN,,G,phev,6,VOLVO,XC90,automoveis
2025,9,VOLVO,XC90 T8 INSCRIPT,,nome,PLUG-IN,,G,phev,6,VOLVO,XC90,automoveis
2025,9,VOLVO,XC90 T8 MOMENTUM,,nome,PLUG-IN,,G,phev,6,VOLVO,XC90,automoveis
2025,9,VOLVO,XC90 T8 PLUS,,nome,PLUG-IN,,G,phev,6,VOLVO,XC90,automoveis
2025,9,VOLVO,XC90 T8 POLESTAR,,nome,PLUG-IN,,G,phev,6,VOLVO,XC90,automoveis
2025,9,VOLVO,XC90 T8 R-DESIGN,,nome,PLUG-IN,,G,phev,6,VOLVO,XC90,automoveis
2025,9,VOLVO,XC90 T8 ULT DARK,,nome,PLUG-IN,,G,phev,6,VOLVO,XC90,automoveis
2025,9,VOLVO,XC90 T8 ULTIMATE,,nome,PLUG-IN,,G,phev,6,VOLVO,XC90,automoveis
2025,9,VOLVO,XC90 T8 ULTRA,,nome,PLUG-IN,,G,phev,6,VOLVO,XC90,automoveis
2025,9,VOLVO,XC90 T8 AWD PLUS,,nome,PLUG-IN,,G,phev,6,VOLVO,XC90,automoveis
2025,9,VOLVO,XC90 T8 AWD ULT,,nome,PLUG-IN,,G,phev,6,VOLVO,XC90,automoveis
2025,9,VOLVO,XC90 T8 AWD ULTD,,nome,PLUG-IN,,G,phev,6,VOLVO,XC90,automoveis
2025,9,JEEP,RENEGADE S T2704X4T,,nome,COMBUSTAO,,F,flex,10,JEEP,RENEGADE,automoveis
2025,9,JEEP,RENEGADE TRAIL 4X4,,nome,COMBUSTAO,,F,flex,10,JEEP,RENEGADE,automoveis
2025,9,JEEP,RENEGADE WILLYS 4X4,,nome,COMBUSTAO,,F,flex,10,JEEP,RENEGADE,automoveis
2025,9,CHEVROLET,TRAILBLAZER LT,,nome,COMBUSTAO,,D,diesel,11,GM,TRAILBLAZER,automoveis
2025,9,CHEVROLET,TRAILBLAZER HIGH COUNTRY,,nome,COMBUSTAO,,D,diesel,11,GM,TRAILBLAZER,automoveis
2025,9,CHEVROLET,TRAILBLAZER (MY26.5) HIGH COUNTRY,,nome,COMBUSTAO,,D,diesel,11,GM,TRAILBLAZER,automoveis
2025,9,CHEVROLET,TRAILBLAZER (MY26.5) LT,,nome,COMBUSTAO,,D,diesel,11,GM,TRAILBLAZER,automoveis
2025,9,FORD,BRONCO SPORT BADLANDS,,nome,COMBUSTAO,,G,gasolina,9,FORD,BRONCO,automoveis
2025,9,GWM,TANK 300 PHEV,,nome,PLUG-IN,PHEV,G,phev,3,GWM,TANK 300,automoveis
2025,9,GWM,HAVAL H9 EXC,,nome,COMBUSTAO,,D,diesel,11,GWM,HAVAL H9,automoveis
2025,9,JEEP,COMMANDER BLACKHAWK,,nome,COMBUSTAO,,G,gasolina,9,JEEP,COMMANDER,automoveis
2025,9,JEEP,COMMANDER OVR T,,nome,COMBUSTAO,,G,gasolina,9,JEEP,COMMANDER,automoveis
2025,9,JEEP,COMMANDER OVR TD,,nome,COMBUSTAO,,D,diesel,11,JEEP,COMMANDER,automoveis
2025,9,JEEP,COMMANDER BLA,,nome,COMBUSTAO,,G,gasolina,9,JEEP,COMMANDER,automoveis
2025,9,JEEP,COMMANDER OVE,,nome,COMBUSTAO,,G,gasolina,9,JEEP,COMMANDER,automoveis
2025,9,JEEP,COMMANDER OVE,,nome,COMBUSTAO,,D,diesel,11,JEEP,COMMANDER,automoveis
2025,9,JEEP,COMPASS BLACKHAWK,,nome,COMBUSTAO,,G,gasolina,9,JEEP,COMPASS,automoveis
2025,9,JEEP,COMPASS OVERLA,,nome,COMBUSTAO,,G,gasolina,9,JEEP,COMPASS,automoveis
2025,9,JEEP,COMPASS LONGIT,,nome,COMBUSTAO,,G,gasolina,9,JEEP,COMPASS,automoveis
2025,9,JEEP,WRANGLER UNL RUBI,,nome,COMBUSTAO,,G,gasolina,9,JEEP,WRANGLER,automoveis
2025,9,LAND ROVER,EVOQUE P250FF AB,,nome,COMBUSTAO,,F,flex,10,LAND ROVER,EVOQUE,automoveis
2025,9,LAND ROVER,RANGE ROVER SPORT PHEV S,,nome,PLUG-IN,PHEV,G,phev,3,LAND ROVER,RANGE ROVER,automoveis
2025,9,LAND ROVER,RANGE ROVER SPORT PHEV SE,,nome,PLUG-IN,PHEV,G,phev,3,LAND ROVER,RANGE ROVER,automoveis
2025,9,LAND ROVER,RANGE ROVER SPORT PHEV SED,,nome,PLUG-IN,PHEV,G,phev,3,LAND ROVER,RANGE ROVER,automoveis
2025,9,LAND ROVER,RANGE ROVER SPORT PHEV HSED,,nome,PLUG-IN,PHEV,G,phev,3,LAND ROVER,RANGE ROVER,automoveis
2025,9,LAND ROVER,RANGE ROVER SPORT PHEV AB,,nome,PLUG-IN,PHEV,G,phev,3,LAND ROVER,RANGE ROVER,automoveis
2025,9,LAND ROVER,RANGE ROVER PHEV SV,,nome,PLUG-IN,PHEV,G,phev,3,LAND ROVER,RANGE ROVER,automoveis
2025,9,LAND ROVER,RANGE ROVER PHEV SE,,nome,PLUG-IN,PHEV,G,phev,3,LAND ROVER,RANGE ROVER,automoveis
2025,9,LAND ROVER,RANGE ROVER PHEV HSE,,nome,PLUG-IN,PHEV,G,phev,3,LAND ROVER,RANGE ROVER,automoveis
2025,9,LAND ROVER,RANGE ROVER PHEV AB,,nome,PLUG-IN,PHEV,G,phev,3,LAND ROVER,RANGE ROVER,automoveis
2025,9,LAND ROVER,DEFENDER 110 D350 HSE XD,,nome,HIBRIDO,,D,hev,4,LAND ROVER,DEFENDER,automoveis
2025,9,LAND ROVER,DEFENDER 110 D350 HSEXD 7L,,nome,HIBRIDO,,D,hev,4,LAND ROVER,DEFENDER,automoveis
2025,9,LAND ROVER,DEFENDER 110 D350 X,,nome,HIBRIDO,,D,hev,4,LAND ROVER,DEFENDER,automoveis
2025,9,LAND ROVER,DEFENDER 110 D350 X 7L,,nome,HIBRIDO,,D,hev,4,LAND ROVER,DEFENDER,automoveis
2025,10,LAND ROVER,DEFENDER 90 D350 HSE,(E-H),nome,HIBRIDO,,D,hev,4,LAND ROVER,DEFENDER,automoveis
2025,10,LAND ROVER,DEFENDER 90 D350 HSE XD,,nome,HIBRIDO,,D,hev,4,LAND ROVER,DEFENDER,automoveis
2025,10,LAND ROVER,DEFENDER 130 D350 X,,nome,HIBRIDO,,D,hev,4,LAND ROVER,DEFENDER,automoveis
2025,10,LAND ROVER,DEFENDER 130 D350 X7L,,nome,HIBRIDO,,D,hev,4,LAND ROVER,DEFENDER,automoveis
2025,10,LAND ROVER,DISCOVERY D350 LE,,nome,HIBRIDO,,D,hev,4,LAND ROVER,DISCOVERY,automoveis
2025,10,LAND ROVER,DISCOVERY D350 HSED,,nome,HIBRIDO,,D,hev,4,LAND ROVER,DISCOVERY,automoveis
2025,10,LAND ROVER,DISCOVERY SPORT P250FF SE D,,nome,COMBUSTAO,,F,flex,10,LAND ROVER,DISCOVERY,automoveis
2025,10,LAND ROVER,DISCOVERY SPORT P250FF SED7L,,nome,COMBUSTAO,,F,flex,10,LAND ROVER,DISCOVERY,automoveis
2025,10,LAND ROVER,VELAR PHEV AB,,nome,PLUG-IN,PHEV,G,phev,3,LAND ROVER,VELAR,automoveis
2025,10,LAND ROVER,VELAR PHEV HSED,,nome,PLUG-IN,PHEV,G,phev,3,LAND ROVER,VELAR,automoveis
2025,10,MITSUBISHI,PAJERO SPORT HPE,,nome,COMBUSTAO,,D,diesel,11,MITSUBISHI,PAJERO,automoveis
2025,10,MITSUBISHI,PAJERO SPORT HPE-S,,nome,COMBUSTAO,,D,diesel,11,MITSUBISHI,PAJERO,automoveis
2025,10,MITSUBISHI,PAJERO SPORT LEGEND,,nome,COMBUSTAO,,D,diesel,11,MITSUBISHI,PAJERO,automoveis
2025,10,TOYOTA,SW4 DIESEL 4X4 DIAMOND AT,,nome,COMBUSTAO,,D,diesel,11,TOYOTA,HILUX SW4,automoveis
2025,10,TOYOTA,SW4 DIESEL 4X4 DIAMOND AT,,nome,COMBUSTAO,,D,diesel,11,TOYOTA,HILUX SW4,comerciais_leves
2025,10,TOYOTA,SW4 DIESEL 4X4 SRX PLATINUM AT,,nome,COMBUSTAO,,D,diesel,11,TOYOTA,HILUX SW4,automoveis
2025,10,TOYOTA,SW4 DIESEL 4X4 SRX PLATINUM AT,,nome,COMBUSTAO,,D,diesel,11,TOYOTA,HILUX SW4,comerciais_leves
2025,10,CHEVROLET,SPIN LT7,,nome,COMBUSTAO,,F,flex,10,GM,SPIN,automoveis
2025,10,CHEVROLET,SPIN LT7,,nome,COMBUSTAO,,F,flex,10,GM,SPIN,automoveis
2025,10,CHEVROLET,SPIN LTZ,,nome,COMBUSTAO,,F,flex,10,GM,SPIN,automoveis
2025,10,CHEVROLET,SPIN PREMIER,,nome,COMBUSTAO,,F,flex,10,GM,SPIN,automoveis
2025,10,CHEVROLET,SPIN (MY26.5) LTZ,,nome,COMBUSTAO,,F,flex,10,GM,SPIN,automoveis
2025,10,CHEVROLET,SPIN (MY26.5) PREMIER,,nome,COMBUSTAO,,F,flex,10,GM,SPIN,automoveis
2025,10,CHEVROLET,ONIX LOG,,nome,COMBUSTAO,,F,flex,10,GM,ONIX,automoveis
2025,10,CITROEN,JUMPER COMFORT,,nome,COMBUSTAO,,D,diesel,11,CITROEN,JUMPER,comerciais_leves
2025,10,CITROEN,JUMPER MB16,,nome,COMBUSTAO,,D,diesel,11,CITROEN,JUMPER,comerciais_leves
2025,10,CITROEN,JUMPER CARGOPK,,nome,COMBUSTAO,,D,diesel,11,CITROEN,JUMPER,comerciais_leves
2025,10,CITROEN,JUMPER FURG PK,,nome,COMBUSTAO,,D,diesel,11,CITROEN,JUMPER,comerciais_leves
2025,10,CITROEN,JUMPER VITRE,,nome,COMBUSTAO,,D,diesel,11,CITROEN,JUMPER,comerciais_leves
2025,10,CITROEN,JUMPY CARGO,,nome,COMBUSTAO,,D,diesel,11,CITROEN,JUMPY,comerciais_leves
2025,10,CITROEN,JUMPY VITRE,,nome,COMBUSTAO,,D,diesel,11,CITROEN,JUMPY,comerciais_leves
2025,10,FIAT,FIORINO ENDURANCE,,nome,COMBUSTAO,,F,flex,10,FIAT,FIORINO,comerciais_leves
2025,10,FIAT,SCUDO CARGO TD,,nome,COMBUSTAO,,D,diesel,11,FIAT,SCUDO,comerciais_leves
2025,10,FIAT,SCUDO MULTI TD,,nome,COMBUSTAO,,D,diesel,11,FIAT,SCUDO,comerciais_leves
2025,10,FIAT,DUCATO MB COMFORT,,nome,COMBUSTAO,,D,diesel,11,FIAT,DUCATO,comerciais_leves
2025,10,FIAT,DUCATO MB LUXO 16,,nome,COMBUSTAO,,D,diesel,11,FIAT,DUCATO,comerciais_leves
2025,10,FIAT,DUCATO CARGO11.5M,,nome,COMBUSTAO,,D,diesel,11,FIAT,DUCATO,comerciais_leves
2025,10,FIAT,DUCATO MXCARGO13M,,nome,COMBUSTAO,,D,diesel,11,FIAT,DUCATO,comerciais_leves
2025,10,FIAT,DUCATO FURGAO 13M,,nome,COMBUSTAO,,D,diesel,11,FIAT,DUCATO,comerciais_leves
2025,10,FIAT,DUCATO MULTI 13M,,nome,COMBUSTAO,,D,diesel,11,FIAT,DUCATO,comerciais_leves
2025,10,FORD,E-TRANSIT F35MMAB,LUX 8M3 / LUX PRO 8M3,nome,ELETRICO,,E,bev,8,FORD,ETRANSIT,comerciais_leves
2025,10,FORD,E-TRANSIT F35MAAB,,nome,ELETRICO,,E,bev,8,FORD,ETRANSIT,comerciais_leves
2025,10,FORD,E-TRANSIT F35LMAB,,nome,ELETRICO,,E,bev,8,FORD,ETRANSIT,comerciais_leves
2025,10,FORD,E-TRANSIT F35LAAB,,nome,ELETRICO,,E,bev,8,FORD,ETRANSIT,comerciais_leves
2025,10,FORD,E-TRANSIT F35EAAB,,nome,ELETRICO,,E,bev,8,FORD,ETRANSIT,comerciais_leves
2025,10,FORD,E-TRANSIT C35LBAB,,nome,ELETRICO,,E,bev,8,FORD,ETRANSIT,comerciais_leves
2025,10,FORD,E-TRANSIT C35EBAB,,nome,ELETRICO,,E,bev,8,FORD,ETRANSIT,comerciais_leves
2025,10,FORD,TRANSIT F35LAMA,,nome,COMBUSTAO,,D,diesel,11,FORD,TRANSIT,comerciais_leves
2025,10,FORD,TRANSIT F35MMMA,,nome,COMBUSTAO,,D,diesel,11,FORD,TRANSIT,comerciais_leves
2025,10,FORD,TRANSIT F35MAMA,,nome,COMBUSTAO,,D,diesel,11,FORD,TRANSIT,comerciais_leves
2025,10,FORD,TRANSIT F38LAMA,,nome,COMBUSTAO,,D,diesel,11,FORD,TRANSIT,comerciais_leves
2025,10,JAC,EJV5.5 CARGO,,nome,ELETRICO,,E,bev,8,JAC,EJV5.5,comerciais_leves
2025,10,KIA,BONGO K2500 4X4 SC HD SC 4WD,,nome,COMBUSTAO,,D,diesel,11,KIA,BONGO,comerciais_leves
2025,10,MERCEDES-BENZ,320 ESPRINTER F,,nome,ELETRICO,,E,bev,8,M.BENZ,ESPRINTER 320,comerciais_leves
2025,10,MERCEDES-BENZ,320 ESPRINTER C,,nome,ELETRICO,,E,bev,8,M.BENZ,ESPRINTER 320,comerciais_leves
2025,10,PEUGEOT,EXPERT CARGO,,nome,COMBUSTAO,,D,diesel,11,PEUGEOT,EXPERT,comerciais_leves
2025,10,PEUGEOT,EXPERT VITRE,,nome,COMBUSTAO,,D,diesel,11,PEUGEOT,EXPERT,comerciais_leves
2025,10,PEUGEOT,BOXER 16L LUXO,,nome,COMBUSTAO,,D,diesel,11,PEUGEOT,BOXER,comerciais_leves
2025,10,PEUGEOT,BOXER COMFORT,,nome,COMBUSTAO,,D,diesel,11,PEUGEOT,BOXER,comerciais_leves
2025,10,PEUGEOT,BOXER CARGO PK,,nome,COMBUSTAO,,D,diesel,11,PEUGEOT,BOXER,comerciais_leves
2025,10,PEUGEOT,BOXER VIDRADA,,nome,COMBUSTAO,,D,diesel,11,PEUGEOT,BOXER,comerciais_leves
2025,10,PEUGEOT,BOXER FURGAOPK,,nome,COMBUSTAO,,D,diesel,11,PEUGEOT,BOXER,comerciais_leves
2025,10,RENAULT,MASTER FURGAO FURGAO L1,,nome,COMBUSTAO,,D,diesel,11,RENAULT,MASTER,comerciais_leves
2025,10,RENAULT,MASTER FURGAO FURGAO L2,,nome,COMBUSTAO,,D,diesel,11,RENAULT,MASTER,comerciais_leves
2025,10,RENAULT,MASTER FURGAO FURGAO L3,,nome,COMBUSTAO,,D,diesel,11,RENAULT,MASTER,comerciais_leves
2025,11,RENAULT,MASTER FUGAO PRO PRO L1,(E-H),nome,COMBUSTAO,,D,diesel,11,RENAULT,MASTER,comerciais_leves
2025,11,RENAULT,MASTER FUGAO PRO PRO L2,,nome,COMBUSTAO,,D,diesel,11,RENAULT,MASTER,comerciais_leves
2025,11,RENAULT,MASTER FUGAO PRO PRO L3,,nome,COMBUSTAO,,D,diesel,11,RENAULT,MASTER,comerciais_leves
2025,11,RENAULT,MASTER FUGAO PRO VITPRO3AC,,nome,COMBUSTAO,,D,diesel,11,RENAULT,MASTER,comerciais_leves
2025,11,RENAULT,MASTER FUGAO PRO VITPROL3R,,nome,COMBUSTAO,,D,diesel,11,RENAULT,MASTER,comerciais_leves
2025,11,RENAULT,MASTER BUS MINIBUSL3,,nome,COMBUSTAO,,D,diesel,11,RENAULT,MASTER,comerciais_leves
2025,11,RENAULT,MASTER CHASSIS CABINE CHASSICAB,,nome,COMBUSTAO,,D,diesel,11,RENAULT,MASTER,comerciais_leves
2025,11,RENAULT,MASTER FURGAO FURGAOL1R,,nome,COMBUSTAO,,D,diesel,11,RENAULT,MASTER,comerciais_leves
2025,11,RENAULT,MASTER FURGAO FURGAOL2R,,nome,COMBUSTAO,,D,diesel,11,RENAULT,MASTER,comerciais_leves
2025,11,RENAULT,MASTER FURGAO FURGAOL3R,,nome,COMBUSTAO,,D,diesel,11,RENAULT,MASTER,comerciais_leves
2025,11,RENAULT,KANGOO ADV16,,nome,COMBUSTAO,,F,flex,10,RENAULT,KANGOO,automoveis
2025,11,RENAULT,KANGOO ADV16,,nome,COMBUSTAO,,F,flex,10,RENAULT,KANGOO,comerciais_leves
2025,11,RENAULT,KANGOO EX PRO,,nome,COMBUSTAO,,F,flex,10,RENAULT,KANGOO,automoveis
2025,11,RENAULT,KANGOO EX PRO,,nome,COMBUSTAO,,F,flex,10,RENAULT,KANGOO,comerciais_leves
2025,11,RENAULT,KANGOO SRT16,,nome,COMBUSTAO,,F,flex,10,RENAULT,KANGOO,automoveis
2025,11,RENAULT,KANGOO SRT16,,nome,COMBUSTAO,,F,flex,10,RENAULT,KANGOO,comerciais_leves
2025,11,RENAULT,KANGOO ETECHL2,,nome,ELETRICO,,E,bev,8,RENAULT,KANGOO,automoveis
2025,11,RENAULT,KANGOO ETECHL2,,nome,ELETRICO,,E,bev,8,RENAULT,KANGOO,comerciais_leves
2025,11,RENAULT,E-KWID CARGO,,nome,ELETRICO,,E,bev,8,RENAULT,E-KWID,automoveis
2025,11,TOYOTA,HIACE MINIBUS AT DX,,nome,COMBUSTAO,,D,diesel,11,TOYOTA,HIACE,comerciais_leves
2025,11,CHEVROLET,MONTANA MT,,nome,COMBUSTAO,,F,flex,10,GM,MONTANA,comerciais_leves
2025,11,CHEVROLET,MONTANA LT,,nome,COMBUSTAO,,F,flex,10,GM,MONTANA,comerciais_leves
2025,11,CHEVROLET,MONTANA LTZ,,nome,COMBUSTAO,,F,flex,10,GM,MONTANA,comerciais_leves
2025,11,CHEVROLET,MONTANA PREMIER,,nome,COMBUSTAO,,F,flex,10,GM,MONTANA,comerciais_leves
2025,11,CHEVROLET,MONTANA RS,,nome,COMBUSTAO,,F,flex,10,GM,MONTANA,comerciais_leves
2025,11,FIAT,STRADA ENDURAN CS13,,nome,COMBUSTAO,,F,flex,10,FIAT,STRADA,comerciais_leves
2025,11,FIAT,STRADA FREEDOM CS13,,nome,COMBUSTAO,,F,flex,10,FIAT,STRADA,comerciais_leves
2025,11,FIAT,STRADA FREEDOM CD13,,nome,COMBUSTAO,,F,flex,10,FIAT,STRADA,comerciais_leves
2025,11,FIAT,STRADA VOLCANO CD13,,nome,COMBUSTAO,,F,flex,10,FIAT,STRADA,comerciais_leves
2025,11,FIAT,STRADA VOLCANO 13AT,,nome,COMBUSTAO,,F,flex,10,FIAT,STRADA,comerciais_leves
2025,11,FIAT,STRADA RANCH T200AT,,nome,COMBUSTAO,,F,flex,10,FIAT,STRADA,comerciais_leves
2025,11,FIAT,STRADA ULTRA T200AT,,nome,COMBUSTAO,,F,flex,10,FIAT,STRADA,comerciais_leves
2025,11,RENAULT,OROCH INTENSE16M,,nome,COMBUSTAO,,F,flex,10,RENAULT,OROCH,comerciais_leves
2025,11,RENAULT,OROCH PRO 16,,nome,COMBUSTAO,,F,flex,10,RENAULT,OROCH,comerciais_leves
2025,11,VOLKSWAGEN,SAVEIRO,SAVEIRO CABINE SIMPLES,nome,COMBUSTAO,,F,flex,10,VW,SAVEIRO,comerciais_leves
2025,11,VOLKSWAGEN,SAVEIRO,CABINE SIMPLES,nome,COMBUSTAO,,F,flex,10,VW,SAVEIRO,comerciais_leves
2025,11,VOLKSWAGEN,SAVEIRO CABINE DUPLA ROBUST MF,TRENDLINE MF,nome,COMBUSTAO,,F,flex,10,VW,SAVEIRO,comerciais_leves
2025,11,VOLKSWAGEN,SAVEIRO,CABINE DUPLA EXTREME,nome,COMBUSTAO,,F,flex,10,VW,SAVEIRO,comerciais_leves
2025,11,BYD,SHARK GS DM,MF,nome,PLUG-IN,,G,phev,6,BYD,SHARK,comerciais_leves
2025,11,BYD,SHARK GL DM,,nome,PLUG-IN,,G,phev,6,BYD,SHARK,comerciais_leves
2025,11,CHEVROLET,S10 WT CABINE SIMPLES,,nome,COMBUSTAO,,D,diesel,11,GM,S10,comerciais_leves
2025,11,CHEVROLET,S10 WT CABINE CHASSIS,,nome,COMBUSTAO,,D,diesel,11,GM,S10,comerciais_leves
2025,11,CHEVROLET,S10 WT CABINE DUPLE,,nome,COMBUSTAO,,D,diesel,11,GM,S10,comerciais_leves
2025,11,CHEVROLET,S10 LTZ CABINE DUPLA,,nome,COMBUSTAO,,D,diesel,11,GM,S10,comerciais_leves
2025,11,CHEVROLET,S10,HIGH COUNTRY CABINE,nome,COMBUSTAO,,D,diesel,11,GM,S10,comerciais_leves
2025,11,CHEVROLET,S10 Z71 CABINE DUPLA,DUPLA,nome,COMBUSTAO,,D,diesel,11,GM,S10,comerciais_leves
2025,11,CHEVROLET,S10 WT CABINE DUPLA,,nome,COMBUSTAO,,D,diesel,11,GM,S10,comerciais_leves
2025,11,CHEVROLET,S10 (MY26.5),HIGH COUNTRY CABINE,nome,COMBUSTAO,,D,diesel,11,GM,S10,comerciais_leves
2025,11,CHEVROLET,S10 (MY26.5) LTZ CABINE DUPLA,DUPLA,nome,COMBUSTAO,,D,diesel,11,GM,S10,comerciais_leves
2025,11,CHEVROLET,S10 (MY26.5) WT CABINE DUPLE,,nome,COMBUSTAO,,D,diesel,11,GM,S10,comerciais_leves
2025,11,CHEVROLET,S10 (MY26.5) WT CABINE SIMPLES,,nome,COMBUSTAO,,D,diesel,11,GM,S10,comerciais_leves
2025,11,CHEVROLET,S10 (MY26.5) WT CABINE CHASSIS,,nome,COMBUSTAO,,D,diesel,11,GM,S10,comerciais_leves
2025,11,CHEVROLET,SILVERADO HIGH COUNTRY,,nome,COMBUSTAO,,G,gasolina,9,GM,SILVERADO,comerciais_leves
2025,11,FIAT,TITANO ENDURANCE,,nome,COMBUSTAO,,D,diesel,11,FIAT,TITANO,comerciais_leves
2025,11,FIAT,TITANO VOLCANO,,nome,COMBUSTAO,,D,diesel,11,FIAT,TITANO,comerciais_leves
2025,11,FIAT,TITANO RANCH,,nome,COMBUSTAO,,D,diesel,11,FIAT,TITANO,comerciais_leves
2025,11,FIAT,TORO ENDUR,,nome,COMBUSTAO,,F,flex,10,FIAT,TORO,comerciais_leves
2025,11,FIAT,TORO FREED,,nome,COMBUSTAO,,F,flex,10,FIAT,TORO,comerciais_leves
2025,11,FIAT,TORO VOLC,,nome,COMBUSTAO,,F,flex,10,FIAT,TORO,comerciais_leves
2025,11,FIAT,TORO ULTRA,,nome,COMBUSTAO,,F,flex,10,FIAT,TORO,comerciais_leves
2025,11,FIAT,TORO RANCH AT9 4X4,,nome,COMBUSTAO,,D,diesel,11,FIAT,TORO,comerciais_leves
2025,11,FIAT,TORO VOLC AT9 4X4,,nome,COMBUSTAO,,D,diesel,11,FIAT,TORO,comerciais_leves
2025,11,FIAT,TORO ENDUR,,nome,COMBUSTAO,,F,flex,10,FIAT,TORO,comerciais_leves
2025,11,FIAT,TORO FREED,,nome,COMBUSTAO,,F,flex,10,FIAT,TORO,comerciais_leves
2025,11,FIAT,TORO VOLC,,nome,COMBUSTAO,,F,flex,10,FIAT,TORO,comerciais_leves
2025,11,FIAT,TORO ULTRA,,nome,COMBUSTAO,,F,flex,10,FIAT,TORO,comerciais_leves
2025,11,FIAT,TORO RANCH TD450 AT (MY26),,nome,COMBUSTAO,,D,diesel,11,FIAT,TORO,comerciais_leves
2025,11,FIAT,TORO VOLC TD450 AT (MY26),,nome,COMBUSTAO,,D,diesel,11,FIAT,TORO,comerciais_leves
2025,11,FIAT,TORO FREED TD450 AT (MY26),,nome,COMBUSTAO,,D,diesel,11,FIAT,TORO,comerciais_leves
2025,11,FORD,NOVA RANGER 4X2 BLACK,,nome,COMBUSTAO,,D,diesel,11,FORD,RANGER,comerciais_leves
2025,11,FORD,NOVA RANGER 4X4 XL,,nome,COMBUSTAO,,D,diesel,11,FORD,RANGER,comerciais_leves
2025,11,FORD,NOVA RANGER 4X4 XLS,,nome,COMBUSTAO,,D,diesel,11,FORD,RANGER,comerciais_leves
2025,11,FORD,NOVA RANGER 4X4 XLS,,nome,COMBUSTAO,,D,diesel,11,FORD,RANGER,comerciais_leves
2025,11,FORD,NOVA RANGER 4X4 LTD,,nome,COMBUSTAO,,D,diesel,11,FORD,RANGER,comerciais_leves
2025,11,FORD,NOVA RANGER 4X4 XLS,,nome,COMBUSTAO,,D,diesel,11,FORD,RANGER,comerciais_leves
2025,11,FORD,NOVA RANGER 4X4 XLT,,nome,COMBUSTAO,,D,diesel,11,FORD,RANGER,comerciais_leves
2025,11,FORD,NOVA RANGER 4X4 LTD+,,nome,COMBUSTAO,,D,diesel,11,FORD,RANGER,comerciais_leves
2025,11,FORD,RANGER RAPTOR RAPTOR,,nome,COMBUSTAO,,G,gasolina,9,FORD,RANGER,comerciais_leves
2025,12,FORD,NOVA F150 LARIAT BLACK,(E-H),nome,COMBUSTAO,,G,gasolina,9,FORD,F150,comerciais_leves
2025,12,FORD,NOVA F150 LARIAT CHROME,,nome,COMBUSTAO,,G,gasolina,9,FORD,F150,comerciais_leves
2025,12,FORD,NOVA F150 TREMOR,,nome,COMBUSTAO,,G,gasolina,9,FORD,F150,comerciais_leves
2025,12,FORD,MAVERICK LARIAT,,nome,COMBUSTAO,,G,gasolina,9,FORD,MAVERICK,comerciais_leves
2025,12,FORD,MAVERICK LARIAT,,nome,COMBUSTAO,,G,gasolina,9,FORD,MAVERICK,automoveis
2025,12,FORD,MAVERICK TREMOR,,nome,COMBUSTAO,,G,gasolina,9,FORD,MAVERICK,comerciais_leves
2025,12,FORD,MAVERICK TREMOR,,nome,COMBUSTAO,,G,gasolina,9,FORD,MAVERICK,automoveis
2025,12,FOTON,TUNLAND V7,,nome,HIBRIDO,,D,hev,4,FOTON,TUNLAND,comerciais_leves
2025,12,FOTON,TUNLAND V9,,nome,HIBRIDO,,D,hev,4,FOTON,TUNLAND,comerciais_leves
2025,12,GWM,POER P30 EXC,,nome,COMBUSTAO,,D,diesel,11,GWM,POER,comerciais_leves
2025,12,GWM,POER P30 TRL,,nome,COMBUSTAO,,D,diesel,11,GWM,POER,comerciais_leves
2025,12,JAC,IEV330P IEV330,,nome,ELETRICO,,E,bev,8,JAC,IEV 330P,comerciais_leves
2025,12,JAC,HUNTER HUNTER AT,,nome,COMBUSTAO,,D,diesel,11,JAC,HUNTER,comerciais_leves
2025,12,JAC,HUNTER HUNTER HD 4X4 AT,,nome,COMBUSTAO,,D,diesel,11,JAC,HUNTER,comerciais_leves
2025,12,JAC,HUNTER HUNTER HD AT,,nome,COMBUSTAO,,D,diesel,11,JAC,HUNTER,comerciais_leves
2025,12,JAC,HUNTER HUNTER HW AT,,nome,COMBUSTAO,,D,diesel,11,JAC,HUNTER,comerciais_leves
2025,12,JEEP,GLADIATOR RUBICON,,nome,COMBUSTAO,,G,gasolina,9,JEEP,GLADIATOR,comerciais_leves
2025,12,MITSUBISHI,TRITON GL AT2,,nome,COMBUSTAO,,D,diesel,11,MITSUBISHI,TRITON,comerciais_leves
2025,12,MITSUBISHI,TRITON GLS AT2,,nome,COMBUSTAO,,D,diesel,11,MITSUBISHI,TRITON,comerciais_leves
2025,12,MITSUBISHI,TRITON GL MT4,,nome,COMBUSTAO,,D,diesel,11,MITSUBISHI,TRITON,comerciais_leves
2025,12,MITSUBISHI,TRITON GL AT4,,nome,COMBUSTAO,,D,diesel,11,MITSUBISHI,TRITON,comerciais_leves
2025,12,MITSUBISHI,TRITON GLS AT4,,nome,COMBUSTAO,,D,diesel,11,MITSUBISHI,TRITON,comerciais_leves
2025,12,MITSUBISHI,TRITON HPE AT4,,nome,COMBUSTAO,,D,diesel,11,MITSUBISHI,TRITON,comerciais_leves
2025,12,MITSUBISHI,TRITON HPE-S AT4,,nome,COMBUSTAO,,D,diesel,11,MITSUBISHI,TRITON,comerciais_leves
2025,12,MITSUBISHI,TRITON KATANA AT4,,nome,COMBUSTAO,,D,diesel,11,MITSUBISHI,TRITON,comerciais_leves
2025,12,MITSUBISHI,L200 TRITON SPORT GLS,,nome,COMBUSTAO,,D,diesel,11,MITSUBISHI,L200,comerciais_leves
2025,12,MITSUBISHI,L200 TRITON SPORT OUTDOOR GLS,,nome,COMBUSTAO,,D,diesel,11,MITSUBISHI,L200,comerciais_leves
2025,12,MITSUBISHI,L200 TRITON SPORT HPE,,nome,COMBUSTAO,,D,diesel,11,MITSUBISHI,L200,comerciais_leves
2025,12,MITSUBISHI,L200 TRITON SPORT HPE-S,,nome,COMBUSTAO,,D,diesel,11,MITSUBISHI,L200,comerciais_leves
2025,12,NISSAN,FRONTIER S MT X4,,nome,COMBUSTAO,,D,diesel,11,NISSAN,FRONTIER,comerciais_leves
2025,12,NISSAN,FRONTIER ATK X4,,nome,COMBUSTAO,,D,diesel,11,NISSAN,FRONTIER,comerciais_leves
2025,12,NISSAN,FRONTIER PRO4X,,nome,COMBUSTAO,,D,diesel,11,NISSAN,FRONTIER,comerciais_leves
2025,12,NISSAN,FRONTIER SE X4,,nome,COMBUSTAO,,D,diesel,11,NISSAN,FRONTIER,comerciais_leves
2025,12,NISSAN,FRONTIER PLT,,nome,COMBUSTAO,,D,diesel,11,NISSAN,FRONTIER,comerciais_leves
2025,12,NISSAN,FRONTIER XE X4,,nome,COMBUSTAO,,D,diesel,11,NISSAN,FRONTIER,comerciais_leves
2025,12,RAM,1500 LARAMIE,,nome,COMBUSTAO,,G,gasolina,9,RAM,1500,comerciais_leves
2025,12,RAM,1500 LARAMIE NE,,nome,COMBUSTAO,,G,gasolina,9,RAM,1500,comerciais_leves
2025,12,RAM,1500 REBEL,,nome,COMBUSTAO,,G,gasolina,9,RAM,1500,comerciais_leves
2025,12,RAM,RAMPAGE BIGHORN DS,,nome,COMBUSTAO,,D,diesel,11,RAM,RAMPAGE,comerciais_leves
2025,12,RAM,RAMPAGE LARAMIE DS,,nome,COMBUSTAO,,D,diesel,11,RAM,RAMPAGE,comerciais_leves
2025,12,RAM,RAMPAGE REBEL DS,,nome,COMBUSTAO,,D,diesel,11,RAM,RAMPAGE,comerciais_leves
2025,12,RAM,RAMPAGE REBEL AT GAS,,nome,COMBUSTAO,,G,gasolina,9,RAM,RAMPAGE,comerciais_leves
2025,12,RAM,RAMPAGE LARAMIE GAS,,nome,COMBUSTAO,,G,gasolina,9,RAM,RAMPAGE,comerciais_leves
2025,12,RAM,RAMPAGE RT GAS,,nome,COMBUSTAO,,G,gasolina,9,RAM,RAMPAGE,comerciais_leves
2025,12,TOYOTA,HILUX DIESEL 4X4 MT CHASSI MT,,nome,COMBUSTAO,,D,diesel,11,TOYOTA,HILUX,comerciais_leves
2025,12,TOYOTA,HILUX DIESEL 4X4 MT CABINE SIMPLES MT,,nome,COMBUSTAO,,D,diesel,11,TOYOTA,HILUX,comerciais_leves
2025,12,TOYOTA,HILUX DIESEL 4X4 MT POWER PACK MT,,nome,COMBUSTAO,,D,diesel,11,TOYOTA,HILUX,comerciais_leves
2025,12,TOYOTA,HILUX DIESEL 4X4 AT CHASSI AT,,nome,COMBUSTAO,,D,diesel,11,TOYOTA,HILUX,comerciais_leves
2025,12,TOYOTA,HILUX DIESEL 4X4 AT CABINE SIMPLES AT,,nome,COMBUSTAO,,D,diesel,11,TOYOTA,HILUX,comerciais_leves
2025,12,TOYOTA,HILUX DIESEL 4X4 AT POWER PACK AT,,nome,COMBUSTAO,,D,diesel,11,TOYOTA,HILUX,comerciais_leves
2025,12,TOYOTA,HILUX DIESEL 4X4 AT SR AT,,nome,COMBUSTAO,,D,diesel,11,TOYOTA,HILUX,comerciais_leves
2025,12,TOYOTA,HILUX DIESEL 4X4 AT SRV AT,,nome,COMBUSTAO,,D,diesel,11,TOYOTA,HILUX,comerciais_leves
2025,12,TOYOTA,HILUX DIESEL 4X4 AT SRX AT,,nome,COMBUSTAO,,D,diesel,11,TOYOTA,HILUX,comerciais_leves
2025,12,TOYOTA,HILUX DIESEL 4X4 AT SRX PLUS AT,,nome,COMBUSTAO,,D,diesel,11,TOYOTA,HILUX,comerciais_leves
2025,12,VOLKSWAGEN,AMAROK V6 COMFORT (MY26),,nome,COMBUSTAO,,D,diesel,11,VW,AMAROK,comerciais_leves
2025,12,VOLKSWAGEN,AMAROK V6 HIGH (MY26),,nome,COMBUSTAO,,D,diesel,11,VW,AMAROK,comerciais_leves
2025,12,VOLKSWAGEN,AMAROK V6 EXTREME (MY26),,nome,COMBUSTAO,,D,diesel,11,VW,AMAROK,comerciais_leves
2025,12,BMW,M3 COMPETITION,,nome,COMBUSTAO,,G,gasolina,9,BMW,M3,automoveis
2025,12,BMW,M3 COMP TRACK,,nome,COMBUSTAO,,G,gasolina,9,BMW,M3,automoveis
2025,12,BMW,M2 COUPE,,nome,COMBUSTAO,,G,gasolina,9,BMW,M2,automoveis
2025,12,BMW,M2 COUPE TRACK,,nome,COMBUSTAO,,G,gasolina,9,BMW,M2,automoveis
2025,12,BMW,M2 CS,,nome,COMBUSTAO,,G,gasolina,9,BMW,M2,automoveis
2025,12,FERRARI,296 GTB,,nome,PLUG-IN,,G,phev,6,FERRARI,296 GTB,automoveis
2025,12,FORD,MUSTANG GT AT,,nome,COMBUSTAO,,G,gasolina,9,FORD,MUSTANG,automoveis
2025,12,FORD,MUSTANG GT MT,,nome,COMBUSTAO,,G,gasolina,9,FORD,MUSTANG,automoveis
2025,12,FORD,MUSTANG DARK HORSE DARK HORSE,,nome,COMBUSTAO,,G,gasolina,9,FORD,MUSTANG,automoveis
2025,13,MCLAREN,ARTURA --,(E-H),nome,PLUG-IN,,G,phev,6,MCLAREN,ARTURA,automoveis
2025,13,MCLAREN,ARTURA SPIDER,,nome,PLUG-IN,,G,phev,6,MCLAREN,ARTURA,automoveis
2025,13,MERCEDES-BENZ,AMG GT63S EP 2P,,nome,PLUG-IN,,G,phev,6,M.BENZ,AMG GT63S,automoveis
2025,13,MERCEDES-BENZ,AMG GT63S EP,,nome,PLUG-IN,,G,phev,6,M.BENZ,AMG GT63S,automoveis
2025,13,MERCEDES-BENZ,AMG GT63S EP 2P,,nome,PLUG-IN,,G,phev,6,M.BENZ,AMG GT63S,automoveis
2025,13,MERCEDES-BENZ,AMG SL63S EP,,nome,PLUG-IN,,G,phev,6,M.BENZ,SL63S,automoveis
2025,13,MERCEDES-BENZ,AMG SL63S EP,,nome,PLUG-IN,,G,phev,6,M.BENZ,SL63S,automoveis
2025,13,MG,CYBERSTER 77 KWH AWD,,nome,ELETRICO,,E,bev,8,MG,CYBERSTER,automoveis
2025,13,PORSCHE,911 CARRERA S,,nome,COMBUSTAO,,G,gasolina,9,PORSCHE,911,automoveis
2025,13,PORSCHE,911 CARRERA SC,,nome,COMBUSTAO,,G,gasolina,9,PORSCHE,911,automoveis
2025,13,PORSCHE,911 CARRERA GTS,,nome,COMBUSTAO,,G,gasolina,9,PORSCHE,911,automoveis
2025,13,PORSCHE,911 CARRERA GTS CA,,nome,COMBUSTAO,,G,gasolina,9,PORSCHE,911,automoveis
2025,13,PORSCHE,911 GT3 MANUAL,,nome,COMBUSTAO,,G,gasolina,9,PORSCHE,911,automoveis
2025,13,PORSCHE,911 GT3 TOURMT,,nome,COMBUSTAO,,G,gasolina,9,PORSCHE,911,automoveis
2025,13,PORSCHE,911 GT3,,nome,COMBUSTAO,,G,gasolina,9,PORSCHE,911,automoveis
2025,13,PORSCHE,911 GT3 TOURING,,nome,COMBUSTAO,,G,gasolina,9,PORSCHE,911,automoveis
2025,13,PORSCHE,911 CARRERA,,nome,COMBUSTAO,,G,gasolina,9,PORSCHE,911,automoveis
2025,13,PORSCHE,911 CARRERA C,,nome,COMBUSTAO,,G,gasolina,9,PORSCHE,911,automoveis
2025,13,PORSCHE,911 CAR T MT,,nome,COMBUSTAO,,G,gasolina,9,PORSCHE,911,automoveis
2025,13,PORSCHE,911 CAR T MT 2,,nome,COMBUSTAO,,G,gasolina,9,PORSCHE,911,automoveis
2025,13,PORSCHE,911 CAR T MT,,nome,COMBUSTAO,,G,gasolina,9,PORSCHE,911,automoveis
2025,13,PORSCHE,911 CAR T MT 2,,nome,COMBUSTAO,,G,gasolina,9,PORSCHE,911,automoveis
2025,13,PORSCHE,911 CAR T MTCA,,nome,COMBUSTAO,,G,gasolina,9,PORSCHE,911,automoveis
2025,13,PORSCHE,911 SPIRIT 70,,nome,HIBRIDO,,G,hev,4,PORSCHE,911,automoveis
2025,13,PORSCHE,911 CAR T MTCA,,nome,COMBUSTAO,,G,gasolina,9,PORSCHE,911,automoveis
2025,13,PORSCHE,BOXSTER GTS4.0,,nome,COMBUSTAO,,G,gasolina,9,PORSCHE,BOXSTER,automoveis
2025,13,PORSCHE,BOXSTER 25 ANOS,,nome,COMBUSTAO,,G,gasolina,9,PORSCHE,BOXSTER,automoveis
2025,13,PORSCHE,CAYMAN GTS,,nome,COMBUSTAO,,G,gasolina,9,PORSCHE,CAYMAN,automoveis
2025,13,PORSCHE,PANAMERA TPHEV,,nome,PLUG-IN,,G,phev,6,PORSCHE,PANAMERA,automoveis
2025,13,PORSCHE,PANAMERA TSEHY,,nome,PLUG-IN,,G,phev,6,PORSCHE,PANAMERA,automoveis
2025,13,PORSCHE,PANAMERA 4EHYB,,nome,PLUG-IN,,G,phev,6,PORSCHE,PANAMERA,automoveis
2025,13,PORSCHE,PANAMERA 4SEHY,,nome,PLUG-IN,,G,phev,6,PORSCHE,PANAMERA,automoveis
2025,13,PORSCHE,TAYCAN TURBO S,,nome,ELETRICO,,E,bev,8,PORSCHE,TAYCAN,automoveis
2025,13,PORSCHE,TAYCAN L,,nome,ELETRICO,,E,bev,8,PORSCHE,TAYCAN,automoveis
2025,13,PORSCHE,TAYCAN 4,,nome,ELETRICO,,E,bev,8,PORSCHE,TAYCAN,automoveis
2025,13,PORSCHE,TAYCAN 4S,,nome,ELETRICO,,E,bev,8,PORSCHE,TAYCAN,automoveis
2025,13,PORSCHE,TAYCAN 4S CT,,nome,ELETRICO,,E,bev,8,PORSCHE,TAYCAN,automoveis
2025,13,PORSCHE,TAYCAN 4CT,,nome,ELETRICO,,E,bev,8,PORSCHE,TAYCAN,automoveis
2025,13,PORSCHE,TAYCAN 4GTS,,nome,ELETRICO,,E,bev,8,PORSCHE,TAYCAN,automoveis
2025,13,PORSCHE,TAYCAN TURBOCT,,nome,ELETRICO,,E,bev,8,PORSCHE,TAYCAN,automoveis
2025,13,PORSCHE,TAYCAN TURBO,,nome,ELETRICO,,E,bev,8,PORSCHE,TAYCAN,automoveis
2025,13,PORSCHE,TAYCAN TURBOGT,,nome,ELETRICO,,E,bev,8,PORSCHE,TAYCAN,automoveis
2025,13,PORSCHE,TAYCAN _,,nome,ELETRICO,,E,bev,8,PORSCHE,TAYCAN,automoveis
2026,1,BYD,DOLPHIN MINI GS EV,,nome,ELETRICO,EV,E,bev,8,BYD,DOLPHIN MINI,automoveis
2026,1,BYD,DOLPHIN MINI GS 5 EV,,nome,ELETRICO,EV,E,bev,8,BYD,DOLPHIN MINI,automoveis
2026,1,BYD,DOLPHIN MINI GL 5 EV,,nome,ELETRICO,EV,E,bev,8,BYD,DOLPHIN MINI,automoveis
2026,1,FIAT,500E ICON,,nome,ELETRICO,,E,bev,8,FIAT,500E,automoveis
2026,1,FIAT,MOBI TREKKING,,nome,COMBUSTAO,,F,flex,10,FIAT,MOBI,automoveis
2026,1,FIAT,MOBI LIKE,,nome,COMBUSTAO,,F,flex,10,FIAT,MOBI,automoveis
2026,1,JAC,E-JS1 E-JS1,,nome,ELETRICO,,E,bev,8,JAC,E-JS1,automoveis
2026,1,JAC,E-JS1 E-JS1 EXT,,nome,ELETRICO,,E,bev,8,JAC,E-JS1,automoveis
2026,1,RENAULT,E-KWID INTENS,,nome,ELETRICO,,E,bev,8,RENAULT,E-KWID,automoveis
2026,1,FIAT,ARGO,,nome,COMBUSTAO,,F,flex,10,FIAT,ARGO,automoveis
2026,1,FIAT,ARGO DRIVE,,nome,COMBUSTAO,,F,flex,10,FIAT,ARGO,automoveis
2026,1,FIAT,ARGO DRIVE,,nome,COMBUSTAO,,F,flex,10,FIAT,ARGO,automoveis
2026,1,HYUNDAI,HB20 SENSE,,nome,COMBUSTAO,,F,flex,10,HYUNDAI,HB20,automoveis
2026,1,HYUNDAI,HB20 COMFORT,,nome,COMBUSTAO,,F,flex,10,HYUNDAI,HB20,automoveis
2026,1,HYUNDAI,HB20 LIMITED,,nome,COMBUSTAO,,F,flex,10,HYUNDAI,HB20,automoveis
2026,1,HYUNDAI,HB20 LIMITED,,nome,COMBUSTAO,,F,flex,10,HYUNDAI,HB20,automoveis
2026,1,HYUNDAI,HB20 PLATINUM,,nome,COMBUSTAO,,F,flex,10,HYUNDAI,HB20,automoveis
2026,1,MINI,COOPER E,,nome,ELETRICO,,E,bev,8,MINI,COOPER,automoveis
2026,1,MINI,COOPER SE,,nome,ELETRICO,,E,bev,8,MINI,COOPER,automoveis
2026,1,MINI,JCW 3P,,nome,COMBUSTAO,,G,gasolina,9,MINI,JCW,automoveis
2026,1,MINI,COOPER S CABRIO,,nome,COMBUSTAO,,G,gasolina,9,MINI,COOPER,automoveis
2026,1,MINI,JCW CABRIO,,nome,COMBUSTAO,,G,gasolina,9,MINI,JCW,automoveis
2026,1,MINI,JCW-E 3P,,nome,ELETRICO,,E,bev,8,MINI,JCW,automoveis
2026,1,MINI,COOPER S 3P EXCLUSIVE,,nome,COMBUSTAO,,G,gasolina,9,MINI,COOPER,automoveis
2026,1,MINI,COOPER S 3P SPORT,,nome,COMBUSTAO,,G,gasolina,9,MINI,COOPER,automoveis
2026,1,MINI,COOPER S 3P TOP,,nome,COMBUSTAO,,G,gasolina,9,MINI,COOPER,automoveis
2026,1,PEUGEOT,208 ACTIVE MT,,nome,COMBUSTAO,,F,flex,10,PEUGEOT,208,automoveis
2026,1,PEUGEOT,208 ACTIV,,nome,COMBUSTAO,,F,flex,10,PEUGEOT,208,automoveis
2026,1,PEUGEOT,208 STYLE MT,,nome,COMBUSTAO,,F,flex,10,PEUGEOT,208,automoveis
2026,1,PEUGEOT,208 ALLUR,,nome,COMBUSTAO,,F,flex,10,PEUGEOT,208,automoveis
2026,1,PEUGEOT,208 GT,,nome,COMBUSTAO,,F,flex,10,PEUGEOT,208,automoveis
2026,1,PEUGEOT,208 GT HYBRID,,nome,HIBRIDO,HYBRID,F,hev,4,PEUGEOT,208,automoveis
2026,1,PEUGEOT,E-208 GT,,nome,ELETRICO,,E,bev,8,PEUGEOT,208,automoveis
2026,1,AUDI,A3 SPOTBACK PEFORMANCE,,nome,COMBUSTAO,,G,gasolina,9,AUDI,A3,automoveis
2026,1,AUDI,A3 SPOTBACK PERFORMANCE BLACK,,nome,COMBUSTAO,,G,gasolina,9,AUDI,A3,automoveis
2026,1,BYD,DOLPHIN GS 180EV,,nome,ELETRICO,,E,bev,8,BYD,DOLPHIN,automoveis
2026,1,BYD,DOLPHIN PLUS 310EV,,nome,ELETRICO,,E,bev,8,BYD,DOLPHIN,automoveis
2026,1,BYD,DOLPHIN SE 290EV,,nome,ELETRICO,,E,bev,8,BYD,DOLPHIN,automoveis
2026,1,BYD,YUAN PRO GS 290EV,,nome,ELETRICO,,E,bev,8,BYD,YUAN,automoveis
2026,1,CHEVROLET,ONIX LTZ,,nome,COMBUSTAO,,F,flex,10,GM,ONIX,automoveis
2026,1,CHEVROLET,ONIX PREMIER,,nome,COMBUSTAO,,F,flex,10,GM,ONIX,automoveis
2026,1,CHEVROLET,ONIX RS,,nome,COMBUSTAO,,F,flex,10,GM,ONIX,automoveis
2026,1,CHEVROLET,ONIX MT,,nome,COMBUSTAO,,F,flex,10,GM,ONIX,automoveis
2026,1,CHEVROLET,ONIX LT,,nome,COMBUSTAO,,F,flex,10,GM,ONIX,automoveis
2026,1,CHEVROLET,ONIX MT,,nome,COMBUSTAO,,F,flex,10,GM,ONIX,automoveis
2026,1,CHEVROLET,ONIX AT,,nome,COMBUSTAO,,F,flex,10,GM,ONIX,automoveis
2026,1,CHEVROLET,ONIX PLUS LTZ,,nome,COMBUSTAO,,F,flex,10,GM,ONIX PLUS,automoveis
2026,1,CHEVROLET,ONIX PLUS PREMIER,,nome,COMBUSTAO,,F,flex,10,GM,ONIX PLUS,automoveis
2026,1,CHEVROLET,ONIX PLUS MT,,nome,COMBUSTAO,,F,flex,10,GM,ONIX PLUS,automoveis
2026,1,CHEVROLET,ONIX PLUS LT,,nome,COMBUSTAO,,F,flex,10,GM,ONIX PLUS,automoveis
2026,1,CHEVROLET,ONIX PLUS MT,,nome,COMBUSTAO,,F,flex,10,GM,ONIX PLUS,automoveis
2026,1,CHEVROLET,ONIX PLUS AT,,nome,COMBUSTAO,,F,flex,10,GM,ONIX PLUS,automoveis
2026,1,CHEVROLET,SPARK EUV ACTIV,,nome,ELETRICO,,E,bev,8,GM,SPARK,automoveis
2026,1,CHEVROLET,SPIN,,nome,COMBUSTAO,,F,flex,10,GM,SPIN,automoveis
2026,1,CHEVROLET,SPIN,,nome,COMBUSTAO,,F,flex,10,GM,SPIN,automoveis
2026,1,CHEVROLET,SPIN,,nome,COMBUSTAO,,F,flex,10,GM,SPIN,automoveis
2026,1,FIAT,CRONOS,,nome,COMBUSTAO,,F,flex,10,FIAT,CRONOS,automoveis
2026,1,FIAT,CRONOS DRIVE,,nome,COMBUSTAO,,F,flex,10,FIAT,CRONOS,automoveis
2026,1,FIAT,CRONOS DRIVE1.3AT,,nome,COMBUSTAO,,F,flex,10,FIAT,CRONOS,automoveis
2026,1,FIAT,CRONOS PREC,,nome,COMBUSTAO,,F,flex,10,FIAT,CRONOS,automoveis
2026,1,FIAT,CRONOS DRIVE,,nome,COMBUSTAO,,F,flex,10,FIAT,CRONOS,automoveis
2026,1,GEELY,EX2 MAX,,nome,ELETRICO,,E,bev,8,GEELY,EX2,automoveis
2026,1,GEELY,EX2 PRO,,nome,ELETRICO,,E,bev,8,GEELY,EX2,automoveis
2026,1,GWM,ORA 03 BEV58 C,,nome,ELETRICO,,E,bev,8,GWM,ORA 03,automoveis
2026,1,GWM,ORA 03 GT BEV63,,nome,ELETRICO,,E,bev,8,GWM,ORA 03,automoveis
2026,1,GWM,ORA 03 SKIN BEV48,,nome,ELETRICO,,E,bev,8,GWM,ORA 03,automoveis
2026,1,GWM,ORA 03 BEV58,,nome,ELETRICO,,E,bev,8,GWM,ORA 03,automoveis
2026,2,HONDA,CITY LX,,nome,COMBUSTAO,,F,flex,10,HONDA,CITY,automoveis
2026,2,HONDA,CITY EX,,nome,COMBUSTAO,,F,flex,10,HONDA,CITY,automoveis
2026,2,HONDA,CITY EXL,,nome,COMBUSTAO,,F,flex,10,HONDA,CITY,automoveis
2026,2,HONDA,CITY TOURING,,nome,COMBUSTAO,,F,flex,10,HONDA,CITY,automoveis
2026,2,HONDA,CITY HATCH LX,,nome,COMBUSTAO,,F,flex,10,HONDA,CITY HATCH,automoveis
2026,2,HONDA,CITY HATCH EX,,nome,COMBUSTAO,,F,flex,10,HONDA,CITY HATCH,automoveis
2026,2,HONDA,CITY HATCH EXL,,nome,COMBUSTAO,,F,flex,10,HONDA,CITY HATCH,automoveis
2026,2,HONDA,CITY HATCH TOURING,,nome,COMBUSTAO,,F,flex,10,HONDA,CITY HATCH,automoveis
2026,2,HONDA,CITY HATCH TOURING SPORT,,nome,COMBUSTAO,,F,flex,10,HONDA,CITY HATCH,automoveis
2026,2,HONDA,HR-V EX,,nome,COMBUSTAO,,F,flex,10,HONDA,HR-V,automoveis
2026,2,HONDA,HR-V EXL,,nome,COMBUSTAO,,F,flex,10,HONDA,HR-V,automoveis
2026,2,HONDA,HR-V ADVANCE,,nome,COMBUSTAO,,F,flex,10,HONDA,HR-V,automoveis
2026,2,HONDA,HR-V TOURING,,nome,COMBUSTAO,,F,flex,10,HONDA,HR-V,automoveis
2026,2,HONDA,HR-V (MOD. 26) ADVANCE,,nome,COMBUSTAO,,F,flex,10,HONDA,HR-V,automoveis
2026,2,HONDA,HR-V (MOD. 26) TOURING,,nome,COMBUSTAO,,F,flex,10,HONDA,HR-V,automoveis
2026,2,HYUNDAI,HB20S COMFORT,,nome,COMBUSTAO,,F,flex,10,HYUNDAI,HB20S,automoveis
2026,2,HYUNDAI,HB20S LIMITED,,nome,COMBUSTAO,,F,flex,10,HYUNDAI,HB20S,automoveis
2026,2,HYUNDAI,HB20S LIMITED,,nome,COMBUSTAO,,F,flex,10,HYUNDAI,HB20S,automoveis
2026,2,HYUNDAI,HB20S PLATINUM,,nome,COMBUSTAO,,F,flex,10,HYUNDAI,HB20S,automoveis
2026,2,HYUNDAI,KONA ULTIMATE,,nome,HIBRIDO,,G,hev,4,HYUNDAI,KONA,automoveis
2026,2,HYUNDAI,KONA SIGNATURE,,nome,HIBRIDO,,G,hev,4,HYUNDAI,KONA,automoveis
2026,2,HYUNDAI,I20 COMFORT,,nome,COMBUSTAO,,F,flex,10,HYUNDAI,I20,automoveis
2026,2,HYUNDAI,I20 LIMITED,,nome,COMBUSTAO,,F,flex,10,HYUNDAI,I20,automoveis
2026,2,HYUNDAI,I20 SENSE,,nome,COMBUSTAO,,F,flex,10,HYUNDAI,I20,automoveis
2026,2,HYUNDAI,I20 COMFORT,,nome,COMBUSTAO,,F,flex,10,HYUNDAI,I20,automoveis
2026,2,HYUNDAI,I20 LIMITED,,nome,COMBUSTAO,,F,flex,10,HYUNDAI,I20,automoveis
2026,2,HYUNDAI,I20 SENSE,,nome,COMBUSTAO,,F,flex,10,HYUNDAI,I20,automoveis
2026,2,HYUNDAI,I20 ACTION,,nome,COMBUSTAO,,F,flex,10,HYUNDAI,I20,automoveis
2026,2,HYUNDAI,I20 COMFORT,,nome,COMBUSTAO,,F,flex,10,HYUNDAI,I20,automoveis
2026,2,HYUNDAI,I20 LIMITED,,nome,COMBUSTAO,,F,flex,10,HYUNDAI,I20,automoveis
2026,2,HYUNDAI,I20 LIMITED PLUS,,nome,COMBUSTAO,,F,flex,10,HYUNDAI,I20,automoveis
2026,2,HYUNDAI,I20 PLATINUM,,nome,COMBUSTAO,,F,flex,10,HYUNDAI,I20,automoveis
2026,2,HYUNDAI,I20 XLINE,,nome,COMBUSTAO,,F,flex,10,HYUNDAI,I20,automoveis
2026,2,HYUNDAI,I20 PLATINUM PLUS,,nome,COMBUSTAO,,F,flex,10,HYUNDAI,I20,automoveis
2026,2,HYUNDAI,I20 ULTIMATE,,nome,COMBUSTAO,,F,flex,10,HYUNDAI,I20,automoveis
2026,2,MG,MG4 64 KWH COM,,nome,ELETRICO,,E,bev,8,MG,MG4,automoveis
2026,2,MG,MG4 64 KWH LUX,,nome,ELETRICO,,E,bev,8,MG,MG4,automoveis
2026,2,MG,MG4 64 KWH AWD,,nome,ELETRICO,,E,bev,8,MG,MG4,automoveis
2026,2,MINI,COOPER S 5P EXCLUSIVE,,nome,COMBUSTAO,,G,gasolina,9,MINI,COOPER,automoveis
2026,2,MINI,COOPER S 5P TOP,,nome,COMBUSTAO,,G,gasolina,9,MINI,COOPER,automoveis
2026,2,MINI,JCW-E ACEMAN,,nome,ELETRICO,,E,bev,8,MINI,JCW,automoveis
2026,2,NISSAN,VERSA SENSE CVT,,nome,COMBUSTAO,,F,flex,10,NISSAN,VERSA,automoveis
2026,2,NISSAN,VERSA ADVNC CVT,,nome,COMBUSTAO,,F,flex,10,NISSAN,VERSA,automoveis
2026,2,NISSAN,VERSA EXCL CVT,,nome,COMBUSTAO,,F,flex,10,NISSAN,VERSA,automoveis
2026,2,NISSAN,VERSA SR CVT,,nome,COMBUSTAO,,F,flex,10,NISSAN,VERSA,automoveis
2026,2,PEUGEOT,E2008 GT,,nome,ELETRICO,,E,bev,8,PEUGEOT,E2008,automoveis
2026,2,RENAULT,MEGANE E-TECH,,nome,ELETRICO,,E,bev,8,RENAULT,MEGANE,automoveis
2026,2,TOYOTA,GR YARIS 8AT,,nome,COMBUSTAO,,G,gasolina,9,TOYOTA,GR YARIS,automoveis
2026,2,TOYOTA,GR YARIS 6MT,,nome,COMBUSTAO,,G,gasolina,9,TOYOTA,GR YARIS,automoveis
2026,2,VOLVO,EX30 E40 CORE,,nome,ELETRICO,,E,bev,8,VOLVO,EX30,automoveis
2026,2,VOLVO,EX30 E40 PLUS,,nome,ELETRICO,,E,bev,8,VOLVO,EX30,automoveis
2026,2,VOLVO,EX30 E60 ULTRA,,nome,ELETRICO,,E,bev,8,VOLVO,EX30,automoveis
2026,2,VOLVO,EX30 E60 PLUS,,nome,ELETRICO,,E,bev,8,VOLVO,EX30,automoveis
2026,2,VOLVO,EX30 E60 CORE,,nome,ELETRICO,,E,bev,8,VOLVO,EX30,automoveis
2026,2,VOLVO,EX30 TWIN ULTRA,,nome,ELETRICO,,E,bev,8,VOLVO,EX30,automoveis
2026,2,VW,GOLF GOLF GTI,,nome,COMBUSTAO,,G,gasolina,9,VW,GOLF,automoveis
2026,2,VW,VIRTUS COMFORTLINE 200TSI AUT,,nome,COMBUSTAO,,F,flex,10,VW,VIRTUS,automoveis
2026,2,VW,VIRTUS HIGHLINE 200TSI AUT,,nome,COMBUSTAO,,F,flex,10,VW,VIRTUS,automoveis
2026,2,VW,VIRTUS TSI AUTOMATICO,,nome,COMBUSTAO,,F,flex,10,VW,VIRTUS,automoveis
2026,2,VW,VIRTUS TSI MECANICO,,nome,COMBUSTAO,,F,flex,10,VW,VIRTUS,automoveis
2026,2,VW,VIRTUS SENSE TSI MECANICO,,nome,COMBUSTAO,,F,flex,10,VW,VIRTUS,automoveis
2026,2,VW,VIRTUS EXCLUSIVE 250TSI AUT,,nome,COMBUSTAO,,F,flex,10,VW,VIRTUS,automoveis
2026,2,VW,POLO COMFORTLINE TSI AUT,,nome,COMBUSTAO,,F,flex,10,VW,POLO,automoveis
2026,2,VW,POLO SENSE TSI AUTOMATICO,,nome,COMBUSTAO,,F,flex,10,VW,POLO,automoveis
2026,2,VW,POLO HIGHLINE TSI AUTOMATICO,,nome,COMBUSTAO,,F,flex,10,VW,POLO,automoveis
2026,2,VW,POLO MPI,,nome,COMBUSTAO,,F,flex,10,VW,POLO,automoveis
2026,2,VW,POLO TRACK,,nome,COMBUSTAO,,F,flex,10,VW,POLO,automoveis
2026,2,VW,POLO TRACK ROBUST,,nome,COMBUSTAO,,F,flex,10,VW,POLO,automoveis
2026,2,VW,TERA MPI,,nome,COMBUSTAO,,F,flex,10,VW,TERA,automoveis
2026,2,AUDI,A3 SEDAN ADVANCED,,nome,COMBUSTAO,,G,gasolina,9,AUDI,A3 SEDAN,automoveis
2026,2,AUDI,A3 SEDAN PERFORMANCE,,nome,COMBUSTAO,,G,gasolina,9,AUDI,A3 SEDAN,automoveis
2026,2,AUDI,A3 SEDAN PERFORMANCE BLACK,,nome,COMBUSTAO,,G,gasolina,9,AUDI,A3 SEDAN,automoveis
2026,2,AUDI,RS3 SEDAN -,,nome,COMBUSTAO,,G,gasolina,9,AUDI,RS3,automoveis
2026,2,AUDI,RS3 SEDAN TRACK,,nome,COMBUSTAO,,G,gasolina,9,AUDI,RS3,automoveis
2026,2,AUDI,Q3 SUV LAUNCH EDITION (ED.0),,nome,COMBUSTAO,,G,gasolina,9,AUDI,Q3,automoveis
2026,2,AUDI,Q3 SUV LAUNCH EDITION (ED.0),,nome,COMBUSTAO,,G,gasolina,9,AUDI,Q3,automoveis
2026,2,AUDI,Q3 SPORTBACK LAUNCH EDITION (ED.0),,nome,COMBUSTAO,,G,gasolina,9,AUDI,Q3,automoveis
2026,2,AUDI,Q3 SPORTBACK LAUNCH EDITION (ED.0),,nome,COMBUSTAO,,G,gasolina,9,AUDI,Q3,automoveis
2026,2,AUDI,Q3 SUV LAUNCH EDITION,,nome,COMBUSTAO,,G,gasolina,9,AUDI,Q3,automoveis
2026,2,AUDI,Q3 SUV LAUNCH EDITION,,nome,COMBUSTAO,,G,gasolina,9,AUDI,Q3,automoveis
2026,2,AUDI,Q3 SPORTBACK LAUNCH EDITION,,nome,COMBUSTAO,,G,gasolina,9,AUDI,Q3,automoveis
2026,2,AUDI,Q3 SPORTBACK LAUNCH EDITION,,nome,COMBUSTAO,,G,gasolina,9,AUDI,Q3,automoveis
2026,2,BMW,220 -,,nome,COMBUSTAO,,G,gasolina,9,BMW,220,automoveis
2026,2,BMW,220 MSP,,nome,COMBUSTAO,,G,gasolina,9,BMW,220,automoveis
2026,2,BMW,X2 M35I,,nome,COMBUSTAO,,G,gasolina,9,BMW,X2,automoveis
2026,2,BYD,YUAN PLUS GS 560EV,,nome,ELETRICO,,E,bev,8,BYD,YUAN PLUS,automoveis
2026,2,CAOA CHERY,TIGGO 7 PHEV,,nome,PLUG-IN,PHEV,G,phev,3,CAOA CHERY,TIGGO 7,automoveis
2026,2,CAOA CHERY,TIGGO 7 PHEV,,nome,PLUG-IN,PHEV,G,phev,3,CHERY,TIGGO 7,automoveis
2026,2,CAOA CHERY,TIGGO 7 PHEV,,nome,PLUG-IN,PHEV,G,phev,3,CAOA CHERY,TIGGO 7,automoveis
2026,2,CAOA CHERY,TIGGO 7 PHEV,,nome,PLUG-IN,PHEV,G,phev,3,CHERY,TIGGO 7,automoveis
2026,2,GAC,AION UT ELITE,,nome,ELETRICO,,E,bev,8,GAC,AION UT,automoveis
2026,2,GAC,AION UT PREMIUM,,nome,ELETRICO,,E,bev,8,GAC,AION UT,automoveis
2026,2,HONDA,CIVIC HYBRID TOURING,,nome,HIBRIDO,HYBRID,G,hev,4,HONDA,CIVIC,automoveis
2026,2,HONDA,ZR-V TOURING,,nome,COMBUSTAO,,G,gasolina,9,HONDA,ZR-V,automoveis
2026,2,MERCEDES-BENZ,GLA200 AMG LINE,,nome,HIBRIDO,,G,hev,4,M.BENZ,CLASSE GLA,automoveis
2026,2,MERCEDES-BENZ,GLA200 PROGRESSIVE,,nome,HIBRIDO,,G,hev,4,M.BENZ,CLASSE GLA,automoveis
2026,2,MG,MG4 URB EV54KWH COM,,nome,ELETRICO,,E,bev,8,MG,MG4,automoveis
2026,2,MG,MG4 URB EV54KWH LUX,,nome,ELETRICO,,E,bev,8,MG,MG4,automoveis
2026,2,MG,MG4 URB EV43KWH COM,,nome,ELETRICO,,E,bev,8,MG,MG4,automoveis
2026,2,MG,MG4 URB EV43KWH LUX,,nome,ELETRICO,,E,bev,8,MG,MG4,automoveis
2026,2,MINI,JCW COUNTRYMAN,,nome,COMBUSTAO,,G,gasolina,9,MINI,JCW,automoveis
2026,2,MINI,JCW COUNTRYMAN EX,,nome,COMBUSTAO,,G,gasolina,9,MINI,JCW,automoveis
2026,3,NISSAN,SENTRA SEN CVT,GASOLINA,nome,COMBUSTAO,,G,gasolina,9,NISSAN,SENTRA,automoveis
2026,3,NISSAN,SENTRA ADV CVT,,nome,COMBUSTAO,,G,gasolina,9,NISSAN,SENTRA,automoveis
2026,3,NISSAN,SENTRA EXC CVT,,nome,COMBUSTAO,,G,gasolina,9,NISSAN,SENTRA,automoveis
2026,3,TOYOTA,COROLLA ALTIS HV,,nome,HIBRIDO,,F,hev,4,TOYOTA,COROLLA,automoveis
2026,3,TOYOTA,COROLLA APREMIUMH,,nome,HIBRIDO,,F,hev,4,TOYOTA,COROLLA,automoveis
2026,3,TOYOTA,COROLLA GLI HEV,,nome,HIBRIDO,HEV,F,hev,4,TOYOTA,COROLLA,automoveis
2026,3,TOYOTA,COROLLA COROLLA ALTIS 20,,nome,COMBUSTAO,,F,flex,10,TOYOTA,COROLLA,automoveis
2026,3,TOYOTA,COROLLA COROLLA GLI 20,,nome,COMBUSTAO,,F,flex,10,TOYOTA,COROLLA,automoveis
2026,3,TOYOTA,COROLLA COROLLA GRS,,nome,COMBUSTAO,,F,flex,10,TOYOTA,COROLLA,automoveis
2026,3,TOYOTA,COROLLA COROLLA XEI 20,,nome,COMBUSTAO,,F,flex,10,TOYOTA,COROLLA,automoveis
2026,3,TOYOTA,COROLLA COROLLA GLI,,nome,COMBUSTAO,,F,flex,10,TOYOTA,COROLLA,automoveis
2026,3,TOYOTA,COROLLA HB GR R,,nome,COMBUSTAO,,G,gasolina,9,TOYOTA,COROLLA GR,automoveis
2026,3,TOYOTA,COROLLA CROSS XRV HYBRID,,nome,HIBRIDO,HYBRID,F,hev,4,TOYOTA,COROLLA CROSS,automoveis
2026,3,TOYOTA,COROLLA CROSS XRX HYBRID,,nome,HIBRIDO,HYBRID,F,hev,4,TOYOTA,COROLLA CROSS,automoveis
2026,3,TOYOTA,COROLLA CROSS XR 20,,nome,COMBUSTAO,,F,flex,10,TOYOTA,COROLLA CROSS,automoveis
2026,3,TOYOTA,COROLLA CROSS XRE 20,,nome,COMBUSTAO,,F,flex,10,TOYOTA,COROLLA CROSS,automoveis
2026,3,TOYOTA,COROLLA CROSS XRX 20,,nome,COMBUSTAO,,F,flex,10,TOYOTA,COROLLA CROSS,automoveis
2026,3,TOYOTA,COROLLA CROSS GRS,,nome,COMBUSTAO,,F,flex,10,TOYOTA,COROLLA CROSS,automoveis
2026,3,AUDI,A5 PERFORMANCE S EDITION,,nome,COMBUSTAO,,G,gasolina,9,AUDI,A5,automoveis
2026,3,AUDI,A5 AVANT S LINE,,nome,COMBUSTAO,,G,gasolina,9,AUDI,A5,automoveis
2026,3,AUDI,A5 SEDAN S LINE (ED.0),,nome,COMBUSTAO,,G,gasolina,9,AUDI,A5,automoveis
2026,3,AUDI,A5 SEDAN S LINE,,nome,COMBUSTAO,,G,gasolina,9,AUDI,A5,automoveis
2026,3,AUDI,RS 6 AVANT PERFORMANCE,,nome,HIBRIDO,,G,hev,4,AUDI,RS,automoveis
2026,3,AUDI,A6 AVANT E-TRON S LINE,,nome,ELETRICO,E-TRON,E,bev,8,AUDI,A6,automoveis
2026,3,AUDI,A6 E-TRON PERFORMANCE BLACK,,nome,ELETRICO,E-TRON,E,bev,8,AUDI,A6,automoveis
2026,3,AUDI,Q5 SUV ADVANCED,,nome,COMBUSTAO,,G,gasolina,9,AUDI,Q5,automoveis
2026,3,AUDI,Q5 SUV S LINE,,nome,COMBUSTAO,,G,gasolina,9,AUDI,Q5,automoveis
2026,3,AUDI,Q5 SPORTBACK ADVANCED,,nome,COMBUSTAO,,G,gasolina,9,AUDI,Q5,automoveis
2026,3,AUDI,Q5 SPORTBACK S LINE,,nome,COMBUSTAO,,G,gasolina,9,AUDI,Q5,automoveis
2026,3,AUDI,Q7 S LINE,,nome,HIBRIDO,,G,hev,4,AUDI,Q7,automoveis
2026,3,AUDI,A6 E-TRON S LINE,,nome,ELETRICO,E-TRON,E,bev,8,AUDI,A6,automoveis
2026,3,AUDI,RS E-TRON GT PERFORMANCE,,nome,ELETRICO,E-TRON,E,bev,8,AUDI,RS,automoveis
2026,3,BMW,420I CABRIO,,nome,COMBUSTAO,,G,gasolina,9,BMW,420I,automoveis
2026,3,BMW,530E M SPORT,,nome,PLUG-IN,,G,phev,6,BMW,530E,automoveis
2026,3,BMW,320I M SPORT FLEX,,nome,COMBUSTAO,,F,flex,10,BMW,320I,automoveis
2026,3,BMW,320I SPORT GP FLEX,,nome,COMBUSTAO,,F,flex,10,BMW,320I,automoveis
2026,3,BMW,320I GP FLEX,,nome,COMBUSTAO,,F,flex,10,BMW,320I,automoveis
2026,3,BMW,320I ACTIVE FLEX,,nome,COMBUSTAO,,F,flex,10,BMW,320I,automoveis
2026,3,BMW,330E -,,nome,PLUG-IN,,G,phev,6,BMW,330E,automoveis
2026,3,BMW,I7 XDRIVE60,,nome,ELETRICO,,E,bev,8,BMW,I7,automoveis
2026,3,BMW,I5 M60,,nome,ELETRICO,,E,bev,8,BMW,I5,automoveis
2026,3,BYD,HAN AWD GS 680EV,,nome,ELETRICO,,E,bev,8,BYD,HAN,automoveis
2026,3,BYD,SEAL AWD GS 590EV,,nome,ELETRICO,,E,bev,8,BYD,SEAL,automoveis
2026,3,BYD,SONG PLUS GS DM,,nome,PLUG-IN,,G,phev,6,BYD,SONG PLUS,automoveis
2026,3,BYD,SONG PLUS PREM DM,,nome,PLUG-IN,,G,phev,6,BYD,SONG PLUS,automoveis
2026,3,BYD,SONG PLUS PREM DM (MY27),,nome,PLUG-IN,,G,phev,6,BYD,SONG PLUS,automoveis
2026,3,BYD,SONG PRO GS DM,,nome,PLUG-IN,,G,phev,6,BYD,SONG,automoveis
2026,3,BYD,SONG PRO GL DM,,nome,PLUG-IN,,G,phev,6,BYD,SONG,automoveis
2026,3,BYD,SONG PRO GL DM FLEX,,nome,PLUG-IN,,F,phev,6,BYD,SONG,automoveis
2026,3,BYD,SONG PRO GS DM FLEX,,nome,PLUG-IN,,F,phev,6,BYD,SONG,automoveis
2026,3,BYD,KING GL DM,,nome,PLUG-IN,,G,phev,6,BYD,KING,automoveis
2026,3,BYD,KING GS DM,,nome,PLUG-IN,,G,phev,6,BYD,KING,automoveis
2026,3,CAOA CHERY,TIGGO 8 PHEV,,nome,PLUG-IN,PHEV,G,phev,3,CAOA CHERY,TIGGO 8,automoveis
2026,3,CAOA CHERY,TIGGO 8 PHEV,,nome,PLUG-IN,PHEV,G,phev,3,CHERY,TIGGO,automoveis
2026,3,CHEVROLET,BLAZER EV RS,,nome,ELETRICO,EV,E,bev,8,GM,BLAZER,automoveis
2026,3,CHEVROLET,EQUINOX ACTIV,,nome,COMBUSTAO,,G,gasolina,9,GM,EQUINOX,automoveis
2026,3,CHEVROLET,EQUINOX RS,,nome,COMBUSTAO,,G,gasolina,9,GM,EQUINOX,automoveis
2026,3,CHEVROLET,EQUINOX EV -,,nome,ELETRICO,EV,E,bev,8,GM,EQUINOX,automoveis
2026,3,CHEVROLET,CAPTIVA EV PR,,nome,ELETRICO,EV,E,bev,8,GM,CAPTIVA,automoveis
2026,3,FORD,TERRITORY TITANIUM,,nome,COMBUSTAO,,G,gasolina,9,FORD,TERRITORY,automoveis
2026,3,GAC,AION ES PLUS,,nome,ELETRICO,,E,bev,8,GAC,AION ES,automoveis
2026,3,GEELY,EX5 MAX,,nome,ELETRICO,,E,bev,8,GEELY,EX5,automoveis
2026,3,GEELY,EX5 PRO,,nome,ELETRICO,,E,bev,8,GEELY,EX5,automoveis
2026,3,GEELY,EX5 EM-I MAX / PRO,,nome,PLUG-IN,,G,phev,6,GEELY,EX5 EM-I,automoveis
2026,3,GEELY,EX5 EM-I ULTRA,,nome,PLUG-IN,,G,phev,6,GEELY,EX5 EM-I,automoveis
2026,3,HONDA,ACCORD HYBRID TOURING,,nome,HIBRIDO,HYBRID,G,hev,4,HONDA,ACCORD,automoveis
2026,3,HYUNDAI,IONIQ 5 PLATINUM,,nome,ELETRICO,,E,bev,8,HYUNDAI,IONIQ,automoveis
2026,3,HYUNDAI,IONIQ 5 ULTIMATE,,nome,ELETRICO,,E,bev,8,HYUNDAI,IONIQ,automoveis
2026,3,HYUNDAI,IONIQ 5 SIGNATURE,,nome,ELETRICO,,E,bev,8,HYUNDAI,IONIQ,automoveis
2026,3,JAC,E-J7 E-J7,,nome,ELETRICO,,E,bev,8,JAC,E-J7,automoveis
2026,4,LEAPMOTOR,C10 REEV,1.5L - 16V/,nome,PLUG-IN,REEV,G,reev,2,LEAPMOTOR,C10,automoveis
2026,4,LEAPMOTOR,C10 DESIGN,ELETRICO,nome,ELETRICO,,E,bev,8,LEAPMOTOR,C10,automoveis
2026,4,MERCEDES-BENZ,CLA200 AMG LINE,,nome,HIBRIDO,,G,hev,4,M.BENZ,CLA200,automoveis
2026,4,MERCEDES-BENZ,CLA200 PROGRESSIVE,,nome,HIBRIDO,,G,hev,4,M.BENZ,CLA200,automoveis
2026,4,MERCEDES-BENZ,AMG CLA35 4M,,nome,HIBRIDO,,G,hev,4,M.BENZ,CLA35,automoveis
2026,4,MERCEDES-BENZ,C200 AMG LINE,,nome,HIBRIDO,,G,hev,4,M.BENZ,CLASSE C,automoveis
2026,4,MERCEDES-BENZ,C300 AMG LINE,,nome,HIBRIDO,,G,hev,4,M.BENZ,CLASSE C,automoveis
2026,4,MERCEDES-BENZ,AMG C63S EP F1,,nome,PLUG-IN,,G,phev,6,M.BENZ,AMG C63S,automoveis
2026,4,MERCEDES-BENZ,AMG C63S EP,,nome,PLUG-IN,,G,phev,6,M.BENZ,AMG C63S,automoveis
2026,4,MERCEDES-BENZ,E300 EXCLUSIVE,,nome,HIBRIDO,,G,hev,4,M.BENZ,CLASSE E,automoveis
2026,4,MERCEDES-BENZ,AMG S63 EP,,nome,PLUG-IN,,G,phev,6,M.BENZ,S63,automoveis
2026,4,MERCEDES-BENZ,E300 EXCLUSIVE,,nome,HIBRIDO,,G,hev,4,M.BENZ,CLASSE E,automoveis
2026,4,MITSUBISHI,OUTLANDER HPE-S E,,nome,PLUG-IN,,G,phev,6,MITSUBISHI,OUTLANDER,automoveis
2026,4,MITSUBISHI,OUTLANDER SIGNATURE E,,nome,PLUG-IN,,G,phev,6,MITSUBISHI,OUTLANDER,automoveis
2026,4,PORSCHE,MACAN S,,nome,COMBUSTAO,,G,gasolina,9,PORSCHE,MACAN,automoveis
2026,4,PORSCHE,MACAN E4,,nome,ELETRICO,,E,bev,8,PORSCHE,MACAN,automoveis
2026,4,PORSCHE,MACAN ETURBO,,nome,ELETRICO,,E,bev,8,PORSCHE,MACAN,automoveis
2026,4,PORSCHE,MACAN E4S,,nome,ELETRICO,,E,bev,8,PORSCHE,MACAN,automoveis
2026,4,PORSCHE,MACAN GTS (MY 2026),,nome,COMBUSTAO,,G,gasolina,9,PORSCHE,MACAN,automoveis
2026,4,PORSCHE,MACAN,,nome,COMBUSTAO,,G,gasolina,9,PORSCHE,MACAN,automoveis
2026,4,PORSCHE,MACAN T,,nome,COMBUSTAO,,G,gasolina,9,PORSCHE,MACAN,automoveis
2026,4,PORSCHE,MACAN EGTS,,nome,ELETRICO,,E,bev,8,PORSCHE,MACAN,automoveis
2026,4,PORSCHE,CAYENNE E,,nome,ELETRICO,,E,bev,8,PORSCHE,CAYENNE,automoveis
2026,4,PORSCHE,CAYENNE E OF,,nome,ELETRICO,,E,bev,8,PORSCHE,CAYENNE,automoveis
2026,4,PORSCHE,CAYENNE E C,,nome,ELETRICO,,E,bev,8,PORSCHE,CAYENNE,automoveis
2026,4,PORSCHE,CAYENNE E CO,,nome,ELETRICO,,E,bev,8,PORSCHE,CAYENNE,automoveis
2026,4,TOYOTA,RAV4 SX CONNECT,,nome,HIBRIDO,,G,hev,4,TOYOTA,RAV4,automoveis
2026,4,TOYOTA,RAV4 S CONNECT,,nome,HIBRIDO,,G,hev,4,TOYOTA,RAV4,automoveis
2026,4,TOYOTA,RAV4 SX HYBRID,,nome,COMBUSTAO,HYBRID,G,gasolina,9,TOYOTA,RAV4,automoveis
2026,4,TOYOTA,RAV4 S HYBRID,,nome,COMBUSTAO,HYBRID,G,gasolina,9,TOYOTA,RAV4,automoveis
2026,4,VW,JETTA GLI,,nome,COMBUSTAO,,G,gasolina,9,VW,JETTA,automoveis
2026,4,ZEEKR,001 FLAGSHIP,,nome,ELETRICO,,E,bev,8,ZEEKR,001,automoveis
2026,4,ZEEKR,001 PREMIUM,,nome,ELETRICO,,E,bev,8,ZEEKR,001,automoveis
2026,4,CAOA CHERY,TIGGO 5X PRO HA,,nome,HIBRIDO,,F,hev,4,CAOA CHERY,TIGGO 5X,automoveis
2026,4,CAOA CHERY,TIGGO 5X PRO HA,,nome,HIBRIDO,,F,hev,4,CHERY,TIGGO 5X,automoveis
2026,4,CAOA CHERY,TIGGO 5X PRO,,nome,COMBUSTAO,,F,flex,10,CAOA CHERY,TIGGO 5X,automoveis
2026,4,CAOA CHERY,TIGGO 5X PRO,,nome,COMBUSTAO,,F,flex,10,CHERY,TIGGO 5X,automoveis
2026,4,CAOA CHERY,TIGGO 5X SPORT,,nome,COMBUSTAO,,F,flex,10,CAOA CHERY,TIGGO 5X,automoveis
2026,4,CAOA CHERY,TIGGO 5X SPORT,,nome,COMBUSTAO,,F,flex,10,CHERY,TIGGO 5X,automoveis
2026,4,CAOA CHERY,TIGGO 5X PRO,,nome,COMBUSTAO,,F,flex,10,CAOA CHERY,TIGGO 5X,automoveis
2026,4,CAOA CHERY,TIGGO 5X PRO,,nome,COMBUSTAO,,F,flex,10,CHERY,TIGGO 5X,automoveis
2026,4,CAOA CHERY,TIGGO 5X SPORT,,nome,COMBUSTAO,,F,flex,10,CAOA CHERY,TIGGO 5X,automoveis
2026,4,CAOA CHERY,TIGGO 5X SPORT,,nome,COMBUSTAO,,F,flex,10,CHERY,TIGGO 5X,automoveis
2026,4,CHEVROLET,TRACKER LT,,nome,COMBUSTAO,,F,flex,10,GM,TRACKER,automoveis
2026,4,CHEVROLET,TRACKER LTZ,,nome,COMBUSTAO,,F,flex,10,GM,TRACKER,automoveis
2026,4,CHEVROLET,TRACKER AT,,nome,COMBUSTAO,,F,flex,10,GM,TRACKER,automoveis
2026,4,CHEVROLET,TRACKER LT,,nome,COMBUSTAO,,F,flex,10,GM,TRACKER,automoveis
2026,4,CHEVROLET,TRACKER LTZ,,nome,COMBUSTAO,,F,flex,10,GM,TRACKER,automoveis
2026,4,CHEVROLET,TRACKER RS,,nome,COMBUSTAO,,F,flex,10,GM,TRACKER,automoveis
2026,4,CHEVROLET,TRACKER PREMIER,,nome,COMBUSTAO,,F,flex,10,GM,TRACKER,automoveis
2026,4,CHEVROLET,TRACKER PREMIER,,nome,COMBUSTAO,,F,flex,10,GM,TRACKER,automoveis
2026,4,CHEVROLET,SONIC 10T AT PR,,nome,COMBUSTAO,,F,flex,10,GM,SONIC,automoveis
2026,4,CHEVROLET,SONIC 10T AT RS,,nome,COMBUSTAO,,F,flex,10,GM,SONIC,automoveis
2026,4,CITROEN,BASALT FEEL,,nome,COMBUSTAO,,F,flex,10,CITROEN,BASALT,automoveis
2026,4,CITROEN,BASALT LIVE,,nome,COMBUSTAO,,F,flex,10,CITROEN,BASALT,automoveis
2026,4,CITROEN,BASALT SHINE,,nome,COMBUSTAO,,F,flex,10,CITROEN,BASALT,automoveis
2026,4,CITROEN,BASALT FL PKT200,,nome,COMBUSTAO,,F,flex,10,CITROEN,BASALT,automoveis
2026,4,CITROEN,BASALT,,nome,COMBUSTAO,,F,flex,10,CITROEN,BASALT,automoveis
2026,4,CITROEN,C3 FEEL,,nome,COMBUSTAO,,F,flex,10,CITROEN,C3,automoveis
2026,4,CITROEN,C3 FEEL PLUS,,nome,COMBUSTAO,,F,flex,10,CITROEN,C3,automoveis
2026,4,CITROEN,C3 LIVE,,nome,COMBUSTAO,,F,flex,10,CITROEN,C3,automoveis
2026,4,CITROEN,C3 LIVE GO,,nome,COMBUSTAO,,F,flex,10,CITROEN,C3,automoveis
2026,4,CITROEN,C3 LIVE PK,,nome,COMBUSTAO,,F,flex,10,CITROEN,C3,automoveis
2026,4,CITROEN,C3 LIVE PLUS,,nome,COMBUSTAO,,F,flex,10,CITROEN,C3,automoveis
2026,4,CITROEN,C3 XTR,,nome,COMBUSTAO,,F,flex,10,CITROEN,C3,automoveis
2026,4,CITROEN,C3 YOU,,nome,COMBUSTAO,,F,flex,10,CITROEN,C3,automoveis
2026,4,CITROEN,AIRCROSS XTR 7,,nome,COMBUSTAO,,F,flex,10,CITROEN,AIRCROSS,automoveis
2026,4,CITROEN,AIRCROSS XTR,,nome,COMBUSTAO,,F,flex,10,CITROEN,AIRCROSS,automoveis
2026,4,CITROEN,AIRCROSS FL,,nome,COMBUSTAO,,F,flex,10,CITROEN,AIRCROSS,automoveis
2026,4,CITROEN,AIRCROSS 7 FL,,nome,COMBUSTAO,,F,flex,10,CITROEN,AIRCROSS,automoveis
2026,4,CITROEN,AIRCROSS FL PK,,nome,COMBUSTAO,,F,flex,10,CITROEN,AIRCROSS,automoveis
2026,4,CITROEN,AIRCROSS 7 FL PK,,nome,COMBUSTAO,,F,flex,10,CITROEN,AIRCROSS,automoveis
2026,4,CITROEN,AIRCROSS SH,,nome,COMBUSTAO,,F,flex,10,CITROEN,AIRCROSS,automoveis
2026,4,CITROEN,AIRCROSS 7 SH,,nome,COMBUSTAO,,F,flex,10,CITROEN,AIRCROSS,automoveis
2026,4,FIAT,ARGO TREKKING,,nome,COMBUSTAO,,F,flex,10,FIAT,ARGO,automoveis
2026,4,FIAT,ARGO ENDUR,,nome,COMBUSTAO,,F,flex,10,FIAT,ARGO,automoveis
2026,4,FIAT,ARGO TREKKING,,nome,COMBUSTAO,,F,flex,10,FIAT,ARGO,automoveis
2026,5,FIAT,FASTBACK TURBO 200,GASOLINA,nome,COMBUSTAO,,F,flex,10,FIAT,FASTBACK,automoveis
2026,5,FIAT,FASTBACK AUDACE HYB,,nome,HIBRIDO,,F,hev,4,FIAT,FASTBACK,automoveis
2026,5,FIAT,FASTBACK IMPETUS HY,,nome,HIBRIDO,,F,hev,4,FIAT,FASTBACK,automoveis
2026,5,FIAT,FASTBACK ABARTH 270,,nome,COMBUSTAO,,F,flex,10,FIAT,FASTBACK,automoveis
2026,5,FIAT,FASTBACK LIMITED ED,,nome,COMBUSTAO,,F,flex,10,FIAT,FASTBACK,automoveis
2026,5,FIAT,PULSE DRIVE MT,,nome,COMBUSTAO,,F,flex,10,FIAT,PULSE,automoveis
2026,5,FIAT,PULSE DRIVE AT,,nome,COMBUSTAO,,F,flex,10,FIAT,PULSE,automoveis
2026,5,FIAT,PULSE AUDACE HYB,,nome,HIBRIDO,,F,hev,4,FIAT,PULSE,automoveis
2026,5,FIAT,PULSE DRIVE TF 200,,nome,COMBUSTAO,,F,flex,10,FIAT,PULSE,automoveis
2026,5,FIAT,PULSE IMPETUS HYB,,nome,HIBRIDO,,F,hev,4,FIAT,PULSE,automoveis
2026,5,FIAT,PULSE ABARTH 270,,nome,COMBUSTAO,,F,flex,10,FIAT,PULSE,automoveis
2026,5,HONDA,WR-V EX,,nome,COMBUSTAO,,F,flex,10,HONDA,WR-V,automoveis
2026,5,HONDA,WR-V EXL,,nome,COMBUSTAO,,F,flex,10,HONDA,WR-V,automoveis
2026,5,HYUNDAI,CRETA COMFORT,,nome,COMBUSTAO,,F,flex,10,HYUNDAI,CRETA,automoveis
2026,5,HYUNDAI,CRETA COMFORT SAFETY,,nome,COMBUSTAO,,F,flex,10,HYUNDAI,CRETA,automoveis
2026,5,HYUNDAI,CRETA LIMITED,,nome,COMBUSTAO,,F,flex,10,HYUNDAI,CRETA,automoveis
2026,5,HYUNDAI,CRETA PLATINUM,,nome,COMBUSTAO,,F,flex,10,HYUNDAI,CRETA,automoveis
2026,5,HYUNDAI,CRETA N LINE,,nome,COMBUSTAO,,F,flex,10,HYUNDAI,CRETA,automoveis
2026,5,HYUNDAI,CRETA ULTIMATE,,nome,COMBUSTAO,,F,flex,10,HYUNDAI,CRETA,automoveis
2026,5,HYUNDAI,CRETA N-LINE,,nome,COMBUSTAO,,F,flex,10,HYUNDAI,CRETA,automoveis
2026,5,JEEP,RENEGADE ALTIT HYB,,nome,HIBRIDO,,F,hev,4,JEEP,RENEGADE,automoveis
2026,5,JEEP,RENEGADE ALTIT,,nome,COMBUSTAO,,F,flex,10,JEEP,RENEGADE,automoveis
2026,5,JEEP,RENEGADE ALTIT,,nome,COMBUSTAO,,F,flex,10,JEEP,RENEGADE,automoveis
2026,5,JEEP,RENEGADE LGTD,,nome,COMBUSTAO,,F,flex,10,JEEP,RENEGADE,automoveis
2026,5,JEEP,RENEGADE LONGIT HYB,,nome,HIBRIDO,,F,hev,4,JEEP,RENEGADE,automoveis
2026,5,JEEP,RENEGADE SAHARA,,nome,COMBUSTAO,,F,flex,10,JEEP,RENEGADE,automoveis
2026,5,JEEP,RENEGADE SAHARA HYB,,nome,HIBRIDO,,F,hev,4,JEEP,RENEGADE,automoveis
2026,5,JEEP,RENEGADE SPORT FLEX (MY27),,nome,COMBUSTAO,,F,flex,10,JEEP,RENEGADE,automoveis
2026,5,JEEP,RENEGADE SPORT,,nome,COMBUSTAO,,F,flex,10,JEEP,RENEGADE,automoveis
2026,5,JEEP,RENEGADE SPT T FLEX,,nome,COMBUSTAO,,F,flex,10,JEEP,RENEGADE,automoveis
2026,5,JEEP,RENEGADE SPT TURBO,,nome,COMBUSTAO,,F,flex,10,JEEP,RENEGADE,automoveis
2026,5,NISSAN,KICKS SENSE AT,,nome,COMBUSTAO,,F,flex,10,NISSAN,KICKS,automoveis
2026,5,NISSAN,KICKS ADVANCE AT,,nome,COMBUSTAO,,F,flex,10,NISSAN,KICKS,automoveis
2026,5,NISSAN,KICKS EXCLUSIV AT,,nome,COMBUSTAO,,F,flex,10,NISSAN,KICKS,automoveis
2026,5,NISSAN,KICKS PLATINUM AT,,nome,COMBUSTAO,,F,flex,10,NISSAN,KICKS,automoveis
2026,5,NISSAN,KAIT SENSE,,nome,COMBUSTAO,,F,flex,10,NISSAN,KAIT,automoveis
2026,5,NISSAN,KAIT ADVANCE,,nome,COMBUSTAO,,F,flex,10,NISSAN,KAIT,automoveis
2026,5,NISSAN,KAIT EXCLUSIVE,,nome,COMBUSTAO,,F,flex,10,NISSAN,KAIT,automoveis
2026,5,NISSAN,KAIT SENSE B CVT,,nome,COMBUSTAO,,F,flex,10,NISSAN,KAIT,automoveis
2026,5,NISSAN,KAIT ACTIVE CVT,,nome,COMBUSTAO,,F,flex,10,NISSAN,KAIT,automoveis
2026,5,NISSAN,KAIT ADV B CVT,,nome,COMBUSTAO,,F,flex,10,NISSAN,KAIT,automoveis
2026,5,PEUGEOT,2008 ACT,,nome,COMBUSTAO,,F,flex,10,PEUGEOT,2008,automoveis
2026,5,PEUGEOT,2008 ALLU,,nome,COMBUSTAO,,F,flex,10,PEUGEOT,2008,automoveis
2026,5,PEUGEOT,2008 GT,,nome,COMBUSTAO,,F,flex,10,PEUGEOT,2008,automoveis
2026,5,PEUGEOT,2008 GT HYBRID,,nome,HIBRIDO,HYBRID,F,hev,4,PEUGEOT,2008,automoveis
2026,5,RENAULT,KWID ZEN 2,,nome,COMBUSTAO,,F,flex,10,RENAULT,KWID,automoveis
2026,5,RENAULT,KWID ZEN 2,,nome,COMBUSTAO,,F,flex,10,RENAULT,KWID,comerciais_leves
2026,5,RENAULT,KWID INTENSE 2,,nome,COMBUSTAO,,F,flex,10,RENAULT,KWID,automoveis
2026,5,RENAULT,KWID INTENSE 2,,nome,COMBUSTAO,,F,flex,10,RENAULT,KWID,comerciais_leves
2026,5,RENAULT,KWID OUTSIDER 2,,nome,COMBUSTAO,,F,flex,10,RENAULT,KWID,automoveis
2026,5,RENAULT,KWID OUTSIDER 2,,nome,COMBUSTAO,,F,flex,10,RENAULT,KWID,comerciais_leves
2026,5,RENAULT,KWID INTENSE BITON,,nome,COMBUSTAO,,F,flex,10,RENAULT,KWID,automoveis
2026,5,RENAULT,KWID INTENSE BITON,,nome,COMBUSTAO,,F,flex,10,RENAULT,KWID,comerciais_leves
2026,5,RENAULT,KWID ICONIC 2,,nome,COMBUSTAO,,F,flex,10,RENAULT,KWID,automoveis
2026,5,RENAULT,KWID ICONIC 2,,nome,COMBUSTAO,,F,flex,10,RENAULT,KWID,comerciais_leves
2026,5,RENAULT,KWID LIFE 2,,nome,COMBUSTAO,,F,flex,10,RENAULT,KWID,automoveis
2026,5,RENAULT,KWID LIFE 2,,nome,COMBUSTAO,,F,flex,10,RENAULT,KWID,comerciais_leves
2026,5,RENAULT,KARDIAN TECH AT,,nome,COMBUSTAO,,F,flex,10,RENAULT,KARDIAN,automoveis
2026,5,RENAULT,KARDIAN ICO AT,,nome,COMBUSTAO,,F,flex,10,RENAULT,KARDIAN,automoveis
2026,5,RENAULT,KARDIAN 10T AT,,nome,COMBUSTAO,,F,flex,10,RENAULT,KARDIAN,automoveis
2026,5,RENAULT,KARDIAN EVO AT,,nome,COMBUSTAO,,F,flex,10,RENAULT,KARDIAN,automoveis
2026,5,RENAULT,KARDIAN EVO MT,,nome,COMBUSTAO,,F,flex,10,RENAULT,KARDIAN,automoveis
2026,5,TOYOTA,YARIS CROSS FLEX XR FLEX,,nome,COMBUSTAO,,F,flex,10,TOYOTA,YARIS CROSS,automoveis
2026,5,TOYOTA,YARIS CROSS FLEX XRE FLEX,,nome,COMBUSTAO,,F,flex,10,TOYOTA,YARIS CROSS,automoveis
2026,5,TOYOTA,YARIS CROSS FLEX XRX FLEX,,nome,COMBUSTAO,,F,flex,10,TOYOTA,YARIS CROSS,automoveis
2026,5,TOYOTA,YARIS CROSS XRX-HYBRID,,nome,HIBRIDO,HYBRID,F,hev,4,TOYOTA,YARIS CROSS,automoveis
2026,5,TOYOTA,YARIS CROSS XRE-HYBRID,,nome,HIBRIDO,HYBRID,F,hev,4,TOYOTA,YARIS CROSS,automoveis
2026,5,VW,T CROSS HIGHLINE 250TSI AUTOMATICO,,nome,COMBUSTAO,,F,flex,10,VW,T CROSS,automoveis
2026,5,VW,T CROSS,COMFORTLINE 200TSI,nome,COMBUSTAO,,F,flex,10,VW,T CROSS,automoveis
2026,5,VW,T CROSS,COMFORTLINE 200TSI,nome,COMBUSTAO,,F,flex,10,VW,T CROSS,automoveis
2026,5,VW,T CROSS 200TSI AUTOMATICO,AUTOMATICO,nome,COMBUSTAO,,F,flex,10,VW,T CROSS,automoveis
2026,5,VW,T CROSS 200TSI AUTOMATICO,,nome,COMBUSTAO,,F,flex,10,VW,T CROSS,automoveis
2026,5,VW,T CROSS SENSE 200TSI AUTOMATICO,,nome,COMBUSTAO,,F,flex,10,VW,T CROSS,automoveis
2026,5,VW,T CROSS SENSE 200TSI AUTOMATICO,,nome,COMBUSTAO,,F,flex,10,VW,T CROSS,automoveis
2026,5,VW,NIVUS HIGHLINE 200TSI AUTOMATICO,,nome,COMBUSTAO,,F,flex,10,VW,NIVUS,automoveis
2026,5,VW,NIVUS,COMFORTLINE 200TSI,nome,COMBUSTAO,,F,flex,10,VW,NIVUS,automoveis
2026,5,VW,T CROSS EXTREME 250TSI AUTOMATICO,AUTOMATICO,nome,COMBUSTAO,,F,flex,10,VW,T CROSS,automoveis
2026,5,VW,NIVUS GTS,,nome,COMBUSTAO,,F,flex,10,VW,NIVUS,automoveis
2026,5,VW,TERA COMFORT TSI,,nome,COMBUSTAO,,F,flex,10,VW,TERA,automoveis
2026,5,VW,TERA HIGH TSI,,nome,COMBUSTAO,,F,flex,10,VW,TERA,automoveis
2026,5,VW,TERA TSI,,nome,COMBUSTAO,,F,flex,10,VW,TERA,automoveis
2026,5,VOLVO,EX30 CROSSC PLUS,,nome,ELETRICO,,E,bev,8,VOLVO,EX30,automoveis
2026,5,VOLVO,EX30 C COUNTRY,,nome,ELETRICO,,E,bev,8,VOLVO,EX30,automoveis
2026,5,BMW,X1 S20I X LINE,,nome,COMBUSTAO,,G,gasolina,9,BMW,X1,automoveis
2026,5,BMW,X1 S20I M SPORT,,nome,COMBUSTAO,,G,gasolina,9,BMW,X1,automoveis
2026,5,BMW,X1 S20I GP,,nome,COMBUSTAO,,G,gasolina,9,BMW,X1,automoveis
2026,5,BMW,X2 XDRIVE20I MSP,,nome,COMBUSTAO,,G,gasolina,9,BMW,X2,automoveis
2026,5,BYD,YUAN PLUS GL310 EV,,nome,ELETRICO,EV,E,bev,8,BYD,YUAN PLUS,automoveis
2026,5,BYD,YUAN PLUS GS310 EV,,nome,ELETRICO,EV,E,bev,8,BYD,YUAN PLUS,automoveis
2026,5,CAOA CHERY,TIGGO 7 PRO 16TA,,nome,COMBUSTAO,,G,gasolina,9,CAOA CHERY,TIGGO 7,automoveis
2026,5,CAOA CHERY,TIGGO 7 PRO 16TA,,nome,COMBUSTAO,,G,gasolina,9,CHERY,TIGGO 7,automoveis
2026,5,CAOA CHERY,TIGGO 7 PRO HA,,nome,HIBRIDO,,F,hev,4,CAOA CHERY,TIGGO 7,automoveis
2026,5,CAOA CHERY,TIGGO 7 PRO HA,,nome,HIBRIDO,,F,hev,4,CHERY,TIGGO 7,automoveis
2026,5,CAOA CHERY,TIGGO 7 SPORT,,nome,COMBUSTAO,,F,flex,10,CAOA CHERY,TIGGO 7,automoveis
2026,5,CAOA CHERY,TIGGO 7 SPORT,,nome,COMBUSTAO,,F,flex,10,CHERY,TIGGO 7,automoveis
2026,5,CAOA CHERY,TIGGO 8 16TA,,nome,COMBUSTAO,,G,gasolina,9,CAOA CHERY,TIGGO 8,automoveis
2026,5,CAOA CHERY,TIGGO 8 16TA,,nome,COMBUSTAO,,G,gasolina,9,CHERY,TIGGO,automoveis
2026,5,CAOA CHERY,TIGGO 8 PHEV,,nome,PLUG-IN,PHEV,G,phev,3,CAOA CHERY,TIGGO 8,automoveis
2026,5,CAOA CHERY,TIGGO 8 PHEV,,nome,PLUG-IN,PHEV,G,phev,3,CHERY,TIGGO,automoveis
2026,5,CAOA CHERY,TIGGO 7 PRO 16TA,,nome,COMBUSTAO,,G,gasolina,9,CAOA CHERY,TIGGO 7,automoveis
2026,5,CAOA CHERY,TIGGO 7 PRO 16TA,,nome,COMBUSTAO,,G,gasolina,9,CHERY,TIGGO 7,automoveis
2026,5,CAOA CHERY,TIGGO 7 PRO HA,,nome,HIBRIDO,,F,hev,4,CAOA CHERY,TIGGO 7,automoveis
2026,5,CAOA CHERY,TIGGO 7 PRO HA,,nome,HIBRIDO,,F,hev,4,CHERY,TIGGO 7,automoveis
2026,5,CAOA CHERY,TIGGO 7 SPORT,16V,nome,COMBUSTAO,,F,flex,10,CAOA CHERY,TIGGO 7,automoveis
2026,5,CAOA CHERY,TIGGO 7 SPORT,16V,nome,COMBUSTAO,,F,flex,10,CHERY,TIGGO 7,automoveis
2026,5,CAOA CHERY,TIGGO 8 16TA,,nome,COMBUSTAO,,G,gasolina,9,CAOA CHERY,TIGGO 8,automoveis
2026,5,CAOA CHERY,TIGGO 8 16TA,,nome,COMBUSTAO,,G,gasolina,9,CHERY,TIGGO,automoveis
2026,5,GAC,GS4 PREMIUM,,nome,HIBRIDO,,G,hev,4,GAC,GS4,automoveis
2026,5,GAC,GS4 ELITE,,nome,HIBRIDO,,G,hev,4,GAC,GS4,automoveis
2026,5,GWM,HAVAL H6 HEV ONE (MY26),,nome,HIBRIDO,HEV,G,hev,4,GWM,HAVAL H6,automoveis
2026,5,GWM,HAVAL H6 HEV2 (MY26),,nome,HIBRIDO,,G,hev,4,GWM,HAVAL H6,automoveis
2026,5,GWM,HAVAL H6 PHEV19 (MY26),,nome,PLUG-IN,PHEV,G,phev,3,GWM,HAVAL H6,automoveis
2026,5,GWM,HAVAL H6 PHEV35 (MY26),,nome,PLUG-IN,PHEV,G,phev,3,GWM,HAVAL H6,automoveis
2026,5,GWM,HAVAL H6 GT (MY26),,nome,PLUG-IN,,G,phev,6,GWM,HAVAL H6,automoveis
2026,5,GWM,HAVAL H6 HEV ESP,,nome,HIBRIDO,HEV,G,hev,4,GWM,HAVAL H6,automoveis
2026,5,GWM,HAVAL H6 PHEV19 FF,,nome,PLUG-IN,PHEV,F,phev,3,GWM,HAVAL H6,automoveis
2026,5,GWM,HAVAL H6 PHEV35 FF,,nome,PLUG-IN,PHEV,F,phev,3,GWM,HAVAL H6,automoveis
2026,5,GWM,HAVAL H6 GT FF,,nome,PLUG-IN,,F,phev,6,GWM,HAVAL H6,automoveis
2026,5,GWM,HAVAL H6 HEV1 FLEX,,nome,HIBRIDO,,F,hev,4,GWM,HAVAL H6,automoveis
2026,5,GWM,HAVAL H6 HEV2 FLEX,,nome,HIBRIDO,,F,hev,4,GWM,HAVAL H6,automoveis
2026,5,HONDA,CR-V TOURING,,nome,HIBRIDO,,G,hev,4,HONDA,CRV,automoveis
2026,6,JEEP,COMMANDER LIM 7 270,,nome,COMBUSTAO,,F,flex,10,JEEP,COMMANDER,automoveis
2026,6,JEEP,COMMANDER LON 7 270,,nome,COMBUSTAO,,F,flex,10,JEEP,COMMANDER,automoveis
2026,6,JEEP,COMMANDER OVE 7 270,,nome,COMBUSTAO,,F,flex,10,JEEP,COMMANDER,automoveis
2026,6,JEEP,COMMANDER LMTD HYB,,nome,HIBRIDO,,F,hev,4,JEEP,COMMANDER,automoveis
2026,6,JEEP,COMMANDER OVER HYB,,nome,HIBRIDO,,F,hev,4,JEEP,COMMANDER,automoveis
2026,6,JEEP,COMPASS LIMITED T,,nome,COMBUSTAO,,F,flex,10,JEEP,COMPASS,automoveis
2026,6,JEEP,COMPASS LONGITUDE T,,nome,COMBUSTAO,,F,flex,10,JEEP,COMPASS,automoveis
2026,6,JEEP,COMPASS SERIE S T,,nome,COMBUSTAO,,F,flex,10,JEEP,COMPASS,automoveis
2026,6,JEEP,COMPASS SPORT T,,nome,COMBUSTAO,,F,flex,10,JEEP,COMPASS,automoveis
2026,6,JETOUR,T2 I-DM ADVANCE,,nome,PLUG-IN,,G,phev,6,JETOUR,T2,automoveis
2026,6,JETOUR,T2 I-DM PREMIUM,,nome,PLUG-IN,,G,phev,6,JETOUR,T2,automoveis
2026,6,KIA,SPORTAGE TMHEV EX,,nome,HIBRIDO,MHEV,G,mhev,1,KIA,SPORTAGE,automoveis
2026,6,KIA,SPORTAGE TMHEV LX,,nome,HIBRIDO,MHEV,G,mhev,1,KIA,SPORTAGE,automoveis
2026,6,KIA,SPORTAGE TMHEV SX,,nome,HIBRIDO,MHEV,G,mhev,1,KIA,SPORTAGE,automoveis
2026,6,KIA,SPORTAGE TMHEV GT,,nome,HIBRIDO,MHEV,G,mhev,1,KIA,SPORTAGE,automoveis
2026,6,KIA,SPORTAGE TMHEV EXP,,nome,HIBRIDO,MHEV,G,mhev,1,KIA,SPORTAGE,automoveis
2026,6,MITSUBISHI,ECLIPSE CROSS RUSH,,nome,COMBUSTAO,,G,gasolina,9,MITSUBISHI,ECLIPSE CROSS,automoveis
2026,6,MITSUBISHI,ECLIPSE CROSS HPE,,nome,COMBUSTAO,,G,gasolina,9,MITSUBISHI,ECLIPSE CROSS,automoveis
2026,6,MITSUBISHI,ECLIPSE CROSS HPE BLACK,,nome,COMBUSTAO,,G,gasolina,9,MITSUBISHI,ECLIPSE CROSS,automoveis
2026,6,MITSUBISHI,ECLIPSE CROSS HPE-S,,nome,COMBUSTAO,,G,gasolina,9,MITSUBISHI,ECLIPSE CROSS,automoveis
2026,6,RENAULT,DUSTER DUSTER ICO16 CVT,,nome,COMBUSTAO,,F,flex,10,RENAULT,DUSTER,automoveis
2026,6,RENAULT,DUSTER DUSTER ICOP CVT,,nome,COMBUSTAO,,F,flex,10,RENAULT,DUSTER,automoveis
2026,6,RENAULT,DUSTER DUSTERINT16 CVT,,nome,COMBUSTAO,,F,flex,10,RENAULT,DUSTER,automoveis
2026,6,RENAULT,DUSTER DUSTER INTP CVT,,nome,COMBUSTAO,,F,flex,10,RENAULT,DUSTER,automoveis
2026,6,RENAULT,DUSTER DUSTER LIF16 CVT,,nome,COMBUSTAO,,F,flex,10,RENAULT,DUSTER,automoveis
2026,6,RENAULT,DUSTER DUSTER ZEN16 CVT,,nome,COMBUSTAO,,F,flex,10,RENAULT,DUSTER,automoveis
2026,6,RENAULT,DUSTER DUSTER INT 16,,nome,COMBUSTAO,,F,flex,10,RENAULT,DUSTER,automoveis
2026,6,RENAULT,DUSTER DUSTER INTP MT,,nome,COMBUSTAO,,F,flex,10,RENAULT,DUSTER,automoveis
2026,6,RENAULT,DUSTER DUSTER ZEN 16,,nome,COMBUSTAO,,F,flex,10,RENAULT,DUSTER,automoveis
2026,6,RENAULT,DUSTER DUSTER ICO TCE,,nome,COMBUSTAO,,F,flex,10,RENAULT,DUSTER,automoveis
2026,6,RENAULT,DUSTER DUSTER ICOUT TCE,,nome,COMBUSTAO,,F,flex,10,RENAULT,DUSTER,automoveis
2026,6,RENAULT,DUSTER DUSTER ZEN13TCE,,nome,COMBUSTAO,,F,flex,10,RENAULT,DUSTER,automoveis
2026,6,RENAULT,BOREAL EVO,,nome,COMBUSTAO,,F,flex,10,RENAULT,BOREAL,automoveis
2026,6,RENAULT,BOREAL TECH,,nome,COMBUSTAO,,F,flex,10,RENAULT,BOREAL,automoveis
2026,6,RENAULT,BOREAL ICO,,nome,COMBUSTAO,,F,flex,10,RENAULT,BOREAL,automoveis
2026,6,VW,TAOS HIGHLINE 250TSI AUTOMATICO,,nome,COMBUSTAO,,F,flex,10,VW,TAOS,automoveis
2026,6,VW,TAOS,COMFORTLINE 250TSI,nome,COMBUSTAO,,F,flex,10,VW,TAOS,automoveis
2026,6,BMW,X3 M50I,,nome,HIBRIDO,,G,hev,4,BMW,X3,automoveis
2026,6,BMW,X3 30 XDRIVE,,nome,HIBRIDO,,G,hev,4,BMW,X3,automoveis
2026,6,BMW,X5 XDRIVE50E MSP,,nome,PLUG-IN,,G,phev,6,BMW,X5,automoveis
2026,6,BMW,X5 XDRIVE50E XLINE,,nome,PLUG-IN,,G,phev,6,BMW,X5,automoveis
2026,6,BMW,X6 XDRIVE40I MSP,,nome,HIBRIDO,,G,hev,4,BMW,X6,automoveis
2026,6,BMW,X6 40I MSP DARK ED,,nome,HIBRIDO,,G,hev,4,BMW,X6,automoveis
2026,6,JETOUR,T2 I-DM PRM 4X4,,nome,PLUG-IN,,G,phev,6,JETOUR,T2,automoveis
2026,6,MERCEDES-BENZ,GLC300 4M,,nome,HIBRIDO,,G,hev,4,M.BENZ,GLC,automoveis
2026,6,MERCEDES-BENZ,GLC300 4M CO,,nome,HIBRIDO,,G,hev,4,M.BENZ,GLC,automoveis
2026,6,MITSUBISHI,ECLIPSE CROSS HPE-S S-AWC,,nome,COMBUSTAO,,G,gasolina,9,MITSUBISHI,ECLIPSE CROSS,automoveis
2026,6,MITSUBISHI,ECLIPSE CROSS HPE-S BLACK S-AWC,,nome,COMBUSTAO,,G,gasolina,9,MITSUBISHI,ECLIPSE CROSS,automoveis
2026,6,PORSCHE,CAYENNE GT COUPE,,nome,COMBUSTAO,,G,gasolina,9,PORSCHE,CAYENNE,automoveis
2026,6,PORSCHE,CAYENNE PHEV,,nome,PLUG-IN,PHEV,G,phev,3,PORSCHE,CAYENNE,automoveis
2026,6,PORSCHE,CAYENNE CP PHE,,nome,PLUG-IN,,G,phev,6,PORSCHE,CAYENNE,automoveis
2026,6,PORSCHE,CAYENNE CPH BE,,nome,PLUG-IN,,G,phev,6,PORSCHE,CAYENNE,automoveis
2026,6,PORSCHE,CAYENNE PH BE,,nome,PLUG-IN,,G,phev,6,PORSCHE,CAYENNE,automoveis
2026,6,PORSCHE,CAYENNE COUPE,,nome,COMBUSTAO,,G,gasolina,9,PORSCHE,CAYENNE,automoveis
2026,6,PORSCHE,CAYENNE V6,,nome,COMBUSTAO,,G,gasolina,9,PORSCHE,CAYENNE,automoveis
2026,6,PORSCHE,CAYENNE T PHEV,,nome,PLUG-IN,PHEV,G,phev,3,PORSCHE,CAYENNE,automoveis
2026,6,PORSCHE,CAYENNE TCPHEV,,nome,PLUG-IN,,G,phev,6,PORSCHE,CAYENNE,automoveis
2026,6,PORSCHE,CAYENNE GTP,,nome,COMBUSTAO,,G,gasolina,9,PORSCHE,CAYENNE,automoveis
2026,6,PORSCHE,CAYENNE GTS CP,,nome,COMBUSTAO,,G,gasolina,9,PORSCHE,CAYENNE,automoveis
2026,6,PORSCHE,CAYENNE S,,nome,COMBUSTAO,,G,gasolina,9,PORSCHE,CAYENNE,automoveis
2026,6,PORSCHE,CAYENNE S CP,,nome,COMBUSTAO,,G,gasolina,9,PORSCHE,CAYENNE,automoveis
2026,6,PORSCHE,CAYENNE S PHEV,,nome,PLUG-IN,PHEV,G,phev,3,PORSCHE,CAYENNE,automoveis
2026,6,PORSCHE,CAYENNE SCPHEV,,nome,PLUG-IN,,G,phev,6,PORSCHE,CAYENNE,automoveis
2026,6,PORSCHE,CAYENNE SCPHBE,,nome,PLUG-IN,,G,phev,6,PORSCHE,CAYENNE,automoveis
2026,6,PORSCHE,CAYENNE SPH BE,,nome,PLUG-IN,,G,phev,6,PORSCHE,CAYENNE,automoveis
2026,6,PORSCHE,CAYENNE E,,nome,ELETRICO,,E,bev,8,PORSCHE,CAYENNE,automoveis
2026,6,PORSCHE,CAYENNE E OF,,nome,ELETRICO,,E,bev,8,PORSCHE,CAYENNE,automoveis
2026,6,PORSCHE,CAYENNE E C,,nome,ELETRICO,,E,bev,8,PORSCHE,CAYENNE,automoveis
2026,6,PORSCHE,CAYENNE E CO,,nome,ELETRICO,,E,bev,8,PORSCHE,CAYENNE,automoveis
2026,6,PORSCHE,CAYENNE ET,,nome,ELETRICO,,E,bev,8,PORSCHE,CAYENNE,automoveis
2026,6,PORSCHE,CAYENNE ET C,,nome,ELETRICO,,E,bev,8,PORSCHE,CAYENNE,automoveis
2026,6,PORSCHE,CAYENNE ET OF,,nome,ELETRICO,,E,bev,8,PORSCHE,CAYENNE,automoveis
2026,6,PORSCHE,CAYENNE ET CO,,nome,ELETRICO,,E,bev,8,PORSCHE,CAYENNE,automoveis
2026,6,VOLVO,XC60 INSC EXPRESS,,nome,PLUG-IN,,G,phev,6,VOLVO,XC60,automoveis
2026,6,VOLVO,XC60 T8 CORE,,nome,PLUG-IN,,G,phev,6,VOLVO,XC60,automoveis
2026,6,VOLVO,XC60 T8 INSCRIPT,,nome,PLUG-IN,,G,phev,6,VOLVO,XC60,automoveis
2026,6,VOLVO,XC60 T8 MOMENTUM,,nome,PLUG-IN,,G,phev,6,VOLVO,XC60,automoveis
2026,6,VOLVO,XC60 T8 PLUS,,nome,PLUG-IN,,G,phev,6,VOLVO,XC60,automoveis
2026,6,VOLVO,XC60 T8 POLESTAR,,nome,PLUG-IN,,G,phev,6,VOLVO,XC60,automoveis
2026,6,VOLVO,XC60 T8 R-DESIGN,,nome,PLUG-IN,,G,phev,6,VOLVO,XC60,automoveis
2026,6,VOLVO,XC60 T8 ULT DARK,,nome,PLUG-IN,,G,phev,6,VOLVO,XC60,automoveis
2026,6,VOLVO,XC60 T8 ULTIMATE,,nome,PLUG-IN,,G,phev,6,VOLVO,XC60,automoveis
2026,6,VOLVO,XC60 T8 ULTRA,,nome,PLUG-IN,,G,phev,6,VOLVO,XC60,automoveis
2026,6,VOLVO,XC90 INSC EXPRESS,,nome,PLUG-IN,,G,phev,6,VOLVO,XC90,automoveis
2026,6,VOLVO,XC90 T8 CORE,,nome,PLUG-IN,,G,phev,6,VOLVO,XC90,automoveis
2026,6,VOLVO,XC90 T8 EXCELLEN,,nome,PLUG-IN,,G,phev,6,VOLVO,XC90,automoveis
2026,6,VOLVO,XC90 T8 INSCRIPT,,nome,PLUG-IN,,G,phev,6,VOLVO,XC90,automoveis
2026,6,VOLVO,XC90 T8 MOMENTUM,,nome,PLUG-IN,,G,phev,6,VOLVO,XC90,automoveis
2026,6,VOLVO,XC90 T8 PLUS,,nome,PLUG-IN,,G,phev,6,VOLVO,XC90,automoveis
2026,6,VOLVO,XC90 T8 POLESTAR,,nome,PLUG-IN,,G,phev,6,VOLVO,XC90,automoveis
2026,6,VOLVO,XC90 T8 R-DESIGN,,nome,PLUG-IN,,G,phev,6,VOLVO,XC90,automoveis
2026,6,VOLVO,XC90 T8 ULT DARK,,nome,PLUG-IN,,G,phev,6,VOLVO,XC90,automoveis
2026,6,VOLVO,XC90 T8 ULTIMATE,,nome,PLUG-IN,,G,phev,6,VOLVO,XC90,automoveis
2026,6,VOLVO,XC90 T8 ULTRA,,nome,PLUG-IN,,G,phev,6,VOLVO,XC90,automoveis
2026,6,VOLVO,XC90 T8 AWD PLUS,,nome,PLUG-IN,,G,phev,6,VOLVO,XC90,automoveis
2026,6,VOLVO,XC90 T8 AWD ULT,,nome,PLUG-IN,,G,phev,6,VOLVO,XC90,automoveis
2026,6,VOLVO,XC90 T8 AWD ULTD,,nome,PLUG-IN,,G,phev,6,VOLVO,XC90,automoveis
2026,6,VOLVO,XC90 AWD ULT BLA,,nome,PLUG-IN,,G,phev,6,VOLVO,XC90,automoveis
2026,7,JEEP,RENEGADE WILLYS 4X4,,nome,COMBUSTAO,,F,flex,10,JEEP,RENEGADE,automoveis
2026,7,JEEP,RENEGADE WILLYS 4X4T (MY27),,nome,COMBUSTAO,,F,flex,10,JEEP,RENEGADE,automoveis
2026,7,CHEVROLET,TRAILBLAZER HC D4A,,nome,COMBUSTAO,,D,diesel,11,GM,TRAILBLAZER,automoveis
2026,7,CHEVROLET,TRAILBLAZER LT D4A,,nome,COMBUSTAO,,D,diesel,11,GM,TRAILBLAZER,automoveis
2026,7,CHEVROLET,TRAILBLAZER HC MID,,nome,COMBUSTAO,,D,diesel,11,GM,TRAILBLAZER,automoveis
2026,7,FORD,BRONCO SPORT BADLANDS,,nome,COMBUSTAO,,G,gasolina,9,FORD,BRONCO,automoveis
2026,7,GWM,HAVAL H9 EXC,,nome,COMBUSTAO,,D,diesel,11,GWM,HAVAL H9,automoveis
2026,7,GWM,HAVAL H9 SELECTION,,nome,COMBUSTAO,,D,diesel,11,GWM,HAVAL H9,automoveis
2026,7,GWM,TANK 300 PHEV,,nome,PLUG-IN,PHEV,G,phev,3,GWM,TANK 300,automoveis
2026,7,GWM,TANK 300 PHEV FLEX,,nome,PLUG-IN,PHEV,F,phev,3,GWM,TANK 300,automoveis
2026,7,JEEP,COMMANDER BLA,,nome,COMBUSTAO,,G,gasolina,9,JEEP,COMMANDER,automoveis
2026,7,JEEP,COMMANDER OVE,,nome,COMBUSTAO,,D,diesel,11,JEEP,COMMANDER,automoveis
2026,7,JEEP,COMMANDER BLK GME (MY27),,nome,COMBUSTAO,,F,flex,10,JEEP,COMMANDER,automoveis
2026,7,JEEP,COMPASS BLACKHAWK,,nome,COMBUSTAO,,G,gasolina,9,JEEP,COMPASS,automoveis
2026,7,JEEP,COMPASS BLACKHAWK F,,nome,COMBUSTAO,,F,flex,10,JEEP,COMPASS,automoveis
2026,7,JEEP,WRANGLER UNL RUBI,,nome,COMBUSTAO,,G,gasolina,9,JEEP,WRANGLER,automoveis
2026,7,KIA,SORENTO EX,,nome,COMBUSTAO,,D,diesel,11,KIA,SORENTO,automoveis
2026,7,LAND ROVER,RANGE ROVER PHEV SV,,nome,PLUG-IN,PHEV,G,phev,3,LAND ROVER,RANGE ROVER,automoveis
2026,7,LAND ROVER,RANGE ROVER PHEV SE,,nome,PLUG-IN,PHEV,G,phev,3,LAND ROVER,RANGE ROVER,automoveis
2026,7,LAND ROVER,RANGE ROVER PHEV HSE,,nome,PLUG-IN,PHEV,G,phev,3,LAND ROVER,RANGE ROVER,automoveis
2026,7,LAND ROVER,RANGE ROVER PHEV AB,,nome,PLUG-IN,PHEV,G,phev,3,LAND ROVER,RANGE ROVER,automoveis
2026,7,LAND ROVER,DEFENDER 90 D350 HSE XD,,nome,HIBRIDO,,D,hev,4,LAND ROVER,DEFENDER,automoveis
2026,7,LAND ROVER,DEFENDER 130 D350 X,,nome,HIBRIDO,,D,hev,4,LAND ROVER,DEFENDER,automoveis
2026,7,LAND ROVER,DEFENDER 130 D350 X7L,,nome,HIBRIDO,,D,hev,4,LAND ROVER,DEFENDER,automoveis
2026,7,LAND ROVER,VELAR PHEV AB,,nome,PLUG-IN,PHEV,G,phev,3,LAND ROVER,VELAR,automoveis
2026,7,LAND ROVER,DEFENDER 110 D350 TROPHY,,nome,HIBRIDO,,D,hev,4,LAND ROVER,DEFENDER,automoveis
2026,7,LAND ROVER,DEFENDER 110 D350 HSEXD 7L,,nome,HIBRIDO,,D,hev,4,LAND ROVER,DEFENDER,automoveis
2026,7,LAND ROVER,DEFENDER 110 D350 X 7L,,nome,HIBRIDO,,D,hev,4,LAND ROVER,DEFENDER,automoveis
2026,7,LAND ROVER,DISCOVERY D350 LE,,nome,HIBRIDO,,D,hev,4,LAND ROVER,DISCOVERY,automoveis
2026,7,LAND ROVER,DISCOVERY D350 TEMPEST,,nome,HIBRIDO,,D,hev,4,LAND ROVER,DISCOVERY,automoveis
2026,7,LAND ROVER,RANGE ROVER SPORT PHEV S,,nome,PLUG-IN,PHEV,G,phev,3,LAND ROVER,RANGE ROVER,automoveis
2026,7,LAND ROVER,RANGE ROVER SPORT PHEV SE,,nome,PLUG-IN,PHEV,G,phev,3,LAND ROVER,RANGE ROVER,automoveis
2026,7,LAND ROVER,RANGE ROVER SPORT PHEV SED,,nome,PLUG-IN,PHEV,G,phev,3,LAND ROVER,RANGE ROVER,automoveis
2026,7,LAND ROVER,RANGE ROVER SPORT PHEV HSED,,nome,PLUG-IN,PHEV,G,phev,3,LAND ROVER,RANGE ROVER,automoveis
2026,7,LAND ROVER,RANGE ROVER SPORT PHEV AB,,nome,PLUG-IN,PHEV,G,phev,3,LAND ROVER,RANGE ROVER,automoveis
2026,7,LAND ROVER,EVOQUE P250FF AB,,nome,COMBUSTAO,,F,flex,10,LAND ROVER,EVOQUE,automoveis
2026,7,LAND ROVER,DISCOVERY SPORT P250FF LE,,nome,COMBUSTAO,,F,flex,10,LAND ROVER,DISCOVERY,automoveis
2026,7,LAND ROVER,DISCOVERY SPORT P250FF LE 7L,,nome,COMBUSTAO,,F,flex,10,LAND ROVER,DISCOVERY,automoveis
2026,7,LAND ROVER,DISCOVERY SPORT P250FF SE D,,nome,COMBUSTAO,,F,flex,10,LAND ROVER,DISCOVERY,automoveis
2026,7,LAND ROVER,DISCOVERY SPORT P250FF SED7L,,nome,COMBUSTAO,,F,flex,10,LAND ROVER,DISCOVERY,automoveis
2026,7,TOYOTA,SW4 DIESEL 4X4 DIAMOND AT,,nome,COMBUSTAO,,D,diesel,11,TOYOTA,HILUX SW4,automoveis
2026,7,TOYOTA,SW4 DIESEL 4X4 DIAMOND AT,,nome,COMBUSTAO,,D,diesel,11,TOYOTA,HILUX SW4,comerciais_leves
2026,7,TOYOTA,SW4 DIESEL 4X4 SRX PLATINUM AT,,nome,COMBUSTAO,,D,diesel,11,TOYOTA,HILUX SW4,automoveis
2026,7,TOYOTA,SW4 DIESEL 4X4 SRX PLATINUM AT,,nome,COMBUSTAO,,D,diesel,11,TOYOTA,HILUX SW4,comerciais_leves
2026,7,VW,TIGUAN R LINE,,nome,COMBUSTAO,,G,gasolina,9,VW,TIGUAN,automoveis
2026,7,CHEVROLET,SPIN,,nome,COMBUSTAO,,F,flex,10,GM,SPIN,automoveis
2026,7,CHEVROLET,SPIN 18L AT PREMIER,,nome,COMBUSTAO,,F,flex,10,GM,SPIN,automoveis
2026,7,KIA,CARNIVAL HEV EX,,nome,HIBRIDO,HEV,G,hev,4,KIA,CARNIVAL,automoveis
2026,7,KIA,CARNIVAL HEV LX,,nome,HIBRIDO,HEV,G,hev,4,KIA,CARNIVAL,automoveis
2026,7,KIA,CARNIVAL HEV SX,,nome,HIBRIDO,HEV,G,hev,4,KIA,CARNIVAL,automoveis
2026,7,CHEVROLET,ONIX LOG,,nome,COMBUSTAO,,F,flex,10,GM,ONIX,automoveis
2026,7,CHEVROLET,ONIX 10MT LOG,,nome,COMBUSTAO,,F,flex,10,GM,ONIX,automoveis
2026,7,CITROEN,JUMPER COMFORT,,nome,COMBUSTAO,,D,diesel,11,CITROEN,JUMPER,comerciais_leves
2026,7,CITROEN,JUMPER MB16,,nome,COMBUSTAO,,D,diesel,11,CITROEN,JUMPER,comerciais_leves
2026,7,CITROEN,JUMPER CARGOPK,,nome,COMBUSTAO,,D,diesel,11,CITROEN,JUMPER,comerciais_leves
2026,7,CITROEN,JUMPER FURG PK,,nome,COMBUSTAO,,D,diesel,11,CITROEN,JUMPER,comerciais_leves
2026,7,CITROEN,JUMPER VITRE,,nome,COMBUSTAO,,D,diesel,11,CITROEN,JUMPER,comerciais_leves
2026,7,CITROEN,JUMPER L3H2AMB,,nome,COMBUSTAO,,D,diesel,11,CITROEN,JUMPER,comerciais_leves
2026,7,CITROEN,JUMPY CARGO,,nome,COMBUSTAO,,D,diesel,11,CITROEN,JUMPY,comerciais_leves
2026,7,CITROEN,JUMPY VITRE,,nome,COMBUSTAO,,D,diesel,11,CITROEN,JUMPY,comerciais_leves
2026,7,FARIZON,V6E --,,nome,ELETRICO,,E,bev,8,FARIZON,V6E,comerciais_leves
2026,7,FIAT,DUCATO MB COMFORT,,nome,COMBUSTAO,,D,diesel,11,FIAT,DUCATO,comerciais_leves
2026,7,FIAT,DUCATO MB LUXO 16,,nome,COMBUSTAO,,D,diesel,11,FIAT,DUCATO,comerciais_leves
2026,7,FIAT,DUCATO L3H2AMB,,nome,COMBUSTAO,,D,diesel,11,FIAT,DUCATO,comerciais_leves
2026,7,FIAT,DUCATO MXCARGO13M,,nome,COMBUSTAO,,D,diesel,11,FIAT,DUCATO,comerciais_leves
2026,7,FIAT,DUCATO FURGAO 13M,,nome,COMBUSTAO,,D,diesel,11,FIAT,DUCATO,comerciais_leves
2026,7,FIAT,DUCATO MULTI 13M,,nome,COMBUSTAO,,D,diesel,11,FIAT,DUCATO,comerciais_leves
2026,7,FIAT,FIORINO ENDURANCE,,nome,COMBUSTAO,,F,flex,10,FIAT,FIORINO,comerciais_leves
2026,7,FIAT,SCUDO MULTI TD,,nome,COMBUSTAO,,D,diesel,11,FIAT,SCUDO,comerciais_leves
2026,7,FIAT,SCUDO CARGO TD,,nome,COMBUSTAO,,D,diesel,11,FIAT,SCUDO,comerciais_leves
2026,7,FORD,E-TRANSIT F35MMAB,,nome,ELETRICO,,E,bev,8,FORD,ETRANSIT,comerciais_leves
2026,7,FORD,E-TRANSIT F35MAAB,,nome,ELETRICO,,E,bev,8,FORD,ETRANSIT,comerciais_leves
2026,7,FORD,E-TRANSIT F35LMAB,,nome,ELETRICO,,E,bev,8,FORD,ETRANSIT,comerciais_leves
2026,7,FORD,E-TRANSIT F35LAAB,,nome,ELETRICO,,E,bev,8,FORD,ETRANSIT,comerciais_leves
2026,7,FORD,E-TRANSIT F35EAAB,,nome,ELETRICO,,E,bev,8,FORD,ETRANSIT,comerciais_leves
2026,7,FORD,E-TRANSIT C35LBAB,,nome,ELETRICO,,E,bev,8,FORD,ETRANSIT,comerciais_leves
2026,7,FORD,E-TRANSIT C35EBAB,,nome,ELETRICO,,E,bev,8,FORD,ETRANSIT,comerciais_leves
2026,7,FORD,TRANSIT F35LAMA,,nome,COMBUSTAO,,D,diesel,11,FORD,TRANSIT,comerciais_leves
2026,7,FORD,TRANSIT F35MMMA,,nome,COMBUSTAO,,D,diesel,11,FORD,TRANSIT,comerciais_leves
2026,7,FORD,TRANSIT F35MAMA,,nome,COMBUSTAO,,D,diesel,11,FORD,TRANSIT,comerciais_leves
2026,7,FORD,TRANSIT F38LAMA,,nome,COMBUSTAO,,D,diesel,11,FORD,TRANSIT,comerciais_leves
2026,7,FOTON,EWONDER CHASSI,,nome,ELETRICO,,E,bev,8,FOTON,EWONDER,comerciais_leves
2026,8,FOTON,EVIEW CONNECT 50S,,nome,ELETRICO,,E,bev,8,FOTON,EVIEW CONNECT,comerciais_leves
2026,8,JAC,EJV5.5 CARGO,,nome,ELETRICO,,E,bev,8,JAC,EJV5.5,comerciais_leves
2026,8,KIA,BONGO K2500 4X4 SC HD SC 4WD,,nome,COMBUSTAO,,D,diesel,11,KIA,BONGO,comerciais_leves
2026,8,KIA,BONGO K2500 4X4 SC HDDL 4WD,,nome,COMBUSTAO,,D,diesel,11,KIA,BONGO,comerciais_leves
2026,8,MERCEDES-BENZ,320 E SPRINTER FURGAO,,nome,ELETRICO,,E,bev,8,M.BENZ,ESPRINTER 320,comerciais_leves
2026,8,MERCEDES-BENZ,320 E SPRINTER CHASSI,,nome,ELETRICO,,E,bev,8,M.BENZ,ESPRINTER 320,comerciais_leves
2026,8,PEUGEOT,BOXER 16L LUXO,,nome,COMBUSTAO,,D,diesel,11,PEUGEOT,BOXER,comerciais_leves
2026,8,PEUGEOT,BOXER COMFORT,,nome,COMBUSTAO,,D,diesel,11,PEUGEOT,BOXER,comerciais_leves
2026,8,PEUGEOT,BOXER CARGO PK,,nome,COMBUSTAO,,D,diesel,11,PEUGEOT,BOXER,comerciais_leves
2026,8,PEUGEOT,BOXER VIDRADA,,nome,COMBUSTAO,,D,diesel,11,PEUGEOT,BOXER,comerciais_leves
2026,8,PEUGEOT,BOXER FURGAOPK,,nome,COMBUSTAO,,D,diesel,11,PEUGEOT,BOXER,comerciais_leves
2026,8,PEUGEOT,EXPERT CARGO,,nome,COMBUSTAO,,D,diesel,11,PEUGEOT,EXPERT,comerciais_leves
2026,8,PEUGEOT,EXPERT VITRE,,nome,COMBUSTAO,,D,diesel,11,PEUGEOT,EXPERT,comerciais_leves
2026,8,RENAULT,MASTER FURGAO FURGAO L1,,nome,COMBUSTAO,,D,diesel,11,RENAULT,MASTER,comerciais_leves
2026,8,RENAULT,MASTER FURGAO FURGAO L2,,nome,COMBUSTAO,,D,diesel,11,RENAULT,MASTER,comerciais_leves
2026,8,RENAULT,MASTER FURGAO FURGAO L3,,nome,COMBUSTAO,,D,diesel,11,RENAULT,MASTER,comerciais_leves
2026,8,RENAULT,MASTER FURGAO FURGAOL1R,,nome,COMBUSTAO,,D,diesel,11,RENAULT,MASTER,comerciais_leves
2026,8,RENAULT,MASTER FURGAO FURGAOL2R,,nome,COMBUSTAO,,D,diesel,11,RENAULT,MASTER,comerciais_leves
2026,8,RENAULT,MASTER FURGAO FURGAOL3R,,nome,COMBUSTAO,,D,diesel,11,RENAULT,MASTER,comerciais_leves
2026,8,RENAULT,MASTER FUGAO PRO PRO L1,,nome,COMBUSTAO,,D,diesel,11,RENAULT,MASTER,comerciais_leves
2026,8,RENAULT,MASTER FUGAO PRO PRO L2,,nome,COMBUSTAO,,D,diesel,11,RENAULT,MASTER,comerciais_leves
2026,8,RENAULT,MASTER FUGAO PRO PRO L3,,nome,COMBUSTAO,,D,diesel,11,RENAULT,MASTER,comerciais_leves
2026,8,RENAULT,MASTER FUGAO PRO VITPRO3AC,,nome,COMBUSTAO,,D,diesel,11,RENAULT,MASTER,comerciais_leves
2026,8,RENAULT,MASTER FUGAO PRO VITPROL3R,,nome,COMBUSTAO,,D,diesel,11,RENAULT,MASTER,comerciais_leves
2026,8,RENAULT,MASTER BUS MINIBUSL3,,nome,COMBUSTAO,,D,diesel,11,RENAULT,MASTER,comerciais_leves
2026,8,RENAULT,MASTER CHASSIS CABINE CHASSICAB,,nome,COMBUSTAO,,D,diesel,11,RENAULT,MASTER,comerciais_leves
2026,8,RENAULT,KANGOO ADV16,,nome,COMBUSTAO,,F,flex,10,RENAULT,KANGOO,automoveis
2026,8,RENAULT,KANGOO ADV16,,nome,COMBUSTAO,,F,flex,10,RENAULT,KANGOO,comerciais_leves
2026,8,RENAULT,KANGOO EX PRO,,nome,COMBUSTAO,,F,flex,10,RENAULT,KANGOO,automoveis
2026,8,RENAULT,KANGOO EX PRO,,nome,COMBUSTAO,,F,flex,10,RENAULT,KANGOO,comerciais_leves
2026,8,RENAULT,KANGOO SRT16,,nome,COMBUSTAO,,F,flex,10,RENAULT,KANGOO,automoveis
2026,8,RENAULT,KANGOO SRT16,,nome,COMBUSTAO,,F,flex,10,RENAULT,KANGOO,comerciais_leves
2026,8,RENAULT,KANGOO ETECHL2,,nome,ELETRICO,,E,bev,8,RENAULT,KANGOO,automoveis
2026,8,RENAULT,KANGOO ETECHL2,,nome,ELETRICO,,E,bev,8,RENAULT,KANGOO,comerciais_leves
2026,8,RENAULT,E-KWID CARGO,,nome,ELETRICO,,E,bev,8,RENAULT,E-KWID,automoveis
2026,8,TOYOTA,HIACE MINIBUS AT DX,,nome,COMBUSTAO,,D,diesel,11,TOYOTA,HIACE,comerciais_leves
2026,8,TOYOTA,HIACE HIACE CARGO AT DX,,nome,COMBUSTAO,,D,diesel,11,TOYOTA,HIACE,comerciais_leves
2026,8,CHEVROLET,MONTANA MT,,nome,COMBUSTAO,,F,flex,10,GM,MONTANA,comerciais_leves
2026,8,CHEVROLET,MONTANA LT,,nome,COMBUSTAO,,F,flex,10,GM,MONTANA,comerciais_leves
2026,8,CHEVROLET,MONTANA LTZ,,nome,COMBUSTAO,,F,flex,10,GM,MONTANA,comerciais_leves
2026,8,CHEVROLET,MONTANA PREMIER,,nome,COMBUSTAO,,F,flex,10,GM,MONTANA,comerciais_leves
2026,8,CHEVROLET,MONTANA RS,,nome,COMBUSTAO,,F,flex,10,GM,MONTANA,comerciais_leves
2026,8,FIAT,STRADA ENDURAN CS13,,nome,COMBUSTAO,,F,flex,10,FIAT,STRADA,comerciais_leves
2026,8,FIAT,STRADA FREEDOM CS13,,nome,COMBUSTAO,,F,flex,10,FIAT,STRADA,comerciais_leves
2026,8,FIAT,STRADA FREEDOM CD13,,nome,COMBUSTAO,,F,flex,10,FIAT,STRADA,comerciais_leves
2026,8,FIAT,STRADA VOLCANO CD13,,nome,COMBUSTAO,,F,flex,10,FIAT,STRADA,comerciais_leves
2026,8,FIAT,STRADA VOLCANO 13AT,,nome,COMBUSTAO,,F,flex,10,FIAT,STRADA,comerciais_leves
2026,8,FIAT,STRADA ULTRA T200AT,,nome,COMBUSTAO,,F,flex,10,FIAT,STRADA,comerciais_leves
2026,8,FIAT,STRADA RANCH T200AT,,nome,COMBUSTAO,,F,flex,10,FIAT,STRADA,comerciais_leves
2026,8,RENAULT,OROCH INTENSE16M,,nome,COMBUSTAO,,F,flex,10,RENAULT,OROCH,comerciais_leves
2026,8,RENAULT,OROCH PRO 16,,nome,COMBUSTAO,,F,flex,10,RENAULT,OROCH,comerciais_leves
2026,8,VW,SAVEIRO,SAVEIRO CABINE SIMPLES,nome,COMBUSTAO,,F,flex,10,VW,SAVEIRO,comerciais_leves
2026,8,VW,SAVEIRO,CABINE SIMPLES TRENDLINE,nome,COMBUSTAO,,F,flex,10,VW,SAVEIRO,comerciais_leves
2026,8,VW,SAVEIRO CABINE DUPLA ROBUST MF,MF,nome,COMBUSTAO,,F,flex,10,VW,SAVEIRO,comerciais_leves
2026,8,VW,SAVEIRO CABINE DUPLA EXTREME MF,,nome,COMBUSTAO,,F,flex,10,VW,SAVEIRO,comerciais_leves
2026,8,BYD,SHARK GS DM,,nome,PLUG-IN,,G,phev,6,BYD,SHARK,comerciais_leves
2026,8,BYD,SHARK GL DM,,nome,PLUG-IN,,G,phev,6,BYD,SHARK,comerciais_leves
2026,8,CHEVROLET,S10 Z71 CABINE DUPLA,,nome,COMBUSTAO,,D,diesel,11,GM,S10,comerciais_leves
2026,8,CHEVROLET,S10 Z71,,nome,COMBUSTAO,,D,diesel,11,GM,S10,comerciais_leves
2026,8,CHEVROLET,S10 HC DD4A,,nome,COMBUSTAO,,D,diesel,11,GM,S10,comerciais_leves
2026,8,CHEVROLET,S10 LTZ DD4A,,nome,COMBUSTAO,,D,diesel,11,GM,S10,comerciais_leves
2026,8,CHEVROLET,S10 WT DD4A,,nome,COMBUSTAO,,D,diesel,11,GM,S10,comerciais_leves
2026,8,CHEVROLET,S10 LTZ DD4A,,nome,COMBUSTAO,,D,diesel,11,GM,S10,comerciais_leves
2026,8,CHEVROLET,S10 WT DS4,,nome,COMBUSTAO,,D,diesel,11,GM,S10,comerciais_leves
2026,8,CHEVROLET,S10 WT DS4C,,nome,COMBUSTAO,,D,diesel,11,GM,S10,comerciais_leves
2026,8,CHEVROLET,S10 WT DD4,,nome,COMBUSTAO,,D,diesel,11,GM,S10,comerciais_leves
2026,8,CHEVROLET,S10 HIGH COUNTRY CABINE DUPLA,,nome,COMBUSTAO,,D,diesel,11,GM,S10,comerciais_leves
2026,8,CHEVROLET,S10 LTZ CABINE DUPLA,,nome,COMBUSTAO,,D,diesel,11,GM,S10,comerciais_leves
2026,8,CHEVROLET,S10 WT CABINE DUPLE,,nome,COMBUSTAO,,D,diesel,11,GM,S10,comerciais_leves
2026,8,CHEVROLET,S10 WT CABINE SIMPLES,,nome,COMBUSTAO,,D,diesel,11,GM,S10,comerciais_leves
2026,8,CHEVROLET,S10 WT CABINE CHASSIS,,nome,COMBUSTAO,,D,diesel,11,GM,S10,comerciais_leves
2026,8,CHEVROLET,SILVERADO HIGH COUNTRY,,nome,COMBUSTAO,,G,gasolina,9,GM,SILVERADO,comerciais_leves
2026,8,FIAT,TITANO ENDURANCE,,nome,COMBUSTAO,,D,diesel,11,FIAT,TITANO,comerciais_leves
2026,8,FIAT,TITANO VOLCANO,,nome,COMBUSTAO,,D,diesel,11,FIAT,TITANO,comerciais_leves
2026,8,FIAT,TITANO RANCH,,nome,COMBUSTAO,,D,diesel,11,FIAT,TITANO,comerciais_leves
2026,8,FIAT,TORO ENDUR,,nome,COMBUSTAO,,F,flex,10,FIAT,TORO,comerciais_leves
2026,8,FIAT,TORO FREED,,nome,COMBUSTAO,,F,flex,10,FIAT,TORO,comerciais_leves
2026,8,FIAT,TORO VOLC,,nome,COMBUSTAO,,F,flex,10,FIAT,TORO,comerciais_leves
2026,8,FIAT,TORO ULTRA,,nome,COMBUSTAO,,F,flex,10,FIAT,TORO,comerciais_leves
2026,8,FIAT,TORO RANCH TD450 AT,,nome,COMBUSTAO,,D,diesel,11,FIAT,TORO,comerciais_leves
2026,8,FIAT,TORO VOLC TD450 AT,,nome,COMBUSTAO,,D,diesel,11,FIAT,TORO,comerciais_leves
2026,8,FIAT,TORO FREED TD450 AT,,nome,COMBUSTAO,,D,diesel,11,FIAT,TORO,comerciais_leves
2026,8,FIAT,TORO VOLC,,nome,HIBRIDO,,F,hev,4,FIAT,TORO,comerciais_leves
2026,8,FIAT,TORO ULTRA,,nome,HIBRIDO,,F,hev,4,FIAT,TORO,comerciais_leves
2026,8,FORD,NOVA RANGER 4X2 BLACK,,nome,COMBUSTAO,,D,diesel,11,FORD,RANGER,comerciais_leves
2026,8,FORD,NOVA RANGER 4X4 XL,,nome,COMBUSTAO,,D,diesel,11,FORD,RANGER,comerciais_leves
2026,8,FORD,NOVA RANGER 4X4 XLS,,nome,COMBUSTAO,,D,diesel,11,FORD,RANGER,comerciais_leves
2026,8,FORD,NOVA RANGER 4X4 XLS,,nome,COMBUSTAO,,D,diesel,11,FORD,RANGER,comerciais_leves
2026,8,FORD,NOVA RANGER 4X4 LTD,,nome,COMBUSTAO,,D,diesel,11,FORD,RANGER,comerciais_leves
2026,8,FORD,NOVA RANGER 4X4 XLS,,nome,COMBUSTAO,,D,diesel,11,FORD,RANGER,comerciais_leves
2026,8,FORD,NOVA RANGER 4X4 XLT,,nome,COMBUSTAO,,D,diesel,11,FORD,RANGER,comerciais_leves
2026,8,FORD,NOVA RANGER 4X4 LTD+,,nome,COMBUSTAO,,D,diesel,11,FORD,RANGER,comerciais_leves
2026,8,FORD,NOVA RANGER 4X4 CABINE SIMPLES,,nome,COMBUSTAO,,D,diesel,11,FORD,RANGER,comerciais_leves
2026,8,FORD,NOVA RANGER 4X4 CHASSIS,,nome,COMBUSTAO,,D,diesel,11,FORD,RANGER,comerciais_leves
2026,8,FORD,NOVA RANGER 4X4 CABINE SIMPLES,,nome,COMBUSTAO,,D,diesel,11,FORD,RANGER,comerciais_leves
2026,8,FORD,NOVA RANGER 4X4 CHASSIS,,nome,COMBUSTAO,,D,diesel,11,FORD,RANGER,comerciais_leves
2026,8,FORD,NOVA RANGER 4X4 XL,,nome,COMBUSTAO,,D,diesel,11,FORD,RANGER,comerciais_leves
2026,8,FORD,MAVERICK LARIAT HYBRID,,nome,HIBRIDO,HYBRID,G,hev,4,FORD,MAVERICK,comerciais_leves
2026,8,FORD,MAVERICK LARIAT HYBRID,,nome,HIBRIDO,HYBRID,G,hev,4,FORD,MAVERICK,automoveis
2026,8,FORD,MAVERICK LARIAT BLACK,,nome,COMBUSTAO,,G,gasolina,9,FORD,MAVERICK,comerciais_leves
2026,8,FORD,MAVERICK LARIAT BLACK,,nome,COMBUSTAO,,G,gasolina,9,FORD,MAVERICK,automoveis
2026,8,FORD,MAVERICK TREMOR,,nome,COMBUSTAO,,G,gasolina,9,FORD,MAVERICK,comerciais_leves
2026,8,FORD,MAVERICK TREMOR,,nome,COMBUSTAO,,G,gasolina,9,FORD,MAVERICK,automoveis
2026,9,FORD,NOVA F150 TREMOR,,nome,COMBUSTAO,,G,gasolina,9,FORD,F150,comerciais_leves
2026,9,FORD,NOVA F150 LARIAT BLACK,,nome,COMBUSTAO,,G,gasolina,9,FORD,F150,comerciais_leves
2026,9,FORD,NOVA F150 LARIAT CHROME,,nome,COMBUSTAO,,G,gasolina,9,FORD,F150,comerciais_leves
2026,9,FOTON,TUNLAND V7,,nome,HIBRIDO,,D,hev,4,FOTON,TUNLAND,comerciais_leves
2026,9,FOTON,TUNLAND V9,,nome,HIBRIDO,,D,hev,4,FOTON,TUNLAND,comerciais_leves
2026,9,GWM,POER P30 EXC,,nome,COMBUSTAO,,D,diesel,11,GWM,POER,comerciais_leves
2026,9,GWM,POER P30 TRL,,nome,COMBUSTAO,,D,diesel,11,GWM,POER,comerciais_leves
2026,9,GWM,POER P30 EXC (MY27),,nome,COMBUSTAO,,D,diesel,11,GWM,POER,comerciais_leves
2026,9,GWM,POER P30 TRL (MY27),,nome,COMBUSTAO,,D,diesel,11,GWM,POER,comerciais_leves
2026,9,GWM,POER P30 PRO (MY27),,nome,COMBUSTAO,,D,diesel,11,GWM,POER,comerciais_leves
2026,9,GWM,POER P30 PRO,,nome,COMBUSTAO,,D,diesel,11,GWM,POER,comerciais_leves
2026,9,JAC,IEV330P IEV330,,nome,ELETRICO,,E,bev,8,JAC,IEV 330P,comerciais_leves
2026,9,JAC,HUNTER HUNTER AT,,nome,COMBUSTAO,,D,diesel,11,JAC,HUNTER,comerciais_leves
2026,9,JAC,HUNTER HUNTER 4WORK,,nome,COMBUSTAO,,D,diesel,11,JAC,HUNTER,comerciais_leves
2026,9,JAC,HUNTER HUNTER HD 4X4 AT C,,nome,COMBUSTAO,,D,diesel,11,JAC,HUNTER,comerciais_leves
2026,9,JAC,HUNTER HUNTER HD 4X4 AT,,nome,COMBUSTAO,,D,diesel,11,JAC,HUNTER,comerciais_leves
2026,9,JAC,HUNTER HUNTER HDX 4X4 AT,,nome,COMBUSTAO,,D,diesel,11,JAC,HUNTER,comerciais_leves
2026,9,JAC,HUNTER HUNTER HD AT,,nome,COMBUSTAO,,D,diesel,11,JAC,HUNTER,comerciais_leves
2026,9,JAC,HUNTER HUNTER HW AT,,nome,COMBUSTAO,,D,diesel,11,JAC,HUNTER,comerciais_leves
2026,9,JAC,HUNTER HUNTER HW 4X4 AT,,nome,COMBUSTAO,,D,diesel,11,JAC,HUNTER,comerciais_leves
2026,9,JEEP,GLADIATOR RUBICON,,nome,COMBUSTAO,,G,gasolina,9,JEEP,GLADIATOR,comerciais_leves
2026,9,MITSUBISHI,TRITON GL AT2,,nome,COMBUSTAO,,D,diesel,11,MITSUBISHI,TRITON,comerciais_leves
2026,9,MITSUBISHI,TRITON GLS AT2,,nome,COMBUSTAO,,D,diesel,11,MITSUBISHI,TRITON,comerciais_leves
2026,9,MITSUBISHI,TRITON GL MT4,,nome,COMBUSTAO,,D,diesel,11,MITSUBISHI,TRITON,comerciais_leves
2026,9,MITSUBISHI,TRITON GL AT4,,nome,COMBUSTAO,,D,diesel,11,MITSUBISHI,TRITON,comerciais_leves
2026,9,MITSUBISHI,TRITON GLS AT4,,nome,COMBUSTAO,,D,diesel,11,MITSUBISHI,TRITON,comerciais_leves
2026,9,MITSUBISHI,TRITON HPE AT4,,nome,COMBUSTAO,,D,diesel,11,MITSUBISHI,TRITON,comerciais_leves
2026,9,MITSUBISHI,TRITON HPE-S AT4,,nome,COMBUSTAO,,D,diesel,11,MITSUBISHI,TRITON,comerciais_leves
2026,9,MITSUBISHI,TRITON KATANA AT4,,nome,COMBUSTAO,,D,diesel,11,MITSUBISHI,TRITON,comerciais_leves
2026,9,RAM,1500 BIG HORN (CY26),,nome,COMBUSTAO,,G,gasolina,9,RAM,1500,comerciais_leves
2026,9,RAM,1500 LARAMIE,,nome,COMBUSTAO,,G,gasolina,9,RAM,1500,comerciais_leves
2026,9,RAM,1500 LARAMIE (CY26),,nome,COMBUSTAO,,G,gasolina,9,RAM,1500,comerciais_leves
2026,9,RAM,1500 REBEL,,nome,COMBUSTAO,,G,gasolina,9,RAM,1500,comerciais_leves
2026,9,RAM,1500 LARAMIE NE,,nome,COMBUSTAO,,G,gasolina,9,RAM,1500,comerciais_leves
2026,9,RAM,1500 LARAMIE NE (CY26),,nome,COMBUSTAO,,G,gasolina,9,RAM,1500,comerciais_leves
2026,9,RAM,RAMPAGE LARAMIE DS,,nome,COMBUSTAO,,D,diesel,11,RAM,RAMPAGE,comerciais_leves
2026,9,RAM,RAMPAGE BIGHORN DS,,nome,COMBUSTAO,,D,diesel,11,RAM,RAMPAGE,comerciais_leves
2026,9,RAM,RAMPAGE LARAMIE FLEX,,nome,COMBUSTAO,,F,flex,10,RAM,RAMPAGE,comerciais_leves
2026,9,RAM,RAMPAGE LARAMIE GAS,,nome,COMBUSTAO,,G,gasolina,9,RAM,RAMPAGE,comerciais_leves
2026,9,RAM,RAMPAGE REBEL AT GAS,,nome,COMBUSTAO,,G,gasolina,9,RAM,RAMPAGE,comerciais_leves
2026,9,RAM,RAMPAGE REBEL DS,,nome,COMBUSTAO,,D,diesel,11,RAM,RAMPAGE,comerciais_leves
2026,9,RAM,RAMPAGE REBEL FLEX,,nome,COMBUSTAO,,F,flex,10,RAM,RAMPAGE,comerciais_leves
2026,9,RAM,RAMPAGE RT FLEX,,nome,COMBUSTAO,,F,flex,10,RAM,RAMPAGE,comerciais_leves
2026,9,RAM,RAMPAGE RT GAS,,nome,COMBUSTAO,,G,gasolina,9,RAM,RAMPAGE,comerciais_leves
2026,9,RAM,DAKOTA BIGHORN,,nome,COMBUSTAO,,D,diesel,11,RAM,DAKOTA,comerciais_leves
2026,9,RAM,DAKOTA BIGHORN,,nome,COMBUSTAO,,D,diesel,11,DODGE,DAKOTA,comerciais_leves
2026,9,RAM,DAKOTA LARAMIE,,nome,COMBUSTAO,,D,diesel,11,RAM,DAKOTA,comerciais_leves
2026,9,RAM,DAKOTA LARAMIE,,nome,COMBUSTAO,,D,diesel,11,DODGE,DAKOTA,comerciais_leves
2026,9,RAM,DAKOTA WARLOCK,,nome,COMBUSTAO,,D,diesel,11,RAM,DAKOTA,comerciais_leves
2026,9,RAM,DAKOTA WARLOCK,,nome,COMBUSTAO,,D,diesel,11,DODGE,DAKOTA,comerciais_leves
2026,9,RAM,DAKOTA LARAMIE NE,,nome,COMBUSTAO,,D,diesel,11,RAM,DAKOTA,comerciais_leves
2026,9,RAM,DAKOTA LARAMIE NE,,nome,COMBUSTAO,,D,diesel,11,DODGE,DAKOTA,comerciais_leves
2026,9,TOYOTA,HILUX DIESEL 4X4 MT CHASSI MT,,nome,COMBUSTAO,,D,diesel,11,TOYOTA,HILUX,comerciais_leves
2026,9,TOYOTA,HILUX DIESEL 4X4 MT CABINE SIMPLES MT,,nome,COMBUSTAO,,D,diesel,11,TOYOTA,HILUX,comerciais_leves
2026,9,TOYOTA,HILUX DIESEL 4X4 MT POWER PACK MT,,nome,COMBUSTAO,,D,diesel,11,TOYOTA,HILUX,comerciais_leves
2026,9,TOYOTA,HILUX DIESEL 4X4 AT CHASSI AT,,nome,COMBUSTAO,,D,diesel,11,TOYOTA,HILUX,comerciais_leves
2026,9,TOYOTA,HILUX DIESEL 4X4 AT CABINE SIMPLES AT,,nome,COMBUSTAO,,D,diesel,11,TOYOTA,HILUX,comerciais_leves
2026,9,TOYOTA,HILUX DIESEL 4X4 AT POWER PACK AT,,nome,COMBUSTAO,,D,diesel,11,TOYOTA,HILUX,comerciais_leves
2026,9,TOYOTA,HILUX DIESEL 4X4 AT SR AT,,nome,COMBUSTAO,,D,diesel,11,TOYOTA,HILUX,comerciais_leves
2026,9,TOYOTA,HILUX DIESEL 4X4 AT SRV AT,,nome,COMBUSTAO,,D,diesel,11,TOYOTA,HILUX,comerciais_leves
2026,9,TOYOTA,HILUX DIESEL 4X4 AT SRX AT,,nome,COMBUSTAO,,D,diesel,11,TOYOTA,HILUX,comerciais_leves
2026,9,TOYOTA,HILUX DIESEL 4X4 AT SRX PLUS AT,,nome,COMBUSTAO,,D,diesel,11,TOYOTA,HILUX,comerciais_leves
2026,9,VW,AMAROK V6 COMFORT (MY26),,nome,COMBUSTAO,,D,diesel,11,VW,AMAROK,comerciais_leves
2026,9,VW,AMAROK V6 HIGH (MY26),,nome,COMBUSTAO,,D,diesel,11,VW,AMAROK,comerciais_leves
2026,9,VW,AMAROK V6 EXTREME (MY26),,nome,COMBUSTAO,,D,diesel,11,VW,AMAROK,comerciais_leves
2026,9,BMW,M3 COMPETITION,,nome,COMBUSTAO,,G,gasolina,9,BMW,M3,automoveis
2026,9,BMW,M3 COMP TRACK,,nome,COMBUSTAO,,G,gasolina,9,BMW,M3,automoveis
2026,9,BMW,M2 COUPE,,nome,COMBUSTAO,,G,gasolina,9,BMW,M2,automoveis
2026,9,BMW,M2 COUPE TRACK,,nome,COMBUSTAO,,G,gasolina,9,BMW,M2,automoveis
2026,9,BMW,M4 COMPETITION,,nome,COMBUSTAO,,G,gasolina,9,BMW,M4,automoveis
2026,9,BMW,M4 COMP TRACK,,nome,COMBUSTAO,,G,gasolina,9,BMW,M4,automoveis
2026,9,BMW,M2 CUP,,nome,COMBUSTAO,,G,gasolina,9,BMW,M2,automoveis
2026,9,BMW,M2 CUP,,nome,COMBUSTAO,,G,gasolina,9,BMW,M2,automoveis
2026,9,FERRARI,296 GTB,,nome,PLUG-IN,,G,phev,6,FERRARI,296 GTB,automoveis
2026,9,FORD,MUSTANG DARK HORSE DARK HORSE,,nome,COMBUSTAO,,G,gasolina,9,FORD,MUSTANG,automoveis
2026,9,FORD,MUSTANG GT AT,,nome,COMBUSTAO,,G,gasolina,9,FORD,MUSTANG,automoveis
2026,9,MCLAREN,ARTURA,,nome,PLUG-IN,,G,phev,6,MCLAREN,ARTURA,automoveis
2026,9,MCLAREN,ARTURA SPIDER,,nome,PLUG-IN,,G,phev,6,MCLAREN,ARTURA,automoveis
2026,9,MERCEDES-BENZ,AMG SL63S EP,,nome,PLUG-IN,,G,phev,6,M.BENZ,SL63S,automoveis
2026,9,MERCEDES-BENZ,AMG GT63S EP 2P,,nome,PLUG-IN,,G,phev,6,M.BENZ,AMG GT63S,automoveis
2026,9,MERCEDES-BENZ,AMG GT63S EP,,nome,PLUG-IN,,G,phev,6,M.BENZ,AMG GT63S,automoveis
2026,9,MG,CYBERSTER 77 KWH AWD,,nome,ELETRICO,,E,bev,8,MG,CYBERSTER,automoveis
2026,9,PORSCHE,911 CARRERA,,nome,COMBUSTAO,,G,gasolina,9,PORSCHE,911,automoveis
2026,9,PORSCHE,911 CARRERA C,,nome,COMBUSTAO,,G,gasolina,9,PORSCHE,911,automoveis
2026,9,PORSCHE,911 CARRERA S,,nome,COMBUSTAO,,G,gasolina,9,PORSCHE,911,automoveis
2026,9,PORSCHE,911 CARRERA SC,,nome,COMBUSTAO,,G,gasolina,9,PORSCHE,911,automoveis
2026,9,PORSCHE,911 GT3 MANUAL,,nome,COMBUSTAO,,G,gasolina,9,PORSCHE,911,automoveis
2026,9,PORSCHE,911 GT3 TOURMT,,nome,COMBUSTAO,,G,gasolina,9,PORSCHE,911,automoveis
2026,9,PORSCHE,911 GT3,,nome,COMBUSTAO,,G,gasolina,9,PORSCHE,911,automoveis
2026,9,PORSCHE,911 GT3TOURING,,nome,COMBUSTAO,,G,gasolina,9,PORSCHE,911,automoveis
2026,9,PORSCHE,911 CAR T MT,,nome,COMBUSTAO,,G,gasolina,9,PORSCHE,911,automoveis
2026,9,PORSCHE,911 CAR T MT 2,,nome,COMBUSTAO,,G,gasolina,9,PORSCHE,911,automoveis
2026,9,PORSCHE,911 CAR T MTCA,,nome,COMBUSTAO,,G,gasolina,9,PORSCHE,911,automoveis
2026,9,PORSCHE,911 TURBO S / TURBO S CA,,nome,HIBRIDO,,G,hev,4,PORSCHE,911,automoveis
2026,9,PORSCHE,911 CARRERAGTS,,nome,HIBRIDO,,G,hev,4,PORSCHE,911,automoveis
2026,9,PORSCHE,911 CAR GTS CA,,nome,HIBRIDO,,G,hev,4,PORSCHE,911,automoveis
2026,9,PORSCHE,911 SPIRIT 70,,nome,HIBRIDO,,G,hev,4,PORSCHE,911,automoveis
2026,9,PORSCHE,911 GT3 FA 90Y,,nome,COMBUSTAO,,G,gasolina,9,PORSCHE,911,automoveis
2026,9,PORSCHE,911 TARGA 4GTS,,nome,HIBRIDO,,G,hev,4,PORSCHE,911,automoveis
2026,9,PORSCHE,911 GT3 FA 90Y,,nome,COMBUSTAO,,G,gasolina,9,PORSCHE,911,automoveis
2026,9,PORSCHE,911 TARGA 4GTS,,nome,HIBRIDO,,G,hev,4,PORSCHE,911,automoveis
2026,9,PORSCHE,911 GT3 SC,,nome,COMBUSTAO,,G,gasolina,9,PORSCHE,911,automoveis
2026,9,PORSCHE,BOXSTER GTS4.0,,nome,COMBUSTAO,,G,gasolina,9,PORSCHE,BOXSTER,automoveis
2026,9,PORSCHE,BOXSTER 25 ANOS,,nome,COMBUSTAO,,G,gasolina,9,PORSCHE,BOXSTER,automoveis
2026,9,PORSCHE,CAYMAN GTS,,nome,COMBUSTAO,,G,gasolina,9,PORSCHE,CAYMAN,automoveis
2026,9,PORSCHE,PANAMERA TPHEV,,nome,PLUG-IN,,G,phev,6,PORSCHE,PANAMERA,automoveis
2026,9,PORSCHE,PANAMERA TSEHY,,nome,PLUG-IN,,G,phev,6,PORSCHE,PANAMERA,automoveis
2026,9,PORSCHE,PANAMERA 4EHYB,,nome,PLUG-IN,,G,phev,6,PORSCHE,PANAMERA,automoveis
2026,9,PORSCHE,PANAMERA 4SEHY,,nome,PLUG-IN,,G,phev,6,PORSCHE,PANAMERA,automoveis
2026,9,PORSCHE,TAYCAN TURBO S,,nome,ELETRICO,,E,bev,8,PORSCHE,TAYCAN,automoveis
2026,9,PORSCHE,TAYCAN 4S,,nome,ELETRICO,,E,bev,8,PORSCHE,TAYCAN,automoveis
2026,9,PORSCHE,TAYCAN 4S BE,,nome,ELETRICO,,E,bev,8,PORSCHE,TAYCAN,automoveis
2026,9,PORSCHE,TAYCAN TURBOCT,,nome,ELETRICO,,E,bev,8,PORSCHE,TAYCAN,automoveis
2026,9,PORSCHE,TAYCAN 4S CT,,nome,ELETRICO,,E,bev,8,PORSCHE,TAYCAN,automoveis
2026,9,PORSCHE,TAYCAN 4CT,,nome,ELETRICO,,E,bev,8,PORSCHE,TAYCAN,automoveis
2026,9,PORSCHE,TAYCAN TURBOGT,,nome,ELETRICO,,E,bev,8,PORSCHE,TAYCAN,automoveis
