mes_ref,segmento,sub_segmento_fonte,linhas,menor_listado,teto,no_teto,corte
2003-01,automoveis,Grandcab,4,62,4,True,62
2003-01,automoveis,Hatch Médios,6,298,6,True,298
2003-01,automoveis,Hatch Pequenos,7,0,12,False,0
2003-01,automoveis,Monocab,7,5,11,False,0
2003-01,automoveis,Sedans Compactos,5,0,6,False,0
2003-01,automoveis,Sedans Grandes,12,10,12,True,10
2003-01,automoveis,Sedans Pequenos,7,0,10,False,0
2003-01,automoveis,Sedans médios,12,1,21,False,0
2003-01,automoveis,Sports,9,1,9,True,1
2003-01,automoveis,Suv's,36,0,40,False,0
2003-01,automoveis,Sw Grandes,5,0,13,False,0
2003-01,automoveis,Sw Médios,4,2,4,True,2
2003-01,automoveis,Veículos de Entrada,8,3,9,False,0
2003-01,comerciais_leves,Furgões,7,73,7,True,73
2003-01,comerciais_leves,Furgões Pequenos,4,61,4,True,61
2003-01,comerciais_leves,Pick-up's Grandes,10,0,11,False,0
2003-01,comerciais_leves,Pick-up's Pequenas,6,0,6,True,0
2003-02,automoveis,Grandcab,4,81,4,True,81
2003-02,automoveis,Hatch Médios,6,248,6,True,248
2003-02,automoveis,Hatch Pequenos,7,0,12,False,0
2003-02,automoveis,Monocab,8,1,11,False,0
2003-02,automoveis,Sedans Compactos,4,0,6,False,0
2003-02,automoveis,Sedans Grandes,12,13,12,True,13
2003-02,automoveis,Sedans Pequenos,6,1,10,False,0
2003-02,automoveis,Sedans médios,12,0,21,False,0
2003-02,automoveis,Sports,9,0,9,True,0
2003-02,automoveis,Suv's,35,0,40,False,0
2003-02,automoveis,Sw Grandes,5,3,13,False,0
2003-02,automoveis,Sw Médios,4,3,4,True,3
2003-02,automoveis,Veículos de Entrada,8,0,9,False,0
2003-02,comerciais_leves,Furgões,7,54,7,True,54
2003-02,comerciais_leves,Furgões Pequenos,4,45,4,True,45
2003-02,comerciais_leves,Pick-up's Grandes,10,0,11,False,0
2003-02,comerciais_leves,Pick-up's Pequenas,5,0,6,False,0
2003-03,automoveis,Grandcab,4,63,4,True,63
2003-03,automoveis,Hatch Médios,6,145,6,True,145
2003-03,automoveis,Hatch Pequenos,8,0,12,False,0
2003-03,automoveis,Monocab,8,0,11,False,0
2003-03,automoveis,Sedans Compactos,5,0,6,False,0
2003-03,automoveis,Sedans Grandes,12,3,12,True,3
2003-03,automoveis,Sedans Pequenos,6,0,10,False,0
2003-03,automoveis,Sedans médios,14,1,21,False,0
2003-03,automoveis,Sports,9,0,9,True,0
2003-03,automoveis,Suv's,39,0,40,False,0
2003-03,automoveis,Sw Grandes,6,0,13,False,0
2003-03,automoveis,Sw Médios,4,6,4,True,6
2003-03,automoveis,Veículos de Entrada,8,0,9,False,0
2003-03,comerciais_leves,Furgões,7,44,7,True,44
2003-03,comerciais_leves,Furgões Pequenos,4,51,4,True,51
2003-03,comerciais_leves,Pick-up's Grandes,11,0,11,True,0
2003-03,comerciais_leves,Pick-up's Pequenas,5,0,6,False,0
2003-04,automoveis,Grandcab,4,49,4,True,49
2003-04,automoveis,Hatch Médios,6,128,6,True,128
2003-04,automoveis,Hatch Pequenos,9,0,12,False,0
2003-04,automoveis,Monocab,9,0,11,False,0
2003-04,automoveis,Sedans Compactos,5,0,6,False,0
2003-04,automoveis,Sedans Grandes,12,6,12,True,6
2003-04,automoveis,Sedans Pequenos,8,0,10,False,0
2003-04,automoveis,Sedans médios,16,0,21,False,0
2003-04,automoveis,Sports,9,2,9,True,2
2003-04,automoveis,Suv's,40,0,40,True,0
2003-04,automoveis,Sw Grandes,6,0,13,False,0
2003-04,automoveis,Sw Médios,4,1,4,True,1
2003-04,automoveis,Veículos de Entrada,9,0,9,True,0
2003-04,comerciais_leves,Furgões,7,61,7,True,61
2003-04,comerciais_leves,Furgões Pequenos,4,78,4,True,78
2003-04,comerciais_leves,Pick-up's Grandes,11,0,11,True,0
2003-04,comerciais_leves,Pick-up's Pequenas,5,0,6,False,0
2003-05,automoveis,Grandcab,4,19,4,True,19
2003-05,automoveis,Hatch Médios,6,244,6,True,244
2003-05,automoveis,Hatch Pequenos,9,0,12,False,0
2003-05,automoveis,Monocab,9,0,11,False,0
2003-05,automoveis,Sedans Compactos,5,0,6,False,0
2003-05,automoveis,Sedans Grandes,12,2,12,True,2
2003-05,automoveis,Sedans Pequenos,8,0,10,False,0
2003-05,automoveis,Sedans médios,16,0,21,False,0
2003-05,automoveis,Sports,9,0,9,True,0
2003-05,automoveis,Suv's,40,0,40,True,0
2003-05,automoveis,Sw Grandes,6,1,13,False,0
2003-05,automoveis,Sw Médios,4,1,4,True,1
2003-05,automoveis,Veículos de Entrada,9,0,9,True,0
2003-05,comerciais_leves,Furgões,7,57,7,True,57
2003-05,comerciais_leves,Furgões Pequenos,4,72,4,True,72
2003-05,comerciais_leves,Pick-up's Grandes,11,0,11,True,0
2003-05,comerciais_leves,Pick-up's Pequenas,5,0,6,False,0
2003-06,automoveis,Grandcab,4,8,4,True,8
2003-06,automoveis,Hatch Médios,6,258,6,True,258
2003-06,automoveis,Hatch Pequenos,9,0,12,False,0
2003-06,automoveis,Monocab,9,0,11,False,0
2003-06,automoveis,Sedans Compactos,5,0,6,False,0
2003-06,automoveis,Sedans Grandes,12,1,12,True,1
2003-06,automoveis,Sedans Pequenos,8,0,10,False,0
2003-06,automoveis,Sedans médios,16,0,21,False,0
2003-06,automoveis,Sports,9,0,9,True,0
2003-06,automoveis,Suv's,40,0,40,True,0
2003-06,automoveis,Sw Grandes,6,1,13,False,0
2003-06,automoveis,Sw Médios,4,1,4,True,1
2003-06,automoveis,Veículos de Entrada,9,0,9,True,0
2003-06,comerciais_leves,Furgões,7,49,7,True,49
2003-06,comerciais_leves,Furgões Pequenos,4,46,4,True,46
2003-06,comerciais_leves,Pick-up's Grandes,11,0,11,True,0
2003-06,comerciais_leves,Pick-up's Pequenas,6,0,6,True,0
2003-07,automoveis,Grandcab,4,4,4,True,4
2003-07,automoveis,Hatch Médios,6,217,6,True,217
2003-07,automoveis,Hatch Pequenos,9,0,12,False,0
2003-07,automoveis,Monocab,9,0,11,False,0
2003-07,automoveis,Sedans Compactos,5,0,6,False,0
2003-07,automoveis,Sedans Grandes,12,2,12,True,2
2003-07,automoveis,Sedans Pequenos,8,0,10,False,0
2003-07,automoveis,Sedans médios,16,0,21,False,0
2003-07,automoveis,Sports,9,0,9,True,0
2003-07,automoveis,Suv's,40,0,40,True,0
2003-07,automoveis,Sw Grandes,7,1,13,False,0
2003-07,automoveis,Sw Médios,4,2,4,True,2
2003-07,automoveis,Veículos de Entrada,9,0,9,True,0
2003-07,comerciais_leves,Furgões,7,46,7,True,46
2003-07,comerciais_leves,Furgões Pequenos,4,71,4,True,71
2003-07,comerciais_leves,Pick-up's Grandes,11,0,11,True,0
2003-07,comerciais_leves,Pick-up's Pequenas,6,1,6,True,1
2003-08,automoveis,Grandcab,4,2,4,True,2
2003-08,automoveis,Hatch Médios,6,209,6,True,209
2003-08,automoveis,Hatch Pequenos,9,0,12,False,0
2003-08,automoveis,Monocab,9,0,11,False,0
2003-08,automoveis,Sedans Compactos,6,1,6,True,1
2003-08,automoveis,Sedans Grandes,12,2,12,True,2
2003-08,automoveis,Sedans Pequenos,8,0,10,False,0
2003-08,automoveis,Sedans médios,17,0,21,False,0
2003-08,automoveis,Sports,9,1,9,True,1
2003-08,automoveis,Suv's,40,0,40,True,0
2003-08,automoveis,Sw Grandes,8,0,13,False,0
2003-08,automoveis,Sw Médios,4,2,4,True,2
2003-08,automoveis,Veículos de Entrada,9,0,9,True,0
2003-08,comerciais_leves,Furgões,7,42,7,True,42
2003-08,comerciais_leves,Furgões Pequenos,4,68,4,True,68
2003-08,comerciais_leves,Pick-up's Grandes,11,0,11,True,0
2003-08,comerciais_leves,Pick-up's Pequenas,6,0,6,True,0
2003-09,automoveis,Grandcab,4,5,4,True,5
2003-09,automoveis,Hatch Médios,6,175,6,True,175
2003-09,automoveis,Hatch Pequenos,9,0,12,False,0
2003-09,automoveis,Monocab,9,0,11,False,0
2003-09,automoveis,Sedans Compactos,6,0,6,True,0
2003-09,automoveis,Sedans Grandes,12,0,12,True,0
2003-09,automoveis,Sedans Pequenos,8,0,10,False,0
2003-09,automoveis,Sedans médios,17,0,21,False,0
2003-09,automoveis,Sports,9,0,9,True,0
2003-09,automoveis,Suv's,40,0,40,True,0
2003-09,automoveis,Sw Grandes,8,0,13,False,0
2003-09,automoveis,Sw Médios,4,0,4,True,0
2003-09,automoveis,Veículos de Entrada,9,3,9,True,3
2003-09,comerciais_leves,Furgões,7,47,7,True,47
2003-09,comerciais_leves,Furgões Pequenos,4,59,4,True,59
2003-09,comerciais_leves,Pick-up's Grandes,11,0,11,True,0
2003-09,comerciais_leves,Pick-up's Pequenas,6,2,6,True,2
2003-10,automoveis,Veículos de Entrada,9,1,9,True,1
2003-11,automoveis,Grandcab,4,2,4,True,2
2003-11,automoveis,Hatch Médios,6,116,6,True,116
2003-11,automoveis,Hatch Pequenos,10,0,12,False,0
2003-11,automoveis,Monocab,10,0,11,False,0
2003-11,automoveis,Sedans Compactos,6,0,6,True,0
2003-11,automoveis,Sedans Grandes,12,1,12,True,1
2003-11,automoveis,Sedans Pequenos,8,1,10,False,0
2003-11,automoveis,Sedans médios,17,0,21,False,0
2003-11,automoveis,Sports,9,0,9,True,0
2003-11,automoveis,Suv's,40,0,40,True,0
2003-11,automoveis,Sw Grandes,9,0,13,False,0
2003-11,automoveis,Sw Médios,4,16,4,True,16
2003-11,automoveis,Veículos de Entrada,9,1,9,True,1
2003-11,comerciais_leves,Furgões,7,35,7,True,35
2003-11,comerciais_leves,Furgões Pequenos,4,31,4,True,31
2003-11,comerciais_leves,Pick-up's Grandes,11,0,11,True,0
2003-11,comerciais_leves,Pick-up's Pequenas,6,0,6,True,0
2003-12,automoveis,Grandcab,4,0,4,True,0
2003-12,automoveis,Hatch Médios,6,156,6,True,156
2003-12,automoveis,Hatch Pequenos,10,0,12,False,0
2003-12,automoveis,Monocab,10,0,11,False,0
2003-12,automoveis,Sedans Compactos,6,0,6,True,0
2003-12,automoveis,Sedans Grandes,12,0,12,True,0
2003-12,automoveis,Sedans Pequenos,9,0,10,False,0
2003-12,automoveis,Sedans médios,17,0,21,False,0
2003-12,automoveis,Sports,9,1,9,True,1
2003-12,automoveis,Suv's,40,0,40,True,0
2003-12,automoveis,Sw Grandes,9,0,13,False,0
2003-12,automoveis,Sw Médios,4,5,4,True,5
2003-12,automoveis,Veículos de Entrada,9,0,9,True,0
2003-12,comerciais_leves,Furgões,7,35,7,True,35
2003-12,comerciais_leves,Furgões Pequenos,4,28,4,True,28
2003-12,comerciais_leves,Pick-up's Grandes,11,0,11,True,0
2003-12,comerciais_leves,Pick-up's Pequenas,6,0,6,True,0
2004-01,automoveis,Grandcab,4,16,4,True,16
2004-01,automoveis,Hatch Médios,6,96,6,True,96
2004-01,automoveis,Hatch Pequenos,6,6,12,False,0
2004-01,automoveis,Monocab,8,0,11,False,0
2004-01,automoveis,Sedans Compactos,5,0,6,False,0
2004-01,automoveis,Sedans Grandes,12,8,12,True,8
2004-01,automoveis,Sedans Pequenos,8,0,10,False,0
2004-01,automoveis,Sedans médios,13,0,21,False,0
2004-01,automoveis,Sports,9,1,9,True,1
2004-01,automoveis,Suv's,40,0,40,True,0
2004-01,automoveis,Sw Grandes,8,0,13,False,0
2004-01,automoveis,Sw Médios,4,4,4,True,4
2004-01,automoveis,Veículos de Entrada,9,1,9,True,1
2004-01,comerciais_leves,Furgões,7,61,7,True,61
2004-01,comerciais_leves,Furgões Pequenos,4,14,4,True,14
2004-01,comerciais_leves,Pick-up's Grandes,11,0,11,True,0
2004-01,comerciais_leves,Pick-up's Pequenas,5,16,6,False,0
2004-02,automoveis,Grandcab,4,20,4,True,20
2004-02,automoveis,Hatch Médios,6,123,6,True,123
2004-02,automoveis,Hatch Pequenos,7,0,12,False,0
2004-02,automoveis,Monocab,8,0,11,False,0
2004-02,automoveis,Sedans Compactos,4,0,6,False,0
2004-02,automoveis,Sedans Grandes,12,7,12,True,7
2004-02,automoveis,Sedans Pequenos,7,0,10,False,0
2004-02,automoveis,Sedans médios,11,0,21,False,0
2004-02,automoveis,Sports,9,1,9,True,1
2004-02,automoveis,Suv's,40,0,40,True,0
2004-02,automoveis,Sw Grandes,6,0,13,False,0
2004-02,automoveis,Sw Médios,4,6,4,True,6
2004-02,automoveis,Veículos de Entrada,9,1,9,True,1
2004-02,comerciais_leves,Furgões,7,68,7,True,68
2004-02,comerciais_leves,Furgões Pequenos,4,13,4,True,13
2004-02,comerciais_leves,Pick-up's Grandes,11,0,11,True,0
2004-02,comerciais_leves,Pick-up's Pequenas,6,1,6,True,1
2004-03,automoveis,Grandcab,4,33,4,True,33
2004-03,automoveis,Hatch Médios,6,128,6,True,128
2004-03,automoveis,Hatch Pequenos,7,0,12,False,0
2004-03,automoveis,Monocab,9,0,11,False,0
2004-03,automoveis,Sedans Compactos,5,0,6,False,0
2004-03,automoveis,Sedans Grandes,12,5,12,True,5
2004-03,automoveis,Sedans Pequenos,8,0,10,False,0
2004-03,automoveis,Sedans médios,11,1,21,False,0
2004-03,automoveis,Sports,9,0,9,True,0
2004-03,automoveis,Suv's,40,0,40,True,0
2004-03,automoveis,Sw Grandes,7,0,13,False,0
2004-03,automoveis,Sw Médios,4,3,4,True,3
2004-03,automoveis,Veículos de Entrada,9,0,9,True,0
2004-03,comerciais_leves,Furgões,7,53,7,True,53
2004-03,comerciais_leves,Furgões Pequenos,4,31,4,True,31
2004-03,comerciais_leves,Pick-up's Grandes,11,0,11,True,0
2004-03,comerciais_leves,Pick-up's Pequenas,6,1,6,True,1
2004-04,automoveis,Grandcab,4,27,4,True,27
2004-04,automoveis,Hatch Médios,6,85,6,True,85
2004-04,automoveis,Hatch Pequenos,7,0,12,False,0
2004-04,automoveis,Monocab,9,0,11,False,0
2004-04,automoveis,Sedans Compactos,5,1,6,False,0
2004-04,automoveis,Sedans Grandes,12,8,12,True,8
2004-04,automoveis,Sedans Pequenos,9,0,10,False,0
2004-04,automoveis,Sedans médios,11,0,21,False,0
2004-04,automoveis,Sports,9,1,9,True,1
2004-04,automoveis,Suv's,40,0,40,True,0
2004-04,automoveis,Sw Grandes,8,0,13,False,0
2004-04,automoveis,Sw Médios,4,1,4,True,1
2004-04,automoveis,Veículos de Entrada,9,0,9,True,0
2004-04,comerciais_leves,Furgões,7,83,7,True,83
2004-04,comerciais_leves,Furgões Pequenos,4,29,4,True,29
2004-04,comerciais_leves,Pick-up's Grandes,11,0,11,True,0
2004-04,comerciais_leves,Pick-up's Pequenas,6,0,6,True,0
2004-05,automoveis,Grandcab,4,27,4,True,27
2004-05,automoveis,Hatch Médios,6,170,6,True,170
2004-05,automoveis,Hatch Pequenos,8,0,12,False,0
2004-05,automoveis,Monocab,9,0,11,False,0
2004-05,automoveis,Sedans Compactos,6,1,6,True,1
2004-05,automoveis,Sedans Grandes,12,8,12,True,8
2004-05,automoveis,Sedans Pequenos,9,0,10,False,0
2004-05,automoveis,Sedans médios,11,0,21,False,0
2004-05,automoveis,Sports,9,0,9,True,0
2004-05,automoveis,Suv's,40,0,40,True,0
2004-05,automoveis,Sw Grandes,9,0,13,False,0
2004-05,automoveis,Sw Médios,4,0,4,True,0
2004-05,automoveis,Veículos de Entrada,9,0,9,True,0
2004-05,comerciais_leves,Furgões,7,37,7,True,37
2004-05,comerciais_leves,Furgões Pequenos,4,45,4,True,45
2004-05,comerciais_leves,Pick-up's Grandes,11,0,11,True,0
2004-05,comerciais_leves,Pick-up's Pequenas,6,1,6,True,1
2004-06,automoveis,Grandcab,4,20,4,True,20
2004-06,automoveis,Hatch Médios,6,417,6,True,417
2004-06,automoveis,Hatch Pequenos,8,1,12,False,0
2004-06,automoveis,Monocab,9,0,11,False,0
2004-06,automoveis,Sedans Compactos,6,0,6,True,0
2004-06,automoveis,Sedans Grandes,12,6,12,True,6
2004-06,automoveis,Sedans Pequenos,9,0,10,False,0
2004-06,automoveis,Sedans médios,11,1,21,False,0
2004-06,automoveis,Sports,9,0,9,True,0
2004-06,automoveis,Suv's,40,0,40,True,0
2004-06,automoveis,Sw Grandes,9,0,13,False,0
2004-06,automoveis,Sw Médios,4,0,4,True,0
2004-06,automoveis,Veículos de Entrada,9,0,9,True,0
2004-06,comerciais_leves,Furgões,7,44,7,True,44
2004-06,comerciais_leves,Furgões Pequenos,4,24,4,True,24
2004-06,comerciais_leves,Pick-up's Grandes,11,0,11,True,0
2004-06,comerciais_leves,Pick-up's Pequenas,6,0,6,True,0
2004-07,automoveis,Grandcab,4,10,4,True,10
2004-07,automoveis,Hatch Médios,6,490,6,True,490
2004-07,automoveis,Hatch Pequenos,8,0,12,False,0
2004-07,automoveis,Monocab,9,0,11,False,0
2004-07,automoveis,Sedans Compactos,6,0,6,True,0
2004-07,automoveis,Sedans Grandes,12,8,12,True,8
2004-07,automoveis,Sedans Pequenos,9,0,10,False,0
2004-07,automoveis,Sedans médios,14,0,21,False,0
2004-07,automoveis,Sports,9,1,9,True,1
2004-07,automoveis,Suv's,40,0,40,True,0
2004-07,automoveis,Sw Grandes,9,0,13,False,0
2004-07,automoveis,Sw Médios,4,0,4,True,0
2004-07,automoveis,Veículos de Entrada,9,0,9,True,0
2004-07,comerciais_leves,Furgões,7,59,7,True,59
2004-07,comerciais_leves,Furgões Pequenos,4,19,4,True,19
2004-07,comerciais_leves,Pick-up's Grandes,11,0,11,True,0
2004-07,comerciais_leves,Pick-up's Pequenas,6,2,6,True,2
2004-08,automoveis,Grandcab,4,4,4,True,4
2004-08,automoveis,Hatch Médios,6,477,6,True,477
2004-08,automoveis,Hatch Pequenos,8,0,12,False,0
2004-08,automoveis,Monocab,9,0,11,False,0
2004-08,automoveis,Sedans Compactos,6,0,6,True,0
2004-08,automoveis,Sedans Grandes,12,10,12,True,10
2004-08,automoveis,Sedans Pequenos,10,0,10,True,0
2004-08,automoveis,Sedans médios,15,0,21,False,0
2004-08,automoveis,Sports,9,0,9,True,0
2004-08,automoveis,Suv's,40,0,40,True,0
2004-08,automoveis,Sw Grandes,9,0,13,False,0
2004-08,automoveis,Sw Médios,4,1,4,True,1
2004-08,automoveis,Veículos de Entrada,9,0,9,True,0
2004-08,comerciais_leves,Furgões,7,66,7,True,66
2004-08,comerciais_leves,Furgões Pequenos,4,28,4,True,28
2004-08,comerciais_leves,Pick-up's Grandes,11,0,11,True,0
2004-08,comerciais_leves,Pick-up's Pequenas,6,0,6,True,0
2004-09,automoveis,Grandcab,4,3,4,True,3
2004-09,automoveis,Hatch Médios,6,437,6,True,437
2004-09,automoveis,Hatch Pequenos,8,1,12,False,0
2004-09,automoveis,Monocab,9,0,11,False,0
2004-09,automoveis,Sedans Compactos,6,0,6,True,0
2004-09,automoveis,Sedans Grandes,12,8,12,True,8
2004-09,automoveis,Sedans Pequenos,10,0,10,True,0
2004-09,automoveis,Sedans médios,16,0,21,False,0
2004-09,automoveis,Sports,9,0,9,True,0
2004-09,automoveis,Suv's,40,0,40,True,0
2004-09,automoveis,Sw Grandes,9,0,13,False,0
2004-09,automoveis,Sw Médios,4,0,4,True,0
2004-09,automoveis,Veículos de Entrada,9,0,9,True,0
2004-09,comerciais_leves,Furgões,7,47,7,True,47
2004-09,comerciais_leves,Furgões Pequenos,4,10,4,True,10
2004-09,comerciais_leves,Pick-up's Grandes,11,0,11,True,0
2004-09,comerciais_leves,Pick-up's Pequenas,6,1,6,True,1
2004-10,automoveis,Grandcab,4,13,4,True,13
2004-10,automoveis,Hatch Médios,6,317,6,True,317
2004-10,automoveis,Hatch Pequenos,8,0,12,False,0
2004-10,automoveis,Monocab,9,0,11,False,0
2004-10,automoveis,Sedans Compactos,6,0,6,True,0
2004-10,automoveis,Sedans Grandes,12,12,12,True,12
2004-10,automoveis,Sedans Pequenos,10,0,10,True,0
2004-10,automoveis,Sedans médios,16,0,21,False,0
2004-10,automoveis,Sports,9,0,9,True,0
2004-10,automoveis,Suv's,40,0,40,True,0
2004-10,automoveis,Sw Grandes,9,0,13,False,0
2004-10,automoveis,Sw Médios,4,0,4,True,0
2004-10,automoveis,Veículos de Entrada,9,0,9,True,0
2004-10,comerciais_leves,Furgões,7,15,7,True,15
2004-10,comerciais_leves,Furgões Pequenos,4,13,4,True,13
2004-10,comerciais_leves,Pick-up's Grandes,11,0,11,True,0
2004-10,comerciais_leves,Pick-up's Pequenas,6,1,6,True,1
2004-11,automoveis,Grandcab,4,20,4,True,20
2004-11,automoveis,Hatch Médios,6,370,6,True,370
2004-11,automoveis,Hatch Pequenos,8,0,12,False,0
2004-11,automoveis,Monocab,9,0,11,False,0
2004-11,automoveis,Sedans Compactos,6,0,6,True,0
2004-11,automoveis,Sedans Grandes,12,12,12,True,12
2004-11,automoveis,Sedans Pequenos,10,0,10,True,0
2004-11,automoveis,Sedans médios,16,0,21,False,0
2004-11,automoveis,Sports,9,0,9,True,0
2004-11,automoveis,Suv's,40,0,40,True,0
2004-11,automoveis,Sw Grandes,9,0,13,False,0
2004-11,automoveis,Sw Médios,4,0,4,True,0
2004-11,automoveis,Veículos de Entrada,9,0,9,True,0
2004-11,comerciais_leves,Furgões,7,31,7,True,31
2004-11,comerciais_leves,Furgões Pequenos,4,0,4,True,0
2004-11,comerciais_leves,Pick-up's Grandes,11,0,11,True,0
2004-11,comerciais_leves,Pick-up's Pequenas,6,0,6,True,0
2004-12,automoveis,Grandcab,4,34,4,True,34
2004-12,automoveis,Hatch Médios,6,516,6,True,516
2004-12,automoveis,Hatch Pequenos,8,0,12,False,0
2004-12,automoveis,Monocab,9,0,11,False,0
2004-12,automoveis,Sedans Compactos,6,0,6,True,0
2004-12,automoveis,Sedans Grandes,12,10,12,True,10
2004-12,automoveis,Sedans Pequenos,10,0,10,True,0
2004-12,automoveis,Sedans médios,18,0,21,False,0
2004-12,automoveis,Sports,9,0,9,True,0
2004-12,automoveis,Suv's,40,0,40,True,0
2004-12,automoveis,Sw Grandes,9,1,13,False,0
2004-12,automoveis,Sw Médios,4,1,4,True,1
2004-12,automoveis,Veículos de Entrada,9,0,9,True,0
2004-12,comerciais_leves,Furgões,7,16,7,True,16
2004-12,comerciais_leves,Furgões Pequenos,4,1,4,True,1
2004-12,comerciais_leves,Pick-up's Grandes,11,0,11,True,0
2004-12,comerciais_leves,Pick-up's Pequenas,6,0,6,True,0
2005-01,automoveis,Grandcab,4,13,4,True,13
2005-01,automoveis,Hatch Médios,6,317,6,True,317
2005-01,automoveis,Hatch Pequenos,7,1,12,False,0
2005-01,automoveis,Monocab,5,11,11,False,0
2005-01,automoveis,Sedans Compactos,6,0,6,True,0
2005-01,automoveis,Sedans Grandes,12,7,12,True,7
2005-01,automoveis,Sedans Pequenos,8,0,10,False,0
2005-01,automoveis,Sedans médios,15,0,21,False,0
2005-01,automoveis,Sports,9,1,9,True,1
2005-01,automoveis,Suv's,40,0,40,True,0
2005-01,automoveis,Sw Grandes,9,0,13,False,0
2005-01,automoveis,Sw Médios,4,2,4,True,2
2005-01,automoveis,Veículos de Entrada,8,0,9,False,0
2005-01,comerciais_leves,Furgões,7,63,7,True,63
2005-01,comerciais_leves,Furgões Pequenos,4,0,4,True,0
2005-01,comerciais_leves,Pick-up's Grandes,10,0,11,False,0
2005-01,comerciais_leves,Pick-up's Pequenas,5,8,6,False,0
2005-02,automoveis,Grandcab,4,13,4,True,13
2005-02,automoveis,Hatch Médios,6,325,6,True,325
2005-02,automoveis,Hatch Pequenos,7,1,12,False,0
2005-02,automoveis,Monocab,5,14,11,False,0
2005-02,automoveis,Sedans Compactos,5,0,6,False,0
2005-02,automoveis,Sedans Grandes,12,5,12,True,5
2005-02,automoveis,Sedans Pequenos,7,1,10,False,0
2005-02,automoveis,Sedans médios,11,2,21,False,0
2005-02,automoveis,Sports,9,1,9,True,1
2005-02,automoveis,Suv's,40,0,40,True,0
2005-02,automoveis,Sw Grandes,8,1,13,False,0
2005-02,automoveis,Sw Médios,4,0,4,True,0
2005-02,automoveis,Veículos de Entrada,8,1,9,False,0
2005-02,comerciais_leves,Furgões,7,30,7,True,30
2005-02,comerciais_leves,Furgões Pequenos,4,1,4,True,1
2005-02,comerciais_leves,Pick-up's Grandes,10,1,11,False,0
2005-02,comerciais_leves,Pick-up's Pequenas,5,50,6,False,0
2005-03,automoveis,Veículos de Entrada,9,1,9,True,1
2005-04,automoveis,Grandcab,4,26,4,True,26
2005-04,automoveis,Hatch Médios,6,373,6,True,373
2005-04,automoveis,Hatch Pequenos,8,0,12,False,0
2005-04,automoveis,Monocab,5,6,11,False,0
2005-04,automoveis,Sedans Compactos,6,0,6,True,0
2005-04,automoveis,Sedans Grandes,12,14,12,True,14
2005-04,automoveis,Sedans Pequenos,8,0,10,False,0
2005-04,automoveis,Sedans médios,15,0,21,False,0
2005-04,automoveis,Sports,9,0,9,True,0
2005-04,automoveis,Suv's,40,0,40,True,0
2005-04,automoveis,Sw Grandes,8,0,13,False,0
2005-04,automoveis,Sw Médios,4,0,4,True,0
2005-04,automoveis,Veículos de Entrada,9,0,9,True,0
2005-04,comerciais_leves,Furgões,7,100,7,True,100
2005-04,comerciais_leves,Furgões Pequenos,4,0,4,True,0
2005-04,comerciais_leves,Pick-up's Grandes,11,1,11,True,1
2005-04,comerciais_leves,Pick-up's Pequenas,6,0,6,True,0
2005-05,automoveis,Grandcab,4,18,4,True,18
2005-05,automoveis,Hatch Médios,6,413,6,True,413
2005-05,automoveis,Hatch Pequenos,8,0,12,False,0
2005-05,automoveis,Monocab,5,6,11,False,0
2005-05,automoveis,Sedans Compactos,6,0,6,True,0
2005-05,automoveis,Sedans Grandes,12,3,12,True,3
2005-05,automoveis,Sedans Pequenos,8,0,10,False,0
2005-05,automoveis,Sedans médios,15,0,21,False,0
2005-05,automoveis,Sports,9,0,9,True,0
2005-05,automoveis,Suv's,40,0,40,True,0
2005-05,automoveis,Sw Grandes,8,0,13,False,0
2005-05,automoveis,Sw Médios,4,1,4,True,1
2005-05,automoveis,Veículos de Entrada,9,0,9,True,0
2005-05,comerciais_leves,Furgões,7,46,7,True,46
2005-05,comerciais_leves,Furgões Pequenos,4,0,4,True,0
2005-05,comerciais_leves,Pick-up's Grandes,11,1,11,True,1
2005-05,comerciais_leves,Pick-up's Pequenas,6,0,6,True,0
2005-06,automoveis,Grandcab,4,33,4,True,33
2005-06,automoveis,Hatch Médios,6,406,6,True,406
2005-06,automoveis,Hatch Pequenos,10,0,12,False,0
2005-06,automoveis,Monocab,5,0,11,False,0
2005-06,automoveis,Sedans Compactos,6,0,6,True,0
2005-06,automoveis,Sedans Grandes,12,2,12,True,2
2005-06,automoveis,Sedans Pequenos,9,0,10,False,0
2005-06,automoveis,Sedans médios,15,0,21,False,0
2005-06,automoveis,Sports,9,0,9,True,0
2005-06,automoveis,Suv's,40,0,40,True,0
2005-06,automoveis,Sw Grandes,10,0,13,False,0
2005-06,automoveis,Sw Médios,4,2,4,True,2
2005-06,automoveis,Veículos de Entrada,9,0,9,True,0
2005-06,comerciais_leves,Furgões,7,27,7,True,27
2005-06,comerciais_leves,Furgões Pequenos,4,20,4,True,20
2005-06,comerciais_leves,Pick-up's Grandes,11,0,11,True,0
2005-06,comerciais_leves,Pick-up's Pequenas,6,0,6,True,0
2005-07,automoveis,Grandcab,4,23,4,True,23
2005-07,automoveis,Hatch Médios,6,338,6,True,338
2005-07,automoveis,Hatch Pequenos,10,0,12,False,0
2005-07,automoveis,Monocab,6,0,11,False,0
2005-07,automoveis,Sedans Compactos,6,0,6,True,0
2005-07,automoveis,Sedans Grandes,12,1,12,True,1
2005-07,automoveis,Sedans Pequenos,9,0,10,False,0
2005-07,automoveis,Sedans médios,15,0,21,False,0
2005-07,automoveis,Sports,9,1,9,True,1
2005-07,automoveis,Suv's,40,0,40,True,0
2005-07,automoveis,Sw Grandes,10,0,13,False,0
2005-07,automoveis,Sw Médios,4,0,4,True,0
2005-07,automoveis,Veículos de Entrada,9,0,9,True,0
2005-07,comerciais_leves,Furgões,7,43,7,True,43
2005-07,comerciais_leves,Furgões Pequenos,4,34,4,True,34
2005-07,comerciais_leves,Pick-up's Grandes,11,0,11,True,0
2005-07,comerciais_leves,Pick-up's Pequenas,6,1,6,True,1
2005-08,automoveis,Grandcab,4,21,4,True,21
2005-08,automoveis,Hatch Médios,6,417,6,True,417
2005-08,automoveis,Hatch Pequenos,10,0,12,False,0
2005-08,automoveis,Monocab,7,0,11,False,0
2005-08,automoveis,Sedans Compactos,6,0,6,True,0
2005-08,automoveis,Sedans Grandes,12,0,12,True,0
2005-08,automoveis,Sedans Pequenos,9,0,10,False,0
2005-08,automoveis,Sedans médios,16,0,21,False,0
2005-08,automoveis,Sports,9,1,9,True,1
2005-08,automoveis,Suv's,40,0,40,True,0
2005-08,automoveis,Sw Grandes,10,0,13,False,0
2005-08,automoveis,Sw Médios,4,3,4,True,3
2005-08,automoveis,Veículos de Entrada,9,1,9,True,1
2005-08,comerciais_leves,Furgões,7,23,7,True,23
2005-08,comerciais_leves,Furgões Pequenos,4,37,4,True,37
2005-08,comerciais_leves,Pick-up's Grandes,11,0,11,True,0
2005-08,comerciais_leves,Pick-up's Pequenas,6,1,6,True,1
2005-09,automoveis,Grandcab,4,24,4,True,24
2005-09,automoveis,Hatch Médios,6,342,6,True,342
2005-09,automoveis,Hatch Pequenos,10,0,12,False,0
2005-09,automoveis,Monocab,8,1,11,False,0
2005-09,automoveis,Sedans Compactos,6,0,6,True,0
2005-09,automoveis,Sedans Grandes,12,1,12,True,1
2005-09,automoveis,Sedans Pequenos,9,0,10,False,0
2005-09,automoveis,Sedans médios,17,0,21,False,0
2005-09,automoveis,Sports,9,0,9,True,0
2005-09,automoveis,Suv's,40,0,40,True,0
2005-09,automoveis,Sw Grandes,10,0,13,False,0
2005-09,automoveis,Sw Médios,4,1,4,True,1
2005-09,automoveis,Veículos de Entrada,9,0,9,True,0
2005-09,comerciais_leves,Furgões,7,30,7,True,30
2005-09,comerciais_leves,Furgões Pequenos,4,41,4,True,41
2005-09,comerciais_leves,Pick-up's Grandes,11,0,11,True,0
2005-09,comerciais_leves,Pick-up's Pequenas,6,0,6,True,0
2005-10,automoveis,Grandcab,4,17,4,True,17
2005-10,automoveis,Hatch Médios,6,295,6,True,295
2005-10,automoveis,Hatch Pequenos,10,0,12,False,0
2005-10,automoveis,Monocab,9,0,11,False,0
2005-10,automoveis,Sedans Compactos,6,0,6,True,0
2005-10,automoveis,Sedans Grandes,12,6,12,True,6
2005-10,automoveis,Sedans Pequenos,9,0,10,False,0
2005-10,automoveis,Sedans médios,17,0,21,False,0
2005-10,automoveis,Sports,9,0,9,True,0
2005-10,automoveis,Suv's,40,0,40,True,0
2005-10,automoveis,Sw Grandes,10,0,13,False,0
2005-10,automoveis,Sw Médios,4,0,4,True,0
2005-10,automoveis,Veículos de Entrada,9,0,9,True,0
2005-10,comerciais_leves,Furgões,7,36,7,True,36
2005-10,comerciais_leves,Furgões Pequenos,4,32,4,True,32
2005-10,comerciais_leves,Pick-up's Grandes,11,0,11,True,0
2005-10,comerciais_leves,Pick-up's Pequenas,6,1,6,True,1
2005-11,automoveis,Grandcab,4,40,4,True,40
2005-11,automoveis,Hatch Médios,6,258,6,True,258
2005-11,automoveis,Hatch Pequenos,10,0,12,False,0
2005-11,automoveis,Monocab,9,0,11,False,0
2005-11,automoveis,Sedans Compactos,6,0,6,True,0
2005-11,automoveis,Sedans Grandes,12,8,12,True,8
2005-11,automoveis,Sedans Pequenos,9,0,10,False,0
2005-11,automoveis,Sedans médios,18,0,21,False,0
2005-11,automoveis,Sports,9,0,9,True,0
2005-11,automoveis,Suv's,40,0,40,True,0
2005-11,automoveis,Sw Grandes,10,0,13,False,0
2005-11,automoveis,Sw Médios,4,0,4,True,0
2005-11,automoveis,Veículos de Entrada,9,0,9,True,0
2005-11,comerciais_leves,Furgões,7,43,7,True,43
2005-11,comerciais_leves,Furgões Pequenos,4,64,4,True,64
2005-11,comerciais_leves,Pick-up's Grandes,11,0,11,True,0
2005-11,comerciais_leves,Pick-up's Pequenas,6,2,6,True,2
2005-12,automoveis,Grandcab,4,42,4,True,42
2005-12,automoveis,Hatch Médios,6,421,6,True,421
2005-12,automoveis,Hatch Pequenos,10,0,12,False,0
2005-12,automoveis,Monocab,9,0,11,False,0
2005-12,automoveis,Sedans Compactos,6,0,6,True,0
2005-12,automoveis,Sedans Grandes,12,4,12,True,4
2005-12,automoveis,Sedans Pequenos,9,0,10,False,0
2005-12,automoveis,Sedans médios,19,0,21,False,0
2005-12,automoveis,Sports,9,0,9,True,0
2005-12,automoveis,Suv's,40,0,40,True,0
2005-12,automoveis,Sw Grandes,10,0,13,False,0
2005-12,automoveis,Sw Médios,4,2,4,True,2
2005-12,automoveis,Veículos de Entrada,9,2,9,True,2
2005-12,comerciais_leves,Furgões,7,30,7,True,30
2005-12,comerciais_leves,Furgões Pequenos,4,41,4,True,41
2005-12,comerciais_leves,Pick-up's Grandes,11,0,11,True,0
2005-12,comerciais_leves,Pick-up's Pequenas,6,2,6,True,2
2006-01,automoveis,Grandcab,4,21,4,True,21
2006-01,automoveis,Hatch Médios,6,168,6,True,168
2006-01,automoveis,Hatch Pequenos,6,3,12,False,0
2006-01,automoveis,Monocab,7,4,11,False,0
2006-01,automoveis,Sedans Compactos,4,1,6,False,0
2006-01,automoveis,Sedans Grandes,12,14,12,True,14
2006-01,automoveis,Sedans Pequenos,7,0,10,False,0
2006-01,automoveis,Sedans médios,15,1,21,False,0
2006-01,automoveis,Sports,9,2,9,True,2
2006-01,automoveis,Suv's,40,1,40,True,1
2006-01,automoveis,Sw Grandes,7,0,13,False,0
2006-01,automoveis,Sw Médios,4,1,4,True,1
2006-01,automoveis,Veículos de Entrada,9,0,9,True,0
2006-01,comerciais_leves,Furgões,7,72,7,True,72
2006-01,comerciais_leves,Furgões Pequenos,4,40,4,True,40
2006-01,comerciais_leves,Pick-up's Grandes,10,0,11,False,0
2006-01,comerciais_leves,Pick-up's Pequenas,6,0,6,True,0
2006-02,automoveis,Grandcab,4,38,4,True,38
2006-02,automoveis,Hatch Médios,6,169,6,True,169
2006-02,automoveis,Hatch Pequenos,7,1,12,False,0
2006-02,automoveis,Monocab,8,2,11,False,0
2006-02,automoveis,Sedans Compactos,6,0,6,True,0
2006-02,automoveis,Sedans Grandes,12,12,12,True,12
2006-02,automoveis,Sedans Pequenos,5,1209,10,False,0
2006-02,automoveis,Sedans médios,16,0,21,False,0
2006-02,automoveis,Sports,9,1,9,True,1
2006-02,automoveis,Suv's,40,1,40,True,1
2006-02,automoveis,Sw Grandes,8,0,13,False,0
2006-02,automoveis,Sw Médios,4,1,4,True,1
2006-02,automoveis,Veículos de Entrada,9,1,9,True,1
2006-02,comerciais_leves,Furgões,7,69,7,True,69
2006-02,comerciais_leves,Furgões Pequenos,4,41,4,True,41
2006-02,comerciais_leves,Pick-up's Grandes,9,0,11,False,0
2006-02,comerciais_leves,Pick-up's Pequenas,5,5,6,False,0
2006-03,automoveis,Grandcab,4,34,4,True,34
2006-03,automoveis,Hatch Médios,6,238,6,True,238
2006-03,automoveis,Hatch Pequenos,8,0,12,False,0
2006-03,automoveis,Monocab,8,0,11,False,0
2006-03,automoveis,Sedans Compactos,6,0,6,True,0
2006-03,automoveis,Sedans Grandes,12,10,12,True,10
2006-03,automoveis,Sedans Pequenos,6,2,10,False,0
2006-03,automoveis,Sedans médios,16,0,21,False,0
2006-03,automoveis,Sports,9,0,9,True,0
2006-03,automoveis,Suv's,40,0,40,True,0
2006-03,automoveis,Sw Grandes,9,0,13,False,0
2006-03,automoveis,Sw Médios,4,34,4,True,34
2006-03,automoveis,Veículos de Entrada,9,0,9,True,0
2006-03,comerciais_leves,Furgões,7,97,7,True,97
2006-03,comerciais_leves,Furgões Pequenos,4,49,4,True,49
2006-03,comerciais_leves,Pick-up's Grandes,10,0,11,False,0
2006-03,comerciais_leves,Pick-up's Pequenas,6,1,6,True,1
2006-04,automoveis,Grandcab,4,40,4,True,40
2006-04,automoveis,Hatch Médios,6,195,6,True,195
2006-04,automoveis,Hatch Pequenos,8,1,12,False,0
2006-04,automoveis,Monocab,8,1,11,False,0
2006-04,automoveis,Sedans Compactos,6,0,6,True,0
2006-04,automoveis,Sedans Grandes,12,19,12,True,19
2006-04,automoveis,Sedans Pequenos,6,0,10,False,0
2006-04,automoveis,Sedans médios,17,0,21,False,0
2006-04,automoveis,Sports,9,2,9,True,2
2006-04,automoveis,Suv's,40,0,40,True,0
2006-04,automoveis,Sw Grandes,11,0,13,False,0
2006-04,automoveis,Sw Médios,4,141,4,True,141
2006-04,automoveis,Veículos de Entrada,9,0,9,True,0
2006-04,comerciais_leves,Furgões,7,61,7,True,61
2006-04,comerciais_leves,Furgões Pequenos,4,32,4,True,32
2006-04,comerciais_leves,Pick-up's Grandes,10,0,11,False,0
2006-04,comerciais_leves,Pick-up's Pequenas,6,0,6,True,0
2006-05,automoveis,Grandcab,4,37,4,True,37
2006-05,automoveis,Hatch Médios,6,204,6,True,204
2006-05,automoveis,Hatch Pequenos,8,0,12,False,0
2006-05,automoveis,Monocab,8,1,11,False,0
2006-05,automoveis,Sedans Compactos,6,0,6,True,0
2006-05,automoveis,Sedans Grandes,12,2,12,True,2
2006-05,automoveis,Sedans Pequenos,6,2,10,False,0
2006-05,automoveis,Sedans médios,18,0,21,False,0
2006-05,automoveis,Sports,9,0,9,True,0
2006-05,automoveis,Suv's,40,0,40,True,0
2006-05,automoveis,Sw Grandes,11,0,13,False,0
2006-05,automoveis,Sw Médios,4,1014,4,True,1014
2006-05,automoveis,Veículos de Entrada,9,1,9,True,1
2006-05,comerciais_leves,Furgões,7,79,7,True,79
2006-05,comerciais_leves,Furgões Pequenos,4,61,4,True,61
2006-05,comerciais_leves,Pick-up's Grandes,11,0,11,True,0
2006-05,comerciais_leves,Pick-up's Pequenas,6,1,6,True,1
2006-06,automoveis,Grandcab,4,27,4,True,27
2006-06,automoveis,Hatch Médios,6,145,6,True,145
2006-06,automoveis,Hatch Pequenos,8,0,12,False,0
2006-06,automoveis,Monocab,8,2,11,False,0
2006-06,automoveis,Sedans Compactos,6,0,6,True,0
2006-06,automoveis,Sedans Grandes,12,4,12,True,4
2006-06,automoveis,Sedans Pequenos,6,1,10,False,0
2006-06,automoveis,Sedans médios,18,0,21,False,0
2006-06,automoveis,Sports,9,1,9,True,1
2006-06,automoveis,Suv's,40,0,40,True,0
2006-06,automoveis,Sw Grandes,11,0,13,False,0
2006-06,automoveis,Sw Médios,4,870,4,True,870
2006-06,automoveis,Veículos de Entrada,9,0,9,True,0
2006-06,comerciais_leves,Furgões,7,40,7,True,40
2006-06,comerciais_leves,Furgões Pequenos,4,69,4,True,69
2006-06,comerciais_leves,Pick-up's Grandes,11,0,11,True,0
2006-06,comerciais_leves,Pick-up's Pequenas,6,0,6,True,0
2006-07,automoveis,Grandcab,4,22,4,True,22
2006-07,automoveis,Hatch Médios,6,200,6,True,200
2006-07,automoveis,Hatch Pequenos,8,0,12,False,0
2006-07,automoveis,Monocab,8,2,11,False,0
2006-07,automoveis,Sedans Compactos,6,0,6,True,0
2006-07,automoveis,Sedans Grandes,12,4,12,True,4
2006-07,automoveis,Sedans Pequenos,7,1,10,False,0
2006-07,automoveis,Sedans médios,20,0,21,False,0
2006-07,automoveis,Sports,9,2,9,True,2
2006-07,automoveis,Suv's,40,0,40,True,0
2006-07,automoveis,Sw Grandes,11,0,13,False,0
2006-07,automoveis,Sw Médios,4,834,4,True,834
2006-07,automoveis,Veículos de Entrada,9,0,9,True,0
2006-07,comerciais_leves,Furgões,7,58,7,True,58
2006-07,comerciais_leves,Furgões Pequenos,4,48,4,True,48
2006-07,comerciais_leves,Pick-up's Grandes,11,0,11,True,0
2006-07,comerciais_leves,Pick-up's Pequenas,6,2,6,True,2
2006-08,automoveis,Grandcab,4,28,4,True,28
2006-08,automoveis,Hatch Médios,6,208,6,True,208
2006-08,automoveis,Hatch Pequenos,8,0,12,False,0
2006-08,automoveis,Monocab,9,3,11,False,0
2006-08,automoveis,Sedans Compactos,6,0,6,True,0
2006-08,automoveis,Sedans Grandes,12,4,12,True,4
2006-08,automoveis,Sedans Pequenos,7,1,10,False,0
2006-08,automoveis,Sedans médios,21,0,21,True,0
2006-08,automoveis,Sports,9,1,9,True,1
2006-08,automoveis,Suv's,40,0,40,True,0
2006-08,automoveis,Sw Grandes,11,0,13,False,0
2006-08,automoveis,Sw Médios,4,1184,4,True,1184
2006-08,automoveis,Veículos de Entrada,9,1,9,True,1
2006-08,comerciais_leves,Furgões,7,58,7,True,58
2006-08,comerciais_leves,Furgões Pequenos,4,38,4,True,38
2006-08,comerciais_leves,Pick-up's Grandes,11,0,11,True,0
2006-08,comerciais_leves,Pick-up's Pequenas,6,1,6,True,1
2006-09,automoveis,Grandcab,4,21,4,True,21
2006-09,automoveis,Hatch Médios,6,169,6,True,169
2006-09,automoveis,Hatch Pequenos,9,0,12,False,0
2006-09,automoveis,Monocab,10,1,11,False,0
2006-09,automoveis,Sedans Compactos,6,0,6,True,0
2006-09,automoveis,Sedans Grandes,12,9,12,True,9
2006-09,automoveis,Sedans Pequenos,9,1,10,False,0
2006-09,automoveis,Sedans médios,21,0,21,True,0
2006-09,automoveis,Sports,9,1,9,True,1
2006-09,automoveis,Suv's,40,0,40,True,0
2006-09,automoveis,Sw Grandes,12,0,13,False,0
2006-09,automoveis,Sw Médios,4,1183,4,True,1183
2006-09,automoveis,Veículos de Entrada,9,0,9,True,0
2006-09,comerciais_leves,Furgões,7,90,7,True,90
2006-09,comerciais_leves,Furgões Pequenos,4,101,4,True,101
2006-09,comerciais_leves,Pick-up's Grandes,11,0,11,True,0
2006-09,comerciais_leves,Pick-up's Pequenas,6,0,6,True,0
2006-10,automoveis,Grandcab,4,21,4,True,21
2006-10,automoveis,Hatch Médios,6,220,6,True,220
2006-10,automoveis,Hatch Pequenos,10,0,12,False,0
2006-10,automoveis,Monocab,10,0,11,False,0
2006-10,automoveis,Sedans Compactos,6,0,6,True,0
2006-10,automoveis,Sedans Grandes,12,9,12,True,9
2006-10,automoveis,Sedans Pequenos,10,0,10,True,0
2006-10,automoveis,Sedans médios,21,0,21,True,0
2006-10,automoveis,Sports,9,0,9,True,0
2006-10,automoveis,Suv's,40,0,40,True,0
2006-10,automoveis,Sw Grandes,12,0,13,False,0
2006-10,automoveis,Sw Médios,4,1053,4,True,1053
2006-10,automoveis,Veículos de Entrada,9,1,9,True,1
2006-10,comerciais_leves,Furgões,7,120,7,True,120
2006-10,comerciais_leves,Furgões Pequenos,4,66,4,True,66
2006-10,comerciais_leves,Pick-up's Grandes,11,0,11,True,0
2006-10,comerciais_leves,Pick-up's Pequenas,6,0,6,True,0
2006-11,automoveis,Grandcab,4,29,4,True,29
2006-11,automoveis,Hatch Médios,6,230,6,True,230
2006-11,automoveis,Hatch Pequenos,10,0,12,False,0
2006-11,automoveis,Monocab,10,0,11,False,0
2006-11,automoveis,Sedans Compactos,6,0,6,True,0
2006-11,automoveis,Sedans Grandes,12,7,12,True,7
2006-11,automoveis,Sedans Pequenos,10,0,10,True,0
2006-11,automoveis,Sedans médios,21,0,21,True,0
2006-11,automoveis,Sports,9,0,9,True,0
2006-11,automoveis,Suv's,40,0,40,True,0
2006-11,automoveis,Sw Grandes,12,0,13,False,0
2006-11,automoveis,Sw Médios,4,1207,4,True,1207
2006-11,automoveis,Veículos de Entrada,9,0,9,True,0
2006-11,comerciais_leves,Furgões,7,73,7,True,73
2006-11,comerciais_leves,Furgões Pequenos,4,55,4,True,55
2006-11,comerciais_leves,Pick-up's Grandes,11,0,11,True,0
2006-11,comerciais_leves,Pick-up's Pequenas,6,0,6,True,0
2006-12,automoveis,Grandcab,4,50,4,True,50
2006-12,automoveis,Hatch Médios,6,263,6,True,263
2006-12,automoveis,Hatch Pequenos,10,0,12,False,0
2006-12,automoveis,Monocab,10,0,11,False,0
2006-12,automoveis,Sedans Compactos,6,1,6,True,1
2006-12,automoveis,Sedans Grandes,12,20,12,True,20
2006-12,automoveis,Sedans Pequenos,10,0,10,True,0
2006-12,automoveis,Sedans médios,21,0,21,True,0
2006-12,automoveis,Sports,9,2,9,True,2
2006-12,automoveis,Suv's,40,0,40,True,0
2006-12,automoveis,Sw Grandes,12,0,13,False,0
2006-12,automoveis,Sw Médios,4,1446,4,True,1446
2006-12,automoveis,Veículos de Entrada,9,1,9,True,1
2006-12,comerciais_leves,Furgões,7,66,7,True,66
2006-12,comerciais_leves,Furgões Pequenos,4,63,4,True,63
2006-12,comerciais_leves,Pick-up's Grandes,11,0,11,True,0
2006-12,comerciais_leves,Pick-up's Pequenas,6,1,6,True,1
2007-01,automoveis,Grandcab,4,19,4,True,19
2007-01,automoveis,Hatch Médios,6,373,6,True,373
2007-01,automoveis,Hatch Pequenos,7,2,12,False,0
2007-01,automoveis,Monocab,9,1,11,False,0
2007-01,automoveis,Sedans Compactos,6,0,6,True,0
2007-01,automoveis,Sedans Grandes,12,21,12,True,21
2007-01,automoveis,Sedans Pequenos,9,0,10,False,0
2007-01,automoveis,Sedans médios,17,1,21,False,0
2007-01,automoveis,Sports,9,2,9,True,2
2007-01,automoveis,Suv's,40,1,40,True,1
2007-01,automoveis,Sw Grandes,8,0,13,False,0
2007-01,automoveis,Sw Médios,4,944,4,True,944
2007-01,automoveis,Veículos de Entrada,9,0,9,True,0
2007-01,comerciais_leves,Furgões,7,78,7,True,78
2007-01,comerciais_leves,Furgões Pequenos,4,45,4,True,45
2007-01,comerciais_leves,Pick-up's Grandes,10,0,11,False,0
2007-01,comerciais_leves,Pick-up's Pequenas,6,0,6,True,0
2007-02,automoveis,Grandcab,4,19,4,True,19
2007-02,automoveis,Hatch Médios,6,108,6,True,108
2007-02,automoveis,Hatch Pequenos,7,1,12,False,0
2007-02,automoveis,Monocab,9,0,11,False,0
2007-02,automoveis,Sedans Compactos,5,0,6,False,0
2007-02,automoveis,Sedans Grandes,12,16,12,True,16
2007-02,automoveis,Sedans Pequenos,8,0,10,False,0
2007-02,automoveis,Sedans médios,18,0,21,False,0
2007-02,automoveis,Sports,9,1,9,True,1
2007-02,automoveis,Suv's,40,0,40,True,0
2007-02,automoveis,Sw Grandes,7,1,13,False,0
2007-02,automoveis,Sw Médios,4,853,4,True,853
2007-02,automoveis,Veículos de Entrada,8,0,9,False,0
2007-02,comerciais_leves,Furgões,7,89,7,True,89
2007-02,comerciais_leves,Furgões Pequenos,4,60,4,True,60
2007-02,comerciais_leves,Pick-up's Grandes,11,0,11,True,0
2007-02,comerciais_leves,Pick-up's Pequenas,6,0,6,True,0
2007-03,automoveis,Grandcab,4,22,4,True,22
2007-03,automoveis,Hatch Médios,6,183,6,True,183
2007-03,automoveis,Hatch Pequenos,7,0,12,False,0
2007-03,automoveis,Monocab,9,0,11,False,0
2007-03,automoveis,Sedans Compactos,5,0,6,False,0
2007-03,automoveis,Sedans Grandes,12,15,12,True,15
2007-03,automoveis,Sedans Pequenos,8,0,10,False,0
2007-03,automoveis,Sedans médios,18,1,21,False,0
2007-03,automoveis,Sports,9,2,9,True,2
2007-03,automoveis,Suv's,40,0,40,True,0
2007-03,automoveis,Sw Grandes,8,1,13,False,0
2007-03,automoveis,Sw Médios,4,1338,4,True,1338
2007-03,automoveis,Veículos de Entrada,8,1,9,False,0
2007-03,comerciais_leves,Furgões,7,103,7,True,103
2007-03,comerciais_leves,Furgões Pequenos,4,80,4,True,80
2007-03,comerciais_leves,Pick-up's Grandes,11,0,11,True,0
2007-03,comerciais_leves,Pick-up's Pequenas,6,1,6,True,1
2007-04,automoveis,Grandcab,4,37,4,True,37
2007-04,automoveis,Hatch Médios,6,215,6,True,215
2007-04,automoveis,Hatch Pequenos,7,2,12,False,0
2007-04,automoveis,Monocab,10,0,11,False,0
2007-04,automoveis,Sedans Compactos,5,0,6,False,0
2007-04,automoveis,Sedans Grandes,12,14,12,True,14
2007-04,automoveis,Sedans Pequenos,8,2,10,False,0
2007-04,automoveis,Sedans médios,20,0,21,False,0
2007-04,automoveis,Sports,9,2,9,True,2
2007-04,automoveis,Suv's,40,0,40,True,0
2007-04,automoveis,Sw Grandes,11,0,13,False,0
2007-04,automoveis,Sw Médios,4,1262,4,True,1262
2007-04,automoveis,Veículos de Entrada,8,3,9,False,0
2007-04,comerciais_leves,Furgões,7,76,7,True,76
2007-04,comerciais_leves,Furgões Pequenos,4,108,4,True,108
2007-04,comerciais_leves,Pick-up's Grandes,11,0,11,True,0
2007-04,comerciais_leves,Pick-up's Pequenas,6,0,6,True,0
2007-05,automoveis,Grandcab,4,30,4,True,30
2007-05,automoveis,Hatch Médios,6,235,6,True,235
2007-05,automoveis,Hatch Pequenos,7,2,12,False,0
2007-05,automoveis,Monocab,10,0,11,False,0
2007-05,automoveis,Sedans Compactos,5,0,6,False,0
2007-05,automoveis,Sedans Grandes,12,9,12,True,9
2007-05,automoveis,Sedans Pequenos,9,0,10,False,0
2007-05,automoveis,Sedans médios,21,0,21,True,0
2007-05,automoveis,Sports,9,2,9,True,2
2007-05,automoveis,Suv's,40,0,40,True,0
2007-05,automoveis,Sw Grandes,11,0,13,False,0
2007-05,automoveis,Sw Médios,4,1249,4,True,1249
2007-05,automoveis,Veículos de Entrada,8,0,9,False,0
2007-05,comerciais_leves,Furgões,7,74,7,True,74
2007-05,comerciais_leves,Furgões Pequenos,4,88,4,True,88
2007-05,comerciais_leves,Pick-up's Grandes,11,0,11,True,0
2007-05,comerciais_leves,Pick-up's Pequenas,6,1,6,True,1
2007-06,automoveis,Grandcab,4,19,4,True,19
2007-06,automoveis,Hatch Médios,6,164,6,True,164
2007-06,automoveis,Hatch Pequenos,7,0,12,False,0
2007-06,automoveis,Monocab,10,0,11,False,0
2007-06,automoveis,Sedans Compactos,6,0,6,True,0
2007-06,automoveis,Sedans Grandes,12,9,12,True,9
2007-06,automoveis,Sedans Pequenos,10,1,10,True,1
2007-06,automoveis,Sedans médios,21,0,21,True,0
2007-06,automoveis,Sports,9,3,9,True,3
2007-06,automoveis,Suv's,40,0,40,True,0
2007-06,automoveis,Sw Grandes,11,0,13,False,0
2007-06,automoveis,Sw Médios,4,1234,4,True,1234
2007-06,automoveis,Veículos de Entrada,8,0,9,False,0
2007-06,comerciais_leves,Furgões,7,85,7,True,85
2007-06,comerciais_leves,Furgões Pequenos,4,72,4,True,72
2007-06,comerciais_leves,Pick-up's Grandes,11,0,11,True,0
2007-06,comerciais_leves,Pick-up's Pequenas,6,0,6,True,0
2007-07,automoveis,Grandcab,4,20,4,True,20
2007-07,automoveis,Hatch Médios,6,276,6,True,276
2007-07,automoveis,Hatch Pequenos,7,0,12,False,0
2007-07,automoveis,Monocab,10,0,11,False,0
2007-07,automoveis,Sedans Compactos,6,0,6,True,0
2007-07,automoveis,Sedans Grandes,12,0,12,True,0
2007-07,automoveis,Sedans Pequenos,10,0,10,True,0
2007-07,automoveis,Sedans médios,21,0,21,True,0
2007-07,automoveis,Sports,9,3,9,True,3
2007-07,automoveis,Suv's,40,0,40,True,0
2007-07,automoveis,Sw Grandes,11,0,13,False,0
2007-07,automoveis,Sw Médios,4,1788,4,True,1788
2007-07,automoveis,Veículos de Entrada,9,1,9,True,1
2007-07,comerciais_leves,Furgões,7,91,7,True,91
2007-07,comerciais_leves,Furgões Pequenos,4,64,4,True,64
2007-07,comerciais_leves,Pick-up's Grandes,11,0,11,True,0
2007-07,comerciais_leves,Pick-up's Pequenas,6,0,6,True,0
2007-08,automoveis,Grandcab,4,15,4,True,15
2007-08,automoveis,Hatch Médios,6,355,6,True,355
2007-08,automoveis,Hatch Pequenos,8,1,12,False,0
2007-08,automoveis,Monocab,10,0,11,False,0
2007-08,automoveis,Sedans Compactos,6,0,6,True,0
2007-08,automoveis,Sedans Grandes,12,3,12,True,3
2007-08,automoveis,Sedans Pequenos,10,0,10,True,0
2007-08,automoveis,Sedans médios,21,0,21,True,0
2007-08,automoveis,Sports,9,1,9,True,1
2007-08,automoveis,Suv's,40,0,40,True,0
2007-08,automoveis,Sw Grandes,11,0,13,False,0
2007-08,automoveis,Sw Médios,4,1337,4,True,1337
2007-08,automoveis,Veículos de Entrada,9,0,9,True,0
2007-08,comerciais_leves,Furgões,7,141,7,True,141
2007-08,comerciais_leves,Furgões Pequenos,4,73,4,True,73
2007-08,comerciais_leves,Pick-up's Grandes,11,0,11,True,0
2007-08,comerciais_leves,Pick-up's Pequenas,6,0,6,True,0
2007-09,automoveis,Grandcab,4,11,4,True,11
2007-09,automoveis,Hatch Médios,6,763,6,True,763
2007-09,automoveis,Hatch Pequenos,8,0,12,False,0
2007-09,automoveis,Monocab,10,0,11,False,0
2007-09,automoveis,Sedans Compactos,6,0,6,True,0
2007-09,automoveis,Sedans Grandes,12,0,12,True,0
2007-09,automoveis,Sedans Pequenos,10,0,10,True,0
2007-09,automoveis,Sedans médios,21,0,21,True,0
2007-09,automoveis,Sports,9,0,9,True,0
2007-09,automoveis,Suv's,40,0,40,True,0
2007-09,automoveis,Sw Grandes,11,0,13,False,0
2007-09,automoveis,Sw Médios,4,1153,4,True,1153
2007-09,automoveis,Veículos de Entrada,9,0,9,True,0
2007-09,comerciais_leves,Furgões,7,112,7,True,112
2007-09,comerciais_leves,Furgões Pequenos,4,111,4,True,111
2007-09,comerciais_leves,Pick-up's Grandes,11,0,11,True,0
2007-09,comerciais_leves,Pick-up's Pequenas,6,0,6,True,0
2007-10,automoveis,Grandcab,4,7,4,True,7
2007-10,automoveis,Hatch Médios,6,1160,6,True,1160
2007-10,automoveis,Hatch Pequenos,10,0,12,False,0
2007-10,automoveis,Monocab,10,0,11,False,0
2007-10,automoveis,Sedans Compactos,6,0,6,True,0
2007-10,automoveis,Sedans Grandes,12,2,12,True,2
2007-10,automoveis,Sedans Pequenos,10,0,10,True,0
2007-10,automoveis,Sedans médios,21,0,21,True,0
2007-10,automoveis,Sports,9,1,9,True,1
2007-10,automoveis,Suv's,40,1,40,True,1
2007-10,automoveis,Sw Grandes,11,0,13,False,0
2007-10,automoveis,Sw Médios,4,1367,4,True,1367
2007-10,automoveis,Veículos de Entrada,9,1,9,True,1
2007-10,comerciais_leves,Furgões,7,135,7,True,135
2007-10,comerciais_leves,Furgões Pequenos,4,127,4,True,127
2007-10,comerciais_leves,Pick-up's Grandes,11,0,11,True,0
2007-10,comerciais_leves,Pick-up's Pequenas,6,0,6,True,0
2007-11,automoveis,Grandcab,4,3,4,True,3
2007-11,automoveis,Hatch Médios,6,1028,6,True,1028
2007-11,automoveis,Hatch Pequenos,10,0,12,False,0
2007-11,automoveis,Monocab,10,0,11,False,0
2007-11,automoveis,Sedans Compactos,6,0,6,True,0
2007-11,automoveis,Sedans Grandes,12,0,12,True,0
2007-11,automoveis,Sedans Pequenos,10,0,10,True,0
2007-11,automoveis,Sedans médios,21,0,21,True,0
2007-11,automoveis,Sports,9,2,9,True,2
2007-11,automoveis,Suv's,40,0,40,True,0
2007-11,automoveis,Sw Grandes,11,0,13,False,0
2007-11,automoveis,Sw Médios,4,1496,4,True,1496
2007-11,automoveis,Veículos de Entrada,9,0,9,True,0
2007-11,comerciais_leves,Furgões,7,129,7,True,129
2007-11,comerciais_leves,Furgões Pequenos,4,93,4,True,93
2007-11,comerciais_leves,Pick-up's Grandes,11,0,11,True,0
2007-11,comerciais_leves,Pick-up's Pequenas,6,0,6,True,0
2007-12,automoveis,Grandcab,4,2,4,True,2
2007-12,automoveis,Hatch Médios,6,906,6,True,906
2007-12,automoveis,Hatch Pequenos,10,0,12,False,0
2007-12,automoveis,Monocab,10,0,11,False,0
2007-12,automoveis,Sedans Compactos,6,0,6,True,0
2007-12,automoveis,Sedans Grandes,12,5,12,True,5
2007-12,automoveis,Sedans Pequenos,10,0,10,True,0
2007-12,automoveis,Sedans médios,21,0,21,True,0
2007-12,automoveis,Sports,9,4,9,True,4
2007-12,automoveis,Suv's,40,1,40,True,1
2007-12,automoveis,Sw Grandes,11,0,13,False,0
2007-12,automoveis,Sw Médios,4,1353,4,True,1353
2007-12,automoveis,Veículos de Entrada,9,0,9,True,0
2007-12,comerciais_leves,Furgões,7,95,7,True,95
2007-12,comerciais_leves,Furgões Pequenos,4,75,4,True,75
2007-12,comerciais_leves,Pick-up's Grandes,11,0,11,True,0
2007-12,comerciais_leves,Pick-up's Pequenas,6,0,6,True,0
2008-01,automoveis,Grandcab,4,21,4,True,21
2008-01,automoveis,Hatch Médios,6,947,6,True,947
2008-01,automoveis,Hatch Pequenos,8,0,12,False,0
2008-01,automoveis,Monocab,8,1,11,False,0
2008-01,automoveis,Sedans Compactos,3,1,6,False,0
2008-01,automoveis,Sedans Grandes,12,16,12,True,16
2008-01,automoveis,Sedans Pequenos,10,1,10,True,1
2008-01,automoveis,Sedans médios,20,0,21,False,0
2008-01,automoveis,Sports,9,6,9,True,6
2008-01,automoveis,Suv's,40,7,40,True,7
2008-01,automoveis,Sw Grandes,8,0,13,False,0
2008-01,automoveis,Sw Médios,4,1155,4,True,1155
2008-01,automoveis,Veículos de Entrada,8,4,9,False,0
2008-01,comerciais_leves,Furgões,7,154,7,True,154
2008-01,comerciais_leves,Furgões Pequenos,4,85,4,True,85
2008-01,comerciais_leves,Pick-up's Grandes,11,1,11,True,1
2008-01,comerciais_leves,Pick-up's Pequenas,6,0,6,True,0
2008-02,automoveis,Grandcab,4,27,4,True,27
2008-02,automoveis,Hatch Médios,6,682,6,True,682
2008-02,automoveis,Hatch Pequenos,9,0,12,False,0
2008-02,automoveis,Monocab,8,2,11,False,0
2008-02,automoveis,Sedans Compactos,4,1,6,False,0
2008-02,automoveis,Sedans Grandes,12,15,12,True,15
2008-02,automoveis,Sedans Pequenos,10,0,10,True,0
2008-02,automoveis,Sedans médios,19,0,21,False,0
2008-02,automoveis,Sports,9,5,9,True,5
2008-02,automoveis,Suv's,40,4,40,True,4
2008-02,automoveis,Sw Grandes,8,1,13,False,0
2008-02,automoveis,Sw Médios,4,977,4,True,977
2008-02,automoveis,Veículos de Entrada,9,0,9,True,0
2008-02,comerciais_leves,Furgões,7,136,7,True,136
2008-02,comerciais_leves,Furgões Pequenos,4,79,4,True,79
2008-02,comerciais_leves,Pick-up's Grandes,11,0,11,True,0
2008-02,comerciais_leves,Pick-up's Pequenas,5,0,6,False,0
2008-03,automoveis,Grandcab,4,20,4,True,20
2008-03,automoveis,Hatch Médios,6,1061,6,True,1061
2008-03,automoveis,Hatch Pequenos,11,0,12,False,0
2008-03,automoveis,Monocab,7,1,11,False,0
2008-03,automoveis,Sedans Compactos,6,0,6,True,0
2008-03,automoveis,Sedans Grandes,12,18,12,True,18
2008-03,automoveis,Sedans Pequenos,10,0,10,True,0
2008-03,automoveis,Sedans médios,21,0,21,True,0
2008-03,automoveis,Sports,9,4,9,True,4
2008-03,automoveis,Suv's,40,6,40,True,6
2008-03,automoveis,Sw Grandes,9,0,13,False,0
2008-03,automoveis,Sw Médios,4,1100,4,True,1100
2008-03,automoveis,Veículos de Entrada,9,0,9,True,0
2008-03,comerciais_leves,Furgões,7,214,7,True,214
2008-03,comerciais_leves,Furgões Pequenos,4,90,4,True,90
2008-03,comerciais_leves,Pick-up's Grandes,11,0,11,True,0
2008-03,comerciais_leves,Pick-up's Pequenas,6,1,6,True,1
2008-04,automoveis,Grandcab,4,42,4,True,42
2008-04,automoveis,Hatch Médios,6,954,6,True,954
2008-04,automoveis,Hatch Pequenos,10,0,12,False,0
2008-04,automoveis,Monocab,9,0,11,False,0
2008-04,automoveis,Sedans Compactos,6,0,6,True,0
2008-04,automoveis,Sedans Grandes,12,23,12,True,23
2008-04,automoveis,Sedans Pequenos,10,0,10,True,0
2008-04,automoveis,Sedans médios,21,0,21,True,0
2008-04,automoveis,Sports,9,5,9,True,5
2008-04,automoveis,Suv's,40,7,40,True,7
2008-04,automoveis,Sw Grandes,9,0,13,False,0
2008-04,automoveis,Sw Médios,4,1144,4,True,1144
2008-04,automoveis,Veículos de Entrada,9,1,9,True,1
2008-04,comerciais_leves,Furgões,7,197,7,True,197
2008-04,comerciais_leves,Furgões Pequenos,4,69,4,True,69
2008-04,comerciais_leves,Pick-up's Grandes,11,1,11,True,1
2008-04,comerciais_leves,Pick-up's Pequenas,6,1,6,True,1
2008-05,automoveis,Grandcab,4,214,4,True,214
2008-05,automoveis,Hatch Médios,6,805,6,True,805
2008-05,automoveis,Hatch Pequenos,11,0,12,False,0
2008-05,automoveis,Monocab,10,0,11,False,0
2008-05,automoveis,Sedans Compactos,6,0,6,True,0
2008-05,automoveis,Sedans Grandes,12,10,12,True,10
2008-05,automoveis,Sedans Pequenos,10,0,10,True,0
2008-05,automoveis,Sedans médios,21,0,21,True,0
2008-05,automoveis,Sports,9,1,9,True,1
2008-05,automoveis,Suv's,40,5,40,True,5
2008-05,automoveis,Sw Grandes,9,0,13,False,0
2008-05,automoveis,Sw Médios,4,824,4,True,824
2008-05,automoveis,Veículos de Entrada,9,0,9,True,0
2008-05,comerciais_leves,Furgões,7,170,7,True,170
2008-05,comerciais_leves,Furgões Pequenos,4,75,4,True,75
2008-05,comerciais_leves,Pick-up's Grandes,11,0,11,True,0
2008-05,comerciais_leves,Pick-up's Pequenas,6,0,6,True,0
2008-06,automoveis,Grandcab,4,170,4,True,170
2008-06,automoveis,Hatch Médios,6,1073,6,True,1073
2008-06,automoveis,Hatch Pequenos,11,0,12,False,0
2008-06,automoveis,Monocab,10,0,11,False,0
2008-06,automoveis,Sedans Compactos,6,0,6,True,0
2008-06,automoveis,Sedans Grandes,12,7,12,True,7
2008-06,automoveis,Sedans Pequenos,10,0,10,True,0
2008-06,automoveis,Sedans médios,21,0,21,True,0
2008-06,automoveis,Sports,9,4,9,True,4
2008-06,automoveis,Suv's,40,3,40,True,3
2008-06,automoveis,Sw Grandes,10,0,13,False,0
2008-06,automoveis,Sw Médios,4,1115,4,True,1115
2008-06,automoveis,Veículos de Entrada,9,0,9,True,0
2008-06,comerciais_leves,Furgões,7,190,7,True,190
2008-06,comerciais_leves,Furgões Pequenos,4,98,4,True,98
2008-06,comerciais_leves,Pick-up's Grandes,11,1,11,True,1
2008-06,comerciais_leves,Pick-up's Pequenas,6,0,6,True,0
2008-07,automoveis,Grandcab,4,287,4,True,287
2008-07,automoveis,Hatch Médios,6,1393,6,True,1393
2008-07,automoveis,Hatch Pequenos,11,0,12,False,0
2008-07,automoveis,Monocab,10,0,11,False,0
2008-07,automoveis,Sedans Compactos,6,0,6,True,0
2008-07,automoveis,Sedans Grandes,12,19,12,True,19
2008-07,automoveis,Sedans Pequenos,10,0,10,True,0
2008-07,automoveis,Sedans médios,21,0,21,True,0
2008-07,automoveis,Sports,9,3,9,True,3
2008-07,automoveis,Suv's,40,3,40,True,3
2008-07,automoveis,Sw Grandes,11,0,13,False,0
2008-07,automoveis,Sw Médios,4,1129,4,True,1129
2008-07,automoveis,Veículos de Entrada,9,2,9,True,2
2008-07,comerciais_leves,Furgões,7,190,7,True,190
2008-07,comerciais_leves,Furgões Pequenos,4,128,4,True,128
2008-07,comerciais_leves,Pick-up's Grandes,11,1,11,True,1
2008-07,comerciais_leves,Pick-up's Pequenas,6,0,6,True,0
2008-08,automoveis,Grandcab,4,281,4,True,281
2008-08,automoveis,Hatch Médios,6,1077,6,True,1077
2008-08,automoveis,Hatch Pequenos,11,0,12,False,0
2008-08,automoveis,Monocab,10,0,11,False,0
2008-08,automoveis,Sedans Compactos,6,0,6,True,0
2008-08,automoveis,Sedans Grandes,12,11,12,True,11
2008-08,automoveis,Sedans Pequenos,10,0,10,True,0
2008-08,automoveis,Sedans médios,21,0,21,True,0
2008-08,automoveis,Sports,9,1,9,True,1
2008-08,automoveis,Suv's,40,2,40,True,2
2008-08,automoveis,Sw Grandes,11,0,13,False,0
2008-08,automoveis,Sw Médios,4,358,4,True,358
2008-08,automoveis,Veículos de Entrada,9,1,9,True,1
2008-08,comerciais_leves,Furgões,7,185,7,True,185
2008-08,comerciais_leves,Furgões Pequenos,4,106,4,True,106
2008-08,comerciais_leves,Pick-up's Grandes,11,0,11,True,0
2008-08,comerciais_leves,Pick-up's Pequenas,6,0,6,True,0
2008-09,automoveis,Grandcab,4,385,4,True,385
2008-09,automoveis,Hatch Médios,6,992,6,True,992
2008-09,automoveis,Hatch Pequenos,11,0,12,False,0
2008-09,automoveis,Monocab,10,0,11,False,0
2008-09,automoveis,Sedans Compactos,6,1,6,True,1
2008-09,automoveis,Sedans Grandes,12,12,12,True,12
2008-09,automoveis,Sedans Pequenos,10,2,10,True,2
2008-09,automoveis,Sedans médios,21,0,21,True,0
2008-09,automoveis,Sports,9,3,9,True,3
2008-09,automoveis,Suv's,40,0,40,True,0
2008-09,automoveis,Sw Grandes,11,0,13,False,0
2008-09,automoveis,Sw Médios,4,139,4,True,139
2008-09,automoveis,Veículos de Entrada,9,0,9,True,0
2008-09,comerciais_leves,Furgões,7,194,7,True,194
2008-09,comerciais_leves,Furgões Pequenos,4,129,4,True,129
2008-09,comerciais_leves,Pick-up's Grandes,11,0,11,True,0
2008-09,comerciais_leves,Pick-up's Pequenas,6,1,6,True,1
2008-10,automoveis,Grandcab,4,230,4,True,230
2008-10,automoveis,Hatch Médios,6,854,6,True,854
2008-10,automoveis,Hatch Pequenos,11,0,12,False,0
2008-10,automoveis,Monocab,10,0,11,False,0
2008-10,automoveis,Sedans Compactos,6,0,6,True,0
2008-10,automoveis,Sedans Grandes,12,16,12,True,16
2008-10,automoveis,Sedans Pequenos,10,0,10,True,0
2008-10,automoveis,Sedans médios,21,0,21,True,0
2008-10,automoveis,Sports,9,3,9,True,3
2008-10,automoveis,Suv's,40,0,40,True,0
2008-10,automoveis,Sw Grandes,11,0,13,False,0
2008-10,automoveis,Sw Médios,4,71,4,True,71
2008-10,automoveis,Veículos de Entrada,9,1,9,True,1
2008-10,comerciais_leves,Furgões,7,178,7,True,178
2008-10,comerciais_leves,Furgões Pequenos,4,131,4,True,131
2008-10,comerciais_leves,Pick-up's Grandes,11,0,11,True,0
2008-10,comerciais_leves,Pick-up's Pequenas,6,1,6,True,1
2008-11,automoveis,Grandcab,4,270,4,True,270
2008-11,automoveis,Hatch Médios,6,531,6,True,531
2008-11,automoveis,Hatch Pequenos,11,0,12,False,0
2008-11,automoveis,Monocab,10,0,11,False,0
2008-11,automoveis,Sedans Compactos,6,0,6,True,0
2008-11,automoveis,Sedans Grandes,12,12,12,True,12
2008-11,automoveis,Sedans Pequenos,10,0,10,True,0
2008-11,automoveis,Sedans médios,21,0,21,True,0
2008-11,automoveis,Sports,9,4,9,True,4
2008-11,automoveis,Suv's,40,3,40,True,3
2008-11,automoveis,Sw Grandes,11,0,13,False,0
2008-11,automoveis,Sw Médios,4,42,4,True,42
2008-11,automoveis,Veículos de Entrada,9,1,9,True,1
2008-11,comerciais_leves,Furgões,7,170,7,True,170
2008-11,comerciais_leves,Furgões Pequenos,4,72,4,True,72
2008-11,comerciais_leves,Pick-up's Grandes,11,0,11,True,0
2008-11,comerciais_leves,Pick-up's Pequenas,6,0,6,True,0
2008-12,automoveis,Grandcab,4,185,4,True,185
2008-12,automoveis,Hatch Médios,6,640,6,True,640
2008-12,automoveis,Hatch Pequenos,11,0,12,False,0
2008-12,automoveis,Monocab,10,0,11,False,0
2008-12,automoveis,Sedans Compactos,6,0,6,True,0
2008-12,automoveis,Sedans Grandes,12,14,12,True,14
2008-12,automoveis,Sedans Pequenos,10,0,10,True,0
2008-12,automoveis,Sedans médios,21,0,21,True,0
2008-12,automoveis,Sports,9,3,9,True,3
2008-12,automoveis,Suv's,40,4,40,True,4
2008-12,automoveis,Sw Grandes,11,0,13,False,0
2008-12,automoveis,Sw Médios,4,31,4,True,31
2008-12,automoveis,Veículos de Entrada,9,0,9,True,0
2008-12,comerciais_leves,Furgões,7,155,7,True,155
2008-12,comerciais_leves,Furgões Pequenos,4,65,4,True,65
2008-12,comerciais_leves,Pick-up's Grandes,11,0,11,True,0
2008-12,comerciais_leves,Pick-up's Pequenas,6,1,6,True,1
2009-01,automoveis,Grandcab,4,225,4,True,225
2009-01,automoveis,Hatch Médios,6,794,6,True,794
2009-01,automoveis,Hatch Pequenos,8,1,12,False,0
2009-01,automoveis,Monocab,8,18,11,False,0
2009-01,automoveis,Sedans Compactos,5,0,6,False,0
2009-01,automoveis,Sedans Grandes,12,14,12,True,14
2009-01,automoveis,Sedans Pequenos,9,1,10,False,0
2009-01,automoveis,Sedans médios,19,0,21,False,0
2009-01,automoveis,Sports,9,4,9,True,4
2009-01,automoveis,Suv's,40,6,40,True,6
2009-01,automoveis,Sw Grandes,7,0,13,False,0
2009-01,automoveis,Sw Médios,4,596,4,True,596
2009-01,automoveis,Veículos de Entrada,9,1,9,True,1
2009-01,comerciais_leves,Furgões,7,121,7,True,121
2009-01,comerciais_leves,Furgões Pequenos,4,53,4,True,53
2009-01,comerciais_leves,Pick-up's Grandes,11,1,11,True,1
2009-01,comerciais_leves,Pick-up's Pequenas,6,0,6,True,0
2009-02,automoveis,Grandcab,4,207,4,True,207
2009-02,automoveis,Hatch Médios,6,812,6,True,812
2009-02,automoveis,Hatch Pequenos,9,1,12,False,0
2009-02,automoveis,Monocab,9,14,11,False,0
2009-02,automoveis,Sedans Compactos,3,130,6,False,0
2009-02,automoveis,Sedans Grandes,12,12,12,True,12
2009-02,automoveis,Sedans Pequenos,10,16,10,True,16
2009-02,automoveis,Sedans médios,19,0,21,False,0
2009-02,automoveis,Sports,9,3,9,True,3
2009-02,automoveis,Suv's,40,4,40,True,4
2009-02,automoveis,Sw Grandes,8,0,13,False,0
2009-02,automoveis,Sw Médios,4,452,4,True,452
2009-02,automoveis,Veículos de Entrada,9,2,9,True,2
2009-02,comerciais_leves,Furgões,7,155,7,True,155
2009-02,comerciais_leves,Furgões Pequenos,4,64,4,True,64
2009-02,comerciais_leves,Pick-up's Grandes,11,1,11,True,1
2009-02,comerciais_leves,Pick-up's Pequenas,5,24,6,False,0
2009-03,automoveis,Grandcab,4,363,4,True,363
2009-03,automoveis,Hatch Médios,6,906,6,True,906
2009-03,automoveis,Hatch Pequenos,10,0,12,False,0
2009-03,automoveis,Monocab,10,1,11,False,0
2009-03,automoveis,Sedans Compactos,5,1,6,False,0
2009-03,automoveis,Sedans Grandes,12,10,12,True,10
2009-03,automoveis,Sedans Pequenos,10,102,10,True,102
2009-03,automoveis,Sedans médios,21,0,21,True,0
2009-03,automoveis,Sports,9,3,9,True,3
2009-03,automoveis,Suv's,40,10,40,True,10
2009-03,automoveis,Sw Grandes,8,1,13,False,0
2009-03,automoveis,Sw Médios,4,840,4,True,840
2009-03,automoveis,Veículos de Entrada,9,1,9,True,1
2009-03,comerciais_leves,Furgões,7,143,7,True,143
2009-03,comerciais_leves,Furgões Pequenos,4,123,4,True,123
2009-03,comerciais_leves,Pick-up's Grandes,11,0,11,True,0
2009-03,comerciais_leves,Pick-up's Pequenas,6,1,6,True,1
2009-04,automoveis,Grandcab,4,285,4,True,285
2009-04,automoveis,Hatch Médios,6,668,6,True,668
2009-04,automoveis,Hatch Pequenos,11,0,12,False,0
2009-04,automoveis,Monocab,11,0,11,True,0
2009-04,automoveis,Sedans Compactos,6,0,6,True,0
2009-04,automoveis,Sedans Grandes,12,10,12,True,10
2009-04,automoveis,Sedans Pequenos,10,59,10,True,59
2009-04,automoveis,Sedans médios,21,0,21,True,0
2009-04,automoveis,Sports,9,4,9,True,4
2009-04,automoveis,Suv's,40,8,40,True,8
2009-04,automoveis,Sw Grandes,10,0,13,False,0
2009-04,automoveis,Sw Médios,4,530,4,True,530
2009-04,automoveis,Veículos de Entrada,9,0,9,True,0
2009-04,comerciais_leves,Furgões,7,108,7,True,108
2009-04,comerciais_leves,Furgões Pequenos,4,106,4,True,106
2009-04,comerciais_leves,Pick-up's Grandes,11,1,11,True,1
2009-04,comerciais_leves,Pick-up's Pequenas,6,0,6,True,0
2009-05,automoveis,Grandcab,4,240,4,True,240
2009-05,automoveis,Hatch Médios,6,479,6,True,479
2009-05,automoveis,Hatch Pequenos,11,0,12,False,0
2009-05,automoveis,Monocab,11,0,11,True,0
2009-05,automoveis,Sedans Compactos,6,0,6,True,0
2009-05,automoveis,Sedans Grandes,12,13,12,True,13
2009-05,automoveis,Sedans Pequenos,10,6,10,True,6
2009-05,automoveis,Sedans médios,21,0,21,True,0
2009-05,automoveis,Sports,9,3,9,True,3
2009-05,automoveis,Suv's,40,8,40,True,8
2009-05,automoveis,Sw Grandes,10,0,13,False,0
2009-05,automoveis,Sw Médios,4,447,4,True,447
2009-05,automoveis,Veículos de Entrada,9,0,9,True,0
2009-05,comerciais_leves,Furgões,7,148,7,True,148
2009-05,comerciais_leves,Furgões Pequenos,4,68,4,True,68
2009-05,comerciais_leves,Pick-up's Grandes,11,0,11,True,0
2009-05,comerciais_leves,Pick-up's Pequenas,6,2,6,True,2
2009-06,automoveis,Grandcab,4,330,4,True,330
2009-06,automoveis,Hatch Médios,6,1030,6,True,1030
2009-06,automoveis,Hatch Pequenos,11,0,12,False,0
2009-06,automoveis,Monocab,11,0,11,True,0
2009-06,automoveis,Sedans Compactos,6,0,6,True,0
2009-06,automoveis,Sedans Grandes,12,19,12,True,19
2009-06,automoveis,Sedans Pequenos,10,4,10,True,4
2009-06,automoveis,Sedans médios,21,0,21,True,0
2009-06,automoveis,Sports,9,1,9,True,1
2009-06,automoveis,Suv's,40,7,40,True,7
2009-06,automoveis,Sw Grandes,11,0,13,False,0
2009-06,automoveis,Sw Médios,4,619,4,True,619
2009-06,automoveis,Veículos de Entrada,9,0,9,True,0
2009-06,comerciais_leves,Furgões,7,122,7,True,122
2009-06,comerciais_leves,Furgões Pequenos,4,60,4,True,60
2009-06,comerciais_leves,Pick-up's Grandes,11,0,11,True,0
2009-06,comerciais_leves,Pick-up's Pequenas,6,0,6,True,0
2009-07,automoveis,Grandcab,4,280,4,True,280
2009-07,automoveis,Hatch Médios,6,983,6,True,983
2009-07,automoveis,Hatch Pequenos,11,0,12,False,0
2009-07,automoveis,Monocab,11,0,11,True,0
2009-07,automoveis,Sedans Compactos,6,0,6,True,0
2009-07,automoveis,Sedans Grandes,12,18,12,True,18
2009-07,automoveis,Sedans Pequenos,10,7,10,True,7
2009-07,automoveis,Sedans médios,21,0,21,True,0
2009-07,automoveis,Sports,9,4,9,True,4
2009-07,automoveis,Suv's,40,1,40,True,1
2009-07,automoveis,Sw Grandes,11,0,13,False,0
2009-07,automoveis,Sw Médios,4,643,4,True,643
2009-07,automoveis,Veículos de Entrada,9,0,9,True,0
2009-07,comerciais_leves,Furgões,7,174,7,True,174
2009-07,comerciais_leves,Furgões Pequenos,4,63,4,True,63
2009-07,comerciais_leves,Pick-up's Grandes,11,1,11,True,1
2009-07,comerciais_leves,Pick-up's Pequenas,6,2,6,True,2
2009-08,automoveis,Grandcab,4,143,4,True,143
2009-08,automoveis,Hatch Médios,6,885,6,True,885
2009-08,automoveis,Hatch Pequenos,11,0,12,False,0
2009-08,automoveis,Monocab,11,1,11,True,1
2009-08,automoveis,Sedans Compactos,6,0,6,True,0
2009-08,automoveis,Sedans Grandes,12,6,12,True,6
2009-08,automoveis,Sedans Pequenos,10,1,10,True,1
2009-08,automoveis,Sedans médios,21,0,21,True,0
2009-08,automoveis,Sports,9,1,9,True,1
2009-08,automoveis,Suv's,40,0,40,True,0
2009-08,automoveis,Sw Grandes,12,0,13,False,0
2009-08,automoveis,Sw Médios,4,488,4,True,488
2009-08,automoveis,Veículos de Entrada,9,1,9,True,1
2009-08,comerciais_leves,Furgões,7,156,7,True,156
2009-08,comerciais_leves,Furgões Pequenos,4,51,4,True,51
2009-08,comerciais_leves,Pick-up's Grandes,11,1,11,True,1
2009-08,comerciais_leves,Pick-up's Pequenas,6,0,6,True,0
2009-09,automoveis,Grandcab,4,178,4,True,178
2009-09,automoveis,Hatch Médios,6,978,6,True,978
2009-09,automoveis,Hatch Pequenos,11,0,12,False,0
2009-09,automoveis,Monocab,11,0,11,True,0
2009-09,automoveis,Sedans Compactos,6,2,6,True,2
2009-09,automoveis,Sedans Grandes,12,3,12,True,3
2009-09,automoveis,Sedans Pequenos,10,2,10,True,2
2009-09,automoveis,Sedans médios,21,0,21,True,0
2009-09,automoveis,Sports,9,3,9,True,3
2009-09,automoveis,Suv's,40,0,40,True,0
2009-09,automoveis,Sw Grandes,12,0,13,False,0
2009-09,automoveis,Sw Médios,4,667,4,True,667
2009-09,automoveis,Veículos de Entrada,9,0,9,True,0
2009-09,comerciais_leves,Furgões,7,130,7,True,130
2009-09,comerciais_leves,Furgões Pequenos,4,28,4,True,28
2009-09,comerciais_leves,Pick-up's Grandes,11,0,11,True,0
2009-09,comerciais_leves,Pick-up's Pequenas,6,1,6,True,1
2009-10,automoveis,Grandcab,4,136,4,True,136
2009-10,automoveis,Hatch Médios,6,899,6,True,899
2009-10,automoveis,Hatch Pequenos,11,1,12,False,0
2009-10,automoveis,Monocab,11,0,11,True,0
2009-10,automoveis,Sedans Compactos,6,0,6,True,0
2009-10,automoveis,Sedans Grandes,12,0,12,True,0
2009-10,automoveis,Sedans Pequenos,10,0,10,True,0
2009-10,automoveis,Sedans médios,21,0,21,True,0
2009-10,automoveis,Sports,9,2,9,True,2
2009-10,automoveis,Suv's,40,0,40,True,0
2009-10,automoveis,Sw Grandes,12,0,13,False,0
2009-10,automoveis,Sw Médios,4,677,4,True,677
2009-10,automoveis,Veículos de Entrada,9,2,9,True,2
2009-10,comerciais_leves,Furgões,7,161,7,True,161
2009-10,comerciais_leves,Furgões Pequenos,4,60,4,True,60
2009-10,comerciais_leves,Pick-up's Grandes,11,0,11,True,0
2009-10,comerciais_leves,Pick-up's Pequenas,6,1,6,True,1
2009-11,automoveis,Grandcab,4,80,4,True,80
2009-11,automoveis,Hatch Médios,6,928,6,True,928
2009-11,automoveis,Hatch Pequenos,11,0,12,False,0
2009-11,automoveis,Monocab,11,1,11,True,1
2009-11,automoveis,Sedans Compactos,6,0,6,True,0
2009-11,automoveis,Sedans Grandes,12,1,12,True,1
2009-11,automoveis,Sedans Pequenos,10,0,10,True,0
2009-11,automoveis,Sedans médios,21,0,21,True,0
2009-11,automoveis,Sports,9,3,9,True,3
2009-11,automoveis,Suv's,40,0,40,True,0
2009-11,automoveis,Sw Grandes,13,0,13,True,0
2009-11,automoveis,Sw Médios,4,769,4,True,769
2009-11,automoveis,Veículos de Entrada,9,1,9,True,1
2009-11,comerciais_leves,Furgões,7,177,7,True,177
2009-11,comerciais_leves,Furgões Pequenos,4,35,4,True,35
2009-11,comerciais_leves,Pick-up's Grandes,11,0,11,True,0
2009-11,comerciais_leves,Pick-up's Pequenas,6,0,6,True,0
2009-12,automoveis,Grandcab,4,126,4,True,126
2009-12,automoveis,Hatch Médios,6,971,6,True,971
2009-12,automoveis,Hatch Pequenos,11,1,12,False,0
2009-12,automoveis,Monocab,11,1,11,True,1
2009-12,automoveis,Sedans Compactos,6,0,6,True,0
2009-12,automoveis,Sedans Grandes,12,1,12,True,1
2009-12,automoveis,Sedans Pequenos,10,0,10,True,0
2009-12,automoveis,Sedans médios,21,0,21,True,0
2009-12,automoveis,Sports,9,3,9,True,3
2009-12,automoveis,Suv's,40,0,40,True,0
2009-12,automoveis,Sw Grandes,13,0,13,True,0
2009-12,automoveis,Sw Médios,4,589,4,True,589
2009-12,automoveis,Veículos de Entrada,9,0,9,True,0
2009-12,comerciais_leves,Furgões,7,184,7,True,184
2009-12,comerciais_leves,Furgões Pequenos,4,45,4,True,45
2009-12,comerciais_leves,Pick-up's Grandes,11,0,11,True,0
2009-12,comerciais_leves,Pick-up's Pequenas,6,1,6,True,1
2010-01,automoveis,Grandcab,4,102,4,True,102
2010-01,automoveis,Hatch Médios,6,972,6,True,972
2010-01,automoveis,Hatch Pequenos,10,0,12,False,0
2010-01,automoveis,Monocab,11,1,11,True,1
2010-01,automoveis,Sedans Compactos,6,0,6,True,0
2010-01,automoveis,Sedans Grandes,12,11,12,True,11
2010-01,automoveis,Sedans Pequenos,10,1,10,True,1
2010-01,automoveis,Sedans médios,21,1,21,True,1
2010-01,automoveis,Sports,9,4,9,True,4
2010-01,automoveis,Suv's,40,12,40,True,12
2010-01,automoveis,Sw Grandes,10,0,13,False,0
2010-01,automoveis,Sw Médios,4,387,4,True,387
2010-01,automoveis,Veículos de Entrada,9,0,9,True,0
2010-01,comerciais_leves,Furgões,7,223,7,True,223
2010-01,comerciais_leves,Furgões Pequenos,4,108,4,True,108
2010-01,comerciais_leves,Pick-up's Grandes,11,1,11,True,1
2010-01,comerciais_leves,Pick-up's Pequenas,6,0,6,True,0
2010-02,automoveis,Grandcab,4,64,4,True,64
2010-02,automoveis,Hatch Médios,6,964,6,True,964
2010-02,automoveis,Hatch Pequenos,10,76,12,False,0
2010-02,automoveis,Monocab,11,0,11,True,0
2010-02,automoveis,Sedans Compactos,5,0,6,False,0
2010-02,automoveis,Sedans Grandes,12,8,12,True,8
2010-02,automoveis,Sedans Pequenos,10,1,10,True,1
2010-02,automoveis,Sedans médios,21,0,21,True,0
2010-02,automoveis,Sports,9,2,9,True,2
2010-02,automoveis,Suv's,40,1,40,True,1
2010-02,automoveis,Sw Grandes,8,0,13,False,0
2010-02,automoveis,Sw Médios,4,337,4,True,337
2010-02,automoveis,Veículos de Entrada,8,14,9,False,0
2010-02,comerciais_leves,Furgões,7,182,7,True,182
2010-02,comerciais_leves,Furgões Pequenos,4,101,4,True,101
2010-02,comerciais_leves,Pick-up's Grandes,11,0,11,True,0
2010-02,comerciais_leves,Pick-up's Pequenas,6,39,6,True,39
2010-03,automoveis,Grandcab,4,210,4,True,210
2010-03,automoveis,Hatch Médios,6,1263,6,True,1263
2010-03,automoveis,Hatch Pequenos,11,2,12,False,0
2010-03,automoveis,Monocab,11,0,11,True,0
2010-03,automoveis,Sedans Compactos,6,1,6,True,1
2010-03,automoveis,Sedans Grandes,12,11,12,True,11
2010-03,automoveis,Sedans Pequenos,10,0,10,True,0
2010-03,automoveis,Sedans médios,21,0,21,True,0
2010-03,automoveis,Sports,9,5,9,True,5
2010-03,automoveis,Suv's,40,12,40,True,12
2010-03,automoveis,Sw Grandes,8,0,13,False,0
2010-03,automoveis,Sw Médios,4,575,4,True,575
2010-03,automoveis,Veículos de Entrada,9,1,9,True,1
2010-03,comerciais_leves,Furgões,7,249,7,True,249
2010-03,comerciais_leves,Furgões Pequenos,4,69,4,True,69
2010-03,comerciais_leves,Pick-up's Grandes,11,2,11,True,2
2010-03,comerciais_leves,Pick-up's Pequenas,6,62,6,True,62
2010-04,automoveis,Grandcab,4,202,4,True,202
2010-04,automoveis,Hatch Médios,6,1097,6,True,1097
2010-04,automoveis,Hatch Pequenos,11,22,12,False,0
2010-04,automoveis,Monocab,11,0,11,True,0
2010-04,automoveis,Sedans Compactos,6,0,6,True,0
2010-04,automoveis,Sedans Grandes,12,11,12,True,11
2010-04,automoveis,Sedans Pequenos,10,0,10,True,0
2010-04,automoveis,Sedans médios,21,0,21,True,0
2010-04,automoveis,Sports,9,2,9,True,2
2010-04,automoveis,Suv's,40,3,40,True,3
2010-04,automoveis,Sw Grandes,10,0,13,False,0
2010-04,automoveis,Sw Médios,4,412,4,True,412
2010-04,automoveis,Veículos de Entrada,9,0,9,True,0
2010-04,comerciais_leves,Furgões,7,252,7,True,252
2010-04,comerciais_leves,Furgões Pequenos,4,106,4,True,106
2010-04,comerciais_leves,Pick-up's Grandes,11,4,11,True,4
2010-04,comerciais_leves,Pick-up's Pequenas,6,15,6,True,15
2010-05,automoveis,Grandcab,4,156,4,True,156
2010-05,automoveis,Hatch Médios,6,827,6,True,827
2010-05,automoveis,Hatch Pequenos,11,113,12,False,0
2010-05,automoveis,Monocab,11,1,11,True,1
2010-05,automoveis,Sedans Compactos,6,2,6,True,2
2010-05,automoveis,Sedans Grandes,12,6,12,True,6
2010-05,automoveis,Sedans Pequenos,10,0,10,True,0
2010-05,automoveis,Sedans médios,21,0,21,True,0
2010-05,automoveis,Sports,9,5,9,True,5
2010-05,automoveis,Suv's,40,3,40,True,3
2010-05,automoveis,Sw Grandes,10,0,13,False,0
2010-05,automoveis,Sw Médios,4,113,4,True,113
2010-05,automoveis,Veículos de Entrada,9,1,9,True,1
2010-05,comerciais_leves,Furgões,7,215,7,True,215
2010-05,comerciais_leves,Furgões Pequenos,4,88,4,True,88
2010-05,comerciais_leves,Pick-up's Grandes,11,3,11,True,3
2010-05,comerciais_leves,Pick-up's Pequenas,6,124,6,True,124
2010-06,automoveis,Grandcab,4,164,4,True,164
2010-06,automoveis,Hatch Médios,6,857,6,True,857
2010-06,automoveis,Hatch Pequenos,11,83,12,False,0
2010-06,automoveis,Monocab,11,0,11,True,0
2010-06,automoveis,Sedans Compactos,6,0,6,True,0
2010-06,automoveis,Sedans Grandes,12,8,12,True,8
2010-06,automoveis,Sedans Pequenos,10,0,10,True,0
2010-06,automoveis,Sedans médios,21,0,21,True,0
2010-06,automoveis,Sports,9,2,9,True,2
2010-06,automoveis,Suv's,40,1,40,True,1
2010-06,automoveis,Sw Grandes,11,0,13,False,0
2010-06,automoveis,Sw Médios,4,288,4,True,288
2010-06,automoveis,Veículos de Entrada,9,0,9,True,0
2010-06,comerciais_leves,Furgões,7,222,7,True,222
2010-06,comerciais_leves,Furgões Pequenos,4,104,4,True,104
2010-06,comerciais_leves,Pick-up's Grandes,11,3,11,True,3
2010-06,comerciais_leves,Pick-up's Pequenas,6,121,6,True,121
2010-07,automoveis,Grandcab,4,158,4,True,158
2010-07,automoveis,Hatch Médios,6,1055,6,True,1055
2010-07,automoveis,Hatch Pequenos,11,82,12,False,0
2010-07,automoveis,Monocab,11,0,11,True,0
2010-07,automoveis,Sedans Compactos,6,0,6,True,0
2010-07,automoveis,Sedans Grandes,12,9,12,True,9
2010-07,automoveis,Sedans Pequenos,10,0,10,True,0
2010-07,automoveis,Sedans médios,21,0,21,True,0
2010-07,automoveis,Sports,9,3,9,True,3
2010-07,automoveis,Suv's,40,2,40,True,2
2010-07,automoveis,Sw Grandes,11,0,13,False,0
2010-07,automoveis,Sw Médios,4,477,4,True,477
2010-07,automoveis,Veículos de Entrada,9,1,9,True,1
2010-07,comerciais_leves,Furgões,7,219,7,True,219
2010-07,comerciais_leves,Furgões Pequenos,4,116,4,True,116
2010-07,comerciais_leves,Pick-up's Grandes,11,5,11,True,5
2010-07,comerciais_leves,Pick-up's Pequenas,6,130,6,True,130
2010-08,automoveis,Grandcab,4,118,4,True,118
2010-08,automoveis,Hatch Médios,6,1062,6,True,1062
2010-08,automoveis,Hatch Pequenos,11,105,12,False,0
2010-08,automoveis,Monocab,11,0,11,True,0
2010-08,automoveis,Sedans Compactos,6,26,6,True,26
2010-08,automoveis,Sedans Grandes,12,35,12,True,35
2010-08,automoveis,Sedans Pequenos,10,2,10,True,2
2010-08,automoveis,Sedans médios,21,0,21,True,0
2010-08,automoveis,Sports,9,4,9,True,4
2010-08,automoveis,Suv's,40,3,40,True,3
2010-08,automoveis,Sw Grandes,11,0,13,False,0
2010-08,automoveis,Sw Médios,4,572,4,True,572
2010-08,automoveis,Veículos de Entrada,9,0,9,True,0
2010-08,comerciais_leves,Furgões,7,311,7,True,311
2010-08,comerciais_leves,Furgões Pequenos,4,147,4,True,147
2010-08,comerciais_leves,Pick-up's Grandes,11,2,11,True,2
2010-08,comerciais_leves,Pick-up's Pequenas,6,180,6,True,180
2010-09,automoveis,Grandcab,4,81,4,True,81
2010-09,automoveis,Hatch Médios,6,1162,6,True,1162
2010-09,automoveis,Hatch Pequenos,11,114,12,False,0
2010-09,automoveis,Monocab,11,0,11,True,0
2010-09,automoveis,Sedans Compactos,6,221,6,True,221
2010-09,automoveis,Sedans Grandes,12,15,12,True,15
2010-09,automoveis,Sedans Pequenos,10,0,10,True,0
2010-09,automoveis,Sedans médios,21,0,21,True,0
2010-09,automoveis,Sports,9,4,9,True,4
2010-09,automoveis,Suv's,40,0,40,True,0
2010-09,automoveis,Sw Grandes,12,0,13,False,0
2010-09,automoveis,Sw Médios,4,475,4,True,475
2010-09,automoveis,Veículos de Entrada,9,0,9,True,0
2010-09,comerciais_leves,Furgões,7,270,7,True,270
2010-09,comerciais_leves,Furgões Pequenos,4,143,4,True,143
2010-09,comerciais_leves,Pick-up's Grandes,11,4,11,True,4
2010-09,comerciais_leves,Pick-up's Pequenas,6,152,6,True,152
2010-10,automoveis,Grandcab,4,91,4,True,91
2010-10,automoveis,Hatch Médios,6,1060,6,True,1060
2010-10,automoveis,Hatch Pequenos,11,57,12,False,0
2010-10,automoveis,Monocab,11,0,11,True,0
2010-10,automoveis,Sedans Compactos,6,266,6,True,266
2010-10,automoveis,Sedans Grandes,12,11,12,True,11
2010-10,automoveis,Sedans Pequenos,10,0,10,True,0
2010-10,automoveis,Sedans médios,21,0,21,True,0
2010-10,automoveis,Sports,9,2,9,True,2
2010-10,automoveis,Suv's,40,7,40,True,7
2010-10,automoveis,Sw Grandes,12,0,13,False,0
2010-10,automoveis,Sw Médios,4,428,4,True,428
2010-10,automoveis,Veículos de Entrada,9,0,9,True,0
2010-10,comerciais_leves,Furgões,7,302,7,True,302
2010-10,comerciais_leves,Furgões Pequenos,4,181,4,True,181
2010-10,comerciais_leves,Pick-up's Grandes,11,12,11,True,12
2010-10,comerciais_leves,Pick-up's Pequenas,6,99,6,True,99
2010-11,automoveis,Grandcab,4,96,4,True,96
2010-11,automoveis,Hatch Médios,6,1387,6,True,1387
2010-11,automoveis,Hatch Pequenos,11,55,12,False,0
2010-11,automoveis,Monocab,11,0,11,True,0
2010-11,automoveis,Sedans Compactos,6,270,6,True,270
2010-11,automoveis,Sedans Grandes,12,4,12,True,4
2010-11,automoveis,Sedans Pequenos,10,0,10,True,0
2010-11,automoveis,Sedans médios,21,0,21,True,0
2010-11,automoveis,Sports,9,4,9,True,4
2010-11,automoveis,Suv's,40,6,40,True,6
2010-11,automoveis,Sw Grandes,12,0,13,False,0
2010-11,automoveis,Sw Médios,4,417,4,True,417
2010-11,automoveis,Veículos de Entrada,9,0,9,True,0
2010-11,comerciais_leves,Furgões,7,271,7,True,271
2010-11,comerciais_leves,Furgões Pequenos,4,178,4,True,178
2010-11,comerciais_leves,Pick-up's Grandes,11,1,11,True,1
2010-11,comerciais_leves,Pick-up's Pequenas,6,78,6,True,78
2010-12,automoveis,Grandcab,4,95,4,True,95
2010-12,automoveis,Hatch Médios,6,1761,6,True,1761
2010-12,automoveis,Hatch Pequenos,11,105,12,False,0
2010-12,automoveis,Monocab,11,1,11,True,1
2010-12,automoveis,Sedans Compactos,6,342,6,True,342
2010-12,automoveis,Sedans Grandes,12,2,12,True,2
2010-12,automoveis,Sedans Pequenos,10,1,10,True,1
2010-12,automoveis,Sedans médios,21,0,21,True,0
2010-12,automoveis,Sports,9,8,9,True,8
2010-12,automoveis,Suv's,40,12,40,True,12
2010-12,automoveis,Sw Grandes,12,0,13,False,0
2010-12,automoveis,Sw Médios,4,432,4,True,432
2010-12,automoveis,Veículos de Entrada,9,0,9,True,0
2010-12,comerciais_leves,Furgões,7,292,7,True,292
2010-12,comerciais_leves,Furgões Pequenos,4,209,4,True,209
2010-12,comerciais_leves,Pick-up's Grandes,11,1,11,True,1
2010-12,comerciais_leves,Pick-up's Pequenas,6,99,6,True,99
2011-01,automoveis,Grandcab,4,20,4,True,20
2011-01,automoveis,Hatch Médios,6,1156,6,True,1156
2011-01,automoveis,Hatch Pequenos,11,98,12,False,0
2011-01,automoveis,Monocab,11,0,11,True,0
2011-01,automoveis,Sedans Compactos,6,181,6,True,181
2011-01,automoveis,Sedans Grandes,12,30,12,True,30
2011-01,automoveis,Sedans Pequenos,10,1,10,True,1
2011-01,automoveis,Sedans médios,21,3,21,True,3
2011-01,automoveis,Sports,9,8,9,True,8
2011-01,automoveis,Suv's,40,28,40,True,28
2011-01,automoveis,Sw Grandes,7,0,13,False,0
2011-01,automoveis,Sw Médios,4,255,4,True,255
2011-01,automoveis,Veículos de Entrada,7,2546,9,False,0
2011-01,comerciais_leves,Furgões,7,319,7,True,319
2011-01,comerciais_leves,Furgões Pequenos,4,214,4,True,214
2011-01,comerciais_leves,Pick-up's Grandes,11,2,11,True,2
2011-01,comerciais_leves,Pick-up's Pequenas,6,78,6,True,78
2011-02,automoveis,Grandcab,4,31,4,True,31
2011-02,automoveis,Hatch Médios,6,921,6,True,921
2011-02,automoveis,Hatch Pequenos,11,51,12,False,0
2011-02,automoveis,Monocab,11,2,11,True,2
2011-02,automoveis,Sedans Compactos,6,301,6,True,301
2011-02,automoveis,Sedans Grandes,12,35,12,True,35
2011-02,automoveis,Sedans Pequenos,10,0,10,True,0
2011-02,automoveis,Sedans médios,21,0,21,True,0
2011-02,automoveis,Sports,9,5,9,True,5
2011-02,automoveis,Suv's,40,12,40,True,12
2011-02,automoveis,Sw Grandes,7,0,13,False,0
2011-02,automoveis,Sw Médios,4,307,4,True,307
2011-02,automoveis,Veículos de Entrada,8,1,9,False,0
2011-02,comerciais_leves,Furgões,7,326,7,True,326
2011-02,comerciais_leves,Furgões Pequenos,4,264,4,True,264
2011-02,comerciais_leves,Pick-up's Grandes,11,3,11,True,3
2011-02,comerciais_leves,Pick-up's Pequenas,6,102,6,True,102
2011-03,automoveis,Grandcab,4,59,4,True,59
2011-03,automoveis,Hatch Médios,6,698,6,True,698
2011-03,automoveis,Hatch Pequenos,11,141,12,False,0
2011-03,automoveis,Monocab,11,4,11,True,4
2011-03,automoveis,Sedans Compactos,6,387,6,True,387
2011-03,automoveis,Sedans Grandes,12,32,12,True,32
2011-03,automoveis,Sedans Pequenos,10,0,10,True,0
2011-03,automoveis,Sedans médios,21,5,21,True,5
2011-03,automoveis,Sports,9,6,9,True,6
2011-03,automoveis,Suv's,40,13,40,True,13
2011-03,automoveis,Sw Grandes,7,0,13,False,0
2011-03,automoveis,Sw Médios,4,368,4,True,368
2011-03,automoveis,Veículos de Entrada,8,0,9,False,0
2011-03,comerciais_leves,Furgões,7,334,7,True,334
2011-03,comerciais_leves,Furgões Pequenos,4,213,4,True,213
2011-03,comerciais_leves,Pick-up's Grandes,11,3,11,True,3
2011-03,comerciais_leves,Pick-up's Pequenas,6,118,6,True,118
2011-04,automoveis,Grandcab,4,57,4,True,57
2011-04,automoveis,Hatch Médios,6,1002,6,True,1002
2011-04,automoveis,Hatch Pequenos,11,140,12,False,0
2011-04,automoveis,Monocab,11,0,11,True,0
2011-04,automoveis,Sedans Compactos,6,323,6,True,323
2011-04,automoveis,Sedans Grandes,12,29,12,True,29
2011-04,automoveis,Sedans Pequenos,10,0,10,True,0
2011-04,automoveis,Sedans médios,21,0,21,True,0
2011-04,automoveis,Sports,9,5,9,True,5
2011-04,automoveis,Suv's,40,29,40,True,29
2011-04,automoveis,Sw Grandes,7,0,13,False,0
2011-04,automoveis,Sw Médios,4,263,4,True,263
2011-04,automoveis,Veículos de Entrada,8,4,9,False,0
2011-04,comerciais_leves,Furgões,7,292,7,True,292
2011-04,comerciais_leves,Furgões Pequenos,4,207,4,True,207
2011-04,comerciais_leves,Pick-up's Grandes,11,1,11,True,1
2011-04,comerciais_leves,Pick-up's Pequenas,6,95,6,True,95
2011-05,automoveis,Grandcab,4,76,4,True,76
2011-05,automoveis,Hatch Médios,6,1024,6,True,1024
2011-05,automoveis,Hatch Pequenos,11,224,12,False,0
2011-05,automoveis,Monocab,11,0,11,True,0
2011-05,automoveis,Sedans Compactos,6,694,6,True,694
2011-05,automoveis,Sedans Grandes,12,40,12,True,40
2011-05,automoveis,Sedans Pequenos,10,0,10,True,0
2011-05,automoveis,Sedans médios,21,1,21,True,1
2011-05,automoveis,Sports,9,6,9,True,6
2011-05,automoveis,Suv's,40,25,40,True,25
2011-05,automoveis,Sw Grandes,7,0,13,False,0
2011-05,automoveis,Sw Médios,4,401,4,True,401
2011-05,automoveis,Veículos de Entrada,8,0,9,False,0
2011-05,comerciais_leves,Furgões,7,323,7,True,323
2011-05,comerciais_leves,Furgões Pequenos,4,270,4,True,270
2011-05,comerciais_leves,Pick-up's Grandes,11,0,11,True,0
2011-05,comerciais_leves,Pick-up's Pequenas,6,100,6,True,100
2011-06,automoveis,Grandcab,4,97,4,True,97
2011-06,automoveis,Hatch Médios,6,658,6,True,658
2011-06,automoveis,Hatch Pequenos,11,177,12,False,0
2011-06,automoveis,Monocab,11,0,11,True,0
2011-06,automoveis,Sedans Compactos,6,585,6,True,585
2011-06,automoveis,Sedans Grandes,12,39,12,True,39
2011-06,automoveis,Sedans Pequenos,10,0,10,True,0
2011-06,automoveis,Sedans médios,21,1,21,True,1
2011-06,automoveis,Sports,9,9,9,True,9
2011-06,automoveis,Suv's,40,16,40,True,16
2011-06,automoveis,Sw Grandes,8,0,13,False,0
2011-06,automoveis,Sw Médios,4,337,4,True,337
2011-06,automoveis,Veículos de Entrada,9,1,9,True,1
2011-06,comerciais_leves,Furgões,7,290,7,True,290
2011-06,comerciais_leves,Furgões Pequenos,4,256,4,True,256
2011-06,comerciais_leves,Pick-up's Grandes,11,4,11,True,4
2011-06,comerciais_leves,Pick-up's Pequenas,6,104,6,True,104
2011-07,automoveis,Grandcab,4,94,4,True,94
2011-07,automoveis,Hatch Médios,6,1193,6,True,1193
2011-07,automoveis,Hatch Pequenos,11,203,12,False,0
2011-07,automoveis,Monocab,11,0,11,True,0
2011-07,automoveis,Sedans Compactos,6,475,6,True,475
2011-07,automoveis,Sedans Grandes,12,33,12,True,33
2011-07,automoveis,Sedans Pequenos,10,0,10,True,0
2011-07,automoveis,Sedans médios,21,1,21,True,1
2011-07,automoveis,Sports,9,7,9,True,7
2011-07,automoveis,Suv's,40,26,40,True,26
2011-07,automoveis,Sw Grandes,9,0,13,False,0
2011-07,automoveis,Sw Médios,4,335,4,True,335
2011-07,automoveis,Veículos de Entrada,9,0,9,True,0
2011-07,comerciais_leves,Furgões,7,366,7,True,366
2011-07,comerciais_leves,Furgões Pequenos,4,266,4,True,266
2011-07,comerciais_leves,Pick-up's Grandes,11,5,11,True,5
2011-07,comerciais_leves,Pick-up's Pequenas,6,100,6,True,100
2011-08,automoveis,Grandcab,4,237,4,True,237
2011-08,automoveis,Hatch Médios,6,1189,6,True,1189
2011-08,automoveis,Hatch Pequenos,11,118,12,False,0
2011-08,automoveis,Monocab,11,0,11,True,0
2011-08,automoveis,Sedans Compactos,6,637,6,True,637
2011-08,automoveis,Sedans Grandes,12,15,12,True,15
2011-08,automoveis,Sedans Pequenos,10,0,10,True,0
2011-08,automoveis,Sedans médios,21,0,21,True,0
2011-08,automoveis,Sports,9,5,9,True,5
2011-08,automoveis,Suv's,40,38,40,True,38
2011-08,automoveis,Sw Grandes,10,0,13,False,0
2011-08,automoveis,Sw Médios,4,303,4,True,303
2011-08,automoveis,Veículos de Entrada,9,0,9,True,0
2011-08,comerciais_leves,Furgões,7,422,7,True,422
2011-08,comerciais_leves,Furgões Pequenos,4,368,4,True,368
2011-08,comerciais_leves,Pick-up's Grandes,11,5,11,True,5
2011-08,comerciais_leves,Pick-up's Pequenas,6,117,6,True,117
2011-09,automoveis,Grandcab,4,244,4,True,244
2011-09,automoveis,Hatch Médios,6,1015,6,True,1015
2011-09,automoveis,Hatch Pequenos,11,162,12,False,0
2011-09,automoveis,Monocab,11,1,11,True,1
2011-09,automoveis,Sedans Compactos,6,528,6,True,528
2011-09,automoveis,Sedans Grandes,12,9,12,True,9
2011-09,automoveis,Sedans Pequenos,10,0,10,True,0
2011-09,automoveis,Sedans médios,21,0,21,True,0
2011-09,automoveis,Sports,9,5,9,True,5
2011-09,automoveis,Suv's,40,41,40,True,41
2011-09,automoveis,Sw Grandes,10,0,13,False,0
2011-09,automoveis,Sw Médios,4,250,4,True,250
2011-09,automoveis,Veículos de Entrada,9,0,9,True,0
2011-09,comerciais_leves,Furgões,7,402,7,True,402
2011-09,comerciais_leves,Furgões Pequenos,4,245,4,True,245
2011-09,comerciais_leves,Pick-up's Grandes,11,2,11,True,2
2011-09,comerciais_leves,Pick-up's Pequenas,6,99,6,True,99
2011-10,automoveis,Grandcab,4,163,4,True,163
2011-10,automoveis,Hatch Médios,6,960,6,True,960
2011-10,automoveis,Hatch Pequenos,11,272,12,False,0
2011-10,automoveis,Monocab,11,0,11,True,0
2011-10,automoveis,Sedans Compactos,6,293,6,True,293
2011-10,automoveis,Sedans Grandes,12,6,12,True,6
2011-10,automoveis,Sedans Pequenos,10,0,10,True,0
2011-10,automoveis,Sedans médios,21,0,21,True,0
2011-10,automoveis,Sports,9,3,9,True,3
2011-10,automoveis,Suv's,40,39,40,True,39
2011-10,automoveis,Sw Grandes,10,0,13,False,0
2011-10,automoveis,Sw Médios,4,262,4,True,262
2011-10,automoveis,Veículos de Entrada,9,0,9,True,0
2011-10,comerciais_leves,Furgões,7,341,7,True,341
2011-10,comerciais_leves,Furgões Pequenos,4,234,4,True,234
2011-10,comerciais_leves,Pick-up's Grandes,11,1,11,True,1
2011-10,comerciais_leves,Pick-up's Pequenas,6,82,6,True,82
2011-11,automoveis,Grandcab,4,236,4,True,236
2011-11,automoveis,Hatch Médios,6,655,6,True,655
2011-11,automoveis,Hatch Pequenos,11,600,12,False,0
2011-11,automoveis,Monocab,11,0,11,True,0
2011-11,automoveis,Sedans Compactos,6,299,6,True,299
2011-11,automoveis,Sedans Grandes,12,11,12,True,11
2011-11,automoveis,Sedans Pequenos,10,0,10,True,0
2011-11,automoveis,Sedans médios,21,1,21,True,1
2011-11,automoveis,Sports,9,5,9,True,5
2011-11,automoveis,Suv's,40,27,40,True,27
2011-11,automoveis,Sw Grandes,10,0,13,False,0
2011-11,automoveis,Sw Médios,4,262,4,True,262
2011-11,automoveis,Veículos de Entrada,9,0,9,True,0
2011-11,comerciais_leves,Furgões,7,321,7,True,321
2011-11,comerciais_leves,Furgões Pequenos,4,257,4,True,257
2011-11,comerciais_leves,Pick-up's Grandes,11,1,11,True,1
2011-11,comerciais_leves,Pick-up's Pequenas,6,85,6,True,85
2011-12,automoveis,Grandcab,4,419,4,True,419
2011-12,automoveis,Hatch Médios,6,385,6,True,385
2011-12,automoveis,Hatch Pequenos,11,828,12,False,0
2011-12,automoveis,Monocab,11,0,11,True,0
2011-12,automoveis,Sedans Compactos,6,517,6,True,517
2011-12,automoveis,Sedans Grandes,12,41,12,True,41
2011-12,automoveis,Sedans Pequenos,10,1,10,True,1
2011-12,automoveis,Sedans médios,21,3,21,True,3
2011-12,automoveis,Sports,9,5,9,True,5
2011-12,automoveis,Suv's,40,24,40,True,24
2011-12,automoveis,Sw Grandes,11,0,13,False,0
2011-12,automoveis,Sw Médios,4,307,4,True,307
2011-12,automoveis,Veículos de Entrada,9,0,9,True,0
2011-12,comerciais_leves,Furgões,7,408,7,True,408
2011-12,comerciais_leves,Furgões Pequenos,4,248,4,True,248
2011-12,comerciais_leves,Pick-up's Grandes,11,2,11,True,2
2011-12,comerciais_leves,Pick-up's Pequenas,6,74,6,True,74
2012-01,automoveis,Grandcab,4,232,4,True,232
2012-01,automoveis,Hatch Médios,6,825,6,True,825
2012-01,automoveis,Hatch Pequenos,11,604,12,False,0
2012-01,automoveis,Monocab,10,14,11,False,0
2012-01,automoveis,Sedans Compactos,6,495,6,True,495
2012-01,automoveis,Sedans Grandes,12,28,12,True,28
2012-01,automoveis,Sedans Pequenos,10,1,10,True,1
2012-01,automoveis,Sedans médios,21,19,21,True,19
2012-01,automoveis,Sports,9,4,9,True,4
2012-01,automoveis,Suv's,40,47,40,True,47
2012-01,automoveis,Sw Grandes,4,0,13,False,0
2012-01,automoveis,Sw Médios,4,279,4,True,279
2012-01,automoveis,Veículos de Entrada,9,1,9,True,1
2012-01,comerciais_leves,Furgões,7,399,7,True,399
2012-01,comerciais_leves,Furgões Pequenos,4,240,4,True,240
2012-01,comerciais_leves,Pick-up's Grandes,11,7,11,True,7
2012-01,comerciais_leves,Pick-up's Pequenas,6,78,6,True,78
2012-02,automoveis,Grandcab,4,207,4,True,207
2012-02,automoveis,Hatch Médios,6,611,6,True,611
2012-02,automoveis,Hatch Pequenos,11,643,12,False,0
2012-02,automoveis,Monocab,11,1,11,True,1
2012-02,automoveis,Sedans Compactos,6,498,6,True,498
2012-02,automoveis,Sedans Grandes,12,17,12,True,17
2012-02,automoveis,Sedans Pequenos,10,2,10,True,2
2012-02,automoveis,Sedans médios,21,7,21,True,7
2012-02,automoveis,Sports,9,6,9,True,6
2012-02,automoveis,Suv's,40,11,40,True,11
2012-02,automoveis,Sw Grandes,5,0,13,False,0
2012-02,automoveis,Sw Médios,4,303,4,True,303
2012-02,automoveis,Veículos de Entrada,9,0,9,True,0
2012-02,comerciais_leves,Furgões,7,399,7,True,399
2012-02,comerciais_leves,Furgões Pequenos,4,305,4,True,305
2012-02,comerciais_leves,Pick-up's Grandes,11,2,11,True,2
2012-02,comerciais_leves,Pick-up's Pequenas,6,80,6,True,80
2012-03,automoveis,Grandcab,4,238,4,True,238
2012-03,automoveis,Hatch Médios,6,764,6,True,764
2012-03,automoveis,Hatch Pequenos,11,741,12,False,0
2012-03,automoveis,Monocab,11,0,11,True,0
2012-03,automoveis,Sedans Compactos,6,683,6,True,683
2012-03,automoveis,Sedans Grandes,12,16,12,True,16
2012-03,automoveis,Sedans Pequenos,10,1,10,True,1
2012-03,automoveis,Sedans médios,21,15,21,True,15
2012-03,automoveis,Sports,9,4,9,True,4
2012-03,automoveis,Suv's,40,13,40,True,13
2012-03,automoveis,Sw Grandes,5,0,13,False,0
2012-03,automoveis,Sw Médios,4,374,4,True,374
2012-03,automoveis,Veículos de Entrada,9,0,9,True,0
2012-03,comerciais_leves,Furgões,7,445,7,True,445
2012-03,comerciais_leves,Furgões Pequenos,4,389,4,True,389
2012-03,comerciais_leves,Pick-up's Grandes,11,11,11,True,11
2012-03,comerciais_leves,Pick-up's Pequenas,6,102,6,True,102
2012-04,automoveis,Grandcab,4,169,4,True,169
2012-04,automoveis,Hatch Médios,6,632,6,True,632
2012-04,automoveis,Hatch Pequenos,11,566,12,False,0
2012-04,automoveis,Monocab,11,0,11,True,0
2012-04,automoveis,Sedans Compactos,6,552,6,True,552
2012-04,automoveis,Sedans Grandes,12,15,12,True,15
2012-04,automoveis,Sedans Pequenos,10,1,10,True,1
2012-04,automoveis,Sedans médios,21,8,21,True,8
2012-04,automoveis,Sports,9,2,9,True,2
2012-04,automoveis,Suv's,40,12,40,True,12
2012-04,automoveis,Sw Grandes,6,0,13,False,0
2012-04,automoveis,Sw Médios,4,289,4,True,289
2012-04,automoveis,Veículos de Entrada,9,1,9,True,1
2012-04,comerciais_leves,Furgões,7,375,7,True,375
2012-04,comerciais_leves,Furgões Pequenos,4,209,4,True,209
2012-04,comerciais_leves,Pick-up's Grandes,11,13,11,True,13
2012-04,comerciais_leves,Pick-up's Pequenas,6,83,6,True,83
2012-05,automoveis,Grandcab,4,139,4,True,139
2012-05,automoveis,Hatch Médios,6,653,6,True,653
2012-05,automoveis,Hatch Pequenos,11,737,12,False,0
2012-05,automoveis,Monocab,11,0,11,True,0
2012-05,automoveis,Sedans Compactos,6,510,6,True,510
2012-05,automoveis,Sedans Grandes,12,22,12,True,22
2012-05,automoveis,Sedans Pequenos,10,0,10,True,0
2012-05,automoveis,Sedans médios,21,3,21,True,3
2012-05,automoveis,Sports,9,1,9,True,1
2012-05,automoveis,Suv's,40,5,40,True,5
2012-05,automoveis,Sw Grandes,7,0,13,False,0
2012-05,automoveis,Sw Médios,4,389,4,True,389
2012-05,automoveis,Veículos de Entrada,9,0,9,True,0
2012-05,comerciais_leves,Furgões,7,343,7,True,343
2012-05,comerciais_leves,Furgões Pequenos,4,353,4,True,353
2012-05,comerciais_leves,Pick-up's Grandes,11,3,11,True,3
2012-05,comerciais_leves,Pick-up's Pequenas,6,103,6,True,103
2012-06,automoveis,Grandcab,4,123,4,True,123
2012-06,automoveis,Hatch Médios,6,923,6,True,923
2012-06,automoveis,Hatch Pequenos,11,635,12,False,0
2012-06,automoveis,Monocab,11,0,11,True,0
2012-06,automoveis,Sedans Compactos,6,496,6,True,496
2012-06,automoveis,Sedans Grandes,12,5,12,True,5
2012-06,automoveis,Sedans Pequenos,10,0,10,True,0
2012-06,automoveis,Sedans médios,21,2,21,True,2
2012-06,automoveis,Sports,9,0,9,True,0
2012-06,automoveis,Suv's,40,2,40,True,2
2012-06,automoveis,Sw Grandes,8,0,13,False,0
2012-06,automoveis,Sw Médios,4,346,4,True,346
2012-06,automoveis,Veículos de Entrada,9,0,9,True,0
2012-06,comerciais_leves,Furgões,7,231,7,True,231
2012-06,comerciais_leves,Furgões Pequenos,4,283,4,True,283
2012-06,comerciais_leves,Pick-up's Grandes,11,7,11,True,7
2012-06,comerciais_leves,Pick-up's Pequenas,6,85,6,True,85
2012-07,automoveis,Grandcab,4,114,4,True,114
2012-07,automoveis,Hatch Médios,6,952,6,True,952
2012-07,automoveis,Hatch Pequenos,11,599,12,False,0
2012-07,automoveis,Monocab,11,0,11,True,0
2012-07,automoveis,Sedans Compactos,6,394,6,True,394
2012-07,automoveis,Sedans Grandes,12,5,12,True,5
2012-07,automoveis,Sedans Pequenos,10,0,10,True,0
2012-07,automoveis,Sedans médios,21,4,21,True,4
2012-07,automoveis,Sports,9,0,9,True,0
2012-07,automoveis,Suv's,40,0,40,True,0
2012-07,automoveis,Sw Grandes,8,0,13,False,0
2012-07,automoveis,Sw Médios,4,386,4,True,386
2012-07,automoveis,Veículos de Entrada,9,0,9,True,0
2012-07,comerciais_leves,Furgões,7,216,7,True,216
2012-07,comerciais_leves,Furgões Pequenos,4,243,4,True,243
2012-07,comerciais_leves,Pick-up's Grandes,11,7,11,True,7
2012-07,comerciais_leves,Pick-up's Pequenas,6,90,6,True,90
2012-08,automoveis,Grandcab,4,286,4,True,286
2012-08,automoveis,Hatch Médios,6,814,6,True,814
2012-08,automoveis,Hatch Pequenos,11,686,12,False,0
2012-08,automoveis,Monocab,11,0,11,True,0
2012-08,automoveis,Sedans Compactos,6,360,6,True,360
2012-08,automoveis,Sedans Grandes,12,1,12,True,1
2012-08,automoveis,Sedans Pequenos,10,0,10,True,0
2012-08,automoveis,Sedans médios,21,3,21,True,3
2012-08,automoveis,Sports,9,3,9,True,3
2012-08,automoveis,Suv's,40,1,40,True,1
2012-08,automoveis,Sw Grandes,9,0,13,False,0
2012-08,automoveis,Sw Médios,4,373,4,True,373
2012-08,automoveis,Veículos de Entrada,9,0,9,True,0
2012-08,comerciais_leves,Furgões,7,211,7,True,211
2012-08,comerciais_leves,Furgões Pequenos,4,238,4,True,238
2012-08,comerciais_leves,Pick-up's Grandes,11,2,11,True,2
2012-08,comerciais_leves,Pick-up's Pequenas,6,71,6,True,71
2012-09,automoveis,Grandcab,4,96,4,True,96
2012-09,automoveis,Hatch Médios,6,454,6,True,454
2012-09,automoveis,Hatch Pequenos,11,268,12,False,0
2012-09,automoveis,Monocab,11,0,11,True,0
2012-09,automoveis,Sedans Compactos,6,593,6,True,593
2012-09,automoveis,Sedans Grandes,12,2,12,True,2
2012-09,automoveis,Sedans Pequenos,10,5,10,True,5
2012-09,automoveis,Sedans médios,21,10,21,True,10
2012-09,automoveis,Sports,9,1,9,True,1
2012-09,automoveis,Suv's,40,1,40,True,1
2012-09,automoveis,Sw Grandes,10,0,13,False,0
2012-09,automoveis,Sw Médios,4,317,4,True,317
2012-09,automoveis,Veículos de Entrada,9,0,9,True,0
2012-09,comerciais_leves,Furgões,7,155,7,True,155
2012-09,comerciais_leves,Furgões Pequenos,4,171,4,True,171
2012-09,comerciais_leves,Pick-up's Grandes,11,2,11,True,2
2012-09,comerciais_leves,Pick-up's Pequenas,6,52,6,True,52
2012-10,automoveis,Grandcab,4,22,4,True,22
2012-10,automoveis,Hatch Médios,6,1400,6,True,1400
2012-10,automoveis,Hatch Pequenos,11,123,12,False,0
2012-10,automoveis,Monocab,11,6,11,True,6
2012-10,automoveis,Sedans Compactos,6,564,6,True,564
2012-10,automoveis,Sedans Grandes,12,0,12,True,0
2012-10,automoveis,Sedans Pequenos,10,2,10,True,2
2012-10,automoveis,Sedans médios,21,11,21,True,11
2012-10,automoveis,Sports,9,0,9,True,0
2012-10,automoveis,Suv's,40,1,40,True,1
2012-10,automoveis,Sw Grandes,10,0,13,False,0
2012-10,automoveis,Sw Médios,4,213,4,True,213
2012-10,automoveis,Veículos de Entrada,9,0,9,True,0
2012-10,comerciais_leves,Furgões,7,236,7,True,236
2012-10,comerciais_leves,Furgões Pequenos,4,153,4,True,153
2012-10,comerciais_leves,Pick-up's Grandes,11,0,11,True,0
2012-10,comerciais_leves,Pick-up's Pequenas,6,60,6,True,60
2012-11,automoveis,Grandcab,4,11,4,True,11
2012-11,automoveis,Hatch Médios,6,1200,6,True,1200
2012-11,automoveis,Hatch Pequenos,11,133,12,False,0
2012-11,automoveis,Monocab,11,5,11,True,5
2012-11,automoveis,Sedans Compactos,6,650,6,True,650
2012-11,automoveis,Sedans Grandes,12,0,12,True,0
2012-11,automoveis,Sedans Pequenos,10,2,10,True,2
2012-11,automoveis,Sedans médios,21,9,21,True,9
2012-11,automoveis,Sports,9,0,9,True,0
2012-11,automoveis,Suv's,40,1,40,True,1
2012-11,automoveis,Sw Grandes,11,0,13,False,0
2012-11,automoveis,Sw Médios,4,34,4,True,34
2012-11,automoveis,Veículos de Entrada,9,1,9,True,1
2012-11,comerciais_leves,Furgões,7,175,7,True,175
2012-11,comerciais_leves,Furgões Pequenos,4,143,4,True,143
2012-11,comerciais_leves,Pick-up's Grandes,11,2,11,True,2
2012-11,comerciais_leves,Pick-up's Pequenas,6,46,6,True,46
2012-12,automoveis,Grandcab,4,6,4,True,6
2012-12,automoveis,Hatch Médios,6,1310,6,True,1310
2012-12,automoveis,Hatch Pequenos,11,51,12,False,0
2012-12,automoveis,Monocab,11,5,11,True,5
2012-12,automoveis,Sedans Compactos,6,972,6,True,972
2012-12,automoveis,Sedans Grandes,12,1,12,True,1
2012-12,automoveis,Sedans Pequenos,10,1,10,True,1
2012-12,automoveis,Sedans médios,21,4,21,True,4
2012-12,automoveis,Sports,9,2,9,True,2
2012-12,automoveis,Suv's,40,1,40,True,1
2012-12,automoveis,Sw Grandes,11,0,13,False,0
2012-12,automoveis,Sw Médios,4,11,4,True,11
2012-12,automoveis,Veículos de Entrada,9,0,9,True,0
2012-12,comerciais_leves,Furgões,7,148,7,True,148
2012-12,comerciais_leves,Furgões Pequenos,4,115,4,True,115
2012-12,comerciais_leves,Pick-up's Grandes,11,0,11,True,0
2012-12,comerciais_leves,Pick-up's Pequenas,6,45,6,True,45
2013-01,automoveis,Grandcab,4,23,4,True,23
2013-01,automoveis,Hatch Médios,6,1070,6,True,1070
2013-01,automoveis,Hatch Pequenos,11,652,12,False,0
2013-01,automoveis,Monocab,11,4,11,True,4
2013-01,automoveis,Sedans Compactos,6,672,6,True,672
2013-01,automoveis,Sedans Grandes,12,17,12,True,17
2013-01,automoveis,Sedans Pequenos,10,0,10,True,0
2013-01,automoveis,Sedans médios,21,11,21,True,11
2013-01,automoveis,Sports,9,10,9,True,10
2013-01,automoveis,Suv's,40,29,40,True,29
2013-01,automoveis,Sw Grandes,4,0,13,False,0
2013-01,automoveis,Sw Médios,4,36,4,True,36
2013-01,automoveis,Veículos de Entrada,9,1,9,True,1
2013-01,comerciais_leves,Furgões,7,258,7,True,258
2013-01,comerciais_leves,Furgões Pequenos,4,117,4,True,117
2013-01,comerciais_leves,Pick-up's Grandes,11,9,11,True,9
2013-01,comerciais_leves,Pick-up's Pequenas,6,31,6,True,31
2013-02,automoveis,Grandcab,4,10,4,True,10
2013-02,automoveis,Hatch Médios,6,779,6,True,779
2013-02,automoveis,Hatch Pequenos,11,474,12,False,0
2013-02,automoveis,Monocab,11,4,11,True,4
2013-02,automoveis,Sedans Compactos,6,284,6,True,284
2013-02,automoveis,Sedans Grandes,12,14,12,True,14
2013-02,automoveis,Sedans Pequenos,10,62,10,True,62
2013-02,automoveis,Sedans médios,21,10,21,True,10
2013-02,automoveis,Sports,9,1,9,True,1
2013-02,automoveis,Suv's,40,24,40,True,24
2013-02,automoveis,Sw Grandes,4,1,13,False,0
2013-02,automoveis,Sw Médios,4,15,4,True,15
2013-02,automoveis,Veículos de Entrada,9,0,9,True,0
2013-02,comerciais_leves,Furgões,7,160,7,True,160
2013-02,comerciais_leves,Furgões Pequenos,4,102,4,True,102
2013-02,comerciais_leves,Pick-up's Grandes,11,16,11,True,16
2013-02,comerciais_leves,Pick-up's Pequenas,6,24,6,True,24
2013-03,automoveis,Grandcab,4,16,4,True,16
2013-03,automoveis,Hatch Médios,6,667,6,True,667
2013-03,automoveis,Hatch Pequenos,11,509,12,False,0
2013-03,automoveis,Monocab,11,3,11,True,3
2013-03,automoveis,Sedans Compactos,6,172,6,True,172
2013-03,automoveis,Sedans Grandes,12,18,12,True,18
2013-03,automoveis,Sedans Pequenos,10,0,10,True,0
2013-03,automoveis,Sedans médios,21,14,21,True,14
2013-03,automoveis,Sports,9,5,9,True,5
2013-03,automoveis,Suv's,40,24,40,True,24
2013-03,automoveis,Sw Grandes,5,0,13,False,0
2013-03,automoveis,Sw Médios,4,4,4,True,4
2013-03,automoveis,Veículos de Entrada,9,0,9,True,0
2013-03,comerciais_leves,Furgões,7,284,7,True,284
2013-03,comerciais_leves,Furgões Pequenos,4,139,4,True,139
2013-03,comerciais_leves,Pick-up's Grandes,11,11,11,True,11
2013-03,comerciais_leves,Pick-up's Pequenas,6,33,6,True,33
2013-04,automoveis,Grandcab,4,28,4,True,28
2013-04,automoveis,Hatch Médios,6,876,6,True,876
2013-04,automoveis,Hatch Pequenos,11,460,12,False,0
2013-04,automoveis,Monocab,11,16,11,True,16
2013-04,automoveis,Sedans Compactos,6,111,6,True,111
2013-04,automoveis,Sedans Grandes,12,7,12,True,7
2013-04,automoveis,Sedans Pequenos,10,121,10,True,121
2013-04,automoveis,Sedans médios,21,7,21,True,7
2013-04,automoveis,Sports,9,7,9,True,7
2013-04,automoveis,Suv's,40,24,40,True,24
2013-04,automoveis,Sw Grandes,5,0,13,False,0
2013-04,automoveis,Sw Médios,4,6,4,True,6
2013-04,automoveis,Veículos de Entrada,9,0,9,True,0
2013-04,comerciais_leves,Furgões,7,307,7,True,307
2013-04,comerciais_leves,Furgões Pequenos,4,161,4,True,161
2013-04,comerciais_leves,Pick-up's Grandes,11,21,11,True,21
2013-04,comerciais_leves,Pick-up's Pequenas,6,27,6,True,27
2013-05,automoveis,Grandcab,4,18,4,True,18
2013-05,automoveis,Hatch Médios,6,742,6,True,742
2013-05,automoveis,Hatch Pequenos,11,577,12,False,0
2013-05,automoveis,Monocab,11,5,11,True,5
2013-05,automoveis,Sedans Compactos,6,137,6,True,137
2013-05,automoveis,Sedans Grandes,12,6,12,True,6
2013-05,automoveis,Sedans Pequenos,10,32,10,True,32
2013-05,automoveis,Sedans médios,21,2,21,True,2
2013-05,automoveis,Sports,9,4,9,True,4
2013-05,automoveis,Suv's,40,29,40,True,29
2013-05,automoveis,Sw Grandes,5,0,13,False,0
2013-05,automoveis,Sw Médios,4,1,4,True,1
2013-05,automoveis,Veículos de Entrada,9,0,9,True,0
2013-05,comerciais_leves,Furgões,7,216,7,True,216
2013-05,comerciais_leves,Furgões Pequenos,4,184,4,True,184
2013-05,comerciais_leves,Pick-up's Grandes,11,17,11,True,17
2013-05,comerciais_leves,Pick-up's Pequenas,6,26,6,True,26
2013-06,automoveis,Grandcab,4,21,4,True,21
2013-06,automoveis,Hatch Médios,6,637,6,True,637
2013-06,automoveis,Hatch Pequenos,11,443,12,False,0
2013-06,automoveis,Monocab,11,1,11,True,1
2013-06,automoveis,Sedans Compactos,6,345,6,True,345
2013-06,automoveis,Sedans Grandes,12,10,12,True,10
2013-06,automoveis,Sedans Pequenos,10,22,10,True,22
2013-06,automoveis,Sedans médios,21,0,21,True,0
2013-06,automoveis,Sports,9,7,9,True,7
2013-06,automoveis,Suv's,40,20,40,True,20
2013-06,automoveis,Sw Grandes,6,0,13,False,0
2013-06,automoveis,Sw Médios,4,3,4,True,3
2013-06,automoveis,Veículos de Entrada,9,0,9,True,0
2013-06,comerciais_leves,Furgões,7,218,7,True,218
2013-06,comerciais_leves,Furgões Pequenos,4,133,4,True,133
2013-06,comerciais_leves,Pick-up's Grandes,11,15,11,True,15
2013-06,comerciais_leves,Pick-up's Pequenas,6,39,6,True,39
2013-07,automoveis,Grandcab,4,23,4,True,23
2013-07,automoveis,Hatch Médios,6,746,6,True,746
2013-07,automoveis,Hatch Pequenos,11,427,12,False,0
2013-07,automoveis,Monocab,11,6,11,True,6
2013-07,automoveis,Sedans Compactos,6,236,6,True,236
2013-07,automoveis,Sedans Grandes,12,13,12,True,13
2013-07,automoveis,Sedans Pequenos,10,11,10,True,11
2013-07,automoveis,Sedans médios,21,1,21,True,1
2013-07,automoveis,Sports,9,3,9,True,3
2013-07,automoveis,Suv's,40,12,40,True,12
2013-07,automoveis,Sw Grandes,6,0,13,False,0
2013-07,automoveis,Sw Médios,4,20,4,True,20
2013-07,automoveis,Veículos de Entrada,9,1,9,True,1
2013-07,comerciais_leves,Furgões,7,256,7,True,256
2013-07,comerciais_leves,Furgões Pequenos,4,106,4,True,106
2013-07,comerciais_leves,Pick-up's Grandes,11,32,11,True,32
2013-07,comerciais_leves,Pick-up's Pequenas,6,22,6,True,22
2013-08,automoveis,Grandcab,4,19,4,True,19
2013-08,automoveis,Hatch Médios,6,659,6,True,659
2013-08,automoveis,Hatch Pequenos,11,351,12,False,0
2013-08,automoveis,Monocab,11,7,11,True,7
2013-08,automoveis,Sedans Compactos,6,183,6,True,183
2013-08,automoveis,Sedans Grandes,12,13,12,True,13
2013-08,automoveis,Sedans Pequenos,10,12,10,True,12
2013-08,automoveis,Sedans médios,21,0,21,True,0
2013-08,automoveis,Sports,9,2,9,True,2
2013-08,automoveis,Suv's,40,2,40,True,2
2013-08,automoveis,Sw Grandes,6,0,13,False,0
2013-08,automoveis,Sw Médios,4,25,4,True,25
2013-08,automoveis,Veículos de Entrada,9,0,9,True,0
2013-08,comerciais_leves,Furgões,7,235,7,True,235
2013-08,comerciais_leves,Furgões Pequenos,4,82,4,True,82
2013-08,comerciais_leves,Pick-up's Grandes,11,22,11,True,22
2013-08,comerciais_leves,Pick-up's Pequenas,6,10,6,True,10
2013-09,automoveis,Grandcab,4,21,4,True,21
2013-09,automoveis,Hatch Médios,6,741,6,True,741
2013-09,automoveis,Hatch Pequenos,11,459,12,False,0
2013-09,automoveis,Monocab,11,3,11,True,3
2013-09,automoveis,Sedans Compactos,6,254,6,True,254
2013-09,automoveis,Sedans Grandes,12,5,12,True,5
2013-09,automoveis,Sedans Pequenos,10,4,10,True,4
2013-09,automoveis,Sedans médios,21,0,21,True,0
2013-09,automoveis,Sports,9,7,9,True,7
2013-09,automoveis,Suv's,40,4,40,True,4
2013-09,automoveis,Sw Grandes,6,0,13,False,0
2013-09,automoveis,Sw Médios,4,25,4,True,25
2013-09,automoveis,Veículos de Entrada,9,0,9,True,0
2013-09,comerciais_leves,Furgões,7,246,7,True,246
2013-09,comerciais_leves,Furgões Pequenos,4,85,4,True,85
2013-09,comerciais_leves,Pick-up's Grandes,11,10,11,True,10
2013-09,comerciais_leves,Pick-up's Pequenas,6,3,6,True,3
2013-10,automoveis,Grandcab,4,14,4,True,14
2013-10,automoveis,Hatch Médios,6,667,6,True,667
2013-10,automoveis,Hatch Pequenos,11,673,12,False,0
2013-10,automoveis,Monocab,11,3,11,True,3
2013-10,automoveis,Sedans Compactos,6,235,6,True,235
2013-10,automoveis,Sedans Grandes,12,7,12,True,7
2013-10,automoveis,Sedans Pequenos,10,4,10,True,4
2013-10,automoveis,Sedans médios,21,0,21,True,0
2013-10,automoveis,Sports,9,4,9,True,4
2013-10,automoveis,Suv's,40,27,40,True,27
2013-10,automoveis,Sw Grandes,6,0,13,False,0
2013-10,automoveis,Sw Médios,4,15,4,True,15
2013-10,automoveis,Veículos de Entrada,9,0,9,True,0
2013-10,comerciais_leves,Furgões,7,266,7,True,266
2013-10,comerciais_leves,Furgões Pequenos,4,64,4,True,64
2013-10,comerciais_leves,Pick-up's Grandes,11,24,11,True,24
2013-10,comerciais_leves,Pick-up's Pequenas,6,9,6,True,9
2013-11,automoveis,Grandcab,4,27,4,True,27
2013-11,automoveis,Hatch Médios,6,500,6,True,500
2013-11,automoveis,Hatch Pequenos,11,564,12,False,0
2013-11,automoveis,Monocab,11,3,11,True,3
2013-11,automoveis,Sedans Compactos,6,226,6,True,226
2013-11,automoveis,Sedans Grandes,12,12,12,True,12
2013-11,automoveis,Sedans Pequenos,10,4,10,True,4
2013-11,automoveis,Sedans médios,21,0,21,True,0
2013-11,automoveis,Sports,9,2,9,True,2
2013-11,automoveis,Suv's,40,32,40,True,32
2013-11,automoveis,Sw Grandes,6,0,13,False,0
2013-11,automoveis,Sw Médios,4,9,4,True,9
2013-11,automoveis,Veículos de Entrada,9,0,9,True,0
2013-11,comerciais_leves,Furgões,7,269,7,True,269
2013-11,comerciais_leves,Furgões Pequenos,4,63,4,True,63
2013-11,comerciais_leves,Pick-up's Grandes,11,14,11,True,14
2013-11,comerciais_leves,Pick-up's Pequenas,6,1,6,True,1
2013-12,automoveis,Grandcab,4,18,4,True,18
2013-12,automoveis,Hatch Médios,6,796,6,True,796
2013-12,automoveis,Hatch Pequenos,11,596,12,False,0
2013-12,automoveis,Monocab,11,3,11,True,3
2013-12,automoveis,Sedans Compactos,6,249,6,True,249
2013-12,automoveis,Sedans Grandes,12,2,12,True,2
2013-12,automoveis,Sedans Pequenos,10,5,10,True,5
2013-12,automoveis,Sedans médios,21,2,21,True,2
2013-12,automoveis,Sports,9,3,9,True,3
2013-12,automoveis,Suv's,40,45,40,True,45
2013-12,automoveis,Sw Grandes,7,0,13,False,0
2013-12,automoveis,Sw Médios,4,18,4,True,18
2013-12,automoveis,Veículos de Entrada,9,108,9,True,108
2013-12,comerciais_leves,Furgões,7,261,7,True,261
2013-12,comerciais_leves,Furgões Pequenos,4,55,4,True,55
2013-12,comerciais_leves,Pick-up's Grandes,11,17,11,True,17
2013-12,comerciais_leves,Pick-up's Pequenas,6,2,6,True,2
2014-01,automoveis,Grandcab,4,21,4,True,21
2014-01,automoveis,Hatch Médios,6,528,6,True,528
2014-01,automoveis,Hatch Pequenos,11,758,12,False,0
2014-01,automoveis,Monocab,11,2,11,True,2
2014-01,automoveis,Sedans Compactos,6,249,6,True,249
2014-01,automoveis,Sedans Grandes,12,19,12,True,19
2014-01,automoveis,Sedans Pequenos,10,75,10,True,75
2014-01,automoveis,Sedans médios,21,10,21,True,10
2014-01,automoveis,Sports,9,5,9,True,5
2014-01,automoveis,Suv's,40,50,40,True,50
2014-01,automoveis,Sw Grandes,6,0,13,False,0
2014-01,automoveis,Sw Médios,4,16,4,True,16
2014-01,automoveis,Veículos de Entrada,9,239,9,True,239
2014-01,comerciais_leves,Furgões,7,270,7,True,270
2014-01,comerciais_leves,Furgões Pequenos,4,50,4,True,50
2014-01,comerciais_leves,Pick-up's Grandes,11,19,11,True,19
2014-01,comerciais_leves,Pick-up's Pequenas,6,1,6,True,1
2014-02,automoveis,Grandcab,4,20,4,True,20
2014-02,automoveis,Hatch Médios,6,510,6,True,510
2014-02,automoveis,Hatch Pequenos,11,574,12,False,0
2014-02,automoveis,Monocab,11,1,11,True,1
2014-02,automoveis,Sedans Compactos,6,207,6,True,207
2014-02,automoveis,Sedans Grandes,12,12,12,True,12
2014-02,automoveis,Sedans Pequenos,10,49,10,True,49
2014-02,automoveis,Sedans médios,21,3,21,True,3
2014-02,automoveis,Sports,9,3,9,True,3
2014-02,automoveis,Suv's,40,27,40,True,27
2014-02,automoveis,Sw Grandes,5,0,13,False,0
2014-02,automoveis,Sw Médios,4,13,4,True,13
2014-02,automoveis,Veículos de Entrada,9,476,9,True,476
2014-02,comerciais_leves,Furgões,7,250,7,True,250
2014-02,comerciais_leves,Furgões Pequenos,4,35,4,True,35
2014-02,comerciais_leves,Pick-up's Grandes,11,13,11,True,13
2014-02,comerciais_leves,Pick-up's Pequenas,6,1,6,True,1
2014-03,automoveis,Grandcab,4,17,4,True,17
2014-03,automoveis,Hatch Médios,6,424,6,True,424
2014-03,automoveis,Hatch Pequenos,11,497,12,False,0
2014-03,automoveis,Monocab,11,5,11,True,5
2014-03,automoveis,Sedans Compactos,6,131,6,True,131
2014-03,automoveis,Sedans Grandes,12,13,12,True,13
2014-03,automoveis,Sedans Pequenos,10,65,10,True,65
2014-03,automoveis,Sedans médios,21,8,21,True,8
2014-03,automoveis,Sports,9,2,9,True,2
2014-03,automoveis,Suv's,40,26,40,True,26
2014-03,automoveis,Sw Grandes,6,0,13,False,0
2014-03,automoveis,Sw Médios,4,5,4,True,5
2014-03,automoveis,Veículos de Entrada,9,176,9,True,176
2014-03,comerciais_leves,Furgões,7,245,7,True,245
2014-03,comerciais_leves,Furgões Pequenos,4,11,4,True,11
2014-03,comerciais_leves,Pick-up's Grandes,11,17,11,True,17
2014-03,comerciais_leves,Pick-up's Pequenas,6,0,6,True,0
2014-04,automoveis,Grandcab,4,58,4,True,58
2014-04,automoveis,Hatch Médios,6,447,6,True,447
2014-04,automoveis,Hatch Pequenos,11,473,12,False,0
2014-04,automoveis,Monocab,11,0,11,True,0
2014-04,automoveis,Sedans Compactos,6,175,6,True,175
2014-04,automoveis,Sedans Grandes,12,20,12,True,20
2014-04,automoveis,Sedans Pequenos,10,72,10,True,72
2014-04,automoveis,Sedans médios,21,12,21,True,12
2014-04,automoveis,Sports,9,2,9,True,2
2014-04,automoveis,Suv's,40,50,40,True,50
2014-04,automoveis,Sw Grandes,6,0,13,False,0
2014-04,automoveis,Sw Médios,4,11,4,True,11
2014-04,automoveis,Veículos de Entrada,9,62,9,True,62
2014-04,comerciais_leves,Furgões,7,183,7,True,183
2014-04,comerciais_leves,Furgões Pequenos,4,29,4,True,29
2014-04,comerciais_leves,Pick-up's Grandes,11,23,11,True,23
2014-04,comerciais_leves,Pick-up's Pequenas,6,0,6,True,0
2014-05,automoveis,Grandcab,4,15,4,True,15
2014-05,automoveis,Hatch Médios,6,426,6,True,426
2014-05,automoveis,Hatch Pequenos,11,407,12,False,0
2014-05,automoveis,Monocab,11,6,11,True,6
2014-05,automoveis,Sedans Compactos,6,189,6,True,189
2014-05,automoveis,Sedans Grandes,12,7,12,True,7
2014-05,automoveis,Sedans Pequenos,10,47,10,True,47
2014-05,automoveis,Sedans médios,21,8,21,True,8
2014-05,automoveis,Sports,9,2,9,True,2
2014-05,automoveis,Suv's,40,35,40,True,35
2014-05,automoveis,Sw Grandes,6,0,13,False,0
2014-05,automoveis,Sw Médios,4,26,4,True,26
2014-05,automoveis,Veículos de Entrada,9,16,9,True,16
2014-05,comerciais_leves,Furgões,7,157,7,True,157
2014-05,comerciais_leves,Furgões Pequenos,4,38,4,True,38
2014-05,comerciais_leves,Pick-up's Grandes,11,10,11,True,10
2014-05,comerciais_leves,Pick-up's Pequenas,6,1,6,True,1
2014-06,automoveis,Grandcab,4,8,4,True,8
2014-06,automoveis,Hatch Médios,6,378,6,True,378
2014-06,automoveis,Hatch Pequenos,11,267,12,False,0
2014-06,automoveis,Monocab,11,3,11,True,3
2014-06,automoveis,Sedans Compactos,6,135,6,True,135
2014-06,automoveis,Sedans Grandes,12,5,12,True,5
2014-06,automoveis,Sedans Pequenos,10,34,10,True,34
2014-06,automoveis,Sedans médios,21,3,21,True,3
2014-06,automoveis,Sports,9,3,9,True,3
2014-06,automoveis,Suv's,40,25,40,True,25
2014-06,automoveis,Sw Grandes,6,0,13,False,0
2014-06,automoveis,Sw Médios,4,21,4,True,21
2014-06,automoveis,Veículos de Entrada,9,21,9,True,21
2014-06,comerciais_leves,Furgões,7,107,7,True,107
2014-06,comerciais_leves,Furgões Pequenos,4,39,4,True,39
2014-06,comerciais_leves,Pick-up's Grandes,11,3,11,True,3
2014-06,comerciais_leves,Pick-up's Pequenas,6,0,6,True,0
2014-07,automoveis,Grandcab,4,9,4,True,9
2014-07,automoveis,Hatch Médios,6,405,6,True,405
2014-07,automoveis,Hatch Pequenos,11,209,12,False,0
2014-07,automoveis,Monocab,11,1,11,True,1
2014-07,automoveis,Sedans Compactos,6,152,6,True,152
2014-07,automoveis,Sedans Grandes,12,2,12,True,2
2014-07,automoveis,Sedans Pequenos,10,38,10,True,38
2014-07,automoveis,Sedans médios,21,6,21,True,6
2014-07,automoveis,Sports,9,4,9,True,4
2014-07,automoveis,Suv's,40,22,40,True,22
2014-07,automoveis,Sw Grandes,6,0,13,False,0
2014-07,automoveis,Sw Médios,4,164,4,True,164
2014-07,automoveis,Veículos de Entrada,9,50,9,True,50
2014-07,comerciais_leves,Furgões,7,104,7,True,104
2014-07,comerciais_leves,Furgões Pequenos,4,24,4,True,24
2014-07,comerciais_leves,Pick-up's Grandes,11,1,11,True,1
2014-07,comerciais_leves,Pick-up's Pequenas,6,6,6,True,6
2014-08,automoveis,Grandcab,4,6,4,True,6
2014-08,automoveis,Hatch Médios,6,351,6,True,351
2014-08,automoveis,Hatch Pequenos,11,143,12,False,0
2014-08,automoveis,Monocab,11,5,11,True,5
2014-08,automoveis,Sedans Compactos,6,114,6,True,114
2014-08,automoveis,Sedans Grandes,12,7,12,True,7
2014-08,automoveis,Sedans Pequenos,10,66,10,True,66
2014-08,automoveis,Sedans médios,21,9,21,True,9
2014-08,automoveis,Sports,9,5,9,True,5
2014-08,automoveis,Suv's,40,15,40,True,15
2014-08,automoveis,Sw Grandes,6,0,13,False,0
2014-08,automoveis,Sw Médios,4,176,4,True,176
2014-08,automoveis,Veículos de Entrada,9,132,9,True,132
2014-08,comerciais_leves,Furgões,7,159,7,True,159
2014-08,comerciais_leves,Furgões Pequenos,4,28,4,True,28
2014-08,comerciais_leves,Pick-up's Grandes,11,2,11,True,2
2014-08,comerciais_leves,Pick-up's Pequenas,6,0,6,True,0
2014-09,automoveis,Grandcab,4,1,4,True,1
2014-09,automoveis,Hatch Médios,6,425,6,True,425
2014-09,automoveis,Hatch Pequenos,11,121,12,False,0
2014-09,automoveis,Monocab,11,2,11,True,2
2014-09,automoveis,Sedans Compactos,6,29,6,True,29
2014-09,automoveis,Sedans Grandes,12,15,12,True,15
2014-09,automoveis,Sedans Pequenos,10,36,10,True,36
2014-09,automoveis,Sedans médios,21,9,21,True,9
2014-09,automoveis,Sports,9,4,9,True,4
2014-09,automoveis,Suv's,40,60,40,True,60
2014-09,automoveis,Sw Grandes,7,0,13,False,0
2014-09,automoveis,Sw Médios,4,177,4,True,177
2014-09,automoveis,Veículos de Entrada,9,135,9,True,135
2014-09,comerciais_leves,Furgões,7,58,7,True,58
2014-09,comerciais_leves,Furgões Pequenos,4,28,4,True,28
2014-09,comerciais_leves,Pick-up's Grandes,11,1,11,True,1
2014-09,comerciais_leves,Pick-up's Pequenas,6,0,6,True,0
2014-10,automoveis,Grandcab,4,3,4,True,3
2014-10,automoveis,Hatch Médios,6,365,6,True,365
2014-10,automoveis,Hatch Pequenos,11,97,12,False,0
2014-10,automoveis,Monocab,11,1,11,True,1
2014-10,automoveis,Sedans Compactos,6,29,6,True,29
2014-10,automoveis,Sedans Grandes,12,16,12,True,16
2014-10,automoveis,Sedans Pequenos,10,200,10,True,200
2014-10,automoveis,Sedans médios,21,5,21,True,5
2014-10,automoveis,Sports,9,5,9,True,5
2014-10,automoveis,Suv's,40,34,40,True,34
2014-10,automoveis,Sw Grandes,7,0,13,False,0
2014-10,automoveis,Sw Médios,4,122,4,True,122
2014-10,automoveis,Veículos de Entrada,9,136,9,True,136
2014-10,comerciais_leves,Furgões,7,79,7,True,79
2014-10,comerciais_leves,Furgões Pequenos,4,29,4,True,29
2014-10,comerciais_leves,Pick-up's Grandes,11,1,11,True,1
2014-10,comerciais_leves,Pick-up's Pequenas,6,0,6,True,0
2014-11,automoveis,Grandcab,4,2,4,True,2
2014-11,automoveis,Hatch Médios,6,420,6,True,420
2014-11,automoveis,Hatch Pequenos,11,41,12,False,0
2014-11,automoveis,Monocab,11,1,11,True,1
2014-11,automoveis,Sedans Compactos,6,16,6,True,16
2014-11,automoveis,Sedans Grandes,12,10,12,True,10
2014-11,automoveis,Sedans Pequenos,10,86,10,True,86
2014-11,automoveis,Sedans médios,21,9,21,True,9
2014-11,automoveis,Sports,9,2,9,True,2
2014-11,automoveis,Suv's,40,21,40,True,21
2014-11,automoveis,Sw Grandes,7,0,13,False,0
2014-11,automoveis,Sw Médios,4,72,4,True,72
2014-11,automoveis,Veículos de Entrada,9,109,9,True,109
2014-11,comerciais_leves,Furgões,7,27,7,True,27
2014-11,comerciais_leves,Furgões Pequenos,4,24,4,True,24
2014-11,comerciais_leves,Pick-up's Grandes,11,0,11,True,0
2014-11,comerciais_leves,Pick-up's Pequenas,6,0,6,True,0
2014-12,automoveis,Grandcab,4,6,4,True,6
2014-12,automoveis,Hatch Médios,6,423,6,True,423
2014-12,automoveis,Hatch Pequenos,11,24,12,False,0
2014-12,automoveis,Monocab,11,0,11,True,0
2014-12,automoveis,Sedans Compactos,6,9,6,True,9
2014-12,automoveis,Sedans Grandes,12,2,12,True,2
2014-12,automoveis,Sedans Pequenos,10,69,10,True,69
2014-12,automoveis,Sedans médios,21,14,21,True,14
2014-12,automoveis,Sports,9,3,9,True,3
2014-12,automoveis,Suv's,40,25,40,True,25
2014-12,automoveis,Sw Grandes,7,0,13,False,0
2014-12,automoveis,Sw Médios,4,80,4,True,80
2014-12,automoveis,Veículos de Entrada,9,175,9,True,175
2014-12,comerciais_leves,Furgões,7,21,7,True,21
2014-12,comerciais_leves,Furgões Pequenos,4,9,4,True,9
2014-12,comerciais_leves,Pick-up's Grandes,11,0,11,True,0
2014-12,comerciais_leves,Pick-up's Pequenas,6,0,6,True,0
2015-01,automoveis,Grandcab,4,7,4,True,7
2015-01,automoveis,Hatch Médios,6,339,6,True,339
2015-01,automoveis,Hatch Pequenos,11,293,12,False,0
2015-01,automoveis,Monocab,11,1,11,True,1
2015-01,automoveis,Sedans Compactos,6,72,6,True,72
2015-01,automoveis,Sedans Grandes,12,13,12,True,13
2015-01,automoveis,Sedans Pequenos,10,63,10,True,63
2015-01,automoveis,Sedans médios,21,24,21,True,24
2015-01,automoveis,Sports,9,6,9,True,6
2015-01,automoveis,Suv's,40,51,40,True,51
2015-01,automoveis,Sw Grandes,3,1,13,False,0
2015-01,automoveis,Sw Médios,4,38,4,True,38
2015-01,automoveis,Veículos de Entrada,9,95,9,True,95
2015-01,comerciais_leves,Furgões,7,177,7,True,177
2015-01,comerciais_leves,Furgões Pequenos,4,30,4,True,30
2015-01,comerciais_leves,Pick-up's Grandes,11,8,11,True,8
2015-01,comerciais_leves,Pick-up's Pequenas,6,1,6,True,1
2015-02,automoveis,Grandcab,4,9,4,True,9
2015-02,automoveis,Hatch Médios,6,219,6,True,219
2015-02,automoveis,Hatch Pequenos,11,184,12,False,0
2015-02,automoveis,Monocab,11,0,11,True,0
2015-02,automoveis,Sedans Compactos,6,90,6,True,90
2015-02,automoveis,Sedans Grandes,12,10,12,True,10
2015-02,automoveis,Sedans Pequenos,10,28,10,True,28
2015-02,automoveis,Sedans médios,21,15,21,True,15
2015-02,automoveis,Sports,9,4,9,True,4
2015-02,automoveis,Suv's,40,28,40,True,28
2015-02,automoveis,Sw Grandes,4,0,13,False,0
2015-02,automoveis,Sw Médios,4,11,4,True,11
2015-02,automoveis,Veículos de Entrada,9,41,9,True,41
2015-02,comerciais_leves,Furgões,7,151,7,True,151
2015-02,comerciais_leves,Furgões Pequenos,4,39,4,True,39
2015-02,comerciais_leves,Pick-up's Grandes,11,5,11,True,5
2015-02,comerciais_leves,Pick-up's Pequenas,6,0,6,True,0
2015-03,automoveis,Grandcab,4,14,4,True,14
2015-03,automoveis,Hatch Médios,6,195,6,True,195
2015-03,automoveis,Hatch Pequenos,11,110,12,False,0
2015-03,automoveis,Monocab,11,0,11,True,0
2015-03,automoveis,Sedans Compactos,6,96,6,True,96
2015-03,automoveis,Sedans Grandes,12,27,12,True,27
2015-03,automoveis,Sedans Pequenos,10,59,10,True,59
2015-03,automoveis,Sedans médios,21,29,21,True,29
2015-03,automoveis,Sports,9,4,9,True,4
2015-03,automoveis,Suv's,40,20,40,True,20
2015-03,automoveis,Sw Grandes,4,0,13,False,0
2015-03,automoveis,Sw Médios,4,19,4,True,19
2015-03,automoveis,Veículos de Entrada,9,20,9,True,20
2015-03,comerciais_leves,Furgões,7,153,7,True,153
2015-03,comerciais_leves,Furgões Pequenos,4,16,4,True,16
2015-03,comerciais_leves,Pick-up's Grandes,11,3,11,True,3
2015-03,comerciais_leves,Pick-up's Pequenas,6,0,6,True,0
2015-04,automoveis,Grandcab,4,12,4,True,12
2015-04,automoveis,Hatch Médios,6,278,6,True,278
2015-04,automoveis,Hatch Pequenos,11,55,12,False,0
2015-04,automoveis,Monocab,11,0,11,True,0
2015-04,automoveis,Sedans Compactos,6,77,6,True,77
2015-04,automoveis,Sedans Grandes,12,29,12,True,29
2015-04,automoveis,Sedans Pequenos,10,70,10,True,70
2015-04,automoveis,Sedans médios,21,35,21,True,35
2015-04,automoveis,Sports,9,5,9,True,5
2015-04,automoveis,Suv's,40,27,40,True,27
2015-04,automoveis,Sw Grandes,4,0,13,False,0
2015-04,automoveis,Sw Médios,4,9,4,True,9
2015-04,automoveis,Veículos de Entrada,9,6,9,True,6
2015-04,comerciais_leves,Furgões,7,126,7,True,126
2015-04,comerciais_leves,Furgões Pequenos,4,95,4,True,95
2015-04,comerciais_leves,Pick-up's Grandes,11,8,11,True,8
2015-04,comerciais_leves,Pick-up's Pequenas,6,0,6,True,0
2015-05,automoveis,Grandcab,4,5,4,True,5
2015-05,automoveis,Hatch Médios,6,217,6,True,217
2015-05,automoveis,Hatch Pequenos,11,62,12,False,0
2015-05,automoveis,Monocab,11,2,11,True,2
2015-05,automoveis,Sedans Compactos,6,35,6,True,35
2015-05,automoveis,Sedans Grandes,12,18,12,True,18
2015-05,automoveis,Sedans Pequenos,10,49,10,True,49
2015-05,automoveis,Sedans médios,21,25,21,True,25
2015-05,automoveis,Sports,9,2,9,True,2
2015-05,automoveis,Suv's,40,45,40,True,45
2015-05,automoveis,Sw Grandes,5,0,13,False,0
2015-05,automoveis,Sw Médios,4,5,4,True,5
2015-05,automoveis,Veículos de Entrada,9,2,9,True,2
2015-05,comerciais_leves,Furgões,7,90,7,True,90
2015-05,comerciais_leves,Furgões Pequenos,4,3,4,True,3
2015-05,comerciais_leves,Pick-up's Grandes,11,4,11,True,4
2015-05,comerciais_leves,Pick-up's Pequenas,6,0,6,True,0
2015-06,automoveis,Grandcab,4,9,4,True,9
2015-06,automoveis,Hatch Médios,6,207,6,True,207
2015-06,automoveis,Hatch Pequenos,11,22,12,False,0
2015-06,automoveis,Monocab,11,0,11,True,0
2015-06,automoveis,Sedans Compactos,6,26,6,True,26
2015-06,automoveis,Sedans Grandes,12,0,12,True,0
2015-06,automoveis,Sedans Pequenos,10,41,10,True,41
2015-06,automoveis,Sedans médios,21,13,21,True,13
2015-06,automoveis,Sports,9,6,9,True,6
2015-06,automoveis,Suv's,40,32,40,True,32
2015-06,automoveis,Sw Grandes,5,0,13,False,0
2015-06,automoveis,Sw Médios,4,6,4,True,6
2015-06,automoveis,Veículos de Entrada,9,1,9,True,1
2015-06,comerciais_leves,Furgões,7,112,7,True,112
2015-06,comerciais_leves,Furgões Pequenos,4,2,4,True,2
2015-06,comerciais_leves,Pick-up's Grandes,11,0,11,True,0
2015-06,comerciais_leves,Pick-up's Pequenas,6,0,6,True,0
2015-07,automoveis,Grandcab,4,4,4,True,4
2015-07,automoveis,Hatch Médios,6,171,6,True,171
2015-07,automoveis,Hatch Pequenos,11,29,12,False,0
2015-07,automoveis,Monocab,11,0,11,True,0
2015-07,automoveis,Sedans Compactos,6,20,6,True,20
2015-07,automoveis,Sedans Grandes,12,18,12,True,18
2015-07,automoveis,Sedans Pequenos,10,44,10,True,44
2015-07,automoveis,Sedans médios,21,8,21,True,8
2015-07,automoveis,Sports,9,5,9,True,5
2015-07,automoveis,Suv's,40,69,40,True,69
2015-07,automoveis,Sw Grandes,5,0,13,False,0
2015-07,automoveis,Sw Médios,4,3,4,True,3
2015-07,automoveis,Veículos de Entrada,9,0,9,True,0
2015-07,comerciais_leves,Furgões,7,81,7,True,81
2015-07,comerciais_leves,Furgões Pequenos,4,27,4,True,27
2015-07,comerciais_leves,Pick-up's Grandes,11,1,11,True,1
2015-07,comerciais_leves,Pick-up's Pequenas,6,0,6,True,0
2015-08,automoveis,Grandcab,4,4,4,True,4
2015-08,automoveis,Hatch Médios,6,224,6,True,224
2015-08,automoveis,Hatch Pequenos,11,25,12,False,0
2015-08,automoveis,Monocab,11,1,11,True,1
2015-08,automoveis,Sedans Compactos,6,8,6,True,8
2015-08,automoveis,Sedans Grandes,12,5,12,True,5
2015-08,automoveis,Sedans Pequenos,10,51,10,True,51
2015-08,automoveis,Sedans médios,21,8,21,True,8
2015-08,automoveis,Sports,9,3,9,True,3
2015-08,automoveis,Suv's,40,56,40,True,56
2015-08,automoveis,Sw Grandes,5,0,13,False,0
2015-08,automoveis,Sw Médios,4,2,4,True,2
2015-08,automoveis,Veículos de Entrada,9,1,9,True,1
2015-08,comerciais_leves,Furgões,7,88,7,True,88
2015-08,comerciais_leves,Furgões Pequenos,4,55,4,True,55
2015-08,comerciais_leves,Pick-up's Grandes,11,2,11,True,2
2015-08,comerciais_leves,Pick-up's Pequenas,6,0,6,True,0
2015-09,automoveis,Grandcab,4,5,4,True,5
2015-09,automoveis,Hatch Médios,6,192,6,True,192
2015-09,automoveis,Hatch Pequenos,11,8,12,False,0
2015-09,automoveis,Monocab,11,1,11,True,1
2015-09,automoveis,Sedans Compactos,6,10,6,True,10
2015-09,automoveis,Sedans Grandes,12,11,12,True,11
2015-09,automoveis,Sedans Pequenos,10,69,10,True,69
2015-09,automoveis,Sedans médios,21,2,21,True,2
2015-09,automoveis,Sports,9,3,9,True,3
2015-09,automoveis,Suv's,40,43,40,True,43
2015-09,automoveis,Sw Grandes,6,0,13,False,0
2015-09,automoveis,Sw Médios,4,1,4,True,1
2015-09,automoveis,Veículos de Entrada,9,1,9,True,1
2015-09,comerciais_leves,Furgões,7,77,7,True,77
2015-09,comerciais_leves,Furgões Pequenos,4,91,4,True,91
2015-09,comerciais_leves,Pick-up's Grandes,11,0,11,True,0
2015-09,comerciais_leves,Pick-up's Pequenas,6,0,6,True,0
2015-10,automoveis,Grandcab,4,1,4,True,1
2015-10,automoveis,Hatch Médios,6,150,6,True,150
2015-10,automoveis,Hatch Pequenos,11,13,12,False,0
2015-10,automoveis,Monocab,11,1,11,True,1
2015-10,automoveis,Sedans Compactos,6,3,6,True,3
2015-10,automoveis,Sedans Grandes,12,4,12,True,4
2015-10,automoveis,Sedans Pequenos,10,64,10,True,64
2015-10,automoveis,Sedans médios,21,6,21,True,6
2015-10,automoveis,Sports,9,1,9,True,1
2015-10,automoveis,Suv's,40,26,40,True,26
2015-10,automoveis,Sw Grandes,6,0,13,False,0
2015-10,automoveis,Sw Médios,4,0,4,True,0
2015-10,automoveis,Veículos de Entrada,9,0,9,True,0
2015-10,comerciais_leves,Furgões,7,97,7,True,97
2015-10,comerciais_leves,Furgões Pequenos,4,25,4,True,25
2015-10,comerciais_leves,Pick-up's Grandes,11,1,11,True,1
2015-10,comerciais_leves,Pick-up's Pequenas,6,0,6,True,0
2015-11,automoveis,Grandcab,4,6,4,True,6
2015-11,automoveis,Hatch Médios,6,164,6,True,164
2015-11,automoveis,Hatch Pequenos,11,5,12,False,0
2015-11,automoveis,Monocab,11,0,11,True,0
2015-11,automoveis,Sedans Compactos,6,5,6,True,5
2015-11,automoveis,Sedans Grandes,12,3,12,True,3
2015-11,automoveis,Sedans Pequenos,10,48,10,True,48
2015-11,automoveis,Sedans médios,21,3,21,True,3
2015-11,automoveis,Sports,9,4,9,True,4
2015-11,automoveis,Suv's,40,32,40,True,32
2015-11,automoveis,Sw Grandes,6,0,13,False,0
2015-11,automoveis,Sw Médios,4,1,4,True,1
2015-11,automoveis,Veículos de Entrada,9,2,9,True,2
2015-11,comerciais_leves,Furgões,7,100,7,True,100
2015-11,comerciais_leves,Furgões Pequenos,4,6,4,True,6
2015-11,comerciais_leves,Pick-up's Grandes,11,0,11,True,0
2015-11,comerciais_leves,Pick-up's Pequenas,6,0,6,True,0
2015-12,automoveis,Grandcab,4,7,4,True,7
2015-12,automoveis,Hatch Médios,6,127,6,True,127
2015-12,automoveis,Hatch Pequenos,11,86,12,False,0
2015-12,automoveis,Monocab,11,0,11,True,0
2015-12,automoveis,Sedans Compactos,6,4,6,True,4
2015-12,automoveis,Sedans Grandes,12,12,12,True,12
2015-12,automoveis,Sedans Pequenos,10,36,10,True,36
2015-12,automoveis,Sedans médios,21,3,21,True,3
2015-12,automoveis,Sports,9,6,9,True,6
2015-12,automoveis,Suv's,40,23,40,True,23
2015-12,automoveis,Sw Grandes,6,0,13,False,0
2015-12,automoveis,Sw Médios,4,0,4,True,0
2015-12,automoveis,Veículos de Entrada,9,1,9,True,1
2015-12,comerciais_leves,Furgões,7,106,7,True,106
2015-12,comerciais_leves,Furgões Pequenos,4,7,4,True,7
2015-12,comerciais_leves,Pick-up's Grandes,11,2,11,True,2
2015-12,comerciais_leves,Pick-up's Pequenas,6,0,6,True,0
2016-01,automoveis,Grandcab,4,5,4,True,5
2016-01,automoveis,Hatch Médios,6,287,6,True,287
2016-01,automoveis,Hatch Pequenos,11,72,12,False,0
2016-01,automoveis,Monocab,9,4,11,False,0
2016-01,automoveis,Sedans Compactos,6,1,6,True,1
2016-01,automoveis,Sedans Grandes,12,14,12,True,14
2016-01,automoveis,Sedans Pequenos,10,66,10,True,66
2016-01,automoveis,Sedans médios,21,15,21,True,15
2016-01,automoveis,Sports,9,4,9,True,4
2016-01,automoveis,Suv's,40,56,40,True,56
2016-01,automoveis,Sw Grandes,4,0,13,False,0
2016-01,automoveis,Sw Médios,4,1,4,True,1
2016-01,automoveis,Veículos de Entrada,9,0,9,True,0
2016-01,comerciais_leves,Furgões,7,88,7,True,88
2016-01,comerciais_leves,Furgões Pequenos,4,13,4,True,13
2016-01,comerciais_leves,Pick-up's Grandes,11,12,11,True,12
2016-01,comerciais_leves,Pick-up's Pequenas,4,1,6,False,0
2016-02,automoveis,Grandcab,4,4,4,True,4
2016-02,automoveis,Hatch Médios,6,90,6,True,90
2016-02,automoveis,Hatch Pequenos,11,82,12,False,0
2016-02,automoveis,Monocab,9,1,11,False,0
2016-02,automoveis,Sedans Compactos,6,0,6,True,0
2016-02,automoveis,Sedans Grandes,12,11,12,True,11
2016-02,automoveis,Sedans Pequenos,10,26,10,True,26
2016-02,automoveis,Sedans médios,21,9,21,True,9
2016-02,automoveis,Sports,9,1,9,True,1
2016-02,automoveis,Suv's,40,36,40,True,36
2016-02,automoveis,Sw Grandes,4,1,13,False,0
2016-02,automoveis,Sw Médios,4,1,4,True,1
2016-02,automoveis,Veículos de Entrada,8,11,9,False,0
2016-02,comerciais_leves,Furgões,7,74,7,True,74
2016-02,comerciais_leves,Furgões Pequenos,4,11,4,True,11
2016-02,comerciais_leves,Pick-up's Grandes,11,10,11,True,10
2016-02,comerciais_leves,Pick-up's Pequenas,4,0,6,False,0
2016-03,automoveis,Grandcab,4,3,4,True,3
2016-03,automoveis,Hatch Médios,6,286,6,True,286
2016-03,automoveis,Hatch Pequenos,11,72,12,False,0
2016-03,automoveis,Monocab,10,0,11,False,0
2016-03,automoveis,Sedans Compactos,6,1,6,True,1
2016-03,automoveis,Sedans Grandes,12,12,12,True,12
2016-03,automoveis,Sedans Pequenos,10,32,10,True,32
2016-03,automoveis,Sedans médios,21,10,21,True,10
2016-03,automoveis,Sports,9,1,9,True,1
2016-03,automoveis,Suv's,40,17,40,True,17
2016-03,automoveis,Sw Grandes,4,0,13,False,0
2016-03,automoveis,Sw Médios,4,0,4,True,0
2016-03,automoveis,Veículos de Entrada,9,8,9,True,8
2016-03,comerciais_leves,Furgões,7,93,7,True,93
2016-03,comerciais_leves,Furgões Pequenos,4,24,4,True,24
2016-03,comerciais_leves,Pick-up's Grandes,11,9,11,True,9
2016-03,comerciais_leves,Pick-up's Pequenas,4,0,6,False,0
2016-04,automoveis,Grandcab,4,3,4,True,3
2016-04,automoveis,Hatch Médios,6,212,6,True,212
2016-04,automoveis,Hatch Pequenos,11,72,12,False,0
2016-04,automoveis,Monocab,11,0,11,True,0
2016-04,automoveis,Sedans Compactos,6,0,6,True,0
2016-04,automoveis,Sedans Grandes,12,9,12,True,9
2016-04,automoveis,Sedans Pequenos,10,34,10,True,34
2016-04,automoveis,Sedans médios,21,6,21,True,6
2016-04,automoveis,Sports,9,1,9,True,1
2016-04,automoveis,Suv's,40,29,40,True,29
2016-04,automoveis,Sw Grandes,5,0,13,False,0
2016-04,automoveis,Sw Médios,4,2,4,True,2
2016-04,automoveis,Veículos de Entrada,9,3,9,True,3
2016-04,comerciais_leves,Furgões,7,55,7,True,55
2016-04,comerciais_leves,Furgões Pequenos,4,27,4,True,27
2016-04,comerciais_leves,Pick-up's Grandes,11,5,11,True,5
2016-04,comerciais_leves,Pick-up's Pequenas,4,0,6,False,0
2016-05,automoveis,Grandcab,4,2,4,True,2
2016-05,automoveis,Hatch Médios,6,241,6,True,241
2016-05,automoveis,Hatch Pequenos,11,93,12,False,0
2016-05,automoveis,Monocab,11,0,11,True,0
2016-05,automoveis,Sedans Compactos,6,1,6,True,1
2016-05,automoveis,Sedans Grandes,12,9,12,True,9
2016-05,automoveis,Sedans Pequenos,10,33,10,True,33
2016-05,automoveis,Sedans médios,21,2,21,True,2
2016-05,automoveis,Sports,9,0,9,True,0
2016-05,automoveis,Suv's,40,17,40,True,17
2016-05,automoveis,Sw Grandes,5,0,13,False,0
2016-05,automoveis,Sw Médios,4,0,4,True,0
2016-05,automoveis,Veículos de Entrada,9,7,9,True,7
2016-05,comerciais_leves,Furgões,7,64,7,True,64
2016-05,comerciais_leves,Furgões Pequenos,4,13,4,True,13
2016-05,comerciais_leves,Pick-up's Grandes,11,5,11,True,5
2016-05,comerciais_leves,Pick-up's Pequenas,4,0,6,False,0
2016-06,automoveis,Grandcab,4,3,4,True,3
2016-06,automoveis,Hatch Médios,6,200,6,True,200
2016-06,automoveis,Hatch Pequenos,11,58,12,False,0
2016-06,automoveis,Monocab,11,0,11,True,0
2016-06,automoveis,Sedans Compactos,6,0,6,True,0
2016-06,automoveis,Sedans Grandes,12,12,12,True,12
2016-06,automoveis,Sedans Pequenos,10,14,10,True,14
2016-06,automoveis,Sedans médios,21,7,21,True,7
2016-06,automoveis,Sports,9,2,9,True,2
2016-06,automoveis,Suv's,40,27,40,True,27
2016-06,automoveis,Sw Grandes,5,0,13,False,0
2016-06,automoveis,Sw Médios,4,0,4,True,0
2016-06,automoveis,Veículos de Entrada,9,4,9,True,4
2016-06,comerciais_leves,Furgões,7,35,7,True,35
2016-06,comerciais_leves,Furgões Pequenos,4,24,4,True,24
2016-06,comerciais_leves,Pick-up's Grandes,11,9,11,True,9
2016-06,comerciais_leves,Pick-up's Pequenas,4,1,6,False,0
2016-07,automoveis,Grandcab,4,2,4,True,2
2016-07,automoveis,Hatch Médios,6,139,6,True,139
2016-07,automoveis,Hatch Pequenos,11,57,12,False,0
2016-07,automoveis,Monocab,11,0,11,True,0
2016-07,automoveis,Sedans Compactos,6,0,6,True,0
2016-07,automoveis,Sedans Grandes,12,3,12,True,3
2016-07,automoveis,Sedans Pequenos,10,31,10,True,31
2016-07,automoveis,Sedans médios,21,5,21,True,5
2016-07,automoveis,Sports,9,1,9,True,1
2016-07,automoveis,Suv's,40,27,40,True,27
2016-07,automoveis,Sw Grandes,5,0,13,False,0
2016-07,automoveis,Sw Médios,4,0,4,True,0
2016-07,automoveis,Veículos de Entrada,9,2,9,True,2
2016-07,comerciais_leves,Furgões,7,11,7,True,11
2016-07,comerciais_leves,Furgões Pequenos,4,23,4,True,23
2016-07,comerciais_leves,Pick-up's Grandes,11,6,11,True,6
2016-07,comerciais_leves,Pick-up's Pequenas,5,0,6,False,0
2016-08,automoveis,Grandcab,4,4,4,True,4
2016-08,automoveis,Hatch Médios,6,105,6,True,105
2016-08,automoveis,Hatch Pequenos,11,71,12,False,0
2016-08,automoveis,Monocab,11,0,11,True,0
2016-08,automoveis,Sedans Compactos,6,0,6,True,0
2016-08,automoveis,Sedans Grandes,12,0,12,True,0
2016-08,automoveis,Sedans Pequenos,10,105,10,True,105
2016-08,automoveis,Sedans médios,21,10,21,True,10
2016-08,automoveis,Sports,9,2,9,True,2
2016-08,automoveis,Suv's,40,16,40,True,16
2016-08,automoveis,Sw Grandes,7,0,13,False,0
2016-08,automoveis,Sw Médios,4,2,4,True,2
2016-08,automoveis,Veículos de Entrada,9,5,9,True,5
2016-08,comerciais_leves,Furgões,7,50,7,True,50
2016-08,comerciais_leves,Furgões Pequenos,4,26,4,True,26
2016-08,comerciais_leves,Pick-up's Grandes,11,6,11,True,6
2016-08,comerciais_leves,Pick-up's Pequenas,5,0,6,False,0
2016-09,automoveis,Grandcab,4,5,4,True,5
2016-09,automoveis,Hatch Médios,6,89,6,True,89
2016-09,automoveis,Hatch Pequenos,11,64,12,False,0
2016-09,automoveis,Monocab,11,0,11,True,0
2016-09,automoveis,Sedans Compactos,6,0,6,True,0
2016-09,automoveis,Sedans Grandes,12,0,12,True,0
2016-09,automoveis,Sedans Pequenos,10,128,10,True,128
2016-09,automoveis,Sedans médios,21,9,21,True,9
2016-09,automoveis,Sports,9,0,9,True,0
2016-09,automoveis,Suv's,40,4,40,True,4
2016-09,automoveis,Sw Grandes,8,0,13,False,0
2016-09,automoveis,Sw Médios,4,3,4,True,3
2016-09,automoveis,Veículos de Entrada,9,72,9,True,72
2016-09,comerciais_leves,Furgões,7,51,7,True,51
2016-09,comerciais_leves,Furgões Pequenos,4,38,4,True,38
2016-09,comerciais_leves,Pick-up's Grandes,11,3,11,True,3
2016-09,comerciais_leves,Pick-up's Pequenas,6,0,6,True,0
2016-10,automoveis,Grandcab,4,3,4,True,3
2016-10,automoveis,Hatch Médios,6,52,6,True,52
2016-10,automoveis,Hatch Pequenos,11,28,12,False,0
2016-10,automoveis,Monocab,11,0,11,True,0
2016-10,automoveis,Sedans Compactos,6,0,6,True,0
2016-10,automoveis,Sedans Grandes,12,0,12,True,0
2016-10,automoveis,Sedans Pequenos,10,45,10,True,45
2016-10,automoveis,Sedans médios,21,6,21,True,6
2016-10,automoveis,Sports,9,1,9,True,1
2016-10,automoveis,Suv's,40,3,40,True,3
2016-10,automoveis,Sw Grandes,8,0,13,False,0
2016-10,automoveis,Sw Médios,4,13,4,True,13
2016-10,automoveis,Veículos de Entrada,9,2,9,True,2
2016-10,comerciais_leves,Furgões,7,30,7,True,30
2016-10,comerciais_leves,Furgões Pequenos,4,31,4,True,31
2016-10,comerciais_leves,Pick-up's Grandes,11,10,11,True,10
2016-10,comerciais_leves,Pick-up's Pequenas,6,0,6,True,0
2016-11,automoveis,Grandcab,4,1,4,True,1
2016-11,automoveis,Hatch Médios,6,57,6,True,57
2016-11,automoveis,Hatch Pequenos,11,23,12,False,0
2016-11,automoveis,Monocab,11,0,11,True,0
2016-11,automoveis,Sedans Compactos,6,0,6,True,0
2016-11,automoveis,Sedans Grandes,12,6,12,True,6
2016-11,automoveis,Sedans Pequenos,10,21,10,True,21
2016-11,automoveis,Sedans médios,21,1,21,True,1
2016-11,automoveis,Sports,9,0,9,True,0
2016-11,automoveis,Suv's,40,0,40,True,0
2016-11,automoveis,Sw Grandes,8,0,13,False,0
2016-11,automoveis,Sw Médios,4,11,4,True,11
2016-11,automoveis,Veículos de Entrada,9,1,9,True,1
2016-11,comerciais_leves,Furgões,7,42,7,True,42
2016-11,comerciais_leves,Furgões Pequenos,4,29,4,True,29
2016-11,comerciais_leves,Pick-up's Grandes,11,2,11,True,2
2016-11,comerciais_leves,Pick-up's Pequenas,6,0,6,True,0
2016-12,automoveis,Grandcab,4,6,4,True,6
2016-12,automoveis,Hatch Médios,6,92,6,True,92
2016-12,automoveis,Hatch Pequenos,11,19,12,False,0
2016-12,automoveis,Monocab,11,0,11,True,0
2016-12,automoveis,Sedans Compactos,6,0,6,True,0
2016-12,automoveis,Sedans Grandes,12,9,12,True,9
2016-12,automoveis,Sedans Pequenos,10,18,10,True,18
2016-12,automoveis,Sedans médios,21,4,21,True,4
2016-12,automoveis,Sports,9,0,9,True,0
2016-12,automoveis,Suv's,40,1,40,True,1
2016-12,automoveis,Sw Grandes,8,0,13,False,0
2016-12,automoveis,Sw Médios,4,0,4,True,0
2016-12,automoveis,Veículos de Entrada,9,1,9,True,1
2016-12,comerciais_leves,Furgões,7,83,7,True,83
2016-12,comerciais_leves,Furgões Pequenos,4,46,4,True,46
2016-12,comerciais_leves,Pick-up's Grandes,11,0,11,True,0
2016-12,comerciais_leves,Pick-up's Pequenas,6,0,6,True,0
2017-01,automoveis,Grandcab,4,9,4,True,9
2017-01,automoveis,Hatch Médios,6,15,6,True,15
2017-01,automoveis,Hatch Pequenos,11,35,12,False,0
2017-01,automoveis,Monocab,8,0,11,False,0
2017-01,automoveis,Sedans Compactos,5,19,6,False,0
2017-01,automoveis,Sedans Grandes,12,4,12,True,4
2017-01,automoveis,Sedans Pequenos,10,19,10,True,19
2017-01,automoveis,Sedans médios,21,9,21,True,9
2017-01,automoveis,Sports,9,2,9,True,2
2017-01,automoveis,Suv's,40,36,40,True,36
2017-01,automoveis,Sw Grandes,6,0,13,False,0
2017-01,automoveis,Sw Médios,4,1,4,True,1
2017-01,automoveis,Veículos de Entrada,9,1,9,True,1
2017-01,comerciais_leves,Furgões,7,64,7,True,64
2017-01,comerciais_leves,Furgões Pequenos,4,41,4,True,41
2017-01,comerciais_leves,Pick-up's Grandes,11,3,11,True,3
2017-01,comerciais_leves,Pick-up's Pequenas,4,1,6,False,0
2017-02,automoveis,Grandcab,4,4,4,True,4
2017-02,automoveis,Hatch Médios,6,21,6,True,21
2017-02,automoveis,Hatch Pequenos,11,27,12,False,0
2017-02,automoveis,Monocab,7,1,11,False,0
2017-02,automoveis,Sedans Compactos,6,1,6,True,1
2017-02,automoveis,Sedans Grandes,12,7,12,True,7
2017-02,automoveis,Sedans Pequenos,10,9,10,True,9
2017-02,automoveis,Sedans médios,21,6,21,True,6
2017-02,automoveis,Sports,9,0,9,True,0
2017-02,automoveis,Suv's,40,32,40,True,32
2017-02,automoveis,Sw Grandes,5,0,13,False,0
2017-02,automoveis,Sw Médios,4,1,4,True,1
2017-02,automoveis,Veículos de Entrada,9,2,9,True,2
2017-02,comerciais_leves,Furgões,7,40,7,True,40
2017-02,comerciais_leves,Furgões Pequenos,4,57,4,True,57
2017-02,comerciais_leves,Pick-up's Grandes,11,9,11,True,9
2017-02,comerciais_leves,Pick-up's Pequenas,4,0,6,False,0
2017-03,automoveis,Grandcab,4,5,4,True,5
2017-03,automoveis,Hatch Médios,6,27,6,True,27
2017-03,automoveis,Hatch Pequenos,11,29,12,False,0
2017-03,automoveis,Monocab,7,11,11,False,0
2017-03,automoveis,Sedans Compactos,6,0,6,True,0
2017-03,automoveis,Sedans Grandes,12,3,12,True,3
2017-03,automoveis,Sedans Pequenos,10,7,10,True,7
2017-03,automoveis,Sedans médios,21,4,21,True,4
2017-03,automoveis,Sports,9,2,9,True,2
2017-03,automoveis,Suv's,40,47,40,True,47
2017-03,automoveis,Sw Grandes,6,0,13,False,0
2017-03,automoveis,Sw Médios,4,2,4,True,2
2017-03,automoveis,Veículos de Entrada,9,1,9,True,1
2017-03,comerciais_leves,Furgões,7,55,7,True,55
2017-03,comerciais_leves,Furgões Pequenos,4,65,4,True,65
2017-03,comerciais_leves,Pick-up's Grandes,11,1,11,True,1
2017-03,comerciais_leves,Pick-up's Pequenas,6,0,6,True,0
2017-04,automoveis,Grandcab,4,2,4,True,2
2017-04,automoveis,Hatch Médios,6,18,6,True,18
2017-04,automoveis,Hatch Pequenos,11,23,12,False,0
2017-04,automoveis,Monocab,8,4,11,False,0
2017-04,automoveis,Sedans Compactos,6,1,6,True,1
2017-04,automoveis,Sedans Grandes,12,6,12,True,6
2017-04,automoveis,Sedans Pequenos,10,10,10,True,10
2017-04,automoveis,Sedans médios,21,4,21,True,4
2017-04,automoveis,Sports,9,0,9,True,0
2017-04,automoveis,Suv's,40,33,40,True,33
2017-04,automoveis,Sw Grandes,6,0,13,False,0
2017-04,automoveis,Sw Médios,4,0,4,True,0
2017-04,automoveis,Veículos de Entrada,9,1,9,True,1
2017-04,comerciais_leves,Furgões,7,45,7,True,45
2017-04,comerciais_leves,Furgões Pequenos,4,48,4,True,48
2017-04,comerciais_leves,Pickup's Grandes,11,2,11,True,2
2017-04,comerciais_leves,Pickup's Pequenas,6,0,6,True,0
2017-05,automoveis,Grandcab,4,1,4,True,1
2017-05,automoveis,Hatch Médios,6,40,6,True,40
2017-05,automoveis,Hatch Pequenos,11,41,12,False,0
2017-05,automoveis,Monocab,9,1,11,False,0
2017-05,automoveis,Sedans Compactos,6,1,6,True,1
2017-05,automoveis,Sedans Grandes,12,7,12,True,7
2017-05,automoveis,Sedans Pequenos,10,1,10,True,1
2017-05,automoveis,Sedans médios,21,1,21,True,1
2017-05,automoveis,Sports,9,0,9,True,0
2017-05,automoveis,Suv's,40,56,40,True,56
2017-05,automoveis,Sw Grandes,6,0,13,False,0
2017-05,automoveis,Sw Médios,4,0,4,True,0
2017-05,automoveis,Veículos de Entrada,9,0,9,True,0
2017-05,comerciais_leves,Furgões,7,22,7,True,22
2017-05,comerciais_leves,Furgões Pequenos,4,47,4,True,47
2017-05,comerciais_leves,Pick-up's Grandes,11,14,11,True,14
2017-05,comerciais_leves,Pick-up's Pequenas,6,0,6,True,0
2017-06,automoveis,Grandcab,4,2,4,True,2
2017-06,automoveis,Hatch Médios,6,13,6,True,13
2017-06,automoveis,Hatch Pequenos,11,129,12,False,0
2017-06,automoveis,Monocab,10,0,11,False,0
2017-06,automoveis,Sedans Compactos,6,0,6,True,0
2017-06,automoveis,Sedans Grandes,12,10,12,True,10
2017-06,automoveis,Sedans Pequenos,10,1,10,True,1
2017-06,automoveis,Sedans médios,21,6,21,True,6
2017-06,automoveis,Sports,9,0,9,True,0
2017-06,automoveis,Suv's,40,37,40,True,37
2017-06,automoveis,Sw Grandes,6,0,13,False,0
2017-06,automoveis,Sw Médios,4,0,4,True,0
2017-06,automoveis,Veículos de Entrada,9,3,9,True,3
2017-06,comerciais_leves,Furgões,7,11,7,True,11
2017-06,comerciais_leves,Furgões Pequenos,4,54,4,True,54
2017-06,comerciais_leves,Pick-up's Grandes,11,1,11,True,1
2017-06,comerciais_leves,Pick-up's Pequenas,6,1,6,True,1
2017-07,automoveis,Grandcab,4,1,4,True,1
2017-07,automoveis,Hatch Médios,6,55,6,True,55
2017-07,automoveis,Hatch Pequenos,10,129,12,False,0
2017-07,automoveis,Monocab,10,0,11,False,0
2017-07,automoveis,Sedans Compactos,6,1,6,True,1
2017-07,automoveis,Sedans Grandes,12,13,12,True,13
2017-07,automoveis,Sedans Pequenos,10,1,10,True,1
2017-07,automoveis,Sedans médios,21,5,21,True,5
2017-07,automoveis,Sports,9,3,9,True,3
2017-07,automoveis,Suv's,40,18,40,True,18
2017-07,automoveis,Sw Grandes,6,0,13,False,0
2017-07,automoveis,Sw Médios,4,1,4,True,1
2017-07,automoveis,Veículos de Entrada,9,1,9,True,1
2017-07,comerciais_leves,Furgões,7,6,7,True,6
2017-07,comerciais_leves,Furgões Pequenos,4,24,4,True,24
2017-07,comerciais_leves,Pick-up's Grandes,11,1,11,True,1
2017-07,comerciais_leves,Pick-up's Pequenas,6,0,6,True,0
2017-08,automoveis,Grandcab,4,0,4,True,0
2017-08,automoveis,Hatch Médios,6,32,6,True,32
2017-08,automoveis,Hatch Pequenos,10,144,12,False,0
2017-08,automoveis,Monocab,10,0,11,False,0
2017-08,automoveis,Sedans Compactos,6,1,6,True,1
2017-08,automoveis,Sedans Grandes,12,9,12,True,9
2017-08,automoveis,Sedans Pequenos,10,0,10,True,0
2017-08,automoveis,Sedans médios,21,8,21,True,8
2017-08,automoveis,Sports,9,0,9,True,0
2017-08,automoveis,Suv's,40,15,40,True,15
2017-08,automoveis,Sw Grandes,6,0,13,False,0
2017-08,automoveis,Sw Médios,4,3,4,True,3
2017-08,automoveis,Veículos de Entrada,9,1,9,True,1
2017-08,comerciais_leves,Furgões,7,18,7,True,18
2017-08,comerciais_leves,Furgões Pequenos,4,23,4,True,23
2017-08,comerciais_leves,Pick-up's Grandes,11,1,11,True,1
2017-08,comerciais_leves,Pick-up's Pequenas,6,0,6,True,0
2017-09,automoveis,Grandcab,4,0,4,True,0
2017-09,automoveis,Hatch Médios,6,17,6,True,17
2017-09,automoveis,Hatch Pequenos,11,120,12,False,0
2017-09,automoveis,Monocab,11,0,11,True,0
2017-09,automoveis,Sedans Compactos,6,0,6,True,0
2017-09,automoveis,Sedans Grandes,12,7,12,True,7
2017-09,automoveis,Sedans Pequenos,10,1,10,True,1
2017-09,automoveis,Sedans médios,21,5,21,True,5
2017-09,automoveis,Sports,9,1,9,True,1
2017-09,automoveis,Suv's,40,6,40,True,6
2017-09,automoveis,Sw Grandes,7,0,13,False,0
2017-09,automoveis,Sw Médios,4,0,4,True,0
2017-09,automoveis,Veículos de Entrada,9,1,9,True,1
2017-09,comerciais_leves,Furgões,7,15,7,True,15
2017-09,comerciais_leves,Furgões Pequenos,4,3,4,True,3
2017-09,comerciais_leves,Pick-up's Grandes,11,7,11,True,7
2017-09,comerciais_leves,Pick-up's Pequenas,6,0,6,True,0
2017-10,automoveis,Grandcab,4,2,4,True,2
2017-10,automoveis,Hatch Médios,6,11,6,True,11
2017-10,automoveis,Hatch Pequenos,10,146,12,False,0
2017-10,automoveis,Monocab,11,0,11,True,0
2017-10,automoveis,Sedans Compactos,6,0,6,True,0
2017-10,automoveis,Sedans Grandes,12,5,12,True,5
2017-10,automoveis,Sedans Pequenos,10,1,10,True,1
2017-10,automoveis,Sedans médios,21,6,21,True,6
2017-10,automoveis,Sports,9,4,9,True,4
2017-10,automoveis,Suv's,40,5,40,True,5
2017-10,automoveis,Sw Grandes,7,0,13,False,0
2017-10,automoveis,Sw Médios,4,0,4,True,0
2017-10,automoveis,Veículos de Entrada,9,3,9,True,3
2017-10,comerciais_leves,Furgões,7,7,7,True,7
2017-10,comerciais_leves,Furgões Pequenos,4,8,4,True,8
2017-10,comerciais_leves,Pick-up's Grandes,11,6,11,True,6
2017-10,comerciais_leves,Pick-up's Pequenas,6,0,6,True,0
2017-11,automoveis,Grandcab,4,1,4,True,1
2017-11,automoveis,Hatch Médios,6,5,6,True,5
2017-11,automoveis,Hatch Pequenos,10,254,12,False,0
2017-11,automoveis,Monocab,11,0,11,True,0
2017-11,automoveis,Sedans Compactos,6,0,6,True,0
2017-11,automoveis,Sedans Grandes,12,7,12,True,7
2017-11,automoveis,Sedans Pequenos,10,0,10,True,0
2017-11,automoveis,Sedans médios,21,1,21,True,1
2017-11,automoveis,Sports,9,3,9,True,3
2017-11,automoveis,Suv's,40,5,40,True,5
2017-11,automoveis,Sw Grandes,8,0,13,False,0
2017-11,automoveis,Sw Médios,4,1,4,True,1
2017-11,automoveis,Veículos de Entrada,9,2,9,True,2
2017-11,comerciais_leves,Furgões,7,22,7,True,22
2017-11,comerciais_leves,Furgões Pequenos,4,4,4,True,4
2017-11,comerciais_leves,Pick-up's Grandes,11,8,11,True,8
2017-11,comerciais_leves,Pick-up's Pequenas,6,0,6,True,0
2017-12,automoveis,Grandcab,4,1,4,True,1
2017-12,automoveis,Hatch Médios,6,12,6,True,12
2017-12,automoveis,Hatch Pequenos,11,332,12,False,0
2017-12,automoveis,Monocab,10,0,11,False,0
2017-12,automoveis,Sedans Compactos,6,1,6,True,1
2017-12,automoveis,Sedans Grandes,12,8,12,True,8
2017-12,automoveis,Sedans Pequenos,10,1,10,True,1
2017-12,automoveis,Sedans médios,21,1,21,True,1
2017-12,automoveis,Sports,9,4,9,True,4
2017-12,automoveis,Suv's,40,23,40,True,23
2017-12,automoveis,Sw Grandes,8,0,13,False,0
2017-12,automoveis,Sw Médios,4,0,4,True,0
2017-12,automoveis,Veículos de Entrada,9,1,9,True,1
2017-12,comerciais_leves,Furgões,7,20,7,True,20
2017-12,comerciais_leves,Furgões Pequenos,4,2,4,True,2
2017-12,comerciais_leves,Pick-up's Grandes,11,2,11,True,2
2017-12,comerciais_leves,Pick-up's Pequenas,6,0,6,True,0
2018-01,automoveis,Grandcab,4,0,4,True,0
2018-01,automoveis,Hatch Médios,6,14,6,True,14
2018-01,automoveis,Hatch Pequenos,12,314,12,True,314
2018-01,automoveis,Monocab,7,0,11,False,0
2018-01,automoveis,Sedans Compactos,6,1,6,True,1
2018-01,automoveis,Sedans Grandes,12,15,12,True,15
2018-01,automoveis,Sedans Pequenos,10,24,10,True,24
2018-01,automoveis,Sedans médios,21,9,21,True,9
2018-01,automoveis,Sports,9,4,9,True,4
2018-01,automoveis,Suv's,40,66,40,True,66
2018-01,automoveis,Sw Grandes,3,3,13,False,0
2018-01,automoveis,Sw Médios,4,0,4,True,0
2018-01,automoveis,Veículos de Entrada,9,1,9,True,1
2018-01,comerciais_leves,Furgões,7,66,7,True,66
2018-01,comerciais_leves,Furgões Pequenos,4,1,4,True,1
2018-01,comerciais_leves,Pick-up's Grandes,11,25,11,True,25
2018-01,comerciais_leves,Pick-up's Pequenas,3,976,6,False,0
2018-02,automoveis,Grandcab,3,26,4,False,0
2018-02,automoveis,Hatch Médios,6,11,6,True,11
2018-02,automoveis,Hatch Pequenos,12,12,12,True,12
2018-02,automoveis,Monocab,5,0,11,False,0
2018-02,automoveis,Sedans Compactos,6,1,6,True,1
2018-02,automoveis,Sedans Grandes,12,9,12,True,9
2018-02,automoveis,Sedans Pequenos,10,5,10,True,5
2018-02,automoveis,Sedans médios,21,8,21,True,8
2018-02,automoveis,Sports,9,2,9,True,2
2018-02,automoveis,Suv's,40,48,40,True,48
2018-02,automoveis,Sw Grandes,3,1,13,False,0
2018-02,automoveis,Sw Médios,3,1,4,False,0
2018-02,automoveis,Veículos de Entrada,9,50,9,True,50
2018-02,comerciais_leves,Furgões,7,35,7,True,35
2018-02,comerciais_leves,Furgões Pequenos,4,1,4,True,1
2018-02,comerciais_leves,Pick-up's Grandes,11,18,11,True,18
2018-02,comerciais_leves,Pick-up's Pequenas,3,977,6,False,0
2018-03,automoveis,Grandcab,4,1,4,True,1
2018-03,automoveis,Hatch Médios,6,22,6,True,22
2018-03,automoveis,Hatch Pequenos,12,28,12,True,28
2018-03,automoveis,Monocab,6,1,11,False,0
2018-03,automoveis,Sedans Compactos,6,0,6,True,0
2018-03,automoveis,Sedans Grandes,12,14,12,True,14
2018-03,automoveis,Sedans Pequenos,10,1,10,True,1
2018-03,automoveis,Sedans médios,21,4,21,True,4
2018-03,automoveis,Sports,9,2,9,True,2
2018-03,automoveis,Suv's,40,62,40,True,62
2018-03,automoveis,Sw Grandes,3,7,13,False,0
2018-03,automoveis,Sw Médios,3,0,4,False,0
2018-03,automoveis,Veículos de Entrada,9,51,9,True,51
2018-03,comerciais_leves,Furgões,7,93,7,True,93
2018-03,comerciais_leves,Furgões Pequenos,4,2,4,True,2
2018-03,comerciais_leves,Pick-up's Grandes,11,11,11,True,11
2018-03,comerciais_leves,Pick-up's Pequenas,3,729,6,False,0
2018-04,automoveis,Grandcab,4,0,4,True,0
2018-04,automoveis,Hatch Médios,6,16,6,True,16
2018-04,automoveis,Hatch Pequenos,12,5,12,True,5
2018-04,automoveis,Monocab,7,0,11,False,0
2018-04,automoveis,Sedans Compactos,6,1,6,True,1
2018-04,automoveis,Sedans Grandes,12,11,12,True,11
2018-04,automoveis,Sedans Pequenos,10,2,10,True,2
2018-04,automoveis,Sedans médios,21,6,21,True,6
2018-04,automoveis,Sports,9,0,9,True,0
2018-04,automoveis,Suv's,40,19,40,True,19
2018-04,automoveis,Sw Grandes,4,1,13,False,0
2018-04,automoveis,Sw Médios,3,0,4,False,0
2018-04,automoveis,Veículos de Entrada,9,15,9,True,15
2018-04,comerciais_leves,Furgões,7,83,7,True,83
2018-04,comerciais_leves,Furgões Pequenos,4,2,4,True,2
2018-04,comerciais_leves,Pick-up's Grandes,11,7,11,True,7
2018-04,comerciais_leves,Pick-up's Pequenas,4,1,6,False,0
2018-05,automoveis,Grandcab,4,0,4,True,0
2018-05,automoveis,Hatch Médios,6,20,6,True,20
2018-05,automoveis,Hatch Pequenos,12,0,12,True,0
2018-05,automoveis,Monocab,7,0,11,False,0
2018-05,automoveis,Sedans Compactos,6,11,6,True,11
2018-05,automoveis,Sedans Grandes,12,10,12,True,10
2018-05,automoveis,Sedans Pequenos,10,3,10,True,3
2018-05,automoveis,Sedans médios,21,6,21,True,6
2018-05,automoveis,Sports,9,1,9,True,1
2018-05,automoveis,Suv's,40,64,40,True,64
2018-05,automoveis,Sw Grandes,5,0,13,False,0
2018-05,automoveis,Sw Médios,4,0,4,True,0
2018-05,automoveis,Veículos de Entrada,9,14,9,True,14
2018-05,comerciais_leves,Furgões,7,56,7,True,56
2018-05,comerciais_leves,Furgões Pequenos,4,2,4,True,2
2018-05,comerciais_leves,Pick-up's Grandes,11,1,11,True,1
2018-05,comerciais_leves,Pick-up's Pequenas,3,963,6,False,0
2018-06,automoveis,Grandcab,4,1,4,True,1
2018-06,automoveis,Hatch Médios,6,21,6,True,21
2018-06,automoveis,Hatch Pequenos,12,101,12,True,101
2018-06,automoveis,Monocab,7,0,11,False,0
2018-06,automoveis,Sedans Compactos,6,4,6,True,4
2018-06,automoveis,Sedans Grandes,12,6,12,True,6
2018-06,automoveis,Sedans Pequenos,10,1,10,True,1
2018-06,automoveis,Sedans médios,21,6,21,True,6
2018-06,automoveis,Sports,9,3,9,True,3
2018-06,automoveis,Suv's,40,69,40,True,69
2018-06,automoveis,Sw Grandes,6,0,13,False,0
2018-06,automoveis,Sw Médios,4,0,4,True,0
2018-06,automoveis,Veículos de Entrada,9,10,9,True,10
2018-06,comerciais_leves,Furgões,7,73,7,True,73
2018-06,comerciais_leves,Furgões Pequenos,4,8,4,True,8
2018-06,comerciais_leves,Pick-up's Grandes,11,4,11,True,4
2018-06,comerciais_leves,Pick-up's Pequenas,3,1161,6,False,0
2018-07,automoveis,Grandcab,4,4,4,True,4
2018-07,automoveis,Hatch Médios,6,12,6,True,12
2018-07,automoveis,Hatch Pequenos,12,122,12,True,122
2018-07,automoveis,Monocab,7,0,11,False,0
2018-07,automoveis,Sedans Compactos,6,23,6,True,23
2018-07,automoveis,Sedans Grandes,12,2,12,True,2
2018-07,automoveis,Sedans Pequenos,10,1,10,True,1
2018-07,automoveis,Sedans médios,21,4,21,True,4
2018-07,automoveis,Sports,9,1,9,True,1
2018-07,automoveis,Suv's,40,33,40,True,33
2018-07,automoveis,Sw Grandes,6,0,13,False,0
2018-07,automoveis,Sw Médios,4,0,4,True,0
2018-07,automoveis,Veículos de Entrada,9,11,9,True,11
2018-07,comerciais_leves,Furgões,7,82,7,True,82
2018-07,comerciais_leves,Furgões Pequenos,4,80,4,True,80
2018-07,comerciais_leves,Pick-up's Grandes,11,1,11,True,1
2018-07,comerciais_leves,Pick-up's Pequenas,4,2,6,False,0
2018-08,automoveis,Grandcab,4,0,4,True,0
2018-08,automoveis,Hatch Médios,6,19,6,True,19
2018-08,automoveis,Hatch Pequenos,12,173,12,True,173
2018-08,automoveis,Monocab,7,0,11,False,0
2018-08,automoveis,Sedans Compactos,6,18,6,True,18
2018-08,automoveis,Sedans Grandes,12,3,12,True,3
2018-08,automoveis,Sedans Pequenos,10,5,10,True,5
2018-08,automoveis,Sedans médios,21,1,21,True,1
2018-08,automoveis,Sports,9,0,9,True,0
2018-08,automoveis,Suv's,40,71,40,True,71
2018-08,automoveis,Sw Grandes,6,0,13,False,0
2018-08,automoveis,Sw Médios,4,0,4,True,0
2018-08,automoveis,Veículos de Entrada,9,10,9,True,10
2018-08,comerciais_leves,Furgões,7,97,7,True,97
2018-08,comerciais_leves,Furgões Pequenos,4,55,4,True,55
2018-08,comerciais_leves,Pick-up's Grandes,11,2,11,True,2
2018-08,comerciais_leves,Pick-up's Pequenas,4,3,6,False,0
2018-09,automoveis,Grandcab,4,7,4,True,7
2018-09,automoveis,Hatch Médios,6,21,6,True,21
2018-09,automoveis,Hatch Pequenos,12,132,12,True,132
2018-09,automoveis,Monocab,7,0,11,False,0
2018-09,automoveis,Sedans Compactos,6,8,6,True,8
2018-09,automoveis,Sedans Grandes,12,8,12,True,8
2018-09,automoveis,Sedans Pequenos,10,3,10,True,3
2018-09,automoveis,Sedans médios,21,0,21,True,0
2018-09,automoveis,Sports,9,0,9,True,0
2018-09,automoveis,Suv's,40,73,40,True,73
2018-09,automoveis,Sw Grandes,6,0,13,False,0
2018-09,automoveis,Sw Médios,4,0,4,True,0
2018-09,automoveis,Veículos de Entrada,9,8,9,True,8
2018-09,comerciais_leves,Furgões,7,74,7,True,74
2018-09,comerciais_leves,Furgões Pequenos,4,21,4,True,21
2018-09,comerciais_leves,Pick-up's Grandes,11,0,11,True,0
2018-09,comerciais_leves,Pick-up's Pequenas,4,0,6,False,0
2018-10,automoveis,Grandcab,4,1,4,True,1
2018-10,automoveis,Hatch Médios,6,17,6,True,17
2018-10,automoveis,Hatch Pequenos,12,148,12,True,148
2018-10,automoveis,Monocab,7,0,11,False,0
2018-10,automoveis,Sedans Compactos,6,8,6,True,8
2018-10,automoveis,Sedans Grandes,12,7,12,True,7
2018-10,automoveis,Sedans Pequenos,10,0,10,True,0
2018-10,automoveis,Sedans médios,21,1,21,True,1
2018-10,automoveis,Sports,9,0,9,True,0
2018-10,automoveis,Suv's,40,71,40,True,71
2018-10,automoveis,Sw Grandes,6,0,13,False,0
2018-10,automoveis,Sw Médios,4,0,4,True,0
2018-10,automoveis,Veículos de Entrada,9,9,9,True,9
2018-10,comerciais_leves,Furgões,7,156,7,True,156
2018-10,comerciais_leves,Furgões Pequenos,4,33,4,True,33
2018-10,comerciais_leves,Pick-up's Grandes,11,1,11,True,1
2018-10,comerciais_leves,Pick-up's Pequenas,5,0,6,False,0
2018-11,automoveis,Grandcab,4,1,4,True,1
2018-11,automoveis,Hatch Médios,6,13,6,True,13
2018-11,automoveis,Hatch Pequenos,12,139,12,True,139
2018-11,automoveis,Monocab,7,0,11,False,0
2018-11,automoveis,Sedans Compactos,6,5,6,True,5
2018-11,automoveis,Sedans Grandes,12,8,12,True,8
2018-11,automoveis,Sedans Pequenos,10,1,10,True,1
2018-11,automoveis,Sedans médios,21,0,21,True,0
2018-11,automoveis,Sports,9,3,9,True,3
2018-11,automoveis,Suv's,40,84,40,True,84
2018-11,automoveis,Sw Grandes,6,0,13,False,0
2018-11,automoveis,Sw Médios,4,0,4,True,0
2018-11,automoveis,Veículos de Entrada,9,5,9,True,5
2018-11,comerciais_leves,Furgões,7,89,7,True,89
2018-11,comerciais_leves,Furgões Pequenos,4,30,4,True,30
2018-11,comerciais_leves,Pick-up's Grandes,11,1,11,True,1
2018-11,comerciais_leves,Pick-up's Pequenas,5,0,6,False,0
2018-12,automoveis,Grandcab,4,2,4,True,2
2018-12,automoveis,Hatch Médios,6,5,6,True,5
2018-12,automoveis,Hatch Pequenos,12,153,12,True,153
2018-12,automoveis,Monocab,7,0,11,False,0
2018-12,automoveis,Sedans Compactos,6,1,6,True,1
2018-12,automoveis,Sedans Grandes,12,3,12,True,3
2018-12,automoveis,Sedans Pequenos,10,1,10,True,1
2018-12,automoveis,Sedans médios,21,2,21,True,2
2018-12,automoveis,Sports,9,3,9,True,3
2018-12,automoveis,Suv's,40,89,40,True,89
2018-12,automoveis,Sw Grandes,6,0,13,False,0
2018-12,automoveis,Sw Médios,4,0,4,True,0
2018-12,automoveis,Veículos de Entrada,9,3,9,True,3
2018-12,comerciais_leves,Furgões,7,30,7,True,30
2018-12,comerciais_leves,Furgões Pequenos,4,18,4,True,18
2018-12,comerciais_leves,Pick-up's Grandes,11,1,11,True,1
2018-12,comerciais_leves,Pick-up's Pequenas,5,0,6,False,0
2019-01,automoveis,Grandcab,4,0,4,True,0
2019-01,automoveis,Hatch Médios,6,19,6,True,19
2019-01,automoveis,Hatch Pequenos,12,119,12,True,119
2019-01,automoveis,Monocab,5,0,11,False,0
2019-01,automoveis,Sedans Compactos,6,9,6,True,9
2019-01,automoveis,Sedans Grandes,12,11,12,True,11
2019-01,automoveis,Sedans Pequenos,10,0,10,True,0
2019-01,automoveis,Sedans médios,21,0,21,True,0
2019-01,automoveis,Sports,9,5,9,True,5
2019-01,automoveis,Suv's,40,85,40,True,85
2019-01,automoveis,Sw Grandes,5,1,13,False,0
2019-01,automoveis,Sw Médios,4,0,4,True,0
2019-01,automoveis,Veículos de Entrada,9,4,9,True,4
2019-01,comerciais_leves,Furgões,7,118,7,True,118
2019-01,comerciais_leves,Furgões Pequenos,4,17,4,True,17
2019-01,comerciais_leves,Pick-up's Grandes,11,1,11,True,1
2019-01,comerciais_leves,Pick-up's Pequenas,4,1,6,False,0
2019-02,automoveis,Grandcab,4,2,4,True,2
2019-02,automoveis,Hatch Médios,6,14,6,True,14
2019-02,automoveis,Hatch Pequenos,12,346,12,True,346
2019-02,automoveis,Monocab,4,0,11,False,0
2019-02,automoveis,Sedans Compactos,6,7,6,True,7
2019-02,automoveis,Sedans Grandes,12,5,12,True,5
2019-02,automoveis,Sedans Pequenos,10,1,10,True,1
2019-02,automoveis,Sedans médios,21,0,21,True,0
2019-02,automoveis,Sports,9,2,9,True,2
2019-02,automoveis,Suv's,40,88,40,True,88
2019-02,automoveis,Sw Grandes,5,0,13,False,0
2019-02,automoveis,Sw Médios,3,0,4,False,0
2019-02,automoveis,Veículos de Entrada,9,2,9,True,2
2019-02,comerciais_leves,Furgões,7,128,7,True,128
2019-02,comerciais_leves,Furgões Pequenos,4,5,4,True,5
2019-02,comerciais_leves,Pick-up's Grandes,11,0,11,True,0
2019-02,comerciais_leves,Pick-up's Pequenas,4,0,6,False,0
2019-03,automoveis,Grandcab,4,1,4,True,1
2019-03,automoveis,Hatch Médios,6,24,6,True,24
2019-03,automoveis,Hatch Pequenos,12,300,12,True,300
2019-03,automoveis,Monocab,4,0,11,False,0
2019-03,automoveis,Sedans Compactos,6,8,6,True,8
2019-03,automoveis,Sedans Grandes,12,6,12,True,6
2019-03,automoveis,Sedans Pequenos,10,1,10,True,1
2019-03,automoveis,Sedans médios,21,1,21,True,1
2019-03,automoveis,Sports,9,3,9,True,3
2019-03,automoveis,Suv's,40,80,40,True,80
2019-03,automoveis,Sw Grandes,5,1,13,False,0
2019-03,automoveis,Sw Médios,3,0,4,False,0
2019-03,automoveis,Veículos de Entrada,9,2,9,True,2
2019-03,comerciais_leves,Furgões,7,126,7,True,126
2019-03,comerciais_leves,Furgões Pequenos,4,1,4,True,1
2019-03,comerciais_leves,Pick-up's Grandes,11,0,11,True,0
2019-03,comerciais_leves,Pick-up's Pequenas,6,0,6,True,0
2019-04,automoveis,Grandcab,4,0,4,True,0
2019-04,automoveis,Hatch Médios,6,26,6,True,26
2019-04,automoveis,Hatch Pequenos,12,262,12,True,262
2019-04,automoveis,Monocab,4,0,11,False,0
2019-04,automoveis,Sedans Compactos,6,2,6,True,2
2019-04,automoveis,Sedans Grandes,12,8,12,True,8
2019-04,automoveis,Sedans Pequenos,10,0,10,True,0
2019-04,automoveis,Sedans médios,21,0,21,True,0
2019-04,automoveis,Sports,9,5,9,True,5
2019-04,automoveis,Suv's,40,100,40,True,100
2019-04,automoveis,Sw Grandes,5,0,13,False,0
2019-04,automoveis,Sw Médios,3,0,4,False,0
2019-04,automoveis,Veículos de Entrada,9,0,9,True,0
2019-04,comerciais_leves,Furgões,7,174,7,True,174
2019-04,comerciais_leves,Furgões Pequenos,4,10,4,True,10
2019-04,comerciais_leves,Pick-up's Grandes,11,1,11,True,1
2019-04,comerciais_leves,Pick-up's Pequenas,6,0,6,True,0
2019-05,automoveis,Grandcab,4,2,4,True,2
2019-05,automoveis,Hatch Médios,6,23,6,True,23
2019-05,automoveis,Hatch Pequenos,12,284,12,True,284
2019-05,automoveis,Monocab,5,0,11,False,0
2019-05,automoveis,Sedans Compactos,6,3,6,True,3
2019-05,automoveis,Sedans Grandes,12,5,12,True,5
2019-05,automoveis,Sedans Pequenos,10,0,10,True,0
2019-05,automoveis,Sedans médios,21,0,21,True,0
2019-05,automoveis,Sports,9,1,9,True,1
2019-05,automoveis,Suv's,40,99,40,True,99
2019-05,automoveis,Sw Grandes,5,0,13,False,0
2019-05,automoveis,Sw Médios,3,3,4,False,0
2019-05,automoveis,Veículos de Entrada,9,2,9,True,2
2019-05,comerciais_leves,Furgões,7,146,7,True,146
2019-05,comerciais_leves,Furgões Pequenos,4,8,4,True,8
2019-05,comerciais_leves,Pick-up's Grandes,11,0,11,True,0
2019-05,comerciais_leves,Pick-up's Pequenas,6,0,6,True,0
2019-06,automoveis,Grandcab,4,1,4,True,1
2019-06,automoveis,Hatch Médios,6,8,6,True,8
2019-06,automoveis,Hatch Pequenos,12,232,12,True,232
2019-06,automoveis,Monocab,5,0,11,False,0
2019-06,automoveis,Sedans Compactos,6,2,6,True,2
2019-06,automoveis,Sedans Grandes,12,6,12,True,6
2019-06,automoveis,Sedans Pequenos,10,0,10,True,0
2019-06,automoveis,Sedans médios,21,0,21,True,0
2019-06,automoveis,Sports,9,0,9,True,0
2019-06,automoveis,Suv's,40,79,40,True,79
2019-06,automoveis,Sw Grandes,5,0,13,False,0
2019-06,automoveis,Sw Médios,4,0,4,True,0
2019-06,automoveis,Veículos de Entrada,9,0,9,True,0
2019-06,comerciais_leves,Furgões,7,122,7,True,122
2019-06,comerciais_leves,Furgões Pequenos,4,1,4,True,1
2019-06,comerciais_leves,Pick-up's Grandes,11,2,11,True,2
2019-06,comerciais_leves,Pick-up's Pequenas,6,0,6,True,0
2019-07,automoveis,Grandcab,4,2,4,True,2
2019-07,automoveis,Hatch Médios,6,0,6,True,0
2019-07,automoveis,Hatch Pequenos,12,211,12,True,211
2019-07,automoveis,Monocab,5,0,11,False,0
2019-07,automoveis,Sedans Compactos,6,4,6,True,4
2019-07,automoveis,Sedans Grandes,12,4,12,True,4
2019-07,automoveis,Sedans Pequenos,10,1,10,True,1
2019-07,automoveis,Sedans médios,21,0,21,True,0
2019-07,automoveis,Sports,9,1,9,True,1
2019-07,automoveis,Suv's,40,97,40,True,97
2019-07,automoveis,Sw Grandes,5,0,13,False,0
2019-07,automoveis,Sw Médios,4,1,4,True,1
2019-07,automoveis,Veículos de Entrada,9,1,9,True,1
2019-07,comerciais_leves,Furgões,7,84,7,True,84
2019-07,comerciais_leves,Furgões Pequenos,4,2,4,True,2
2019-07,comerciais_leves,Pick-up's Grandes,11,0,11,True,0
2019-07,comerciais_leves,Pick-up's Pequenas,6,0,6,True,0
2019-08,automoveis,Grandcab,4,1,4,True,1
2019-08,automoveis,Hatch Médios,6,7,6,True,7
2019-08,automoveis,Hatch Pequenos,12,155,12,True,155
2019-08,automoveis,Monocab,6,0,11,False,0
2019-08,automoveis,Sedans Compactos,6,2,6,True,2
2019-08,automoveis,Sedans Grandes,12,1,12,True,1
2019-08,automoveis,Sedans Pequenos,10,0,10,True,0
2019-08,automoveis,Sedans médios,21,0,21,True,0
2019-08,automoveis,Sports,9,0,9,True,0
2019-08,automoveis,Suv's,40,60,40,True,60
2019-08,automoveis,Sw Grandes,5,0,13,False,0
2019-08,automoveis,Sw Médios,4,0,4,True,0
2019-08,automoveis,Veículos de Entrada,9,6,9,True,6
2019-08,comerciais_leves,Furgões,7,149,7,True,149
2019-08,comerciais_leves,Furgões Pequenos,4,2,4,True,2
2019-08,comerciais_leves,Pick-up's Grandes,11,0,11,True,0
2019-08,comerciais_leves,Pick-up's Pequenas,6,0,6,True,0
2019-09,automoveis,Grandcab,4,1,4,True,1
2019-09,automoveis,Hatch Médios,6,8,6,True,8
2019-09,automoveis,Hatch Pequenos,12,153,12,True,153
2019-09,automoveis,Monocab,6,0,11,False,0
2019-09,automoveis,Sedans Compactos,6,301,6,True,301
2019-09,automoveis,Sedans Grandes,12,1,12,True,1
2019-09,automoveis,Sedans Pequenos,10,0,10,True,0
2019-09,automoveis,Sedans médios,21,0,21,True,0
2019-09,automoveis,Sports,9,0,9,True,0
2019-09,automoveis,Suv's,40,71,40,True,71
2019-09,automoveis,Sw Grandes,5,0,13,False,0
2019-09,automoveis,Sw Médios,4,0,4,True,0
2019-09,automoveis,Veículos de Entrada,9,0,9,True,0
2019-09,comerciais_leves,Furgões,7,173,7,True,173
2019-09,comerciais_leves,Furgões Pequenos,4,68,4,True,68
2019-09,comerciais_leves,Pick-up's Grandes,11,0,11,True,0
2019-09,comerciais_leves,Pick-up's Pequenas,6,0,6,True,0
2019-10,automoveis,Grandcab,4,0,4,True,0
2019-10,automoveis,Hatch Médios,6,7,6,True,7
2019-10,automoveis,Hatch Pequenos,12,142,12,True,142
2019-10,automoveis,Monocab,6,0,11,False,0
2019-10,automoveis,Sedans Compactos,6,210,6,True,210
2019-10,automoveis,Sedans Grandes,12,2,12,True,2
2019-10,automoveis,Sedans Pequenos,10,0,10,True,0
2019-10,automoveis,Sedans médios,21,0,21,True,0
2019-10,automoveis,Sports,9,0,9,True,0
2019-10,automoveis,Suv's,40,76,40,True,76
2019-10,automoveis,Sw Grandes,5,0,13,False,0
2019-10,automoveis,Sw Médios,4,0,4,True,0
2019-10,automoveis,Veículos de Entrada,9,1,9,True,1
2019-10,comerciais_leves,Furgões,7,189,7,True,189
2019-10,comerciais_leves,Furgões Pequenos,4,4,4,True,4
2019-10,comerciais_leves,Pick-up's Grandes,11,1,11,True,1
2019-10,comerciais_leves,Pick-up's Pequenas,6,0,6,True,0
2019-11,automoveis,Grandcab,4,0,4,True,0
2019-11,automoveis,Hatch Médios,6,1,6,True,1
2019-11,automoveis,Hatch Pequenos,12,72,12,True,72
2019-11,automoveis,Monocab,7,0,11,False,0
2019-11,automoveis,Sedans Compactos,6,202,6,True,202
2019-11,automoveis,Sedans Grandes,12,1,12,True,1
2019-11,automoveis,Sedans Pequenos,10,1,10,True,1
2019-11,automoveis,Sedans médios,21,1,21,True,1
2019-11,automoveis,Sports,9,0,9,True,0
2019-11,automoveis,Suv's,40,63,40,True,63
2019-11,automoveis,Sw Grandes,5,0,13,False,0
2019-11,automoveis,Sw Médios,4,0,4,True,0
2019-11,automoveis,Veículos de Entrada,9,2,9,True,2
2019-11,comerciais_leves,Furgões,7,160,7,True,160
2019-11,comerciais_leves,Furgões Pequenos,4,0,4,True,0
2019-11,comerciais_leves,Pick-up's Grandes,11,8,11,True,8
2019-11,comerciais_leves,Pick-up's Pequenas,6,0,6,True,0
2019-12,automoveis,Grandcab,4,0,4,True,0
2019-12,automoveis,Hatch Médios,6,1,6,True,1
2019-12,automoveis,Hatch Pequenos,12,25,12,True,25
2019-12,automoveis,Monocab,7,0,11,False,0
2019-12,automoveis,Sedans Compactos,6,189,6,True,189
2019-12,automoveis,Sedans Grandes,12,2,12,True,2
2019-12,automoveis,Sedans Pequenos,10,0,10,True,0
2019-12,automoveis,Sedans médios,21,1,21,True,1
2019-12,automoveis,Sports,9,0,9,True,0
2019-12,automoveis,Suv's,40,78,40,True,78
2019-12,automoveis,Sw Grandes,5,0,13,False,0
2019-12,automoveis,Sw Médios,4,0,4,True,0
2019-12,automoveis,Veículos de Entrada,9,5,9,True,5
2019-12,comerciais_leves,Furgões,7,186,7,True,186
2019-12,comerciais_leves,Furgões Pequenos,4,0,4,True,0
2019-12,comerciais_leves,Pick-up's Grandes,11,5,11,True,5
2019-12,comerciais_leves,Pick-up's Pequenas,6,0,6,True,0
2020-01,automoveis,Grandcab,4,1,4,True,1
2020-01,automoveis,Hatch Médios,6,6,6,True,6
2020-01,automoveis,Hatch Pequenos,12,72,12,True,72
2020-01,automoveis,Monocab,3,4,11,False,0
2020-01,automoveis,Sedans Compactos,6,127,6,True,127
2020-01,automoveis,Sedans Grandes,12,4,12,True,4
2020-01,automoveis,Sedans Pequenos,10,3,10,True,3
2020-01,automoveis,Sedans médios,21,0,21,True,0
2020-01,automoveis,Sports,9,2,9,True,2
2020-01,automoveis,Suv's,40,72,40,True,72
2020-01,automoveis,Sw Grandes,3,1,13,False,0
2020-01,automoveis,Sw Médios,3,0,4,False,0
2020-01,automoveis,Veículos de Entrada,9,2,9,True,2
2020-01,comerciais_leves,Furgões,7,195,7,True,195
2020-01,comerciais_leves,Furgões Pequenos,4,10,4,True,10
2020-01,comerciais_leves,Pick-up's Grandes,11,2,11,True,2
2020-01,comerciais_leves,Pick-up's Pequenas,5,1,6,False,0
2020-02,automoveis,Grandcab,4,0,4,True,0
2020-02,automoveis,Hatch Médios,6,2,6,True,2
2020-02,automoveis,Hatch Pequenos,12,78,12,True,78
2020-02,automoveis,Monocab,4,0,11,False,0
2020-02,automoveis,Sedans Compactos,6,123,6,True,123
2020-02,automoveis,Sedans Grandes,12,4,12,True,4
2020-02,automoveis,Sedans Pequenos,10,0,10,True,0
2020-02,automoveis,Sedans médios,21,1,21,True,1
2020-02,automoveis,Sports,9,3,9,True,3
2020-02,automoveis,Suv's,40,74,40,True,74
2020-02,automoveis,Sw Grandes,4,1,13,False,0
2020-02,automoveis,Sw Médios,3,0,4,False,0
2020-02,automoveis,Veículos de Entrada,9,1,9,True,1
2020-02,comerciais_leves,Furgões,7,176,7,True,176
2020-02,comerciais_leves,Furgões Pequenos,4,0,4,True,0
2020-02,comerciais_leves,Pick-up's Grandes,11,1,11,True,1
2020-02,comerciais_leves,Pick-up's Pequenas,5,0,6,False,0
2020-03,automoveis,Grandcab,4,0,4,True,0
2020-03,automoveis,Hatch Médios,6,3,6,True,3
2020-03,automoveis,Hatch Pequenos,12,81,12,True,81
2020-03,automoveis,Monocab,4,0,11,False,0
2020-03,automoveis,Sedans Compactos,6,18,6,True,18
2020-03,automoveis,Sedans Grandes,12,5,12,True,5
2020-03,automoveis,Sedans Pequenos,10,0,10,True,0
2020-03,automoveis,Sedans médios,21,0,21,True,0
2020-03,automoveis,Sports,9,1,9,True,1
2020-03,automoveis,Suv's,40,57,40,True,57
2020-03,automoveis,Sw Grandes,4,1,13,False,0
2020-03,automoveis,Sw Médios,3,0,4,False,0
2020-03,automoveis,Veículos de Entrada,9,0,9,True,0
2020-03,comerciais_leves,Furgões,7,143,7,True,143
2020-03,comerciais_leves,Furgões Pequenos,4,0,4,True,0
2020-03,comerciais_leves,Pick-up's Grandes,11,0,11,True,0
2020-03,comerciais_leves,Pick-up's Pequenas,5,0,6,False,0
2020-04,automoveis,Grandcab,4,0,4,True,0
2020-04,automoveis,Hatch Médios,6,0,6,True,0
2020-04,automoveis,Hatch Pequenos,12,15,12,True,15
2020-04,automoveis,Monocab,4,0,11,False,0
2020-04,automoveis,Sedans Compactos,6,4,6,True,4
2020-04,automoveis,Sedans Grandes,12,2,12,True,2
2020-04,automoveis,Sedans Pequenos,10,0,10,True,0
2020-04,automoveis,Sedans médios,21,0,21,True,0
2020-04,automoveis,Sports,9,0,9,True,0
2020-04,automoveis,Suv's,40,19,40,True,19
2020-04,automoveis,Sw Grandes,4,0,13,False,0
2020-04,automoveis,Sw Médios,4,0,4,True,0
2020-04,automoveis,Veículos de Entrada,9,0,9,True,0
2020-04,comerciais_leves,Furgões,7,37,7,True,37
2020-04,comerciais_leves,Furgões Pequenos,4,0,4,True,0
2020-04,comerciais_leves,Pick-up's Grandes,11,0,11,True,0
2020-04,comerciais_leves,Pick-up's Pequenas,5,0,6,False,0
2020-05,automoveis,Grandcab,4,0,4,True,0
2020-05,automoveis,Hatch Médios,6,2,6,True,2
2020-05,automoveis,Hatch Pequenos,12,24,12,True,24
2020-05,automoveis,Monocab,4,0,11,False,0
2020-05,automoveis,Sedans Compactos,6,4,6,True,4
2020-05,automoveis,Sedans Grandes,12,1,12,True,1
2020-05,automoveis,Sedans Pequenos,10,0,10,True,0
2020-05,automoveis,Sedans médios,21,0,21,True,0
2020-05,automoveis,Sports,9,0,9,True,0
2020-05,automoveis,Suv's,40,30,40,True,30
2020-05,automoveis,Sw Grandes,4,0,13,False,0
2020-05,automoveis,Sw Médios,4,0,4,True,0
2020-05,automoveis,Veículos de Entrada,9,0,9,True,0
2020-05,comerciais_leves,Furgões,7,50,7,True,50
2020-05,comerciais_leves,Furgões Pequenos,4,0,4,True,0
2020-05,comerciais_leves,Pick-up's Grandes,11,0,11,True,0
2020-05,comerciais_leves,Pick-up's Pequenas,5,0,6,False,0
2020-06,automoveis,Grandcab,4,0,4,True,0
2020-06,automoveis,Hatch Médios,6,8,6,True,8
2020-06,automoveis,Hatch Pequenos,12,67,12,True,67
2020-06,automoveis,Monocab,4,0,11,False,0
2020-06,automoveis,Sedans Compactos,6,18,6,True,18
2020-06,automoveis,Sedans Grandes,12,6,12,True,6
2020-06,automoveis,Sedans Pequenos,10,0,10,True,0
2020-06,automoveis,Sedans médios,21,0,21,True,0
2020-06,automoveis,Sports,9,3,9,True,3
2020-06,automoveis,Suv's,40,28,40,True,28
2020-06,automoveis,Sw Grandes,4,0,13,False,0
2020-06,automoveis,Sw Médios,4,0,4,True,0
2020-06,automoveis,Veículos de Entrada,9,1,9,True,1
2020-06,comerciais_leves,Furgões,7,106,7,True,106
2020-06,comerciais_leves,Furgões Pequenos,4,0,4,True,0
2020-06,comerciais_leves,Pick-up's Grandes,11,1,11,True,1
2020-06,comerciais_leves,Pick-up's Pequenas,5,0,6,False,0
2020-07,automoveis,Grandcab,4,0,4,True,0
2020-07,automoveis,Hatch Médios,6,10,6,True,10
2020-07,automoveis,Hatch Pequenos,12,83,12,True,83
2020-07,automoveis,Monocab,4,0,11,False,0
2020-07,automoveis,Sedans Compactos,6,23,6,True,23
2020-07,automoveis,Sedans Grandes,12,7,12,True,7
2020-07,automoveis,Sedans Pequenos,10,1,10,True,1
2020-07,automoveis,Sedans médios,21,0,21,True,0
2020-07,automoveis,Sports,9,2,9,True,2
2020-07,automoveis,Suv's,40,96,40,True,96
2020-07,automoveis,Sw Grandes,4,0,13,False,0
2020-07,automoveis,Sw Médios,4,0,4,True,0
2020-07,automoveis,Veículos de Entrada,9,0,9,True,0
2020-07,comerciais_leves,Furgões,7,95,7,True,95
2020-07,comerciais_leves,Furgões Pequenos,4,0,4,True,0
2020-07,comerciais_leves,Pick-up's Grandes,11,0,11,True,0
2020-07,comerciais_leves,Pick-up's Pequenas,5,0,6,False,0
2020-08,automoveis,Grandcab,4,0,4,True,0
2020-08,automoveis,Hatch Médios,6,9,6,True,9
2020-08,automoveis,Hatch Pequenos,12,86,12,True,86
2020-08,automoveis,Monocab,4,0,11,False,0
2020-08,automoveis,Sedans Compactos,6,20,6,True,20
2020-08,automoveis,Sedans Grandes,12,1,12,True,1
2020-08,automoveis,Sedans Pequenos,10,15,10,True,15
2020-08,automoveis,Sedans médios,21,0,21,True,0
2020-08,automoveis,Sports,9,0,9,True,0
2020-08,automoveis,Suv's,40,61,40,True,61
2020-08,automoveis,Sw Grandes,4,0,13,False,0
2020-08,automoveis,Sw Médios,4,0,4,True,0
2020-08,automoveis,Veículos de Entrada,9,0,9,True,0
2020-08,comerciais_leves,Furgões,7,121,7,True,121
2020-08,comerciais_leves,Furgões Pequenos,4,4,4,True,4
2020-08,comerciais_leves,Pick-up's Grandes,11,0,11,True,0
2020-08,comerciais_leves,Pick-up's Pequenas,5,0,6,False,0
2020-09,automoveis,Grandcab,4,0,4,True,0
2020-09,automoveis,Hatch Médios,6,5,6,True,5
2020-09,automoveis,Hatch Pequenos,12,83,12,True,83
2020-09,automoveis,Monocab,4,0,11,False,0
2020-09,automoveis,Sedans Compactos,6,13,6,True,13
2020-09,automoveis,Sedans Grandes,12,2,12,True,2
2020-09,automoveis,Sedans Pequenos,10,13,10,True,13
2020-09,automoveis,Sedans médios,21,1,21,True,1
2020-09,automoveis,Sports,9,1,9,True,1
2020-09,automoveis,Suv's,40,65,40,True,65
2020-09,automoveis,Sw Grandes,4,0,13,False,0
2020-09,automoveis,Sw Médios,4,0,4,True,0
2020-09,automoveis,Veículos de Entrada,9,0,9,True,0
2020-09,comerciais_leves,Furgões,7,140,7,True,140
2020-09,comerciais_leves,Furgões Pequenos,4,0,4,True,0
2020-09,comerciais_leves,Pick-up's Grandes,11,0,11,True,0
2020-09,comerciais_leves,Pick-up's Pequenas,6,0,6,True,0
2020-10,automoveis,Grandcab,4,0,4,True,0
2020-10,automoveis,Hatch Médios,6,14,6,True,14
2020-10,automoveis,Hatch Pequenos,12,75,12,True,75
2020-10,automoveis,Monocab,4,0,11,False,0
2020-10,automoveis,Sedans Compactos,6,12,6,True,12
2020-10,automoveis,Sedans Grandes,12,2,12,True,2
2020-10,automoveis,Sedans Pequenos,10,19,10,True,19
2020-10,automoveis,Sedans médios,21,0,21,True,0
2020-10,automoveis,Sports,9,1,9,True,1
2020-10,automoveis,Suv's,40,34,40,True,34
2020-10,automoveis,Sw Grandes,4,0,13,False,0
2020-10,automoveis,Sw Médios,4,0,4,True,0
2020-10,automoveis,Veículos de Entrada,9,0,9,True,0
2020-10,comerciais_leves,Furgões,7,166,7,True,166
2020-10,comerciais_leves,Furgões Pequenos,4,27,4,True,27
2020-10,comerciais_leves,Pick-up's Grandes,11,0,11,True,0
2020-10,comerciais_leves,Pick-up's Pequenas,6,0,6,True,0
2020-11,automoveis,Grandcab,4,0,4,True,0
2020-11,automoveis,Hatch Médios,6,3,6,True,3
2020-11,automoveis,Hatch Pequenos,12,58,12,True,58
2020-11,automoveis,Monocab,4,0,11,False,0
2020-11,automoveis,Sedans Compactos,6,105,6,True,105
2020-11,automoveis,Sedans Grandes,12,1,12,True,1
2020-11,automoveis,Sedans Pequenos,10,20,10,True,20
2020-11,automoveis,Sedans médios,21,0,21,True,0
2020-11,automoveis,Sports,9,0,9,True,0
2020-11,automoveis,Suv's,40,39,40,True,39
2020-11,automoveis,Sw Grandes,5,0,13,False,0
2020-11,automoveis,Sw Médios,4,0,4,True,0
2020-11,automoveis,Veículos de Entrada,9,0,9,True,0
2020-11,comerciais_leves,Furgões,7,133,7,True,133
2020-11,comerciais_leves,Furgões Pequenos,4,0,4,True,0
2020-11,comerciais_leves,Pick-up's Grandes,11,1,11,True,1
2020-11,comerciais_leves,Pick-up's Pequenas,6,0,6,True,0
2020-12,automoveis,Grandcab,4,0,4,True,0
2020-12,automoveis,Hatch Médios,6,0,6,True,0
2020-12,automoveis,Hatch Pequenos,12,26,12,True,26
2020-12,automoveis,Monocab,4,0,11,False,0
2020-12,automoveis,Sedans Compactos,6,173,6,True,173
2020-12,automoveis,Sedans Grandes,12,0,12,True,0
2020-12,automoveis,Sedans Pequenos,10,9,10,True,9
2020-12,automoveis,Sedans médios,21,0,21,True,0
2020-12,automoveis,Sports,9,3,9,True,3
2020-12,automoveis,Suv's,40,23,40,True,23
2020-12,automoveis,Sw Grandes,5,0,13,False,0
2020-12,automoveis,Sw Médios,4,0,4,True,0
2020-12,automoveis,Veículos de Entrada,9,0,9,True,0
2020-12,comerciais_leves,Furgões,7,116,7,True,116
2020-12,comerciais_leves,Furgões Pequenos,4,2,4,True,2
2020-12,comerciais_leves,Pick-up's Grandes,11,1,11,True,1
2020-12,comerciais_leves,Pick-up's Pequenas,6,0,6,True,0
2021-01,automoveis,Grandcab,3,1,4,False,0
2021-01,automoveis,Hatch Médios,6,8,6,True,8
2021-01,automoveis,Hatch Pequenos,12,34,12,True,34
2021-01,automoveis,Monocab,4,1,11,False,0
2021-01,automoveis,Sedans Compactos,6,116,6,True,116
2021-01,automoveis,Sedans Grandes,12,6,12,True,6
2021-01,automoveis,Sedans Pequenos,10,6,10,True,6
2021-01,automoveis,Sedans médios,21,0,21,True,0
2021-01,automoveis,Sports,9,6,9,True,6
2021-01,automoveis,Suv's,40,58,40,True,58
2021-01,automoveis,Sw Grandes,2,2,13,False,0
2021-01,automoveis,Sw Médios,2,0,4,False,0
2021-01,automoveis,Veículos de Entrada,9,0,9,True,0
2021-01,comerciais_leves,Furgões,7,146,7,True,146
2021-01,comerciais_leves,Furgões Pequenos,4,13,4,True,13
2021-01,comerciais_leves,Pick-up's Grandes,11,1,11,True,1
2021-01,comerciais_leves,Pick-up's Pequenas,4,1,6,False,0
2021-02,automoveis,Grandcab,4,1,4,True,1
2021-02,automoveis,Hatch Médios,6,0,6,True,0
2021-02,automoveis,Hatch Pequenos,12,16,12,True,16
2021-02,automoveis,Monocab,5,0,11,False,0
2021-02,automoveis,Sedans Compactos,6,68,6,True,68
2021-02,automoveis,Sedans Grandes,12,6,12,True,6
2021-02,automoveis,Sedans Pequenos,10,1,10,True,1
2021-02,automoveis,Sedans médios,19,0,21,False,0
2021-02,automoveis,Sports,9,5,9,True,5
2021-02,automoveis,Suv's,40,43,40,True,43
2021-02,automoveis,Sw Grandes,2,2,13,False,0
2021-02,automoveis,Sw Médios,2,1,4,False,0
2021-02,automoveis,Veículos de Entrada,9,0,9,True,0
2021-02,comerciais_leves,Furgões,7,139,7,True,139
2021-02,comerciais_leves,Furgões Pequenos,4,0,4,True,0
2021-02,comerciais_leves,Pick-up's Grandes,11,0,11,True,0
2021-02,comerciais_leves,Pick-up's Pequenas,5,0,6,False,0
2021-03,automoveis,Grandcab,4,0,4,True,0
2021-03,automoveis,Hatch Médios,6,5,6,True,5
2021-03,automoveis,Hatch Pequenos,12,8,12,True,8
2021-03,automoveis,Monocab,6,0,11,False,0
2021-03,automoveis,Sedans Compactos,6,67,6,True,67
2021-03,automoveis,Sedans Grandes,12,2,12,True,2
2021-03,automoveis,Sedans Pequenos,10,3,10,True,3
2021-03,automoveis,Sedans médios,21,0,21,True,0
2021-03,automoveis,Sports,9,3,9,True,3
2021-03,automoveis,Suv's,40,51,40,True,51
2021-03,automoveis,Sw Grandes,3,1,13,False,0
2021-03,automoveis,Sw Médios,2,0,4,False,0
2021-03,automoveis,Veículos de Entrada,9,0,9,True,0
2021-03,comerciais_leves,Furgões,7,205,7,True,205
2021-03,comerciais_leves,Furgões Pequenos,4,14,4,True,14
2021-03,comerciais_leves,Pick-up's Grandes,11,0,11,True,0
2021-03,comerciais_leves,Pick-up's Pequenas,5,0,6,False,0
2021-04,automoveis,Grandcab,4,0,4,True,0
2021-04,automoveis,Hatch Médios,6,2,6,True,2
2021-04,automoveis,Hatch Pequenos,12,1,12,True,1
2021-04,automoveis,Monocab,6,0,11,False,0
2021-04,automoveis,Sedans Compactos,6,52,6,True,52
2021-04,automoveis,Sedans Grandes,12,0,12,True,0
2021-04,automoveis,Sedans Pequenos,10,0,10,True,0
2021-04,automoveis,Sedans médios,21,0,21,True,0
2021-04,automoveis,Sports,9,1,9,True,1
2021-04,automoveis,Suv's,40,59,40,True,59
2021-04,automoveis,Sw Grandes,4,0,13,False,0
2021-04,automoveis,Sw Médios,4,0,4,True,0
2021-04,automoveis,Veículos de Entrada,9,1,9,True,1
2021-04,comerciais_leves,Furgões,7,150,7,True,150
2021-04,comerciais_leves,Furgões Pequenos,4,0,4,True,0
2021-04,comerciais_leves,Pick-up's Grandes,11,18,11,True,18
2021-04,comerciais_leves,Pick-up's Pequenas,5,0,6,False,0
2021-05,automoveis,Grandcab,4,0,4,True,0
2021-05,automoveis,Hatch Médios,6,1,6,True,1
2021-05,automoveis,Hatch Pequenos,12,2,12,True,2
2021-05,automoveis,Monocab,6,0,11,False,0
2021-05,automoveis,Sedans Compactos,6,48,6,True,48
2021-05,automoveis,Sedans Grandes,12,3,12,True,3
2021-05,automoveis,Sedans Pequenos,10,1,10,True,1
2021-05,automoveis,Sedans médios,21,0,21,True,0
2021-05,automoveis,Sports,9,5,9,True,5
2021-05,automoveis,Suv's,40,58,40,True,58
2021-05,automoveis,Sw Grandes,4,0,13,False,0
2021-05,automoveis,Sw Médios,4,0,4,True,0
2021-05,automoveis,Veículos de Entrada,9,0,9,True,0
2021-05,comerciais_leves,Furgões,7,204,7,True,204
2021-05,comerciais_leves,Furgões Pequenos,4,4,4,True,4
2021-05,comerciais_leves,Pick-up's Grandes,11,12,11,True,12
2021-05,comerciais_leves,Pick-up's Pequenas,5,0,6,False,0
2021-06,automoveis,Grandcab,4,0,4,True,0
2021-06,automoveis,Hatch Médios,6,1,6,True,1
2021-06,automoveis,Hatch Pequenos,12,1,12,True,1
2021-06,automoveis,Monocab,6,0,11,False,0
2021-06,automoveis,Sedans Compactos,6,32,6,True,32
2021-06,automoveis,Sedans Grandes,12,1,12,True,1
2021-06,automoveis,Sedans Pequenos,10,1,10,True,1
2021-06,automoveis,Sedans médios,21,0,21,True,0
2021-06,automoveis,Sports,9,3,9,True,3
2021-06,automoveis,Suv's,40,48,40,True,48
2021-06,automoveis,Sw Grandes,4,0,13,False,0
2021-06,automoveis,Sw Médios,4,0,4,True,0
2021-06,automoveis,Veículos de Entrada,9,0,9,True,0
2021-06,comerciais_leves,Furgões,7,165,7,True,165
2021-06,comerciais_leves,Furgões Pequenos,4,43,4,True,43
2021-06,comerciais_leves,Pick-up's Grandes,11,21,11,True,21
2021-06,comerciais_leves,Pick-up's Pequenas,5,0,6,False,0
2021-07,automoveis,Grandcab,4,0,4,True,0
2021-07,automoveis,Hatch Médios,6,0,6,True,0
2021-07,automoveis,Hatch Pequenos,12,1,12,True,1
2021-07,automoveis,Monocab,6,0,11,False,0
2021-07,automoveis,Sedans Compactos,6,17,6,True,17
2021-07,automoveis,Sedans Grandes,12,1,12,True,1
2021-07,automoveis,Sedans Pequenos,10,0,10,True,0
2021-07,automoveis,Sedans médios,21,0,21,True,0
2021-07,automoveis,Sports,9,3,9,True,3
2021-07,automoveis,Suv's,40,40,40,True,40
2021-07,automoveis,Sw Grandes,4,0,13,False,0
2021-07,automoveis,Sw Médios,4,0,4,True,0
2021-07,automoveis,Veículos de Entrada,9,0,9,True,0
2021-07,comerciais_leves,Furgões,7,199,7,True,199
2021-07,comerciais_leves,Furgões Pequenos,4,3,4,True,3
2021-07,comerciais_leves,Pick-up's Grandes,11,25,11,True,25
2021-07,comerciais_leves,Pick-up's Pequenas,6,1,6,True,1
2021-08,automoveis,Grandcab,4,2,4,True,2
2021-08,automoveis,Hatch Médios,6,0,6,True,0
2021-08,automoveis,Hatch Pequenos,12,1,12,True,1
2021-08,automoveis,Monocab,6,0,11,False,0
2021-08,automoveis,Sedans Compactos,6,10,6,True,10
2021-08,automoveis,Sedans Grandes,12,0,12,True,0
2021-08,automoveis,Sedans Pequenos,10,0,10,True,0
2021-08,automoveis,Sedans médios,21,0,21,True,0
2021-08,automoveis,Sports,9,3,9,True,3
2021-08,automoveis,Suv's,40,18,40,True,18
2021-08,automoveis,Sw Grandes,4,0,13,False,0
2021-08,automoveis,Sw Médios,4,0,4,True,0
2021-08,automoveis,Veículos de Entrada,9,1,9,True,1
2021-08,comerciais_leves,Furgões,7,208,7,True,208
2021-08,comerciais_leves,Furgões Pequenos,4,0,4,True,0
2021-08,comerciais_leves,Pick-up's Grandes,11,33,11,True,33
2021-08,comerciais_leves,Pick-up's Pequenas,6,0,6,True,0
2021-09,automoveis,Grandcab,4,0,4,True,0
2021-09,automoveis,Hatch Médios,6,0,6,True,0
2021-09,automoveis,Hatch Pequenos,12,2,12,True,2
2021-09,automoveis,Monocab,6,0,11,False,0
2021-09,automoveis,Sedans Compactos,6,13,6,True,13
2021-09,automoveis,Sedans Grandes,12,3,12,True,3
2021-09,automoveis,Sedans Pequenos,10,0,10,True,0
2021-09,automoveis,Sedans médios,21,0,21,True,0
2021-09,automoveis,Sports,9,0,9,True,0
2021-09,automoveis,Suv's,40,4,40,True,4
2021-09,automoveis,Sw Grandes,5,0,13,False,0
2021-09,automoveis,Sw Médios,4,0,4,True,0
2021-09,automoveis,Veículos de Entrada,9,0,9,True,0
2021-09,comerciais_leves,Furgões,7,248,7,True,248
2021-09,comerciais_leves,Furgões Pequenos,4,0,4,True,0
2021-09,comerciais_leves,Pick-up's Grandes,11,25,11,True,25
2021-09,comerciais_leves,Pick-up's Pequenas,6,0,6,True,0
2021-10,automoveis,Grandcab,4,0,4,True,0
2021-10,automoveis,Hatch Médios,6,3,6,True,3
2021-10,automoveis,Hatch Pequenos,12,0,12,True,0
2021-10,automoveis,Monocab,7,0,11,False,0
2021-10,automoveis,Sedans Compactos,6,7,6,True,7
2021-10,automoveis,Sedans Grandes,12,3,12,True,3
2021-10,automoveis,Sedans Pequenos,10,0,10,True,0
2021-10,automoveis,Sedans médios,21,0,21,True,0
2021-10,automoveis,Sports,9,0,9,True,0
2021-10,automoveis,Suv's,40,3,40,True,3
2021-10,automoveis,Sw Grandes,5,0,13,False,0
2021-10,automoveis,Sw Médios,4,0,4,True,0
2021-10,automoveis,Veículos de Entrada,9,0,9,True,0
2021-10,comerciais_leves,Furgões,7,224,7,True,224
2021-10,comerciais_leves,Furgões Pequenos,4,11,4,True,11
2021-10,comerciais_leves,Pick-up's Grandes,11,23,11,True,23
2021-10,comerciais_leves,Pick-up's Pequenas,6,0,6,True,0
2021-11,automoveis,Grandcab,4,1,4,True,1
2021-11,automoveis,Hatch Médios,6,1,6,True,1
2021-11,automoveis,Hatch Pequenos,12,0,12,True,0
2021-11,automoveis,Monocab,7,0,11,False,0
2021-11,automoveis,Sedans Compactos,6,6,6,True,6
2021-11,automoveis,Sedans Grandes,12,2,12,True,2
2021-11,automoveis,Sedans Pequenos,10,0,10,True,0
2021-11,automoveis,Sedans médios,21,0,21,True,0
2021-11,automoveis,Sports,9,0,9,True,0
2021-11,automoveis,Suv's,40,3,40,True,3
2021-11,automoveis,Sw Grandes,5,0,13,False,0
2021-11,automoveis,Sw Médios,4,0,4,True,0
2021-11,automoveis,Veículos de Entrada,9,0,9,True,0
2021-11,comerciais_leves,Furgões,7,221,7,True,221
2021-11,comerciais_leves,Furgões Pequenos,4,20,4,True,20
2021-11,comerciais_leves,Pick-up's Grandes,11,13,11,True,13
2021-11,comerciais_leves,Pick-up's Pequenas,6,0,6,True,0
2021-12,automoveis,Grandcab,4,1,4,True,1
2021-12,automoveis,Hatch Médios,6,0,6,True,0
2021-12,automoveis,Hatch Pequenos,12,0,12,True,0
2021-12,automoveis,Monocab,7,0,11,False,0
2021-12,automoveis,Sedans Compactos,6,2,6,True,2
2021-12,automoveis,Sedans Grandes,12,0,12,True,0
2021-12,automoveis,Sedans Pequenos,10,0,10,True,0
2021-12,automoveis,Sedans médios,21,0,21,True,0
2021-12,automoveis,Sports,9,0,9,True,0
2021-12,automoveis,Suv's,40,0,40,True,0
2021-12,automoveis,Sw Grandes,5,0,13,False,0
2021-12,automoveis,Sw Médios,4,0,4,True,0
2021-12,automoveis,Veículos de Entrada,9,0,9,True,0
2021-12,comerciais_leves,Furgões,7,168,7,True,168
2021-12,comerciais_leves,Furgões Pequenos,4,8,4,True,8
2021-12,comerciais_leves,Pick-up's Grandes,11,8,11,True,8
2021-12,comerciais_leves,Pick-up's Pequenas,6,0,6,True,0
2022-01,automoveis,Grandcab,4,1,4,True,1
2022-01,automoveis,Hatch Médios,6,2,6,True,2
2022-01,automoveis,Hatch Pequenos,12,19,12,True,19
2022-01,automoveis,Monocab,3,1,11,False,0
2022-01,automoveis,Sedans Compactos,6,2,6,True,2
2022-01,automoveis,Sedans Grandes,12,4,12,True,4
2022-01,automoveis,Sedans Pequenos,10,0,10,True,0
2022-01,automoveis,Sedans médios,17,0,21,False,0
2022-01,automoveis,Sports,9,3,9,True,3
2022-01,automoveis,Suv's,40,71,40,True,71
2022-01,automoveis,Sw Grandes,3,0,13,False,0
2022-01,automoveis,Sw Médios,2,0,4,False,0
2022-01,automoveis,Veículos de Entrada,8,0,9,False,0
2022-01,comerciais_leves,Furgões,7,149,7,True,149
2022-01,comerciais_leves,Furgões Pequenos,4,0,4,True,0
2022-01,comerciais_leves,Pick-up's Grandes,11,3,11,True,3
2022-01,comerciais_leves,Pick-up's Pequenas,5,1,6,False,0
2022-02,automoveis,Grandcab,4,0,4,True,0
2022-02,automoveis,Hatch Médios,6,0,6,True,0
2022-02,automoveis,Hatch Pequenos,12,5,12,True,5
2022-02,automoveis,Monocab,3,0,11,False,0
2022-02,automoveis,Sedans Compactos,6,4,6,True,4
2022-02,automoveis,Sedans Grandes,12,1,12,True,1
2022-02,automoveis,Sedans Pequenos,10,0,10,True,0
2022-02,automoveis,Sedans médios,15,0,21,False,0
2022-02,automoveis,Sports,9,4,9,True,4
2022-02,automoveis,Suv's,40,44,40,True,44
2022-02,automoveis,Sw Grandes,3,0,13,False,0
2022-02,automoveis,Sw Médios,1,0,4,False,0
2022-02,automoveis,Veículos de Entrada,7,1,9,False,0
2022-02,comerciais_leves,Furgões,7,155,7,True,155
2022-02,comerciais_leves,Furgões Pequenos,4,6,4,True,6
2022-02,comerciais_leves,Pick-up's Grandes,11,12,11,True,12
2022-02,comerciais_leves,Pick-up's Pequenas,6,0,6,True,0
2022-03,automoveis,Grandcab,4,0,4,True,0
2022-03,automoveis,Hatch Médios,6,4,6,True,4
2022-03,automoveis,Hatch Pequenos,12,6,12,True,6
2022-03,automoveis,Monocab,3,0,11,False,0
2022-03,automoveis,Sedans Compactos,6,11,6,True,11
2022-03,automoveis,Sedans Grandes,12,2,12,True,2
2022-03,automoveis,Sedans Pequenos,10,0,10,True,0
2022-03,automoveis,Sedans médios,17,0,21,False,0
2022-03,automoveis,Sports,9,1,9,True,1
2022-03,automoveis,Suv's,40,24,40,True,24
2022-03,automoveis,Sw Grandes,3,0,13,False,0
2022-03,automoveis,Sw Médios,1,0,4,False,0
2022-03,automoveis,Veículos de Entrada,8,0,9,False,0
2022-03,comerciais_leves,Furgões,7,181,7,True,181
2022-03,comerciais_leves,Furgões Pequenos,4,1,4,True,1
2022-03,comerciais_leves,Pick-up's Grandes,11,17,11,True,17
2022-03,comerciais_leves,Pick-up's Pequenas,6,0,6,True,0
2022-04,automoveis,Grandcab,4,3,4,True,3
2022-04,automoveis,Hatch Médios,6,0,6,True,0
2022-04,automoveis,Hatch Pequenos,12,0,12,True,0
2022-04,automoveis,Monocab,3,0,11,False,0
2022-04,automoveis,Sedans Compactos,6,0,6,True,0
2022-04,automoveis,Sedans Grandes,12,1,12,True,1
2022-04,automoveis,Sedans Pequenos,10,0,10,True,0
2022-04,automoveis,Sedans médios,20,0,21,False,0
2022-04,automoveis,Sports,9,0,9,True,0
2022-04,automoveis,Suv's,40,6,40,True,6
2022-04,automoveis,Sw Grandes,3,0,13,False,0
2022-04,automoveis,Sw Médios,1,0,4,False,0
2022-04,automoveis,Veículos de Entrada,9,0,9,True,0
2022-04,comerciais_leves,Furgões,7,176,7,True,176
2022-04,comerciais_leves,Furgões Pequenos,4,0,4,True,0
2022-04,comerciais_leves,Pick-up's Grandes,11,21,11,True,21
2022-04,comerciais_leves,Pick-up's Pequenas,6,0,6,True,0
2022-05,automoveis,Grandcab,4,0,4,True,0
2022-05,automoveis,Hatch Médios,6,6,6,True,6
2022-05,automoveis,Hatch Pequenos,12,0,12,True,0
2022-05,automoveis,Monocab,3,0,11,False,0
2022-05,automoveis,Sedans Compactos,6,5,6,True,5
2022-05,automoveis,Sedans Grandes,12,2,12,True,2
2022-05,automoveis,Sedans Pequenos,10,0,10,True,0
2022-05,automoveis,Sedans médios,21,0,21,True,0
2022-05,automoveis,Sports,9,2,9,True,2
2022-05,automoveis,Suv's,40,0,40,True,0
2022-05,automoveis,Sw Grandes,3,0,13,False,0
2022-05,automoveis,Sw Médios,3,0,4,False,0
2022-05,automoveis,Veículos de Entrada,9,0,9,True,0
2022-05,comerciais_leves,Furgões,7,189,7,True,189
2022-05,comerciais_leves,Furgões Pequenos,4,0,4,True,0
2022-05,comerciais_leves,Pick-up's Grandes,11,39,11,True,39
2022-05,comerciais_leves,Pick-up's Pequenas,6,0,6,True,0
2022-06,automoveis,Grandcab,4,1,4,True,1
2022-06,automoveis,Hatch Médios,6,3,6,True,3
2022-06,automoveis,Hatch Pequenos,12,7,12,True,7
2022-06,automoveis,Monocab,4,0,11,False,0
2022-06,automoveis,Sedans Compactos,6,1,6,True,1
2022-06,automoveis,Sedans Grandes,12,1,12,True,1
2022-06,automoveis,Sedans Pequenos,10,0,10,True,0
2022-06,automoveis,Sedans médios,21,0,21,True,0
2022-06,automoveis,Sports,9,1,9,True,1
2022-06,automoveis,Suv's,40,0,40,True,0
2022-06,automoveis,Sw Grandes,3,0,13,False,0
2022-06,automoveis,Sw Médios,3,0,4,False,0
2022-06,automoveis,Veículos de Entrada,9,0,9,True,0
2022-06,comerciais_leves,Furgões,7,131,7,True,131
2022-06,comerciais_leves,Furgões Pequenos,4,12,4,True,12
2022-06,comerciais_leves,Pick-up's Grandes,11,52,11,True,52
2022-06,comerciais_leves,Pick-up's Pequenas,6,0,6,True,0
2022-07,automoveis,Grandcab,4,0,4,True,0
2022-07,automoveis,Hatch Médios,6,1,6,True,1
2022-07,automoveis,Hatch Pequenos,12,7,12,True,7
2022-07,automoveis,Monocab,4,0,11,False,0
2022-07,automoveis,Sedans Compactos,6,1,6,True,1
2022-07,automoveis,Sedans Grandes,12,1,12,True,1
2022-07,automoveis,Sedans Pequenos,10,0,10,True,0
2022-07,automoveis,Sedans médios,21,0,21,True,0
2022-07,automoveis,Sports,9,1,9,True,1
2022-07,automoveis,Suv's,40,1,40,True,1
2022-07,automoveis,Sw Grandes,3,0,13,False,0
2022-07,automoveis,Sw Médios,3,0,4,False,0
2022-07,automoveis,Veículos de Entrada,9,0,9,True,0
2022-07,comerciais_leves,Furgões,7,54,7,True,54
2022-07,comerciais_leves,Furgões Pequenos,4,5,4,True,5
2022-07,comerciais_leves,Pick-up's Grandes,11,68,11,True,68
2022-07,comerciais_leves,Pick-up's Pequenas,6,0,6,True,0
2022-08,automoveis,Grandcab,4,2,4,True,2
2022-08,automoveis,Hatch Médios,6,4,6,True,4
2022-08,automoveis,Hatch Pequenos,12,0,12,True,0
2022-08,automoveis,Monocab,4,0,11,False,0
2022-08,automoveis,Sedans Compactos,6,0,6,True,0
2022-08,automoveis,Sedans Grandes,12,0,12,True,0
2022-08,automoveis,Sedans Pequenos,10,0,10,True,0
2022-08,automoveis,Sedans médios,21,0,21,True,0
2022-08,automoveis,Sports,9,1,9,True,1
2022-08,automoveis,Suv's,40,0,40,True,0
2022-08,automoveis,Sw Grandes,3,0,13,False,0
2022-08,automoveis,Sw Médios,4,0,4,True,0
2022-08,automoveis,Veículos de Entrada,9,0,9,True,0
2022-08,comerciais_leves,Furgões,7,40,7,True,40
2022-08,comerciais_leves,Furgões Pequenos,4,2,4,True,2
2022-08,comerciais_leves,Pick-up's Grandes,11,107,11,True,107
2022-08,comerciais_leves,Pick-up's Pequenas,6,0,6,True,0
2022-09,automoveis,Grandcab,4,0,4,True,0
2022-09,automoveis,Hatch Médios,6,3,6,True,3
2022-09,automoveis,Hatch Pequenos,12,49,12,True,49
2022-09,automoveis,Monocab,4,0,11,False,0
2022-09,automoveis,Sedans Compactos,6,2,6,True,2
2022-09,automoveis,Sedans Grandes,12,0,12,True,0
2022-09,automoveis,Sedans Pequenos,10,0,10,True,0
2022-09,automoveis,Sedans médios,21,0,21,True,0
2022-09,automoveis,Sports,9,0,9,True,0
2022-09,automoveis,Suv's,40,15,40,True,15
2022-09,automoveis,Sw Grandes,3,0,13,False,0
2022-09,automoveis,Sw Médios,4,0,4,True,0
2022-09,automoveis,Veículos de Entrada,9,0,9,True,0
2022-09,comerciais_leves,Furgões,7,23,7,True,23
2022-09,comerciais_leves,Furgões Pequenos,4,0,4,True,0
2022-09,comerciais_leves,Pick-up's Grandes,11,55,11,True,55
2022-09,comerciais_leves,Pick-up's Pequenas,6,0,6,True,0
2022-10,automoveis,Grandcab,4,0,4,True,0
2022-10,automoveis,Hatch Médios,6,1,6,True,1
2022-10,automoveis,Hatch Pequenos,12,27,12,True,27
2022-10,automoveis,Monocab,4,0,11,False,0
2022-10,automoveis,Sedans Compactos,6,0,6,True,0
2022-10,automoveis,Sedans Grandes,12,0,12,True,0
2022-10,automoveis,Sedans Pequenos,10,0,10,True,0
2022-10,automoveis,Sedans médios,21,0,21,True,0
2022-10,automoveis,Sports,9,0,9,True,0
2022-10,automoveis,Suv's,40,8,40,True,8
2022-10,automoveis,Sw Grandes,3,0,13,False,0
2022-10,automoveis,Sw Médios,4,0,4,True,0
2022-10,automoveis,Veículos de Entrada,9,0,9,True,0
2022-10,comerciais_leves,Furgões,7,4,7,True,4
2022-10,comerciais_leves,Furgões Pequenos,4,0,4,True,0
2022-10,comerciais_leves,Pick-up's Grandes,11,40,11,True,40
2022-10,comerciais_leves,Pick-up's Pequenas,6,0,6,True,0
2022-11,automoveis,Grandcab,4,0,4,True,0
2022-11,automoveis,Hatch Médios,6,0,6,True,0
2022-11,automoveis,Hatch Pequenos,12,13,12,True,13
2022-11,automoveis,Monocab,4,0,11,False,0
2022-11,automoveis,Sedans Compactos,6,2,6,True,2
2022-11,automoveis,Sedans Grandes,12,0,12,True,0
2022-11,automoveis,Sedans Pequenos,10,0,10,True,0
2022-11,automoveis,Sedans médios,21,0,21,True,0
2022-11,automoveis,Sports,9,0,9,True,0
2022-11,automoveis,Suv's,40,1,40,True,1
2022-11,automoveis,Sw Grandes,3,0,13,False,0
2022-11,automoveis,Sw Médios,4,0,4,True,0
2022-11,automoveis,Veículos de Entrada,9,0,9,True,0
2022-11,comerciais_leves,Furgões,7,8,7,True,8
2022-11,comerciais_leves,Furgões Pequenos,4,0,4,True,0
2022-11,comerciais_leves,Pick-up's Grandes,11,62,11,True,62
2022-11,comerciais_leves,Pick-up's Pequenas,6,0,6,True,0
2022-12,automoveis,Grandcab,4,0,4,True,0
2022-12,automoveis,Hatch Médios,6,5,6,True,5
2022-12,automoveis,Hatch Pequenos,12,3,12,True,3
2022-12,automoveis,Monocab,4,0,11,False,0
2022-12,automoveis,Sedans Compactos,6,0,6,True,0
2022-12,automoveis,Sedans Grandes,12,0,12,True,0
2022-12,automoveis,Sedans Pequenos,10,0,10,True,0
2022-12,automoveis,Sedans médios,21,0,21,True,0
2022-12,automoveis,Sports,9,0,9,True,0
2022-12,automoveis,Suv's,40,8,40,True,8
2022-12,automoveis,Sw Grandes,3,0,13,False,0
2022-12,automoveis,Sw Médios,4,0,4,True,0
2022-12,automoveis,Veículos de Entrada,9,0,9,True,0
2022-12,comerciais_leves,Furgões,7,11,7,True,11
2022-12,comerciais_leves,Furgões Pequenos,4,1,4,True,1
2022-12,comerciais_leves,Pick-up's Grandes,11,112,11,True,112
2022-12,comerciais_leves,Pick-up's Pequenas,6,0,6,True,0
2023-01,automoveis,Grandcab,4,1,4,True,1
2023-01,automoveis,Hatch Médios,6,2,6,True,2
2023-01,automoveis,Hatch Pequenos,12,8,12,True,8
2023-01,automoveis,Monocab,1,4,11,False,0
2023-01,automoveis,Sedans Compactos,6,1,6,True,1
2023-01,automoveis,Sedans Grandes,12,3,12,True,3
2023-01,automoveis,Sedans Pequenos,8,0,10,False,0
2023-01,automoveis,Sedans médios,17,0,21,False,0
2023-01,automoveis,Sports,9,2,9,True,2
2023-01,automoveis,Suv's,40,67,40,True,67
2023-01,automoveis,Sw Grandes,1,1,13,False,0
2023-01,automoveis,Sw Médios,1,1,4,False,0
2023-01,automoveis,Veículos de Entrada,9,0,9,True,0
2023-01,comerciais_leves,Furgões,7,134,7,True,134
2023-01,comerciais_leves,Furgões Pequenos,4,4,4,True,4
2023-01,comerciais_leves,Pick-up's Grandes,11,107,11,True,107
2023-01,comerciais_leves,Pick-up's Pequenas,4,0,6,False,0
2023-02,automoveis,Grandcab,4,3,4,True,3
2023-02,automoveis,Hatch Médios,6,0,6,True,0
2023-02,automoveis,Hatch Pequenos,12,9,12,True,9
2023-02,automoveis,Monocab,2,1,11,False,0
2023-02,automoveis,Sedans Compactos,6,1,6,True,1
2023-02,automoveis,Sedans Grandes,12,1,12,True,1
2023-02,automoveis,Sedans Pequenos,6,0,10,False,0
2023-02,automoveis,Sedans médios,16,1,21,False,0
2023-02,automoveis,Sports,9,2,9,True,2
2023-02,automoveis,Suv's,40,53,40,True,53
2023-02,automoveis,Sw Grandes,1,2,13,False,0
2023-02,automoveis,Sw Médios,2,0,4,False,0
2023-02,automoveis,Veículos de Entrada,9,0,9,True,0
2023-02,comerciais_leves,Furgões,7,112,7,True,112
2023-02,comerciais_leves,Furgões Pequenos,4,1,4,True,1
2023-02,comerciais_leves,Pick-up's Grandes,11,161,11,True,161
2023-02,comerciais_leves,Pick-up's Pequenas,3,1,6,False,0
2023-03,automoveis,Grandcab,4,0,4,True,0
2023-03,automoveis,Hatch Médios,6,0,6,True,0
2023-03,automoveis,Hatch Pequenos,12,7,12,True,7
2023-03,automoveis,Monocab,2,1,11,False,0
2023-03,automoveis,Sedans Compactos,6,4,6,True,4
2023-03,automoveis,Sedans Grandes,12,2,12,True,2
2023-03,automoveis,Sedans Pequenos,10,0,10,True,0
2023-03,automoveis,Sedans médios,19,0,21,False,0
2023-03,automoveis,Sports,9,3,9,True,3
2023-03,automoveis,Suv's,40,105,40,True,105
2023-03,automoveis,Sw Grandes,3,0,13,False,0
2023-03,automoveis,Sw Médios,2,0,4,False,0
2023-03,automoveis,Veículos de Entrada,9,0,9,True,0
2023-03,comerciais_leves,Furgões,7,154,7,True,154
2023-03,comerciais_leves,Furgões Pequenos,4,4,4,True,4
2023-03,comerciais_leves,Pick-up's Grandes,11,251,11,True,251
2023-03,comerciais_leves,Pick-up's Pequenas,4,1,6,False,0
2023-04,automoveis,Grandcab,4,0,4,True,0
2023-04,automoveis,Hatch Médios,6,0,6,True,0
2023-04,automoveis,Hatch Pequenos,12,4,12,True,4
2023-04,automoveis,Monocab,2,0,11,False,0
2023-04,automoveis,Sedans Compactos,6,1,6,True,1
2023-04,automoveis,Sedans Grandes,12,1,12,True,1
2023-04,automoveis,Sedans Pequenos,10,0,10,True,0
2023-04,automoveis,Sedans médios,19,0,21,False,0
2023-04,automoveis,Sports,9,5,9,True,5
2023-04,automoveis,Suv's,40,39,40,True,39
2023-04,automoveis,Sw Grandes,3,0,13,False,0
2023-04,automoveis,Sw Médios,2,0,4,False,0
2023-04,automoveis,Veículos de Entrada,9,0,9,True,0
2023-04,comerciais_leves,Furgões,7,76,7,True,76
2023-04,comerciais_leves,Furgões Pequenos,4,4,4,True,4
2023-04,comerciais_leves,Pick-up's Grandes,11,129,11,True,129
2023-04,comerciais_leves,Pick-up's Pequenas,4,0,6,False,0
2023-05,automoveis,Grandcab,4,0,4,True,0
2023-05,automoveis,Hatch Médios,6,1,6,True,1
2023-05,automoveis,Hatch Pequenos,12,11,12,True,11
2023-05,automoveis,Monocab,2,0,11,False,0
2023-05,automoveis,Sedans Compactos,6,0,6,True,0
2023-05,automoveis,Sedans Grandes,12,4,12,True,4
2023-05,automoveis,Sedans Pequenos,10,0,10,True,0
2023-05,automoveis,Sedans médios,20,0,21,False,0
2023-05,automoveis,Sports,9,7,9,True,7
2023-05,automoveis,Suv's,40,92,40,True,92
2023-05,automoveis,Sw Grandes,3,0,13,False,0
2023-05,automoveis,Sw Médios,2,0,4,False,0
2023-05,automoveis,Veículos de Entrada,9,0,9,True,0
2023-05,comerciais_leves,Furgões,7,134,7,True,134
2023-05,comerciais_leves,Furgões Pequenos,4,2,4,True,2
2023-05,comerciais_leves,Pick-up's Grandes,11,227,11,True,227
2023-05,comerciais_leves,Pick-up's Pequenas,5,0,6,False,0
2023-06,automoveis,Grandcab,4,0,4,True,0
2023-06,automoveis,Hatch Médios,6,1,6,True,1
2023-06,automoveis,Hatch Pequenos,12,12,12,True,12
2023-06,automoveis,Monocab,3,0,11,False,0
2023-06,automoveis,Sedans Compactos,6,1,6,True,1
2023-06,automoveis,Sedans Grandes,12,2,12,True,2
2023-06,automoveis,Sedans Pequenos,10,0,10,True,0
2023-06,automoveis,Sedans médios,20,0,21,False,0
2023-06,automoveis,Sports,9,4,9,True,4
2023-06,automoveis,Suv's,40,61,40,True,61
2023-06,automoveis,Sw Grandes,3,0,13,False,0
2023-06,automoveis,Sw Médios,2,0,4,False,0
2023-06,automoveis,Veículos de Entrada,9,0,9,True,0
2023-06,comerciais_leves,Furgões,7,88,7,True,88
2023-06,comerciais_leves,Furgões Pequenos,4,1,4,True,1
2023-06,comerciais_leves,Pick-up's Grandes,11,153,11,True,153
2023-06,comerciais_leves,Pick-up's Pequenas,5,0,6,False,0
2023-07,automoveis,Grandcab,4,0,4,True,0
2023-07,automoveis,Hatch Médios,6,5,6,True,5
2023-07,automoveis,Hatch Pequenos,12,39,12,True,39
2023-07,automoveis,Monocab,3,0,11,False,0
2023-07,automoveis,Sedans Compactos,6,2,6,True,2
2023-07,automoveis,Sedans Grandes,12,1,12,True,1
2023-07,automoveis,Sedans Pequenos,10,0,10,True,0
2023-07,automoveis,Sedans médios,21,0,21,True,0
2023-07,automoveis,Sports,9,2,9,True,2
2023-07,automoveis,Suv's,40,57,40,True,57
2023-07,automoveis,Sw Grandes,3,0,13,False,0
2023-07,automoveis,Sw Médios,2,0,4,False,0
2023-07,automoveis,Veículos de Entrada,9,0,9,True,0
2023-07,comerciais_leves,Furgões,7,64,7,True,64
2023-07,comerciais_leves,Furgões Pequenos,4,1,4,True,1
2023-07,comerciais_leves,Pick-up's Grandes,11,165,11,True,165
2023-07,comerciais_leves,Pick-up's Pequenas,5,0,6,False,0
2023-08,automoveis,Grandcab,4,0,4,True,0
2023-08,automoveis,Hatch Médios,6,0,6,True,0
2023-08,automoveis,Hatch Pequenos,12,32,12,True,32
2023-08,automoveis,Monocab,3,0,11,False,0
2023-08,automoveis,Sedans Compactos,6,2,6,True,2
2023-08,automoveis,Sedans Grandes,12,2,12,True,2
2023-08,automoveis,Sedans Pequenos,10,0,10,True,0
2023-08,automoveis,Sedans médios,21,0,21,True,0
2023-08,automoveis,Sports,9,1,9,True,1
2023-08,automoveis,Suv's,40,55,40,True,55
2023-08,automoveis,Sw Grandes,3,0,13,False,0
2023-08,automoveis,Sw Médios,2,0,4,False,0
2023-08,automoveis,Veículos de Entrada,9,0,9,True,0
2023-08,comerciais_leves,Furgões,7,111,7,True,111
2023-08,comerciais_leves,Furgões Pequenos,4,0,4,True,0
2023-08,comerciais_leves,Pick-up's Grandes,11,202,11,True,202
2023-08,comerciais_leves,Pick-up's Pequenas,5,0,6,False,0
2023-10,automoveis,Grandcab,4,0,4,True,0
2023-10,automoveis,Hatch Médios,6,2,6,True,2
2023-10,automoveis,Hatch Pequenos,12,24,12,True,24
2023-10,automoveis,Monocab,5,0,11,False,0
2023-10,automoveis,Sedans Compactos,6,0,6,True,0
2023-10,automoveis,Sedans Grandes,12,3,12,True,3
2023-10,automoveis,Sedans Pequenos,10,0,10,True,0
2023-10,automoveis,Sedans médios,21,0,21,True,0
2023-10,automoveis,Sports,9,3,9,True,3
2023-10,automoveis,Suv's,40,48,40,True,48
2023-10,automoveis,Sw Grandes,3,0,13,False,0
2023-10,automoveis,Sw Médios,2,0,4,False,0
2023-10,automoveis,Veículos de Entrada,9,0,9,True,0
2023-10,comerciais_leves,Furgões,7,116,7,True,116
2023-10,comerciais_leves,Furgões Pequenos,4,0,4,True,0
2023-10,comerciais_leves,Pick-up's Grandes,11,168,11,True,168
2023-10,comerciais_leves,Pick-up's Pequenas,6,0,6,True,0
2023-11,automoveis,Grandcab,4,0,4,True,0
2023-11,automoveis,Hatch Médios,6,0,6,True,0
2023-11,automoveis,Hatch Pequenos,12,43,12,True,43
2023-11,automoveis,Monocab,5,0,11,False,0
2023-11,automoveis,Sedans Compactos,6,0,6,True,0
2023-11,automoveis,Sedans Grandes,12,0,12,True,0
2023-11,automoveis,Sedans Pequenos,10,0,10,True,0
2023-11,automoveis,Sedans médios,21,0,21,True,0
2023-11,automoveis,Sports,9,5,9,True,5
2023-11,automoveis,Suv's,40,35,40,True,35
2023-11,automoveis,Sw Grandes,3,0,13,False,0
2023-11,automoveis,Sw Médios,2,0,4,False,0
2023-11,automoveis,Veículos de Entrada,9,0,9,True,0
2023-11,comerciais_leves,Furgões,7,119,7,True,119
2023-11,comerciais_leves,Furgões Pequenos,4,2,4,True,2
2023-11,comerciais_leves,Pick-up's Grandes,11,117,11,True,117
2023-11,comerciais_leves,Pick-up's Pequenas,6,0,6,True,0
2023-12,automoveis,Grandcab,4,0,4,True,0
2023-12,automoveis,Hatch Médios,6,0,6,True,0
2023-12,automoveis,Hatch Pequenos,12,66,12,True,66
2023-12,automoveis,Monocab,5,0,11,False,0
2023-12,automoveis,Sedans Compactos,6,0,6,True,0
2023-12,automoveis,Sedans Grandes,12,0,12,True,0
2023-12,automoveis,Sedans Pequenos,10,0,10,True,0
2023-12,automoveis,Sedans médios,21,0,21,True,0
2023-12,automoveis,Sports,9,4,9,True,4
2023-12,automoveis,Suv's,40,35,40,True,35
2023-12,automoveis,Sw Grandes,1,6,13,False,0
2023-12,automoveis,Veículos de Entrada,7,0,9,False,0
2023-12,comerciais_leves,Furgões,7,178,7,True,178
2023-12,comerciais_leves,Furgões Pequenos,4,5,4,True,5
2023-12,comerciais_leves,Pick-up's Grandes,11,153,11,True,153
2023-12,comerciais_leves,Pick-up's Pequenas,5,0,6,False,0
2024-01,automoveis,Grandcab,4,1,4,True,1
2024-01,automoveis,Hatch Médios,6,3,6,True,3
2024-01,automoveis,Hatch Pequenos,12,111,12,True,111
2024-01,automoveis,Monocab,3,0,11,False,0
2024-01,automoveis,Sedans Compactos,6,1,6,True,1
2024-01,automoveis,Sedans Grandes,12,2,12,True,2
2024-01,automoveis,Sedans Pequenos,6,0,10,False,0
2024-01,automoveis,Sedans médios,18,0,21,False,0
2024-01,automoveis,Sports,9,6,9,True,6
2024-01,automoveis,Suv's,40,96,40,True,96
2024-01,automoveis,Sw Grandes,2,1,13,False,0
2024-01,automoveis,Veículos de Entrada,5,1,9,False,0
2024-01,comerciais_leves,Furgões,7,121,7,True,121
2024-01,comerciais_leves,Furgões Pequenos,4,3,4,True,3
2024-01,comerciais_leves,Pick-up's Grandes,11,359,11,True,359
2024-01,comerciais_leves,Pick-up's Pequenas,3,0,6,False,0
2024-02,automoveis,Grandcab,4,2,4,True,2
2024-02,automoveis,Hatch Médios,6,1,6,True,1
2024-02,automoveis,Hatch Pequenos,12,140,12,True,140
2024-02,automoveis,Monocab,1,0,11,False,0
2024-02,automoveis,Sedans Compactos,6,0,6,True,0
2024-02,automoveis,Sedans Grandes,12,5,12,True,5
2024-02,automoveis,Sedans Pequenos,4,0,10,False,0
2024-02,automoveis,Sedans médios,19,0,21,False,0
2024-02,automoveis,Sports,9,8,9,True,8
2024-02,automoveis,Suv's,40,62,40,True,62
2024-02,automoveis,Sw Grandes,2,0,13,False,0
2024-02,automoveis,Sw Médios,1,1,4,False,0
2024-02,automoveis,Veículos de Entrada,5,0,9,False,0
2024-02,comerciais_leves,Furgões,7,100,7,True,100
2024-02,comerciais_leves,Furgões Pequenos,4,3,4,True,3
2024-02,comerciais_leves,Pick-up's Grandes,11,124,11,True,124
2024-02,comerciais_leves,Pick-up's Pequenas,3,1,6,False,0
2024-03,automoveis,Grandcab,4,0,4,True,0
2024-03,automoveis,Hatch Médios,6,3,6,True,3
2024-03,automoveis,Hatch Pequenos,12,396,12,True,396
2024-03,automoveis,Monocab,2,0,11,False,0
2024-03,automoveis,Sedans Compactos,6,0,6,True,0
2024-03,automoveis,Sedans Grandes,12,0,12,True,0
2024-03,automoveis,Sedans Pequenos,6,0,10,False,0
2024-03,automoveis,Sedans médios,21,0,21,True,0
2024-03,automoveis,Sports,9,6,9,True,6
2024-03,automoveis,Suv's,40,8,40,True,8
2024-03,automoveis,Sw Grandes,2,0,13,False,0
2024-03,automoveis,Sw Médios,2,0,4,False,0
2024-03,automoveis,Veículos de Entrada,7,0,9,False,0
2024-03,comerciais_leves,Furgões,7,157,7,True,157
2024-03,comerciais_leves,Furgões Pequenos,4,3,4,True,3
2024-03,comerciais_leves,Pick-up's Grandes,11,67,11,True,67
2024-03,comerciais_leves,Pick-up's Pequenas,4,0,6,False,0
2024-04,automoveis,Grandcab,4,1,4,True,1
2024-04,automoveis,Hatch Médios,6,0,6,True,0
2024-04,automoveis,Hatch Pequenos,12,365,12,True,365
2024-04,automoveis,Monocab,2,0,11,False,0
2024-04,automoveis,Sedans Compactos,6,0,6,True,0
2024-04,automoveis,Sedans Grandes,12,1,12,True,1
2024-04,automoveis,Sedans Pequenos,7,0,10,False,0
2024-04,automoveis,Sedans médios,21,0,21,True,0
2024-04,automoveis,Sports,9,4,9,True,4
2024-04,automoveis,Suv's,40,121,40,True,121
2024-04,automoveis,Sw Grandes,2,0,13,False,0
2024-04,automoveis,Sw Médios,2,0,4,False,0
2024-04,automoveis,Veículos de Entrada,7,0,9,False,0
2024-04,comerciais_leves,Furgões,7,125,7,True,125
2024-04,comerciais_leves,Furgões Pequenos,4,7,4,True,7
2024-04,comerciais_leves,Pick-up's Grandes,11,186,11,True,186
2024-04,comerciais_leves,Pick-up's Pequenas,5,0,6,False,0
2024-05,automoveis,Grandcab,4,0,4,True,0
2024-05,automoveis,Hatch Médios,6,1,6,True,1
2024-05,automoveis,Hatch Pequenos,12,280,12,True,280
2024-05,automoveis,Monocab,3,0,11,False,0
2024-05,automoveis,Sedans Compactos,6,0,6,True,0
2024-05,automoveis,Sedans Grandes,12,0,12,True,0
2024-05,automoveis,Sedans Pequenos,7,0,10,False,0
2024-05,automoveis,Sedans médios,21,0,21,True,0
2024-05,automoveis,Sports,9,10,9,True,10
2024-05,automoveis,Suv's,40,64,40,True,64
2024-05,automoveis,Sw Grandes,2,0,13,False,0
2024-05,automoveis,Sw Médios,2,0,4,False,0
2024-05,automoveis,Veículos de Entrada,9,0,9,True,0
2024-05,comerciais_leves,Furgões,7,70,7,True,70
2024-05,comerciais_leves,Furgões Pequenos,4,0,4,True,0
2024-05,comerciais_leves,Pick-up's Grandes,11,303,11,True,303
2024-05,comerciais_leves,Pick-up's Pequenas,5,0,6,False,0
2024-06,automoveis,Grandcab,4,0,4,True,0
2024-06,automoveis,Hatch Médios,6,1,6,True,1
2024-06,automoveis,Hatch Pequenos,12,217,12,True,217
2024-06,automoveis,Monocab,3,0,11,False,0
2024-06,automoveis,Sedans Compactos,6,1,6,True,1
2024-06,automoveis,Sedans Grandes,12,1,12,True,1
2024-06,automoveis,Sedans Pequenos,7,0,10,False,0
2024-06,automoveis,Sedans médios,21,0,21,True,0
2024-06,automoveis,Sports,9,8,9,True,8
2024-06,automoveis,Suv's,40,41,40,True,41
2024-06,automoveis,Sw Grandes,2,0,13,False,0
2024-06,automoveis,Sw Médios,3,0,4,False,0
2024-06,automoveis,Veículos de Entrada,9,0,9,True,0
2024-06,comerciais_leves,Furgões,7,107,7,True,107
2024-06,comerciais_leves,Furgões Pequenos,4,1,4,True,1
2024-06,comerciais_leves,Pick-up's Grandes,11,323,11,True,323
2024-06,comerciais_leves,Pick-up's Pequenas,5,0,6,False,0
2024-07,automoveis,Grandcab,4,1,4,True,1
2024-07,automoveis,Hatch Médios,6,2,6,True,2
2024-07,automoveis,Hatch Pequenos,12,398,12,True,398
2024-07,automoveis,Monocab,3,0,11,False,0
2024-07,automoveis,Sedans Compactos,6,0,6,True,0
2024-07,automoveis,Sedans Grandes,12,0,12,True,0
2024-07,automoveis,Sedans Pequenos,7,0,10,False,0
2024-07,automoveis,Sedans médios,21,0,21,True,0
2024-07,automoveis,Sports,9,4,9,True,4
2024-07,automoveis,Suv's,40,89,40,True,89
2024-07,automoveis,Sw Grandes,2,0,13,False,0
2024-07,automoveis,Sw Médios,3,0,4,False,0
2024-07,automoveis,Veículos de Entrada,9,0,9,True,0
2024-07,comerciais_leves,Furgões,7,156,7,True,156
2024-07,comerciais_leves,Furgões Pequenos,4,0,4,True,0
2024-07,comerciais_leves,Pick-up's Grandes,11,309,11,True,309
2024-07,comerciais_leves,Pick-up's Pequenas,6,0,6,True,0
2024-08,automoveis,Grandcab,4,1,4,True,1
2024-08,automoveis,Hatch Médios,6,0,6,True,0
2024-08,automoveis,Hatch Pequenos,12,382,12,True,382
2024-08,automoveis,Monocab,3,0,11,False,0
2024-08,automoveis,Sedans Compactos,6,2,6,True,2
2024-08,automoveis,Sedans Grandes,12,0,12,True,0
2024-08,automoveis,Sedans Pequenos,8,0,10,False,0
2024-08,automoveis,Sedans médios,21,0,21,True,0
2024-08,automoveis,Sports,9,6,9,True,6
2024-08,automoveis,Suv's,40,124,40,True,124
2024-08,automoveis,Sw Grandes,3,0,13,False,0
2024-08,automoveis,Sw Médios,4,0,4,True,0
2024-08,automoveis,Veículos de Entrada,9,0,9,True,0
2024-08,comerciais_leves,Furgões,7,110,7,True,110
2024-08,comerciais_leves,Furgões Pequenos,4,1,4,True,1
2024-08,comerciais_leves,Pick-up's Grandes,11,479,11,True,479
2024-08,comerciais_leves,Pick-up's Pequenas,6,0,6,True,0
2024-09,automoveis,Grandcab,4,0,4,True,0
2024-09,automoveis,Hatch Médios,6,1,6,True,1
2024-09,automoveis,Hatch Pequenos,12,307,12,True,307
2024-09,automoveis,Monocab,3,0,11,False,0
2024-09,automoveis,Sedans Compactos,6,0,6,True,0
2024-09,automoveis,Sedans Grandes,12,0,12,True,0
2024-09,automoveis,Sedans Pequenos,8,0,10,False,0
2024-09,automoveis,Sedans médios,21,0,21,True,0
2024-09,automoveis,Sports,9,5,9,True,5
2024-09,automoveis,Suv's,40,28,40,True,28
2024-09,automoveis,Sw Grandes,3,0,13,False,0
2024-09,automoveis,Sw Médios,4,0,4,True,0
2024-09,automoveis,Veículos de Entrada,9,0,9,True,0
2024-09,comerciais_leves,Furgões,7,120,7,True,120
2024-09,comerciais_leves,Furgões Pequenos,4,0,4,True,0
2024-09,comerciais_leves,Pick-up's Grandes,11,554,11,True,554
2024-09,comerciais_leves,Pick-up's Pequenas,6,0,6,True,0
2024-10,automoveis,Grandcab,4,0,4,True,0
2024-10,automoveis,Hatch Médios,6,0,6,True,0
2024-10,automoveis,Hatch Pequenos,12,498,12,True,498
2024-10,automoveis,Monocab,3,0,11,False,0
2024-10,automoveis,Sedans Compactos,6,0,6,True,0
2024-10,automoveis,Sedans Grandes,12,0,12,True,0
2024-10,automoveis,Sedans Pequenos,8,0,10,False,0
2024-10,automoveis,Sedans médios,21,0,21,True,0
2024-10,automoveis,Sports,9,6,9,True,6
2024-10,automoveis,Suv's,40,66,40,True,66
2024-10,automoveis,Sw Grandes,3,0,13,False,0
2024-10,automoveis,Sw Médios,4,0,4,True,0
2024-10,automoveis,Veículos de Entrada,9,0,9,True,0
2024-10,comerciais_leves,Furgões,7,173,7,True,173
2024-10,comerciais_leves,Furgões Pequenos,4,42,4,True,42
2024-10,comerciais_leves,Pick-up's Grandes,11,344,11,True,344
2024-10,comerciais_leves,Pick-up's Pequenas,6,0,6,True,0
2024-11,automoveis,Grandcab,4,1,4,True,1
2024-11,automoveis,Hatch Médios,6,0,6,True,0
2024-11,automoveis,Hatch Pequenos,12,390,12,True,390
2024-11,automoveis,Monocab,3,0,11,False,0
2024-11,automoveis,Sedans Compactos,6,0,6,True,0
2024-11,automoveis,Sedans Grandes,12,0,12,True,0
2024-11,automoveis,Sedans Pequenos,8,0,10,False,0
2024-11,automoveis,Sedans médios,21,0,21,True,0
2024-11,automoveis,Sports,9,4,9,True,4
2024-11,automoveis,Suv's,40,56,40,True,56
2024-11,automoveis,Sw Grandes,3,0,13,False,0
2024-11,automoveis,Sw Médios,4,0,4,True,0
2024-11,automoveis,Veículos de Entrada,9,0,9,True,0
2024-11,comerciais_leves,Furgões,7,99,7,True,99
2024-11,comerciais_leves,Furgões Pequenos,4,43,4,True,43
2024-11,comerciais_leves,Pick-up's Grandes,11,378,11,True,378
2024-11,comerciais_leves,Pick-up's Pequenas,6,0,6,True,0
2024-12,automoveis,Grandcab,4,0,4,True,0
2024-12,automoveis,Hatch Médios,6,0,6,True,0
2024-12,automoveis,Hatch Pequenos,12,326,12,True,326
2024-12,automoveis,Monocab,3,0,11,False,0
2024-12,automoveis,Sedans Compactos,6,1,6,True,1
2024-12,automoveis,Sedans Grandes,12,1,12,True,1
2024-12,automoveis,Sedans Pequenos,9,0,10,False,0
2024-12,automoveis,Sedans médios,21,0,21,True,0
2024-12,automoveis,Sports,9,3,9,True,3
2024-12,automoveis,Suv's,40,110,40,True,110
2024-12,automoveis,Sw Grandes,3,0,13,False,0
2024-12,automoveis,Sw Médios,4,0,4,True,0
2024-12,automoveis,Veículos de Entrada,9,0,9,True,0
2024-12,comerciais_leves,Furgões,7,110,7,True,110
2024-12,comerciais_leves,Furgões Pequenos,4,7,4,True,7
2024-12,comerciais_leves,Pick-up's Grandes,11,503,11,True,503
2024-12,comerciais_leves,Pick-up's Pequenas,6,0,6,True,0
2025-01,automoveis,Grandcab,4,3,4,True,3
2025-01,automoveis,Hatch Médios,6,1,6,True,1
2025-01,automoveis,Hatch Pequenos,12,111,12,True,111
2025-01,automoveis,Monocab,1,1,11,False,0
2025-01,automoveis,Sedans Compactos,6,0,6,True,0
2025-01,automoveis,Sedans Grandes,12,5,12,True,5
2025-01,automoveis,Sedans Pequenos,4,0,10,False,0
2025-01,automoveis,Sedans médios,18,0,21,False,0
2025-01,automoveis,Sports,9,5,9,True,5
2025-01,automoveis,Suv's,40,132,40,True,132
2025-01,automoveis,Sw Grandes,1,1,13,False,0
2025-01,automoveis,Sw Médios,1,0,4,False,0
2025-01,automoveis,Veículos de Entrada,8,0,9,False,0
2025-01,comerciais_leves,Furgões,7,157,7,True,157
2025-01,comerciais_leves,Furgões Pequenos,4,26,4,True,26
2025-01,comerciais_leves,Pick-up's Grandes,11,684,11,True,684
2025-01,comerciais_leves,Pick-up's Pequenas,3,0,6,False,0
2025-02,automoveis,Grandcab,4,1,4,True,1
2025-02,automoveis,Hatch Médios,6,1,6,True,1
2025-02,automoveis,Hatch Pequenos,12,37,12,True,37
2025-02,automoveis,Monocab,1,0,11,False,0
2025-02,automoveis,Sedans Compactos,6,3,6,True,3
2025-02,automoveis,Sedans Grandes,12,4,12,True,4
2025-02,automoveis,Sedans Pequenos,5,1,10,False,0
2025-02,automoveis,Sedans médios,18,0,21,False,0
2025-02,automoveis,Sports,9,4,9,True,4
2025-02,automoveis,Suv's,40,124,40,True,124
2025-02,automoveis,Sw Grandes,1,6,13,False,0
2025-02,automoveis,Veículos de Entrada,6,1,9,False,0
2025-02,comerciais_leves,Furgões,7,202,7,True,202
2025-02,comerciais_leves,Furgões Pequenos,4,4,4,True,4
2025-02,comerciais_leves,Pick-up's Grandes,11,588,11,True,588
2025-02,comerciais_leves,Pick-up's Pequenas,3,1,6,False,0
2025-03,automoveis,Grandcab,4,0,4,True,0
2025-03,automoveis,Hatch Médios,6,1,6,True,1
2025-03,automoveis,Hatch Pequenos,12,70,12,True,70
2025-03,automoveis,Monocab,1,1,11,False,0
2025-03,automoveis,Sedans Compactos,6,0,6,True,0
2025-03,automoveis,Sedans Grandes,12,1,12,True,1
2025-03,automoveis,Sedans Pequenos,5,0,10,False,0
2025-03,automoveis,Sedans médios,18,0,21,False,0
2025-03,automoveis,Sports,9,1,9,True,1
2025-03,automoveis,Suv's,40,102,40,True,102
2025-03,automoveis,Sw Grandes,2,1,13,False,0
2025-03,automoveis,Veículos de Entrada,7,0,9,False,0
2025-03,comerciais_leves,Furgões,7,164,7,True,164
2025-03,comerciais_leves,Furgões Pequenos,4,0,4,True,0
2025-03,comerciais_leves,Pick-up's Grandes,11,511,11,True,511
2025-03,comerciais_leves,Pick-up's Pequenas,3,0,6,False,0
2025-04,automoveis,Grandcab,4,0,4,True,0
2025-04,automoveis,Hatch Médios,6,0,6,True,0
2025-04,automoveis,Hatch Pequenos,12,57,12,True,57
2025-04,automoveis,Monocab,1,0,11,False,0
2025-04,automoveis,Sedans Compactos,6,0,6,True,0
2025-04,automoveis,Sedans Grandes,12,8,12,True,8
2025-04,automoveis,Sedans Pequenos,5,0,10,False,0
2025-04,automoveis,Sedans médios,20,0,21,False,0
2025-04,automoveis,Sports,9,2,9,True,2
2025-04,automoveis,Suv's,40,78,40,True,78
2025-04,automoveis,Sw Grandes,2,0,13,False,0
2025-04,automoveis,Veículos de Entrada,7,0,9,False,0
2025-04,comerciais_leves,Furgões,7,189,7,True,189
2025-04,comerciais_leves,Furgões Pequenos,4,0,4,True,0
2025-04,comerciais_leves,Pick-up's Grandes,11,159,11,True,159
2025-04,comerciais_leves,Pick-up's Pequenas,3,0,6,False,0
2025-05,automoveis,Grandcab,4,0,4,True,0
2025-05,automoveis,Hatch Médios,6,0,6,True,0
2025-05,automoveis,Hatch Pequenos,12,58,12,True,58
2025-05,automoveis,Monocab,1,0,11,False,0
2025-05,automoveis,Sedans Compactos,6,0,6,True,0
2025-05,automoveis,Sedans Grandes,12,0,12,True,0
2025-05,automoveis,Sedans Pequenos,6,0,10,False,0
2025-05,automoveis,Sedans médios,21,0,21,True,0
2025-05,automoveis,Sports,9,1,9,True,1
2025-05,automoveis,Suv's,40,106,40,True,106
2025-05,automoveis,Sw Grandes,2,0,13,False,0
2025-05,automoveis,Veículos de Entrada,8,0,9,False,0
2025-05,comerciais_leves,Furgões,7,215,7,True,215
2025-05,comerciais_leves,Furgões Pequenos,4,0,4,True,0
2025-05,comerciais_leves,Pick-up's Grandes,11,363,11,True,363
2025-05,comerciais_leves,Pick-up's Pequenas,3,0,6,False,0
2025-06,automoveis,Grandcab,4,0,4,True,0
2025-06,automoveis,Hatch Médios,6,0,6,True,0
2025-06,automoveis,Hatch Pequenos,12,66,12,True,66
2025-06,automoveis,Monocab,1,0,11,False,0
2025-06,automoveis,Sedans Compactos,6,0,6,True,0
2025-06,automoveis,Sedans Grandes,12,1,12,True,1
2025-06,automoveis,Sedans Pequenos,7,0,10,False,0
2025-06,automoveis,Sedans médios,21,0,21,True,0
2025-06,automoveis,Sports,9,1,9,True,1
2025-06,automoveis,Suv's,40,74,40,True,74
2025-06,automoveis,Sw Grandes,2,0,13,False,0
2025-06,automoveis,Veículos de Entrada,8,0,9,False,0
2025-06,comerciais_leves,Furgões,7,144,7,True,144
2025-06,comerciais_leves,Furgões Pequenos,4,0,4,True,0
2025-06,comerciais_leves,Pick-up's Grandes,11,170,11,True,170
2025-06,comerciais_leves,Pick-up's Pequenas,3,2,6,False,0
2025-07,automoveis,Grandcab,4,1,4,True,1
2025-07,automoveis,Hatch Médios,6,0,6,True,0
2025-07,automoveis,Hatch Pequenos,12,16,12,True,16
2025-07,automoveis,Monocab,2,1,11,False,0
2025-07,automoveis,Sedans Compactos,6,0,6,True,0
2025-07,automoveis,Sedans Grandes,12,1,12,True,1
2025-07,automoveis,Sedans Pequenos,7,0,10,False,0
2025-07,automoveis,Sedans médios,21,0,21,True,0
2025-07,automoveis,Sports,9,2,9,True,2
2025-07,automoveis,Suv's,40,100,40,True,100
2025-07,automoveis,Sw Grandes,2,0,13,False,0
2025-07,automoveis,Veículos de Entrada,8,0,9,False,0
2025-07,comerciais_leves,Furgões,7,172,7,True,172
2025-07,comerciais_leves,Furgões Pequenos,4,0,4,True,0
2025-07,comerciais_leves,Pick-up's Grandes,11,244,11,True,244
2025-07,comerciais_leves,Pick-up's Pequenas,3,0,6,False,0
2025-08,automoveis,Grandcab,4,0,4,True,0
2025-08,automoveis,Hatch Médios,6,0,6,True,0
2025-08,automoveis,Hatch Pequenos,12,6,12,True,6
2025-08,automoveis,Monocab,2,0,11,False,0
2025-08,automoveis,Sedans Compactos,6,2,6,True,2
2025-08,automoveis,Sedans Grandes,12,0,12,True,0
2025-08,automoveis,Sedans Pequenos,7,0,10,False,0
2025-08,automoveis,Sedans médios,21,0,21,True,0
2025-08,automoveis,Sports,9,3,9,True,3
2025-08,automoveis,Suv's,40,119,40,True,119
2025-08,automoveis,Sw Grandes,2,1,13,False,0
2025-08,automoveis,Veículos de Entrada,9,0,9,True,0
2025-08,comerciais_leves,Furgões,7,147,7,True,147
2025-08,comerciais_leves,Furgões Pequenos,4,0,4,True,0
2025-08,comerciais_leves,Pick-up's Grandes,11,220,11,True,220
2025-08,comerciais_leves,Pick-up's Pequenas,3,1,6,False,0
2025-09,automoveis,Grandcab,4,1,4,True,1
2025-09,automoveis,Hatch Médios,6,0,6,True,0
2025-09,automoveis,Hatch Pequenos,12,1,12,True,1
2025-09,automoveis,Monocab,2,0,11,False,0
2025-09,automoveis,Sedans Compactos,6,0,6,True,0
2025-09,automoveis,Sedans Grandes,12,0,12,True,0
2025-09,automoveis,Sedans Pequenos,8,0,10,False,0
2025-09,automoveis,Sedans médios,21,0,21,True,0
2025-09,automoveis,Sports,9,2,9,True,2
2025-09,automoveis,Suv's,40,71,40,True,71
2025-09,automoveis,Sw Grandes,2,0,13,False,0
2025-09,automoveis,Veículos de Entrada,9,0,9,True,0
2025-09,comerciais_leves,Furgões,7,187,7,True,187
2025-09,comerciais_leves,Furgões Pequenos,4,1,4,True,1
2025-09,comerciais_leves,Pick-up's Grandes,11,63,11,True,63
2025-09,comerciais_leves,Pick-up's Pequenas,3,1,6,False,0
2025-10,automoveis,Grandcab,4,0,4,True,0
2025-10,automoveis,Hatch Médios,6,0,6,True,0
2025-10,automoveis,Hatch Pequenos,12,1,12,True,1
2025-10,automoveis,Monocab,2,0,11,False,0
2025-10,automoveis,Sedans Compactos,6,1,6,True,1
2025-10,automoveis,Sedans Grandes,12,0,12,True,0
2025-10,automoveis,Sedans Pequenos,8,0,10,False,0
2025-10,automoveis,Sedans médios,21,0,21,True,0
2025-10,automoveis,Sports,9,1,9,True,1
2025-10,automoveis,Suv's,40,62,40,True,62
2025-10,automoveis,Sw Grandes,2,0,13,False,0
2025-10,automoveis,Veículos de Entrada,9,0,9,True,0
2025-10,comerciais_leves,Furgões,7,141,7,True,141
2025-10,comerciais_leves,Furgões Pequenos,4,5,4,True,5
2025-10,comerciais_leves,Pick-up's Grandes,11,37,11,True,37
2025-10,comerciais_leves,Pick-up's Pequenas,4,0,6,False,0
2025-11,automoveis,Grandcab,4,0,4,True,0
2025-11,automoveis,Hatch Médios,6,0,6,True,0
2025-11,automoveis,Hatch Pequenos,12,0,12,True,0
2025-11,automoveis,Monocab,3,0,11,False,0
2025-11,automoveis,Sedans Compactos,6,0,6,True,0
2025-11,automoveis,Sedans Grandes,12,3,12,True,3
2025-11,automoveis,Sedans Pequenos,10,0,10,True,0
2025-11,automoveis,Sedans médios,21,0,21,True,0
2025-11,automoveis,Sports,9,0,9,True,0
2025-11,automoveis,Suv's,40,31,40,True,31
2025-11,automoveis,Sw Grandes,2,0,13,False,0
2025-11,automoveis,Veículos de Entrada,9,0,9,True,0
2025-11,comerciais_leves,Furgões,7,78,7,True,78
2025-11,comerciais_leves,Furgões Pequenos,4,1,4,True,1
2025-11,comerciais_leves,Pick-up's Grandes,11,21,11,True,21
2025-11,comerciais_leves,Pick-up's Pequenas,4,0,6,False,0
2025-12,automoveis,Grandcab,4,0,4,True,0
2025-12,automoveis,Hatch Médios,6,0,6,True,0
2025-12,automoveis,Hatch Pequenos,12,1,12,True,1
2025-12,automoveis,Monocab,3,0,11,False,0
2025-12,automoveis,Sedans Compactos,6,0,6,True,0
2025-12,automoveis,Sedans Grandes,12,1,12,True,1
2025-12,automoveis,Sedans Pequenos,10,0,10,True,0
2025-12,automoveis,Sedans médios,21,0,21,True,0
2025-12,automoveis,Sports,9,3,9,True,3
2025-12,automoveis,Suv's,40,94,40,True,94
2025-12,automoveis,Sw Grandes,2,0,13,False,0
2025-12,automoveis,Sw Médios,1,1,4,False,0
2025-12,automoveis,Veículos de Entrada,9,0,9,True,0
2025-12,comerciais_leves,Furgões,7,47,7,True,47
2025-12,comerciais_leves,Furgões Pequenos,4,4,4,True,4
2025-12,comerciais_leves,Pick-up's Grandes,11,70,11,True,70
2025-12,comerciais_leves,Pick-up's Pequenas,4,0,6,False,0
2026-01,automoveis,Grandcab,4,0,4,True,0
2026-01,automoveis,Hatch Médios,6,1,6,True,1
2026-01,automoveis,Hatch Pequenos,12,64,12,True,64
2026-01,automoveis,Monocab,2,1,11,False,0
2026-01,automoveis,Sedans Compactos,6,0,6,True,0
2026-01,automoveis,Sedans Grandes,12,3,12,True,3
2026-01,automoveis,Sedans Pequenos,5,0,10,False,0
2026-01,automoveis,Sedans médios,19,1,21,False,0
2026-01,automoveis,Sports,9,3,9,True,3
2026-01,automoveis,Suv's,40,276,40,True,276
2026-01,automoveis,Sw Grandes,1,6,13,False,0
2026-01,automoveis,Sw Médios,2,0,4,False,0
2026-01,automoveis,Veículos de Entrada,7,1,9,False,0
2026-01,comerciais_leves,Furgões,7,138,7,True,138
2026-01,comerciais_leves,Furgões Pequenos,4,0,4,True,0
2026-01,comerciais_leves,Pick-up's Grandes,11,245,11,True,245
2026-01,comerciais_leves,Pick-up's Pequenas,3,0,6,False,0
2026-02,automoveis,Grandcab,4,0,4,True,0
2026-02,automoveis,Hatch Médios,6,1,6,True,1
2026-02,automoveis,Hatch Pequenos,12,69,12,True,69
2026-02,automoveis,Monocab,2,1,11,False,0
2026-02,automoveis,Sedans Compactos,6,1,6,True,1
2026-02,automoveis,Sedans Grandes,12,0,12,True,0
2026-02,automoveis,Sedans Pequenos,7,1,10,False,0
2026-02,automoveis,Sedans médios,21,0,21,True,0
2026-02,automoveis,Sports,9,1,9,True,1
2026-02,automoveis,Suv's,40,207,40,True,207
2026-02,automoveis,Sw Grandes,1,1,13,False,0
2026-02,automoveis,Sw Médios,1,1,4,False,0
2026-02,automoveis,Veículos de Entrada,9,0,9,True,0
2026-02,comerciais_leves,Furgões,7,177,7,True,177
2026-02,comerciais_leves,Furgões Pequenos,4,1,4,True,1
2026-02,comerciais_leves,Pick-up's Grandes,11,258,11,True,258
2026-02,comerciais_leves,Pick-up's Pequenas,3,2,6,False,0
2026-03,automoveis,Grandcab,4,0,4,True,0
2026-03,automoveis,Hatch Médios,6,0,6,True,0
2026-03,automoveis,Hatch Pequenos,12,128,12,True,128
2026-03,automoveis,Monocab,2,0,11,False,0
2026-03,automoveis,Sedans Compactos,6,0,6,True,0
2026-03,automoveis,Sedans Grandes,12,0,12,True,0
2026-03,automoveis,Sedans Pequenos,8,0,10,False,0
2026-03,automoveis,Sedans médios,21,0,21,True,0
2026-03,automoveis,Sports,9,3,9,True,3
2026-03,automoveis,Suv's,40,305,40,True,305
2026-03,automoveis,Sw Grandes,1,6,13,False,0
2026-03,automoveis,Sw Médios,2,0,4,False,0
2026-03,automoveis,Veículos de Entrada,9,1,9,True,1
2026-03,comerciais_leves,Furgões,7,220,7,True,220
2026-03,comerciais_leves,Furgões Pequenos,4,4,4,True,4
2026-03,comerciais_leves,Pick-up's Grandes,11,433,11,True,433
2026-03,comerciais_leves,Pick-up's Pequenas,3,0,6,False,0
2026-04,automoveis,Grandcab,4,2,4,True,2
2026-04,automoveis,Hatch Médios,6,1,6,True,1
2026-04,automoveis,Hatch Pequenos,12,143,12,True,143
2026-04,automoveis,Monocab,2,0,11,False,0
2026-04,automoveis,Sedans Compactos,6,0,6,True,0
2026-04,automoveis,Sedans Grandes,12,0,12,True,0
2026-04,automoveis,Sedans Pequenos,9,0,10,False,0
2026-04,automoveis,Sedans médios,21,0,21,True,0
2026-04,automoveis,Sports,9,5,9,True,5
2026-04,automoveis,Suv's,40,326,40,True,326
2026-04,automoveis,Sw Grandes,1,7,13,False,0
2026-04,automoveis,Sw Médios,3,0,4,False,0
2026-04,automoveis,Veículos de Entrada,9,0,9,True,0
2026-04,comerciais_leves,Furgões,7,171,7,True,171
2026-04,comerciais_leves,Furgões Pequenos,4,2,4,True,2
2026-04,comerciais_leves,Pick-up's Grandes,11,285,11,True,285
2026-04,comerciais_leves,Pick-up's Pequenas,5,1,6,False,0
2026-05,automoveis,Grandcab,4,0,4,True,0
2026-05,automoveis,Hatch Médios,6,0,6,True,0
2026-05,automoveis,Hatch Pequenos,12,157,12,True,157
2026-05,automoveis,Monocab,3,0,11,False,0
2026-05,automoveis,Sedans Compactos,6,0,6,True,0
2026-05,automoveis,Sedans Grandes,12,1,12,True,1
2026-05,automoveis,Sedans Pequenos,9,0,10,False,0
2026-05,automoveis,Sedans médios,21,0,21,True,0
2026-05,automoveis,Sports,9,6,9,True,6
2026-05,automoveis,Suv's,40,365,40,True,365
2026-05,automoveis,Sw Grandes,1,5,13,False,0
2026-05,automoveis,Sw Médios,3,0,4,False,0
2026-05,automoveis,Veículos de Entrada,9,0,9,True,0
2026-05,comerciais_leves,Furgões,7,241,7,True,241
2026-05,comerciais_leves,Furgões Pequenos,4,1,4,True,1
2026-05,comerciais_leves,Pick-up's Grandes,11,438,11,True,438
2026-05,comerciais_leves,Pick-up's Pequenas,5,0,6,False,0
2026-06,automoveis,Grandcab,4,1,4,True,1
2026-06,automoveis,Hatch Médios,6,1,6,True,1
2026-06,automoveis,Hatch Pequenos,12,175,12,True,175
2026-06,automoveis,Monocab,3,0,11,False,0
2026-06,automoveis,Sedans Compactos,6,1,6,True,1
2026-06,automoveis,Sedans Grandes,12,0,12,True,0
2026-06,automoveis,Sedans Pequenos,9,0,10,False,0
2026-06,automoveis,Sedans médios,21,0,21,True,0
2026-06,automoveis,Sports,9,8,9,True,8
2026-06,automoveis,Suv's,40,432,40,True,432
2026-06,automoveis,Sw Grandes,2,1,13,False,0
2026-06,automoveis,Sw Médios,4,0,4,True,0
2026-06,automoveis,Veículos de Entrada,9,0,9,True,0
2026-06,comerciais_leves,Furgões,7,172,7,True,172
2026-06,comerciais_leves,Furgões Pequenos,4,5,4,True,5
2026-06,comerciais_leves,Pick-up's Grandes,11,410,11,True,410
2026-06,comerciais_leves,Pick-up's Pequenas,5,0,6,False,0
2026-07,automoveis,Grandcab,4,0,4,True,0
2026-07,automoveis,Hatch Médios,6,0,6,True,0
2026-07,automoveis,Hatch Pequenos,12,310,12,True,310
2026-07,automoveis,Monocab,3,0,11,False,0
2026-07,automoveis,Sedans Compactos,6,0,6,True,0
2026-07,automoveis,Sedans Grandes,12,0,12,True,0
2026-07,automoveis,Sedans Pequenos,10,0,10,True,0
2026-07,automoveis,Sedans médios,21,0,21,True,0
2026-07,automoveis,Sports,9,5,9,True,5
2026-07,automoveis,Suv's,40,330,40,True,330
2026-07,automoveis,Sw Grandes,3,0,13,False,0
2026-07,automoveis,Sw Médios,4,0,4,True,0
2026-07,automoveis,Veículos de Entrada,9,0,9,True,0
2026-07,comerciais_leves,Furgões,7,117,7,True,117
2026-07,comerciais_leves,Furgões Pequenos,4,1,4,True,1
2026-07,comerciais_leves,Pick-up's Grandes,11,381,11,True,381
2026-07,comerciais_leves,Pick-up's Pequenas,5,0,6,False,0
2026-08,automoveis,Grandcab,4,0,4,True,0
2026-08,automoveis,Hatch Médios,6,0,6,True,0
2026-08,automoveis,Hatch Pequenos,12,332,12,True,332
2026-08,automoveis,Monocab,4,0,11,False,0
2026-08,automoveis,Sedans Compactos,6,0,6,True,0
2026-08,automoveis,Sedans Grandes,12,0,12,True,0
2026-08,automoveis,Sedans Pequenos,10,0,10,True,0
2026-08,automoveis,Sedans médios,21,0,21,True,0
2026-08,automoveis,Sports,9,6,9,True,6
2026-08,automoveis,Suv's,40,262,40,True,262
2026-08,automoveis,Sw Grandes,3,0,13,False,0
2026-08,automoveis,Sw Médios,4,0,4,True,0
2026-08,automoveis,Veículos de Entrada,9,0,9,True,0
2026-08,comerciais_leves,Furgões,7,128,7,True,128
2026-08,comerciais_leves,Furgões Pequenos,4,17,4,True,17
2026-08,comerciais_leves,Pick-up's Grandes,11,258,11,True,258
2026-08,comerciais_leves,Pick-up's Pequenas,5,0,6,False,0
