marca,modelo,segmento,mes_ref,corte_publicacao,limiar_d3_do_modelo,pico
AGRALE,AGRALE MARRUA,comerciais_leves,2008-01,1,0.4,8.7
AGRALE,AGRALE MARRUA,comerciais_leves,2012-01,7,0.4,8.7
AGRALE,AGRALE MARRUA,comerciais_leves,2012-11,2,0.4,8.7
AGRALE,AGRALE MARRUA,comerciais_leves,2013-01,9,0.4,8.7
AGRALE,AGRALE MARRUA,comerciais_leves,2013-02,16,0.4,8.7
AGRALE,AGRALE MARRUA,comerciais_leves,2013-05,17,0.4,8.7
AGRALE,AGRALE MARRUA,comerciais_leves,2013-07,32,0.4,8.7
AGRALE,AGRALE MARRUA,comerciais_leves,2013-10,24,0.4,8.7
AGRALE,AGRALE MARRUA,comerciais_leves,2014-03,17,0.4,8.7
AGRALE,AGRALE MARRUA,comerciais_leves,2014-05,10,0.4,8.7
AGRALE,AGRALE MARRUA,comerciais_leves,2014-06,3,0.4,8.7
AGRALE,AGRALE MARRUA,comerciais_leves,2014-07,1,0.4,8.7
AGRALE,AGRALE MARRUA,comerciais_leves,2014-08,2,0.4,8.7
AGRALE,AGRALE MARRUA,comerciais_leves,2014-10,1,0.4,8.7
AGRALE,AGRALE MARRUA,comerciais_leves,2015-02,5,0.4,8.7
AGRALE,AGRALE MARRUA,comerciais_leves,2016-02,10,0.4,8.7
AGRALE,AGRALE MARRUA,comerciais_leves,2016-03,9,0.4,8.7
AGRALE,AGRALE MARRUA,comerciais_leves,2016-07,6,0.4,8.7
AGRALE,AGRALE MARRUA,comerciais_leves,2016-10,10,0.4,8.7
AGRALE,AGRALE MARRUA,comerciais_leves,2017-02,9,0.4,8.7
AGRALE,AGRALE MARRUA,comerciais_leves,2017-05,14,0.4,8.7
AGRALE,AGRALE MARRUA,comerciais_leves,2017-06,1,0.4,8.7
AGRALE,AGRALE MARRUA,comerciais_leves,2017-07,1,0.4,8.7
AGRALE,AGRALE MARRUA,comerciais_leves,2017-08,1,0.4,8.7
AGRALE,AGRALE MARRUA,comerciais_leves,2017-11,8,0.4,8.7
AGRALE,AGRALE MARRUA,comerciais_leves,2018-02,18,0.4,8.7
AGRALE,AGRALE MARRUA,comerciais_leves,2018-04,7,0.4,8.7
AGRALE,AGRALE MARRUA,comerciais_leves,2018-05,1,0.4,8.7
AGRALE,AGRALE MARRUA,comerciais_leves,2018-06,4,0.4,8.7
AGRALE,AGRALE MARRUA,comerciais_leves,2018-07,1,0.4,8.7
AGRALE,AGRALE MARRUA,comerciais_leves,2018-10,1,0.4,8.7
AGRALE,AGRALE MARRUA,comerciais_leves,2018-11,1,0.4,8.7
AGRALE,AGRALE MARRUA,comerciais_leves,2019-01,1,0.4,8.7
AGRALE,AGRALE MARRUA,comerciais_leves,2019-10,1,0.4,8.7
AGRALE,AGRALE MARRUA,comerciais_leves,2020-01,2,0.4,8.7
AGRALE,AGRALE MARRUA,comerciais_leves,2020-02,1,0.4,8.7
AGRALE,AGRALE MARRUA,comerciais_leves,2020-06,1,0.4,8.7
AGRALE,AGRALE MARRUA,comerciais_leves,2020-11,1,0.4,8.7
AGRALE,AGRALE MARRUA,comerciais_leves,2021-01,1,0.4,8.7
AGRALE,AGRALE MARRUA,comerciais_leves,2021-04,18,0.4,8.7
AGRALE,AGRALE MARRUA,comerciais_leves,2021-05,12,0.4,8.7
AGRALE,AGRALE MARRUA,comerciais_leves,2021-06,21,0.4,8.7
AGRALE,AGRALE MARRUA,comerciais_leves,2021-09,25,0.4,8.7
AGRALE,AGRALE MARRUA,comerciais_leves,2021-11,13,0.4,8.7
AGRALE,AGRALE MARRUA,comerciais_leves,2021-12,8,0.4,8.7
AGRALE,AGRALE MARRUA,comerciais_leves,2022-01,3,0.4,8.7
AGRALE,AGRALE MARRUA,comerciais_leves,2022-02,12,0.4,8.7
AGRALE,AGRALE MARRUA,comerciais_leves,2022-03,17,0.4,8.7
AGRALE,AGRALE MARRUA,comerciais_leves,2022-04,21,0.4,8.7
AGRALE,AGRALE MARRUA,comerciais_leves,2022-06,52,0.4,8.7
AGRALE,AGRALE MARRUA,comerciais_leves,2022-09,55,0.4,8.7
AGRALE,AGRALE MARRUA,comerciais_leves,2022-10,40,0.4,8.7
AGRALE,AGRALE MARRUA,comerciais_leves,2022-11,62,0.4,8.7
AGRALE,AGRALE MARRUA,comerciais_leves,2022-12,112,0.4,8.7
AGRALE,AGRALE MARRUA,comerciais_leves,2023-01,107,0.4,8.7
AGRALE,AGRALE MARRUA,comerciais_leves,2023-02,161,0.4,8.7
ALFA ROMEO,156,automoveis,2003-03,6,0.3,6.0
ALFA ROMEO,156,automoveis,2003-04,1,0.3,6.0
ALFA ROMEO,156,automoveis,2003-05,1,0.3,6.0
ALFA ROMEO,156,automoveis,2003-06,1,0.3,6.0
ALFA ROMEO,156,automoveis,2003-07,2,0.3,6.0
ALFA ROMEO,156,automoveis,2003-08,2,0.3,6.0
ALFA ROMEO,156,automoveis,2003-11,16,0.3,6.0
ALFA ROMEO,156,automoveis,2003-12,5,0.3,6.0
ALFA ROMEO,156,automoveis,2004-01,4,0.3,6.0
ALFA ROMEO,156,automoveis,2004-02,6,0.3,6.0
ALFA ROMEO,156,automoveis,2004-03,3,0.3,6.0
ALFA ROMEO,156,automoveis,2004-04,1,0.3,6.0
ALFA ROMEO,156,automoveis,2004-08,1,0.3,6.0
ALFA ROMEO,156,automoveis,2004-12,1,0.3,6.0
ALFA ROMEO,156,automoveis,2005-01,2,0.3,6.0
ALFA ROMEO,MONTREAL,automoveis,2010-01,1,0.0,0.1
ALFA ROMEO,MONTREAL,automoveis,2011-01,3,0.0,0.1
ALFA ROMEO,MONTREAL,automoveis,2011-03,5,0.0,0.1
ALFA ROMEO,MONTREAL,automoveis,2011-05,1,0.0,0.1
ALFA ROMEO,MONTREAL,automoveis,2011-06,1,0.0,0.1
ALFA ROMEO,MONTREAL,automoveis,2011-07,1,0.0,0.1
ALFA ROMEO,MONTREAL,automoveis,2011-11,1,0.0,0.1
ALFA ROMEO,MONTREAL,automoveis,2011-12,3,0.0,0.1
ALFA ROMEO,MONTREAL,automoveis,2012-01,19,0.0,0.1
ALFA ROMEO,MONTREAL,automoveis,2012-02,7,0.0,0.1
ALFA ROMEO,MONTREAL,automoveis,2012-03,15,0.0,0.1
ALFA ROMEO,MONTREAL,automoveis,2012-04,8,0.0,0.1
ALFA ROMEO,MONTREAL,automoveis,2012-05,3,0.0,0.1
ALFA ROMEO,MONTREAL,automoveis,2012-06,2,0.0,0.1
ALFA ROMEO,MONTREAL,automoveis,2012-07,4,0.0,0.1
ALFA ROMEO,MONTREAL,automoveis,2012-08,3,0.0,0.1
ALFA ROMEO,MONTREAL,automoveis,2012-09,10,0.0,0.1
ALFA ROMEO,MONTREAL,automoveis,2012-10,11,0.0,0.1
ALFA ROMEO,MONTREAL,automoveis,2012-11,9,0.0,0.1
ALFA ROMEO,MONTREAL,automoveis,2012-12,4,0.0,0.1
ALFA ROMEO,MONTREAL,automoveis,2013-01,11,0.0,0.1
ALFA ROMEO,MONTREAL,automoveis,2013-02,10,0.0,0.1
ALFA ROMEO,MONTREAL,automoveis,2013-03,14,0.0,0.1
ALFA ROMEO,MONTREAL,automoveis,2013-04,7,0.0,0.1
ALFA ROMEO,MONTREAL,automoveis,2013-05,2,0.0,0.1
ALFA ROMEO,MONTREAL,automoveis,2013-07,1,0.0,0.1
ALFA ROMEO,MONTREAL,automoveis,2013-12,2,0.0,0.1
ALFA ROMEO,MONTREAL,automoveis,2014-01,10,0.0,0.1
ALFA ROMEO,MONTREAL,automoveis,2014-02,3,0.0,0.1
ALFA ROMEO,MONTREAL,automoveis,2014-03,8,0.0,0.1
ALFA ROMEO,MONTREAL,automoveis,2014-04,12,0.0,0.1
ALFA ROMEO,MONTREAL,automoveis,2014-05,8,0.0,0.1
ALFA ROMEO,MONTREAL,automoveis,2014-06,3,0.0,0.1
ALFA ROMEO,MONTREAL,automoveis,2014-07,6,0.0,0.1
ALFA ROMEO,MONTREAL,automoveis,2014-08,9,0.0,0.1
ALFA ROMEO,MONTREAL,automoveis,2014-09,9,0.0,0.1
ALFA ROMEO,MONTREAL,automoveis,2014-10,5,0.0,0.1
ALFA ROMEO,MONTREAL,automoveis,2014-11,9,0.0,0.1
ALFA ROMEO,MONTREAL,automoveis,2014-12,14,0.0,0.1
ALFA ROMEO,MONTREAL,automoveis,2015-01,24,0.0,0.1
ALFA ROMEO,MONTREAL,automoveis,2015-02,15,0.0,0.1
ALFA ROMEO,MONTREAL,automoveis,2015-03,29,0.0,0.1
ALFA ROMEO,MONTREAL,automoveis,2015-04,35,0.0,0.1
ALFA ROMEO,MONTREAL,automoveis,2015-05,25,0.0,0.1
ALFA ROMEO,MONTREAL,automoveis,2015-06,13,0.0,0.1
ALFA ROMEO,MONTREAL,automoveis,2015-07,8,0.0,0.1
ALFA ROMEO,MONTREAL,automoveis,2015-08,8,0.0,0.1
ALFA ROMEO,MONTREAL,automoveis,2015-09,2,0.0,0.1
ALFA ROMEO,MONTREAL,automoveis,2015-10,6,0.0,0.1
ALFA ROMEO,MONTREAL,automoveis,2015-11,3,0.0,0.1
ALFA ROMEO,MONTREAL,automoveis,2015-12,3,0.0,0.1
ALFA ROMEO,MONTREAL,automoveis,2016-01,15,0.0,0.1
ALFA ROMEO,MONTREAL,automoveis,2016-02,9,0.0,0.1
ALFA ROMEO,MONTREAL,automoveis,2016-03,10,0.0,0.1
ALFA ROMEO,MONTREAL,automoveis,2016-04,6,0.0,0.1
ALFA ROMEO,MONTREAL,automoveis,2016-05,2,0.0,0.1
ALFA ROMEO,MONTREAL,automoveis,2016-06,7,0.0,0.1
ALFA ROMEO,MONTREAL,automoveis,2016-07,5,0.0,0.1
ALFA ROMEO,MONTREAL,automoveis,2016-08,10,0.0,0.1
ALFA ROMEO,MONTREAL,automoveis,2016-09,9,0.0,0.1
ALFA ROMEO,MONTREAL,automoveis,2016-10,6,0.0,0.1
ALFA ROMEO,MONTREAL,automoveis,2016-11,1,0.0,0.1
ALFA ROMEO,MONTREAL,automoveis,2016-12,4,0.0,0.1
ALFA ROMEO,MONTREAL,automoveis,2017-01,9,0.0,0.1
ALFA ROMEO,MONTREAL,automoveis,2017-02,6,0.0,0.1
ALFA ROMEO,MONTREAL,automoveis,2017-03,4,0.0,0.1
ALFA ROMEO,MONTREAL,automoveis,2017-04,4,0.0,0.1
ALFA ROMEO,MONTREAL,automoveis,2017-05,1,0.0,0.1
ALFA ROMEO,MONTREAL,automoveis,2017-06,6,0.0,0.1
ALFA ROMEO,MONTREAL,automoveis,2017-07,5,0.0,0.1
ALFA ROMEO,MONTREAL,automoveis,2017-08,8,0.0,0.1
ALFA ROMEO,MONTREAL,automoveis,2017-09,5,0.0,0.1
ALFA ROMEO,MONTREAL,automoveis,2017-10,6,0.0,0.1
ALFA ROMEO,MONTREAL,automoveis,2017-11,1,0.0,0.1
ALFA ROMEO,MONTREAL,automoveis,2017-12,1,0.0,0.1
ALFA ROMEO,MONTREAL,automoveis,2018-01,9,0.0,0.1
ALFA ROMEO,MONTREAL,automoveis,2018-02,8,0.0,0.1
ALFA ROMEO,MONTREAL,automoveis,2018-03,4,0.0,0.1
ALFA ROMEO,MONTREAL,automoveis,2018-04,6,0.0,0.1
ALFA ROMEO,MONTREAL,automoveis,2018-05,6,0.0,0.1
ALFA ROMEO,MONTREAL,automoveis,2018-06,6,0.0,0.1
ALFA ROMEO,MONTREAL,automoveis,2018-07,4,0.0,0.1
ALFA ROMEO,MONTREAL,automoveis,2018-08,1,0.0,0.1
ALFA ROMEO,MONTREAL,automoveis,2018-10,1,0.0,0.1
ALFA ROMEO,MONTREAL,automoveis,2018-12,2,0.0,0.1
ALFA ROMEO,MONTREAL,automoveis,2019-03,1,0.0,0.1
ALFA ROMEO,MONTREAL,automoveis,2019-11,1,0.0,0.1
ALFA ROMEO,MONTREAL,automoveis,2019-12,1,0.0,0.1
ALFA ROMEO,MONTREAL,automoveis,2020-02,1,0.0,0.1
ALFA ROMEO,MONTREAL,automoveis,2020-09,1,0.0,0.1
ASA,CAUYPE,automoveis,2010-03,5,0.7,14.4
ASA,CAUYPE,automoveis,2010-04,2,0.7,14.4
ASA,CAUYPE,automoveis,2010-05,5,0.7,14.4
ASA,CAUYPE,automoveis,2010-06,2,0.7,14.4
ASA,CAUYPE,automoveis,2010-07,3,0.7,14.4
ASA,CAUYPE,automoveis,2010-08,4,0.7,14.4
ASA,CAUYPE,automoveis,2010-09,4,0.7,14.4
ASA,CAUYPE,automoveis,2010-10,2,0.7,14.4
ASA,CAUYPE,automoveis,2010-11,4,0.7,14.4
ASA,CAUYPE,automoveis,2010-12,8,0.7,14.4
ASA,CAUYPE,automoveis,2011-01,8,0.7,14.4
ASA,CAUYPE,automoveis,2011-02,5,0.7,14.4
ASA,CAUYPE,automoveis,2011-03,6,0.7,14.4
ASA,CAUYPE,automoveis,2011-04,5,0.7,14.4
ASA,CAUYPE,automoveis,2011-05,6,0.7,14.4
ASA,CAUYPE,automoveis,2011-06,9,0.7,14.4
ASA,CAUYPE,automoveis,2011-07,7,0.7,14.4
ASA,CAUYPE,automoveis,2011-08,5,0.7,14.4
ASA,CAUYPE,automoveis,2011-09,5,0.7,14.4
ASA,CAUYPE,automoveis,2011-10,3,0.7,14.4
ASA,CAUYPE,automoveis,2011-11,5,0.7,14.4
ASA,CAUYPE,automoveis,2011-12,5,0.7,14.4
ASA,CAUYPE,automoveis,2013-01,10,0.7,14.4
ASA,CAUYPE,automoveis,2013-02,1,0.7,14.4
ASA,CAUYPE,automoveis,2013-03,5,0.7,14.4
ASA,CAUYPE,automoveis,2013-04,7,0.7,14.4
ASA,CAUYPE,automoveis,2013-05,4,0.7,14.4
ASA,CAUYPE,automoveis,2013-06,7,0.7,14.4
ASA,CAUYPE,automoveis,2013-07,3,0.7,14.4
ASA,CAUYPE,automoveis,2013-08,2,0.7,14.4
ASA,CAUYPE,automoveis,2013-09,7,0.7,14.4
ASA,CAUYPE,automoveis,2013-10,4,0.7,14.4
ASA,CAUYPE,automoveis,2013-11,2,0.7,14.4
ASA,CAUYPE,automoveis,2013-12,3,0.7,14.4
ASA,CAUYPE,automoveis,2014-01,5,0.7,14.4
ASA,CAUYPE,automoveis,2014-02,3,0.7,14.4
ASA,CAUYPE,automoveis,2014-03,2,0.7,14.4
ASA,CAUYPE,automoveis,2014-04,2,0.7,14.4
ASA,CAUYPE,automoveis,2014-05,2,0.7,14.4
ASA,CAUYPE,automoveis,2014-06,3,0.7,14.4
ASA,CAUYPE,automoveis,2014-07,4,0.7,14.4
ASA,CAUYPE,automoveis,2014-08,5,0.7,14.4
ASA,CAUYPE,automoveis,2014-09,4,0.7,14.4
ASA,CAUYPE,automoveis,2014-10,5,0.7,14.4
ASA,CAUYPE,automoveis,2014-11,2,0.7,14.4
ASA,CAUYPE,automoveis,2014-12,3,0.7,14.4
ASA,CAUYPE,automoveis,2015-01,6,0.7,14.4
ASA,CAUYPE,automoveis,2015-02,4,0.7,14.4
ASA,CAUYPE,automoveis,2015-03,4,0.7,14.4
ASA,CAUYPE,automoveis,2015-04,5,0.7,14.4
ASA,CAUYPE,automoveis,2015-05,2,0.7,14.4
ASA,CAUYPE,automoveis,2015-06,6,0.7,14.4
ASA,CAUYPE,automoveis,2015-07,5,0.7,14.4
ASA,CAUYPE,automoveis,2015-08,3,0.7,14.4
ASA,CAUYPE,automoveis,2015-09,3,0.7,14.4
ASA,CAUYPE,automoveis,2015-10,1,0.7,14.4
ASA,CAUYPE,automoveis,2015-11,4,0.7,14.4
ASA,CAUYPE,automoveis,2015-12,6,0.7,14.4
ASA,CAUYPE,automoveis,2016-01,4,0.7,14.4
ASA,CAUYPE,automoveis,2016-02,1,0.7,14.4
ASA,CAUYPE,automoveis,2016-03,1,0.7,14.4
ASA,CAUYPE,automoveis,2016-04,1,0.7,14.4
ASA,CAUYPE,automoveis,2016-06,2,0.7,14.4
ASA,CAUYPE,automoveis,2016-07,1,0.7,14.4
ASA,CAUYPE,automoveis,2016-08,2,0.7,14.4
ASA,CAUYPE,automoveis,2016-10,1,0.7,14.4
ASA,CAUYPE,automoveis,2017-01,2,0.7,14.4
AUDI,A3,automoveis,2007-01,373,41.5,830.5
AUDI,A3,automoveis,2007-04,215,41.5,830.5
AUDI,A3,automoveis,2007-05,235,41.5,830.5
AUDI,A3,automoveis,2007-06,164,41.5,830.5
AUDI,A3,automoveis,2007-07,276,41.5,830.5
AUDI,A3,automoveis,2007-08,355,41.5,830.5
AUDI,A3,automoveis,2007-09,763,41.5,830.5
AUDI,A3,automoveis,2007-10,1160,41.5,830.5
AUDI,A3,automoveis,2007-11,1028,41.5,830.5
AUDI,A3,automoveis,2007-12,906,41.5,830.5
AUDI,A3,automoveis,2008-01,947,41.5,830.5
AUDI,A3,automoveis,2008-02,682,41.5,830.5
AUDI,A3,automoveis,2008-03,1061,41.5,830.5
AUDI,A3,automoveis,2008-04,954,41.5,830.5
AUDI,A3,automoveis,2008-05,805,41.5,830.5
AUDI,A3,automoveis,2008-06,1073,41.5,830.5
AUDI,A3,automoveis,2008-07,1393,41.5,830.5
AUDI,A3,automoveis,2008-08,1077,41.5,830.5
AUDI,A3,automoveis,2008-09,992,41.5,830.5
AUDI,A3,automoveis,2008-10,854,41.5,830.5
AUDI,A3,automoveis,2008-11,531,41.5,830.5
AUDI,A3,automoveis,2008-12,640,41.5,830.5
AUDI,A3,automoveis,2009-01,794,41.5,830.5
AUDI,A3,automoveis,2009-02,812,41.5,830.5
AUDI,A3,automoveis,2009-03,906,41.5,830.5
AUDI,A3,automoveis,2009-04,668,41.5,830.5
AUDI,A3,automoveis,2009-05,479,41.5,830.5
AUDI,A3,automoveis,2009-06,1030,41.5,830.5
AUDI,A3,automoveis,2009-07,983,41.5,830.5
AUDI,A3,automoveis,2009-08,885,41.5,830.5
AUDI,A3,automoveis,2009-09,978,41.5,830.5
AUDI,A3,automoveis,2009-10,899,41.5,830.5
AUDI,A3,automoveis,2009-11,928,41.5,830.5
AUDI,A3,automoveis,2009-12,971,41.5,830.5
AUDI,A3,automoveis,2010-01,972,41.5,830.5
AUDI,A3,automoveis,2010-02,964,41.5,830.5
AUDI,A3,automoveis,2010-03,1263,41.5,830.5
AUDI,A3,automoveis,2010-04,1097,41.5,830.5
AUDI,A3,automoveis,2010-05,827,41.5,830.5
AUDI,A3,automoveis,2010-06,857,41.5,830.5
AUDI,A3,automoveis,2010-07,1055,41.5,830.5
AUDI,A3,automoveis,2010-08,1062,41.5,830.5
AUDI,A3,automoveis,2010-09,1162,41.5,830.5
AUDI,A3,automoveis,2010-10,1060,41.5,830.5
AUDI,A3,automoveis,2010-11,1387,41.5,830.5
AUDI,A3,automoveis,2010-12,1761,41.5,830.5
AUDI,A3,automoveis,2011-01,1156,41.5,830.5
AUDI,A3,automoveis,2011-02,921,41.5,830.5
AUDI,A3,automoveis,2011-03,698,41.5,830.5
AUDI,A3,automoveis,2011-04,1002,41.5,830.5
AUDI,A3,automoveis,2011-05,1024,41.5,830.5
AUDI,A3,automoveis,2011-06,658,41.5,830.5
AUDI,A3,automoveis,2011-07,1193,41.5,830.5
AUDI,A3,automoveis,2011-08,1189,41.5,830.5
AUDI,A3,automoveis,2011-09,1015,41.5,830.5
AUDI,A3,automoveis,2011-10,960,41.5,830.5
AUDI,A3,automoveis,2011-11,655,41.5,830.5
AUDI,A3,automoveis,2011-12,385,41.5,830.5
AUDI,A3,automoveis,2012-01,825,41.5,830.5
AUDI,A3,automoveis,2012-02,611,41.5,830.5
AUDI,A3,automoveis,2012-03,764,41.5,830.5
AUDI,A3,automoveis,2012-04,632,41.5,830.5
AUDI,A3,automoveis,2012-05,653,41.5,830.5
AUDI,A3,automoveis,2012-06,923,41.5,830.5
AUDI,A3,automoveis,2012-07,952,41.5,830.5
AUDI,A3,automoveis,2012-08,814,41.5,830.5
AUDI,A3,automoveis,2012-09,454,41.5,830.5
AUDI,A3,automoveis,2012-10,1400,41.5,830.5
AUDI,A3,automoveis,2012-11,1200,41.5,830.5
AUDI,A3,automoveis,2012-12,1310,41.5,830.5
AUDI,A3,automoveis,2013-01,1070,41.5,830.5
AUDI,A3,automoveis,2013-02,779,41.5,830.5
AUDI,A3,automoveis,2013-03,667,41.5,830.5
AUDI,A3,automoveis,2013-04,876,41.5,830.5
AUDI,A3,automoveis,2013-05,742,41.5,830.5
AUDI,A3,automoveis,2013-06,637,41.5,830.5
AUDI,A3,automoveis,2013-07,746,41.5,830.5
AUDI,A3,automoveis,2013-08,659,41.5,830.5
AUDI,A3,automoveis,2013-09,741,41.5,830.5
AUDI,A3,automoveis,2013-10,667,41.5,830.5
AUDI,A3,automoveis,2013-11,500,41.5,830.5
AUDI,A3,automoveis,2013-12,796,41.5,830.5
AUDI,A3,automoveis,2014-01,528,41.5,830.5
AUDI,A3,automoveis,2014-02,510,41.5,830.5
AUDI,A3,automoveis,2014-03,424,41.5,830.5
AUDI,A3,automoveis,2014-04,447,41.5,830.5
AUDI,A3,automoveis,2014-05,426,41.5,830.5
AUDI,A3,automoveis,2014-06,378,41.5,830.5
AUDI,A3,automoveis,2014-07,405,41.5,830.5
AUDI,A3,automoveis,2014-08,351,41.5,830.5
AUDI,A3,automoveis,2014-09,425,41.5,830.5
AUDI,A3,automoveis,2014-10,365,41.5,830.5
AUDI,A3,automoveis,2014-11,420,41.5,830.5
AUDI,A3,automoveis,2014-12,423,41.5,830.5
AUDI,A3,automoveis,2015-01,339,41.5,830.5
AUDI,A3,automoveis,2015-02,219,41.5,830.5
AUDI,A3,automoveis,2015-03,195,41.5,830.5
AUDI,A3,automoveis,2015-04,278,41.5,830.5
AUDI,A3,automoveis,2015-05,217,41.5,830.5
AUDI,A3,automoveis,2015-06,207,41.5,830.5
AUDI,A3,automoveis,2015-07,171,41.5,830.5
AUDI,A3,automoveis,2015-08,224,41.5,830.5
AUDI,A3,automoveis,2015-09,192,41.5,830.5
AUDI,A3,automoveis,2015-10,150,41.5,830.5
AUDI,A3,automoveis,2015-11,164,41.5,830.5
AUDI,A3,automoveis,2015-12,127,41.5,830.5
AUDI,A3,automoveis,2016-01,287,41.5,830.5
AUDI,A3,automoveis,2016-02,90,41.5,830.5
AUDI,A3,automoveis,2016-03,286,41.5,830.5
AUDI,A3,automoveis,2016-04,212,41.5,830.5
AUDI,A3,automoveis,2016-05,241,41.5,830.5
AUDI,A3,automoveis,2016-06,200,41.5,830.5
AUDI,A3,automoveis,2016-07,139,41.5,830.5
AUDI,A3,automoveis,2016-08,105,41.5,830.5
AUDI,A3,automoveis,2016-09,89,41.5,830.5
AUDI,A3,automoveis,2016-10,52,41.5,830.5
AUDI,A3,automoveis,2016-11,57,41.5,830.5
AUDI,A3,automoveis,2016-12,92,41.5,830.5
AUDI,A4,automoveis,2008-07,19,6.3,125.6
AUDI,A4,automoveis,2008-08,11,6.3,125.6
AUDI,A4,automoveis,2008-09,12,6.3,125.6
AUDI,A4,automoveis,2008-10,16,6.3,125.6
AUDI,A4,automoveis,2013-01,17,6.3,125.6
AUDI,A4,automoveis,2013-02,14,6.3,125.6
AUDI,A4,automoveis,2013-03,18,6.3,125.6
AUDI,A4,automoveis,2013-04,7,6.3,125.6
AUDI,A4,automoveis,2013-06,10,6.3,125.6
AUDI,A4,automoveis,2014-07,164,6.3,125.6
AUDI,A4,automoveis,2014-08,176,6.3,125.6
AUDI,A4,automoveis,2014-09,177,6.3,125.6
AUDI,A4,automoveis,2014-10,122,6.3,125.6
AUDI,A4,automoveis,2014-11,72,6.3,125.6
AUDI,A4,automoveis,2014-12,80,6.3,125.6
AUDI,A5,automoveis,2012-03,15,5.5,110.3
AUDI,A5,automoveis,2012-04,8,5.5,110.3
AUDI,A5,automoveis,2017-01,9,5.5,110.3
AUDI,A5,automoveis,2017-02,6,5.5,110.3
AUDI,A5,automoveis,2017-06,6,5.5,110.3
AUDI,A6,automoveis,2004-02,1,0.9,17.0
AUDI,A6,automoveis,2005-05,3,0.9,17.0
AUDI,A6,automoveis,2005-06,2,0.9,17.0
AUDI,A6,automoveis,2005-07,1,0.9,17.0
AUDI,A6,automoveis,2005-09,1,0.9,17.0
AUDI,A6,automoveis,2005-10,6,0.9,17.0
AUDI,A6,automoveis,2005-11,8,0.9,17.0
AUDI,A6,automoveis,2005-12,4,0.9,17.0
AUDI,A6,automoveis,2006-01,14,0.9,17.0
AUDI,A6,automoveis,2006-02,12,0.9,17.0
AUDI,A6,automoveis,2006-03,10,0.9,17.0
AUDI,A6,automoveis,2006-04,19,0.9,17.0
AUDI,A6,automoveis,2006-05,2,0.9,17.0
AUDI,A6,automoveis,2006-06,4,0.9,17.0
AUDI,A6,automoveis,2006-07,4,0.9,17.0
AUDI,A6,automoveis,2006-08,4,0.9,17.0
AUDI,A6,automoveis,2006-09,9,0.9,17.0
AUDI,A6,automoveis,2006-10,9,0.9,17.0
AUDI,A6,automoveis,2006-11,7,0.9,17.0
AUDI,A6,automoveis,2006-12,20,0.9,17.0
AUDI,A6,automoveis,2007-01,21,0.9,17.0
AUDI,A6,automoveis,2007-02,16,0.9,17.0
AUDI,A6,automoveis,2007-03,15,0.9,17.0
AUDI,A6,automoveis,2007-04,14,0.9,17.0
AUDI,A6,automoveis,2007-05,9,0.9,17.0
AUDI,A6,automoveis,2007-06,9,0.9,17.0
AUDI,A6,automoveis,2007-08,3,0.9,17.0
AUDI,A6,automoveis,2007-10,2,0.9,17.0
AUDI,A6,automoveis,2007-12,5,0.9,17.0
AUDI,A6,automoveis,2008-01,16,0.9,17.0
AUDI,A6,automoveis,2008-02,15,0.9,17.0
AUDI,A6,automoveis,2008-03,18,0.9,17.0
AUDI,A6,automoveis,2008-04,23,0.9,17.0
AUDI,A6,automoveis,2008-05,10,0.9,17.0
AUDI,A6,automoveis,2008-06,7,0.9,17.0
AUDI,A6,automoveis,2008-07,19,0.9,17.0
AUDI,A6,automoveis,2008-08,11,0.9,17.0
AUDI,A6,automoveis,2008-09,12,0.9,17.0
AUDI,A6,automoveis,2008-10,16,0.9,17.0
AUDI,A6,automoveis,2008-11,12,0.9,17.0
AUDI,A6,automoveis,2008-12,14,0.9,17.0
AUDI,A6,automoveis,2009-01,14,0.9,17.0
AUDI,A6,automoveis,2009-02,12,0.9,17.0
AUDI,A6,automoveis,2009-03,10,0.9,17.0
AUDI,A6,automoveis,2009-04,10,0.9,17.0
AUDI,A6,automoveis,2009-05,13,0.9,17.0
AUDI,A6,automoveis,2009-06,19,0.9,17.0
AUDI,A6,automoveis,2009-07,18,0.9,17.0
AUDI,A6,automoveis,2009-08,6,0.9,17.0
AUDI,A6,automoveis,2009-09,3,0.9,17.0
AUDI,A6,automoveis,2009-11,1,0.9,17.0
AUDI,A6,automoveis,2009-12,1,0.9,17.0
AUDI,A6,automoveis,2010-01,11,0.9,17.0
AUDI,A6,automoveis,2010-02,8,0.9,17.0
AUDI,A6,automoveis,2010-03,11,0.9,17.0
AUDI,A6,automoveis,2010-04,11,0.9,17.0
AUDI,A6,automoveis,2010-05,6,0.9,17.0
AUDI,A6,automoveis,2010-06,8,0.9,17.0
AUDI,A6,automoveis,2010-07,9,0.9,17.0
AUDI,A6,automoveis,2010-08,35,0.9,17.0
AUDI,A6,automoveis,2010-09,15,0.9,17.0
AUDI,A6,automoveis,2010-10,11,0.9,17.0
AUDI,A6,automoveis,2010-11,4,0.9,17.0
AUDI,A6,automoveis,2010-12,2,0.9,17.0
AUDI,A6,automoveis,2011-01,30,0.9,17.0
AUDI,A6,automoveis,2011-02,35,0.9,17.0
AUDI,A6,automoveis,2011-03,32,0.9,17.0
AUDI,A6,automoveis,2011-04,29,0.9,17.0
AUDI,A6,automoveis,2011-05,40,0.9,17.0
AUDI,A6,automoveis,2011-06,39,0.9,17.0
AUDI,A6,automoveis,2011-07,33,0.9,17.0
AUDI,A6,automoveis,2011-08,15,0.9,17.0
AUDI,A6,automoveis,2011-09,9,0.9,17.0
AUDI,A6,automoveis,2011-10,6,0.9,17.0
AUDI,A6,automoveis,2011-11,11,0.9,17.0
AUDI,A6,automoveis,2011-12,41,0.9,17.0
AUDI,A6,automoveis,2012-01,28,0.9,17.0
AUDI,A6,automoveis,2012-02,17,0.9,17.0
AUDI,A6,automoveis,2012-03,16,0.9,17.0
AUDI,A6,automoveis,2012-04,15,0.9,17.0
AUDI,A6,automoveis,2012-05,22,0.9,17.0
AUDI,A6,automoveis,2012-06,5,0.9,17.0
AUDI,A6,automoveis,2012-07,5,0.9,17.0
AUDI,A6,automoveis,2012-08,1,0.9,17.0
AUDI,A6,automoveis,2012-09,2,0.9,17.0
AUDI,A6,automoveis,2012-12,1,0.9,17.0
AUDI,A6,automoveis,2013-01,17,0.9,17.0
AUDI,A6,automoveis,2013-02,14,0.9,17.0
AUDI,A6,automoveis,2013-03,18,0.9,17.0
AUDI,A6,automoveis,2013-04,7,0.9,17.0
AUDI,A6,automoveis,2013-05,6,0.9,17.0
AUDI,A6,automoveis,2013-06,10,0.9,17.0
AUDI,A6,automoveis,2013-07,13,0.9,17.0
AUDI,A6,automoveis,2013-08,13,0.9,17.0
AUDI,A6,automoveis,2013-09,5,0.9,17.0
AUDI,A6,automoveis,2013-10,7,0.9,17.0
AUDI,A6,automoveis,2013-11,12,0.9,17.0
AUDI,A6,automoveis,2013-12,2,0.9,17.0
AUDI,A6,automoveis,2014-01,19,0.9,17.0
AUDI,A6,automoveis,2014-02,12,0.9,17.0
AUDI,A6,automoveis,2014-03,13,0.9,17.0
AUDI,A6,automoveis,2014-04,20,0.9,17.0
AUDI,A6,automoveis,2014-05,7,0.9,17.0
AUDI,A6,automoveis,2014-06,5,0.9,17.0
AUDI,A6,automoveis,2014-07,2,0.9,17.0
AUDI,A6,automoveis,2014-08,7,0.9,17.0
AUDI,A6,automoveis,2014-09,15,0.9,17.0
AUDI,A6,automoveis,2014-10,16,0.9,17.0
AUDI,A6,automoveis,2014-11,10,0.9,17.0
AUDI,A6,automoveis,2014-12,2,0.9,17.0
AUDI,A6,automoveis,2015-01,13,0.9,17.0
AUDI,A6,automoveis,2015-02,10,0.9,17.0
AUDI,A6,automoveis,2015-03,27,0.9,17.0
AUDI,A6,automoveis,2015-04,29,0.9,17.0
AUDI,A6,automoveis,2015-05,18,0.9,17.0
AUDI,A6,automoveis,2015-07,18,0.9,17.0
AUDI,A6,automoveis,2015-08,5,0.9,17.0
AUDI,A6,automoveis,2015-09,11,0.9,17.0
AUDI,A6,automoveis,2015-10,4,0.9,17.0
AUDI,A6,automoveis,2015-11,3,0.9,17.0
AUDI,A6,automoveis,2015-12,12,0.9,17.0
AUDI,A6,automoveis,2016-02,11,0.9,17.0
AUDI,A6,automoveis,2016-03,12,0.9,17.0
AUDI,A6,automoveis,2016-04,9,0.9,17.0
AUDI,A6,automoveis,2016-05,9,0.9,17.0
AUDI,A6,automoveis,2016-06,12,0.9,17.0
AUDI,A6,automoveis,2017-01,4,0.9,17.0
AUDI,A6,automoveis,2017-02,7,0.9,17.0
AUDI,A6,automoveis,2017-03,3,0.9,17.0
AUDI,A6,automoveis,2017-04,6,0.9,17.0
AUDI,A6,automoveis,2017-05,7,0.9,17.0
AUDI,A6,automoveis,2017-06,10,0.9,17.0
AUDI,A6,automoveis,2017-07,13,0.9,17.0
AUDI,A6,automoveis,2017-08,9,0.9,17.0
AUDI,A6,automoveis,2017-09,7,0.9,17.0
AUDI,A6,automoveis,2017-10,5,0.9,17.0
AUDI,A6,automoveis,2017-11,7,0.9,17.0
AUDI,A6,automoveis,2017-12,8,0.9,17.0
AUDI,A6,automoveis,2018-01,15,0.9,17.0
AUDI,A6,automoveis,2018-02,9,0.9,17.0
AUDI,A6,automoveis,2018-03,14,0.9,17.0
AUDI,A6,automoveis,2018-04,11,0.9,17.0
AUDI,A6,automoveis,2018-05,10,0.9,17.0
AUDI,A6,automoveis,2018-06,6,0.9,17.0
AUDI,A6,automoveis,2018-07,2,0.9,17.0
AUDI,A6,automoveis,2018-08,3,0.9,17.0
AUDI,A6,automoveis,2018-09,8,0.9,17.0
AUDI,A6,automoveis,2018-10,7,0.9,17.0
AUDI,A6,automoveis,2018-11,8,0.9,17.0
AUDI,A6,automoveis,2018-12,3,0.9,17.0
AUDI,A6,automoveis,2019-01,11,0.9,17.0
AUDI,A6,automoveis,2019-02,5,0.9,17.0
AUDI,A6,automoveis,2019-03,6,0.9,17.0
AUDI,A6,automoveis,2019-04,8,0.9,17.0
AUDI,A6,automoveis,2019-05,5,0.9,17.0
AUDI,A6,automoveis,2019-06,6,0.9,17.0
AUDI,A6,automoveis,2019-07,4,0.9,17.0
AUDI,A6,automoveis,2019-08,1,0.9,17.0
AUDI,A6,automoveis,2019-09,1,0.9,17.0
AUDI,A6,automoveis,2019-10,2,0.9,17.0
AUDI,A6,automoveis,2019-11,1,0.9,17.0
AUDI,A6,automoveis,2019-12,2,0.9,17.0
AUDI,A6,automoveis,2020-01,4,0.9,17.0
AUDI,A6,automoveis,2020-03,5,0.9,17.0
AUDI,A6,automoveis,2020-04,2,0.9,17.0
AUDI,A6,automoveis,2020-05,1,0.9,17.0
AUDI,A6,automoveis,2020-06,6,0.9,17.0
AUDI,A6,automoveis,2020-07,7,0.9,17.0
AUDI,A6,automoveis,2020-08,1,0.9,17.0
AUDI,A6,automoveis,2020-09,2,0.9,17.0
AUDI,A6,automoveis,2020-10,2,0.9,17.0
AUDI,A6,automoveis,2020-11,1,0.9,17.0
AUDI,A6,automoveis,2021-01,6,0.9,17.0
AUDI,A6,automoveis,2021-02,6,0.9,17.0
AUDI,A6,automoveis,2021-03,2,0.9,17.0
AUDI,A6,automoveis,2021-05,3,0.9,17.0
AUDI,A6,automoveis,2021-06,1,0.9,17.0
AUDI,A6,automoveis,2022-01,4,0.9,17.0
AUDI,A6,automoveis,2022-02,1,0.9,17.0
AUDI,A6,automoveis,2022-06,1,0.9,17.0
AUDI,A6,automoveis,2022-07,1,0.9,17.0
AUDI,A6,automoveis,2023-01,3,0.9,17.0
AUDI,A6,automoveis,2023-02,1,0.9,17.0
AUDI,A6,automoveis,2023-03,2,0.9,17.0
AUDI,A6,automoveis,2023-04,1,0.9,17.0
AUDI,A6,automoveis,2023-05,4,0.9,17.0
AUDI,A6,automoveis,2023-06,2,0.9,17.0
AUDI,A6,automoveis,2023-07,1,0.9,17.0
AUDI,A6,automoveis,2023-08,2,0.9,17.0
AUDI,A6,automoveis,2023-10,3,0.9,17.0
AUDI,A6,automoveis,2024-01,2,0.9,17.0
AUDI,A6,automoveis,2024-02,5,0.9,17.0
AUDI,A6,automoveis,2024-04,1,0.9,17.0
AUDI,A6,automoveis,2024-06,1,0.9,17.0
AUDI,A6,automoveis,2024-12,1,0.9,17.0
AUDI,A6,automoveis,2025-01,5,0.9,17.0
AUDI,A6,automoveis,2025-02,4,0.9,17.0
AUDI,A6,automoveis,2025-03,1,0.9,17.0
AUDI,A6,automoveis,2025-04,8,0.9,17.0
AUDI,A6,automoveis,2025-06,1,0.9,17.0
AUDI,A6,automoveis,2025-07,1,0.9,17.0
AUDI,A6,automoveis,2025-11,3,0.9,17.0
AUDI,A6,automoveis,2025-12,1,0.9,17.0
AUDI,COUPE,automoveis,2004-01,1,0.2,4.0
AUDI,COUPE,automoveis,2004-02,1,0.2,4.0
AUDI,COUPE,automoveis,2004-04,1,0.2,4.0
AUDI,E TRON GT,automoveis,2023-01,3,0.2,4.2
AUDI,E TRON GT,automoveis,2023-02,1,0.2,4.2
AUDI,E TRON GT,automoveis,2024-01,2,0.2,4.2
AUDI,E TRON GT,automoveis,2024-02,5,0.2,4.2
AUDI,E TRON GT,automoveis,2024-04,1,0.2,4.2
AUDI,E TRON GT,automoveis,2024-06,1,0.2,4.2
AUDI,E TRON GT,automoveis,2024-12,1,0.2,4.2
AUDI,E TRON GT,automoveis,2025-01,5,0.2,4.2
AUDI,E TRON GT,automoveis,2025-02,4,0.2,4.2
AUDI,E TRON GT,automoveis,2025-03,1,0.2,4.2
AUDI,E TRON GT,automoveis,2025-04,8,0.2,4.2
AUDI,E TRON GT,automoveis,2025-06,1,0.2,4.2
AUDI,E TRON GT,automoveis,2025-07,1,0.2,4.2
AUDI,E TRON GT,automoveis,2025-11,3,0.2,4.2
AUDI,E TRON GT,automoveis,2025-12,1,0.2,4.2
AUDI,Q3,automoveis,2020-01,72,25.1,502.8
AUDI,Q3,automoveis,2022-02,44,25.1,502.8
AUDI,Q5,automoveis,2011-10,39,9.2,184.8
AUDI,Q5,automoveis,2011-11,27,9.2,184.8
AUDI,Q5,automoveis,2011-12,24,9.2,184.8
AUDI,Q5,automoveis,2012-01,47,9.2,184.8
AUDI,Q5,automoveis,2012-02,11,9.2,184.8
AUDI,Q5,automoveis,2012-03,13,9.2,184.8
AUDI,Q5,automoveis,2012-04,12,9.2,184.8
AUDI,Q5,automoveis,2013-01,29,9.2,184.8
AUDI,Q5,automoveis,2013-02,24,9.2,184.8
AUDI,Q5,automoveis,2013-03,24,9.2,184.8
AUDI,Q5,automoveis,2013-04,24,9.2,184.8
AUDI,Q5,automoveis,2013-05,29,9.2,184.8
AUDI,Q5,automoveis,2013-06,20,9.2,184.8
AUDI,Q5,automoveis,2013-07,12,9.2,184.8
AUDI,Q5,automoveis,2013-10,27,9.2,184.8
AUDI,Q5,automoveis,2013-11,32,9.2,184.8
AUDI,Q5,automoveis,2013-12,45,9.2,184.8
AUDI,Q5,automoveis,2014-01,50,9.2,184.8
AUDI,Q5,automoveis,2014-02,27,9.2,184.8
AUDI,Q5,automoveis,2014-03,26,9.2,184.8
AUDI,Q5,automoveis,2014-04,50,9.2,184.8
AUDI,Q5,automoveis,2014-05,35,9.2,184.8
AUDI,Q5,automoveis,2014-06,25,9.2,184.8
AUDI,Q5,automoveis,2014-07,22,9.2,184.8
AUDI,Q5,automoveis,2014-08,15,9.2,184.8
AUDI,Q5,automoveis,2014-09,60,9.2,184.8
AUDI,Q5,automoveis,2014-10,34,9.2,184.8
AUDI,Q5,automoveis,2014-11,21,9.2,184.8
AUDI,Q5,automoveis,2014-12,25,9.2,184.8
AUDI,Q5,automoveis,2015-01,51,9.2,184.8
AUDI,Q5,automoveis,2015-02,28,9.2,184.8
AUDI,Q5,automoveis,2015-03,20,9.2,184.8
AUDI,Q5,automoveis,2015-04,27,9.2,184.8
AUDI,Q5,automoveis,2015-05,45,9.2,184.8
AUDI,Q5,automoveis,2015-06,32,9.2,184.8
AUDI,Q5,automoveis,2015-07,69,9.2,184.8
AUDI,Q5,automoveis,2015-08,56,9.2,184.8
AUDI,Q5,automoveis,2015-09,43,9.2,184.8
AUDI,Q5,automoveis,2015-10,26,9.2,184.8
AUDI,Q5,automoveis,2015-11,32,9.2,184.8
AUDI,Q5,automoveis,2015-12,23,9.2,184.8
AUDI,Q5,automoveis,2016-01,56,9.2,184.8
AUDI,Q5,automoveis,2016-02,36,9.2,184.8
AUDI,Q5,automoveis,2016-03,17,9.2,184.8
AUDI,Q5,automoveis,2016-04,29,9.2,184.8
AUDI,Q5,automoveis,2016-05,17,9.2,184.8
AUDI,Q5,automoveis,2016-06,27,9.2,184.8
AUDI,Q5,automoveis,2016-07,27,9.2,184.8
AUDI,Q5,automoveis,2016-08,16,9.2,184.8
AUDI,Q5,automoveis,2017-01,36,9.2,184.8
AUDI,Q5,automoveis,2017-02,32,9.2,184.8
AUDI,Q5,automoveis,2017-03,47,9.2,184.8
AUDI,Q5,automoveis,2017-04,33,9.2,184.8
AUDI,Q5,automoveis,2017-05,56,9.2,184.8
AUDI,Q5,automoveis,2017-06,37,9.2,184.8
AUDI,Q5,automoveis,2017-07,18,9.2,184.8
AUDI,Q5,automoveis,2017-08,15,9.2,184.8
AUDI,Q5,automoveis,2017-12,23,9.2,184.8
AUDI,Q5,automoveis,2018-02,48,9.2,184.8
AUDI,Q5,automoveis,2018-11,84,9.2,184.8
AUDI,Q5,automoveis,2018-12,89,9.2,184.8
AUDI,Q5,automoveis,2019-02,88,9.2,184.8
AUDI,Q5,automoveis,2019-03,80,9.2,184.8
AUDI,Q5,automoveis,2020-01,72,9.2,184.8
AUDI,Q5,automoveis,2020-03,57,9.2,184.8
AUDI,Q5,automoveis,2021-03,51,9.2,184.8
AUDI,Q5,automoveis,2021-04,59,9.2,184.8
AUDI,Q5,automoveis,2021-05,58,9.2,184.8
AUDI,Q5,automoveis,2021-06,48,9.2,184.8
AUDI,Q5,automoveis,2021-07,40,9.2,184.8
AUDI,Q7,automoveis,2009-02,4,0.6,11.4
AUDI,R8,automoveis,2010-03,5,0.1,2.1
AUDI,R8,automoveis,2010-04,2,0.1,2.1
AUDI,R8,automoveis,2010-05,5,0.1,2.1
AUDI,R8,automoveis,2010-06,2,0.1,2.1
AUDI,R8,automoveis,2010-07,3,0.1,2.1
AUDI,R8,automoveis,2010-08,4,0.1,2.1
AUDI,R8,automoveis,2010-09,4,0.1,2.1
AUDI,R8,automoveis,2010-10,2,0.1,2.1
AUDI,R8,automoveis,2010-11,4,0.1,2.1
AUDI,R8,automoveis,2010-12,8,0.1,2.1
AUDI,R8,automoveis,2011-01,8,0.1,2.1
AUDI,R8,automoveis,2011-02,5,0.1,2.1
AUDI,R8,automoveis,2011-03,6,0.1,2.1
AUDI,R8,automoveis,2011-04,5,0.1,2.1
AUDI,R8,automoveis,2011-05,6,0.1,2.1
AUDI,R8,automoveis,2011-06,9,0.1,2.1
AUDI,R8,automoveis,2011-07,7,0.1,2.1
AUDI,R8,automoveis,2011-08,5,0.1,2.1
AUDI,R8,automoveis,2011-09,5,0.1,2.1
AUDI,R8,automoveis,2011-10,3,0.1,2.1
AUDI,R8,automoveis,2011-11,5,0.1,2.1
AUDI,R8,automoveis,2011-12,5,0.1,2.1
AUDI,R8,automoveis,2012-01,4,0.1,2.1
AUDI,R8,automoveis,2012-02,6,0.1,2.1
AUDI,R8,automoveis,2012-03,4,0.1,2.1
AUDI,R8,automoveis,2012-04,2,0.1,2.1
AUDI,R8,automoveis,2012-05,1,0.1,2.1
AUDI,R8,automoveis,2012-08,3,0.1,2.1
AUDI,R8,automoveis,2012-09,1,0.1,2.1
AUDI,R8,automoveis,2012-12,2,0.1,2.1
AUDI,R8,automoveis,2013-01,10,0.1,2.1
AUDI,R8,automoveis,2013-02,1,0.1,2.1
AUDI,R8,automoveis,2013-03,5,0.1,2.1
AUDI,R8,automoveis,2013-04,7,0.1,2.1
AUDI,R8,automoveis,2013-05,4,0.1,2.1
AUDI,R8,automoveis,2013-06,7,0.1,2.1
AUDI,R8,automoveis,2013-07,3,0.1,2.1
AUDI,R8,automoveis,2013-08,2,0.1,2.1
AUDI,R8,automoveis,2013-09,7,0.1,2.1
AUDI,R8,automoveis,2013-10,4,0.1,2.1
AUDI,R8,automoveis,2013-11,2,0.1,2.1
AUDI,R8,automoveis,2013-12,3,0.1,2.1
AUDI,R8,automoveis,2014-01,5,0.1,2.1
AUDI,R8,automoveis,2014-02,3,0.1,2.1
AUDI,R8,automoveis,2014-03,2,0.1,2.1
AUDI,R8,automoveis,2014-04,2,0.1,2.1
AUDI,R8,automoveis,2014-05,2,0.1,2.1
AUDI,R8,automoveis,2014-06,3,0.1,2.1
AUDI,R8,automoveis,2014-07,4,0.1,2.1
AUDI,R8,automoveis,2014-08,5,0.1,2.1
AUDI,R8,automoveis,2014-09,4,0.1,2.1
AUDI,R8,automoveis,2014-10,5,0.1,2.1
AUDI,R8,automoveis,2014-11,2,0.1,2.1
AUDI,R8,automoveis,2014-12,3,0.1,2.1
AUDI,R8,automoveis,2015-01,6,0.1,2.1
AUDI,R8,automoveis,2015-02,4,0.1,2.1
AUDI,R8,automoveis,2015-03,4,0.1,2.1
AUDI,R8,automoveis,2015-04,5,0.1,2.1
AUDI,R8,automoveis,2015-05,2,0.1,2.1
AUDI,R8,automoveis,2015-06,6,0.1,2.1
AUDI,R8,automoveis,2015-07,5,0.1,2.1
AUDI,R8,automoveis,2015-08,3,0.1,2.1
AUDI,R8,automoveis,2015-09,3,0.1,2.1
AUDI,R8,automoveis,2015-10,1,0.1,2.1
AUDI,R8,automoveis,2015-11,4,0.1,2.1
AUDI,R8,automoveis,2015-12,6,0.1,2.1
AUDI,R8,automoveis,2016-01,4,0.1,2.1
AUDI,R8,automoveis,2016-02,1,0.1,2.1
AUDI,R8,automoveis,2016-04,1,0.1,2.1
AUDI,R8,automoveis,2016-06,2,0.1,2.1
AUDI,R8,automoveis,2016-07,1,0.1,2.1
AUDI,R8,automoveis,2016-08,2,0.1,2.1
AUDI,R8,automoveis,2016-10,1,0.1,2.1
AUDI,R8,automoveis,2017-01,2,0.1,2.1
AUDI,R8,automoveis,2017-03,2,0.1,2.1
AUDI,R8,automoveis,2017-07,3,0.1,2.1
AUDI,R8,automoveis,2017-09,1,0.1,2.1
AUDI,R8,automoveis,2017-10,4,0.1,2.1
AUDI,R8,automoveis,2017-11,3,0.1,2.1
AUDI,R8,automoveis,2017-12,4,0.1,2.1
AUDI,R8,automoveis,2018-01,4,0.1,2.1
AUDI,R8,automoveis,2018-02,2,0.1,2.1
AUDI,R8,automoveis,2018-03,2,0.1,2.1
AUDI,R8,automoveis,2018-05,1,0.1,2.1
AUDI,R8,automoveis,2018-06,3,0.1,2.1
AUDI,R8,automoveis,2018-07,1,0.1,2.1
AUDI,R8,automoveis,2018-11,3,0.1,2.1
AUDI,R8,automoveis,2018-12,3,0.1,2.1
AUDI,R8,automoveis,2019-01,5,0.1,2.1
AUDI,R8,automoveis,2019-02,2,0.1,2.1
AUDI,R8,automoveis,2019-03,3,0.1,2.1
AUDI,R8,automoveis,2019-04,5,0.1,2.1
AUDI,R8,automoveis,2019-05,1,0.1,2.1
AUDI,R8,automoveis,2019-07,1,0.1,2.1
AUDI,R8,automoveis,2020-01,2,0.1,2.1
AUDI,R8,automoveis,2020-02,3,0.1,2.1
AUDI,R8,automoveis,2020-03,1,0.1,2.1
AUDI,R8,automoveis,2020-06,3,0.1,2.1
AUDI,R8,automoveis,2020-07,2,0.1,2.1
AUDI,R8,automoveis,2020-09,1,0.1,2.1
AUDI,ROADSTER,automoveis,2003-08,1,0.2,3.0
AUDI,ROADSTER,automoveis,2003-12,1,0.2,3.0
AUDI,ROADSTER,automoveis,2004-01,1,0.2,3.0
AUDI,ROADSTER,automoveis,2004-02,1,0.2,3.0
AUDI,ROADSTER,automoveis,2004-04,1,0.2,3.0
AUDI,ROADSTER,automoveis,2004-07,1,0.2,3.0
AUDI,RS3,automoveis,2019-03,1,0.7,13.2
AUDI,RS3,automoveis,2019-11,1,0.7,13.2
AUDI,RS3,automoveis,2019-12,1,0.7,13.2
AUDI,RS3,automoveis,2020-02,1,0.7,13.2
AUDI,RS3,automoveis,2020-09,1,0.7,13.2
AUDI,RS6,automoveis,2004-02,1,0.1,1.3
AUDI,RS6,automoveis,2004-04,1,0.1,1.3
AUDI,RS6,automoveis,2004-07,1,0.1,1.3
AUDI,RS6,automoveis,2005-01,1,0.1,1.3
AUDI,RS6,automoveis,2005-02,1,0.1,1.3
AUDI,RS6,automoveis,2005-07,1,0.1,1.3
AUDI,RS6,automoveis,2005-08,1,0.1,1.3
AUDI,RS6,automoveis,2006-01,2,0.1,1.3
AUDI,RS6,automoveis,2006-02,1,0.1,1.3
AUDI,RS6,automoveis,2006-04,2,0.1,1.3
AUDI,RS6,automoveis,2006-06,1,0.1,1.3
AUDI,RS6,automoveis,2006-07,2,0.1,1.3
AUDI,RS6,automoveis,2006-08,1,0.1,1.3
AUDI,RS6,automoveis,2006-09,1,0.1,1.3
AUDI,RS6,automoveis,2006-12,2,0.1,1.3
AUDI,RS6,automoveis,2007-01,2,0.1,1.3
AUDI,RS6,automoveis,2007-02,1,0.1,1.3
AUDI,RS6,automoveis,2007-03,2,0.1,1.3
AUDI,RS6,automoveis,2007-04,2,0.1,1.3
AUDI,RS6,automoveis,2007-05,2,0.1,1.3
AUDI,RS6,automoveis,2007-06,3,0.1,1.3
AUDI,RS6,automoveis,2007-07,3,0.1,1.3
AUDI,RS6,automoveis,2007-08,1,0.1,1.3
AUDI,RS6,automoveis,2007-10,1,0.1,1.3
AUDI,RS6,automoveis,2007-11,2,0.1,1.3
AUDI,RS6,automoveis,2007-12,4,0.1,1.3
AUDI,RS6,automoveis,2008-01,6,0.1,1.3
AUDI,RS6,automoveis,2008-02,5,0.1,1.3
AUDI,RS6,automoveis,2008-03,4,0.1,1.3
AUDI,RS6,automoveis,2008-04,5,0.1,1.3
AUDI,RS6,automoveis,2008-05,1,0.1,1.3
AUDI,RS6,automoveis,2008-06,4,0.1,1.3
AUDI,RS6,automoveis,2008-07,3,0.1,1.3
AUDI,RS6,automoveis,2008-08,1,0.1,1.3
AUDI,RS6,automoveis,2008-09,3,0.1,1.3
AUDI,RS6,automoveis,2008-10,3,0.1,1.3
AUDI,RS6,automoveis,2008-11,4,0.1,1.3
AUDI,RS6,automoveis,2008-12,3,0.1,1.3
AUDI,RS6,automoveis,2009-01,4,0.1,1.3
AUDI,RS6,automoveis,2009-02,3,0.1,1.3
AUDI,RS6,automoveis,2009-03,3,0.1,1.3
AUDI,RS6,automoveis,2009-04,4,0.1,1.3
AUDI,RS6,automoveis,2009-05,3,0.1,1.3
AUDI,RS6,automoveis,2009-06,1,0.1,1.3
AUDI,RS6,automoveis,2009-07,4,0.1,1.3
AUDI,RS6,automoveis,2009-08,1,0.1,1.3
AUDI,RS6,automoveis,2009-09,3,0.1,1.3
AUDI,RS6,automoveis,2009-10,2,0.1,1.3
AUDI,RS6,automoveis,2009-11,3,0.1,1.3
AUDI,RS6,automoveis,2009-12,3,0.1,1.3
AUDI,RS6,automoveis,2010-01,4,0.1,1.3
AUDI,RS6,automoveis,2010-02,2,0.1,1.3
AUDI,RS6,automoveis,2010-03,5,0.1,1.3
AUDI,RS6,automoveis,2010-04,2,0.1,1.3
AUDI,RS6,automoveis,2010-05,5,0.1,1.3
AUDI,RS6,automoveis,2010-06,2,0.1,1.3
AUDI,RS6,automoveis,2010-07,3,0.1,1.3
AUDI,RS6,automoveis,2010-08,4,0.1,1.3
AUDI,RS6,automoveis,2010-09,4,0.1,1.3
AUDI,RS6,automoveis,2010-10,2,0.1,1.3
AUDI,RS6,automoveis,2010-11,4,0.1,1.3
AUDI,RS6,automoveis,2010-12,8,0.1,1.3
AUDI,RS6,automoveis,2011-01,8,0.1,1.3
AUDI,RS6,automoveis,2011-02,5,0.1,1.3
AUDI,RS6,automoveis,2011-03,6,0.1,1.3
AUDI,RS6,automoveis,2011-04,5,0.1,1.3
AUDI,RS6,automoveis,2011-05,6,0.1,1.3
AUDI,RS6,automoveis,2011-06,9,0.1,1.3
AUDI,RS6,automoveis,2011-07,7,0.1,1.3
AUDI,RS6,automoveis,2011-08,5,0.1,1.3
AUDI,RS6,automoveis,2011-09,5,0.1,1.3
AUDI,RS6,automoveis,2011-10,3,0.1,1.3
AUDI,RS6,automoveis,2011-11,5,0.1,1.3
AUDI,RS6,automoveis,2011-12,5,0.1,1.3
AUDI,RS6,automoveis,2012-01,4,0.1,1.3
AUDI,RS6,automoveis,2012-02,6,0.1,1.3
AUDI,RS6,automoveis,2012-03,4,0.1,1.3
AUDI,RS6,automoveis,2012-04,2,0.1,1.3
AUDI,RS6,automoveis,2012-05,1,0.1,1.3
AUDI,RS6,automoveis,2012-08,3,0.1,1.3
AUDI,RS6,automoveis,2012-09,1,0.1,1.3
AUDI,RS6,automoveis,2012-12,2,0.1,1.3
AUDI,RS6,automoveis,2013-01,10,0.1,1.3
AUDI,RS6,automoveis,2013-02,1,0.1,1.3
AUDI,RS6,automoveis,2013-03,5,0.1,1.3
AUDI,RS6,automoveis,2013-04,7,0.1,1.3
AUDI,RS6,automoveis,2013-05,4,0.1,1.3
AUDI,RS6,automoveis,2013-06,7,0.1,1.3
AUDI,RS6,automoveis,2013-07,3,0.1,1.3
AUDI,RS6,automoveis,2013-08,2,0.1,1.3
AUDI,RS6,automoveis,2013-09,7,0.1,1.3
AUDI,RS6,automoveis,2013-10,4,0.1,1.3
AUDI,RS6,automoveis,2013-11,2,0.1,1.3
AUDI,RS6,automoveis,2013-12,3,0.1,1.3
AUDI,RS6,automoveis,2014-02,3,0.1,1.3
AUDI,RS6,automoveis,2014-03,2,0.1,1.3
AUDI,RS6,automoveis,2014-04,2,0.1,1.3
AUDI,RS6,automoveis,2014-05,2,0.1,1.3
AUDI,RS6,automoveis,2014-06,3,0.1,1.3
AUDI,RS6,automoveis,2014-07,4,0.1,1.3
AUDI,RS6,automoveis,2014-08,5,0.1,1.3
AUDI,RS6,automoveis,2014-09,4,0.1,1.3
AUDI,RS6,automoveis,2014-10,5,0.1,1.3
AUDI,RS6,automoveis,2014-11,2,0.1,1.3
AUDI,RS6,automoveis,2014-12,3,0.1,1.3
AUDI,RS6,automoveis,2015-01,6,0.1,1.3
AUDI,RS6,automoveis,2015-02,4,0.1,1.3
AUDI,RS6,automoveis,2015-03,4,0.1,1.3
AUDI,RS6,automoveis,2015-04,5,0.1,1.3
AUDI,RS6,automoveis,2015-05,2,0.1,1.3
AUDI,RS6,automoveis,2015-06,6,0.1,1.3
AUDI,RS6,automoveis,2015-07,5,0.1,1.3
AUDI,RS6,automoveis,2015-08,3,0.1,1.3
AUDI,RS6,automoveis,2015-09,3,0.1,1.3
AUDI,RS6,automoveis,2015-10,1,0.1,1.3
AUDI,RS6,automoveis,2015-11,4,0.1,1.3
AUDI,RS6,automoveis,2015-12,6,0.1,1.3
AUDI,RS6,automoveis,2016-01,4,0.1,1.3
AUDI,RS6,automoveis,2016-02,1,0.1,1.3
AUDI,RS6,automoveis,2016-03,1,0.1,1.3
AUDI,RS6,automoveis,2016-04,1,0.1,1.3
AUDI,RS6,automoveis,2016-06,2,0.1,1.3
AUDI,RS6,automoveis,2016-07,1,0.1,1.3
AUDI,RS6,automoveis,2016-08,2,0.1,1.3
AUDI,RS6,automoveis,2016-10,1,0.1,1.3
AUDI,RS6,automoveis,2017-07,3,0.1,1.3
AUDI,RS6,automoveis,2017-09,1,0.1,1.3
AUDI,RS6,automoveis,2017-10,4,0.1,1.3
AUDI,RS6,automoveis,2017-11,3,0.1,1.3
AUDI,RS6,automoveis,2018-01,4,0.1,1.3
AUDI,RS6,automoveis,2018-02,2,0.1,1.3
AUDI,RS6,automoveis,2018-03,2,0.1,1.3
AUDI,RS6,automoveis,2018-05,1,0.1,1.3
AUDI,RS6,automoveis,2018-06,3,0.1,1.3
AUDI,RS6,automoveis,2018-07,1,0.1,1.3
AUDI,RS6,automoveis,2018-11,3,0.1,1.3
AUDI,RS6,automoveis,2018-12,3,0.1,1.3
AUDI,S3,automoveis,2005-01,1,0.3,6.3
AUDI,S3,automoveis,2005-02,1,0.3,6.3
AUDI,S3,automoveis,2005-07,1,0.3,6.3
AUDI,S3,automoveis,2005-08,1,0.3,6.3
AUDI,S3,automoveis,2006-01,2,0.3,6.3
AUDI,S3,automoveis,2006-02,1,0.3,6.3
AUDI,S3,automoveis,2006-04,2,0.3,6.3
AUDI,S3,automoveis,2006-06,1,0.3,6.3
AUDI,S3,automoveis,2006-07,2,0.3,6.3
AUDI,S3,automoveis,2006-08,1,0.3,6.3
AUDI,S3,automoveis,2006-09,1,0.3,6.3
AUDI,S3,automoveis,2006-12,2,0.3,6.3
AUDI,S3,automoveis,2007-01,2,0.3,6.3
AUDI,S3,automoveis,2007-02,1,0.3,6.3
AUDI,S3,automoveis,2007-03,2,0.3,6.3
AUDI,S3,automoveis,2007-04,2,0.3,6.3
AUDI,S3,automoveis,2007-05,2,0.3,6.3
AUDI,S3,automoveis,2007-06,3,0.3,6.3
AUDI,S3,automoveis,2007-07,3,0.3,6.3
AUDI,S3,automoveis,2007-08,1,0.3,6.3
AUDI,S3,automoveis,2007-10,1,0.3,6.3
AUDI,S3,automoveis,2007-11,2,0.3,6.3
AUDI,S3,automoveis,2007-12,4,0.3,6.3
AUDI,S3,automoveis,2008-01,6,0.3,6.3
AUDI,S3,automoveis,2008-02,5,0.3,6.3
AUDI,S3,automoveis,2008-03,4,0.3,6.3
AUDI,S3,automoveis,2008-04,5,0.3,6.3
AUDI,S3,automoveis,2008-05,1,0.3,6.3
AUDI,S3,automoveis,2008-06,4,0.3,6.3
AUDI,S3,automoveis,2008-07,3,0.3,6.3
AUDI,S3,automoveis,2008-08,1,0.3,6.3
AUDI,S3,automoveis,2008-09,3,0.3,6.3
AUDI,S3,automoveis,2008-10,3,0.3,6.3
AUDI,S3,automoveis,2008-11,4,0.3,6.3
AUDI,S3,automoveis,2008-12,3,0.3,6.3
AUDI,S3,automoveis,2009-01,4,0.3,6.3
AUDI,S3,automoveis,2009-02,3,0.3,6.3
AUDI,S3,automoveis,2009-03,3,0.3,6.3
AUDI,S3,automoveis,2009-04,4,0.3,6.3
AUDI,S3,automoveis,2009-05,3,0.3,6.3
AUDI,S3,automoveis,2009-06,1,0.3,6.3
AUDI,S3,automoveis,2009-07,4,0.3,6.3
AUDI,S3,automoveis,2009-08,1,0.3,6.3
AUDI,S3,automoveis,2009-09,3,0.3,6.3
AUDI,S3,automoveis,2009-10,2,0.3,6.3
AUDI,S3,automoveis,2009-11,3,0.3,6.3
AUDI,S3,automoveis,2009-12,3,0.3,6.3
AUDI,TT,automoveis,2010-01,4,1.9,37.2
AUDI,TT,automoveis,2010-02,2,1.9,37.2
AUDI,TT,automoveis,2010-03,5,1.9,37.2
AUDI,TT,automoveis,2010-12,8,1.9,37.2
AUDI,TT,automoveis,2011-01,8,1.9,37.2
AUDI,TT,automoveis,2011-02,5,1.9,37.2
AUDI,TT,automoveis,2014-01,5,1.9,37.2
AUDI,TT,automoveis,2014-03,2,1.9,37.2
AUDI,TT,automoveis,2014-04,2,1.9,37.2
AUDI,TT,automoveis,2014-05,2,1.9,37.2
AUDI,TT,automoveis,2014-06,3,1.9,37.2
AUDI,TT,automoveis,2014-07,4,1.9,37.2
AUDI,TT,automoveis,2014-08,5,1.9,37.2
AUDI,TT,automoveis,2014-09,4,1.9,37.2
AUDI,TT,automoveis,2014-10,5,1.9,37.2
AUDI,TT,automoveis,2014-11,2,1.9,37.2
AUDI,TT,automoveis,2014-12,3,1.9,37.2
AUDI,TT,automoveis,2015-01,6,1.9,37.2
AUDI,TT,automoveis,2015-02,4,1.9,37.2
AUDI,TT,automoveis,2015-03,4,1.9,37.2
AUDI,TT,automoveis,2015-04,5,1.9,37.2
AUDI,TT,automoveis,2020-01,2,1.9,37.2
AUDI,TT,automoveis,2020-02,3,1.9,37.2
AUDI,TT,automoveis,2020-06,3,1.9,37.2
AUDI,TT,automoveis,2020-07,2,1.9,37.2
AUDI,TT,automoveis,2020-12,3,1.9,37.2
AUDI,TTS,automoveis,2010-05,5,0.1,1.1
AUDI,TTS,automoveis,2010-06,2,0.1,1.1
AUDI,TTS,automoveis,2010-07,3,0.1,1.1
AUDI,TTS,automoveis,2010-08,4,0.1,1.1
AUDI,TTS,automoveis,2010-09,4,0.1,1.1
AUDI,TTS,automoveis,2010-10,2,0.1,1.1
AUDI,TTS,automoveis,2010-11,4,0.1,1.1
AUDI,TTS,automoveis,2010-12,8,0.1,1.1
AUDI,TTS,automoveis,2011-01,8,0.1,1.1
AUDI,TTS,automoveis,2011-02,5,0.1,1.1
AUDI,TTS,automoveis,2011-03,6,0.1,1.1
AUDI,TTS,automoveis,2011-04,5,0.1,1.1
AUDI,TTS,automoveis,2011-05,6,0.1,1.1
AUDI,TTS,automoveis,2011-06,9,0.1,1.1
AUDI,TTS,automoveis,2011-07,7,0.1,1.1
AUDI,TTS,automoveis,2011-08,5,0.1,1.1
AUDI,TTS,automoveis,2011-09,5,0.1,1.1
AUDI,TTS,automoveis,2011-10,3,0.1,1.1
AUDI,TTS,automoveis,2011-11,5,0.1,1.1
AUDI,TTS,automoveis,2011-12,5,0.1,1.1
AUDI,TTS,automoveis,2012-01,4,0.1,1.1
AUDI,TTS,automoveis,2012-02,6,0.1,1.1
AUDI,TTS,automoveis,2012-03,4,0.1,1.1
AUDI,TTS,automoveis,2012-04,2,0.1,1.1
AUDI,TTS,automoveis,2012-05,1,0.1,1.1
AUDI,TTS,automoveis,2012-08,3,0.1,1.1
AUDI,TTS,automoveis,2012-09,1,0.1,1.1
AUDI,TTS,automoveis,2012-12,2,0.1,1.1
AUDI,TTS,automoveis,2013-01,10,0.1,1.1
AUDI,TTS,automoveis,2013-02,1,0.1,1.1
AUDI,TTS,automoveis,2013-03,5,0.1,1.1
AUDI,TTS,automoveis,2013-04,7,0.1,1.1
AUDI,TTS,automoveis,2013-05,4,0.1,1.1
AUDI,TTS,automoveis,2013-06,7,0.1,1.1
AUDI,TTS,automoveis,2013-07,3,0.1,1.1
AUDI,TTS,automoveis,2013-08,2,0.1,1.1
AUDI,TTS,automoveis,2013-09,7,0.1,1.1
AUDI,TTS,automoveis,2013-10,4,0.1,1.1
AUDI,TTS,automoveis,2013-11,2,0.1,1.1
AUDI,TTS,automoveis,2013-12,3,0.1,1.1
AUDI,TTS,automoveis,2014-01,5,0.1,1.1
AUDI,TTS,automoveis,2014-02,3,0.1,1.1
AUDI,TTS,automoveis,2014-03,2,0.1,1.1
AUDI,TTS,automoveis,2014-04,2,0.1,1.1
AUDI,TTS,automoveis,2014-05,2,0.1,1.1
AUDI,TTS,automoveis,2014-06,3,0.1,1.1
AUDI,TTS,automoveis,2014-07,4,0.1,1.1
AUDI,TTS,automoveis,2014-08,5,0.1,1.1
AUDI,TTS,automoveis,2014-09,4,0.1,1.1
AUDI,TTS,automoveis,2014-10,5,0.1,1.1
AUDI,TTS,automoveis,2014-11,2,0.1,1.1
AUDI,TTS,automoveis,2014-12,3,0.1,1.1
AUDI,TTS,automoveis,2015-01,6,0.1,1.1
AUDI,TTS,automoveis,2015-02,4,0.1,1.1
AUDI,TTS,automoveis,2015-03,4,0.1,1.1
AUDI,TTS,automoveis,2015-04,5,0.1,1.1
AUDI,TTS,automoveis,2015-05,2,0.1,1.1
AUDI,TTS,automoveis,2015-06,6,0.1,1.1
AUDI,TTS,automoveis,2015-07,5,0.1,1.1
AUDI,TTS,automoveis,2015-08,3,0.1,1.1
AUDI,TTS,automoveis,2015-09,3,0.1,1.1
AUDI,TTS,automoveis,2015-10,1,0.1,1.1
AUDI,TTS,automoveis,2015-11,4,0.1,1.1
AUDI,TTS,automoveis,2015-12,6,0.1,1.1
AUDI,TTS,automoveis,2016-01,4,0.1,1.1
AUDI,TTS,automoveis,2016-06,2,0.1,1.1
AUDI,TTS,automoveis,2016-07,1,0.1,1.1
AUDI,TTS,automoveis,2016-08,2,0.1,1.1
AUDI,TTS,automoveis,2016-10,1,0.1,1.1
AUDI,TTS,automoveis,2017-01,2,0.1,1.1
AUDI,TTS,automoveis,2017-03,2,0.1,1.1
AUDI,TTS,automoveis,2017-07,3,0.1,1.1
AUDI,TTS,automoveis,2017-09,1,0.1,1.1
AUDI,TTS,automoveis,2017-12,4,0.1,1.1
BMW,220I,automoveis,2017-06,6,1.7,34.6
BMW,220I,automoveis,2017-07,5,1.7,34.6
BMW,320,automoveis,2012-01,28,26.6,531.4
BMW,320I,automoveis,2008-04,23,22.4,448.7
BMW,320I,automoveis,2010-08,35,22.4,448.7
BMW,320I,automoveis,2011-01,30,22.4,448.7
BMW,320I,automoveis,2011-02,35,22.4,448.7
BMW,320I,automoveis,2011-03,32,22.4,448.7
BMW,320I,automoveis,2011-04,29,22.4,448.7
BMW,320I,automoveis,2011-05,40,22.4,448.7
BMW,320I,automoveis,2011-06,39,22.4,448.7
BMW,320I,automoveis,2011-07,33,22.4,448.7
BMW,320I,automoveis,2011-12,41,22.4,448.7
BMW,320I,automoveis,2012-01,28,22.4,448.7
BMW,320I,automoveis,2015-03,27,22.4,448.7
BMW,320I,automoveis,2015-04,29,22.4,448.7
BMW,325,automoveis,2007-04,14,2.9,58.7
BMW,325,automoveis,2007-05,9,2.9,58.7
BMW,325,automoveis,2007-06,9,2.9,58.7
BMW,325,automoveis,2008-03,18,2.9,58.7
BMW,325,automoveis,2010-06,8,2.9,58.7
BMW,325,automoveis,2010-07,9,2.9,58.7
BMW,325I,automoveis,2008-04,23,3.7,74.8
BMW,325I,automoveis,2008-05,10,3.7,74.8
BMW,325I,automoveis,2008-06,7,3.7,74.8
BMW,325I,automoveis,2008-07,19,3.7,74.8
BMW,325I,automoveis,2008-08,11,3.7,74.8
BMW,325I,automoveis,2008-09,12,3.7,74.8
BMW,325I,automoveis,2008-10,16,3.7,74.8
BMW,325I,automoveis,2008-11,12,3.7,74.8
BMW,325I,automoveis,2008-12,14,3.7,74.8
BMW,325I,automoveis,2009-01,14,3.7,74.8
BMW,325I,automoveis,2009-02,12,3.7,74.8
BMW,325I,automoveis,2009-03,10,3.7,74.8
BMW,325I,automoveis,2009-04,10,3.7,74.8
BMW,325I,automoveis,2009-05,13,3.7,74.8
BMW,325I,automoveis,2009-06,19,3.7,74.8
BMW,325I,automoveis,2009-07,18,3.7,74.8
BMW,325I,automoveis,2009-08,6,3.7,74.8
BMW,325I,automoveis,2010-01,11,3.7,74.8
BMW,325I,automoveis,2010-02,8,3.7,74.8
BMW,325I,automoveis,2010-03,11,3.7,74.8
BMW,325I,automoveis,2010-04,11,3.7,74.8
BMW,325I,automoveis,2010-05,6,3.7,74.8
BMW,325I,automoveis,2010-06,8,3.7,74.8
BMW,325I,automoveis,2010-07,9,3.7,74.8
BMW,325I,automoveis,2010-08,35,3.7,74.8
BMW,325I,automoveis,2010-09,15,3.7,74.8
BMW,325I,automoveis,2010-10,11,3.7,74.8
BMW,325I,automoveis,2010-11,4,3.7,74.8
BMW,325I,automoveis,2011-01,30,3.7,74.8
BMW,325I,automoveis,2011-02,35,3.7,74.8
BMW,325I,automoveis,2011-03,32,3.7,74.8
BMW,325I,automoveis,2011-04,29,3.7,74.8
BMW,325I,automoveis,2011-05,40,3.7,74.8
BMW,325I,automoveis,2011-06,39,3.7,74.8
BMW,325I,automoveis,2011-07,33,3.7,74.8
BMW,325I,automoveis,2011-08,15,3.7,74.8
BMW,325I,automoveis,2011-09,9,3.7,74.8
BMW,325I,automoveis,2011-10,6,3.7,74.8
BMW,325I,automoveis,2011-11,11,3.7,74.8
BMW,325I,automoveis,2011-12,41,3.7,74.8
BMW,325I,automoveis,2012-01,28,3.7,74.8
BMW,325I,automoveis,2012-02,17,3.7,74.8
BMW,325I,automoveis,2012-03,16,3.7,74.8
BMW,325I,automoveis,2012-04,15,3.7,74.8
BMW,325I,automoveis,2012-05,22,3.7,74.8
BMW,325I,automoveis,2012-06,5,3.7,74.8
BMW,325I,automoveis,2012-07,5,3.7,74.8
BMW,325I,automoveis,2013-01,17,3.7,74.8
BMW,325I,automoveis,2013-02,14,3.7,74.8
BMW,325I,automoveis,2013-03,18,3.7,74.8
BMW,325I,automoveis,2013-04,7,3.7,74.8
BMW,325I,automoveis,2013-05,6,3.7,74.8
BMW,325I,automoveis,2013-06,10,3.7,74.8
BMW,325I,automoveis,2013-07,13,3.7,74.8
BMW,325I,automoveis,2013-08,13,3.7,74.8
BMW,325I,automoveis,2013-09,5,3.7,74.8
BMW,325I,automoveis,2013-10,7,3.7,74.8
BMW,325I,automoveis,2013-11,12,3.7,74.8
BMW,325I,automoveis,2014-01,19,3.7,74.8
BMW,325I,automoveis,2014-02,12,3.7,74.8
BMW,325I,automoveis,2014-03,13,3.7,74.8
BMW,325I,automoveis,2014-04,20,3.7,74.8
BMW,325I,automoveis,2014-05,7,3.7,74.8
BMW,325I,automoveis,2014-06,5,3.7,74.8
BMW,325I,automoveis,2014-08,7,3.7,74.8
BMW,325I,automoveis,2014-09,15,3.7,74.8
BMW,325I,automoveis,2014-10,16,3.7,74.8
BMW,325I,automoveis,2014-11,10,3.7,74.8
BMW,325I,automoveis,2015-01,13,3.7,74.8
BMW,325I,automoveis,2015-02,10,3.7,74.8
BMW,325I,automoveis,2015-03,27,3.7,74.8
BMW,325I,automoveis,2015-04,29,3.7,74.8
BMW,325I,automoveis,2015-05,18,3.7,74.8
BMW,325I,automoveis,2015-07,18,3.7,74.8
BMW,325I,automoveis,2015-08,5,3.7,74.8
BMW,325I,automoveis,2015-09,11,3.7,74.8
BMW,325I,automoveis,2015-10,4,3.7,74.8
BMW,325I,automoveis,2015-12,12,3.7,74.8
BMW,325I,automoveis,2016-01,14,3.7,74.8
BMW,325I,automoveis,2016-02,11,3.7,74.8
BMW,325I,automoveis,2016-03,12,3.7,74.8
BMW,325I,automoveis,2016-04,9,3.7,74.8
BMW,325I,automoveis,2016-05,9,3.7,74.8
BMW,325I,automoveis,2016-06,12,3.7,74.8
BMW,325I,automoveis,2016-11,6,3.7,74.8
BMW,325I,automoveis,2016-12,9,3.7,74.8
BMW,325I,automoveis,2017-01,4,3.7,74.8
BMW,325I,automoveis,2017-02,7,3.7,74.8
BMW,325I,automoveis,2017-04,6,3.7,74.8
BMW,325I,automoveis,2017-05,7,3.7,74.8
BMW,325I,automoveis,2017-06,10,3.7,74.8
BMW,325I,automoveis,2017-07,13,3.7,74.8
BMW,325I,automoveis,2017-08,9,3.7,74.8
BMW,325I,automoveis,2017-09,7,3.7,74.8
BMW,325I,automoveis,2017-10,5,3.7,74.8
BMW,325I,automoveis,2017-11,7,3.7,74.8
BMW,325I,automoveis,2017-12,8,3.7,74.8
BMW,325I,automoveis,2018-01,15,3.7,74.8
BMW,325I,automoveis,2018-02,9,3.7,74.8
BMW,325I,automoveis,2018-03,14,3.7,74.8
BMW,325I,automoveis,2018-04,11,3.7,74.8
BMW,325I,automoveis,2018-05,10,3.7,74.8
BMW,325I,automoveis,2018-06,6,3.7,74.8
BMW,325I,automoveis,2018-09,8,3.7,74.8
BMW,325I,automoveis,2018-10,7,3.7,74.8
BMW,325I,automoveis,2018-11,8,3.7,74.8
BMW,325I,automoveis,2019-01,11,3.7,74.8
BMW,325I,automoveis,2019-02,5,3.7,74.8
BMW,325I,automoveis,2019-03,6,3.7,74.8
BMW,325I,automoveis,2019-04,8,3.7,74.8
BMW,325I,automoveis,2019-05,5,3.7,74.8
BMW,325I,automoveis,2019-06,6,3.7,74.8
BMW,325I,automoveis,2019-07,4,3.7,74.8
BMW,325I,automoveis,2020-01,4,3.7,74.8
BMW,325I,automoveis,2020-02,4,3.7,74.8
BMW,325I,automoveis,2020-03,5,3.7,74.8
BMW,325I,automoveis,2020-06,6,3.7,74.8
BMW,325I,automoveis,2020-07,7,3.7,74.8
BMW,328,automoveis,2012-01,19,5.9,118.5
BMW,328,automoveis,2012-02,7,5.9,118.5
BMW,328,automoveis,2012-03,15,5.9,118.5
BMW,328,automoveis,2012-04,8,5.9,118.5
BMW,328,automoveis,2013-02,14,5.9,118.5
BMW,330,automoveis,2004-04,8,0.8,15.2
BMW,330,automoveis,2004-05,8,0.8,15.2
BMW,330,automoveis,2004-06,6,0.8,15.2
BMW,330,automoveis,2004-07,8,0.8,15.2
BMW,330,automoveis,2004-08,10,0.8,15.2
BMW,330,automoveis,2004-09,8,0.8,15.2
BMW,330,automoveis,2004-10,12,0.8,15.2
BMW,330,automoveis,2004-11,12,0.8,15.2
BMW,330,automoveis,2004-12,10,0.8,15.2
BMW,330I,automoveis,2006-12,20,5.5,110.5
BMW,330I,automoveis,2007-01,21,5.5,110.5
BMW,330I,automoveis,2007-02,16,5.5,110.5
BMW,330I,automoveis,2007-03,15,5.5,110.5
BMW,330I,automoveis,2007-04,14,5.5,110.5
BMW,330I,automoveis,2007-05,9,5.5,110.5
BMW,330I,automoveis,2007-06,9,5.5,110.5
BMW,330I,automoveis,2008-01,16,5.5,110.5
BMW,330I,automoveis,2008-02,15,5.5,110.5
BMW,330I,automoveis,2008-03,18,5.5,110.5
BMW,330I,automoveis,2008-04,23,5.5,110.5
BMW,330I,automoveis,2008-05,10,5.5,110.5
BMW,330I,automoveis,2008-06,7,5.5,110.5
BMW,330I,automoveis,2008-07,19,5.5,110.5
BMW,330I,automoveis,2008-08,11,5.5,110.5
BMW,330I,automoveis,2008-09,12,5.5,110.5
BMW,330I,automoveis,2008-10,16,5.5,110.5
BMW,330I,automoveis,2008-11,12,5.5,110.5
BMW,330I,automoveis,2008-12,14,5.5,110.5
BMW,330I,automoveis,2009-01,14,5.5,110.5
BMW,330I,automoveis,2009-02,12,5.5,110.5
BMW,330I,automoveis,2009-03,10,5.5,110.5
BMW,330I,automoveis,2009-04,10,5.5,110.5
BMW,330I,automoveis,2009-05,13,5.5,110.5
BMW,330I,automoveis,2009-06,19,5.5,110.5
BMW,330I,automoveis,2009-07,18,5.5,110.5
BMW,330I,automoveis,2009-08,6,5.5,110.5
BMW,330I,automoveis,2010-01,11,5.5,110.5
BMW,330I,automoveis,2010-02,8,5.5,110.5
BMW,330I,automoveis,2010-03,11,5.5,110.5
BMW,330I,automoveis,2010-04,11,5.5,110.5
BMW,330I,automoveis,2010-05,6,5.5,110.5
BMW,330I,automoveis,2010-06,8,5.5,110.5
BMW,330I,automoveis,2010-07,9,5.5,110.5
BMW,330I,automoveis,2010-08,35,5.5,110.5
BMW,330I,automoveis,2010-09,15,5.5,110.5
BMW,330I,automoveis,2010-10,11,5.5,110.5
BMW,330I,automoveis,2011-01,30,5.5,110.5
BMW,330I,automoveis,2011-02,35,5.5,110.5
BMW,330I,automoveis,2011-03,32,5.5,110.5
BMW,330I,automoveis,2011-04,29,5.5,110.5
BMW,330I,automoveis,2011-05,40,5.5,110.5
BMW,330I,automoveis,2011-06,39,5.5,110.5
BMW,330I,automoveis,2011-07,33,5.5,110.5
BMW,330I,automoveis,2011-08,15,5.5,110.5
BMW,330I,automoveis,2011-09,9,5.5,110.5
BMW,330I,automoveis,2011-10,6,5.5,110.5
BMW,330I,automoveis,2011-11,11,5.5,110.5
BMW,330I,automoveis,2011-12,41,5.5,110.5
BMW,330I,automoveis,2012-01,28,5.5,110.5
BMW,330I,automoveis,2012-02,17,5.5,110.5
BMW,330I,automoveis,2012-03,16,5.5,110.5
BMW,330I,automoveis,2012-04,15,5.5,110.5
BMW,330I,automoveis,2012-05,22,5.5,110.5
BMW,330I,automoveis,2013-01,17,5.5,110.5
BMW,330I,automoveis,2013-02,14,5.5,110.5
BMW,330I,automoveis,2013-03,18,5.5,110.5
BMW,330I,automoveis,2013-04,7,5.5,110.5
BMW,330I,automoveis,2013-05,6,5.5,110.5
BMW,330I,automoveis,2013-06,10,5.5,110.5
BMW,330I,automoveis,2013-07,13,5.5,110.5
BMW,330I,automoveis,2013-08,13,5.5,110.5
BMW,330I,automoveis,2013-10,7,5.5,110.5
BMW,330I,automoveis,2013-11,12,5.5,110.5
BMW,330I,automoveis,2014-01,19,5.5,110.5
BMW,330I,automoveis,2014-02,12,5.5,110.5
BMW,330I,automoveis,2014-03,13,5.5,110.5
BMW,330I,automoveis,2014-04,20,5.5,110.5
BMW,330I,automoveis,2014-05,7,5.5,110.5
BMW,330I,automoveis,2014-08,7,5.5,110.5
BMW,330I,automoveis,2014-09,15,5.5,110.5
BMW,330I,automoveis,2014-10,16,5.5,110.5
BMW,330I,automoveis,2014-11,10,5.5,110.5
BMW,330I,automoveis,2015-01,13,5.5,110.5
BMW,330I,automoveis,2015-02,10,5.5,110.5
BMW,330I,automoveis,2015-03,27,5.5,110.5
BMW,330I,automoveis,2015-04,29,5.5,110.5
BMW,330I,automoveis,2015-05,18,5.5,110.5
BMW,330I,automoveis,2015-07,18,5.5,110.5
BMW,330I,automoveis,2015-09,11,5.5,110.5
BMW,330I,automoveis,2015-12,12,5.5,110.5
BMW,330I,automoveis,2016-01,14,5.5,110.5
BMW,330I,automoveis,2016-02,11,5.5,110.5
BMW,330I,automoveis,2016-03,12,5.5,110.5
BMW,330I,automoveis,2016-04,9,5.5,110.5
BMW,330I,automoveis,2016-05,9,5.5,110.5
BMW,330I,automoveis,2016-06,12,5.5,110.5
BMW,330I,automoveis,2016-11,6,5.5,110.5
BMW,330I,automoveis,2016-12,9,5.5,110.5
BMW,330I,automoveis,2017-02,7,5.5,110.5
BMW,330I,automoveis,2017-04,6,5.5,110.5
BMW,330I,automoveis,2017-05,7,5.5,110.5
BMW,330I,automoveis,2017-06,10,5.5,110.5
BMW,330I,automoveis,2017-07,13,5.5,110.5
BMW,330I,automoveis,2017-08,9,5.5,110.5
BMW,330I,automoveis,2017-09,7,5.5,110.5
BMW,330I,automoveis,2017-11,7,5.5,110.5
BMW,330I,automoveis,2017-12,8,5.5,110.5
BMW,330I,automoveis,2018-01,15,5.5,110.5
BMW,330I,automoveis,2018-02,9,5.5,110.5
BMW,330I,automoveis,2018-03,14,5.5,110.5
BMW,330I,automoveis,2018-04,11,5.5,110.5
BMW,330I,automoveis,2018-05,10,5.5,110.5
BMW,330I,automoveis,2018-06,6,5.5,110.5
BMW,330I,automoveis,2018-09,8,5.5,110.5
BMW,330I,automoveis,2018-10,7,5.5,110.5
BMW,330I,automoveis,2018-11,8,5.5,110.5
BMW,330I,automoveis,2019-01,11,5.5,110.5
BMW,330I,automoveis,2019-03,6,5.5,110.5
BMW,335I,automoveis,2009-02,12,1.0,19.9
BMW,335I,automoveis,2009-06,19,1.0,19.9
BMW,335I,automoveis,2009-09,3,1.0,19.9
BMW,335I,automoveis,2009-11,1,1.0,19.9
BMW,335I,automoveis,2009-12,1,1.0,19.9
BMW,335I,automoveis,2010-02,8,1.0,19.9
BMW,335I,automoveis,2010-03,11,1.0,19.9
BMW,335I,automoveis,2010-04,11,1.0,19.9
BMW,335I,automoveis,2010-05,6,1.0,19.9
BMW,335I,automoveis,2010-06,8,1.0,19.9
BMW,335I,automoveis,2010-07,9,1.0,19.9
BMW,335I,automoveis,2010-08,35,1.0,19.9
BMW,335I,automoveis,2010-09,15,1.0,19.9
BMW,335I,automoveis,2010-10,11,1.0,19.9
BMW,335I,automoveis,2010-11,4,1.0,19.9
BMW,335I,automoveis,2010-12,2,1.0,19.9
BMW,335I,automoveis,2011-01,30,1.0,19.9
BMW,335I,automoveis,2011-02,35,1.0,19.9
BMW,335I,automoveis,2011-03,32,1.0,19.9
BMW,335I,automoveis,2011-04,29,1.0,19.9
BMW,335I,automoveis,2011-05,40,1.0,19.9
BMW,335I,automoveis,2011-06,39,1.0,19.9
BMW,335I,automoveis,2011-07,33,1.0,19.9
BMW,335I,automoveis,2011-08,15,1.0,19.9
BMW,335I,automoveis,2011-09,9,1.0,19.9
BMW,335I,automoveis,2011-10,6,1.0,19.9
BMW,335I,automoveis,2011-11,11,1.0,19.9
BMW,335I,automoveis,2011-12,41,1.0,19.9
BMW,335I,automoveis,2012-01,28,1.0,19.9
BMW,335I,automoveis,2012-02,17,1.0,19.9
BMW,335I,automoveis,2012-03,16,1.0,19.9
BMW,335I,automoveis,2012-04,15,1.0,19.9
BMW,335I,automoveis,2012-05,22,1.0,19.9
BMW,335I,automoveis,2012-06,5,1.0,19.9
BMW,335I,automoveis,2012-07,5,1.0,19.9
BMW,335I,automoveis,2012-08,1,1.0,19.9
BMW,335I,automoveis,2012-09,2,1.0,19.9
BMW,335I,automoveis,2012-12,1,1.0,19.9
BMW,335I,automoveis,2013-01,17,1.0,19.9
BMW,335I,automoveis,2013-02,14,1.0,19.9
BMW,420I,automoveis,2016-01,15,1.1,21.2
BMW,420I,automoveis,2016-02,9,1.1,21.2
BMW,420I,automoveis,2016-03,10,1.1,21.2
BMW,420I,automoveis,2016-04,6,1.1,21.2
BMW,420I,automoveis,2016-05,2,1.1,21.2
BMW,420I,automoveis,2016-06,7,1.1,21.2
BMW,420I,automoveis,2016-07,5,1.1,21.2
BMW,420I,automoveis,2016-08,10,1.1,21.2
BMW,420I,automoveis,2016-09,9,1.1,21.2
BMW,420I,automoveis,2016-10,6,1.1,21.2
BMW,420I,automoveis,2016-12,4,1.1,21.2
BMW,420I,automoveis,2017-01,9,1.1,21.2
BMW,420I,automoveis,2017-02,6,1.1,21.2
BMW,420I,automoveis,2017-03,4,1.1,21.2
BMW,420I,automoveis,2017-04,4,1.1,21.2
BMW,420I,automoveis,2017-06,6,1.1,21.2
BMW,420I,automoveis,2017-07,5,1.1,21.2
BMW,420I,automoveis,2017-08,8,1.1,21.2
BMW,420I,automoveis,2017-09,5,1.1,21.2
BMW,420I,automoveis,2017-10,6,1.1,21.2
BMW,420I,automoveis,2018-01,9,1.1,21.2
BMW,420I,automoveis,2018-02,8,1.1,21.2
BMW,420I,automoveis,2018-03,4,1.1,21.2
BMW,420I,automoveis,2018-04,6,1.1,21.2
BMW,420I,automoveis,2018-05,6,1.1,21.2
BMW,420I,automoveis,2018-06,6,1.1,21.2
BMW,420I,automoveis,2018-07,4,1.1,21.2
BMW,420I,automoveis,2018-12,2,1.1,21.2
BMW,428I,automoveis,2016-01,15,1.4,28.6
BMW,428I,automoveis,2016-02,9,1.4,28.6
BMW,428I,automoveis,2016-03,10,1.4,28.6
BMW,428I,automoveis,2016-04,6,1.4,28.6
BMW,428I,automoveis,2016-05,2,1.4,28.6
BMW,428I,automoveis,2016-06,7,1.4,28.6
BMW,528,automoveis,2014-01,19,0.9,17.8
BMW,528,automoveis,2014-02,12,0.9,17.8
BMW,528,automoveis,2014-03,13,0.9,17.8
BMW,528,automoveis,2014-04,20,0.9,17.8
BMW,528,automoveis,2014-05,7,0.9,17.8
BMW,528,automoveis,2014-06,5,0.9,17.8
BMW,528,automoveis,2014-07,2,0.9,17.8
BMW,528,automoveis,2014-08,7,0.9,17.8
BMW,528,automoveis,2014-09,15,0.9,17.8
BMW,528,automoveis,2014-10,16,0.9,17.8
BMW,528,automoveis,2014-11,10,0.9,17.8
BMW,528,automoveis,2014-12,2,0.9,17.8
BMW,528,automoveis,2015-04,29,0.9,17.8
BMW,528,automoveis,2015-05,18,0.9,17.8
BMW,528,automoveis,2015-07,18,0.9,17.8
BMW,528,automoveis,2015-08,5,0.9,17.8
BMW,528,automoveis,2015-09,11,0.9,17.8
BMW,528,automoveis,2015-10,4,0.9,17.8
BMW,528,automoveis,2015-11,3,0.9,17.8
BMW,528,automoveis,2015-12,12,0.9,17.8
BMW,528,automoveis,2016-01,14,0.9,17.8
BMW,528,automoveis,2016-02,11,0.9,17.8
BMW,528,automoveis,2016-04,9,0.9,17.8
BMW,530,automoveis,2004-06,6,1.0,20.1
BMW,530,automoveis,2004-07,8,1.0,20.1
BMW,530,automoveis,2004-08,10,1.0,20.1
BMW,530,automoveis,2004-09,8,1.0,20.1
BMW,530,automoveis,2004-10,12,1.0,20.1
BMW,530,automoveis,2004-11,12,1.0,20.1
BMW,530,automoveis,2004-12,10,1.0,20.1
BMW,530,automoveis,2005-01,7,1.0,20.1
BMW,530,automoveis,2005-02,5,1.0,20.1
BMW,530,automoveis,2005-04,14,1.0,20.1
BMW,530,automoveis,2005-05,3,1.0,20.1
BMW,530,automoveis,2005-06,2,1.0,20.1
BMW,530,automoveis,2005-10,6,1.0,20.1
BMW,530,automoveis,2005-11,8,1.0,20.1
BMW,530,automoveis,2005-12,4,1.0,20.1
BMW,530,automoveis,2006-01,14,1.0,20.1
BMW,530,automoveis,2006-02,12,1.0,20.1
BMW,530,automoveis,2006-03,10,1.0,20.1
BMW,530,automoveis,2006-04,19,1.0,20.1
BMW,530,automoveis,2006-05,2,1.0,20.1
BMW,530,automoveis,2006-06,4,1.0,20.1
BMW,530,automoveis,2006-07,4,1.0,20.1
BMW,530,automoveis,2006-08,4,1.0,20.1
BMW,530,automoveis,2006-09,9,1.0,20.1
BMW,530,automoveis,2006-10,9,1.0,20.1
BMW,530,automoveis,2006-11,7,1.0,20.1
BMW,530,automoveis,2006-12,20,1.0,20.1
BMW,530,automoveis,2007-01,21,1.0,20.1
BMW,530,automoveis,2007-02,16,1.0,20.1
BMW,530,automoveis,2007-03,15,1.0,20.1
BMW,530,automoveis,2007-04,14,1.0,20.1
BMW,530,automoveis,2007-05,9,1.0,20.1
BMW,530,automoveis,2007-06,9,1.0,20.1
BMW,530,automoveis,2007-08,3,1.0,20.1
BMW,530,automoveis,2007-10,2,1.0,20.1
BMW,530,automoveis,2007-12,5,1.0,20.1
BMW,530,automoveis,2008-01,16,1.0,20.1
BMW,530,automoveis,2008-02,15,1.0,20.1
BMW,530,automoveis,2008-03,18,1.0,20.1
BMW,530,automoveis,2008-04,23,1.0,20.1
BMW,530,automoveis,2008-05,10,1.0,20.1
BMW,530,automoveis,2008-06,7,1.0,20.1
BMW,530,automoveis,2008-07,19,1.0,20.1
BMW,530,automoveis,2008-08,11,1.0,20.1
BMW,530,automoveis,2008-09,12,1.0,20.1
BMW,530,automoveis,2008-10,16,1.0,20.1
BMW,530,automoveis,2008-11,12,1.0,20.1
BMW,530,automoveis,2008-12,14,1.0,20.1
BMW,530,automoveis,2009-01,14,1.0,20.1
BMW,530,automoveis,2009-02,12,1.0,20.1
BMW,530,automoveis,2009-03,10,1.0,20.1
BMW,530,automoveis,2009-04,10,1.0,20.1
BMW,530,automoveis,2009-05,13,1.0,20.1
BMW,530E,automoveis,2024-02,5,1.0,20.4
BMW,530E,automoveis,2026-01,3,1.0,20.4
BMW,535,automoveis,2011-04,29,1.7,33.0
BMW,535,automoveis,2011-05,40,1.7,33.0
BMW,535,automoveis,2011-06,39,1.7,33.0
BMW,535,automoveis,2011-07,33,1.7,33.0
BMW,535,automoveis,2011-08,15,1.7,33.0
BMW,535,automoveis,2011-09,9,1.7,33.0
BMW,535,automoveis,2011-10,6,1.7,33.0
BMW,535,automoveis,2011-11,11,1.7,33.0
BMW,535,automoveis,2011-12,41,1.7,33.0
BMW,535,automoveis,2012-02,17,1.7,33.0
BMW,535,automoveis,2012-03,16,1.7,33.0
BMW,535,automoveis,2012-04,15,1.7,33.0
BMW,535,automoveis,2012-05,22,1.7,33.0
BMW,535,automoveis,2012-06,5,1.7,33.0
BMW,535,automoveis,2012-07,5,1.7,33.0
BMW,535,automoveis,2012-09,2,1.7,33.0
BMW,535,automoveis,2013-01,17,1.7,33.0
BMW,535,automoveis,2013-02,14,1.7,33.0
BMW,535,automoveis,2013-03,18,1.7,33.0
BMW,535,automoveis,2013-04,7,1.7,33.0
BMW,535,automoveis,2013-05,6,1.7,33.0
BMW,535,automoveis,2013-06,10,1.7,33.0
BMW,535,automoveis,2013-07,13,1.7,33.0
BMW,535,automoveis,2013-08,13,1.7,33.0
BMW,535,automoveis,2013-09,5,1.7,33.0
BMW,535,automoveis,2013-10,7,1.7,33.0
BMW,535,automoveis,2013-11,12,1.7,33.0
BMW,535,automoveis,2013-12,2,1.7,33.0
BMW,535,automoveis,2014-01,19,1.7,33.0
BMW,535,automoveis,2014-02,12,1.7,33.0
BMW,535,automoveis,2014-03,13,1.7,33.0
BMW,535,automoveis,2014-04,20,1.7,33.0
BMW,535,automoveis,2014-05,7,1.7,33.0
BMW,535,automoveis,2014-06,5,1.7,33.0
BMW,535,automoveis,2014-07,2,1.7,33.0
BMW,535,automoveis,2014-08,7,1.7,33.0
BMW,535,automoveis,2014-09,15,1.7,33.0
BMW,535,automoveis,2014-10,16,1.7,33.0
BMW,535,automoveis,2014-11,10,1.7,33.0
BMW,535,automoveis,2014-12,2,1.7,33.0
BMW,540,automoveis,2018-01,15,0.5,10.3
BMW,540,automoveis,2018-02,9,0.5,10.3
BMW,540,automoveis,2018-03,14,0.5,10.3
BMW,540,automoveis,2018-04,11,0.5,10.3
BMW,540,automoveis,2018-05,10,0.5,10.3
BMW,540,automoveis,2018-06,6,0.5,10.3
BMW,540,automoveis,2018-07,2,0.5,10.3
BMW,540,automoveis,2018-08,3,0.5,10.3
BMW,540,automoveis,2018-09,8,0.5,10.3
BMW,540,automoveis,2018-10,7,0.5,10.3
BMW,540,automoveis,2018-11,8,0.5,10.3
BMW,540,automoveis,2018-12,3,0.5,10.3
BMW,540,automoveis,2019-01,11,0.5,10.3
BMW,540,automoveis,2019-02,5,0.5,10.3
BMW,540,automoveis,2019-03,6,0.5,10.3
BMW,540,automoveis,2019-04,8,0.5,10.3
BMW,540,automoveis,2019-05,5,0.5,10.3
BMW,550,automoveis,2009-07,18,0.5,9.8
BMW,550,automoveis,2009-08,6,0.5,9.8
BMW,550,automoveis,2009-09,3,0.5,9.8
BMW,550,automoveis,2009-11,1,0.5,9.8
BMW,550,automoveis,2009-12,1,0.5,9.8
BMW,745LE,automoveis,2020-03,5,0.6,12.8
BMW,745LE,automoveis,2020-04,2,0.6,12.8
BMW,745LE,automoveis,2020-05,1,0.6,12.8
BMW,745LE,automoveis,2020-06,6,0.6,12.8
BMW,745LE,automoveis,2020-09,2,0.6,12.8
BMW,745LE,automoveis,2020-10,2,0.6,12.8
BMW,745LE,automoveis,2020-11,1,0.6,12.8
BMW,I3,automoveis,2020-10,14,0.7,14.8
BMW,I3,automoveis,2020-11,3,0.7,14.8
BMW,I5,automoveis,2024-04,1,0.1,2.5
BMW,I7,automoveis,2024-06,1,0.1,1.9
BMW,I7,automoveis,2024-12,1,0.1,1.9
BMW,I7,automoveis,2025-01,5,0.1,1.9
BMW,I7,automoveis,2025-02,4,0.1,1.9
BMW,I7,automoveis,2025-03,1,0.1,1.9
BMW,I7,automoveis,2025-04,8,0.1,1.9
BMW,I7,automoveis,2025-06,1,0.1,1.9
BMW,I7,automoveis,2025-07,1,0.1,1.9
BMW,I7,automoveis,2025-11,3,0.1,1.9
BMW,I7,automoveis,2025-12,1,0.1,1.9
BMW,M135I,automoveis,2020-10,14,0.5,10.8
BMW,M135I,automoveis,2020-11,3,0.5,10.8
BMW,M135I,automoveis,2022-01,2,0.5,10.8
BMW,M135I,automoveis,2022-03,4,0.5,10.8
BMW,M135I,automoveis,2022-05,6,0.5,10.8
BMW,M135I,automoveis,2022-06,3,0.5,10.8
BMW,M135I,automoveis,2022-07,1,0.5,10.8
BMW,M135I,automoveis,2022-08,4,0.5,10.8
BMW,M135I,automoveis,2022-09,3,0.5,10.8
BMW,M135I,automoveis,2022-10,1,0.5,10.8
BMW,M135I,automoveis,2022-12,5,0.5,10.8
BMW,M135I,automoveis,2023-01,2,0.5,10.8
BMW,M135I,automoveis,2023-05,1,0.5,10.8
BMW,M135I,automoveis,2023-06,1,0.5,10.8
BMW,M135I,automoveis,2023-07,5,0.5,10.8
BMW,M135I,automoveis,2023-10,2,0.5,10.8
BMW,M135I,automoveis,2024-01,3,0.5,10.8
BMW,M135I,automoveis,2024-02,1,0.5,10.8
BMW,M135I,automoveis,2024-03,3,0.5,10.8
BMW,M135I,automoveis,2024-05,1,0.5,10.8
BMW,M135I,automoveis,2024-06,1,0.5,10.8
BMW,M135I,automoveis,2024-07,2,0.5,10.8
BMW,M135I,automoveis,2024-09,1,0.5,10.8
BMW,M135I,automoveis,2025-01,1,0.5,10.8
BMW,M135I,automoveis,2025-02,1,0.5,10.8
BMW,M135I,automoveis,2025-03,1,0.5,10.8
BMW,M2,automoveis,2018-01,4,1.2,25.0
BMW,M2,automoveis,2021-01,6,1.2,25.0
BMW,M2,automoveis,2021-02,5,1.2,25.0
BMW,M2,automoveis,2021-03,3,1.2,25.0
BMW,M2,automoveis,2021-05,5,1.2,25.0
BMW,M2,automoveis,2021-06,3,1.2,25.0
BMW,M2,automoveis,2021-07,3,1.2,25.0
BMW,M2,automoveis,2021-08,3,1.2,25.0
BMW,M2,automoveis,2022-01,3,1.2,25.0
BMW,M2,automoveis,2022-02,4,1.2,25.0
BMW,M2,automoveis,2022-05,2,1.2,25.0
BMW,M2,automoveis,2023-01,2,1.2,25.0
BMW,M2,automoveis,2023-02,2,1.2,25.0
BMW,M2,automoveis,2023-03,3,1.2,25.0
BMW,M2,automoveis,2023-04,5,1.2,25.0
BMW,M2,automoveis,2023-05,7,1.2,25.0
BMW,M2,automoveis,2023-06,4,1.2,25.0
BMW,M2,automoveis,2023-07,2,1.2,25.0
BMW,M2,automoveis,2023-10,3,1.2,25.0
BMW,M2,automoveis,2024-01,6,1.2,25.0
BMW,M3,automoveis,2006-01,2,1.2,24.1
BMW,M3,automoveis,2006-04,2,1.2,24.1
BMW,M3,automoveis,2006-07,2,1.2,24.1
BMW,M3,automoveis,2006-12,2,1.2,24.1
BMW,M3,automoveis,2007-01,2,1.2,24.1
BMW,M3,automoveis,2007-03,2,1.2,24.1
BMW,M3,automoveis,2007-04,2,1.2,24.1
BMW,M3,automoveis,2007-05,2,1.2,24.1
BMW,M3,automoveis,2007-06,3,1.2,24.1
BMW,M3,automoveis,2007-07,3,1.2,24.1
BMW,M3,automoveis,2007-11,2,1.2,24.1
BMW,M3,automoveis,2007-12,4,1.2,24.1
BMW,M3,automoveis,2008-07,3,1.2,24.1
BMW,M3,automoveis,2008-09,3,1.2,24.1
BMW,M3,automoveis,2008-10,3,1.2,24.1
BMW,M3,automoveis,2008-11,4,1.2,24.1
BMW,M3,automoveis,2008-12,3,1.2,24.1
BMW,M3,automoveis,2009-01,4,1.2,24.1
BMW,M3,automoveis,2009-02,3,1.2,24.1
BMW,M3,automoveis,2009-03,3,1.2,24.1
BMW,M3,automoveis,2009-04,4,1.2,24.1
BMW,M3,automoveis,2009-07,4,1.2,24.1
BMW,M3,automoveis,2009-09,3,1.2,24.1
BMW,M3,automoveis,2009-10,2,1.2,24.1
BMW,M3,automoveis,2009-11,3,1.2,24.1
BMW,M3,automoveis,2009-12,3,1.2,24.1
BMW,M3,automoveis,2010-01,4,1.2,24.1
BMW,M3,automoveis,2010-02,2,1.2,24.1
BMW,M3,automoveis,2010-03,5,1.2,24.1
BMW,M3,automoveis,2010-04,2,1.2,24.1
BMW,M3,automoveis,2010-05,5,1.2,24.1
BMW,M3,automoveis,2010-06,2,1.2,24.1
BMW,M3,automoveis,2010-07,3,1.2,24.1
BMW,M3,automoveis,2010-08,4,1.2,24.1
BMW,M3,automoveis,2010-09,4,1.2,24.1
BMW,M3,automoveis,2010-10,2,1.2,24.1
BMW,M3,automoveis,2010-11,4,1.2,24.1
BMW,M3,automoveis,2010-12,8,1.2,24.1
BMW,M3,automoveis,2011-01,8,1.2,24.1
BMW,M3,automoveis,2011-02,5,1.2,24.1
BMW,M3,automoveis,2011-03,6,1.2,24.1
BMW,M3,automoveis,2011-04,5,1.2,24.1
BMW,M3,automoveis,2011-05,6,1.2,24.1
BMW,M3,automoveis,2011-06,9,1.2,24.1
BMW,M3,automoveis,2011-07,7,1.2,24.1
BMW,M3,automoveis,2011-08,5,1.2,24.1
BMW,M3,automoveis,2011-09,5,1.2,24.1
BMW,M3,automoveis,2011-10,3,1.2,24.1
BMW,M3,automoveis,2011-11,5,1.2,24.1
BMW,M3,automoveis,2011-12,5,1.2,24.1
BMW,M3,automoveis,2012-02,6,1.2,24.1
BMW,M3,automoveis,2012-03,4,1.2,24.1
BMW,M3,automoveis,2012-04,2,1.2,24.1
BMW,M3,automoveis,2012-08,3,1.2,24.1
BMW,M3,automoveis,2012-12,2,1.2,24.1
BMW,M3,automoveis,2013-01,10,1.2,24.1
BMW,M3,automoveis,2013-03,5,1.2,24.1
BMW,M3,automoveis,2013-04,7,1.2,24.1
BMW,M3,automoveis,2013-05,4,1.2,24.1
BMW,M3,automoveis,2013-06,7,1.2,24.1
BMW,M3,automoveis,2013-07,3,1.2,24.1
BMW,M3,automoveis,2013-08,2,1.2,24.1
BMW,M3,automoveis,2013-09,7,1.2,24.1
BMW,M3,automoveis,2013-10,4,1.2,24.1
BMW,M3,automoveis,2013-11,2,1.2,24.1
BMW,M3,automoveis,2013-12,3,1.2,24.1
BMW,M3,automoveis,2014-01,5,1.2,24.1
BMW,M3,automoveis,2014-02,3,1.2,24.1
BMW,M3,automoveis,2014-03,2,1.2,24.1
BMW,M3,automoveis,2014-04,2,1.2,24.1
BMW,M3,automoveis,2014-05,2,1.2,24.1
BMW,M3,automoveis,2014-06,3,1.2,24.1
BMW,M3,automoveis,2014-07,4,1.2,24.1
BMW,M3,automoveis,2014-08,5,1.2,24.1
BMW,M3,automoveis,2014-09,4,1.2,24.1
BMW,M3,automoveis,2014-10,5,1.2,24.1
BMW,M3,automoveis,2014-11,2,1.2,24.1
BMW,M3,automoveis,2014-12,3,1.2,24.1
BMW,M3,automoveis,2015-01,6,1.2,24.1
BMW,M3,automoveis,2015-02,4,1.2,24.1
BMW,M3,automoveis,2015-03,4,1.2,24.1
BMW,M3,automoveis,2015-04,5,1.2,24.1
BMW,M3,automoveis,2015-05,2,1.2,24.1
BMW,M3,automoveis,2015-06,6,1.2,24.1
BMW,M3,automoveis,2015-07,5,1.2,24.1
BMW,M3,automoveis,2015-08,3,1.2,24.1
BMW,M3,automoveis,2015-09,3,1.2,24.1
BMW,M3,automoveis,2015-11,4,1.2,24.1
BMW,M3,automoveis,2015-12,6,1.2,24.1
BMW,M3,automoveis,2016-01,4,1.2,24.1
BMW,M3,automoveis,2016-06,2,1.2,24.1
BMW,M3,automoveis,2016-08,2,1.2,24.1
BMW,M3,automoveis,2017-01,2,1.2,24.1
BMW,M3,automoveis,2017-03,2,1.2,24.1
BMW,M3,automoveis,2017-07,3,1.2,24.1
BMW,M3,automoveis,2017-10,4,1.2,24.1
BMW,M3,automoveis,2017-11,3,1.2,24.1
BMW,M3,automoveis,2017-12,4,1.2,24.1
BMW,M3,automoveis,2018-01,4,1.2,24.1
BMW,M3,automoveis,2018-02,2,1.2,24.1
BMW,M3,automoveis,2018-03,2,1.2,24.1
BMW,M3,automoveis,2018-06,3,1.2,24.1
BMW,M3,automoveis,2018-11,3,1.2,24.1
BMW,M3,automoveis,2018-12,3,1.2,24.1
BMW,M3,automoveis,2019-01,5,1.2,24.1
BMW,M3,automoveis,2019-02,2,1.2,24.1
BMW,M3,automoveis,2019-03,3,1.2,24.1
BMW,M3,automoveis,2019-04,5,1.2,24.1
BMW,M3,automoveis,2020-01,2,1.2,24.1
BMW,M3,automoveis,2020-02,3,1.2,24.1
BMW,M3,automoveis,2020-06,3,1.2,24.1
BMW,M3,automoveis,2020-07,2,1.2,24.1
BMW,M3,automoveis,2020-12,3,1.2,24.1
BMW,M3,automoveis,2021-01,6,1.2,24.1
BMW,M3,automoveis,2021-02,5,1.2,24.1
BMW,M3,automoveis,2021-03,3,1.2,24.1
BMW,M3,automoveis,2021-05,5,1.2,24.1
BMW,M3,automoveis,2021-06,3,1.2,24.1
BMW,M3,automoveis,2021-07,3,1.2,24.1
BMW,M3 SEDAN,automoveis,2016-07,5,0.3,6.4
BMW,M3 SEDAN,automoveis,2016-09,9,0.3,6.4
BMW,M3 SEDAN,automoveis,2016-10,6,0.3,6.4
BMW,M3 SEDAN,automoveis,2016-11,1,0.3,6.4
BMW,M3 SEDAN,automoveis,2016-12,4,0.3,6.4
BMW,M3 SEDAN,automoveis,2017-01,9,0.3,6.4
BMW,M3 SEDAN,automoveis,2017-02,6,0.3,6.4
BMW,M3 SEDAN,automoveis,2017-03,4,0.3,6.4
BMW,M3 SEDAN,automoveis,2017-04,4,0.3,6.4
BMW,M3 SEDAN,automoveis,2017-05,1,0.3,6.4
BMW,M3 SEDAN,automoveis,2017-07,5,0.3,6.4
BMW,M3 SEDAN,automoveis,2017-08,8,0.3,6.4
BMW,M3 SEDAN,automoveis,2017-09,5,0.3,6.4
BMW,M3 SEDAN,automoveis,2017-10,6,0.3,6.4
BMW,M3 SEDAN,automoveis,2018-01,9,0.3,6.4
BMW,M3 SEDAN,automoveis,2018-02,8,0.3,6.4
BMW,M3 SEDAN,automoveis,2018-03,4,0.3,6.4
BMW,M3 SEDAN,automoveis,2018-05,6,0.3,6.4
BMW,M3 SEDAN,automoveis,2018-06,6,0.3,6.4
BMW,M3 SEDAN,automoveis,2018-07,4,0.3,6.4
BMW,M3 SEDAN,automoveis,2018-08,1,0.3,6.4
BMW,M3 SEDAN,automoveis,2018-10,1,0.3,6.4
BMW,M4,automoveis,2016-01,4,0.5,9.7
BMW,M4,automoveis,2016-02,1,0.5,9.7
BMW,M4,automoveis,2016-03,1,0.5,9.7
BMW,M4,automoveis,2016-04,1,0.5,9.7
BMW,M4,automoveis,2016-06,2,0.5,9.7
BMW,M4,automoveis,2016-07,1,0.5,9.7
BMW,M4,automoveis,2016-08,2,0.5,9.7
BMW,M4,automoveis,2016-10,1,0.5,9.7
BMW,M5,automoveis,2006-01,2,0.2,4.5
BMW,M5,automoveis,2006-02,1,0.2,4.5
BMW,M5,automoveis,2006-09,1,0.2,4.5
BMW,M5,automoveis,2006-12,2,0.2,4.5
BMW,M5,automoveis,2007-04,2,0.2,4.5
BMW,M5,automoveis,2007-05,2,0.2,4.5
BMW,M5,automoveis,2007-06,3,0.2,4.5
BMW,M5,automoveis,2007-07,3,0.2,4.5
BMW,M5,automoveis,2007-08,1,0.2,4.5
BMW,M5,automoveis,2007-10,1,0.2,4.5
BMW,M5,automoveis,2007-11,2,0.2,4.5
BMW,M5,automoveis,2007-12,4,0.2,4.5
BMW,M5,automoveis,2008-01,6,0.2,4.5
BMW,M5,automoveis,2008-02,5,0.2,4.5
BMW,M5,automoveis,2008-03,4,0.2,4.5
BMW,M5,automoveis,2008-04,5,0.2,4.5
BMW,M5,automoveis,2008-05,1,0.2,4.5
BMW,M5,automoveis,2008-06,4,0.2,4.5
BMW,M5,automoveis,2008-07,3,0.2,4.5
BMW,M5,automoveis,2008-08,1,0.2,4.5
BMW,M5,automoveis,2008-09,3,0.2,4.5
BMW,M5,automoveis,2008-10,3,0.2,4.5
BMW,M5,automoveis,2008-11,4,0.2,4.5
BMW,M5,automoveis,2008-12,3,0.2,4.5
BMW,M5,automoveis,2009-01,4,0.2,4.5
BMW,M5,automoveis,2009-02,3,0.2,4.5
BMW,M5,automoveis,2009-03,3,0.2,4.5
BMW,M5,automoveis,2009-04,4,0.2,4.5
BMW,M5,automoveis,2009-05,3,0.2,4.5
BMW,M5,automoveis,2009-06,1,0.2,4.5
BMW,M5,automoveis,2009-07,4,0.2,4.5
BMW,M5,automoveis,2009-08,1,0.2,4.5
BMW,M5,automoveis,2009-09,3,0.2,4.5
BMW,M5,automoveis,2009-10,2,0.2,4.5
BMW,M5,automoveis,2009-11,3,0.2,4.5
BMW,M5,automoveis,2009-12,3,0.2,4.5
BMW,M5,automoveis,2010-01,4,0.2,4.5
BMW,M5,automoveis,2010-02,2,0.2,4.5
BMW,M5,automoveis,2010-03,5,0.2,4.5
BMW,M5,automoveis,2010-04,2,0.2,4.5
BMW,M5,automoveis,2010-05,5,0.2,4.5
BMW,M5,automoveis,2010-06,2,0.2,4.5
BMW,M5,automoveis,2010-07,3,0.2,4.5
BMW,M5,automoveis,2010-08,4,0.2,4.5
BMW,M5,automoveis,2010-09,4,0.2,4.5
BMW,M5,automoveis,2010-10,2,0.2,4.5
BMW,M5,automoveis,2010-11,4,0.2,4.5
BMW,M5,automoveis,2010-12,8,0.2,4.5
BMW,M5,automoveis,2011-01,8,0.2,4.5
BMW,M5,automoveis,2011-02,5,0.2,4.5
BMW,M5,automoveis,2011-03,6,0.2,4.5
BMW,M5,automoveis,2011-04,5,0.2,4.5
BMW,M5,automoveis,2011-05,6,0.2,4.5
BMW,M5,automoveis,2011-06,9,0.2,4.5
BMW,M5,automoveis,2011-07,7,0.2,4.5
BMW,M5,automoveis,2011-08,5,0.2,4.5
BMW,M5,automoveis,2011-09,5,0.2,4.5
BMW,M5,automoveis,2011-10,3,0.2,4.5
BMW,M5,automoveis,2011-11,5,0.2,4.5
BMW,M5,automoveis,2011-12,5,0.2,4.5
BMW,M5,automoveis,2012-01,4,0.2,4.5
BMW,M5,automoveis,2012-02,6,0.2,4.5
BMW,M5,automoveis,2012-03,4,0.2,4.5
BMW,M5,automoveis,2012-04,2,0.2,4.5
BMW,M5,automoveis,2012-05,1,0.2,4.5
BMW,M5,automoveis,2012-08,3,0.2,4.5
BMW,M5,automoveis,2012-09,1,0.2,4.5
BMW,M5,automoveis,2012-12,2,0.2,4.5
BMW,M5,automoveis,2013-01,10,0.2,4.5
BMW,M5,automoveis,2013-02,1,0.2,4.5
BMW,M5,automoveis,2013-03,5,0.2,4.5
BMW,M5,automoveis,2013-04,7,0.2,4.5
BMW,M6,automoveis,2014-11,2,0.3,6.8
BMW,M6,automoveis,2015-01,6,0.3,6.8
BMW,X1,automoveis,2023-01,67,24.5,490.4
BMW,X1,automoveis,2023-02,53,24.5,490.4
BMW,X2,automoveis,2019-08,60,2.7,53.5
BMW,X3,automoveis,2009-01,6,5.7,113.2
BMW,X3,automoveis,2009-03,10,5.7,113.2
BMW,X3,automoveis,2009-04,8,5.7,113.2
BMW,X3,automoveis,2009-05,8,5.7,113.2
BMW,X3,automoveis,2009-06,7,5.7,113.2
BMW,X3,automoveis,2010-01,12,5.7,113.2
BMW,X3,automoveis,2010-03,12,5.7,113.2
BMW,X3,automoveis,2010-10,7,5.7,113.2
BMW,X3,automoveis,2010-11,6,5.7,113.2
BMW,X3,automoveis,2010-12,12,5.7,113.2
BMW,X3,automoveis,2011-01,28,5.7,113.2
BMW,X3,automoveis,2011-02,12,5.7,113.2
BMW,X3,automoveis,2011-03,13,5.7,113.2
BMW,X3,automoveis,2011-04,29,5.7,113.2
BMW,X3,automoveis,2011-05,25,5.7,113.2
BMW,X3,automoveis,2011-06,16,5.7,113.2
BMW,X3,automoveis,2011-07,26,5.7,113.2
BMW,X3,automoveis,2011-08,38,5.7,113.2
BMW,X3,automoveis,2011-09,41,5.7,113.2
BMW,X3,automoveis,2011-10,39,5.7,113.2
BMW,X3,automoveis,2011-11,27,5.7,113.2
BMW,X3,automoveis,2011-12,24,5.7,113.2
BMW,X3,automoveis,2012-01,47,5.7,113.2
BMW,X3,automoveis,2012-02,11,5.7,113.2
BMW,X3,automoveis,2012-03,13,5.7,113.2
BMW,X3,automoveis,2012-04,12,5.7,113.2
BMW,X3,automoveis,2013-01,29,5.7,113.2
BMW,X3,automoveis,2013-02,24,5.7,113.2
BMW,X3,automoveis,2013-03,24,5.7,113.2
BMW,X3,automoveis,2015-05,45,5.7,113.2
BMW,X3,automoveis,2015-06,32,5.7,113.2
BMW,X3,automoveis,2015-07,69,5.7,113.2
BMW,X3,automoveis,2015-08,56,5.7,113.2
BMW,X3,automoveis,2015-09,43,5.7,113.2
BMW,X3,automoveis,2015-10,26,5.7,113.2
BMW,X3,automoveis,2015-11,32,5.7,113.2
BMW,X3,automoveis,2015-12,23,5.7,113.2
BMW,X3,automoveis,2016-02,36,5.7,113.2
BMW,X3,automoveis,2016-03,17,5.7,113.2
BMW,X3,automoveis,2016-04,29,5.7,113.2
BMW,X3,automoveis,2016-05,17,5.7,113.2
BMW,X3,automoveis,2016-06,27,5.7,113.2
BMW,X3,automoveis,2016-07,27,5.7,113.2
BMW,X3,automoveis,2016-08,16,5.7,113.2
BMW,X3,automoveis,2017-02,32,5.7,113.2
BMW,X3,automoveis,2017-03,47,5.7,113.2
BMW,X3,automoveis,2017-04,33,5.7,113.2
BMW,X3,automoveis,2017-05,56,5.7,113.2
BMW,X3,automoveis,2017-06,37,5.7,113.2
BMW,X3,automoveis,2017-07,18,5.7,113.2
BMW,X3,automoveis,2017-08,15,5.7,113.2
BMW,X3,automoveis,2017-09,6,5.7,113.2
BMW,X3,automoveis,2017-12,23,5.7,113.2
BMW,X3,automoveis,2018-01,66,5.7,113.2
BMW,X3,automoveis,2018-02,48,5.7,113.2
BMW,X3,automoveis,2018-03,62,5.7,113.2
BMW,X3,automoveis,2018-04,19,5.7,113.2
BMW,X3,automoveis,2018-05,64,5.7,113.2
BMW,X3,automoveis,2018-06,69,5.7,113.2
BMW,X3,automoveis,2018-07,33,5.7,113.2
BMW,X3,automoveis,2018-08,71,5.7,113.2
BMW,X3,automoveis,2018-09,73,5.7,113.2
BMW,X3,automoveis,2018-10,71,5.7,113.2
BMW,X3,automoveis,2018-11,84,5.7,113.2
BMW,X3,automoveis,2018-12,89,5.7,113.2
BMW,X3,automoveis,2019-05,99,5.7,113.2
BMW,X3,automoveis,2019-06,79,5.7,113.2
BMW,X3,automoveis,2019-07,97,5.7,113.2
BMW,X3,automoveis,2019-08,60,5.7,113.2
BMW,X3,automoveis,2019-09,71,5.7,113.2
BMW,X3,automoveis,2019-10,76,5.7,113.2
BMW,X3,automoveis,2019-11,63,5.7,113.2
BMW,X3,automoveis,2019-12,78,5.7,113.2
BMW,X3,automoveis,2020-02,74,5.7,113.2
BMW,X3,automoveis,2020-03,57,5.7,113.2
BMW,X3,automoveis,2020-04,19,5.7,113.2
BMW,X3,automoveis,2020-05,30,5.7,113.2
BMW,X3,automoveis,2020-06,28,5.7,113.2
BMW,X3,automoveis,2020-07,96,5.7,113.2
BMW,X3,automoveis,2020-08,61,5.7,113.2
BMW,X3,automoveis,2020-09,65,5.7,113.2
BMW,X3,automoveis,2020-10,34,5.7,113.2
BMW,X3,automoveis,2020-11,39,5.7,113.2
BMW,X3,automoveis,2020-12,23,5.7,113.2
BMW,X3,automoveis,2021-02,43,5.7,113.2
BMW,X3,automoveis,2021-03,51,5.7,113.2
BMW,X3,automoveis,2021-04,59,5.7,113.2
BMW,X3,automoveis,2021-05,58,5.7,113.2
BMW,X3,automoveis,2021-06,48,5.7,113.2
BMW,X3,automoveis,2021-07,40,5.7,113.2
BMW,X3,automoveis,2021-08,18,5.7,113.2
BMW,X3,automoveis,2022-02,44,5.7,113.2
BMW,X3,automoveis,2022-03,24,5.7,113.2
BMW,X3,automoveis,2023-03,105,5.7,113.2
BMW,X3,automoveis,2023-04,39,5.7,113.2
BMW,X3,automoveis,2023-05,92,5.7,113.2
BMW,X3,automoveis,2023-06,61,5.7,113.2
BMW,X3,automoveis,2023-07,57,5.7,113.2
BMW,X3,automoveis,2023-08,55,5.7,113.2
BMW,X3,automoveis,2023-10,48,5.7,113.2
BMW,X3,automoveis,2023-11,35,5.7,113.2
BMW,X3,automoveis,2023-12,35,5.7,113.2
BMW,X3,automoveis,2024-01,96,5.7,113.2
BMW,X3,automoveis,2024-02,62,5.7,113.2
BMW,X3,automoveis,2024-03,8,5.7,113.2
BMW,X3,automoveis,2024-04,121,5.7,113.2
BMW,X3,automoveis,2024-06,41,5.7,113.2
BMW,X4,automoveis,2015-12,23,3.2,64.4
BMW,X4,automoveis,2017-03,47,3.2,64.4
BMW,X4,automoveis,2017-05,56,3.2,64.4
BMW,X4,automoveis,2017-06,37,3.2,64.4
BMW,X4,automoveis,2017-07,18,3.2,64.4
BMW,X4,automoveis,2017-08,15,3.2,64.4
BMW,X4,automoveis,2017-09,6,3.2,64.4
BMW,X4,automoveis,2017-10,5,3.2,64.4
BMW,X4,automoveis,2017-11,5,3.2,64.4
BMW,X4,automoveis,2017-12,23,3.2,64.4
BMW,X4,automoveis,2018-01,66,3.2,64.4
BMW,X4,automoveis,2018-02,48,3.2,64.4
BMW,X4,automoveis,2018-03,62,3.2,64.4
BMW,X4,automoveis,2018-04,19,3.2,64.4
BMW,X4,automoveis,2018-05,64,3.2,64.4
BMW,X4,automoveis,2018-06,69,3.2,64.4
BMW,X4,automoveis,2018-07,33,3.2,64.4
BMW,X4,automoveis,2018-08,71,3.2,64.4
BMW,X4,automoveis,2018-09,73,3.2,64.4
BMW,X4,automoveis,2018-10,71,3.2,64.4
BMW,X4,automoveis,2018-11,84,3.2,64.4
BMW,X4,automoveis,2018-12,89,3.2,64.4
BMW,X4,automoveis,2019-01,85,3.2,64.4
BMW,X4,automoveis,2019-02,88,3.2,64.4
BMW,X4,automoveis,2019-03,80,3.2,64.4
BMW,X4,automoveis,2019-04,100,3.2,64.4
BMW,X4,automoveis,2019-05,99,3.2,64.4
BMW,X4,automoveis,2019-06,79,3.2,64.4
BMW,X4,automoveis,2019-07,97,3.2,64.4
BMW,X4,automoveis,2019-08,60,3.2,64.4
BMW,X4,automoveis,2019-09,71,3.2,64.4
BMW,X4,automoveis,2019-10,76,3.2,64.4
BMW,X4,automoveis,2019-11,63,3.2,64.4
BMW,X4,automoveis,2019-12,78,3.2,64.4
BMW,X4,automoveis,2020-01,72,3.2,64.4
BMW,X4,automoveis,2020-02,74,3.2,64.4
BMW,X4,automoveis,2020-03,57,3.2,64.4
BMW,X4,automoveis,2020-04,19,3.2,64.4
BMW,X4,automoveis,2020-05,30,3.2,64.4
BMW,X4,automoveis,2020-06,28,3.2,64.4
BMW,X4,automoveis,2020-07,96,3.2,64.4
BMW,X4,automoveis,2020-08,61,3.2,64.4
BMW,X4,automoveis,2020-09,65,3.2,64.4
BMW,X4,automoveis,2020-10,34,3.2,64.4
BMW,X4,automoveis,2020-11,39,3.2,64.4
BMW,X4,automoveis,2020-12,23,3.2,64.4
BMW,X4,automoveis,2021-01,58,3.2,64.4
BMW,X4,automoveis,2021-02,43,3.2,64.4
BMW,X4,automoveis,2021-03,51,3.2,64.4
BMW,X4,automoveis,2021-04,59,3.2,64.4
BMW,X4,automoveis,2021-05,58,3.2,64.4
BMW,X4,automoveis,2021-06,48,3.2,64.4
BMW,X4,automoveis,2021-07,40,3.2,64.4
BMW,X4,automoveis,2021-08,18,3.2,64.4
BMW,X4,automoveis,2021-09,4,3.2,64.4
BMW,X4,automoveis,2022-01,71,3.2,64.4
BMW,X4,automoveis,2022-02,44,3.2,64.4
BMW,X4,automoveis,2022-03,24,3.2,64.4
BMW,X4,automoveis,2022-04,6,3.2,64.4
BMW,X4,automoveis,2022-10,8,3.2,64.4
BMW,X4,automoveis,2022-12,8,3.2,64.4
BMW,X4,automoveis,2023-01,67,3.2,64.4
BMW,X4,automoveis,2023-02,53,3.2,64.4
BMW,X4,automoveis,2023-03,105,3.2,64.4
BMW,X4,automoveis,2023-04,39,3.2,64.4
BMW,X4,automoveis,2023-05,92,3.2,64.4
BMW,X4,automoveis,2023-06,61,3.2,64.4
BMW,X4,automoveis,2023-07,57,3.2,64.4
BMW,X5,automoveis,2010-10,7,4.2,83.7
BMW,X5,automoveis,2010-12,12,4.2,83.7
BMW,X5,automoveis,2011-01,28,4.2,83.7
BMW,X5,automoveis,2011-02,12,4.2,83.7
BMW,X5,automoveis,2011-03,13,4.2,83.7
BMW,X5,automoveis,2011-04,29,4.2,83.7
BMW,X5,automoveis,2011-05,25,4.2,83.7
BMW,X5,automoveis,2011-06,16,4.2,83.7
BMW,X5,automoveis,2011-07,26,4.2,83.7
BMW,X5,automoveis,2011-08,38,4.2,83.7
BMW,X5,automoveis,2011-09,41,4.2,83.7
BMW,X5,automoveis,2011-10,39,4.2,83.7
BMW,X5,automoveis,2011-11,27,4.2,83.7
BMW,X5,automoveis,2011-12,24,4.2,83.7
BMW,X5,automoveis,2012-01,47,4.2,83.7
BMW,X5,automoveis,2012-02,11,4.2,83.7
BMW,X5,automoveis,2012-03,13,4.2,83.7
BMW,X5,automoveis,2012-04,12,4.2,83.7
BMW,X5,automoveis,2012-05,5,4.2,83.7
BMW,X5,automoveis,2013-01,29,4.2,83.7
BMW,X5,automoveis,2013-02,24,4.2,83.7
BMW,X5,automoveis,2013-03,24,4.2,83.7
BMW,X5,automoveis,2013-04,24,4.2,83.7
BMW,X5,automoveis,2013-05,29,4.2,83.7
BMW,X5,automoveis,2013-06,20,4.2,83.7
BMW,X5,automoveis,2013-07,12,4.2,83.7
BMW,X5,automoveis,2013-10,27,4.2,83.7
BMW,X5,automoveis,2013-11,32,4.2,83.7
BMW,X5,automoveis,2013-12,45,4.2,83.7
BMW,X5,automoveis,2014-01,50,4.2,83.7
BMW,X5,automoveis,2014-02,27,4.2,83.7
BMW,X5,automoveis,2014-03,26,4.2,83.7
BMW,X5,automoveis,2014-04,50,4.2,83.7
BMW,X5,automoveis,2014-05,35,4.2,83.7
BMW,X5,automoveis,2014-06,25,4.2,83.7
BMW,X5,automoveis,2014-07,22,4.2,83.7
BMW,X5,automoveis,2014-08,15,4.2,83.7
BMW,X5,automoveis,2014-09,60,4.2,83.7
BMW,X5,automoveis,2014-10,34,4.2,83.7
BMW,X5,automoveis,2014-11,21,4.2,83.7
BMW,X5,automoveis,2014-12,25,4.2,83.7
BMW,X5,automoveis,2015-04,27,4.2,83.7
BMW,X5,automoveis,2015-08,56,4.2,83.7
BMW,X5,automoveis,2015-09,43,4.2,83.7
BMW,X5,automoveis,2015-10,26,4.2,83.7
BMW,X5,automoveis,2015-11,32,4.2,83.7
BMW,X5,automoveis,2016-04,29,4.2,83.7
BMW,X5,automoveis,2016-05,17,4.2,83.7
BMW,X5,automoveis,2016-06,27,4.2,83.7
BMW,X5,automoveis,2016-07,27,4.2,83.7
BMW,X5,automoveis,2016-08,16,4.2,83.7
BMW,X5,automoveis,2017-01,36,4.2,83.7
BMW,X5,automoveis,2017-02,32,4.2,83.7
BMW,X5,automoveis,2017-03,47,4.2,83.7
BMW,X5,automoveis,2017-04,33,4.2,83.7
BMW,X5,automoveis,2017-05,56,4.2,83.7
BMW,X5,automoveis,2017-06,37,4.2,83.7
BMW,X5,automoveis,2017-07,18,4.2,83.7
BMW,X5,automoveis,2017-08,15,4.2,83.7
BMW,X5,automoveis,2017-09,6,4.2,83.7
BMW,X5,automoveis,2017-10,5,4.2,83.7
BMW,X5,automoveis,2017-11,5,4.2,83.7
BMW,X5,automoveis,2017-12,23,4.2,83.7
BMW,X5,automoveis,2018-01,66,4.2,83.7
BMW,X5,automoveis,2018-02,48,4.2,83.7
BMW,X5,automoveis,2018-03,62,4.2,83.7
BMW,X5,automoveis,2018-04,19,4.2,83.7
BMW,X5,automoveis,2018-05,64,4.2,83.7
BMW,X5,automoveis,2018-06,69,4.2,83.7
BMW,X5,automoveis,2018-07,33,4.2,83.7
BMW,X5,automoveis,2018-08,71,4.2,83.7
BMW,X5,automoveis,2018-09,73,4.2,83.7
BMW,X5,automoveis,2018-10,71,4.2,83.7
BMW,X5,automoveis,2018-11,84,4.2,83.7
BMW,X5,automoveis,2018-12,89,4.2,83.7
BMW,X5,automoveis,2019-01,85,4.2,83.7
BMW,X5,automoveis,2019-02,88,4.2,83.7
BMW,X5,automoveis,2019-03,80,4.2,83.7
BMW,X5,automoveis,2019-04,100,4.2,83.7
BMW,X5,automoveis,2019-05,99,4.2,83.7
BMW,X5,automoveis,2019-06,79,4.2,83.7
BMW,X5,automoveis,2019-07,97,4.2,83.7
BMW,X5,automoveis,2019-08,60,4.2,83.7
BMW,X5,automoveis,2019-09,71,4.2,83.7
BMW,X5,automoveis,2019-10,76,4.2,83.7
BMW,X5,automoveis,2019-11,63,4.2,83.7
BMW,X5,automoveis,2019-12,78,4.2,83.7
BMW,X5,automoveis,2020-01,72,4.2,83.7
BMW,X5,automoveis,2020-02,74,4.2,83.7
BMW,X5,automoveis,2020-03,57,4.2,83.7
BMW,X5,automoveis,2020-04,19,4.2,83.7
BMW,X5,automoveis,2020-05,30,4.2,83.7
BMW,X5,automoveis,2020-06,28,4.2,83.7
BMW,X5,automoveis,2020-07,96,4.2,83.7
BMW,X5,automoveis,2020-08,61,4.2,83.7
BMW,X5,automoveis,2020-09,65,4.2,83.7
BMW,X5,automoveis,2020-10,34,4.2,83.7
BMW,X5,automoveis,2020-11,39,4.2,83.7
BMW,X5,automoveis,2020-12,23,4.2,83.7
BMW,X5,automoveis,2021-03,51,4.2,83.7
BMW,X5,automoveis,2021-04,59,4.2,83.7
BMW,X5,automoveis,2021-05,58,4.2,83.7
BMW,X5,automoveis,2021-06,48,4.2,83.7
BMW,X5,automoveis,2021-07,40,4.2,83.7
BMW,X5,automoveis,2021-08,18,4.2,83.7
BMW,X5,automoveis,2023-02,53,4.2,83.7
BMW,X5,automoveis,2023-03,105,4.2,83.7
BMW,X5,automoveis,2023-04,39,4.2,83.7
BMW,X5,automoveis,2023-05,92,4.2,83.7
BMW,X5,automoveis,2023-06,61,4.2,83.7
BMW,X5,automoveis,2023-07,57,4.2,83.7
BMW,X5,automoveis,2023-08,55,4.2,83.7
BMW,X5,automoveis,2023-10,48,4.2,83.7
BMW,X6,automoveis,2011-02,12,2.0,40.1
BMW,X6,automoveis,2011-09,41,2.0,40.1
BMW,X6,automoveis,2011-10,39,2.0,40.1
BMW,X6,automoveis,2011-11,27,2.0,40.1
BMW,X6,automoveis,2011-12,24,2.0,40.1
BMW,X6,automoveis,2012-03,13,2.0,40.1
BMW,X6,automoveis,2012-04,12,2.0,40.1
BMW,X6,automoveis,2012-05,5,2.0,40.1
BMW,X6,automoveis,2013-01,29,2.0,40.1
BMW,X6,automoveis,2013-02,24,2.0,40.1
BMW,X6,automoveis,2013-03,24,2.0,40.1
BMW,X6,automoveis,2013-04,24,2.0,40.1
BMW,X6,automoveis,2013-05,29,2.0,40.1
BMW,X6,automoveis,2013-06,20,2.0,40.1
BMW,X6,automoveis,2013-07,12,2.0,40.1
BMW,X6,automoveis,2013-09,4,2.0,40.1
BMW,X6,automoveis,2013-10,27,2.0,40.1
BMW,X6,automoveis,2013-11,32,2.0,40.1
BMW,X6,automoveis,2013-12,45,2.0,40.1
BMW,X6,automoveis,2014-01,50,2.0,40.1
BMW,X6,automoveis,2014-02,27,2.0,40.1
BMW,X6,automoveis,2014-03,26,2.0,40.1
BMW,X6,automoveis,2014-04,50,2.0,40.1
BMW,X6,automoveis,2014-05,35,2.0,40.1
BMW,X6,automoveis,2014-06,25,2.0,40.1
BMW,X6,automoveis,2014-07,22,2.0,40.1
BMW,X6,automoveis,2014-08,15,2.0,40.1
BMW,X6,automoveis,2014-09,60,2.0,40.1
BMW,X6,automoveis,2014-10,34,2.0,40.1
BMW,X6,automoveis,2014-11,21,2.0,40.1
BMW,X6,automoveis,2014-12,25,2.0,40.1
BMW,X6,automoveis,2015-01,51,2.0,40.1
BMW,X6,automoveis,2015-02,28,2.0,40.1
BMW,X6,automoveis,2015-03,20,2.0,40.1
BMW,X6,automoveis,2015-04,27,2.0,40.1
BMW,X6,automoveis,2015-05,45,2.0,40.1
BMW,X6,automoveis,2015-06,32,2.0,40.1
BMW,X6,automoveis,2015-07,69,2.0,40.1
BMW,X6,automoveis,2015-08,56,2.0,40.1
BMW,X6,automoveis,2015-09,43,2.0,40.1
BMW,X6,automoveis,2015-10,26,2.0,40.1
BMW,X6,automoveis,2015-11,32,2.0,40.1
BMW,X6,automoveis,2015-12,23,2.0,40.1
BMW,X6,automoveis,2016-01,56,2.0,40.1
BMW,X6,automoveis,2016-05,17,2.0,40.1
BMW,X6,automoveis,2016-06,27,2.0,40.1
BMW,X6,automoveis,2016-07,27,2.0,40.1
BMW,X6,automoveis,2016-08,16,2.0,40.1
BMW,X6,automoveis,2016-09,4,2.0,40.1
BMW,X6,automoveis,2016-10,3,2.0,40.1
BMW,X6,automoveis,2017-01,36,2.0,40.1
BMW,X6,automoveis,2017-02,32,2.0,40.1
BMW,X6,automoveis,2017-03,47,2.0,40.1
BMW,X6,automoveis,2017-04,33,2.0,40.1
BMW,X6,automoveis,2017-05,56,2.0,40.1
BMW,X6,automoveis,2017-06,37,2.0,40.1
BMW,X6,automoveis,2017-07,18,2.0,40.1
BMW,X6,automoveis,2017-08,15,2.0,40.1
BMW,X6,automoveis,2017-09,6,2.0,40.1
BMW,X6,automoveis,2017-10,5,2.0,40.1
BMW,X6,automoveis,2017-11,5,2.0,40.1
BMW,X6,automoveis,2017-12,23,2.0,40.1
BMW,X6,automoveis,2018-01,66,2.0,40.1
BMW,X6,automoveis,2018-02,48,2.0,40.1
BMW,X6,automoveis,2018-03,62,2.0,40.1
BMW,X6,automoveis,2018-04,19,2.0,40.1
BMW,X6,automoveis,2018-05,64,2.0,40.1
BMW,X6,automoveis,2018-06,69,2.0,40.1
BMW,X6,automoveis,2018-07,33,2.0,40.1
BMW,X6,automoveis,2018-08,71,2.0,40.1
BMW,X6,automoveis,2018-09,73,2.0,40.1
BMW,X6,automoveis,2018-10,71,2.0,40.1
BMW,X6,automoveis,2018-11,84,2.0,40.1
BMW,X6,automoveis,2018-12,89,2.0,40.1
BMW,X6,automoveis,2019-01,85,2.0,40.1
BMW,X6,automoveis,2019-02,88,2.0,40.1
BMW,X6,automoveis,2019-03,80,2.0,40.1
BMW,X6,automoveis,2019-04,100,2.0,40.1
BMW,X6,automoveis,2019-05,99,2.0,40.1
BMW,X6,automoveis,2019-06,79,2.0,40.1
BMW,X6,automoveis,2019-07,97,2.0,40.1
BMW,X6,automoveis,2019-08,60,2.0,40.1
BMW,X6,automoveis,2019-09,71,2.0,40.1
BMW,X6,automoveis,2019-10,76,2.0,40.1
BMW,X6,automoveis,2019-11,63,2.0,40.1
BMW,X6,automoveis,2019-12,78,2.0,40.1
BMW,X6,automoveis,2020-01,72,2.0,40.1
BMW,X6,automoveis,2020-02,74,2.0,40.1
BMW,X6,automoveis,2020-03,57,2.0,40.1
BMW,X6,automoveis,2020-04,19,2.0,40.1
BMW,X6,automoveis,2020-05,30,2.0,40.1
BMW,X6,automoveis,2020-06,28,2.0,40.1
BMW,X6,automoveis,2020-07,96,2.0,40.1
BMW,X6,automoveis,2020-08,61,2.0,40.1
BMW,X6,automoveis,2020-09,65,2.0,40.1
BMW,X6,automoveis,2020-10,34,2.0,40.1
BMW,X6,automoveis,2020-11,39,2.0,40.1
BMW,X6,automoveis,2020-12,23,2.0,40.1
BMW,X6,automoveis,2021-01,58,2.0,40.1
BMW,X6,automoveis,2021-02,43,2.0,40.1
BMW,X6,automoveis,2021-03,51,2.0,40.1
BMW,X6,automoveis,2021-04,59,2.0,40.1
BMW,X6,automoveis,2021-05,58,2.0,40.1
BMW,X6,automoveis,2021-06,48,2.0,40.1
BMW,X6,automoveis,2021-07,40,2.0,40.1
BMW,X6,automoveis,2021-08,18,2.0,40.1
BMW,X6,automoveis,2021-09,4,2.0,40.1
BMW,X6,automoveis,2021-10,3,2.0,40.1
BMW,X6,automoveis,2021-11,3,2.0,40.1
BMW,X6,automoveis,2022-01,71,2.0,40.1
BMW,X6,automoveis,2022-02,44,2.0,40.1
BMW,X6,automoveis,2022-03,24,2.0,40.1
BMW,X6,automoveis,2022-04,6,2.0,40.1
BMW,X6,automoveis,2022-09,15,2.0,40.1
BMW,X6,automoveis,2022-10,8,2.0,40.1
BMW,X6,automoveis,2022-12,8,2.0,40.1
BMW,Z4,automoveis,2008-01,6,1.9,37.8
BMW,Z4,automoveis,2009-01,4,1.9,37.8
BMW,Z4,automoveis,2009-02,3,1.9,37.8
BMW,Z4,automoveis,2009-03,3,1.9,37.8
BMW,Z4,automoveis,2009-04,4,1.9,37.8
BMW,Z4,automoveis,2009-05,3,1.9,37.8
BMW,Z4,automoveis,2009-07,4,1.9,37.8
BMW,Z4,automoveis,2009-09,3,1.9,37.8
BMW,Z4,automoveis,2012-08,3,1.9,37.8
BMW,Z4,automoveis,2017-01,2,1.9,37.8
BMW,Z4,automoveis,2017-03,2,1.9,37.8
BMW,Z4,automoveis,2017-07,3,1.9,37.8
BMW,Z4,automoveis,2017-10,4,1.9,37.8
BMW,Z4,automoveis,2017-11,3,1.9,37.8
BMW,Z4,automoveis,2017-12,4,1.9,37.8
BMW,Z4,automoveis,2018-01,4,1.9,37.8
BMW,Z4,automoveis,2018-02,2,1.9,37.8
BMW,Z4,automoveis,2018-03,2,1.9,37.8
BMW,Z4,automoveis,2018-06,3,1.9,37.8
BMW,Z4,automoveis,2018-11,3,1.9,37.8
BMW,Z4,automoveis,2018-12,3,1.9,37.8
BMW,Z4,automoveis,2019-01,5,1.9,37.8
BMW,Z4,automoveis,2019-02,2,1.9,37.8
BMW,Z4,automoveis,2019-03,3,1.9,37.8
BMW,Z4,automoveis,2019-04,5,1.9,37.8
BMW,Z430,automoveis,2004-01,1,0.1,2.9
BYD,D1,automoveis,2024-02,2,1.4,27.2
BYD,T3,comerciais_leves,2016-07,23,0.5,10.6
BYD,T3,comerciais_leves,2016-08,26,0.5,10.6
BYD,T3,comerciais_leves,2016-09,38,0.5,10.6
BYD,T3,comerciais_leves,2016-10,31,0.5,10.6
BYD,T3,comerciais_leves,2016-11,29,0.5,10.6
BYD,T3,comerciais_leves,2016-12,46,0.5,10.6
BYD,T3,comerciais_leves,2017-01,41,0.5,10.6
BYD,T3,comerciais_leves,2017-02,57,0.5,10.6
BYD,T3,comerciais_leves,2017-05,47,0.5,10.6
BYD,T3,comerciais_leves,2017-06,54,0.5,10.6
BYD,T3,comerciais_leves,2017-07,24,0.5,10.6
BYD,T3,comerciais_leves,2017-08,23,0.5,10.6
BYD,T3,comerciais_leves,2017-09,3,0.5,10.6
BYD,T3,comerciais_leves,2017-11,4,0.5,10.6
BYD,T3,comerciais_leves,2017-12,2,0.5,10.6
BYD,T3,comerciais_leves,2018-01,1,0.5,10.6
BYD,T3,comerciais_leves,2018-02,1,0.5,10.6
BYD,T3,comerciais_leves,2018-03,2,0.5,10.6
BYD,T3,comerciais_leves,2018-04,2,0.5,10.6
BYD,T3,comerciais_leves,2018-05,2,0.5,10.6
BYD,T3,comerciais_leves,2018-06,8,0.5,10.6
BYD,T3,comerciais_leves,2018-07,80,0.5,10.6
BYD,T3,comerciais_leves,2018-08,55,0.5,10.6
BYD,T3,comerciais_leves,2018-09,21,0.5,10.6
BYD,T3,comerciais_leves,2018-10,33,0.5,10.6
BYD,T3,comerciais_leves,2018-11,30,0.5,10.6
BYD,T3,comerciais_leves,2018-12,18,0.5,10.6
BYD,T3,comerciais_leves,2019-01,17,0.5,10.6
BYD,T3,comerciais_leves,2019-02,5,0.5,10.6
BYD,T3,comerciais_leves,2019-03,1,0.5,10.6
BYD,T3,comerciais_leves,2019-04,10,0.5,10.6
BYD,T3,comerciais_leves,2019-05,8,0.5,10.6
BYD,T3,comerciais_leves,2019-06,1,0.5,10.6
BYD,T3,comerciais_leves,2019-07,2,0.5,10.6
BYD,T3,comerciais_leves,2019-08,2,0.5,10.6
BYD,T3,comerciais_leves,2019-09,68,0.5,10.6
BYD,T3,comerciais_leves,2020-01,10,0.5,10.6
BYD,T3,comerciais_leves,2020-08,4,0.5,10.6
BYD,T3,comerciais_leves,2021-01,13,0.5,10.6
BYD,T3,comerciais_leves,2021-11,20,0.5,10.6
BYD,T3,comerciais_leves,2022-02,6,0.5,10.6
BYD,T3,comerciais_leves,2022-06,12,0.5,10.6
BYD,T3,comerciais_leves,2022-12,1,0.5,10.6
BYD,YUAN PLUS,automoveis,2023-03,105,10.9,217.0
BYD,YUAN PLUS,automoveis,2023-04,39,10.9,217.0
BYD,YUAN PLUS,automoveis,2023-05,92,10.9,217.0
BYD,YUAN PLUS,automoveis,2023-06,61,10.9,217.0
BYD,YUAN PLUS,automoveis,2023-07,57,10.9,217.0
BYD,YUAN PLUS,automoveis,2023-08,55,10.9,217.0
CAOA CHERY,ICAR,automoveis,2023-01,8,2.8,56.3
CAOA CHERY,ICAR,automoveis,2023-02,9,2.8,56.3
CAOA CHERY,ICAR,automoveis,2023-03,7,2.8,56.3
CAOA CHERY,ICAR,automoveis,2023-04,4,2.8,56.3
CAOA CHERY,QQ,automoveis,2021-04,1,0.0,0.8
CAOA CHERY,QQ,automoveis,2021-08,1,0.0,0.8
CAOA CHERY,QQ,automoveis,2026-03,1,0.0,0.8
CHANA,SC,comerciais_leves,2013-11,63,11.8,236.8
CHANA,SC,comerciais_leves,2014-08,28,11.8,236.8
CHANA,SC,comerciais_leves,2014-10,29,11.8,236.8
CHANA,SC,comerciais_leves,2014-11,24,11.8,236.8
CHANA,SC,comerciais_leves,2015-01,30,11.8,236.8
CHERY,CELER,automoveis,2018-01,314,5.9,117.3
CHERY,CELER SEDAN,automoveis,2014-10,200,2.6,51.8
CHERY,CELER SEDAN,automoveis,2014-11,86,2.6,51.8
CHERY,CELER SEDAN,automoveis,2014-12,69,2.6,51.8
CHERY,CELER SEDAN,automoveis,2016-01,66,2.6,51.8
CHERY,CIELO SEDAN,automoveis,2013-02,10,2.8,56.8
CHERY,CIELO SEDAN,automoveis,2013-03,14,2.8,56.8
CHERY,CIELO SEDAN,automoveis,2013-04,7,2.8,56.8
CHERY,TIGGO,automoveis,2016-01,56,32.4,647.1
CHERY,TIGGO,automoveis,2016-02,36,32.4,647.1
CHERY,TIGGO,automoveis,2017-01,36,32.4,647.1
CHERY,TIGGO,automoveis,2017-03,47,32.4,647.1
CHERY,TIGGO,automoveis,2017-04,33,32.4,647.1
CHERY,TIGGO,automoveis,2017-05,56,32.4,647.1
CHERY,TIGGO,automoveis,2017-06,37,32.4,647.1
CHERY,TIGGO,automoveis,2018-01,66,32.4,647.1
CHERY,TIGGO,automoveis,2018-02,48,32.4,647.1
CHERY,TIGGO,automoveis,2018-03,62,32.4,647.1
CHERY,TIGGO,automoveis,2018-05,64,32.4,647.1
CHEVROLET,CORVETTE,automoveis,2006-04,2,0.2,4.2
CHEVROLET,CORVETTE,automoveis,2006-06,1,0.2,4.2
CHEVROLET,CORVETTE,automoveis,2006-07,2,0.2,4.2
CHEVROLET,CORVETTE,automoveis,2006-08,1,0.2,4.2
CHEVROLET,CORVETTE,automoveis,2006-09,1,0.2,4.2
CHEVROLET,CORVETTE,automoveis,2006-12,2,0.2,4.2
CHEVROLET,CORVETTE,automoveis,2008-01,6,0.2,4.2
CHEVROLET,CORVETTE,automoveis,2008-02,5,0.2,4.2
CHEVROLET,CORVETTE,automoveis,2008-03,4,0.2,4.2
CHEVROLET,CORVETTE,automoveis,2008-04,5,0.2,4.2
CHEVROLET,CORVETTE,automoveis,2008-05,1,0.2,4.2
CHEVROLET,CORVETTE,automoveis,2008-06,4,0.2,4.2
CHEVROLET,CORVETTE,automoveis,2008-07,3,0.2,4.2
CHEVROLET,CORVETTE,automoveis,2008-08,1,0.2,4.2
CHEVROLET,CORVETTE,automoveis,2008-09,3,0.2,4.2
CHEVROLET,CORVETTE,automoveis,2008-10,3,0.2,4.2
CHEVROLET,CORVETTE,automoveis,2008-11,4,0.2,4.2
CHEVROLET,CORVETTE,automoveis,2008-12,3,0.2,4.2
CHEVROLET,CORVETTE,automoveis,2009-03,3,0.2,4.2
CHEVROLET,CORVETTE,automoveis,2009-04,4,0.2,4.2
CHEVROLET,CORVETTE,automoveis,2009-05,3,0.2,4.2
CHEVROLET,CORVETTE,automoveis,2009-06,1,0.2,4.2
CHEVROLET,CORVETTE,automoveis,2009-07,4,0.2,4.2
CHEVROLET,CORVETTE,automoveis,2009-08,1,0.2,4.2
CHEVROLET,CORVETTE,automoveis,2009-09,3,0.2,4.2
CHEVROLET,CORVETTE,automoveis,2009-10,2,0.2,4.2
CHEVROLET,CORVETTE,automoveis,2009-11,3,0.2,4.2
CHEVROLET,CORVETTE,automoveis,2009-12,3,0.2,4.2
CHEVROLET,CORVETTE,automoveis,2010-01,4,0.2,4.2
CHEVROLET,CORVETTE,automoveis,2010-02,2,0.2,4.2
CHEVROLET,CORVETTE,automoveis,2010-03,5,0.2,4.2
CHEVROLET,CORVETTE,automoveis,2010-04,2,0.2,4.2
CHEVROLET,CORVETTE,automoveis,2010-05,5,0.2,4.2
CHEVROLET,CORVETTE,automoveis,2010-06,2,0.2,4.2
CHEVROLET,CORVETTE,automoveis,2010-07,3,0.2,4.2
CHEVROLET,CORVETTE,automoveis,2010-08,4,0.2,4.2
CHEVROLET,CORVETTE,automoveis,2010-09,4,0.2,4.2
CHEVROLET,CORVETTE,automoveis,2010-10,2,0.2,4.2
CHEVROLET,CORVETTE,automoveis,2010-11,4,0.2,4.2
CHEVROLET,CORVETTE,automoveis,2010-12,8,0.2,4.2
CHEVROLET,CORVETTE,automoveis,2011-01,8,0.2,4.2
CHEVROLET,CORVETTE,automoveis,2011-02,5,0.2,4.2
CHEVROLET,CORVETTE,automoveis,2011-03,6,0.2,4.2
CHEVROLET,CORVETTE,automoveis,2011-04,5,0.2,4.2
CHEVROLET,CORVETTE,automoveis,2011-05,6,0.2,4.2
CHEVROLET,CORVETTE,automoveis,2011-06,9,0.2,4.2
CHEVROLET,CORVETTE,automoveis,2011-07,7,0.2,4.2
CHEVROLET,CORVETTE,automoveis,2011-08,5,0.2,4.2
CHEVROLET,CORVETTE,automoveis,2011-09,5,0.2,4.2
CHEVROLET,CORVETTE,automoveis,2011-10,3,0.2,4.2
CHEVROLET,CORVETTE,automoveis,2011-11,5,0.2,4.2
CHEVROLET,CORVETTE,automoveis,2011-12,5,0.2,4.2
CHEVROLET,CORVETTE,automoveis,2012-01,4,0.2,4.2
CHEVROLET,CORVETTE,automoveis,2013-01,10,0.2,4.2
CHEVROLET,CORVETTE,automoveis,2013-02,1,0.2,4.2
CHEVROLET,CORVETTE,automoveis,2013-03,5,0.2,4.2
CHEVROLET,CORVETTE,automoveis,2013-04,7,0.2,4.2
CHEVROLET,CORVETTE,automoveis,2013-05,4,0.2,4.2
CHEVROLET,CORVETTE,automoveis,2013-06,7,0.2,4.2
CHEVROLET,CORVETTE,automoveis,2013-07,3,0.2,4.2
CHEVROLET,CORVETTE,automoveis,2013-08,2,0.2,4.2
CHEVROLET,CORVETTE,automoveis,2013-09,7,0.2,4.2
CHEVROLET,CORVETTE,automoveis,2013-10,4,0.2,4.2
CHEVROLET,CORVETTE,automoveis,2013-11,2,0.2,4.2
CHEVROLET,CORVETTE,automoveis,2013-12,3,0.2,4.2
CHEVROLET,CORVETTE,automoveis,2014-01,5,0.2,4.2
CHEVROLET,CORVETTE,automoveis,2014-02,3,0.2,4.2
CHEVROLET,CORVETTE,automoveis,2014-03,2,0.2,4.2
CHEVROLET,CORVETTE,automoveis,2014-04,2,0.2,4.2
CHEVROLET,CORVETTE,automoveis,2014-05,2,0.2,4.2
CHEVROLET,CORVETTE,automoveis,2014-06,3,0.2,4.2
CHEVROLET,CORVETTE,automoveis,2014-07,4,0.2,4.2
CHEVROLET,CORVETTE,automoveis,2014-08,5,0.2,4.2
CHEVROLET,CORVETTE,automoveis,2014-09,4,0.2,4.2
CHEVROLET,CORVETTE,automoveis,2014-10,5,0.2,4.2
CHEVROLET,CORVETTE,automoveis,2014-11,2,0.2,4.2
CHEVROLET,CORVETTE,automoveis,2015-06,6,0.2,4.2
CHEVROLET,CORVETTE,automoveis,2015-07,5,0.2,4.2
CHEVROLET,CORVETTE,automoveis,2015-08,3,0.2,4.2
CHEVROLET,CORVETTE,automoveis,2015-09,3,0.2,4.2
CHEVROLET,CORVETTE,automoveis,2015-10,1,0.2,4.2
CHEVROLET,CORVETTE,automoveis,2015-11,4,0.2,4.2
CHEVROLET,CORVETTE,automoveis,2015-12,6,0.2,4.2
CHEVROLET,CORVETTE,automoveis,2016-01,4,0.2,4.2
CHEVROLET,CORVETTE,automoveis,2016-03,1,0.2,4.2
CHEVROLET,CORVETTE,automoveis,2016-04,1,0.2,4.2
CHEVROLET,CORVETTE,automoveis,2016-06,2,0.2,4.2
CHEVROLET,CORVETTE,automoveis,2016-07,1,0.2,4.2
CHEVROLET,CORVETTE,automoveis,2016-08,2,0.2,4.2
CHEVROLET,CORVETTE,automoveis,2016-10,1,0.2,4.2
CHEVROLET,CORVETTE,automoveis,2017-01,2,0.2,4.2
CHEVROLET,CORVETTE,automoveis,2017-03,2,0.2,4.2
CHEVROLET,CORVETTE,automoveis,2017-07,3,0.2,4.2
CHEVROLET,CORVETTE,automoveis,2017-09,1,0.2,4.2
CHEVROLET,CORVETTE,automoveis,2017-10,4,0.2,4.2
CHEVROLET,CORVETTE,automoveis,2017-11,3,0.2,4.2
CHEVROLET,CORVETTE,automoveis,2017-12,4,0.2,4.2
CHEVROLET,CORVETTE,automoveis,2018-01,4,0.2,4.2
CHEVROLET,CORVETTE,automoveis,2018-02,2,0.2,4.2
CHEVROLET,CORVETTE,automoveis,2018-03,2,0.2,4.2
CHEVROLET,CORVETTE,automoveis,2018-05,1,0.2,4.2
CHEVROLET,CORVETTE,automoveis,2018-06,3,0.2,4.2
CHEVROLET,CORVETTE,automoveis,2018-07,1,0.2,4.2
CHEVROLET,CORVETTE,automoveis,2018-11,3,0.2,4.2
CHEVROLET,CORVETTE,automoveis,2018-12,3,0.2,4.2
CHEVROLET,CORVETTE,automoveis,2019-01,5,0.2,4.2
CHEVROLET,CORVETTE,automoveis,2019-02,2,0.2,4.2
CHEVROLET,CORVETTE,automoveis,2019-03,3,0.2,4.2
CHEVROLET,CORVETTE,automoveis,2019-04,5,0.2,4.2
CHEVROLET,CORVETTE,automoveis,2019-05,1,0.2,4.2
CHEVROLET,CORVETTE,automoveis,2019-07,1,0.2,4.2
CHEVROLET,CORVETTE,automoveis,2020-01,2,0.2,4.2
CHEVROLET,CORVETTE,automoveis,2020-06,3,0.2,4.2
CHEVROLET,EL CAMINO,comerciais_leves,2008-04,1,0.0,0.2
CHEVROLET,EL CAMINO,comerciais_leves,2008-09,1,0.0,0.2
CHEVROLET,EL CAMINO,comerciais_leves,2008-10,1,0.0,0.2
CHEVROLET,EL CAMINO,comerciais_leves,2008-12,1,0.0,0.2
CHEVROLET,EL CAMINO,comerciais_leves,2009-03,1,0.0,0.2
CHEVROLET,EL CAMINO,comerciais_leves,2009-05,2,0.0,0.2
CHEVROLET,EL CAMINO,comerciais_leves,2009-07,2,0.0,0.2
CHEVROLET,EL CAMINO,comerciais_leves,2009-09,1,0.0,0.2
CHEVROLET,EL CAMINO,comerciais_leves,2009-10,1,0.0,0.2
CHEVROLET,EL CAMINO,comerciais_leves,2009-12,1,0.0,0.2
CHEVROLET,EL CAMINO,comerciais_leves,2010-02,39,0.0,0.2
CHEVROLET,EL CAMINO,comerciais_leves,2010-03,62,0.0,0.2
CHEVROLET,EL CAMINO,comerciais_leves,2010-04,15,0.0,0.2
CHEVROLET,EL CAMINO,comerciais_leves,2010-05,124,0.0,0.2
CHEVROLET,EL CAMINO,comerciais_leves,2010-06,121,0.0,0.2
CHEVROLET,EL CAMINO,comerciais_leves,2010-07,130,0.0,0.2
CHEVROLET,EL CAMINO,comerciais_leves,2010-08,180,0.0,0.2
CHEVROLET,EL CAMINO,comerciais_leves,2010-09,152,0.0,0.2
CHEVROLET,EL CAMINO,comerciais_leves,2010-10,99,0.0,0.2
CHEVROLET,EL CAMINO,comerciais_leves,2010-11,78,0.0,0.2
CHEVROLET,EL CAMINO,comerciais_leves,2010-12,99,0.0,0.2
CHEVROLET,EL CAMINO,comerciais_leves,2011-01,78,0.0,0.2
CHEVROLET,EL CAMINO,comerciais_leves,2011-02,102,0.0,0.2
CHEVROLET,EL CAMINO,comerciais_leves,2011-03,118,0.0,0.2
CHEVROLET,EL CAMINO,comerciais_leves,2011-04,95,0.0,0.2
CHEVROLET,EL CAMINO,comerciais_leves,2011-05,100,0.0,0.2
CHEVROLET,EL CAMINO,comerciais_leves,2011-06,104,0.0,0.2
CHEVROLET,EL CAMINO,comerciais_leves,2011-07,100,0.0,0.2
CHEVROLET,EL CAMINO,comerciais_leves,2011-09,99,0.0,0.2
CHEVROLET,EL CAMINO,comerciais_leves,2011-10,82,0.0,0.2
CHEVROLET,EL CAMINO,comerciais_leves,2011-11,85,0.0,0.2
CHEVROLET,EL CAMINO,comerciais_leves,2011-12,74,0.0,0.2
CHEVROLET,EL CAMINO,comerciais_leves,2012-01,78,0.0,0.2
CHEVROLET,EL CAMINO,comerciais_leves,2012-02,80,0.0,0.2
CHEVROLET,EL CAMINO,comerciais_leves,2012-03,102,0.0,0.2
CHEVROLET,EL CAMINO,comerciais_leves,2012-04,83,0.0,0.2
CHEVROLET,EL CAMINO,comerciais_leves,2012-05,103,0.0,0.2
CHEVROLET,EL CAMINO,comerciais_leves,2012-06,85,0.0,0.2
CHEVROLET,EL CAMINO,comerciais_leves,2012-07,90,0.0,0.2
CHEVROLET,EL CAMINO,comerciais_leves,2012-08,71,0.0,0.2
CHEVROLET,EL CAMINO,comerciais_leves,2012-09,52,0.0,0.2
CHEVROLET,EL CAMINO,comerciais_leves,2012-10,60,0.0,0.2
CHEVROLET,EL CAMINO,comerciais_leves,2012-11,46,0.0,0.2
CHEVROLET,EL CAMINO,comerciais_leves,2012-12,45,0.0,0.2
CHEVROLET,EL CAMINO,comerciais_leves,2013-01,31,0.0,0.2
CHEVROLET,EL CAMINO,comerciais_leves,2013-02,24,0.0,0.2
CHEVROLET,EL CAMINO,comerciais_leves,2013-03,33,0.0,0.2
CHEVROLET,EL CAMINO,comerciais_leves,2013-04,27,0.0,0.2
CHEVROLET,EL CAMINO,comerciais_leves,2013-05,26,0.0,0.2
CHEVROLET,EL CAMINO,comerciais_leves,2013-06,39,0.0,0.2
CHEVROLET,EL CAMINO,comerciais_leves,2013-07,22,0.0,0.2
CHEVROLET,EL CAMINO,comerciais_leves,2013-08,10,0.0,0.2
CHEVROLET,EL CAMINO,comerciais_leves,2013-09,3,0.0,0.2
CHEVROLET,EL CAMINO,comerciais_leves,2013-10,9,0.0,0.2
CHEVROLET,EL CAMINO,comerciais_leves,2013-11,1,0.0,0.2
CHEVROLET,EL CAMINO,comerciais_leves,2013-12,2,0.0,0.2
CHEVROLET,EL CAMINO,comerciais_leves,2014-01,1,0.0,0.2
CHEVROLET,EL CAMINO,comerciais_leves,2014-02,1,0.0,0.2
CHEVROLET,EL CAMINO,comerciais_leves,2014-05,1,0.0,0.2
CHEVROLET,EL CAMINO,comerciais_leves,2014-07,6,0.0,0.2
CHEVROLET,EL CAMINO,comerciais_leves,2015-01,1,0.0,0.2
CHEVROLET,EL CAMINO,comerciais_leves,2017-06,1,0.0,0.2
CHEVROLET,EL CAMINO,comerciais_leves,2021-07,1,0.0,0.2
CHRYSLER,300C,automoveis,2010-01,11,2.5,50.9
CHRYSLER,300C,automoveis,2010-08,35,2.5,50.9
CHRYSLER,300C,automoveis,2010-09,15,2.5,50.9
CHRYSLER,300C,automoveis,2010-10,11,2.5,50.9
CHRYSLER,300C,automoveis,2010-11,4,2.5,50.9
CHRYSLER,300C,automoveis,2011-01,30,2.5,50.9
CHRYSLER,300C,automoveis,2011-02,35,2.5,50.9
CHRYSLER,300C,automoveis,2011-03,32,2.5,50.9
CHRYSLER,300C,automoveis,2011-04,29,2.5,50.9
CHRYSLER,300C,automoveis,2011-05,40,2.5,50.9
CHRYSLER,300C,automoveis,2011-06,39,2.5,50.9
CHRYSLER,300C,automoveis,2011-07,33,2.5,50.9
CHRYSLER,300C,automoveis,2011-08,15,2.5,50.9
CHRYSLER,300C,automoveis,2011-09,9,2.5,50.9
CHRYSLER,300C,automoveis,2011-10,6,2.5,50.9
CHRYSLER,300C,automoveis,2011-11,11,2.5,50.9
CHRYSLER,300C,automoveis,2011-12,41,2.5,50.9
CHRYSLER,300C,automoveis,2012-01,28,2.5,50.9
CHRYSLER,300C,automoveis,2012-02,17,2.5,50.9
CHRYSLER,300C,automoveis,2013-01,17,2.5,50.9
CHRYSLER,300C,automoveis,2013-02,14,2.5,50.9
CHRYSLER,300C,automoveis,2013-03,18,2.5,50.9
CHRYSLER,300C,automoveis,2013-04,7,2.5,50.9
CHRYSLER,300C,automoveis,2013-05,6,2.5,50.9
CHRYSLER,300C,automoveis,2013-06,10,2.5,50.9
CHRYSLER,300C,automoveis,2013-07,13,2.5,50.9
CHRYSLER,300C,automoveis,2013-08,13,2.5,50.9
CHRYSLER,300C,automoveis,2013-09,5,2.5,50.9
CHRYSLER,300C,automoveis,2013-10,7,2.5,50.9
CHRYSLER,GCARAVAN,automoveis,2006-01,21,1.5,30.5
CHRYSLER,PACIFICA,automoveis,2018-07,4,0.1,2.2
CHRYSLER,PACIFICA,automoveis,2019-02,2,0.1,2.2
CHRYSLER,PACIFICA,automoveis,2019-03,1,0.1,2.2
CHRYSLER,PACIFICA,automoveis,2019-05,2,0.1,2.2
CHRYSLER,PACIFICA,automoveis,2023-01,1,0.1,2.2
CHRYSLER,PACIFICA,automoveis,2023-02,3,0.1,2.2
CHRYSLER,PACIFICA,automoveis,2025-01,3,0.1,2.2
CHRYSLER,PACIFICA,automoveis,2025-02,1,0.1,2.2
CHRYSLER,PACIFICA,automoveis,2025-07,1,0.1,2.2
CHRYSLER,PACIFICA,automoveis,2025-09,1,0.1,2.2
CHRYSLER,PT CRUISE,automoveis,2006-05,204,2.6,52.6
CHRYSLER,PT CRUISE,automoveis,2006-06,145,2.6,52.6
CHRYSLER,PT CRUISE,automoveis,2006-07,200,2.6,52.6
CHRYSLER,PT CRUISE,automoveis,2006-08,208,2.6,52.6
CHRYSLER,PT CRUISE,automoveis,2006-09,169,2.6,52.6
CHRYSLER,PT CRUISE,automoveis,2006-10,220,2.6,52.6
CHRYSLER,PT CRUISE,automoveis,2006-11,230,2.6,52.6
CHRYSLER,PT CRUISE,automoveis,2006-12,263,2.6,52.6
CHRYSLER,PT CRUISE,automoveis,2007-01,373,2.6,52.6
CHRYSLER,PT CRUISE,automoveis,2007-02,108,2.6,52.6
CHRYSLER,PT CRUISE,automoveis,2007-03,183,2.6,52.6
CHRYSLER,PT CRUISE,automoveis,2007-04,215,2.6,52.6
CHRYSLER,PT CRUISE,automoveis,2007-05,235,2.6,52.6
CHRYSLER,PT CRUISE,automoveis,2007-06,164,2.6,52.6
CHRYSLER,TOWN COUNTRY,automoveis,2014-01,21,1.0,19.8
CHRYSLER,TOWN COUNTRY,automoveis,2014-04,58,1.0,19.8
CHRYSLER,TOWN COUNTRY,automoveis,2014-05,15,1.0,19.8
CHRYSLER,TOWN COUNTRY,automoveis,2014-06,8,1.0,19.8
CHRYSLER,TOWN COUNTRY,automoveis,2014-07,9,1.0,19.8
CHRYSLER,TOWN COUNTRY,automoveis,2014-08,6,1.0,19.8
CHRYSLER,TOWN COUNTRY,automoveis,2014-09,1,1.0,19.8
CHRYSLER,TOWN COUNTRY,automoveis,2014-10,3,1.0,19.8
CHRYSLER,TOWN COUNTRY,automoveis,2014-11,2,1.0,19.8
CHRYSLER,TOWN COUNTRY,automoveis,2014-12,6,1.0,19.8
CHRYSLER,TOWN COUNTRY,automoveis,2016-01,5,1.0,19.8
CHRYSLER,TOWN COUNTRY,automoveis,2016-02,4,1.0,19.8
CHRYSLER,TOWN COUNTRY,automoveis,2016-03,3,1.0,19.8
CHRYSLER,TOWN COUNTRY,automoveis,2016-04,3,1.0,19.8
CHRYSLER,TOWN COUNTRY,automoveis,2016-05,2,1.0,19.8
CHRYSLER,TOWN COUNTRY,automoveis,2016-06,3,1.0,19.8
CHRYSLER,TOWN COUNTRY,automoveis,2016-07,2,1.0,19.8
CITROEN,AIRCROSS,automoveis,2020-07,96,36.1,721.0
CITROEN,AIRCROSS,automoveis,2020-08,61,36.1,721.0
CITROEN,AIRCROSS,automoveis,2020-09,65,36.1,721.0
CITROEN,AIRCROSS,automoveis,2020-11,39,36.1,721.0
CITROEN,AIRCROSS,automoveis,2021-01,58,36.1,721.0
CITROEN,AIRCROSS,automoveis,2021-02,43,36.1,721.0
CITROEN,AIRCROSS,automoveis,2021-03,51,36.1,721.0
CITROEN,AIRCROSS,automoveis,2021-04,59,36.1,721.0
CITROEN,AIRCROSS,automoveis,2021-05,58,36.1,721.0
CITROEN,AIRCROSS,automoveis,2021-06,48,36.1,721.0
CITROEN,AIRCROSS,automoveis,2021-07,40,36.1,721.0
CITROEN,AIRCROSS,automoveis,2022-01,71,36.1,721.0
CITROEN,AIRCROSS,automoveis,2022-02,44,36.1,721.0
CITROEN,AIRCROSS,automoveis,2023-01,67,36.1,721.0
CITROEN,AIRCROSS,automoveis,2023-02,53,36.1,721.0
CITROEN,AIRCROSS,automoveis,2023-03,105,36.1,721.0
CITROEN,AIRCROSS,automoveis,2023-04,39,36.1,721.0
CITROEN,AIRCROSS,automoveis,2023-05,92,36.1,721.0
CITROEN,AIRCROSS,automoveis,2023-06,61,36.1,721.0
CITROEN,AIRCROSS,automoveis,2023-07,57,36.1,721.0
CITROEN,AIRCROSS,automoveis,2023-08,55,36.1,721.0
CITROEN,AIRCROSS,automoveis,2023-10,48,36.1,721.0
CITROEN,AIRCROSS,automoveis,2024-01,96,36.1,721.0
CITROEN,AIRCROSS,automoveis,2024-02,62,36.1,721.0
CITROEN,AIRCROSS,automoveis,2024-04,121,36.1,721.0
CITROEN,AIRCROSS,automoveis,2024-05,64,36.1,721.0
CITROEN,AIRCROSS,automoveis,2024-06,41,36.1,721.0
CITROEN,AIRCROSS,automoveis,2024-07,89,36.1,721.0
CITROEN,AIRCROSS,automoveis,2024-08,124,36.1,721.0
CITROEN,AIRCROSS,automoveis,2024-10,66,36.1,721.0
CITROEN,AIRCROSS,automoveis,2024-11,56,36.1,721.0
CITROEN,AIRCROSS,automoveis,2024-12,110,36.1,721.0
CITROEN,AIRCROSS,automoveis,2025-01,132,36.1,721.0
CITROEN,AIRCROSS,automoveis,2025-02,124,36.1,721.0
CITROEN,AIRCROSS,automoveis,2025-03,102,36.1,721.0
CITROEN,AIRCROSS,automoveis,2025-04,78,36.1,721.0
CITROEN,AIRCROSS,automoveis,2025-05,106,36.1,721.0
CITROEN,AIRCROSS,automoveis,2025-06,74,36.1,721.0
CITROEN,AIRCROSS,automoveis,2025-07,100,36.1,721.0
CITROEN,AIRCROSS,automoveis,2025-08,119,36.1,721.0
CITROEN,AIRCROSS,automoveis,2025-09,71,36.1,721.0
CITROEN,AIRCROSS,automoveis,2025-10,62,36.1,721.0
CITROEN,AIRCROSS,automoveis,2025-12,94,36.1,721.0
CITROEN,BERLINGO,comerciais_leves,2021-01,13,2.8,55.7
CITROEN,BERLINGO,comerciais_leves,2021-03,14,2.8,55.7
CITROEN,BERLINGO,comerciais_leves,2021-05,4,2.8,55.7
CITROEN,BERLINGO,comerciais_leves,2021-06,43,2.8,55.7
CITROEN,BERLINGO,comerciais_leves,2021-07,3,2.8,55.7
CITROEN,BERLINGO,comerciais_leves,2021-10,11,2.8,55.7
CITROEN,BERLINGO,comerciais_leves,2021-11,20,2.8,55.7
CITROEN,BERLINGO,comerciais_leves,2022-02,6,2.8,55.7
CITROEN,BERLINGO,comerciais_leves,2022-07,5,2.8,55.7
CITROEN,BERLINGO,comerciais_leves,2023-03,4,2.8,55.7
CITROEN,BERLINGO,comerciais_leves,2023-04,4,2.8,55.7
CITROEN,BERLINGO,comerciais_leves,2024-01,3,2.8,55.7
CITROEN,C3 AIRCROSS,automoveis,2018-09,73,71.8,1436.7
CITROEN,C3 AIRCROSS,automoveis,2018-11,84,71.8,1436.7
CITROEN,C3 AIRCROSS,automoveis,2018-12,89,71.8,1436.7
CITROEN,C3 AIRCROSS,automoveis,2019-01,85,71.8,1436.7
CITROEN,C3 AIRCROSS,automoveis,2019-02,88,71.8,1436.7
CITROEN,C3 AIRCROSS,automoveis,2019-03,80,71.8,1436.7
CITROEN,C3 AIRCROSS,automoveis,2019-04,100,71.8,1436.7
CITROEN,C3 AIRCROSS,automoveis,2019-05,99,71.8,1436.7
CITROEN,C3 AIRCROSS,automoveis,2019-06,79,71.8,1436.7
CITROEN,C3 AIRCROSS,automoveis,2019-07,97,71.8,1436.7
CITROEN,C3 AIRCROSS,automoveis,2019-10,76,71.8,1436.7
CITROEN,C3 AIRCROSS,automoveis,2019-12,78,71.8,1436.7
CITROEN,C3 AIRCROSS,automoveis,2020-01,72,71.8,1436.7
CITROEN,C3 AIRCROSS,automoveis,2020-02,74,71.8,1436.7
CITROEN,C3 AIRCROSS,automoveis,2020-07,96,71.8,1436.7
CITROEN,C3 AIRCROSS,automoveis,2023-03,105,71.8,1436.7
CITROEN,C3 AIRCROSS,automoveis,2023-05,92,71.8,1436.7
CITROEN,C3 AIRCROSS,automoveis,2024-01,96,71.8,1436.7
CITROEN,C4,automoveis,2006-11,230,57.2,1144.5
CITROEN,C4,automoveis,2007-01,373,57.2,1144.5
CITROEN,C4,automoveis,2007-02,108,57.2,1144.5
CITROEN,C4,automoveis,2007-03,183,57.2,1144.5
CITROEN,C4,automoveis,2007-04,215,57.2,1144.5
CITROEN,C4,automoveis,2007-05,235,57.2,1144.5
CITROEN,C4,automoveis,2007-06,164,57.2,1144.5
CITROEN,C4,automoveis,2007-07,276,57.2,1144.5
CITROEN,C4,automoveis,2007-08,355,57.2,1144.5
CITROEN,C4,automoveis,2007-09,763,57.2,1144.5
CITROEN,C4,automoveis,2007-10,1160,57.2,1144.5
CITROEN,C4,automoveis,2007-11,1028,57.2,1144.5
CITROEN,C4,automoveis,2007-12,906,57.2,1144.5
CITROEN,C4,automoveis,2008-01,947,57.2,1144.5
CITROEN,C4,automoveis,2008-02,682,57.2,1144.5
CITROEN,C4,automoveis,2008-03,1061,57.2,1144.5
CITROEN,C4,automoveis,2008-04,954,57.2,1144.5
CITROEN,C4,automoveis,2008-05,805,57.2,1144.5
CITROEN,C4,automoveis,2008-06,1073,57.2,1144.5
CITROEN,C4,automoveis,2008-07,1393,57.2,1144.5
CITROEN,C4,automoveis,2008-08,1077,57.2,1144.5
CITROEN,C4,automoveis,2008-09,992,57.2,1144.5
CITROEN,C4,automoveis,2008-10,854,57.2,1144.5
CITROEN,C4,automoveis,2008-11,531,57.2,1144.5
CITROEN,C4,automoveis,2008-12,640,57.2,1144.5
CITROEN,C4,automoveis,2009-01,794,57.2,1144.5
CITROEN,C4,automoveis,2009-02,812,57.2,1144.5
CITROEN,C4,automoveis,2009-03,906,57.2,1144.5
CITROEN,C4,automoveis,2011-07,1193,57.2,1144.5
CITROEN,C4,automoveis,2011-08,1189,57.2,1144.5
CITROEN,C4,automoveis,2011-09,1015,57.2,1144.5
CITROEN,C4,automoveis,2011-10,960,57.2,1144.5
CITROEN,C4,automoveis,2011-11,655,57.2,1144.5
CITROEN,C4,automoveis,2011-12,385,57.2,1144.5
CITROEN,C4 PICASSO,automoveis,2012-08,286,22.0,440.0
CITROEN,C4 PICASSO,automoveis,2012-09,96,22.0,440.0
CITROEN,C5,automoveis,2008-01,16,4.2,83.0
CITROEN,C5,automoveis,2008-02,15,4.2,83.0
CITROEN,C5,automoveis,2008-03,18,4.2,83.0
CITROEN,C5,automoveis,2008-04,23,4.2,83.0
CITROEN,C5,automoveis,2008-05,10,4.2,83.0
CITROEN,C5,automoveis,2008-06,7,4.2,83.0
CITROEN,C5,automoveis,2008-07,19,4.2,83.0
CITROEN,C5,automoveis,2008-08,11,4.2,83.0
CITROEN,C5,automoveis,2008-09,12,4.2,83.0
CITROEN,C5,automoveis,2008-10,16,4.2,83.0
CITROEN,C5,automoveis,2008-11,12,4.2,83.0
CITROEN,C5,automoveis,2008-12,14,4.2,83.0
CITROEN,C5,automoveis,2009-01,14,4.2,83.0
CITROEN,C5,automoveis,2009-03,10,4.2,83.0
CITROEN,C5,automoveis,2009-04,10,4.2,83.0
CITROEN,C5,automoveis,2009-05,13,4.2,83.0
CITROEN,C5,automoveis,2011-09,9,4.2,83.0
CITROEN,C5,automoveis,2011-10,6,4.2,83.0
CITROEN,C5,automoveis,2011-11,11,4.2,83.0
CITROEN,C5,automoveis,2011-12,41,4.2,83.0
CITROEN,C8,automoveis,2004-12,10,0.6,12.3
CITROEN,C8,automoveis,2005-01,7,0.6,12.3
CITROEN,C8,automoveis,2005-02,5,0.6,12.3
CITROEN,DS5,automoveis,2014-09,15,3.7,74.6
CITROEN,DS5,automoveis,2014-10,16,3.7,74.6
CITROEN,DS5,automoveis,2014-11,10,3.7,74.6
CITROEN,DS5,automoveis,2015-01,13,3.7,74.6
CITROEN,DS5,automoveis,2015-02,10,3.7,74.6
CITROEN,DS5,automoveis,2015-03,27,3.7,74.6
CITROEN,DS5,automoveis,2015-04,29,3.7,74.6
CITROEN,DS5,automoveis,2015-05,18,3.7,74.6
CITROEN,DS5,automoveis,2015-07,18,3.7,74.6
CITROEN,DS5,automoveis,2015-08,5,3.7,74.6
CITROEN,DS5,automoveis,2015-09,11,3.7,74.6
CITROEN,DS5,automoveis,2015-10,4,3.7,74.6
CITROEN,DS5,automoveis,2015-12,12,3.7,74.6
CITROEN,DS5,automoveis,2016-03,12,3.7,74.6
CITROEN,JUMPER,comerciais_leves,2018-10,156,11.9,238.6
CITROEN,JUMPER,comerciais_leves,2023-01,134,11.9,238.6
DODGE,CHALLENGER,automoveis,2009-03,3,0.3,6.8
DODGE,CHALLENGER,automoveis,2009-08,1,0.3,6.8
DODGE,CHALLENGER,automoveis,2009-09,3,0.3,6.8
DODGE,CHALLENGER,automoveis,2009-10,2,0.3,6.8
DODGE,CHALLENGER,automoveis,2009-11,3,0.3,6.8
DODGE,CHALLENGER,automoveis,2009-12,3,0.3,6.8
DODGE,CHALLENGER,automoveis,2010-01,4,0.3,6.8
DODGE,CHALLENGER,automoveis,2010-02,2,0.3,6.8
DODGE,CHALLENGER,automoveis,2010-03,5,0.3,6.8
DODGE,CHALLENGER,automoveis,2010-04,2,0.3,6.8
DODGE,CHALLENGER,automoveis,2010-05,5,0.3,6.8
DODGE,CHALLENGER,automoveis,2010-06,2,0.3,6.8
DODGE,CHALLENGER,automoveis,2010-07,3,0.3,6.8
DODGE,CHALLENGER,automoveis,2010-08,4,0.3,6.8
DODGE,CHALLENGER,automoveis,2010-09,4,0.3,6.8
DODGE,CHALLENGER,automoveis,2010-10,2,0.3,6.8
DODGE,CHALLENGER,automoveis,2010-11,4,0.3,6.8
DODGE,CHALLENGER,automoveis,2010-12,8,0.3,6.8
DODGE,CHALLENGER,automoveis,2011-01,8,0.3,6.8
DODGE,CHALLENGER,automoveis,2011-02,5,0.3,6.8
DODGE,CHALLENGER,automoveis,2011-03,6,0.3,6.8
DODGE,CHALLENGER,automoveis,2011-04,5,0.3,6.8
DODGE,CHALLENGER,automoveis,2011-05,6,0.3,6.8
DODGE,CHALLENGER,automoveis,2011-06,9,0.3,6.8
DODGE,CHALLENGER,automoveis,2011-07,7,0.3,6.8
DODGE,CHALLENGER,automoveis,2011-08,5,0.3,6.8
DODGE,CHALLENGER,automoveis,2011-09,5,0.3,6.8
DODGE,CHALLENGER,automoveis,2011-10,3,0.3,6.8
DODGE,CHALLENGER,automoveis,2011-11,5,0.3,6.8
DODGE,CHALLENGER,automoveis,2011-12,5,0.3,6.8
DODGE,CHALLENGER,automoveis,2012-01,4,0.3,6.8
DODGE,CHALLENGER,automoveis,2012-02,6,0.3,6.8
DODGE,CHALLENGER,automoveis,2012-03,4,0.3,6.8
DODGE,CHALLENGER,automoveis,2012-04,2,0.3,6.8
DODGE,CHALLENGER,automoveis,2012-05,1,0.3,6.8
DODGE,CHALLENGER,automoveis,2012-08,3,0.3,6.8
DODGE,CHALLENGER,automoveis,2012-09,1,0.3,6.8
DODGE,CHALLENGER,automoveis,2012-12,2,0.3,6.8
DODGE,CHALLENGER,automoveis,2013-01,10,0.3,6.8
DODGE,CHALLENGER,automoveis,2013-02,1,0.3,6.8
DODGE,CHALLENGER,automoveis,2013-03,5,0.3,6.8
DODGE,CHALLENGER,automoveis,2013-04,7,0.3,6.8
DODGE,CHALLENGER,automoveis,2013-05,4,0.3,6.8
DODGE,CHALLENGER,automoveis,2013-06,7,0.3,6.8
DODGE,CHALLENGER,automoveis,2013-07,3,0.3,6.8
DODGE,CHALLENGER,automoveis,2013-08,2,0.3,6.8
DODGE,CHALLENGER,automoveis,2013-09,7,0.3,6.8
DODGE,CHALLENGER,automoveis,2013-10,4,0.3,6.8
DODGE,CHALLENGER,automoveis,2013-11,2,0.3,6.8
DODGE,CHALLENGER,automoveis,2013-12,3,0.3,6.8
DODGE,CHALLENGER,automoveis,2014-01,5,0.3,6.8
DODGE,CHALLENGER,automoveis,2014-02,3,0.3,6.8
DODGE,CHALLENGER,automoveis,2014-03,2,0.3,6.8
DODGE,CHALLENGER,automoveis,2014-04,2,0.3,6.8
DODGE,CHALLENGER,automoveis,2014-05,2,0.3,6.8
DODGE,CHALLENGER,automoveis,2014-06,3,0.3,6.8
DODGE,CHALLENGER,automoveis,2014-07,4,0.3,6.8
DODGE,CHALLENGER,automoveis,2014-08,5,0.3,6.8
DODGE,CHALLENGER,automoveis,2014-09,4,0.3,6.8
DODGE,CHALLENGER,automoveis,2014-10,5,0.3,6.8
DODGE,CHALLENGER,automoveis,2014-11,2,0.3,6.8
DODGE,CHALLENGER,automoveis,2014-12,3,0.3,6.8
DODGE,CHALLENGER,automoveis,2015-01,6,0.3,6.8
DODGE,CHALLENGER,automoveis,2015-02,4,0.3,6.8
DODGE,CHALLENGER,automoveis,2015-03,4,0.3,6.8
DODGE,CHALLENGER,automoveis,2015-04,5,0.3,6.8
DODGE,CHALLENGER,automoveis,2015-05,2,0.3,6.8
DODGE,CHALLENGER,automoveis,2015-06,6,0.3,6.8
DODGE,CHALLENGER,automoveis,2015-07,5,0.3,6.8
DODGE,CHALLENGER,automoveis,2015-08,3,0.3,6.8
DODGE,CHALLENGER,automoveis,2015-09,3,0.3,6.8
DODGE,CHALLENGER,automoveis,2015-10,1,0.3,6.8
DODGE,CHALLENGER,automoveis,2015-11,4,0.3,6.8
DODGE,CHALLENGER,automoveis,2015-12,6,0.3,6.8
DODGE,CHALLENGER,automoveis,2016-01,4,0.3,6.8
DODGE,CHALLENGER,automoveis,2016-02,1,0.3,6.8
DODGE,CHALLENGER,automoveis,2016-03,1,0.3,6.8
DODGE,CHALLENGER,automoveis,2016-04,1,0.3,6.8
DODGE,CHALLENGER,automoveis,2016-06,2,0.3,6.8
DODGE,CHALLENGER,automoveis,2016-07,1,0.3,6.8
DODGE,CHALLENGER,automoveis,2016-08,2,0.3,6.8
DODGE,CHALLENGER,automoveis,2016-10,1,0.3,6.8
DODGE,CHALLENGER,automoveis,2017-01,2,0.3,6.8
DODGE,CHALLENGER,automoveis,2017-03,2,0.3,6.8
DODGE,CHALLENGER,automoveis,2017-07,3,0.3,6.8
DODGE,CHALLENGER,automoveis,2017-09,1,0.3,6.8
DODGE,CHALLENGER,automoveis,2017-10,4,0.3,6.8
DODGE,CHALLENGER,automoveis,2017-11,3,0.3,6.8
DODGE,CHALLENGER,automoveis,2017-12,4,0.3,6.8
DODGE,CHALLENGER,automoveis,2018-01,4,0.3,6.8
DODGE,CHALLENGER,automoveis,2018-02,2,0.3,6.8
DODGE,CHALLENGER,automoveis,2018-03,2,0.3,6.8
DODGE,CHALLENGER,automoveis,2018-05,1,0.3,6.8
DODGE,CHALLENGER,automoveis,2018-06,3,0.3,6.8
DODGE,CHALLENGER,automoveis,2018-07,1,0.3,6.8
DODGE,CHALLENGER,automoveis,2018-11,3,0.3,6.8
DODGE,CHALLENGER,automoveis,2018-12,3,0.3,6.8
DODGE,CHALLENGER,automoveis,2019-01,5,0.3,6.8
DODGE,CHALLENGER,automoveis,2019-02,2,0.3,6.8
DODGE,CHALLENGER,automoveis,2019-03,3,0.3,6.8
DODGE,CHALLENGER,automoveis,2019-04,5,0.3,6.8
DODGE,CHALLENGER,automoveis,2019-05,1,0.3,6.8
DODGE,CHALLENGER,automoveis,2019-07,1,0.3,6.8
DODGE,CHALLENGER,automoveis,2020-01,2,0.3,6.8
DODGE,CHALLENGER,automoveis,2020-02,3,0.3,6.8
DODGE,CHALLENGER,automoveis,2020-03,1,0.3,6.8
DODGE,CHALLENGER,automoveis,2020-06,3,0.3,6.8
DODGE,CHALLENGER,automoveis,2020-07,2,0.3,6.8
DODGE,CHALLENGER,automoveis,2020-09,1,0.3,6.8
DODGE,CHALLENGER,automoveis,2020-10,1,0.3,6.8
DODGE,CHALLENGER,automoveis,2020-12,3,0.3,6.8
DODGE,CHALLENGER,automoveis,2021-01,6,0.3,6.8
DODGE,CHALLENGER,automoveis,2021-02,5,0.3,6.8
DODGE,CHALLENGER,automoveis,2021-03,3,0.3,6.8
DODGE,CHALLENGER,automoveis,2021-04,1,0.3,6.8
DODGE,CHALLENGER,automoveis,2021-05,5,0.3,6.8
DODGE,CHALLENGER,automoveis,2021-06,3,0.3,6.8
DODGE,CHALLENGER,automoveis,2021-07,3,0.3,6.8
DODGE,CHALLENGER,automoveis,2021-08,3,0.3,6.8
DODGE,CHALLENGER,automoveis,2022-01,3,0.3,6.8
DODGE,CHALLENGER,automoveis,2022-02,4,0.3,6.8
DODGE,CHALLENGER,automoveis,2022-03,1,0.3,6.8
DODGE,CHALLENGER,automoveis,2022-05,2,0.3,6.8
DODGE,CHALLENGER,automoveis,2022-06,1,0.3,6.8
DODGE,CHALLENGER,automoveis,2022-07,1,0.3,6.8
DODGE,CHALLENGER,automoveis,2022-08,1,0.3,6.8
DODGE,CHALLENGER,automoveis,2023-01,2,0.3,6.8
DODGE,CHALLENGER,automoveis,2023-04,5,0.3,6.8
DODGE,CHALLENGER,automoveis,2023-05,7,0.3,6.8
DODGE,CHALLENGER,automoveis,2023-06,4,0.3,6.8
DODGE,CHALLENGER,automoveis,2023-07,2,0.3,6.8
DODGE,CHALLENGER,automoveis,2023-08,1,0.3,6.8
DODGE,CHALLENGER,automoveis,2023-11,5,0.3,6.8
DODGE,CHALLENGER,automoveis,2023-12,4,0.3,6.8
DODGE,CHALLENGER,automoveis,2024-01,6,0.3,6.8
DODGE,CHALLENGER,automoveis,2024-02,8,0.3,6.8
DODGE,CHALLENGER,automoveis,2024-03,6,0.3,6.8
DODGE,CHALLENGER,automoveis,2024-04,4,0.3,6.8
DODGE,CHALLENGER,automoveis,2024-05,10,0.3,6.8
DODGE,CHALLENGER,automoveis,2024-06,8,0.3,6.8
DODGE,CHALLENGER,automoveis,2024-07,4,0.3,6.8
DODGE,CHALLENGER,automoveis,2024-08,6,0.3,6.8
DODGE,CHALLENGER,automoveis,2024-09,5,0.3,6.8
DODGE,CHALLENGER,automoveis,2024-10,6,0.3,6.8
DODGE,CHALLENGER,automoveis,2024-11,4,0.3,6.8
DODGE,CHALLENGER,automoveis,2024-12,3,0.3,6.8
DODGE,CHARGER,automoveis,2007-06,1,0.0,0.1
DODGE,CHARGER,automoveis,2008-01,1,0.0,0.1
DODGE,CHARGER,automoveis,2008-09,2,0.0,0.1
DODGE,CHARGER,automoveis,2009-02,16,0.0,0.1
DODGE,CHARGER,automoveis,2009-03,102,0.0,0.1
DODGE,CHARGER,automoveis,2009-04,59,0.0,0.1
DODGE,CHARGER,automoveis,2009-05,6,0.0,0.1
DODGE,CHARGER,automoveis,2009-06,4,0.0,0.1
DODGE,CHARGER,automoveis,2009-07,7,0.0,0.1
DODGE,CHARGER,automoveis,2009-08,1,0.0,0.1
DODGE,CHARGER,automoveis,2009-09,2,0.0,0.1
DODGE,CHARGER,automoveis,2010-01,1,0.0,0.1
DODGE,CHARGER,automoveis,2010-02,1,0.0,0.1
DODGE,CHARGER,automoveis,2010-08,2,0.0,0.1
DODGE,CHARGER,automoveis,2010-12,1,0.0,0.1
DODGE,CHARGER,automoveis,2011-01,1,0.0,0.1
DODGE,CHARGER,automoveis,2011-12,1,0.0,0.1
DODGE,CHARGER,automoveis,2012-01,1,0.0,0.1
DODGE,CHARGER,automoveis,2012-02,2,0.0,0.1
DODGE,CHARGER,automoveis,2012-03,1,0.0,0.1
DODGE,CHARGER,automoveis,2012-04,1,0.0,0.1
DODGE,CHARGER,automoveis,2012-09,5,0.0,0.1
DODGE,CHARGER,automoveis,2012-10,2,0.0,0.1
DODGE,CHARGER,automoveis,2012-11,2,0.0,0.1
DODGE,CHARGER,automoveis,2012-12,1,0.0,0.1
DODGE,CHARGER,automoveis,2013-02,62,0.0,0.1
DODGE,CHARGER,automoveis,2013-04,121,0.0,0.1
DODGE,CHARGER,automoveis,2013-05,32,0.0,0.1
DODGE,CHARGER,automoveis,2013-06,22,0.0,0.1
DODGE,CHARGER,automoveis,2013-07,11,0.0,0.1
DODGE,CHARGER,automoveis,2013-08,12,0.0,0.1
DODGE,CHARGER,automoveis,2013-09,4,0.0,0.1
DODGE,CHARGER,automoveis,2013-10,4,0.0,0.1
DODGE,CHARGER,automoveis,2013-11,4,0.0,0.1
DODGE,CHARGER,automoveis,2013-12,5,0.0,0.1
DODGE,CHARGER,automoveis,2014-01,75,0.0,0.1
DODGE,CHARGER,automoveis,2014-02,49,0.0,0.1
DODGE,CHARGER,automoveis,2014-03,65,0.0,0.1
DODGE,CHARGER,automoveis,2014-04,72,0.0,0.1
DODGE,CHARGER,automoveis,2014-05,47,0.0,0.1
DODGE,CHARGER,automoveis,2014-06,34,0.0,0.1
DODGE,CHARGER,automoveis,2014-07,38,0.0,0.1
DODGE,CHARGER,automoveis,2014-08,66,0.0,0.1
DODGE,CHARGER,automoveis,2014-09,36,0.0,0.1
DODGE,CHARGER,automoveis,2014-10,200,0.0,0.1
DODGE,CHARGER,automoveis,2014-11,86,0.0,0.1
DODGE,CHARGER,automoveis,2014-12,69,0.0,0.1
DODGE,CHARGER,automoveis,2015-01,63,0.0,0.1
DODGE,CHARGER,automoveis,2015-02,28,0.0,0.1
DODGE,CHARGER,automoveis,2015-03,59,0.0,0.1
DODGE,CHARGER,automoveis,2015-04,70,0.0,0.1
DODGE,CHARGER,automoveis,2015-05,49,0.0,0.1
DODGE,CHARGER,automoveis,2015-06,41,0.0,0.1
DODGE,CHARGER,automoveis,2015-07,44,0.0,0.1
DODGE,CHARGER,automoveis,2015-08,51,0.0,0.1
DODGE,CHARGER,automoveis,2015-09,69,0.0,0.1
DODGE,CHARGER,automoveis,2015-10,64,0.0,0.1
DODGE,CHARGER,automoveis,2015-11,48,0.0,0.1
DODGE,CHARGER,automoveis,2015-12,36,0.0,0.1
DODGE,CHARGER,automoveis,2016-01,66,0.0,0.1
DODGE,CHARGER,automoveis,2016-02,26,0.0,0.1
DODGE,CHARGER,automoveis,2016-03,32,0.0,0.1
DODGE,CHARGER,automoveis,2016-04,34,0.0,0.1
DODGE,CHARGER,automoveis,2016-05,33,0.0,0.1
DODGE,CHARGER,automoveis,2016-06,14,0.0,0.1
DODGE,CHARGER,automoveis,2016-07,31,0.0,0.1
DODGE,CHARGER,automoveis,2016-08,105,0.0,0.1
DODGE,CHARGER,automoveis,2016-09,128,0.0,0.1
DODGE,CHARGER,automoveis,2016-10,45,0.0,0.1
DODGE,CHARGER,automoveis,2016-11,21,0.0,0.1
DODGE,CHARGER,automoveis,2016-12,18,0.0,0.1
DODGE,CHARGER,automoveis,2017-01,19,0.0,0.1
DODGE,CHARGER,automoveis,2017-02,9,0.0,0.1
DODGE,CHARGER,automoveis,2017-03,7,0.0,0.1
DODGE,CHARGER,automoveis,2017-04,10,0.0,0.1
DODGE,CHARGER,automoveis,2017-05,1,0.0,0.1
DODGE,CHARGER,automoveis,2017-06,1,0.0,0.1
DODGE,CHARGER,automoveis,2017-07,1,0.0,0.1
DODGE,CHARGER,automoveis,2017-09,1,0.0,0.1
DODGE,CHARGER,automoveis,2017-10,1,0.0,0.1
DODGE,CHARGER,automoveis,2017-12,1,0.0,0.1
DODGE,CHARGER,automoveis,2018-01,24,0.0,0.1
DODGE,CHARGER,automoveis,2018-02,5,0.0,0.1
DODGE,CHARGER,automoveis,2018-03,1,0.0,0.1
DODGE,CHARGER,automoveis,2018-04,2,0.0,0.1
DODGE,CHARGER,automoveis,2018-05,3,0.0,0.1
DODGE,CHARGER,automoveis,2018-06,1,0.0,0.1
DODGE,CHARGER,automoveis,2018-07,1,0.0,0.1
DODGE,CHARGER,automoveis,2018-08,5,0.0,0.1
DODGE,CHARGER,automoveis,2018-09,3,0.0,0.1
DODGE,CHARGER,automoveis,2018-11,1,0.0,0.1
DODGE,CHARGER,automoveis,2018-12,1,0.0,0.1
DODGE,CHARGER,automoveis,2019-02,1,0.0,0.1
DODGE,CHARGER,automoveis,2019-03,1,0.0,0.1
DODGE,CHARGER,automoveis,2019-07,1,0.0,0.1
DODGE,CHARGER,automoveis,2019-11,1,0.0,0.1
DODGE,CHARGER,automoveis,2020-01,3,0.0,0.1
DODGE,CHARGER,automoveis,2020-07,1,0.0,0.1
DODGE,CHARGER,automoveis,2020-08,15,0.0,0.1
DODGE,CHARGER,automoveis,2020-09,13,0.0,0.1
DODGE,CHARGER,automoveis,2020-10,19,0.0,0.1
DODGE,CHARGER,automoveis,2020-11,20,0.0,0.1
DODGE,CHARGER,automoveis,2020-12,9,0.0,0.1
DODGE,CHARGER,automoveis,2021-01,6,0.0,0.1
DODGE,CHARGER,automoveis,2021-02,1,0.0,0.1
DODGE,CHARGER,automoveis,2021-03,3,0.0,0.1
DODGE,CHARGER,automoveis,2021-05,1,0.0,0.1
DODGE,CHARGER,automoveis,2021-06,1,0.0,0.1
DODGE,DAKOTA,comerciais_leves,2005-04,1,0.0,0.5
DODGE,DAKOTA,comerciais_leves,2005-05,1,0.0,0.5
DODGE,DAKOTA,comerciais_leves,2008-01,1,0.0,0.5
DODGE,DAKOTA,comerciais_leves,2008-04,1,0.0,0.5
DODGE,DAKOTA,comerciais_leves,2008-06,1,0.0,0.5
DODGE,DAKOTA,comerciais_leves,2008-07,1,0.0,0.5
DODGE,DAKOTA,comerciais_leves,2009-01,1,0.0,0.5
DODGE,DAKOTA,comerciais_leves,2009-02,1,0.0,0.5
DODGE,DAKOTA,comerciais_leves,2009-04,1,0.0,0.5
DODGE,DAKOTA,comerciais_leves,2009-07,1,0.0,0.5
DODGE,DAKOTA,comerciais_leves,2009-08,1,0.0,0.5
DODGE,DAKOTA,comerciais_leves,2010-01,1,0.0,0.5
DODGE,DAKOTA,comerciais_leves,2010-03,2,0.0,0.5
DODGE,DAKOTA,comerciais_leves,2010-04,4,0.0,0.5
DODGE,DAKOTA,comerciais_leves,2010-05,3,0.0,0.5
DODGE,DAKOTA,comerciais_leves,2010-06,3,0.0,0.5
DODGE,DAKOTA,comerciais_leves,2010-07,5,0.0,0.5
DODGE,DAKOTA,comerciais_leves,2010-08,2,0.0,0.5
DODGE,DAKOTA,comerciais_leves,2010-09,4,0.0,0.5
DODGE,DAKOTA,comerciais_leves,2010-10,12,0.0,0.5
DODGE,DAKOTA,comerciais_leves,2010-11,1,0.0,0.5
DODGE,DAKOTA,comerciais_leves,2010-12,1,0.0,0.5
DODGE,DAKOTA,comerciais_leves,2011-01,2,0.0,0.5
DODGE,DAKOTA,comerciais_leves,2011-02,3,0.0,0.5
DODGE,DAKOTA,comerciais_leves,2011-03,3,0.0,0.5
DODGE,DAKOTA,comerciais_leves,2011-06,4,0.0,0.5
DODGE,DAKOTA,comerciais_leves,2011-07,5,0.0,0.5
DODGE,DAKOTA,comerciais_leves,2011-08,5,0.0,0.5
DODGE,DAKOTA,comerciais_leves,2011-09,2,0.0,0.5
DODGE,DAKOTA,comerciais_leves,2011-10,1,0.0,0.5
DODGE,DAKOTA,comerciais_leves,2011-11,1,0.0,0.5
DODGE,DURANGO,automoveis,2006-01,1,0.4,7.3
DODGE,DURANGO,automoveis,2006-02,1,0.4,7.3
DODGE,DURANGO,automoveis,2007-01,1,0.4,7.3
DODGE,DURANGO,automoveis,2007-10,1,0.4,7.3
DODGE,DURANGO,automoveis,2007-12,1,0.4,7.3
DODGE,DURANGO,automoveis,2008-01,7,0.4,7.3
DODGE,DURANGO,automoveis,2008-02,4,0.4,7.3
DODGE,DURANGO,automoveis,2008-03,6,0.4,7.3
DODGE,DURANGO,automoveis,2008-04,7,0.4,7.3
DODGE,DURANGO,automoveis,2008-05,5,0.4,7.3
DODGE,DURANGO,automoveis,2008-06,3,0.4,7.3
DODGE,DURANGO,automoveis,2008-07,3,0.4,7.3
DODGE,DURANGO,automoveis,2008-08,2,0.4,7.3
DODGE,DURANGO,automoveis,2008-11,3,0.4,7.3
DODGE,DURANGO,automoveis,2008-12,4,0.4,7.3
DODGE,DURANGO,automoveis,2009-01,6,0.4,7.3
DODGE,DURANGO,automoveis,2009-02,4,0.4,7.3
DODGE,DURANGO,automoveis,2009-03,10,0.4,7.3
DODGE,DURANGO,automoveis,2009-04,8,0.4,7.3
DODGE,DURANGO,automoveis,2009-05,8,0.4,7.3
DODGE,DURANGO,automoveis,2009-06,7,0.4,7.3
DODGE,DURANGO,automoveis,2009-07,1,0.4,7.3
DODGE,DURANGO,automoveis,2010-01,12,0.4,7.3
DODGE,DURANGO,automoveis,2010-02,1,0.4,7.3
DODGE,DURANGO,automoveis,2010-03,12,0.4,7.3
DODGE,DURANGO,automoveis,2010-04,3,0.4,7.3
DODGE,DURANGO,automoveis,2010-05,3,0.4,7.3
DODGE,DURANGO,automoveis,2010-06,1,0.4,7.3
DODGE,DURANGO,automoveis,2010-07,2,0.4,7.3
DODGE,DURANGO,automoveis,2010-08,3,0.4,7.3
DODGE,DURANGO,automoveis,2010-10,7,0.4,7.3
DODGE,DURANGO,automoveis,2010-11,6,0.4,7.3
DODGE,DURANGO,automoveis,2010-12,12,0.4,7.3
DODGE,DURANGO,automoveis,2011-01,28,0.4,7.3
DODGE,DURANGO,automoveis,2011-02,12,0.4,7.3
DODGE,DURANGO,automoveis,2011-03,13,0.4,7.3
DODGE,DURANGO,automoveis,2011-04,29,0.4,7.3
DODGE,DURANGO,automoveis,2011-05,25,0.4,7.3
DODGE,DURANGO,automoveis,2011-06,16,0.4,7.3
DODGE,DURANGO,automoveis,2011-07,26,0.4,7.3
DODGE,DURANGO,automoveis,2011-08,38,0.4,7.3
DODGE,DURANGO,automoveis,2011-09,41,0.4,7.3
DODGE,DURANGO,automoveis,2011-10,39,0.4,7.3
DODGE,DURANGO,automoveis,2011-11,27,0.4,7.3
DODGE,DURANGO,automoveis,2011-12,24,0.4,7.3
DODGE,DURANGO,automoveis,2012-01,47,0.4,7.3
DODGE,DURANGO,automoveis,2012-02,11,0.4,7.3
DODGE,DURANGO,automoveis,2012-03,13,0.4,7.3
DODGE,DURANGO,automoveis,2012-04,12,0.4,7.3
DODGE,DURANGO,automoveis,2012-05,5,0.4,7.3
DODGE,DURANGO,automoveis,2012-06,2,0.4,7.3
DODGE,DURANGO,automoveis,2012-08,1,0.4,7.3
DODGE,DURANGO,automoveis,2012-09,1,0.4,7.3
DODGE,DURANGO,automoveis,2012-10,1,0.4,7.3
DODGE,DURANGO,automoveis,2012-11,1,0.4,7.3
DODGE,DURANGO,automoveis,2012-12,1,0.4,7.3
DODGE,DURANGO,automoveis,2013-01,29,0.4,7.3
DODGE,DURANGO,automoveis,2013-02,24,0.4,7.3
DODGE,DURANGO,automoveis,2013-03,24,0.4,7.3
DODGE,DURANGO,automoveis,2013-04,24,0.4,7.3
DODGE,DURANGO,automoveis,2013-05,29,0.4,7.3
DODGE,DURANGO,automoveis,2013-06,20,0.4,7.3
DODGE,DURANGO,automoveis,2013-07,12,0.4,7.3
DODGE,DURANGO,automoveis,2013-08,2,0.4,7.3
DODGE,DURANGO,automoveis,2013-09,4,0.4,7.3
DODGE,DURANGO,automoveis,2013-10,27,0.4,7.3
DODGE,DURANGO,automoveis,2013-11,32,0.4,7.3
DODGE,DURANGO,automoveis,2013-12,45,0.4,7.3
DODGE,DURANGO,automoveis,2014-01,50,0.4,7.3
DODGE,DURANGO,automoveis,2014-02,27,0.4,7.3
DODGE,DURANGO,automoveis,2014-03,26,0.4,7.3
DODGE,RAM,comerciais_leves,2015-01,8,6.0,120.5
DODGE,RAM,comerciais_leves,2015-04,8,6.0,120.5
EFFA,PLUTUS,comerciais_leves,2013-06,15,0.8,15.6
EFFA,PLUTUS,comerciais_leves,2013-08,22,0.8,15.6
EFFA,PLUTUS,comerciais_leves,2013-11,14,0.8,15.6
EFFA,PLUTUS,comerciais_leves,2013-12,17,0.8,15.6
EFFA,PLUTUS,comerciais_leves,2014-01,19,0.8,15.6
EFFA,PLUTUS,comerciais_leves,2014-03,17,0.8,15.6
EFFA,PLUTUS,comerciais_leves,2014-04,23,0.8,15.6
EFFA,PLUTUS,comerciais_leves,2014-06,3,0.8,15.6
EFFA,PLUTUS,comerciais_leves,2014-07,1,0.8,15.6
EFFA,PLUTUS,comerciais_leves,2014-08,2,0.8,15.6
EFFA,PLUTUS,comerciais_leves,2014-09,1,0.8,15.6
EFFA,PLUTUS,comerciais_leves,2014-10,1,0.8,15.6
EFFA,PLUTUS,comerciais_leves,2015-01,8,0.8,15.6
EFFA,PLUTUS,comerciais_leves,2015-02,5,0.8,15.6
EFFA,PLUTUS,comerciais_leves,2015-03,3,0.8,15.6
EFFA,PLUTUS,comerciais_leves,2015-04,8,0.8,15.6
EFFA,PLUTUS,comerciais_leves,2015-05,4,0.8,15.6
EFFA,PLUTUS,comerciais_leves,2015-07,1,0.8,15.6
EFFA,PLUTUS,comerciais_leves,2015-08,2,0.8,15.6
EFFA,PLUTUS,comerciais_leves,2015-10,1,0.8,15.6
EFFA,PLUTUS,comerciais_leves,2015-12,2,0.8,15.6
EFFA,PLUTUS,comerciais_leves,2016-01,12,0.8,15.6
EFFA,PLUTUS,comerciais_leves,2016-02,10,0.8,15.6
EFFA,PLUTUS,comerciais_leves,2016-03,9,0.8,15.6
EFFA,PLUTUS,comerciais_leves,2016-04,5,0.8,15.6
EFFA,PLUTUS,comerciais_leves,2016-05,5,0.8,15.6
EFFA,PLUTUS,comerciais_leves,2016-06,9,0.8,15.6
EFFA,PLUTUS,comerciais_leves,2016-07,6,0.8,15.6
EFFA,PLUTUS,comerciais_leves,2016-08,6,0.8,15.6
EFFA,PLUTUS,comerciais_leves,2016-09,3,0.8,15.6
EFFA,PLUTUS,comerciais_leves,2016-10,10,0.8,15.6
EFFA,PLUTUS,comerciais_leves,2016-11,2,0.8,15.6
EFFA,PLUTUS,comerciais_leves,2017-01,3,0.8,15.6
EFFA,PLUTUS,comerciais_leves,2017-02,9,0.8,15.6
EFFA,PLUTUS,comerciais_leves,2017-05,14,0.8,15.6
EFFA,PLUTUS,comerciais_leves,2017-06,1,0.8,15.6
EFFA,START PICK UP,comerciais_leves,2014-09,1,0.2,4.9
EFFA,START PICK UP,comerciais_leves,2015-12,2,0.2,4.9
EFFA,START PICK UP,comerciais_leves,2016-02,10,0.2,4.9
EFFA,START PICK UP,comerciais_leves,2016-04,5,0.2,4.9
EFFA,START PICK UP,comerciais_leves,2016-05,5,0.2,4.9
EFFA,START PICK UP,comerciais_leves,2016-06,9,0.2,4.9
EFFA,V21,comerciais_leves,2017-03,55,12.0,240.3
EFFA,V21,comerciais_leves,2018-09,74,12.0,240.3
EFFA,V21,comerciais_leves,2018-10,156,12.0,240.3
EFFA,V21,comerciais_leves,2019-02,128,12.0,240.3
EFFA,V22,comerciais_leves,2017-01,3,2.2,43.4
EFFA,V22,comerciais_leves,2017-02,9,2.2,43.4
EFFA,V22,comerciais_leves,2017-09,7,2.2,43.4
EFFA,V22,comerciais_leves,2017-10,6,2.2,43.4
EFFA,V22,comerciais_leves,2018-04,7,2.2,43.4
FERRARI,360,automoveis,2003-04,2,0.1,2.0
FERRARI,360,automoveis,2003-08,1,0.1,2.0
FERRARI,360,automoveis,2003-12,1,0.1,2.0
FERRARI,360,automoveis,2004-01,1,0.1,2.0
FERRARI,360,automoveis,2004-02,1,0.1,2.0
FERRARI,360,automoveis,2004-04,1,0.1,2.0
FERRARI,360,automoveis,2004-07,1,0.1,2.0
FERRARI,488 PISTA,automoveis,2020-07,2,0.0,0.3
FERRARI,F430,automoveis,2006-04,2,0.1,1.2
FERRARI,F430,automoveis,2006-06,1,0.1,1.2
FERRARI,F430,automoveis,2006-07,2,0.1,1.2
FERRARI,F430,automoveis,2006-08,1,0.1,1.2
FIAT,147,automoveis,2021-08,1,0.0,0.2
FIAT,500E,automoveis,2022-09,49,1.1,21.8
FIAT,500E,automoveis,2022-10,27,1.1,21.8
FIAT,500E,automoveis,2022-11,13,1.1,21.8
FIAT,500E,automoveis,2022-12,3,1.1,21.8
FIAT,BRAVO,automoveis,2011-06,658,39.9,798.2
FIAT,BRAVO,automoveis,2012-01,825,39.9,798.2
FIAT,BRAVO,automoveis,2012-02,611,39.9,798.2
FIAT,BRAVO,automoveis,2012-08,814,39.9,798.2
FIAT,BRAVO,automoveis,2012-09,454,39.9,798.2
FIAT,BRAVO,automoveis,2012-12,1310,39.9,798.2
FIAT,BRAVO,automoveis,2013-01,1070,39.9,798.2
FIAT,BRAVO,automoveis,2013-02,779,39.9,798.2
FIAT,BRAVO,automoveis,2014-02,510,39.9,798.2
FIAT,BRAVO,automoveis,2014-03,424,39.9,798.2
FIAT,BRAVO,automoveis,2014-04,447,39.9,798.2
FIAT,BRAVO,automoveis,2014-05,426,39.9,798.2
FIAT,BRAVO,automoveis,2014-06,378,39.9,798.2
FIAT,BRAVO,automoveis,2014-07,405,39.9,798.2
FIAT,BRAVO,automoveis,2014-08,351,39.9,798.2
FIAT,BRAVO,automoveis,2014-09,425,39.9,798.2
FIAT,BRAVO,automoveis,2014-10,365,39.9,798.2
FIAT,BRAVO,automoveis,2014-11,420,39.9,798.2
FIAT,BRAVO,automoveis,2014-12,423,39.9,798.2
FIAT,BRAVO,automoveis,2015-01,339,39.9,798.2
FIAT,BRAVO,automoveis,2015-02,219,39.9,798.2
FIAT,BRAVO,automoveis,2015-03,195,39.9,798.2
FIAT,BRAVO,automoveis,2016-03,286,39.9,798.2
FIAT,BRAVO,automoveis,2016-04,212,39.9,798.2
FIAT,BRAVO,automoveis,2016-05,241,39.9,798.2
FIAT,BRAVO,automoveis,2016-06,200,39.9,798.2
FIAT,BRAVO,automoveis,2016-07,139,39.9,798.2
FIAT,BRAVO,automoveis,2016-08,105,39.9,798.2
FIAT,BRAVO,automoveis,2016-09,89,39.9,798.2
FIAT,BRAVO,automoveis,2016-11,57,39.9,798.2
FIAT,DOBLO,comerciais_leves,2018-10,33,27.0,539.2
FIAT,DOBLO,comerciais_leves,2018-11,30,27.0,539.2
FIAT,DOBLO,comerciais_leves,2019-09,68,27.0,539.2
FIAT,ELBA,automoveis,2003-07,2,0.1,2.7
FIAT,ELBA,automoveis,2003-08,2,0.1,2.7
FIAT,ELBA,automoveis,2003-11,16,0.1,2.7
FIAT,ELBA,automoveis,2003-12,5,0.1,2.7
FIAT,ELBA,automoveis,2004-01,4,0.1,2.7
FIAT,ELBA,automoveis,2004-02,6,0.1,2.7
FIAT,ELBA,automoveis,2004-03,3,0.1,2.7
FIAT,ELBA,automoveis,2004-04,1,0.1,2.7
FIAT,ELBA,automoveis,2004-08,1,0.1,2.7
FIAT,ELBA,automoveis,2004-12,1,0.1,2.7
FIAT,ELBA,automoveis,2005-05,1,0.1,2.7
FIAT,ELBA,automoveis,2005-06,2,0.1,2.7
FIAT,ELBA,automoveis,2005-08,3,0.1,2.7
FIAT,ELBA,automoveis,2005-09,1,0.1,2.7
FIAT,ELBA,automoveis,2005-12,2,0.1,2.7
FIAT,ELBA,automoveis,2006-01,1,0.1,2.7
FIAT,ELBA,automoveis,2006-02,1,0.1,2.7
FIAT,ELBA,automoveis,2006-03,34,0.1,2.7
FIAT,ELBA,automoveis,2006-04,141,0.1,2.7
FIAT,ELBA,automoveis,2006-05,1014,0.1,2.7
FIAT,ELBA,automoveis,2006-06,870,0.1,2.7
FIAT,ELBA,automoveis,2006-07,834,0.1,2.7
FIAT,ELBA,automoveis,2006-08,1184,0.1,2.7
FIAT,ELBA,automoveis,2006-09,1183,0.1,2.7
FIAT,ELBA,automoveis,2006-10,1053,0.1,2.7
FIAT,ELBA,automoveis,2006-11,1207,0.1,2.7
FIAT,ELBA,automoveis,2006-12,1446,0.1,2.7
FIAT,ELBA,automoveis,2007-01,944,0.1,2.7
FIAT,ELBA,automoveis,2007-02,853,0.1,2.7
FIAT,ELBA,automoveis,2007-03,1338,0.1,2.7
FIAT,ELBA,automoveis,2007-04,1262,0.1,2.7
FIAT,ELBA,automoveis,2007-05,1249,0.1,2.7
FIAT,ELBA,automoveis,2007-06,1234,0.1,2.7
FIAT,ELBA,automoveis,2007-07,1788,0.1,2.7
FIAT,ELBA,automoveis,2007-08,1337,0.1,2.7
FIAT,ELBA,automoveis,2007-09,1153,0.1,2.7
FIAT,ELBA,automoveis,2007-10,1367,0.1,2.7
FIAT,ELBA,automoveis,2007-11,1496,0.1,2.7
FIAT,ELBA,automoveis,2007-12,1353,0.1,2.7
FIAT,ELBA,automoveis,2008-01,1155,0.1,2.7
FIAT,ELBA,automoveis,2008-02,977,0.1,2.7
FIAT,ELBA,automoveis,2008-03,1100,0.1,2.7
FIAT,ELBA,automoveis,2008-04,1144,0.1,2.7
FIAT,ELBA,automoveis,2008-05,824,0.1,2.7
FIAT,ELBA,automoveis,2008-06,1115,0.1,2.7
FIAT,ELBA,automoveis,2008-07,1129,0.1,2.7
FIAT,ELBA,automoveis,2008-08,358,0.1,2.7
FIAT,ELBA,automoveis,2008-09,139,0.1,2.7
FIAT,ELBA,automoveis,2008-10,71,0.1,2.7
FIAT,ELBA,automoveis,2008-11,42,0.1,2.7
FIAT,ELBA,automoveis,2008-12,31,0.1,2.7
FIAT,ELBA,automoveis,2009-01,596,0.1,2.7
FIAT,ELBA,automoveis,2009-02,452,0.1,2.7
FIAT,ELBA,automoveis,2009-03,840,0.1,2.7
FIAT,ELBA,automoveis,2009-04,530,0.1,2.7
FIAT,ELBA,automoveis,2009-05,447,0.1,2.7
FIAT,ELBA,automoveis,2009-06,619,0.1,2.7
FIAT,ELBA,automoveis,2009-07,643,0.1,2.7
FIAT,ELBA,automoveis,2009-08,488,0.1,2.7
FIAT,ELBA,automoveis,2009-09,667,0.1,2.7
FIAT,ELBA,automoveis,2009-10,677,0.1,2.7
FIAT,ELBA,automoveis,2009-11,769,0.1,2.7
FIAT,ELBA,automoveis,2009-12,589,0.1,2.7
FIAT,ELBA,automoveis,2010-01,387,0.1,2.7
FIAT,ELBA,automoveis,2010-02,337,0.1,2.7
FIAT,ELBA,automoveis,2010-03,575,0.1,2.7
FIAT,ELBA,automoveis,2010-04,412,0.1,2.7
FIAT,ELBA,automoveis,2010-05,113,0.1,2.7
FIAT,ELBA,automoveis,2010-06,288,0.1,2.7
FIAT,ELBA,automoveis,2010-07,477,0.1,2.7
FIAT,ELBA,automoveis,2010-08,572,0.1,2.7
FIAT,ELBA,automoveis,2010-09,475,0.1,2.7
FIAT,ELBA,automoveis,2010-10,428,0.1,2.7
FIAT,ELBA,automoveis,2010-11,417,0.1,2.7
FIAT,ELBA,automoveis,2010-12,432,0.1,2.7
FIAT,ELBA,automoveis,2011-01,255,0.1,2.7
FIAT,ELBA,automoveis,2011-02,307,0.1,2.7
FIAT,ELBA,automoveis,2011-03,368,0.1,2.7
FIAT,ELBA,automoveis,2011-04,263,0.1,2.7
FIAT,ELBA,automoveis,2011-05,401,0.1,2.7
FIAT,ELBA,automoveis,2011-06,337,0.1,2.7
FIAT,ELBA,automoveis,2011-07,335,0.1,2.7
FIAT,ELBA,automoveis,2011-08,303,0.1,2.7
FIAT,ELBA,automoveis,2011-09,250,0.1,2.7
FIAT,ELBA,automoveis,2011-10,262,0.1,2.7
FIAT,ELBA,automoveis,2011-11,262,0.1,2.7
FIAT,ELBA,automoveis,2011-12,307,0.1,2.7
FIAT,ELBA,automoveis,2012-01,279,0.1,2.7
FIAT,ELBA,automoveis,2012-02,303,0.1,2.7
FIAT,ELBA,automoveis,2012-03,374,0.1,2.7
FIAT,ELBA,automoveis,2012-04,289,0.1,2.7
FIAT,ELBA,automoveis,2012-05,389,0.1,2.7
FIAT,ELBA,automoveis,2012-06,346,0.1,2.7
FIAT,ELBA,automoveis,2012-07,386,0.1,2.7
FIAT,ELBA,automoveis,2012-08,373,0.1,2.7
FIAT,ELBA,automoveis,2012-09,317,0.1,2.7
FIAT,ELBA,automoveis,2012-10,213,0.1,2.7
FIAT,ELBA,automoveis,2012-11,34,0.1,2.7
FIAT,ELBA,automoveis,2012-12,11,0.1,2.7
FIAT,ELBA,automoveis,2013-01,36,0.1,2.7
FIAT,ELBA,automoveis,2013-02,15,0.1,2.7
FIAT,ELBA,automoveis,2013-03,4,0.1,2.7
FIAT,ELBA,automoveis,2013-04,6,0.1,2.7
FIAT,ELBA,automoveis,2013-05,1,0.1,2.7
FIAT,ELBA,automoveis,2013-06,3,0.1,2.7
FIAT,ELBA,automoveis,2013-07,20,0.1,2.7
FIAT,ELBA,automoveis,2013-08,25,0.1,2.7
FIAT,ELBA,automoveis,2013-09,25,0.1,2.7
FIAT,ELBA,automoveis,2013-10,15,0.1,2.7
FIAT,ELBA,automoveis,2013-11,9,0.1,2.7
FIAT,ELBA,automoveis,2013-12,18,0.1,2.7
FIAT,ELBA,automoveis,2014-01,16,0.1,2.7
FIAT,ELBA,automoveis,2014-02,13,0.1,2.7
FIAT,ELBA,automoveis,2014-03,5,0.1,2.7
FIAT,ELBA,automoveis,2014-04,11,0.1,2.7
FIAT,ELBA,automoveis,2014-05,26,0.1,2.7
FIAT,ELBA,automoveis,2014-06,21,0.1,2.7
FIAT,ELBA,automoveis,2014-07,164,0.1,2.7
FIAT,ELBA,automoveis,2014-08,176,0.1,2.7
FIAT,ELBA,automoveis,2014-09,177,0.1,2.7
FIAT,ELBA,automoveis,2014-10,122,0.1,2.7
FIAT,ELBA,automoveis,2014-11,72,0.1,2.7
FIAT,ELBA,automoveis,2014-12,80,0.1,2.7
FIAT,ELBA,automoveis,2015-01,38,0.1,2.7
FIAT,ELBA,automoveis,2015-02,11,0.1,2.7
FIAT,ELBA,automoveis,2015-03,19,0.1,2.7
FIAT,ELBA,automoveis,2015-04,9,0.1,2.7
FIAT,ELBA,automoveis,2015-05,5,0.1,2.7
FIAT,ELBA,automoveis,2015-06,6,0.1,2.7
FIAT,ELBA,automoveis,2015-07,3,0.1,2.7
FIAT,ELBA,automoveis,2015-08,2,0.1,2.7
FIAT,ELBA,automoveis,2015-09,1,0.1,2.7
FIAT,ELBA,automoveis,2015-11,1,0.1,2.7
FIAT,ELBA,automoveis,2016-01,1,0.1,2.7
FIAT,ELBA,automoveis,2016-02,1,0.1,2.7
FIAT,ELBA,automoveis,2016-04,2,0.1,2.7
FIAT,ELBA,automoveis,2016-08,2,0.1,2.7
FIAT,ELBA,automoveis,2016-09,3,0.1,2.7
FIAT,ELBA,automoveis,2016-10,13,0.1,2.7
FIAT,ELBA,automoveis,2016-11,11,0.1,2.7
FIAT,ELBA,automoveis,2017-01,1,0.1,2.7
FIAT,ELBA,automoveis,2017-02,1,0.1,2.7
FIAT,ELBA,automoveis,2017-03,2,0.1,2.7
FIAT,ELBA,automoveis,2017-07,1,0.1,2.7
FIAT,ELBA,automoveis,2017-08,3,0.1,2.7
FIAT,ELBA,automoveis,2017-11,1,0.1,2.7
FIAT,ELBA,automoveis,2019-07,1,0.1,2.7
FIAT,PICK-UP,comerciais_leves,2004-09,1,0.0,0.2
FIAT,PICK-UP,comerciais_leves,2004-10,1,0.0,0.2
FIAT,PICK-UP,comerciais_leves,2005-07,1,0.0,0.2
FIAT,PICK-UP,comerciais_leves,2005-08,1,0.0,0.2
FIAT,PICK-UP,comerciais_leves,2005-11,2,0.0,0.2
FIAT,PICK-UP,comerciais_leves,2005-12,2,0.0,0.2
FIAT,PICK-UP,comerciais_leves,2006-03,1,0.0,0.2
FIAT,PICK-UP,comerciais_leves,2006-05,1,0.0,0.2
FIAT,PICK-UP,comerciais_leves,2006-07,2,0.0,0.2
FIAT,PICK-UP,comerciais_leves,2006-08,1,0.0,0.2
FIAT,PICK-UP,comerciais_leves,2006-12,1,0.0,0.2
FIAT,PICK-UP,comerciais_leves,2007-05,1,0.0,0.2
FIAT,PREMIO,automoveis,2008-01,1,0.1,1.0
FIAT,STILO,automoveis,2008-01,947,74.8,1495.0
FIAT,STILO,automoveis,2010-01,972,74.8,1495.0
FIAT,STILO,automoveis,2010-02,964,74.8,1495.0
FIAT,STILO,automoveis,2010-03,1263,74.8,1495.0
FIAT,STILO,automoveis,2010-04,1097,74.8,1495.0
FIAT,TITANO,comerciais_leves,2024-03,67,40.4,807.2
FIAT,UNO,comerciais_leves,2009-05,2,1.9,37.7
FIAT,UNO,comerciais_leves,2009-07,2,1.9,37.7
FIAT,UNO,comerciais_leves,2010-02,39,1.9,37.7
FIAT,UNO,comerciais_leves,2010-03,62,1.9,37.7
FIAT,UNO,comerciais_leves,2010-04,15,1.9,37.7
FIAT,UNO,comerciais_leves,2010-05,124,1.9,37.7
FIAT,UNO,comerciais_leves,2010-06,121,1.9,37.7
FIAT,UNO,comerciais_leves,2010-07,130,1.9,37.7
FIAT,UNO,comerciais_leves,2010-08,180,1.9,37.7
FIAT,UNO,comerciais_leves,2010-09,152,1.9,37.7
FIAT,UNO,comerciais_leves,2010-10,99,1.9,37.7
FIAT,UNO,comerciais_leves,2010-11,78,1.9,37.7
FIAT,UNO,comerciais_leves,2010-12,99,1.9,37.7
FIAT,UNO,comerciais_leves,2011-01,78,1.9,37.7
FIAT,UNO,comerciais_leves,2011-02,102,1.9,37.7
FIAT,UNO,comerciais_leves,2011-03,118,1.9,37.7
FIAT,UNO,comerciais_leves,2011-04,95,1.9,37.7
FIAT,UNO,comerciais_leves,2011-05,100,1.9,37.7
FIAT,UNO,comerciais_leves,2011-06,104,1.9,37.7
FIAT,UNO,comerciais_leves,2011-07,100,1.9,37.7
FIAT,UNO,comerciais_leves,2011-10,82,1.9,37.7
FIAT,UNO,comerciais_leves,2011-11,85,1.9,37.7
FIAT,UNO,comerciais_leves,2011-12,74,1.9,37.7
FIAT,UNO,comerciais_leves,2012-01,78,1.9,37.7
FIAT,UNO,comerciais_leves,2012-03,102,1.9,37.7
FIAT,UNO,comerciais_leves,2012-04,83,1.9,37.7
FIAT,UNO,comerciais_leves,2012-05,103,1.9,37.7
FIAT,UNO,comerciais_leves,2012-06,85,1.9,37.7
FIAT,UNO,comerciais_leves,2012-07,90,1.9,37.7
FIAT,UNO,comerciais_leves,2012-08,71,1.9,37.7
FIAT,UNO,comerciais_leves,2012-09,52,1.9,37.7
FIAT,UNO,comerciais_leves,2012-10,60,1.9,37.7
FIAT,UNO,comerciais_leves,2012-11,46,1.9,37.7
FIAT,UNO,comerciais_leves,2012-12,45,1.9,37.7
FIAT,UNO,comerciais_leves,2013-01,31,1.9,37.7
FIAT,UNO,comerciais_leves,2013-02,24,1.9,37.7
FIAT,UNO,comerciais_leves,2013-03,33,1.9,37.7
FIAT,UNO,comerciais_leves,2013-04,27,1.9,37.7
FIAT,UNO,comerciais_leves,2013-05,26,1.9,37.7
FIAT,UNO,comerciais_leves,2013-06,39,1.9,37.7
FIAT,UNO,comerciais_leves,2013-07,22,1.9,37.7
FIAT,UNO,comerciais_leves,2013-08,10,1.9,37.7
FIAT,UNO,comerciais_leves,2013-09,3,1.9,37.7
FIAT,UNO,comerciais_leves,2013-10,9,1.9,37.7
FIAT,UNO,comerciais_leves,2013-12,2,1.9,37.7
FIAT,UNO,comerciais_leves,2014-07,6,1.9,37.7
FIAT,UNO,comerciais_leves,2016-02,11,1.9,37.7
FIAT,UNO,comerciais_leves,2016-04,27,1.9,37.7
FIAT,UNO,comerciais_leves,2016-08,26,1.9,37.7
FIAT,UNO,comerciais_leves,2016-09,38,1.9,37.7
FORD,BELINA,automoveis,2019-07,1,0.0,0.2
FORD,BRONCO,automoveis,2023-01,67,10.7,214.4
FORD,BRONCO,automoveis,2023-02,53,10.7,214.4
FORD,BRONCO,automoveis,2023-03,105,10.7,214.4
FORD,BRONCO,automoveis,2023-04,39,10.7,214.4
FORD,BRONCO,automoveis,2023-05,92,10.7,214.4
FORD,BRONCO,automoveis,2023-06,61,10.7,214.4
FORD,BRONCO,automoveis,2023-07,57,10.7,214.4
FORD,BRONCO,automoveis,2023-08,55,10.7,214.4
FORD,BRONCO,automoveis,2025-05,106,10.7,214.4
FORD,CORCEL,automoveis,2018-05,11,0.0,0.8
FORD,CORCEL,automoveis,2018-06,4,0.0,0.8
FORD,CORCEL,automoveis,2018-07,23,0.0,0.8
FORD,CORCEL,automoveis,2018-08,18,0.0,0.8
FORD,CORCEL,automoveis,2018-09,8,0.0,0.8
FORD,CORCEL,automoveis,2018-10,8,0.0,0.8
FORD,CORCEL,automoveis,2018-11,5,0.0,0.8
FORD,CORCEL,automoveis,2018-12,1,0.0,0.8
FORD,CORCEL,automoveis,2019-01,9,0.0,0.8
FORD,CORCEL,automoveis,2019-02,7,0.0,0.8
FORD,CORCEL,automoveis,2019-03,8,0.0,0.8
FORD,CORCEL,automoveis,2019-04,2,0.0,0.8
FORD,CORCEL,automoveis,2019-05,3,0.0,0.8
FORD,CORCEL,automoveis,2019-06,2,0.0,0.8
FORD,CORCEL,automoveis,2019-07,4,0.0,0.8
FORD,CORCEL,automoveis,2019-08,2,0.0,0.8
FORD,CORCEL,automoveis,2019-09,301,0.0,0.8
FORD,CORCEL,automoveis,2019-10,210,0.0,0.8
FORD,CORCEL,automoveis,2019-11,202,0.0,0.8
FORD,CORCEL,automoveis,2019-12,189,0.0,0.8
FORD,CORCEL,automoveis,2020-01,127,0.0,0.8
FORD,CORCEL,automoveis,2020-02,123,0.0,0.8
FORD,CORCEL,automoveis,2020-03,18,0.0,0.8
FORD,CORCEL,automoveis,2020-04,4,0.0,0.8
FORD,CORCEL,automoveis,2020-05,4,0.0,0.8
FORD,CORCEL,automoveis,2020-06,18,0.0,0.8
FORD,CORCEL,automoveis,2020-07,23,0.0,0.8
FORD,CORCEL,automoveis,2020-08,20,0.0,0.8
FORD,CORCEL,automoveis,2020-09,13,0.0,0.8
FORD,CORCEL,automoveis,2020-10,12,0.0,0.8
FORD,CORCEL,automoveis,2020-11,105,0.0,0.8
FORD,CORCEL,automoveis,2020-12,173,0.0,0.8
FORD,CORCEL,automoveis,2021-01,116,0.0,0.8
FORD,CORCEL,automoveis,2021-02,68,0.0,0.8
FORD,CORCEL,automoveis,2021-03,67,0.0,0.8
FORD,CORCEL,automoveis,2021-04,52,0.0,0.8
FORD,CORCEL,automoveis,2021-05,48,0.0,0.8
FORD,CORCEL,automoveis,2021-06,32,0.0,0.8
FORD,CORCEL,automoveis,2021-07,17,0.0,0.8
FORD,CORCEL,automoveis,2021-08,10,0.0,0.8
FORD,CORCEL,automoveis,2021-09,13,0.0,0.8
FORD,CORCEL,automoveis,2021-10,7,0.0,0.8
FORD,CORCEL,automoveis,2021-11,6,0.0,0.8
FORD,CORCEL,automoveis,2021-12,2,0.0,0.8
FORD,CORCEL,automoveis,2022-01,2,0.0,0.8
FORD,CORCEL,automoveis,2022-02,4,0.0,0.8
FORD,CORCEL,automoveis,2022-03,11,0.0,0.8
FORD,CORCEL,automoveis,2022-05,5,0.0,0.8
FORD,CORCEL,automoveis,2022-06,1,0.0,0.8
FORD,CORCEL,automoveis,2022-07,1,0.0,0.8
FORD,CORCEL,automoveis,2022-09,2,0.0,0.8
FORD,CORCEL,automoveis,2022-11,2,0.0,0.8
FORD,CORCEL,automoveis,2023-01,1,0.0,0.8
FORD,CORCEL,automoveis,2023-02,1,0.0,0.8
FORD,CORCEL,automoveis,2024-01,1,0.0,0.8
FORD,CORCEL,automoveis,2024-06,1,0.0,0.8
FORD,CORCEL,automoveis,2024-08,2,0.0,0.8
FORD,CORCEL,automoveis,2024-12,1,0.0,0.8
FORD,CORCEL,automoveis,2025-02,3,0.0,0.8
FORD,CORCEL,automoveis,2025-08,2,0.0,0.8
FORD,CORCEL,automoveis,2025-10,1,0.0,0.8
FORD,DEL REY,automoveis,2010-01,1,0.0,0.8
FORD,DEL REY,automoveis,2011-01,3,0.0,0.8
FORD,DEL REY,automoveis,2011-03,5,0.0,0.8
FORD,DEL REY,automoveis,2011-05,1,0.0,0.8
FORD,DEL REY,automoveis,2011-06,1,0.0,0.8
FORD,DEL REY,automoveis,2011-07,1,0.0,0.8
FORD,DEL REY,automoveis,2011-11,1,0.0,0.8
FORD,DEL REY,automoveis,2011-12,3,0.0,0.8
FORD,DEL REY,automoveis,2012-01,19,0.0,0.8
FORD,DEL REY,automoveis,2012-02,7,0.0,0.8
FORD,DEL REY,automoveis,2012-03,15,0.0,0.8
FORD,DEL REY,automoveis,2012-04,8,0.0,0.8
FORD,DEL REY,automoveis,2012-05,3,0.0,0.8
FORD,DEL REY,automoveis,2012-06,2,0.0,0.8
FORD,DEL REY,automoveis,2012-07,4,0.0,0.8
FORD,DEL REY,automoveis,2012-08,3,0.0,0.8
FORD,DEL REY,automoveis,2012-09,10,0.0,0.8
FORD,DEL REY,automoveis,2012-10,11,0.0,0.8
FORD,DEL REY,automoveis,2012-11,9,0.0,0.8
FORD,DEL REY,automoveis,2012-12,4,0.0,0.8
FORD,DEL REY,automoveis,2013-01,11,0.0,0.8
FORD,DEL REY,automoveis,2013-02,10,0.0,0.8
FORD,DEL REY,automoveis,2013-03,14,0.0,0.8
FORD,DEL REY,automoveis,2013-04,7,0.0,0.8
FORD,DEL REY,automoveis,2013-05,2,0.0,0.8
FORD,DEL REY,automoveis,2013-07,1,0.0,0.8
FORD,DEL REY,automoveis,2013-12,2,0.0,0.8
FORD,DEL REY,automoveis,2014-01,10,0.0,0.8
FORD,DEL REY,automoveis,2014-02,3,0.0,0.8
FORD,DEL REY,automoveis,2014-03,8,0.0,0.8
FORD,DEL REY,automoveis,2014-04,12,0.0,0.8
FORD,DEL REY,automoveis,2014-05,8,0.0,0.8
FORD,DEL REY,automoveis,2014-06,3,0.0,0.8
FORD,DEL REY,automoveis,2014-07,6,0.0,0.8
FORD,DEL REY,automoveis,2014-08,9,0.0,0.8
FORD,DEL REY,automoveis,2014-09,9,0.0,0.8
FORD,DEL REY,automoveis,2014-10,5,0.0,0.8
FORD,DEL REY,automoveis,2014-11,9,0.0,0.8
FORD,DEL REY,automoveis,2014-12,14,0.0,0.8
FORD,DEL REY,automoveis,2015-01,24,0.0,0.8
FORD,DEL REY,automoveis,2015-02,15,0.0,0.8
FORD,DEL REY,automoveis,2015-03,29,0.0,0.8
FORD,DEL REY,automoveis,2015-04,35,0.0,0.8
FORD,DEL REY,automoveis,2015-05,25,0.0,0.8
FORD,DEL REY,automoveis,2015-06,13,0.0,0.8
FORD,DEL REY,automoveis,2015-07,8,0.0,0.8
FORD,DEL REY,automoveis,2015-08,8,0.0,0.8
FORD,DEL REY,automoveis,2015-09,2,0.0,0.8
FORD,DEL REY,automoveis,2015-10,6,0.0,0.8
FORD,DEL REY,automoveis,2015-11,3,0.0,0.8
FORD,DEL REY,automoveis,2015-12,3,0.0,0.8
FORD,DEL REY,automoveis,2016-01,15,0.0,0.8
FORD,DEL REY,automoveis,2016-02,9,0.0,0.8
FORD,DEL REY,automoveis,2016-03,10,0.0,0.8
FORD,DEL REY,automoveis,2016-04,6,0.0,0.8
FORD,DEL REY,automoveis,2016-05,2,0.0,0.8
FORD,DEL REY,automoveis,2016-06,7,0.0,0.8
FORD,DEL REY,automoveis,2016-07,5,0.0,0.8
FORD,DEL REY,automoveis,2016-08,10,0.0,0.8
FORD,DEL REY,automoveis,2016-09,9,0.0,0.8
FORD,DEL REY,automoveis,2016-10,6,0.0,0.8
FORD,DEL REY,automoveis,2016-11,1,0.0,0.8
FORD,DEL REY,automoveis,2016-12,4,0.0,0.8
FORD,DEL REY,automoveis,2017-01,9,0.0,0.8
FORD,DEL REY,automoveis,2017-02,6,0.0,0.8
FORD,DEL REY,automoveis,2017-03,4,0.0,0.8
FORD,DEL REY,automoveis,2017-04,4,0.0,0.8
FORD,DEL REY,automoveis,2017-05,1,0.0,0.8
FORD,DEL REY,automoveis,2017-06,6,0.0,0.8
FORD,DEL REY,automoveis,2017-07,5,0.0,0.8
FORD,DEL REY,automoveis,2017-08,8,0.0,0.8
FORD,DEL REY,automoveis,2017-09,5,0.0,0.8
FORD,DEL REY,automoveis,2017-10,6,0.0,0.8
FORD,DEL REY,automoveis,2017-11,1,0.0,0.8
FORD,DEL REY,automoveis,2017-12,1,0.0,0.8
FORD,DEL REY,automoveis,2018-01,9,0.0,0.8
FORD,DEL REY,automoveis,2018-02,8,0.0,0.8
FORD,DEL REY,automoveis,2018-03,4,0.0,0.8
FORD,DEL REY,automoveis,2018-04,6,0.0,0.8
FORD,DEL REY,automoveis,2018-05,6,0.0,0.8
FORD,DEL REY,automoveis,2018-06,6,0.0,0.8
FORD,DEL REY,automoveis,2018-07,4,0.0,0.8
FORD,DEL REY,automoveis,2018-08,1,0.0,0.8
FORD,DEL REY,automoveis,2018-10,1,0.0,0.8
FORD,DEL REY,automoveis,2018-12,2,0.0,0.8
FORD,DEL REY,automoveis,2019-03,1,0.0,0.8
FORD,DEL REY,automoveis,2019-11,1,0.0,0.8
FORD,DEL REY,automoveis,2019-12,1,0.0,0.8
FORD,DEL REY,automoveis,2020-02,1,0.0,0.8
FORD,DEL REY,automoveis,2020-09,1,0.0,0.8
FORD,F100,comerciais_leves,2010-03,2,0.1,1.1
FORD,F100,comerciais_leves,2010-04,4,0.1,1.1
FORD,F100,comerciais_leves,2010-05,3,0.1,1.1
FORD,F100,comerciais_leves,2010-06,3,0.1,1.1
FORD,F100,comerciais_leves,2010-07,5,0.1,1.1
FORD,F100,comerciais_leves,2010-08,2,0.1,1.1
FORD,F100,comerciais_leves,2010-09,4,0.1,1.1
FORD,F100,comerciais_leves,2010-10,12,0.1,1.1
FORD,F100,comerciais_leves,2010-11,1,0.1,1.1
FORD,F100,comerciais_leves,2010-12,1,0.1,1.1
FORD,F100,comerciais_leves,2011-01,2,0.1,1.1
FORD,F100,comerciais_leves,2011-02,3,0.1,1.1
FORD,F100,comerciais_leves,2011-03,3,0.1,1.1
FORD,F100,comerciais_leves,2011-04,1,0.1,1.1
FORD,F100,comerciais_leves,2011-06,4,0.1,1.1
FORD,F100,comerciais_leves,2011-07,5,0.1,1.1
FORD,F100,comerciais_leves,2011-08,5,0.1,1.1
FORD,F100,comerciais_leves,2011-09,2,0.1,1.1
FORD,F100,comerciais_leves,2011-11,1,0.1,1.1
FORD,F100,comerciais_leves,2011-12,2,0.1,1.1
FORD,F100,comerciais_leves,2012-01,7,0.1,1.1
FORD,F100,comerciais_leves,2012-02,2,0.1,1.1
FORD,F100,comerciais_leves,2012-03,11,0.1,1.1
FORD,F100,comerciais_leves,2012-04,13,0.1,1.1
FORD,F100,comerciais_leves,2012-05,3,0.1,1.1
FORD,F100,comerciais_leves,2012-06,7,0.1,1.1
FORD,F100,comerciais_leves,2012-07,7,0.1,1.1
FORD,F100,comerciais_leves,2012-08,2,0.1,1.1
FORD,F100,comerciais_leves,2012-09,2,0.1,1.1
FORD,F100,comerciais_leves,2012-11,2,0.1,1.1
FORD,F100,comerciais_leves,2013-01,9,0.1,1.1
FORD,F100,comerciais_leves,2013-02,16,0.1,1.1
FORD,F100,comerciais_leves,2013-03,11,0.1,1.1
FORD,F100,comerciais_leves,2013-04,21,0.1,1.1
FORD,F100,comerciais_leves,2013-05,17,0.1,1.1
FORD,F100,comerciais_leves,2013-06,15,0.1,1.1
FORD,F100,comerciais_leves,2013-07,32,0.1,1.1
FORD,F100,comerciais_leves,2013-08,22,0.1,1.1
FORD,F100,comerciais_leves,2013-09,10,0.1,1.1
FORD,F100,comerciais_leves,2013-10,24,0.1,1.1
FORD,F100,comerciais_leves,2013-11,14,0.1,1.1
FORD,F100,comerciais_leves,2013-12,17,0.1,1.1
FORD,F100,comerciais_leves,2014-01,19,0.1,1.1
FORD,F100,comerciais_leves,2014-02,13,0.1,1.1
FORD,F100,comerciais_leves,2014-03,17,0.1,1.1
FORD,F100,comerciais_leves,2014-04,23,0.1,1.1
FORD,F100,comerciais_leves,2014-05,10,0.1,1.1
FORD,F100,comerciais_leves,2014-06,3,0.1,1.1
FORD,F100,comerciais_leves,2014-07,1,0.1,1.1
FORD,F100,comerciais_leves,2014-08,2,0.1,1.1
FORD,F100,comerciais_leves,2014-09,1,0.1,1.1
FORD,F100,comerciais_leves,2014-10,1,0.1,1.1
FORD,F100,comerciais_leves,2015-01,8,0.1,1.1
FORD,F100,comerciais_leves,2015-02,5,0.1,1.1
FORD,F100,comerciais_leves,2015-03,3,0.1,1.1
FORD,F100,comerciais_leves,2015-04,8,0.1,1.1
FORD,F100,comerciais_leves,2015-05,4,0.1,1.1
FORD,F100,comerciais_leves,2015-07,1,0.1,1.1
FORD,F100,comerciais_leves,2015-08,2,0.1,1.1
FORD,F100,comerciais_leves,2015-10,1,0.1,1.1
FORD,F100,comerciais_leves,2015-12,2,0.1,1.1
FORD,F100,comerciais_leves,2016-01,12,0.1,1.1
FORD,F100,comerciais_leves,2016-02,10,0.1,1.1
FORD,F100,comerciais_leves,2016-03,9,0.1,1.1
FORD,F100,comerciais_leves,2016-04,5,0.1,1.1
FORD,F100,comerciais_leves,2016-05,5,0.1,1.1
FORD,F100,comerciais_leves,2016-06,9,0.1,1.1
FORD,F100,comerciais_leves,2016-07,6,0.1,1.1
FORD,F100,comerciais_leves,2016-08,6,0.1,1.1
FORD,F100,comerciais_leves,2016-09,3,0.1,1.1
FORD,F100,comerciais_leves,2016-10,10,0.1,1.1
FORD,F100,comerciais_leves,2016-11,2,0.1,1.1
FORD,F100,comerciais_leves,2017-01,3,0.1,1.1
FORD,F100,comerciais_leves,2017-02,9,0.1,1.1
FORD,F100,comerciais_leves,2017-03,1,0.1,1.1
FORD,F100,comerciais_leves,2017-05,14,0.1,1.1
FORD,F100,comerciais_leves,2017-06,1,0.1,1.1
FORD,F100,comerciais_leves,2017-07,1,0.1,1.1
FORD,F100,comerciais_leves,2017-08,1,0.1,1.1
FORD,F100,comerciais_leves,2017-09,7,0.1,1.1
FORD,F100,comerciais_leves,2017-10,6,0.1,1.1
FORD,F100,comerciais_leves,2017-11,8,0.1,1.1
FORD,F100,comerciais_leves,2017-12,2,0.1,1.1
FORD,F100,comerciais_leves,2018-01,25,0.1,1.1
FORD,F100,comerciais_leves,2018-02,18,0.1,1.1
FORD,F100,comerciais_leves,2018-03,11,0.1,1.1
FORD,F100,comerciais_leves,2018-04,7,0.1,1.1
FORD,F100,comerciais_leves,2018-05,1,0.1,1.1
FORD,F100,comerciais_leves,2018-06,4,0.1,1.1
FORD,F100,comerciais_leves,2018-07,1,0.1,1.1
FORD,F100,comerciais_leves,2018-10,1,0.1,1.1
FORD,F100,comerciais_leves,2019-04,1,0.1,1.1
FORD,F100,comerciais_leves,2019-06,2,0.1,1.1
FORD,F100,comerciais_leves,2020-06,1,0.1,1.1
FORD,F100,comerciais_leves,2020-11,1,0.1,1.1
FORD,F100,comerciais_leves,2020-12,1,0.1,1.1
FORD,F100,comerciais_leves,2021-01,1,0.1,1.1
FORD,F100,comerciais_leves,2021-04,18,0.1,1.1
FORD,F100,comerciais_leves,2021-05,12,0.1,1.1
FORD,F100,comerciais_leves,2021-07,25,0.1,1.1
FORD,F100,comerciais_leves,2021-08,33,0.1,1.1
FORD,F100,comerciais_leves,2021-09,25,0.1,1.1
FORD,F100,comerciais_leves,2021-10,23,0.1,1.1
FORD,F100,comerciais_leves,2021-11,13,0.1,1.1
FORD,F100,comerciais_leves,2021-12,8,0.1,1.1
FORD,F100,comerciais_leves,2022-01,3,0.1,1.1
FORD,F100,comerciais_leves,2022-02,12,0.1,1.1
FORD,F100,comerciais_leves,2022-04,21,0.1,1.1
FORD,F100,comerciais_leves,2022-05,39,0.1,1.1
FORD,F100,comerciais_leves,2022-06,52,0.1,1.1
FORD,F100,comerciais_leves,2022-07,68,0.1,1.1
FORD,F100,comerciais_leves,2022-08,107,0.1,1.1
FORD,F100,comerciais_leves,2022-09,55,0.1,1.1
FORD,F100,comerciais_leves,2022-10,40,0.1,1.1
FORD,F100,comerciais_leves,2022-11,62,0.1,1.1
FORD,F100,comerciais_leves,2022-12,112,0.1,1.1
FORD,F100,comerciais_leves,2023-01,107,0.1,1.1
FORD,F100,comerciais_leves,2023-02,161,0.1,1.1
FORD,F100,comerciais_leves,2023-03,251,0.1,1.1
FORD,F100,comerciais_leves,2023-04,129,0.1,1.1
FORD,F100,comerciais_leves,2023-05,227,0.1,1.1
FORD,F100,comerciais_leves,2023-06,153,0.1,1.1
FORD,F100,comerciais_leves,2023-07,165,0.1,1.1
FORD,F100,comerciais_leves,2023-08,202,0.1,1.1
FORD,F100,comerciais_leves,2023-10,168,0.1,1.1
FORD,F100,comerciais_leves,2023-11,117,0.1,1.1
FORD,F100,comerciais_leves,2023-12,153,0.1,1.1
FORD,F1000,comerciais_leves,2008-01,1,0.1,1.2
FORD,F1000,comerciais_leves,2008-06,1,0.1,1.2
FORD,F1000,comerciais_leves,2008-07,1,0.1,1.2
FORD,F1000,comerciais_leves,2009-07,1,0.1,1.2
FORD,F1000,comerciais_leves,2009-08,1,0.1,1.2
FORD,F1000,comerciais_leves,2010-01,1,0.1,1.2
FORD,F1000,comerciais_leves,2010-04,4,0.1,1.2
FORD,F1000,comerciais_leves,2010-07,5,0.1,1.2
FORD,F1000,comerciais_leves,2010-09,4,0.1,1.2
FORD,F1000,comerciais_leves,2010-10,12,0.1,1.2
FORD,F1000,comerciais_leves,2010-11,1,0.1,1.2
FORD,F1000,comerciais_leves,2010-12,1,0.1,1.2
FORD,F1000,comerciais_leves,2011-01,2,0.1,1.2
FORD,F1000,comerciais_leves,2011-06,4,0.1,1.2
FORD,F1000,comerciais_leves,2011-07,5,0.1,1.2
FORD,F1000,comerciais_leves,2011-08,5,0.1,1.2
FORD,F1000,comerciais_leves,2011-10,1,0.1,1.2
FORD,F1000,comerciais_leves,2012-01,7,0.1,1.2
FORD,F1000,comerciais_leves,2012-02,2,0.1,1.2
FORD,F1000,comerciais_leves,2012-03,11,0.1,1.2
FORD,F1000,comerciais_leves,2012-04,13,0.1,1.2
FORD,F1000,comerciais_leves,2012-07,7,0.1,1.2
FORD,F1000,comerciais_leves,2012-08,2,0.1,1.2
FORD,F1000,comerciais_leves,2012-09,2,0.1,1.2
FORD,F1000,comerciais_leves,2012-11,2,0.1,1.2
FORD,F1000,comerciais_leves,2013-01,9,0.1,1.2
FORD,F1000,comerciais_leves,2013-02,16,0.1,1.2
FORD,F1000,comerciais_leves,2013-03,11,0.1,1.2
FORD,F1000,comerciais_leves,2013-04,21,0.1,1.2
FORD,F1000,comerciais_leves,2013-05,17,0.1,1.2
FORD,F1000,comerciais_leves,2013-06,15,0.1,1.2
FORD,F1000,comerciais_leves,2013-07,32,0.1,1.2
FORD,F1000,comerciais_leves,2013-08,22,0.1,1.2
FORD,F1000,comerciais_leves,2013-09,10,0.1,1.2
FORD,F1000,comerciais_leves,2013-10,24,0.1,1.2
FORD,F1000,comerciais_leves,2013-11,14,0.1,1.2
FORD,F1000,comerciais_leves,2013-12,17,0.1,1.2
FORD,F1000,comerciais_leves,2014-01,19,0.1,1.2
FORD,F1000,comerciais_leves,2014-02,13,0.1,1.2
FORD,F1000,comerciais_leves,2014-03,17,0.1,1.2
FORD,F1000,comerciais_leves,2014-04,23,0.1,1.2
FORD,F1000,comerciais_leves,2014-05,10,0.1,1.2
FORD,F1000,comerciais_leves,2014-06,3,0.1,1.2
FORD,F1000,comerciais_leves,2014-07,1,0.1,1.2
FORD,F1000,comerciais_leves,2014-08,2,0.1,1.2
FORD,F1000,comerciais_leves,2014-09,1,0.1,1.2
FORD,F1000,comerciais_leves,2014-10,1,0.1,1.2
FORD,F1000,comerciais_leves,2015-01,8,0.1,1.2
FORD,F1000,comerciais_leves,2015-02,5,0.1,1.2
FORD,F1000,comerciais_leves,2015-03,3,0.1,1.2
FORD,F1000,comerciais_leves,2015-05,4,0.1,1.2
FORD,F1000,comerciais_leves,2015-07,1,0.1,1.2
FORD,F1000,comerciais_leves,2015-08,2,0.1,1.2
FORD,F1000,comerciais_leves,2015-10,1,0.1,1.2
FORD,F1000,comerciais_leves,2015-12,2,0.1,1.2
FORD,F1000,comerciais_leves,2016-01,12,0.1,1.2
FORD,F1000,comerciais_leves,2016-02,10,0.1,1.2
FORD,F1000,comerciais_leves,2016-03,9,0.1,1.2
FORD,F1000,comerciais_leves,2016-04,5,0.1,1.2
FORD,F1000,comerciais_leves,2016-05,5,0.1,1.2
FORD,F1000,comerciais_leves,2016-06,9,0.1,1.2
FORD,F1000,comerciais_leves,2016-07,6,0.1,1.2
FORD,F1000,comerciais_leves,2016-08,6,0.1,1.2
FORD,F1000,comerciais_leves,2016-09,3,0.1,1.2
FORD,F1000,comerciais_leves,2016-10,10,0.1,1.2
FORD,F1000,comerciais_leves,2016-11,2,0.1,1.2
FORD,F1000,comerciais_leves,2017-01,3,0.1,1.2
FORD,F1000,comerciais_leves,2017-02,9,0.1,1.2
FORD,F1000,comerciais_leves,2017-03,1,0.1,1.2
FORD,F1000,comerciais_leves,2017-05,14,0.1,1.2
FORD,F1000,comerciais_leves,2017-06,1,0.1,1.2
FORD,F1000,comerciais_leves,2017-07,1,0.1,1.2
FORD,F1000,comerciais_leves,2017-08,1,0.1,1.2
FORD,F1000,comerciais_leves,2017-09,7,0.1,1.2
FORD,F1000,comerciais_leves,2017-10,6,0.1,1.2
FORD,F1000,comerciais_leves,2017-11,8,0.1,1.2
FORD,F1000,comerciais_leves,2017-12,2,0.1,1.2
FORD,F1000,comerciais_leves,2018-01,25,0.1,1.2
FORD,F1000,comerciais_leves,2018-02,18,0.1,1.2
FORD,F1000,comerciais_leves,2018-03,11,0.1,1.2
FORD,F1000,comerciais_leves,2018-04,7,0.1,1.2
FORD,F1000,comerciais_leves,2018-05,1,0.1,1.2
FORD,F1000,comerciais_leves,2018-07,1,0.1,1.2
FORD,F1000,comerciais_leves,2018-08,2,0.1,1.2
FORD,F1000,comerciais_leves,2018-10,1,0.1,1.2
FORD,F1000,comerciais_leves,2018-11,1,0.1,1.2
FORD,F1000,comerciais_leves,2018-12,1,0.1,1.2
FORD,F1000,comerciais_leves,2019-01,1,0.1,1.2
FORD,F1000,comerciais_leves,2019-04,1,0.1,1.2
FORD,F1000,comerciais_leves,2019-06,2,0.1,1.2
FORD,F1000,comerciais_leves,2019-11,8,0.1,1.2
FORD,F1000,comerciais_leves,2020-02,1,0.1,1.2
FORD,F1000,comerciais_leves,2020-06,1,0.1,1.2
FORD,F1000,comerciais_leves,2020-11,1,0.1,1.2
FORD,F1000,comerciais_leves,2021-01,1,0.1,1.2
FORD,F1000,comerciais_leves,2021-04,18,0.1,1.2
FORD,F1000,comerciais_leves,2021-05,12,0.1,1.2
FORD,F1000,comerciais_leves,2021-07,25,0.1,1.2
FORD,F1000,comerciais_leves,2021-08,33,0.1,1.2
FORD,F1000,comerciais_leves,2021-09,25,0.1,1.2
FORD,F1000,comerciais_leves,2021-10,23,0.1,1.2
FORD,F1000,comerciais_leves,2021-11,13,0.1,1.2
FORD,F1000,comerciais_leves,2021-12,8,0.1,1.2
FORD,F1000,comerciais_leves,2022-01,3,0.1,1.2
FORD,F1000,comerciais_leves,2022-02,12,0.1,1.2
FORD,F1000,comerciais_leves,2022-04,21,0.1,1.2
FORD,F1000,comerciais_leves,2022-05,39,0.1,1.2
FORD,F1000,comerciais_leves,2022-07,68,0.1,1.2
FORD,F1000,comerciais_leves,2022-08,107,0.1,1.2
FORD,F1000,comerciais_leves,2022-09,55,0.1,1.2
FORD,F1000,comerciais_leves,2022-10,40,0.1,1.2
FORD,F1000,comerciais_leves,2022-11,62,0.1,1.2
FORD,F1000,comerciais_leves,2022-12,112,0.1,1.2
FORD,F1000,comerciais_leves,2023-01,107,0.1,1.2
FORD,F1000,comerciais_leves,2023-02,161,0.1,1.2
FORD,F1000,comerciais_leves,2023-03,251,0.1,1.2
FORD,F1000,comerciais_leves,2023-04,129,0.1,1.2
FORD,F1000,comerciais_leves,2023-06,153,0.1,1.2
FORD,F150,comerciais_leves,2013-01,9,5.2,103.1
FORD,F150,comerciais_leves,2013-02,16,5.2,103.1
FORD,F150,comerciais_leves,2013-03,11,5.2,103.1
FORD,F150,comerciais_leves,2013-04,21,5.2,103.1
FORD,F150,comerciais_leves,2013-05,17,5.2,103.1
FORD,F150,comerciais_leves,2013-07,32,5.2,103.1
FORD,F150,comerciais_leves,2013-08,22,5.2,103.1
FORD,F150,comerciais_leves,2013-09,10,5.2,103.1
FORD,F150,comerciais_leves,2013-10,24,5.2,103.1
FORD,F150,comerciais_leves,2013-12,17,5.2,103.1
FORD,F150,comerciais_leves,2014-02,13,5.2,103.1
FORD,F150,comerciais_leves,2014-04,23,5.2,103.1
FORD,F150,comerciais_leves,2014-05,10,5.2,103.1
FORD,F150,comerciais_leves,2015-01,8,5.2,103.1
FORD,F150,comerciais_leves,2015-04,8,5.2,103.1
FORD,F150,comerciais_leves,2016-01,12,5.2,103.1
FORD,F150,comerciais_leves,2016-02,10,5.2,103.1
FORD,F150,comerciais_leves,2016-03,9,5.2,103.1
FORD,F150,comerciais_leves,2016-06,9,5.2,103.1
FORD,F150,comerciais_leves,2016-07,6,5.2,103.1
FORD,F150,comerciais_leves,2016-08,6,5.2,103.1
FORD,F150,comerciais_leves,2016-10,10,5.2,103.1
FORD,F150,comerciais_leves,2017-02,9,5.2,103.1
FORD,F150,comerciais_leves,2018-01,25,5.2,103.1
FORD,F150,comerciais_leves,2018-02,18,5.2,103.1
FORD,F150,comerciais_leves,2021-04,18,5.2,103.1
FORD,F150,comerciais_leves,2021-05,12,5.2,103.1
FORD,F150,comerciais_leves,2021-07,25,5.2,103.1
FORD,F150,comerciais_leves,2021-08,33,5.2,103.1
FORD,F150,comerciais_leves,2021-10,23,5.2,103.1
FORD,F150,comerciais_leves,2021-11,13,5.2,103.1
FORD,F150,comerciais_leves,2022-02,12,5.2,103.1
FORD,F150,comerciais_leves,2022-08,107,5.2,103.1
FORD,F150,comerciais_leves,2022-10,40,5.2,103.1
FORD,MUSTANG,automoveis,2015-01,6,4.3,85.8
FORD,MUSTANG,automoveis,2015-12,6,4.3,85.8
FORD,PAMPA,comerciais_leves,2004-02,1,0.1,1.0
FORD,PAMPA,comerciais_leves,2007-03,1,0.1,1.0
FORD,PAMPA,comerciais_leves,2008-03,1,0.1,1.0
FORD,PAMPA,comerciais_leves,2009-03,1,0.1,1.0
FORD,PAMPA,comerciais_leves,2010-02,39,0.1,1.0
FORD,PAMPA,comerciais_leves,2010-03,62,0.1,1.0
FORD,PAMPA,comerciais_leves,2010-05,124,0.1,1.0
FORD,PAMPA,comerciais_leves,2010-07,130,0.1,1.0
FORD,PAMPA,comerciais_leves,2010-08,180,0.1,1.0
FORD,PAMPA,comerciais_leves,2010-09,152,0.1,1.0
FORD,PAMPA,comerciais_leves,2010-10,99,0.1,1.0
FORD,PAMPA,comerciais_leves,2010-11,78,0.1,1.0
FORD,PAMPA,comerciais_leves,2010-12,99,0.1,1.0
FORD,PAMPA,comerciais_leves,2011-01,78,0.1,1.0
FORD,PAMPA,comerciais_leves,2011-02,102,0.1,1.0
FORD,PAMPA,comerciais_leves,2011-03,118,0.1,1.0
FORD,PAMPA,comerciais_leves,2011-05,100,0.1,1.0
FORD,PAMPA,comerciais_leves,2011-08,117,0.1,1.0
FORD,PAMPA,comerciais_leves,2011-09,99,0.1,1.0
FORD,PAMPA,comerciais_leves,2011-10,82,0.1,1.0
FORD,PAMPA,comerciais_leves,2011-11,85,0.1,1.0
FORD,PAMPA,comerciais_leves,2011-12,74,0.1,1.0
FORD,PAMPA,comerciais_leves,2012-01,78,0.1,1.0
FORD,PAMPA,comerciais_leves,2012-02,80,0.1,1.0
FORD,PAMPA,comerciais_leves,2012-03,102,0.1,1.0
FORD,PAMPA,comerciais_leves,2012-04,83,0.1,1.0
FORD,PAMPA,comerciais_leves,2012-05,103,0.1,1.0
FORD,PAMPA,comerciais_leves,2012-06,85,0.1,1.0
FORD,PAMPA,comerciais_leves,2012-08,71,0.1,1.0
FORD,PAMPA,comerciais_leves,2012-09,52,0.1,1.0
FORD,PAMPA,comerciais_leves,2012-10,60,0.1,1.0
FORD,PAMPA,comerciais_leves,2012-11,46,0.1,1.0
FORD,PAMPA,comerciais_leves,2012-12,45,0.1,1.0
FORD,PAMPA,comerciais_leves,2013-01,31,0.1,1.0
FORD,PAMPA,comerciais_leves,2013-02,24,0.1,1.0
FORD,PAMPA,comerciais_leves,2013-03,33,0.1,1.0
FORD,PAMPA,comerciais_leves,2013-04,27,0.1,1.0
FORD,PAMPA,comerciais_leves,2013-05,26,0.1,1.0
FORD,PAMPA,comerciais_leves,2013-06,39,0.1,1.0
FORD,PAMPA,comerciais_leves,2013-07,22,0.1,1.0
FORD,PAMPA,comerciais_leves,2013-08,10,0.1,1.0
FORD,PAMPA,comerciais_leves,2013-09,3,0.1,1.0
FORD,PAMPA,comerciais_leves,2013-10,9,0.1,1.0
FORD,PAMPA,comerciais_leves,2013-11,1,0.1,1.0
FORD,PAMPA,comerciais_leves,2013-12,2,0.1,1.0
FORD,PAMPA,comerciais_leves,2014-01,1,0.1,1.0
FORD,PAMPA,comerciais_leves,2014-02,1,0.1,1.0
FORD,PAMPA,comerciais_leves,2014-05,1,0.1,1.0
FORD,PAMPA,comerciais_leves,2014-07,6,0.1,1.0
FORD,PAMPA,comerciais_leves,2015-01,1,0.1,1.0
FORD,PAMPA,comerciais_leves,2017-06,1,0.1,1.0
FORD,RANCHERO,comerciais_leves,2008-09,1,0.0,0.3
FORD,RANCHERO,comerciais_leves,2008-10,1,0.0,0.3
FORD,RANCHERO,comerciais_leves,2008-12,1,0.0,0.3
FORD,RANCHERO,comerciais_leves,2009-03,1,0.0,0.3
FORD,RANCHERO,comerciais_leves,2009-05,2,0.0,0.3
FORD,RANCHERO,comerciais_leves,2009-07,2,0.0,0.3
FORD,RANCHERO,comerciais_leves,2009-09,1,0.0,0.3
FORD,RANCHERO,comerciais_leves,2009-10,1,0.0,0.3
FORD,RANCHERO,comerciais_leves,2009-12,1,0.0,0.3
FORD,RANCHERO,comerciais_leves,2010-02,39,0.0,0.3
FORD,RANCHERO,comerciais_leves,2010-04,15,0.0,0.3
FORD,RANCHERO,comerciais_leves,2010-06,121,0.0,0.3
FORD,RANCHERO,comerciais_leves,2010-07,130,0.0,0.3
FORD,RANCHERO,comerciais_leves,2010-08,180,0.0,0.3
FORD,RANCHERO,comerciais_leves,2010-09,152,0.0,0.3
FORD,RANCHERO,comerciais_leves,2010-11,78,0.0,0.3
FORD,RANCHERO,comerciais_leves,2010-12,99,0.0,0.3
FORD,RANCHERO,comerciais_leves,2011-02,102,0.0,0.3
FORD,RANCHERO,comerciais_leves,2011-03,118,0.0,0.3
FORD,RANCHERO,comerciais_leves,2011-04,95,0.0,0.3
FORD,RANCHERO,comerciais_leves,2011-05,100,0.0,0.3
FORD,RANCHERO,comerciais_leves,2011-06,104,0.0,0.3
FORD,RANCHERO,comerciais_leves,2011-07,100,0.0,0.3
FORD,RANCHERO,comerciais_leves,2011-08,117,0.0,0.3
FORD,RANCHERO,comerciais_leves,2011-09,99,0.0,0.3
FORD,RANCHERO,comerciais_leves,2011-10,82,0.0,0.3
FORD,RANCHERO,comerciais_leves,2011-12,74,0.0,0.3
FORD,RANCHERO,comerciais_leves,2012-01,78,0.0,0.3
FORD,RANCHERO,comerciais_leves,2012-02,80,0.0,0.3
FORD,RANCHERO,comerciais_leves,2012-03,102,0.0,0.3
FORD,RANCHERO,comerciais_leves,2012-04,83,0.0,0.3
FORD,RANCHERO,comerciais_leves,2012-05,103,0.0,0.3
FORD,RANCHERO,comerciais_leves,2012-06,85,0.0,0.3
FORD,RANCHERO,comerciais_leves,2012-07,90,0.0,0.3
FORD,RANCHERO,comerciais_leves,2012-08,71,0.0,0.3
FORD,RANCHERO,comerciais_leves,2012-09,52,0.0,0.3
FORD,RANCHERO,comerciais_leves,2012-10,60,0.0,0.3
FORD,RANCHERO,comerciais_leves,2012-11,46,0.0,0.3
FORD,RANCHERO,comerciais_leves,2012-12,45,0.0,0.3
FORD,RANCHERO,comerciais_leves,2013-01,31,0.0,0.3
FORD,RANCHERO,comerciais_leves,2013-02,24,0.0,0.3
FORD,RANCHERO,comerciais_leves,2013-04,27,0.0,0.3
FORD,RANCHERO,comerciais_leves,2013-05,26,0.0,0.3
FORD,RANCHERO,comerciais_leves,2013-06,39,0.0,0.3
FORD,RANCHERO,comerciais_leves,2013-08,10,0.0,0.3
FORD,RANCHERO,comerciais_leves,2013-09,3,0.0,0.3
FORD,RANCHERO,comerciais_leves,2013-10,9,0.0,0.3
FORD,RANCHERO,comerciais_leves,2013-11,1,0.0,0.3
FORD,RANCHERO,comerciais_leves,2013-12,2,0.0,0.3
FORD,RANCHERO,comerciais_leves,2014-01,1,0.0,0.3
FORD,RANCHERO,comerciais_leves,2014-02,1,0.0,0.3
FORD,RANCHERO,comerciais_leves,2014-05,1,0.0,0.3
FORD,RANCHERO,comerciais_leves,2014-07,6,0.0,0.3
FORD,RANCHERO,comerciais_leves,2021-07,1,0.0,0.3
FORD,TERRITORY,automoveis,2023-01,67,47.5,950.7
FORD,TERRITORY,automoveis,2023-02,53,47.5,950.7
FORD,TRANSIT,comerciais_leves,2008-11,170,19.0,379.1
FORD,TRANSIT,comerciais_leves,2008-12,155,19.0,379.1
FORD,TRANSIT,comerciais_leves,2015-05,90,19.0,379.1
FORD,TRANSIT,comerciais_leves,2015-09,77,19.0,379.1
FORD,TRANSIT,comerciais_leves,2015-10,97,19.0,379.1
FORD,TRANSIT,comerciais_leves,2016-01,88,19.0,379.1
FORD,TRANSIT,comerciais_leves,2016-03,93,19.0,379.1
FORD,TRANSIT,comerciais_leves,2016-04,55,19.0,379.1
FORD,TRANSIT,comerciais_leves,2016-05,64,19.0,379.1
FORD,TRANSIT,comerciais_leves,2016-06,35,19.0,379.1
FORD,TRANSIT,comerciais_leves,2016-09,51,19.0,379.1
FORD,TRANSIT,comerciais_leves,2016-12,83,19.0,379.1
FORD,TRANSIT,comerciais_leves,2017-01,64,19.0,379.1
FORD,TRANSIT,comerciais_leves,2017-02,40,19.0,379.1
FORD,TRANSIT,comerciais_leves,2017-03,55,19.0,379.1
FORD,TRANSIT,comerciais_leves,2017-04,45,19.0,379.1
FORD,TRANSIT,comerciais_leves,2017-05,22,19.0,379.1
FORD,TRANSIT,comerciais_leves,2017-11,22,19.0,379.1
FORD,TRANSIT,comerciais_leves,2017-12,20,19.0,379.1
FORD,TRANSIT,comerciais_leves,2018-01,66,19.0,379.1
FORD,TRANSIT,comerciais_leves,2018-02,35,19.0,379.1
FORD,TRANSIT,comerciais_leves,2018-04,83,19.0,379.1
FORD,TRANSIT,comerciais_leves,2018-05,56,19.0,379.1
FORD,TRANSIT,comerciais_leves,2018-06,73,19.0,379.1
FORD,TRANSIT,comerciais_leves,2018-07,82,19.0,379.1
FORD,TRANSIT,comerciais_leves,2018-08,97,19.0,379.1
FORD,TRANSIT,comerciais_leves,2018-09,74,19.0,379.1
FORD,TRANSIT,comerciais_leves,2018-10,156,19.0,379.1
FORD,TRANSIT,comerciais_leves,2018-11,89,19.0,379.1
FORD,TRANSIT,comerciais_leves,2018-12,30,19.0,379.1
FORD,TRANSIT,comerciais_leves,2019-01,118,19.0,379.1
FORD,TRANSIT,comerciais_leves,2019-02,128,19.0,379.1
FORD,TRANSIT,comerciais_leves,2019-03,126,19.0,379.1
FORD,TRANSIT,comerciais_leves,2019-04,174,19.0,379.1
FORD,TRANSIT,comerciais_leves,2019-05,146,19.0,379.1
FORD,TRANSIT,comerciais_leves,2019-06,122,19.0,379.1
FORD,TRANSIT,comerciais_leves,2019-07,84,19.0,379.1
FORD,TRANSIT,comerciais_leves,2019-08,149,19.0,379.1
FORD,TRANSIT,comerciais_leves,2019-09,173,19.0,379.1
FORD,TRANSIT,comerciais_leves,2019-10,189,19.0,379.1
FORD,TRANSIT,comerciais_leves,2019-11,160,19.0,379.1
FORD,TRANSIT,comerciais_leves,2019-12,186,19.0,379.1
FORD,TRANSIT,comerciais_leves,2020-01,195,19.0,379.1
FORD,TRANSIT,comerciais_leves,2020-02,176,19.0,379.1
FORD,TRANSIT,comerciais_leves,2020-03,143,19.0,379.1
FORD,TRANSIT,comerciais_leves,2020-04,37,19.0,379.1
FORD,TRANSIT,comerciais_leves,2020-05,50,19.0,379.1
FORD,TRANSIT,comerciais_leves,2020-06,106,19.0,379.1
FORD,TRANSIT,comerciais_leves,2020-07,95,19.0,379.1
FORD,TRANSIT,comerciais_leves,2020-08,121,19.0,379.1
FORD,TRANSIT,comerciais_leves,2020-09,140,19.0,379.1
FORD,TRANSIT,comerciais_leves,2020-10,166,19.0,379.1
FORD,TRANSIT,comerciais_leves,2020-11,133,19.0,379.1
FORD,TRANSIT,comerciais_leves,2020-12,116,19.0,379.1
FORD,TRANSIT,comerciais_leves,2021-01,146,19.0,379.1
FORD,TRANSIT,comerciais_leves,2021-02,139,19.0,379.1
FORD,TRANSIT,comerciais_leves,2021-03,205,19.0,379.1
FORD,TRANSIT,comerciais_leves,2021-04,150,19.0,379.1
FORD,TRANSIT,comerciais_leves,2021-05,204,19.0,379.1
FORD,TRANSIT,comerciais_leves,2021-06,165,19.0,379.1
FORD,TRANSIT,comerciais_leves,2021-07,199,19.0,379.1
FORD,TRANSIT,comerciais_leves,2021-08,208,19.0,379.1
FORD,TRANSIT,comerciais_leves,2021-09,248,19.0,379.1
FORD,TRANSIT,comerciais_leves,2021-10,224,19.0,379.1
FORD,TRANSIT,comerciais_leves,2021-11,221,19.0,379.1
FORD,TRANSIT,comerciais_leves,2021-12,168,19.0,379.1
FORD,TRANSIT,comerciais_leves,2022-01,149,19.0,379.1
FORD,VERONA,automoveis,2010-03,1,0.1,1.1
FORD,VERONA,automoveis,2010-05,2,0.1,1.1
FORD,VERONA,automoveis,2010-08,26,0.1,1.1
FORD,VERONA,automoveis,2010-09,221,0.1,1.1
FORD,VERONA,automoveis,2010-10,266,0.1,1.1
FORD,VERONA,automoveis,2010-11,270,0.1,1.1
FORD,VERONA,automoveis,2010-12,342,0.1,1.1
FORD,VERONA,automoveis,2011-01,181,0.1,1.1
FORD,VERONA,automoveis,2011-02,301,0.1,1.1
FORD,VERONA,automoveis,2011-03,387,0.1,1.1
FORD,VERONA,automoveis,2011-04,323,0.1,1.1
FORD,VERONA,automoveis,2011-05,694,0.1,1.1
FORD,VERONA,automoveis,2011-06,585,0.1,1.1
FORD,VERONA,automoveis,2011-07,475,0.1,1.1
FORD,VERONA,automoveis,2011-08,637,0.1,1.1
FORD,VERONA,automoveis,2011-09,528,0.1,1.1
FORD,VERONA,automoveis,2011-10,293,0.1,1.1
FORD,VERONA,automoveis,2011-11,299,0.1,1.1
FORD,VERONA,automoveis,2011-12,517,0.1,1.1
FORD,VERONA,automoveis,2012-01,495,0.1,1.1
FORD,VERONA,automoveis,2012-02,498,0.1,1.1
FORD,VERONA,automoveis,2012-03,683,0.1,1.1
FORD,VERONA,automoveis,2012-04,552,0.1,1.1
FORD,VERONA,automoveis,2012-05,510,0.1,1.1
FORD,VERONA,automoveis,2012-06,496,0.1,1.1
FORD,VERONA,automoveis,2012-07,394,0.1,1.1
FORD,VERONA,automoveis,2012-08,360,0.1,1.1
FORD,VERONA,automoveis,2012-09,593,0.1,1.1
FORD,VERONA,automoveis,2012-10,564,0.1,1.1
FORD,VERONA,automoveis,2012-11,650,0.1,1.1
FORD,VERONA,automoveis,2012-12,972,0.1,1.1
FORD,VERONA,automoveis,2013-01,672,0.1,1.1
FORD,VERONA,automoveis,2013-02,284,0.1,1.1
FORD,VERONA,automoveis,2013-03,172,0.1,1.1
FORD,VERONA,automoveis,2013-04,111,0.1,1.1
FORD,VERONA,automoveis,2013-05,137,0.1,1.1
FORD,VERONA,automoveis,2013-06,345,0.1,1.1
FORD,VERONA,automoveis,2013-07,236,0.1,1.1
FORD,VERONA,automoveis,2013-08,183,0.1,1.1
FORD,VERONA,automoveis,2013-09,254,0.1,1.1
FORD,VERONA,automoveis,2013-10,235,0.1,1.1
FORD,VERONA,automoveis,2013-11,226,0.1,1.1
FORD,VERONA,automoveis,2013-12,249,0.1,1.1
FORD,VERONA,automoveis,2014-01,249,0.1,1.1
FORD,VERONA,automoveis,2014-02,207,0.1,1.1
FORD,VERONA,automoveis,2014-03,131,0.1,1.1
FORD,VERONA,automoveis,2014-04,175,0.1,1.1
FORD,VERONA,automoveis,2014-05,189,0.1,1.1
FORD,VERONA,automoveis,2014-06,135,0.1,1.1
FORD,VERONA,automoveis,2014-07,152,0.1,1.1
FORD,VERONA,automoveis,2014-08,114,0.1,1.1
FORD,VERONA,automoveis,2014-09,29,0.1,1.1
FORD,VERONA,automoveis,2014-10,29,0.1,1.1
FORD,VERONA,automoveis,2014-11,16,0.1,1.1
FORD,VERONA,automoveis,2014-12,9,0.1,1.1
FORD,VERONA,automoveis,2015-01,72,0.1,1.1
FORD,VERONA,automoveis,2015-02,90,0.1,1.1
FORD,VERONA,automoveis,2015-03,96,0.1,1.1
FORD,VERONA,automoveis,2015-04,77,0.1,1.1
FORD,VERONA,automoveis,2015-05,35,0.1,1.1
FORD,VERONA,automoveis,2015-06,26,0.1,1.1
FORD,VERONA,automoveis,2015-07,20,0.1,1.1
FORD,VERONA,automoveis,2015-08,8,0.1,1.1
FORD,VERONA,automoveis,2015-09,10,0.1,1.1
FORD,VERONA,automoveis,2015-10,3,0.1,1.1
FORD,VERONA,automoveis,2015-11,5,0.1,1.1
FORD,VERONA,automoveis,2015-12,4,0.1,1.1
FORD,VERONA,automoveis,2016-01,1,0.1,1.1
FORD,VERONA,automoveis,2016-03,1,0.1,1.1
FORD,VERONA,automoveis,2016-05,1,0.1,1.1
FORD,VERONA,automoveis,2017-02,1,0.1,1.1
FORD,VERONA,automoveis,2017-05,1,0.1,1.1
FORD,VERONA,automoveis,2017-07,1,0.1,1.1
FORD,VERONA,automoveis,2017-08,1,0.1,1.1
FORD,VERONA,automoveis,2017-12,1,0.1,1.1
FORD,VERSAILLES,automoveis,2008-09,1,0.1,1.3
FORD,VERSAILLES,automoveis,2009-09,2,0.1,1.3
FORD,VERSAILLES,automoveis,2010-03,1,0.1,1.3
FOTON,TUNLAND,comerciais_leves,2019-12,5,2.4,48.0
FOTON,TUNLAND,comerciais_leves,2021-04,18,2.4,48.0
FOTON,TUNLAND,comerciais_leves,2021-05,12,2.4,48.0
FOTON,TUNLAND,comerciais_leves,2021-06,21,2.4,48.0
FOTON,TUNLAND,comerciais_leves,2021-07,25,2.4,48.0
FOTON,TUNLAND,comerciais_leves,2021-08,33,2.4,48.0
FOTON,TUNLAND,comerciais_leves,2021-09,25,2.4,48.0
FOTON,TUNLAND,comerciais_leves,2021-10,23,2.4,48.0
FOTON,TUNLAND,comerciais_leves,2021-11,13,2.4,48.0
FOTON,TUNLAND,comerciais_leves,2021-12,8,2.4,48.0
FOTON,TUNLAND,comerciais_leves,2022-01,3,2.4,48.0
FOTON,TUNLAND,comerciais_leves,2022-02,12,2.4,48.0
FOTON,TUNLAND,comerciais_leves,2022-03,17,2.4,48.0
FOTON,TUNLAND,comerciais_leves,2022-04,21,2.4,48.0
FOTON,TUNLAND,comerciais_leves,2022-05,39,2.4,48.0
FOTON,TUNLAND,comerciais_leves,2022-06,52,2.4,48.0
FOTON,TUNLAND,comerciais_leves,2022-07,68,2.4,48.0
FOTON,TUNLAND,comerciais_leves,2022-08,107,2.4,48.0
FOTON,TUNLAND,comerciais_leves,2022-09,55,2.4,48.0
FOTON,TUNLAND,comerciais_leves,2022-10,40,2.4,48.0
FOTON,TUNLAND,comerciais_leves,2022-11,62,2.4,48.0
FOTON,TUNLAND,comerciais_leves,2022-12,112,2.4,48.0
FOTON,TUNLAND,comerciais_leves,2023-01,107,2.4,48.0
FOTON,TUNLAND,comerciais_leves,2023-02,161,2.4,48.0
FOTON,TUNLAND,comerciais_leves,2023-03,251,2.4,48.0
FOTON,TUNLAND,comerciais_leves,2023-04,129,2.4,48.0
FOTON,TUNLAND,comerciais_leves,2023-05,227,2.4,48.0
FOTON,TUNLAND,comerciais_leves,2023-06,153,2.4,48.0
FOTON,TUNLAND,comerciais_leves,2023-07,165,2.4,48.0
FOTON,TUNLAND,comerciais_leves,2023-08,202,2.4,48.0
FOTON,TUNLAND,comerciais_leves,2023-10,168,2.4,48.0
FOTON,TUNLAND,comerciais_leves,2023-11,117,2.4,48.0
FOTON,TUNLAND,comerciais_leves,2023-12,153,2.4,48.0
FOTON,TUNLAND,comerciais_leves,2024-01,359,2.4,48.0
FOTON,TUNLAND,comerciais_leves,2024-02,124,2.4,48.0
FOTON,TUNLAND,comerciais_leves,2024-03,67,2.4,48.0
FOTON,TUNLAND,comerciais_leves,2024-04,186,2.4,48.0
FOTON,TUNLAND,comerciais_leves,2024-05,303,2.4,48.0
FOTON,TUNLAND,comerciais_leves,2024-06,323,2.4,48.0
FOTON,TUNLAND,comerciais_leves,2024-07,309,2.4,48.0
FOTON,TUNLAND,comerciais_leves,2024-08,479,2.4,48.0
FOTON,TUNLAND,comerciais_leves,2024-09,554,2.4,48.0
FOTON,TUNLAND,comerciais_leves,2024-10,344,2.4,48.0
FOTON,TUNLAND,comerciais_leves,2024-11,378,2.4,48.0
FOTON,TUNLAND,comerciais_leves,2024-12,503,2.4,48.0
FOTON,TUNLAND,comerciais_leves,2025-01,684,2.4,48.0
FOTON,TUNLAND,comerciais_leves,2025-02,588,2.4,48.0
FOTON,TUNLAND,comerciais_leves,2025-03,511,2.4,48.0
FOTON,TUNLAND,comerciais_leves,2025-04,159,2.4,48.0
FOTON,TUNLAND,comerciais_leves,2025-05,363,2.4,48.0
GEELY,EC-7,automoveis,2014-02,3,1.6,31.6
GEELY,EC-7,automoveis,2014-03,8,1.6,31.6
GEELY,EC-7,automoveis,2014-04,12,1.6,31.6
GEELY,EC-7,automoveis,2014-05,8,1.6,31.6
GEELY,EC-7,automoveis,2014-06,3,1.6,31.6
GEELY,EC-7,automoveis,2014-07,6,1.6,31.6
GEELY,EC-7,automoveis,2015-01,24,1.6,31.6
GEELY,EC-7,automoveis,2015-02,15,1.6,31.6
GM,A10,comerciais_leves,2008-01,1,0.0,0.2
GM,A10,comerciais_leves,2008-04,1,0.0,0.2
GM,A10,comerciais_leves,2008-06,1,0.0,0.2
GM,A10,comerciais_leves,2008-07,1,0.0,0.2
GM,A10,comerciais_leves,2009-01,1,0.0,0.2
GM,A10,comerciais_leves,2009-02,1,0.0,0.2
GM,A10,comerciais_leves,2009-04,1,0.0,0.2
GM,A10,comerciais_leves,2009-07,1,0.0,0.2
GM,A10,comerciais_leves,2009-08,1,0.0,0.2
GM,A10,comerciais_leves,2010-01,1,0.0,0.2
GM,A10,comerciais_leves,2010-03,2,0.0,0.2
GM,A10,comerciais_leves,2010-04,4,0.0,0.2
GM,A10,comerciais_leves,2010-05,3,0.0,0.2
GM,A10,comerciais_leves,2010-06,3,0.0,0.2
GM,A10,comerciais_leves,2010-07,5,0.0,0.2
GM,A10,comerciais_leves,2010-08,2,0.0,0.2
GM,A10,comerciais_leves,2010-09,4,0.0,0.2
GM,A10,comerciais_leves,2010-10,12,0.0,0.2
GM,A10,comerciais_leves,2010-11,1,0.0,0.2
GM,A10,comerciais_leves,2010-12,1,0.0,0.2
GM,A10,comerciais_leves,2011-01,2,0.0,0.2
GM,A10,comerciais_leves,2011-02,3,0.0,0.2
GM,A10,comerciais_leves,2011-03,3,0.0,0.2
GM,A10,comerciais_leves,2011-04,1,0.0,0.2
GM,A10,comerciais_leves,2011-06,4,0.0,0.2
GM,A10,comerciais_leves,2011-07,5,0.0,0.2
GM,A10,comerciais_leves,2011-08,5,0.0,0.2
GM,A10,comerciais_leves,2011-09,2,0.0,0.2
GM,A10,comerciais_leves,2011-10,1,0.0,0.2
GM,A10,comerciais_leves,2011-11,1,0.0,0.2
GM,A10,comerciais_leves,2011-12,2,0.0,0.2
GM,A10,comerciais_leves,2012-01,7,0.0,0.2
GM,A10,comerciais_leves,2012-02,2,0.0,0.2
GM,A10,comerciais_leves,2012-03,11,0.0,0.2
GM,A10,comerciais_leves,2012-04,13,0.0,0.2
GM,A10,comerciais_leves,2012-05,3,0.0,0.2
GM,A10,comerciais_leves,2012-06,7,0.0,0.2
GM,A10,comerciais_leves,2012-07,7,0.0,0.2
GM,A10,comerciais_leves,2012-08,2,0.0,0.2
GM,A10,comerciais_leves,2012-09,2,0.0,0.2
GM,A10,comerciais_leves,2012-11,2,0.0,0.2
GM,A10,comerciais_leves,2013-01,9,0.0,0.2
GM,A10,comerciais_leves,2013-02,16,0.0,0.2
GM,A10,comerciais_leves,2013-03,11,0.0,0.2
GM,A10,comerciais_leves,2013-04,21,0.0,0.2
GM,A10,comerciais_leves,2013-05,17,0.0,0.2
GM,A10,comerciais_leves,2013-06,15,0.0,0.2
GM,A10,comerciais_leves,2013-07,32,0.0,0.2
GM,A10,comerciais_leves,2013-08,22,0.0,0.2
GM,A10,comerciais_leves,2013-09,10,0.0,0.2
GM,A10,comerciais_leves,2013-10,24,0.0,0.2
GM,A10,comerciais_leves,2013-11,14,0.0,0.2
GM,A10,comerciais_leves,2013-12,17,0.0,0.2
GM,A10,comerciais_leves,2014-01,19,0.0,0.2
GM,A10,comerciais_leves,2014-02,13,0.0,0.2
GM,A10,comerciais_leves,2014-03,17,0.0,0.2
GM,A10,comerciais_leves,2014-04,23,0.0,0.2
GM,A10,comerciais_leves,2014-05,10,0.0,0.2
GM,A10,comerciais_leves,2014-06,3,0.0,0.2
GM,A10,comerciais_leves,2014-07,1,0.0,0.2
GM,A10,comerciais_leves,2014-08,2,0.0,0.2
GM,A10,comerciais_leves,2014-09,1,0.0,0.2
GM,A10,comerciais_leves,2014-10,1,0.0,0.2
GM,A10,comerciais_leves,2015-01,8,0.0,0.2
GM,A10,comerciais_leves,2015-02,5,0.0,0.2
GM,A10,comerciais_leves,2015-03,3,0.0,0.2
GM,A10,comerciais_leves,2015-04,8,0.0,0.2
GM,A10,comerciais_leves,2015-05,4,0.0,0.2
GM,A10,comerciais_leves,2015-07,1,0.0,0.2
GM,A10,comerciais_leves,2015-08,2,0.0,0.2
GM,A10,comerciais_leves,2015-12,2,0.0,0.2
GM,A10,comerciais_leves,2016-01,12,0.0,0.2
GM,A10,comerciais_leves,2016-02,10,0.0,0.2
GM,A10,comerciais_leves,2016-03,9,0.0,0.2
GM,A10,comerciais_leves,2016-04,5,0.0,0.2
GM,A10,comerciais_leves,2016-05,5,0.0,0.2
GM,A10,comerciais_leves,2016-06,9,0.0,0.2
GM,A10,comerciais_leves,2016-07,6,0.0,0.2
GM,A10,comerciais_leves,2016-08,6,0.0,0.2
GM,A10,comerciais_leves,2016-09,3,0.0,0.2
GM,A10,comerciais_leves,2016-10,10,0.0,0.2
GM,A10,comerciais_leves,2016-11,2,0.0,0.2
GM,A10,comerciais_leves,2017-01,3,0.0,0.2
GM,A10,comerciais_leves,2017-02,9,0.0,0.2
GM,A10,comerciais_leves,2017-03,1,0.0,0.2
GM,A10,comerciais_leves,2017-05,14,0.0,0.2
GM,A10,comerciais_leves,2017-06,1,0.0,0.2
GM,A10,comerciais_leves,2017-07,1,0.0,0.2
GM,A10,comerciais_leves,2017-08,1,0.0,0.2
GM,A10,comerciais_leves,2017-09,7,0.0,0.2
GM,A10,comerciais_leves,2017-10,6,0.0,0.2
GM,A10,comerciais_leves,2017-11,8,0.0,0.2
GM,A10,comerciais_leves,2017-12,2,0.0,0.2
GM,A10,comerciais_leves,2018-01,25,0.0,0.2
GM,A10,comerciais_leves,2018-02,18,0.0,0.2
GM,A10,comerciais_leves,2018-03,11,0.0,0.2
GM,A10,comerciais_leves,2018-04,7,0.0,0.2
GM,A10,comerciais_leves,2018-05,1,0.0,0.2
GM,A10,comerciais_leves,2018-06,4,0.0,0.2
GM,A10,comerciais_leves,2018-07,1,0.0,0.2
GM,A10,comerciais_leves,2018-08,2,0.0,0.2
GM,A10,comerciais_leves,2018-10,1,0.0,0.2
GM,A10,comerciais_leves,2018-11,1,0.0,0.2
GM,A10,comerciais_leves,2018-12,1,0.0,0.2
GM,A10,comerciais_leves,2019-01,1,0.0,0.2
GM,A10,comerciais_leves,2019-04,1,0.0,0.2
GM,A10,comerciais_leves,2019-06,2,0.0,0.2
GM,A20,comerciais_leves,2005-04,1,0.1,1.0
GM,A20,comerciais_leves,2005-05,1,0.1,1.0
GM,A20,comerciais_leves,2008-01,1,0.1,1.0
GM,A20,comerciais_leves,2008-04,1,0.1,1.0
GM,A20,comerciais_leves,2008-06,1,0.1,1.0
GM,A20,comerciais_leves,2008-07,1,0.1,1.0
GM,C10,comerciais_leves,2019-10,1,0.0,0.5
GM,C10,comerciais_leves,2020-02,1,0.0,0.5
GM,C10,comerciais_leves,2020-11,1,0.0,0.5
GM,C10,comerciais_leves,2020-12,1,0.0,0.5
GM,C10,comerciais_leves,2021-01,1,0.0,0.5
GM,C10,comerciais_leves,2021-06,21,0.0,0.5
GM,C10,comerciais_leves,2021-07,25,0.0,0.5
GM,C10,comerciais_leves,2021-08,33,0.0,0.5
GM,C10,comerciais_leves,2021-09,25,0.0,0.5
GM,C10,comerciais_leves,2021-10,23,0.0,0.5
GM,C10,comerciais_leves,2022-01,3,0.0,0.5
GM,C10,comerciais_leves,2022-03,17,0.0,0.5
GM,C10,comerciais_leves,2022-05,39,0.0,0.5
GM,C10,comerciais_leves,2022-06,52,0.0,0.5
GM,C10,comerciais_leves,2022-07,68,0.0,0.5
GM,C10,comerciais_leves,2022-08,107,0.0,0.5
GM,C10,comerciais_leves,2022-09,55,0.0,0.5
GM,C10,comerciais_leves,2022-10,40,0.0,0.5
GM,C10,comerciais_leves,2022-11,62,0.0,0.5
GM,C10,comerciais_leves,2023-01,107,0.0,0.5
GM,C10,comerciais_leves,2023-05,227,0.0,0.5
GM,C20,comerciais_leves,2008-04,1,0.1,1.8
GM,C20,comerciais_leves,2008-06,1,0.1,1.8
GM,C20,comerciais_leves,2008-07,1,0.1,1.8
GM,C20,comerciais_leves,2009-02,1,0.1,1.8
GM,C20,comerciais_leves,2009-04,1,0.1,1.8
GM,C20,comerciais_leves,2009-07,1,0.1,1.8
GM,C20,comerciais_leves,2009-08,1,0.1,1.8
GM,C20,comerciais_leves,2010-01,1,0.1,1.8
GM,C20,comerciais_leves,2010-03,2,0.1,1.8
GM,C20,comerciais_leves,2010-04,4,0.1,1.8
GM,C20,comerciais_leves,2010-05,3,0.1,1.8
GM,C20,comerciais_leves,2010-06,3,0.1,1.8
GM,C20,comerciais_leves,2010-07,5,0.1,1.8
GM,C20,comerciais_leves,2010-08,2,0.1,1.8
GM,C20,comerciais_leves,2010-09,4,0.1,1.8
GM,C20,comerciais_leves,2010-11,1,0.1,1.8
GM,C20,comerciais_leves,2010-12,1,0.1,1.8
GM,C20,comerciais_leves,2011-01,2,0.1,1.8
GM,C20,comerciais_leves,2011-02,3,0.1,1.8
GM,C20,comerciais_leves,2011-03,3,0.1,1.8
GM,C20,comerciais_leves,2011-04,1,0.1,1.8
GM,C20,comerciais_leves,2011-06,4,0.1,1.8
GM,C20,comerciais_leves,2011-07,5,0.1,1.8
GM,C20,comerciais_leves,2011-08,5,0.1,1.8
GM,C20,comerciais_leves,2011-09,2,0.1,1.8
GM,C20,comerciais_leves,2011-10,1,0.1,1.8
GM,C20,comerciais_leves,2011-11,1,0.1,1.8
GM,C20,comerciais_leves,2011-12,2,0.1,1.8
GM,C20,comerciais_leves,2012-01,7,0.1,1.8
GM,C20,comerciais_leves,2012-02,2,0.1,1.8
GM,C20,comerciais_leves,2012-03,11,0.1,1.8
GM,C20,comerciais_leves,2012-04,13,0.1,1.8
GM,C20,comerciais_leves,2012-05,3,0.1,1.8
GM,C20,comerciais_leves,2012-07,7,0.1,1.8
GM,C20,comerciais_leves,2012-08,2,0.1,1.8
GM,C20,comerciais_leves,2012-09,2,0.1,1.8
GM,CHEVETTE,automoveis,2013-12,108,0.1,1.4
GM,CHEVETTE,automoveis,2014-01,239,0.1,1.4
GM,CHEVETTE,automoveis,2014-02,476,0.1,1.4
GM,CHEVETTE,automoveis,2014-03,176,0.1,1.4
GM,CHEVETTE,automoveis,2014-04,62,0.1,1.4
GM,CHEVETTE,automoveis,2014-05,16,0.1,1.4
GM,CHEVETTE,automoveis,2014-06,21,0.1,1.4
GM,CHEVETTE,automoveis,2014-07,50,0.1,1.4
GM,CHEVETTE,automoveis,2014-08,132,0.1,1.4
GM,CHEVETTE,automoveis,2014-09,135,0.1,1.4
GM,CHEVETTE,automoveis,2014-10,136,0.1,1.4
GM,CHEVETTE,automoveis,2014-11,109,0.1,1.4
GM,CHEVETTE,automoveis,2014-12,175,0.1,1.4
GM,CHEVETTE,automoveis,2015-01,95,0.1,1.4
GM,CHEVETTE,automoveis,2015-02,41,0.1,1.4
GM,CHEVETTE,automoveis,2015-03,20,0.1,1.4
GM,CHEVETTE,automoveis,2015-04,6,0.1,1.4
GM,CHEVETTE,automoveis,2015-05,2,0.1,1.4
GM,CHEVETTE,automoveis,2015-06,1,0.1,1.4
GM,CHEVETTE,automoveis,2015-08,1,0.1,1.4
GM,CHEVETTE,automoveis,2015-09,1,0.1,1.4
GM,CHEVETTE,automoveis,2015-11,2,0.1,1.4
GM,CHEVETTE,automoveis,2015-12,1,0.1,1.4
GM,CHEVETTE,automoveis,2016-03,8,0.1,1.4
GM,CHEVETTE,automoveis,2016-04,3,0.1,1.4
GM,CHEVETTE,automoveis,2016-05,7,0.1,1.4
GM,CHEVETTE,automoveis,2016-06,4,0.1,1.4
GM,CHEVETTE,automoveis,2016-07,2,0.1,1.4
GM,CHEVETTE,automoveis,2016-08,5,0.1,1.4
GM,CHEVETTE,automoveis,2016-09,72,0.1,1.4
GM,CHEVETTE,automoveis,2016-10,2,0.1,1.4
GM,CHEVETTE,automoveis,2016-11,1,0.1,1.4
GM,CHEVETTE,automoveis,2016-12,1,0.1,1.4
GM,CHEVETTE,automoveis,2017-01,1,0.1,1.4
GM,CHEVETTE,automoveis,2017-02,2,0.1,1.4
GM,CHEVETTE,automoveis,2017-03,1,0.1,1.4
GM,CHEVETTE,automoveis,2017-04,1,0.1,1.4
GM,CHEVETTE,automoveis,2017-06,3,0.1,1.4
GM,CHEVETTE,automoveis,2017-07,1,0.1,1.4
GM,CHEVETTE,automoveis,2017-08,1,0.1,1.4
GM,CHEVETTE,automoveis,2017-09,1,0.1,1.4
GM,CHEVETTE,automoveis,2017-10,3,0.1,1.4
GM,CHEVETTE,automoveis,2017-11,2,0.1,1.4
GM,CHEVETTE,automoveis,2017-12,1,0.1,1.4
GM,CHEVETTE,automoveis,2018-01,1,0.1,1.4
GM,CHEVETTE,automoveis,2018-02,50,0.1,1.4
GM,CHEVETTE,automoveis,2018-03,51,0.1,1.4
GM,CHEVETTE,automoveis,2018-04,15,0.1,1.4
GM,CHEVETTE,automoveis,2018-05,14,0.1,1.4
GM,CHEVETTE,automoveis,2018-06,10,0.1,1.4
GM,CHEVETTE,automoveis,2018-07,11,0.1,1.4
GM,CHEVETTE,automoveis,2018-08,10,0.1,1.4
GM,CHEVETTE,automoveis,2018-09,8,0.1,1.4
GM,CHEVETTE,automoveis,2018-10,9,0.1,1.4
GM,CHEVETTE,automoveis,2018-11,5,0.1,1.4
GM,CHEVETTE,automoveis,2018-12,3,0.1,1.4
GM,CHEVETTE,automoveis,2019-01,4,0.1,1.4
GM,CHEVETTE,automoveis,2019-02,2,0.1,1.4
GM,CHEVETTE,automoveis,2019-03,2,0.1,1.4
GM,CHEVETTE,automoveis,2019-05,2,0.1,1.4
GM,CHEVETTE,automoveis,2019-07,1,0.1,1.4
GM,CHEVETTE,automoveis,2019-08,6,0.1,1.4
GM,CHEVETTE,automoveis,2019-10,1,0.1,1.4
GM,CHEVETTE,automoveis,2019-11,2,0.1,1.4
GM,CHEVETTE,automoveis,2019-12,5,0.1,1.4
GM,CHEVETTE,automoveis,2021-04,1,0.1,1.4
GM,CHEVETTE,automoveis,2021-08,1,0.1,1.4
GM,CHEVY,comerciais_leves,2003-09,2,0.0,0.3
GM,CHEVY,comerciais_leves,2004-03,1,0.0,0.3
GM,CHEVY,comerciais_leves,2004-05,1,0.0,0.3
GM,CHEVY,comerciais_leves,2004-07,2,0.0,0.3
GM,CHEVY,comerciais_leves,2004-09,1,0.0,0.3
GM,CHEVY,comerciais_leves,2004-10,1,0.0,0.3
GM,CHEVY,comerciais_leves,2005-07,1,0.0,0.3
GM,CHEVY,comerciais_leves,2005-08,1,0.0,0.3
GM,CHEVY,comerciais_leves,2005-10,1,0.0,0.3
GM,CHEVY,comerciais_leves,2005-11,2,0.0,0.3
GM,CHEVY,comerciais_leves,2005-12,2,0.0,0.3
GM,CHEVY,comerciais_leves,2006-03,1,0.0,0.3
GM,CHEVY,comerciais_leves,2006-05,1,0.0,0.3
GM,CHEVY,comerciais_leves,2006-07,2,0.0,0.3
GM,CHEVY,comerciais_leves,2006-12,1,0.0,0.3
GM,CHEVY,comerciais_leves,2007-03,1,0.0,0.3
GM,CHEVY,comerciais_leves,2007-05,1,0.0,0.3
GM,CHEVY,comerciais_leves,2008-03,1,0.0,0.3
GM,CHEVY,comerciais_leves,2008-04,1,0.0,0.3
GM,CHEVY,comerciais_leves,2008-09,1,0.0,0.3
GM,CHEVY,comerciais_leves,2008-10,1,0.0,0.3
GM,CHEVY,comerciais_leves,2008-12,1,0.0,0.3
GM,CHEVY,comerciais_leves,2009-03,1,0.0,0.3
GM,CHEVY,comerciais_leves,2009-05,2,0.0,0.3
GM,CHEVY,comerciais_leves,2009-07,2,0.0,0.3
GM,CHEVY,comerciais_leves,2009-09,1,0.0,0.3
GM,CHEVY,comerciais_leves,2009-10,1,0.0,0.3
GM,CHEVY,comerciais_leves,2009-12,1,0.0,0.3
GM,CHEVY,comerciais_leves,2010-02,39,0.0,0.3
GM,CHEVY,comerciais_leves,2010-03,62,0.0,0.3
GM,CHEVY,comerciais_leves,2010-04,15,0.0,0.3
GM,CHEVY,comerciais_leves,2010-05,124,0.0,0.3
GM,CHEVY,comerciais_leves,2010-07,130,0.0,0.3
GM,CHEVY,comerciais_leves,2010-08,180,0.0,0.3
GM,CHEVY,comerciais_leves,2010-09,152,0.0,0.3
GM,CHEVY,comerciais_leves,2010-10,99,0.0,0.3
GM,CHEVY,comerciais_leves,2010-11,78,0.0,0.3
GM,CHEVY,comerciais_leves,2010-12,99,0.0,0.3
GM,CHEVY,comerciais_leves,2011-01,78,0.0,0.3
GM,CHEVY,comerciais_leves,2011-02,102,0.0,0.3
GM,CHEVY,comerciais_leves,2011-04,95,0.0,0.3
GM,CHEVY,comerciais_leves,2011-05,100,0.0,0.3
GM,CHEVY,comerciais_leves,2011-06,104,0.0,0.3
GM,CHEVY,comerciais_leves,2011-07,100,0.0,0.3
GM,CHEVY,comerciais_leves,2011-08,117,0.0,0.3
GM,CHEVY,comerciais_leves,2011-09,99,0.0,0.3
GM,CHEVY,comerciais_leves,2011-10,82,0.0,0.3
GM,CHEVY,comerciais_leves,2011-11,85,0.0,0.3
GM,CHEVY,comerciais_leves,2011-12,74,0.0,0.3
GM,CHEVY,comerciais_leves,2012-01,78,0.0,0.3
GM,CHEVY,comerciais_leves,2012-02,80,0.0,0.3
GM,CHEVY,comerciais_leves,2012-03,102,0.0,0.3
GM,CHEVY,comerciais_leves,2012-04,83,0.0,0.3
GM,CHEVY,comerciais_leves,2012-05,103,0.0,0.3
GM,CHEVY,comerciais_leves,2012-06,85,0.0,0.3
GM,CHEVY,comerciais_leves,2012-07,90,0.0,0.3
GM,CHEVY,comerciais_leves,2012-08,71,0.0,0.3
GM,CHEVY,comerciais_leves,2012-09,52,0.0,0.3
GM,CHEVY,comerciais_leves,2012-10,60,0.0,0.3
GM,CHEVY,comerciais_leves,2012-11,46,0.0,0.3
GM,CHEVY,comerciais_leves,2012-12,45,0.0,0.3
GM,CHEVY,comerciais_leves,2013-01,31,0.0,0.3
GM,CHEVY,comerciais_leves,2013-02,24,0.0,0.3
GM,CHEVY,comerciais_leves,2013-03,33,0.0,0.3
GM,CHEVY,comerciais_leves,2013-04,27,0.0,0.3
GM,CHEVY,comerciais_leves,2013-05,26,0.0,0.3
GM,CHEVY,comerciais_leves,2013-06,39,0.0,0.3
GM,CHEVY,comerciais_leves,2013-07,22,0.0,0.3
GM,CHEVY,comerciais_leves,2013-08,10,0.0,0.3
GM,CHEVY,comerciais_leves,2013-09,3,0.0,0.3
GM,CHEVY,comerciais_leves,2013-10,9,0.0,0.3
GM,CHEVY,comerciais_leves,2013-11,1,0.0,0.3
GM,CHEVY,comerciais_leves,2013-12,2,0.0,0.3
GM,CHEVY,comerciais_leves,2014-01,1,0.0,0.3
GM,CHEVY,comerciais_leves,2014-02,1,0.0,0.3
GM,CHEVY,comerciais_leves,2014-05,1,0.0,0.3
GM,CHEVY,comerciais_leves,2014-07,6,0.0,0.3
GM,CHEVY,comerciais_leves,2015-01,1,0.0,0.3
GM,CHEVY,comerciais_leves,2017-06,1,0.0,0.3
GM,CHEVY,comerciais_leves,2021-07,1,0.0,0.3
GM,CORVETTE,automoveis,2009-02,16,0.9,17.2
GM,CORVETTE,automoveis,2009-03,102,0.9,17.2
GM,CORVETTE,automoveis,2009-04,59,0.9,17.2
GM,CORVETTE,automoveis,2009-05,6,0.9,17.2
GM,CORVETTE,automoveis,2009-06,4,0.9,17.2
GM,CORVETTE,automoveis,2009-07,7,0.9,17.2
GM,CORVETTE,automoveis,2009-08,1,0.9,17.2
GM,CORVETTE,automoveis,2009-09,2,0.9,17.2
GM,CORVETTE,automoveis,2010-01,1,0.9,17.2
GM,CORVETTE,automoveis,2010-02,1,0.9,17.2
GM,CORVETTE,automoveis,2010-08,2,0.9,17.2
GM,CORVETTE,automoveis,2012-09,5,0.9,17.2
GM,CORVETTE,automoveis,2012-10,2,0.9,17.2
GM,CORVETTE,automoveis,2012-11,2,0.9,17.2
GM,CORVETTE,automoveis,2012-12,1,0.9,17.2
GM,CORVETTE,automoveis,2013-02,62,0.9,17.2
GM,CORVETTE,automoveis,2013-04,121,0.9,17.2
GM,CORVETTE,automoveis,2013-05,32,0.9,17.2
GM,CORVETTE,automoveis,2013-06,22,0.9,17.2
GM,CORVETTE,automoveis,2013-07,11,0.9,17.2
GM,CORVETTE,automoveis,2013-08,12,0.9,17.2
GM,CORVETTE,automoveis,2013-09,4,0.9,17.2
GM,CORVETTE,automoveis,2013-10,4,0.9,17.2
GM,CORVETTE,automoveis,2013-11,4,0.9,17.2
GM,CORVETTE,automoveis,2013-12,5,0.9,17.2
GM,CORVETTE,automoveis,2014-01,75,0.9,17.2
GM,CORVETTE,automoveis,2014-02,49,0.9,17.2
GM,CORVETTE,automoveis,2014-03,65,0.9,17.2
GM,CORVETTE,automoveis,2014-04,72,0.9,17.2
GM,CORVETTE,automoveis,2014-05,47,0.9,17.2
GM,CORVETTE,automoveis,2014-06,34,0.9,17.2
GM,CORVETTE,automoveis,2014-07,38,0.9,17.2
GM,CORVETTE,automoveis,2014-08,66,0.9,17.2
GM,CORVETTE,automoveis,2014-09,36,0.9,17.2
GM,CORVETTE,automoveis,2014-10,200,0.9,17.2
GM,CORVETTE,automoveis,2014-11,86,0.9,17.2
GM,CORVETTE,automoveis,2014-12,69,0.9,17.2
GM,CORVETTE,automoveis,2015-01,63,0.9,17.2
GM,CORVETTE,automoveis,2015-02,28,0.9,17.2
GM,CORVETTE,automoveis,2015-03,59,0.9,17.2
GM,CORVETTE,automoveis,2015-04,70,0.9,17.2
GM,CORVETTE,automoveis,2015-05,49,0.9,17.2
GM,CORVETTE,automoveis,2015-06,41,0.9,17.2
GM,CORVETTE,automoveis,2015-07,44,0.9,17.2
GM,CORVETTE,automoveis,2015-08,51,0.9,17.2
GM,CORVETTE,automoveis,2015-09,69,0.9,17.2
GM,CORVETTE,automoveis,2015-10,64,0.9,17.2
GM,CORVETTE,automoveis,2015-11,48,0.9,17.2
GM,CORVETTE,automoveis,2015-12,36,0.9,17.2
GM,CORVETTE,automoveis,2016-01,66,0.9,17.2
GM,CORVETTE,automoveis,2016-02,26,0.9,17.2
GM,CORVETTE,automoveis,2016-03,32,0.9,17.2
GM,CORVETTE,automoveis,2016-04,34,0.9,17.2
GM,CORVETTE,automoveis,2016-05,33,0.9,17.2
GM,CORVETTE,automoveis,2016-06,14,0.9,17.2
GM,CORVETTE,automoveis,2016-07,31,0.9,17.2
GM,CORVETTE,automoveis,2016-08,105,0.9,17.2
GM,CORVETTE,automoveis,2016-09,128,0.9,17.2
GM,CORVETTE,automoveis,2016-10,45,0.9,17.2
GM,CORVETTE,automoveis,2016-11,21,0.9,17.2
GM,CORVETTE,automoveis,2016-12,18,0.9,17.2
GM,CORVETTE,automoveis,2017-01,19,0.9,17.2
GM,CORVETTE,automoveis,2017-02,9,0.9,17.2
GM,CORVETTE,automoveis,2017-03,7,0.9,17.2
GM,CORVETTE,automoveis,2017-04,10,0.9,17.2
GM,CORVETTE,automoveis,2017-05,1,0.9,17.2
GM,CORVETTE,automoveis,2017-06,1,0.9,17.2
GM,CORVETTE,automoveis,2017-07,1,0.9,17.2
GM,CORVETTE,automoveis,2017-09,1,0.9,17.2
GM,CORVETTE,automoveis,2017-10,1,0.9,17.2
GM,CORVETTE,automoveis,2017-12,1,0.9,17.2
GM,CORVETTE,automoveis,2018-01,24,0.9,17.2
GM,CORVETTE,automoveis,2018-02,5,0.9,17.2
GM,CORVETTE,automoveis,2018-03,1,0.9,17.2
GM,CORVETTE,automoveis,2018-04,2,0.9,17.2
GM,CORVETTE,automoveis,2018-05,3,0.9,17.2
GM,CORVETTE,automoveis,2018-06,1,0.9,17.2
GM,CORVETTE,automoveis,2018-07,1,0.9,17.2
GM,CORVETTE,automoveis,2018-08,5,0.9,17.2
GM,CORVETTE,automoveis,2018-09,3,0.9,17.2
GM,CORVETTE,automoveis,2018-11,1,0.9,17.2
GM,CORVETTE,automoveis,2018-12,1,0.9,17.2
GM,CORVETTE,automoveis,2019-02,1,0.9,17.2
GM,CORVETTE,automoveis,2019-03,1,0.9,17.2
GM,CORVETTE,automoveis,2019-07,1,0.9,17.2
GM,CORVETTE,automoveis,2019-11,1,0.9,17.2
GM,CORVETTE,automoveis,2020-01,3,0.9,17.2
GM,CORVETTE,automoveis,2020-07,1,0.9,17.2
GM,CORVETTE,automoveis,2020-08,15,0.9,17.2
GM,CORVETTE,automoveis,2020-09,13,0.9,17.2
GM,CORVETTE,automoveis,2020-10,19,0.9,17.2
GM,CORVETTE,automoveis,2020-11,20,0.9,17.2
GM,CORVETTE,automoveis,2020-12,9,0.9,17.2
GM,CORVETTE,automoveis,2021-01,6,0.9,17.2
GM,CORVETTE,automoveis,2021-02,1,0.9,17.2
GM,CORVETTE,automoveis,2021-03,3,0.9,17.2
GM,CORVETTE,automoveis,2021-05,1,0.9,17.2
GM,CORVETTE,automoveis,2021-06,1,0.9,17.2
GM,D20,comerciais_leves,2008-01,1,0.1,2.2
GM,D20,comerciais_leves,2008-06,1,0.1,2.2
GM,D20,comerciais_leves,2009-01,1,0.1,2.2
GM,D20,comerciais_leves,2009-02,1,0.1,2.2
GM,D20,comerciais_leves,2009-07,1,0.1,2.2
GM,D20,comerciais_leves,2009-08,1,0.1,2.2
GM,D20,comerciais_leves,2010-01,1,0.1,2.2
GM,D20,comerciais_leves,2010-05,3,0.1,2.2
GM,D20,comerciais_leves,2010-06,3,0.1,2.2
GM,D20,comerciais_leves,2010-07,5,0.1,2.2
GM,D20,comerciais_leves,2010-08,2,0.1,2.2
GM,D20,comerciais_leves,2010-10,12,0.1,2.2
GM,D20,comerciais_leves,2010-12,1,0.1,2.2
GM,D20,comerciais_leves,2011-01,2,0.1,2.2
GM,D20,comerciais_leves,2011-02,3,0.1,2.2
GM,D20,comerciais_leves,2011-03,3,0.1,2.2
GM,D20,comerciais_leves,2011-06,4,0.1,2.2
GM,D20,comerciais_leves,2011-07,5,0.1,2.2
GM,D20,comerciais_leves,2011-08,5,0.1,2.2
GM,D20,comerciais_leves,2011-10,1,0.1,2.2
GM,D20,comerciais_leves,2011-11,1,0.1,2.2
GM,D20,comerciais_leves,2012-01,7,0.1,2.2
GM,D20,comerciais_leves,2012-02,2,0.1,2.2
GM,D20,comerciais_leves,2012-03,11,0.1,2.2
GM,D20,comerciais_leves,2012-05,3,0.1,2.2
GM,D20,comerciais_leves,2012-06,7,0.1,2.2
GM,D20,comerciais_leves,2012-07,7,0.1,2.2
GM,D20,comerciais_leves,2012-08,2,0.1,2.2
GM,D20,comerciais_leves,2012-09,2,0.1,2.2
GM,D20,comerciais_leves,2012-11,2,0.1,2.2
GM,D20,comerciais_leves,2013-01,9,0.1,2.2
GM,D20,comerciais_leves,2013-02,16,0.1,2.2
GM,D20,comerciais_leves,2013-03,11,0.1,2.2
GM,D20,comerciais_leves,2013-04,21,0.1,2.2
GM,D20,comerciais_leves,2013-05,17,0.1,2.2
GM,D20,comerciais_leves,2013-06,15,0.1,2.2
GM,D20,comerciais_leves,2013-07,32,0.1,2.2
GM,D20,comerciais_leves,2013-08,22,0.1,2.2
GM,D20,comerciais_leves,2013-09,10,0.1,2.2
GM,D20,comerciais_leves,2013-10,24,0.1,2.2
GM,D20,comerciais_leves,2013-11,14,0.1,2.2
GM,D20,comerciais_leves,2013-12,17,0.1,2.2
GM,D20,comerciais_leves,2014-01,19,0.1,2.2
GM,D20,comerciais_leves,2014-02,13,0.1,2.2
GM,D20,comerciais_leves,2014-03,17,0.1,2.2
GM,D20,comerciais_leves,2014-04,23,0.1,2.2
GM,D20,comerciais_leves,2014-05,10,0.1,2.2
GM,D20,comerciais_leves,2014-06,3,0.1,2.2
GM,D20,comerciais_leves,2014-07,1,0.1,2.2
GM,D20,comerciais_leves,2014-08,2,0.1,2.2
GM,D20,comerciais_leves,2014-09,1,0.1,2.2
GM,D20,comerciais_leves,2014-10,1,0.1,2.2
GM,D20,comerciais_leves,2015-01,8,0.1,2.2
GM,D20,comerciais_leves,2015-02,5,0.1,2.2
GM,D20,comerciais_leves,2015-03,3,0.1,2.2
GM,D20,comerciais_leves,2015-04,8,0.1,2.2
GM,D20,comerciais_leves,2015-05,4,0.1,2.2
GM,D20,comerciais_leves,2015-07,1,0.1,2.2
GM,D20,comerciais_leves,2015-08,2,0.1,2.2
GM,D20,comerciais_leves,2015-10,1,0.1,2.2
GM,D20,comerciais_leves,2015-12,2,0.1,2.2
GM,D20,comerciais_leves,2016-01,12,0.1,2.2
GM,D20,comerciais_leves,2016-02,10,0.1,2.2
GM,D20,comerciais_leves,2016-03,9,0.1,2.2
GM,D20,comerciais_leves,2016-04,5,0.1,2.2
GM,D20,comerciais_leves,2016-05,5,0.1,2.2
GM,D20,comerciais_leves,2016-06,9,0.1,2.2
GM,D20,comerciais_leves,2016-07,6,0.1,2.2
GM,D20,comerciais_leves,2016-08,6,0.1,2.2
GM,D20,comerciais_leves,2016-09,3,0.1,2.2
GM,D20,comerciais_leves,2016-11,2,0.1,2.2
GM,D20,comerciais_leves,2017-01,3,0.1,2.2
GM,D20,comerciais_leves,2017-02,9,0.1,2.2
GM,D20,comerciais_leves,2017-03,1,0.1,2.2
GM,D20,comerciais_leves,2017-05,14,0.1,2.2
GM,D20,comerciais_leves,2017-06,1,0.1,2.2
GM,D20,comerciais_leves,2017-07,1,0.1,2.2
GM,D20,comerciais_leves,2017-08,1,0.1,2.2
GM,D20,comerciais_leves,2017-09,7,0.1,2.2
GM,D20,comerciais_leves,2017-10,6,0.1,2.2
GM,D20,comerciais_leves,2017-11,8,0.1,2.2
GM,D20,comerciais_leves,2017-12,2,0.1,2.2
GM,D20,comerciais_leves,2018-01,25,0.1,2.2
GM,D20,comerciais_leves,2018-02,18,0.1,2.2
GM,D20,comerciais_leves,2018-03,11,0.1,2.2
GM,D20,comerciais_leves,2018-04,7,0.1,2.2
GM,D20,comerciais_leves,2018-05,1,0.1,2.2
GM,D20,comerciais_leves,2018-06,4,0.1,2.2
GM,D20,comerciais_leves,2018-07,1,0.1,2.2
GM,D20,comerciais_leves,2018-08,2,0.1,2.2
GM,D20,comerciais_leves,2018-10,1,0.1,2.2
GM,D20,comerciais_leves,2018-11,1,0.1,2.2
GM,D20,comerciais_leves,2018-12,1,0.1,2.2
GM,D20,comerciais_leves,2019-04,1,0.1,2.2
GM,D20,comerciais_leves,2019-06,2,0.1,2.2
GM,D20,comerciais_leves,2019-10,1,0.1,2.2
GM,D20,comerciais_leves,2019-11,8,0.1,2.2
GM,D20,comerciais_leves,2019-12,5,0.1,2.2
GM,D20,comerciais_leves,2020-01,2,0.1,2.2
GM,D20,comerciais_leves,2020-02,1,0.1,2.2
GM,D20,comerciais_leves,2020-06,1,0.1,2.2
GM,D20,comerciais_leves,2020-11,1,0.1,2.2
GM,D20,comerciais_leves,2021-01,1,0.1,2.2
GM,D20,comerciais_leves,2021-04,18,0.1,2.2
GM,D20,comerciais_leves,2021-05,12,0.1,2.2
GM,D20,comerciais_leves,2021-06,21,0.1,2.2
GM,D20,comerciais_leves,2021-08,33,0.1,2.2
GM,D20,comerciais_leves,2021-10,23,0.1,2.2
GM,D20,comerciais_leves,2021-12,8,0.1,2.2
GM,D20,comerciais_leves,2022-01,3,0.1,2.2
GM,D20,comerciais_leves,2022-03,17,0.1,2.2
GM,D20,comerciais_leves,2022-04,21,0.1,2.2
GM,D20,comerciais_leves,2022-05,39,0.1,2.2
GM,D20,comerciais_leves,2022-06,52,0.1,2.2
GM,D20,comerciais_leves,2022-07,68,0.1,2.2
GM,D20,comerciais_leves,2022-09,55,0.1,2.2
GM,D20,comerciais_leves,2022-10,40,0.1,2.2
GM,D20,comerciais_leves,2022-11,62,0.1,2.2
GM,D20,comerciais_leves,2022-12,112,0.1,2.2
GM,D20,comerciais_leves,2023-01,107,0.1,2.2
GM,D20,comerciais_leves,2023-02,161,0.1,2.2
GM,D20,comerciais_leves,2023-03,251,0.1,2.2
GM,D20,comerciais_leves,2023-04,129,0.1,2.2
GM,D20,comerciais_leves,2023-05,227,0.1,2.2
GM,D20,comerciais_leves,2023-06,153,0.1,2.2
GM,D20,comerciais_leves,2023-07,165,0.1,2.2
GM,D20,comerciais_leves,2023-08,202,0.1,2.2
GM,D20,comerciais_leves,2023-10,168,0.1,2.2
GM,EQUINOX,automoveis,2021-01,58,22.2,443.9
GM,EQUINOX,automoveis,2021-02,43,22.2,443.9
GM,EQUINOX,automoveis,2021-03,51,22.2,443.9
GM,EQUINOX,automoveis,2021-04,59,22.2,443.9
GM,EQUINOX,automoveis,2021-05,58,22.2,443.9
GM,EQUINOX,automoveis,2021-06,48,22.2,443.9
GM,EQUINOX,automoveis,2021-07,40,22.2,443.9
GM,EQUINOX,automoveis,2022-01,71,22.2,443.9
GM,EQUINOX,automoveis,2022-02,44,22.2,443.9
GM,EQUINOX,automoveis,2022-03,24,22.2,443.9
GM,EQUINOX,automoveis,2025-07,100,22.2,443.9
GM,IMPALA,automoveis,2011-01,3,0.0,0.8
GM,IMPALA,automoveis,2011-03,5,0.0,0.8
GM,IMPALA,automoveis,2011-05,1,0.0,0.8
GM,IMPALA,automoveis,2011-06,1,0.0,0.8
GM,IMPALA,automoveis,2011-07,1,0.0,0.8
GM,IMPALA,automoveis,2011-11,1,0.0,0.8
GM,IMPALA,automoveis,2011-12,3,0.0,0.8
GM,IMPALA,automoveis,2012-01,19,0.0,0.8
GM,IMPALA,automoveis,2012-02,7,0.0,0.8
GM,IMPALA,automoveis,2012-03,15,0.0,0.8
GM,IMPALA,automoveis,2012-04,8,0.0,0.8
GM,IMPALA,automoveis,2012-05,3,0.0,0.8
GM,IMPALA,automoveis,2012-06,2,0.0,0.8
GM,IMPALA,automoveis,2012-07,4,0.0,0.8
GM,IMPALA,automoveis,2012-08,3,0.0,0.8
GM,IMPALA,automoveis,2012-09,10,0.0,0.8
GM,IMPALA,automoveis,2012-10,11,0.0,0.8
GM,IMPALA,automoveis,2012-11,9,0.0,0.8
GM,IMPALA,automoveis,2012-12,4,0.0,0.8
GM,IMPALA,automoveis,2013-01,11,0.0,0.8
GM,IMPALA,automoveis,2013-02,10,0.0,0.8
GM,IMPALA,automoveis,2013-03,14,0.0,0.8
GM,IMPALA,automoveis,2013-04,7,0.0,0.8
GM,IMPALA,automoveis,2013-05,2,0.0,0.8
GM,IMPALA,automoveis,2013-07,1,0.0,0.8
GM,IMPALA,automoveis,2013-12,2,0.0,0.8
GM,IMPALA,automoveis,2014-01,10,0.0,0.8
GM,IMPALA,automoveis,2014-02,3,0.0,0.8
GM,IMPALA,automoveis,2014-03,8,0.0,0.8
GM,IMPALA,automoveis,2014-04,12,0.0,0.8
GM,IMPALA,automoveis,2014-05,8,0.0,0.8
GM,IMPALA,automoveis,2014-06,3,0.0,0.8
GM,IMPALA,automoveis,2014-07,6,0.0,0.8
GM,IMPALA,automoveis,2014-08,9,0.0,0.8
GM,IMPALA,automoveis,2014-09,9,0.0,0.8
GM,IMPALA,automoveis,2014-10,5,0.0,0.8
GM,IMPALA,automoveis,2014-11,9,0.0,0.8
GM,IMPALA,automoveis,2014-12,14,0.0,0.8
GM,IMPALA,automoveis,2015-01,24,0.0,0.8
GM,IMPALA,automoveis,2015-02,15,0.0,0.8
GM,IMPALA,automoveis,2015-03,29,0.0,0.8
GM,IMPALA,automoveis,2015-04,35,0.0,0.8
GM,IMPALA,automoveis,2015-05,25,0.0,0.8
GM,IMPALA,automoveis,2015-06,13,0.0,0.8
GM,IMPALA,automoveis,2015-07,8,0.0,0.8
GM,IMPALA,automoveis,2015-08,8,0.0,0.8
GM,IMPALA,automoveis,2015-09,2,0.0,0.8
GM,IMPALA,automoveis,2015-10,6,0.0,0.8
GM,IMPALA,automoveis,2015-11,3,0.0,0.8
GM,IMPALA,automoveis,2015-12,3,0.0,0.8
GM,IMPALA,automoveis,2016-01,15,0.0,0.8
GM,IMPALA,automoveis,2016-02,9,0.0,0.8
GM,IMPALA,automoveis,2016-03,10,0.0,0.8
GM,IMPALA,automoveis,2016-04,6,0.0,0.8
GM,IMPALA,automoveis,2016-05,2,0.0,0.8
GM,IMPALA,automoveis,2016-06,7,0.0,0.8
GM,IMPALA,automoveis,2016-07,5,0.0,0.8
GM,IMPALA,automoveis,2016-08,10,0.0,0.8
GM,IMPALA,automoveis,2016-09,9,0.0,0.8
GM,IMPALA,automoveis,2016-10,6,0.0,0.8
GM,IMPALA,automoveis,2016-11,1,0.0,0.8
GM,IMPALA,automoveis,2016-12,4,0.0,0.8
GM,IMPALA,automoveis,2017-01,9,0.0,0.8
GM,IMPALA,automoveis,2017-02,6,0.0,0.8
GM,IMPALA,automoveis,2017-03,4,0.0,0.8
GM,IMPALA,automoveis,2017-04,4,0.0,0.8
GM,IMPALA,automoveis,2017-05,1,0.0,0.8
GM,IMPALA,automoveis,2017-06,6,0.0,0.8
GM,IMPALA,automoveis,2017-07,5,0.0,0.8
GM,IMPALA,automoveis,2017-08,8,0.0,0.8
GM,IMPALA,automoveis,2017-09,5,0.0,0.8
GM,IMPALA,automoveis,2017-10,6,0.0,0.8
GM,IMPALA,automoveis,2017-11,1,0.0,0.8
GM,IMPALA,automoveis,2017-12,1,0.0,0.8
GM,IMPALA,automoveis,2018-01,9,0.0,0.8
GM,IMPALA,automoveis,2018-02,8,0.0,0.8
GM,IMPALA,automoveis,2018-03,4,0.0,0.8
GM,IMPALA,automoveis,2018-04,6,0.0,0.8
GM,IMPALA,automoveis,2018-05,6,0.0,0.8
GM,IMPALA,automoveis,2018-06,6,0.0,0.8
GM,IMPALA,automoveis,2018-07,4,0.0,0.8
GM,IMPALA,automoveis,2018-08,1,0.0,0.8
GM,IMPALA,automoveis,2018-10,1,0.0,0.8
GM,IMPALA,automoveis,2018-12,2,0.0,0.8
GM,IMPALA,automoveis,2019-03,1,0.0,0.8
GM,IMPALA,automoveis,2019-11,1,0.0,0.8
GM,IMPALA,automoveis,2019-12,1,0.0,0.8
GM,IMPALA,automoveis,2020-02,1,0.0,0.8
GM,IMPALA,automoveis,2020-09,1,0.0,0.8
GM,KADETT,automoveis,2006-01,1,0.2,5.0
GM,KADETT,automoveis,2018-01,314,0.2,5.0
GM,KADETT,automoveis,2018-02,12,0.2,5.0
GM,KADETT,automoveis,2018-03,28,0.2,5.0
GM,KADETT,automoveis,2018-04,5,0.2,5.0
GM,KADETT,automoveis,2018-06,101,0.2,5.0
GM,KADETT,automoveis,2018-07,122,0.2,5.0
GM,KADETT,automoveis,2018-08,173,0.2,5.0
GM,KADETT,automoveis,2018-09,132,0.2,5.0
GM,KADETT,automoveis,2018-10,148,0.2,5.0
GM,KADETT,automoveis,2018-11,139,0.2,5.0
GM,KADETT,automoveis,2018-12,153,0.2,5.0
GM,KADETT,automoveis,2019-01,119,0.2,5.0
GM,KADETT,automoveis,2019-02,346,0.2,5.0
GM,KADETT,automoveis,2019-03,300,0.2,5.0
GM,KADETT,automoveis,2019-04,262,0.2,5.0
GM,KADETT,automoveis,2019-05,284,0.2,5.0
GM,KADETT,automoveis,2019-06,232,0.2,5.0
GM,KADETT,automoveis,2019-07,211,0.2,5.0
GM,KADETT,automoveis,2019-08,155,0.2,5.0
GM,KADETT,automoveis,2019-09,153,0.2,5.0
GM,KADETT,automoveis,2019-10,142,0.2,5.0
GM,KADETT,automoveis,2019-11,72,0.2,5.0
GM,KADETT,automoveis,2019-12,25,0.2,5.0
GM,KADETT,automoveis,2020-01,72,0.2,5.0
GM,KADETT,automoveis,2020-02,78,0.2,5.0
GM,KADETT,automoveis,2020-03,81,0.2,5.0
GM,KADETT,automoveis,2020-04,15,0.2,5.0
GM,KADETT,automoveis,2020-05,24,0.2,5.0
GM,KADETT,automoveis,2020-06,67,0.2,5.0
GM,MALIBU,automoveis,2012-04,15,10.3,206.5
GM,MALIBU,automoveis,2012-05,22,10.3,206.5
GM,MALIBU,automoveis,2013-01,17,10.3,206.5
GM,MALIBU,automoveis,2013-02,14,10.3,206.5
GM,MALIBU,automoveis,2013-03,18,10.3,206.5
GM,MALIBU,automoveis,2013-07,13,10.3,206.5
GM,MALIBU,automoveis,2013-08,13,10.3,206.5
GM,MALIBU,automoveis,2013-11,12,10.3,206.5
GM,MONZA,automoveis,2010-08,26,0.1,2.5
GM,MONZA,automoveis,2010-09,221,0.1,2.5
GM,MONZA,automoveis,2010-10,266,0.1,2.5
GM,MONZA,automoveis,2010-11,270,0.1,2.5
GM,MONZA,automoveis,2010-12,342,0.1,2.5
GM,MONZA,automoveis,2011-01,181,0.1,2.5
GM,MONZA,automoveis,2011-02,301,0.1,2.5
GM,MONZA,automoveis,2011-03,387,0.1,2.5
GM,MONZA,automoveis,2011-04,323,0.1,2.5
GM,MONZA,automoveis,2011-05,694,0.1,2.5
GM,MONZA,automoveis,2011-06,585,0.1,2.5
GM,MONZA,automoveis,2011-07,475,0.1,2.5
GM,MONZA,automoveis,2011-08,637,0.1,2.5
GM,MONZA,automoveis,2011-09,528,0.1,2.5
GM,MONZA,automoveis,2011-10,293,0.1,2.5
GM,MONZA,automoveis,2011-11,299,0.1,2.5
GM,MONZA,automoveis,2011-12,517,0.1,2.5
GM,MONZA,automoveis,2012-01,495,0.1,2.5
GM,MONZA,automoveis,2012-02,498,0.1,2.5
GM,MONZA,automoveis,2012-03,683,0.1,2.5
GM,MONZA,automoveis,2012-04,552,0.1,2.5
GM,MONZA,automoveis,2012-05,510,0.1,2.5
GM,MONZA,automoveis,2012-06,496,0.1,2.5
GM,MONZA,automoveis,2012-07,394,0.1,2.5
GM,MONZA,automoveis,2012-08,360,0.1,2.5
GM,MONZA,automoveis,2012-09,593,0.1,2.5
GM,MONZA,automoveis,2012-10,564,0.1,2.5
GM,MONZA,automoveis,2012-11,650,0.1,2.5
GM,MONZA,automoveis,2012-12,972,0.1,2.5
GM,MONZA,automoveis,2013-01,672,0.1,2.5
GM,MONZA,automoveis,2013-02,284,0.1,2.5
GM,MONZA,automoveis,2013-03,172,0.1,2.5
GM,MONZA,automoveis,2013-04,111,0.1,2.5
GM,MONZA,automoveis,2013-05,137,0.1,2.5
GM,MONZA,automoveis,2013-06,345,0.1,2.5
GM,MONZA,automoveis,2013-07,236,0.1,2.5
GM,MONZA,automoveis,2013-08,183,0.1,2.5
GM,MONZA,automoveis,2013-09,254,0.1,2.5
GM,MONZA,automoveis,2013-10,235,0.1,2.5
GM,MONZA,automoveis,2013-11,226,0.1,2.5
GM,MONZA,automoveis,2013-12,249,0.1,2.5
GM,MONZA,automoveis,2014-01,249,0.1,2.5
GM,MONZA,automoveis,2014-02,207,0.1,2.5
GM,MONZA,automoveis,2014-03,131,0.1,2.5
GM,MONZA,automoveis,2014-04,175,0.1,2.5
GM,MONZA,automoveis,2014-05,189,0.1,2.5
GM,MONZA,automoveis,2014-06,135,0.1,2.5
GM,MONZA,automoveis,2014-07,152,0.1,2.5
GM,MONZA,automoveis,2014-08,114,0.1,2.5
GM,MONZA,automoveis,2014-09,29,0.1,2.5
GM,MONZA,automoveis,2014-10,29,0.1,2.5
GM,MONZA,automoveis,2014-11,16,0.1,2.5
GM,MONZA,automoveis,2014-12,9,0.1,2.5
GM,MONZA,automoveis,2015-01,72,0.1,2.5
GM,MONZA,automoveis,2015-02,90,0.1,2.5
GM,MONZA,automoveis,2015-03,96,0.1,2.5
GM,MONZA,automoveis,2015-04,77,0.1,2.5
GM,MONZA,automoveis,2015-05,35,0.1,2.5
GM,MONZA,automoveis,2015-06,26,0.1,2.5
GM,MONZA,automoveis,2015-07,20,0.1,2.5
GM,MONZA,automoveis,2015-08,8,0.1,2.5
GM,MONZA,automoveis,2015-09,10,0.1,2.5
GM,MONZA,automoveis,2015-10,3,0.1,2.5
GM,MONZA,automoveis,2015-11,5,0.1,2.5
GM,MONZA,automoveis,2015-12,4,0.1,2.5
GM,MONZA,automoveis,2016-01,1,0.1,2.5
GM,MONZA,automoveis,2016-03,1,0.1,2.5
GM,MONZA,automoveis,2016-05,1,0.1,2.5
GM,MONZA,automoveis,2017-04,1,0.1,2.5
GM,MONZA,automoveis,2017-12,1,0.1,2.5
GM,MONZA,automoveis,2018-01,1,0.1,2.5
GM,MONZA,automoveis,2018-02,1,0.1,2.5
GM,MONZA,automoveis,2018-04,1,0.1,2.5
GM,MONZA,automoveis,2018-05,11,0.1,2.5
GM,MONZA,automoveis,2018-06,4,0.1,2.5
GM,MONZA,automoveis,2018-07,23,0.1,2.5
GM,MONZA,automoveis,2018-08,18,0.1,2.5
GM,MONZA,automoveis,2018-09,8,0.1,2.5
GM,MONZA,automoveis,2018-10,8,0.1,2.5
GM,MONZA,automoveis,2018-11,5,0.1,2.5
GM,MONZA,automoveis,2018-12,1,0.1,2.5
GM,MONZA,automoveis,2019-01,9,0.1,2.5
GM,MONZA,automoveis,2019-02,7,0.1,2.5
GM,MONZA,automoveis,2019-03,8,0.1,2.5
GM,MONZA,automoveis,2019-04,2,0.1,2.5
GM,MONZA,automoveis,2019-05,3,0.1,2.5
GM,MONZA,automoveis,2019-06,2,0.1,2.5
GM,MONZA,automoveis,2019-07,4,0.1,2.5
GM,MONZA,automoveis,2019-08,2,0.1,2.5
GM,MONZA,automoveis,2019-09,301,0.1,2.5
GM,MONZA,automoveis,2019-10,210,0.1,2.5
GM,MONZA,automoveis,2019-11,202,0.1,2.5
GM,MONZA,automoveis,2019-12,189,0.1,2.5
GM,MONZA,automoveis,2020-01,127,0.1,2.5
GM,MONZA,automoveis,2020-02,123,0.1,2.5
GM,MONZA,automoveis,2020-03,18,0.1,2.5
GM,MONZA,automoveis,2020-04,4,0.1,2.5
GM,MONZA,automoveis,2020-05,4,0.1,2.5
GM,MONZA,automoveis,2020-06,18,0.1,2.5
GM,MONZA,automoveis,2020-07,23,0.1,2.5
GM,MONZA,automoveis,2020-08,20,0.1,2.5
GM,MONZA,automoveis,2020-09,13,0.1,2.5
GM,MONZA,automoveis,2020-10,12,0.1,2.5
GM,MONZA,automoveis,2020-11,105,0.1,2.5
GM,MONZA,automoveis,2020-12,173,0.1,2.5
GM,MONZA,automoveis,2021-01,116,0.1,2.5
GM,MONZA,automoveis,2021-02,68,0.1,2.5
GM,MONZA,automoveis,2021-03,67,0.1,2.5
GM,MONZA,automoveis,2021-04,52,0.1,2.5
GM,MONZA,automoveis,2021-05,48,0.1,2.5
GM,MONZA,automoveis,2021-06,32,0.1,2.5
GM,MONZA,automoveis,2021-07,17,0.1,2.5
GM,MONZA,automoveis,2021-08,10,0.1,2.5
GM,MONZA,automoveis,2021-09,13,0.1,2.5
GM,MONZA,automoveis,2021-10,7,0.1,2.5
GM,MONZA,automoveis,2021-11,6,0.1,2.5
GM,MONZA,automoveis,2021-12,2,0.1,2.5
GM,MONZA,automoveis,2022-01,2,0.1,2.5
GM,MONZA,automoveis,2022-02,4,0.1,2.5
GM,MONZA,automoveis,2022-03,11,0.1,2.5
GM,MONZA,automoveis,2022-05,5,0.1,2.5
GM,MONZA,automoveis,2022-06,1,0.1,2.5
GM,MONZA,automoveis,2022-07,1,0.1,2.5
GM,MONZA,automoveis,2022-09,2,0.1,2.5
GM,MONZA,automoveis,2022-11,2,0.1,2.5
GM,MONZA,automoveis,2023-01,1,0.1,2.5
GM,MONZA,automoveis,2023-02,1,0.1,2.5
GM,MONZA,automoveis,2023-03,4,0.1,2.5
GM,MONZA,automoveis,2023-04,1,0.1,2.5
GM,MONZA,automoveis,2023-06,1,0.1,2.5
GM,MONZA,automoveis,2023-07,2,0.1,2.5
GM,MONZA,automoveis,2023-08,2,0.1,2.5
GM,MONZA,automoveis,2024-01,1,0.1,2.5
GM,MONZA,automoveis,2024-06,1,0.1,2.5
GM,MONZA,automoveis,2024-08,2,0.1,2.5
GM,MONZA,automoveis,2024-12,1,0.1,2.5
GM,MONZA,automoveis,2025-02,3,0.1,2.5
GM,MONZA,automoveis,2025-08,2,0.1,2.5
GM,MONZA,automoveis,2025-10,1,0.1,2.5
GM,MONZA,automoveis,2026-02,1,0.1,2.5
GM,OMEGA,automoveis,2010-01,11,4.0,79.7
GM,OMEGA,automoveis,2010-02,8,4.0,79.7
GM,OMEGA,automoveis,2010-03,11,4.0,79.7
GM,OMEGA,automoveis,2010-04,11,4.0,79.7
GM,OMEGA,automoveis,2010-05,6,4.0,79.7
GM,OMEGA,automoveis,2010-06,8,4.0,79.7
GM,OMEGA,automoveis,2010-07,9,4.0,79.7
GM,OMEGA,automoveis,2010-08,35,4.0,79.7
GM,OMEGA,automoveis,2010-09,15,4.0,79.7
GM,OMEGA,automoveis,2010-10,11,4.0,79.7
GM,OMEGA,automoveis,2010-11,4,4.0,79.7
GM,SILVERADO,comerciais_leves,2010-10,12,6.2,124.1
GM,SILVERADO,comerciais_leves,2012-03,11,6.2,124.1
GM,SILVERADO,comerciais_leves,2012-04,13,6.2,124.1
GM,SILVERADO,comerciais_leves,2012-06,7,6.2,124.1
GM,SILVERADO,comerciais_leves,2012-07,7,6.2,124.1
GM,SILVERADO,comerciais_leves,2013-01,9,6.2,124.1
GM,SILVERADO,comerciais_leves,2013-02,16,6.2,124.1
GM,SILVERADO,comerciais_leves,2013-03,11,6.2,124.1
GM,SILVERADO,comerciais_leves,2013-04,21,6.2,124.1
GM,SILVERADO,comerciais_leves,2013-05,17,6.2,124.1
GM,SILVERADO,comerciais_leves,2013-06,15,6.2,124.1
GM,SILVERADO,comerciais_leves,2013-07,32,6.2,124.1
GM,SILVERADO,comerciais_leves,2013-08,22,6.2,124.1
GM,SILVERADO,comerciais_leves,2013-09,10,6.2,124.1
GM,SILVERADO,comerciais_leves,2013-10,24,6.2,124.1
GM,SILVERADO,comerciais_leves,2013-11,14,6.2,124.1
GM,SILVERADO,comerciais_leves,2013-12,17,6.2,124.1
GM,SILVERADO,comerciais_leves,2014-01,19,6.2,124.1
GM,SILVERADO,comerciais_leves,2014-02,13,6.2,124.1
GM,SILVERADO,comerciais_leves,2014-03,17,6.2,124.1
GM,SILVERADO,comerciais_leves,2014-04,23,6.2,124.1
GM,SILVERADO,comerciais_leves,2014-05,10,6.2,124.1
GM,SILVERADO,comerciais_leves,2015-01,8,6.2,124.1
GM,SILVERADO,comerciais_leves,2015-04,8,6.2,124.1
GM,SILVERADO,comerciais_leves,2016-01,12,6.2,124.1
GM,SILVERADO,comerciais_leves,2016-02,10,6.2,124.1
GM,SILVERADO,comerciais_leves,2016-03,9,6.2,124.1
GM,SILVERADO,comerciais_leves,2016-06,9,6.2,124.1
GM,SILVERADO,comerciais_leves,2016-10,10,6.2,124.1
GM,SILVERADO,comerciais_leves,2017-02,9,6.2,124.1
GM,SILVERADO,comerciais_leves,2017-05,14,6.2,124.1
GM,SILVERADO,comerciais_leves,2017-09,7,6.2,124.1
GM,SILVERADO,comerciais_leves,2017-11,8,6.2,124.1
GM,SILVERADO,comerciais_leves,2018-01,25,6.2,124.1
GM,SILVERADO,comerciais_leves,2018-02,18,6.2,124.1
GM,SILVERADO,comerciais_leves,2018-03,11,6.2,124.1
GM,SILVERADO,comerciais_leves,2019-11,8,6.2,124.1
GM,SILVERADO,comerciais_leves,2021-04,18,6.2,124.1
GM,SILVERADO,comerciais_leves,2021-05,12,6.2,124.1
GM,SILVERADO,comerciais_leves,2021-06,21,6.2,124.1
GM,SILVERADO,comerciais_leves,2021-09,25,6.2,124.1
GM,SILVERADO,comerciais_leves,2022-02,12,6.2,124.1
GM,SILVERADO,comerciais_leves,2022-04,21,6.2,124.1
GM,SILVERADO,comerciais_leves,2023-02,161,6.2,124.1
GM,SILVERADO,comerciais_leves,2023-04,129,6.2,124.1
GM,SILVERADO,comerciais_leves,2023-05,227,6.2,124.1
GM,SILVERADO,comerciais_leves,2023-10,168,6.2,124.1
GM,SILVERADO,comerciais_leves,2023-11,117,6.2,124.1
GM,SONIC,automoveis,2018-01,314,45.4,907.3
GM,SONIC,automoveis,2018-06,101,45.4,907.3
GM,SONIC,automoveis,2018-07,122,45.4,907.3
GM,SONIC,automoveis,2018-08,173,45.4,907.3
GM,SONIC,automoveis,2018-09,132,45.4,907.3
GM,SONIC,automoveis,2018-10,148,45.4,907.3
GM,SONIC,automoveis,2018-11,139,45.4,907.3
GM,SONIC,automoveis,2018-12,153,45.4,907.3
GM,SONIC,automoveis,2019-01,119,45.4,907.3
GM,SONIC,automoveis,2019-02,346,45.4,907.3
GM,SONIC,automoveis,2019-03,300,45.4,907.3
GM,SONIC,automoveis,2019-04,262,45.4,907.3
GM,SONIC,automoveis,2019-05,284,45.4,907.3
GM,SONIC,automoveis,2019-06,232,45.4,907.3
GM,SONIC,automoveis,2019-07,211,45.4,907.3
GM,SONIC,automoveis,2019-08,155,45.4,907.3
GM,SONIC,automoveis,2019-09,153,45.4,907.3
GM,SONIC,automoveis,2019-10,142,45.4,907.3
GM,SONIC,automoveis,2019-11,72,45.4,907.3
GM,SONIC,automoveis,2020-01,72,45.4,907.3
GM,SONIC,automoveis,2020-02,78,45.4,907.3
GM,SONIC,automoveis,2020-03,81,45.4,907.3
GM,SONIC,automoveis,2020-06,67,45.4,907.3
GM,SONIC,automoveis,2020-07,83,45.4,907.3
GM,SONIC,automoveis,2020-08,86,45.4,907.3
GM,SONIC,automoveis,2020-09,83,45.4,907.3
GM,SONIC,automoveis,2020-10,75,45.4,907.3
GM,SONIC,automoveis,2020-11,58,45.4,907.3
GM,SONIC,automoveis,2022-09,49,45.4,907.3
GM,SONIC,automoveis,2023-12,66,45.4,907.3
GM,SONIC,automoveis,2024-01,111,45.4,907.3
GM,SONIC,automoveis,2024-02,140,45.4,907.3
GM,SONIC,automoveis,2024-03,396,45.4,907.3
GM,SONIC,automoveis,2024-04,365,45.4,907.3
GM,SONIC,automoveis,2024-05,280,45.4,907.3
GM,SONIC,automoveis,2024-06,217,45.4,907.3
GM,SONIC,automoveis,2024-07,398,45.4,907.3
GM,SONIC,automoveis,2024-08,382,45.4,907.3
GM,SONIC,automoveis,2024-09,307,45.4,907.3
GM,SONIC,automoveis,2024-10,498,45.4,907.3
GM,SONIC,automoveis,2024-11,390,45.4,907.3
GM,SONIC,automoveis,2024-12,326,45.4,907.3
GM,SONIC,automoveis,2025-01,111,45.4,907.3
GM,SONIC,automoveis,2025-03,70,45.4,907.3
GM,SONIC,automoveis,2025-04,57,45.4,907.3
GM,SONIC,automoveis,2025-05,58,45.4,907.3
GM,SONIC,automoveis,2025-06,66,45.4,907.3
GM,SONIC,automoveis,2026-01,64,45.4,907.3
GM,SONIC,automoveis,2026-02,69,45.4,907.3
GM,SONIC,automoveis,2026-03,128,45.4,907.3
GM,SONIC,automoveis,2026-04,143,45.4,907.3
GM,SUBURBAN,automoveis,2007-01,1,0.1,1.0
GM,TRAILBLAZER,automoveis,2024-01,96,16.9,338.9
GM,TRAILBLAZER,automoveis,2024-02,62,16.9,338.9
GM,TRAILBLAZER,automoveis,2025-01,132,16.9,338.9
GM,TRAILBLAZER,automoveis,2025-02,124,16.9,338.9
GM,VECTRA HATCH,automoveis,2009-02,812,59.4,1187.2
GM,VECTRA HATCH,automoveis,2010-01,972,59.4,1187.2
HAFEI,MINIVAN,comerciais_leves,2013-11,63,8.1,161.0
HAFEI,ZHONGYI VAN,comerciais_leves,2012-02,305,4.2,84.7
HAFEI,ZHONGYI VAN,comerciais_leves,2012-06,283,4.2,84.7
HAFEI,ZHONGYI VAN,comerciais_leves,2012-10,153,4.2,84.7
HAFEI,ZHONGYI VAN,comerciais_leves,2012-11,143,4.2,84.7
HAFEI,ZHONGYI VAN,comerciais_leves,2012-12,115,4.2,84.7
HAFEI,ZHONGYI VAN,comerciais_leves,2013-03,139,4.2,84.7
HAFEI,ZHONGYI VAN,comerciais_leves,2013-06,133,4.2,84.7
HAFEI,ZHONGYI VAN,comerciais_leves,2013-08,82,4.2,84.7
HAFEI,ZHONGYI VAN,comerciais_leves,2013-09,85,4.2,84.7
HAFEI,ZHONGYI VAN,comerciais_leves,2013-10,64,4.2,84.7
HAFEI,ZHONGYI VAN,comerciais_leves,2013-12,55,4.2,84.7
HAFEI,ZHONGYI VAN,comerciais_leves,2014-03,11,4.2,84.7
HAFEI,ZHONGYI VAN,comerciais_leves,2014-04,29,4.2,84.7
HAFEI,ZHONGYI VAN,comerciais_leves,2014-05,38,4.2,84.7
HAFEI,ZHONGYI VAN,comerciais_leves,2014-06,39,4.2,84.7
HAFEI,ZHONGYI VAN,comerciais_leves,2014-07,24,4.2,84.7
HAFEI,ZHONGYI VAN,comerciais_leves,2014-08,28,4.2,84.7
HAFEI,ZHONGYI VAN,comerciais_leves,2014-11,24,4.2,84.7
HAFEI,ZHONGYI VAN,comerciais_leves,2015-01,30,4.2,84.7
HAFEI,ZHONGYI VAN,comerciais_leves,2015-02,39,4.2,84.7
HAFEI,ZHONGYI VAN,comerciais_leves,2015-03,16,4.2,84.7
HAFEI,ZHONGYI VAN,comerciais_leves,2015-04,95,4.2,84.7
HAFEI,ZHONGYI VAN,comerciais_leves,2015-07,27,4.2,84.7
HAFEI,ZHONGYI VAN,comerciais_leves,2015-08,55,4.2,84.7
HAFEI,ZHONGYI VAN,comerciais_leves,2015-09,91,4.2,84.7
HONDA,ACCORD,automoveis,2010-01,11,9.9,197.2
HONDA,ACCORD,automoveis,2010-03,11,9.9,197.2
HONDA,ACCORD,automoveis,2011-05,40,9.9,197.2
HONDA,ACCORD,automoveis,2011-06,39,9.9,197.2
HONDA,ACCORD,automoveis,2011-07,33,9.9,197.2
HONDA,ACCORD,automoveis,2011-08,15,9.9,197.2
HONDA,ACCORD,automoveis,2011-11,11,9.9,197.2
HONDA,ACCORD,automoveis,2011-12,41,9.9,197.2
HONDA,ACCORD,automoveis,2012-01,28,9.9,197.2
HONDA,ACCORD,automoveis,2012-02,17,9.9,197.2
HONDA,ACCORD,automoveis,2012-03,16,9.9,197.2
HONDA,ACCORD,automoveis,2012-04,15,9.9,197.2
HONDA,ACCORD,automoveis,2012-05,22,9.9,197.2
HONDA,ACCORD,automoveis,2013-01,17,9.9,197.2
HONDA,ACCORD,automoveis,2013-02,14,9.9,197.2
HONDA,ACCORD,automoveis,2013-03,18,9.9,197.2
HONDA,ACCORD,automoveis,2013-06,10,9.9,197.2
HONDA,ACCORD,automoveis,2013-07,13,9.9,197.2
HONDA,ACCORD,automoveis,2013-08,13,9.9,197.2
HONDA,ACCORD,automoveis,2013-11,12,9.9,197.2
HONDA,ACCORD,automoveis,2014-01,19,9.9,197.2
HONDA,ACCORD,automoveis,2014-02,12,9.9,197.2
HONDA,ACCORD,automoveis,2015-01,13,9.9,197.2
HONDA,ACCORD,automoveis,2015-02,10,9.9,197.2
HONDA,ACCORD,automoveis,2015-03,27,9.9,197.2
HONDA,ACCORD,automoveis,2015-04,29,9.9,197.2
HONDA,ACCORD,automoveis,2015-05,18,9.9,197.2
HONDA,ACCORD,automoveis,2015-07,18,9.9,197.2
HONDA,ACCORD,automoveis,2015-09,11,9.9,197.2
HONDA,ACCORD,automoveis,2015-12,12,9.9,197.2
HONDA,ACCORD,automoveis,2016-01,14,9.9,197.2
HONDA,ACCORD,automoveis,2017-06,10,9.9,197.2
HONDA,ACCORD,automoveis,2017-07,13,9.9,197.2
HONDA,ACCORD,automoveis,2018-01,15,9.9,197.2
HONDA,ACCORD,automoveis,2018-03,14,9.9,197.2
HONDA,ACCORD,automoveis,2018-04,11,9.9,197.2
HONDA,ACCORD,automoveis,2018-05,10,9.9,197.2
HONDA,CRV,automoveis,2018-11,84,82.8,1656.8
HONDA,CRV,automoveis,2018-12,89,82.8,1656.8
HONDA,WR-V,automoveis,2024-04,121,119.7,2393.6
HONDA,WR-V,automoveis,2024-08,124,119.7,2393.6
HONDA,WR-V,automoveis,2025-01,132,119.7,2393.6
HONDA,WR-V,automoveis,2025-02,124,119.7,2393.6
HUMMER,HUMMER,automoveis,2006-01,1,0.1,2.3
HUMMER,HUMMER,automoveis,2007-01,1,0.1,2.3
HYUNDAI,H100,comerciais_leves,2006-09,90,5.5,110.0
HYUNDAI,H100,comerciais_leves,2006-10,120,5.5,110.0
HYUNDAI,H100,comerciais_leves,2006-12,66,5.5,110.0
HYUNDAI,H100,comerciais_leves,2007-02,89,5.5,110.0
HYUNDAI,H100,comerciais_leves,2007-03,103,5.5,110.0
HYUNDAI,H100,comerciais_leves,2007-05,74,5.5,110.0
HYUNDAI,H100,comerciais_leves,2007-07,91,5.5,110.0
HYUNDAI,H100,comerciais_leves,2007-08,141,5.5,110.0
HYUNDAI,H100,comerciais_leves,2007-09,112,5.5,110.0
HYUNDAI,H100,comerciais_leves,2008-02,136,5.5,110.0
HYUNDAI,H100,comerciais_leves,2008-03,214,5.5,110.0
HYUNDAI,H100,comerciais_leves,2008-04,197,5.5,110.0
HYUNDAI,H100,comerciais_leves,2008-05,170,5.5,110.0
HYUNDAI,H100,comerciais_leves,2008-06,190,5.5,110.0
HYUNDAI,H100,comerciais_leves,2008-07,190,5.5,110.0
HYUNDAI,H100,comerciais_leves,2008-08,185,5.5,110.0
HYUNDAI,HR,comerciais_leves,2023-02,112,62.0,1239.9
HYUNDAI,HR,comerciais_leves,2023-03,154,62.0,1239.9
HYUNDAI,I30,automoveis,2013-04,876,164.2,3284.7
HYUNDAI,I30,automoveis,2013-05,742,164.2,3284.7
HYUNDAI,I30,automoveis,2013-06,637,164.2,3284.7
HYUNDAI,I30,automoveis,2013-07,746,164.2,3284.7
HYUNDAI,I30,automoveis,2013-08,659,164.2,3284.7
HYUNDAI,I30,automoveis,2013-09,741,164.2,3284.7
HYUNDAI,I30,automoveis,2013-10,667,164.2,3284.7
HYUNDAI,I30,automoveis,2013-11,500,164.2,3284.7
HYUNDAI,I30,automoveis,2013-12,796,164.2,3284.7
HYUNDAI,I30,automoveis,2014-01,528,164.2,3284.7
HYUNDAI,I30,automoveis,2015-08,224,164.2,3284.7
HYUNDAI,I30,automoveis,2015-09,192,164.2,3284.7
IVECO,DAILY,comerciais_leves,2005-02,30,12.1,242.8
IVECO,DAILY,comerciais_leves,2005-04,100,12.1,242.8
IVECO,DAILY,comerciais_leves,2005-05,46,12.1,242.8
IVECO,DAILY,comerciais_leves,2016-04,55,12.1,242.8
IVECO,DAILY,comerciais_leves,2017-03,55,12.1,242.8
IVECO,DAILY,comerciais_leves,2021-06,165,12.1,242.8
IVECO,DAILY,comerciais_leves,2021-08,208,12.1,242.8
IVECO,DAILY 3514,comerciais_leves,2008-03,214,21.9,437.4
IVECO,DAILY 35S14,comerciais_leves,2008-04,197,7.9,157.2
IVECO,DAILY 35S14,comerciais_leves,2008-05,170,7.9,157.2
IVECO,DAILY 35S14,comerciais_leves,2008-06,190,7.9,157.2
IVECO,DAILY 35S14,comerciais_leves,2008-07,190,7.9,157.2
IVECO,DAILY 35S14,comerciais_leves,2008-08,185,7.9,157.2
IVECO,DAILY 35S14,comerciais_leves,2008-09,194,7.9,157.2
IVECO,DAILY 35S14,comerciais_leves,2008-10,178,7.9,157.2
IVECO,DAILY 35S14,comerciais_leves,2008-11,170,7.9,157.2
IVECO,DAILY 35S14,comerciais_leves,2008-12,155,7.9,157.2
IVECO,DAILY 35S14,comerciais_leves,2009-01,121,7.9,157.2
IVECO,DAILY 35S14,comerciais_leves,2009-02,155,7.9,157.2
IVECO,DAILY 35S14,comerciais_leves,2009-03,143,7.9,157.2
IVECO,DAILY 35S14,comerciais_leves,2009-04,108,7.9,157.2
IVECO,DAILY 35S14,comerciais_leves,2009-05,148,7.9,157.2
IVECO,DAILY 35S14,comerciais_leves,2009-06,122,7.9,157.2
IVECO,DAILY 35S14,comerciais_leves,2009-07,174,7.9,157.2
IVECO,DAILY 35S14,comerciais_leves,2009-08,156,7.9,157.2
IVECO,DAILY 35S14,comerciais_leves,2009-09,130,7.9,157.2
IVECO,DAILY 35S14,comerciais_leves,2009-10,161,7.9,157.2
IVECO,DAILY 35S14,comerciais_leves,2009-11,177,7.9,157.2
IVECO,DAILY 35S14,comerciais_leves,2009-12,184,7.9,157.2
IVECO,DAILY 35S14,comerciais_leves,2010-01,223,7.9,157.2
IVECO,DAILY 35S14,comerciais_leves,2010-02,182,7.9,157.2
IVECO,DAILY 35S14,comerciais_leves,2010-03,249,7.9,157.2
IVECO,DAILY 35S14,comerciais_leves,2010-04,252,7.9,157.2
IVECO,DAILY 35S14,comerciais_leves,2010-05,215,7.9,157.2
IVECO,DAILY 35S14,comerciais_leves,2010-06,222,7.9,157.2
IVECO,DAILY 35S14,comerciais_leves,2010-07,219,7.9,157.2
IVECO,DAILY 35S14,comerciais_leves,2010-08,311,7.9,157.2
IVECO,DAILY 35S14,comerciais_leves,2010-09,270,7.9,157.2
IVECO,DAILY 35S14,comerciais_leves,2010-10,302,7.9,157.2
IVECO,DAILY 35S14,comerciais_leves,2010-11,271,7.9,157.2
IVECO,DAILY 35S14,comerciais_leves,2010-12,292,7.9,157.2
IVECO,DAILY 35S14,comerciais_leves,2011-01,319,7.9,157.2
IVECO,DAILY 35S14,comerciais_leves,2011-02,326,7.9,157.2
IVECO,DAILY 35S14,comerciais_leves,2011-03,334,7.9,157.2
IVECO,DAILY 35S14,comerciais_leves,2011-04,292,7.9,157.2
IVECO,DAILY 35S14,comerciais_leves,2011-05,323,7.9,157.2
IVECO,DAILY 35S14,comerciais_leves,2011-06,290,7.9,157.2
IVECO,DAILY 35S14,comerciais_leves,2011-07,366,7.9,157.2
IVECO,DAILY 35S14,comerciais_leves,2011-08,422,7.9,157.2
IVECO,DAILY 35S14,comerciais_leves,2011-09,402,7.9,157.2
IVECO,DAILY 35S14,comerciais_leves,2011-10,341,7.9,157.2
IVECO,DAILY 35S14,comerciais_leves,2011-11,321,7.9,157.2
IVECO,DAILY 35S14,comerciais_leves,2011-12,408,7.9,157.2
IVECO,DAILY 35S14,comerciais_leves,2012-01,399,7.9,157.2
IVECO,DAILY 35S14,comerciais_leves,2012-02,399,7.9,157.2
IVECO,DAILY 35S14,comerciais_leves,2012-03,445,7.9,157.2
IVECO,DAILY 35S14,comerciais_leves,2012-04,375,7.9,157.2
IVECO,DAILY 35S14,comerciais_leves,2012-05,343,7.9,157.2
IVECO,DAILY 35S14,comerciais_leves,2012-06,231,7.9,157.2
IVECO,DAILY 35S14,comerciais_leves,2012-07,216,7.9,157.2
IVECO,DAILY 35S14,comerciais_leves,2012-08,211,7.9,157.2
IVECO,DAILY 35S14,comerciais_leves,2012-09,155,7.9,157.2
IVECO,DAILY 35S14,comerciais_leves,2012-10,236,7.9,157.2
IVECO,DAILY 35S14,comerciais_leves,2012-11,175,7.9,157.2
IVECO,DAILY 35S14,comerciais_leves,2012-12,148,7.9,157.2
IVECO,DAILY 35S14,comerciais_leves,2013-01,258,7.9,157.2
IVECO,DAILY 35S14,comerciais_leves,2013-02,160,7.9,157.2
IVECO,DAILY 35S14,comerciais_leves,2013-03,284,7.9,157.2
IVECO,DAILY 35S14,comerciais_leves,2013-04,307,7.9,157.2
IVECO,DAILY 35S14,comerciais_leves,2013-05,216,7.9,157.2
IVECO,DAILY 35S14,comerciais_leves,2013-06,218,7.9,157.2
IVECO,DAILY 35S14,comerciais_leves,2013-07,256,7.9,157.2
IVECO,DAILY 35S14,comerciais_leves,2013-08,235,7.9,157.2
IVECO,DAILY 35S14,comerciais_leves,2013-09,246,7.9,157.2
IVECO,DAILY 35S14,comerciais_leves,2013-10,266,7.9,157.2
IVECO,DAILY 35S14,comerciais_leves,2013-11,269,7.9,157.2
IVECO,DAILY 35S14,comerciais_leves,2013-12,261,7.9,157.2
IVECO,DAILY 35S14,comerciais_leves,2014-01,270,7.9,157.2
IVECO,DAILY 35S14,comerciais_leves,2014-02,250,7.9,157.2
IVECO,DAILY 35S14,comerciais_leves,2014-03,245,7.9,157.2
IVECO,DAILY 35S14,comerciais_leves,2014-04,183,7.9,157.2
IVECO,DAILY 35S14,comerciais_leves,2014-05,157,7.9,157.2
IVECO,DAILY 35S14,comerciais_leves,2014-06,107,7.9,157.2
IVECO,DAILY 35S14,comerciais_leves,2014-07,104,7.9,157.2
IVECO,DAILY 35S14,comerciais_leves,2014-08,159,7.9,157.2
IVECO,DAILY 35S14,comerciais_leves,2014-09,58,7.9,157.2
IVECO,DAILY 35S14,comerciais_leves,2014-10,79,7.9,157.2
IVECO,DAILY 35S14,comerciais_leves,2014-11,27,7.9,157.2
IVECO,DAILY 35S14,comerciais_leves,2014-12,21,7.9,157.2
IVECO,DAILY 35S14,comerciais_leves,2015-01,177,7.9,157.2
IVECO,DAILY 35S14,comerciais_leves,2015-02,151,7.9,157.2
IVECO,DAILY 35S14,comerciais_leves,2015-03,153,7.9,157.2
IVECO,DAILY 35S14,comerciais_leves,2015-04,126,7.9,157.2
IVECO,DAILY 35S14,comerciais_leves,2015-05,90,7.9,157.2
IVECO,DAILY 35S14,comerciais_leves,2015-06,112,7.9,157.2
IVECO,DAILY 35S14,comerciais_leves,2015-07,81,7.9,157.2
IVECO,DAILY 35S14,comerciais_leves,2015-08,88,7.9,157.2
IVECO,DAILY 35S14,comerciais_leves,2015-09,77,7.9,157.2
IVECO,DAILY 35S14,comerciais_leves,2015-10,97,7.9,157.2
IVECO,DAILY 35S14,comerciais_leves,2015-11,100,7.9,157.2
IVECO,DAILY 35S14,comerciais_leves,2015-12,106,7.9,157.2
IVECO,DAILY 35S14,comerciais_leves,2016-01,88,7.9,157.2
IVECO,DAILY 35S14,comerciais_leves,2016-02,74,7.9,157.2
IVECO,DAILY 35S14,comerciais_leves,2016-03,93,7.9,157.2
IVECO,DAILY 35S14,comerciais_leves,2016-04,55,7.9,157.2
IVECO,DAILY 35S14,comerciais_leves,2016-05,64,7.9,157.2
IVECO,DAILY 35S14,comerciais_leves,2016-06,35,7.9,157.2
IVECO,DAILY 35S14,comerciais_leves,2016-07,11,7.9,157.2
IVECO,DAILY 35S14,comerciais_leves,2016-08,50,7.9,157.2
IVECO,DAILY 35S14,comerciais_leves,2016-09,51,7.9,157.2
IVECO,DAILY 35S14,comerciais_leves,2016-10,30,7.9,157.2
IVECO,DAILY 35S14,comerciais_leves,2016-11,42,7.9,157.2
IVECO,DAILY 35S14,comerciais_leves,2016-12,83,7.9,157.2
IVECO,DAILY 35S14,comerciais_leves,2017-01,64,7.9,157.2
IVECO,DAILY 35S14,comerciais_leves,2017-02,40,7.9,157.2
IVECO,DAILY 35S14,comerciais_leves,2017-03,55,7.9,157.2
IVECO,DAILY 35S14,comerciais_leves,2017-04,45,7.9,157.2
IVECO,DAILY 35S14,comerciais_leves,2017-05,22,7.9,157.2
IVECO,DAILY 35S14,comerciais_leves,2017-06,11,7.9,157.2
IVECO,DAILY 35S14,comerciais_leves,2017-08,18,7.9,157.2
IVECO,DAILY 35S14,comerciais_leves,2017-09,15,7.9,157.2
IVECO,DAILY 35S14,comerciais_leves,2017-11,22,7.9,157.2
IVECO,DAILY 35S14,comerciais_leves,2017-12,20,7.9,157.2
IVECO,DAILY 35S14,comerciais_leves,2018-01,66,7.9,157.2
IVECO,DAILY 35S14,comerciais_leves,2018-02,35,7.9,157.2
IVECO,DAILY 35S14,comerciais_leves,2018-03,93,7.9,157.2
IVECO,DAILY 35S14,comerciais_leves,2018-04,83,7.9,157.2
IVECO,DAILY 35S14,comerciais_leves,2018-05,56,7.9,157.2
IVECO,DAILY 35S14,comerciais_leves,2018-06,73,7.9,157.2
IVECO,DAILY 35S14,comerciais_leves,2018-07,82,7.9,157.2
IVECO,DAILY 35S14,comerciais_leves,2018-08,97,7.9,157.2
IVECO,DAILY 35S14,comerciais_leves,2018-09,74,7.9,157.2
IVECO,DAILY 35S14,comerciais_leves,2018-10,156,7.9,157.2
IVECO,DAILY 35S14,comerciais_leves,2018-11,89,7.9,157.2
IVECO,DAILY 35S14,comerciais_leves,2018-12,30,7.9,157.2
IVECO,DAILY 35S14,comerciais_leves,2019-01,118,7.9,157.2
IVECO,DAILY 35S14,comerciais_leves,2019-02,128,7.9,157.2
JAC,E-JS1,automoveis,2023-12,66,2.6,51.2
JAC,J3 TURIN,automoveis,2012-09,593,40.3,806.2
JAC,J3 TURIN,automoveis,2012-10,564,40.3,806.2
JAC,J3 TURIN,automoveis,2012-11,650,40.3,806.2
JAC,J3 TURIN,automoveis,2012-12,972,40.3,806.2
JAC,J3 TURIN,automoveis,2013-01,672,40.3,806.2
JAC,J3 TURIN,automoveis,2013-02,284,40.3,806.2
JAC,J3 TURIN,automoveis,2013-03,172,40.3,806.2
JAC,J3 TURIN,automoveis,2013-04,111,40.3,806.2
JAC,J3 TURIN,automoveis,2013-05,137,40.3,806.2
JAC,J3 TURIN,automoveis,2013-06,345,40.3,806.2
JAC,J3 TURIN,automoveis,2013-07,236,40.3,806.2
JAC,J3 TURIN,automoveis,2013-08,183,40.3,806.2
JAC,J3 TURIN,automoveis,2013-09,254,40.3,806.2
JAC,J3 TURIN,automoveis,2013-10,235,40.3,806.2
JAC,J3 TURIN,automoveis,2013-11,226,40.3,806.2
JAC,J3 TURIN,automoveis,2013-12,249,40.3,806.2
JAC,J5,automoveis,2012-01,19,10.5,209.3
JAC,J5,automoveis,2015-03,29,10.5,209.3
JAC,J5,automoveis,2015-04,35,10.5,209.3
JAC,J5,automoveis,2015-05,25,10.5,209.3
JAC,J5,automoveis,2015-06,13,10.5,209.3
JAC,T40,automoveis,2019-01,85,13.2,263.2
JAGUAR,EPACE,automoveis,2019-01,85,1.5,30.7
JAGUAR,EPACE,automoveis,2019-02,88,1.5,30.7
JAGUAR,EPACE,automoveis,2019-03,80,1.5,30.7
JAGUAR,F-TYPE,automoveis,2015-02,4,0.4,8.8
JAGUAR,F-TYPE,automoveis,2015-03,4,0.4,8.8
JAGUAR,F-TYPE,automoveis,2015-04,5,0.4,8.8
JAGUAR,F-TYPE,automoveis,2015-05,2,0.4,8.8
JAGUAR,F-TYPE,automoveis,2015-06,6,0.4,8.8
JAGUAR,F-TYPE,automoveis,2015-07,5,0.4,8.8
JAGUAR,F-TYPE,automoveis,2015-08,3,0.4,8.8
JAGUAR,F-TYPE,automoveis,2015-09,3,0.4,8.8
JAGUAR,F-TYPE,automoveis,2015-10,1,0.4,8.8
JAGUAR,F-TYPE,automoveis,2015-11,4,0.4,8.8
JAGUAR,F-TYPE,automoveis,2015-12,6,0.4,8.8
JAGUAR,F-TYPE,automoveis,2016-01,4,0.4,8.8
JAGUAR,F-TYPE,automoveis,2016-02,1,0.4,8.8
JAGUAR,F-TYPE,automoveis,2016-03,1,0.4,8.8
JAGUAR,F-TYPE,automoveis,2016-04,1,0.4,8.8
JAGUAR,F-TYPE,automoveis,2016-06,2,0.4,8.8
JAGUAR,F-TYPE,automoveis,2016-07,1,0.4,8.8
JAGUAR,F-TYPE,automoveis,2016-08,2,0.4,8.8
JAGUAR,F-TYPE,automoveis,2016-10,1,0.4,8.8
JAGUAR,F-TYPE,automoveis,2017-01,2,0.4,8.8
JAGUAR,F-TYPE,automoveis,2017-03,2,0.4,8.8
JAGUAR,F-TYPE,automoveis,2017-07,3,0.4,8.8
JAGUAR,F-TYPE,automoveis,2017-09,1,0.4,8.8
JAGUAR,F-TYPE,automoveis,2017-10,4,0.4,8.8
JAGUAR,F-TYPE,automoveis,2017-11,3,0.4,8.8
JAGUAR,F-TYPE,automoveis,2017-12,4,0.4,8.8
JAGUAR,F-TYPE,automoveis,2018-01,4,0.4,8.8
JAGUAR,F-TYPE,automoveis,2018-02,2,0.4,8.8
JAGUAR,F-TYPE,automoveis,2018-03,2,0.4,8.8
JAGUAR,F-TYPE,automoveis,2018-05,1,0.4,8.8
JAGUAR,F-TYPE,automoveis,2018-06,3,0.4,8.8
JAGUAR,F-TYPE,automoveis,2018-07,1,0.4,8.8
JAGUAR,F-TYPE,automoveis,2018-11,3,0.4,8.8
JAGUAR,F-TYPE,automoveis,2018-12,3,0.4,8.8
JAGUAR,F-TYPE,automoveis,2022-01,3,0.4,8.8
JAGUAR,S TYPE,automoveis,2004-01,1,0.1,2.3
JAGUAR,S TYPE,automoveis,2005-01,1,0.1,2.3
JAGUAR,S TYPE,automoveis,2005-07,1,0.1,2.3
JAGUAR,S TYPE,automoveis,2005-08,1,0.1,2.3
JAGUAR,S-TYPE,automoveis,2005-01,1,0.6,11.0
JAGUAR,S-TYPE,automoveis,2005-02,1,0.6,11.0
JAGUAR,S-TYPE,automoveis,2005-07,1,0.6,11.0
JAGUAR,S-TYPE,automoveis,2005-08,1,0.6,11.0
JAGUAR,S-TYPE,automoveis,2006-01,2,0.6,11.0
JAGUAR,XF,automoveis,2013-04,7,1.4,28.1
JAGUAR,XF,automoveis,2013-05,6,1.4,28.1
JAGUAR,XF,automoveis,2013-06,10,1.4,28.1
JAGUAR,XF,automoveis,2013-07,13,1.4,28.1
JAGUAR,XF,automoveis,2013-08,13,1.4,28.1
JAGUAR,XF,automoveis,2013-09,5,1.4,28.1
JAGUAR,XF,automoveis,2013-10,7,1.4,28.1
JAGUAR,XF,automoveis,2013-11,12,1.4,28.1
JAGUAR,XF,automoveis,2013-12,2,1.4,28.1
JAGUAR,XF,automoveis,2015-12,12,1.4,28.1
JAGUAR,XF,automoveis,2016-01,14,1.4,28.1
JAGUAR,XF,automoveis,2016-02,11,1.4,28.1
JAGUAR,XF,automoveis,2016-03,12,1.4,28.1
JAGUAR,XF,automoveis,2016-04,9,1.4,28.1
JAGUAR,XF,automoveis,2016-05,9,1.4,28.1
JAGUAR,XF,automoveis,2016-06,12,1.4,28.1
JAGUAR,XF,automoveis,2016-07,3,1.4,28.1
JAGUAR,XF,automoveis,2016-11,6,1.4,28.1
JAGUAR,XF,automoveis,2016-12,9,1.4,28.1
JAGUAR,XF,automoveis,2017-01,4,1.4,28.1
JEEP,WRANGLER,automoveis,2009-01,6,1.1,21.7
KIA,CADENZA,automoveis,2012-01,28,3.2,63.8
KIA,CARNIVAL,automoveis,2008-05,214,1.6,32.8
KIA,CARNIVAL,automoveis,2008-06,170,1.6,32.8
KIA,CARNIVAL,automoveis,2008-07,287,1.6,32.8
KIA,CARNIVAL,automoveis,2008-08,281,1.6,32.8
KIA,CARNIVAL,automoveis,2008-09,385,1.6,32.8
KIA,CARNIVAL,automoveis,2008-10,230,1.6,32.8
KIA,CARNIVAL,automoveis,2008-11,270,1.6,32.8
KIA,CARNIVAL,automoveis,2008-12,185,1.6,32.8
KIA,CARNIVAL,automoveis,2009-01,225,1.6,32.8
KIA,CARNIVAL,automoveis,2009-02,207,1.6,32.8
KIA,CARNIVAL,automoveis,2009-03,363,1.6,32.8
KIA,CARNIVAL,automoveis,2009-04,285,1.6,32.8
KIA,CARNIVAL,automoveis,2009-05,240,1.6,32.8
KIA,CARNIVAL,automoveis,2009-06,330,1.6,32.8
KIA,CARNIVAL,automoveis,2009-07,280,1.6,32.8
KIA,CARNIVAL,automoveis,2009-08,143,1.6,32.8
KIA,CARNIVAL,automoveis,2009-09,178,1.6,32.8
KIA,CARNIVAL,automoveis,2009-10,136,1.6,32.8
KIA,CARNIVAL,automoveis,2009-11,80,1.6,32.8
KIA,CARNIVAL,automoveis,2009-12,126,1.6,32.8
KIA,CARNIVAL,automoveis,2010-01,102,1.6,32.8
KIA,CARNIVAL,automoveis,2010-02,64,1.6,32.8
KIA,CARNIVAL,automoveis,2010-03,210,1.6,32.8
KIA,CARNIVAL,automoveis,2010-04,202,1.6,32.8
KIA,CARNIVAL,automoveis,2010-05,156,1.6,32.8
KIA,CARNIVAL,automoveis,2010-06,164,1.6,32.8
KIA,CARNIVAL,automoveis,2010-07,158,1.6,32.8
KIA,CARNIVAL,automoveis,2010-08,118,1.6,32.8
KIA,CARNIVAL,automoveis,2010-09,81,1.6,32.8
KIA,CARNIVAL,automoveis,2010-10,91,1.6,32.8
KIA,CARNIVAL,automoveis,2010-11,96,1.6,32.8
KIA,CARNIVAL,automoveis,2010-12,95,1.6,32.8
KIA,CARNIVAL,automoveis,2011-01,20,1.6,32.8
KIA,CARNIVAL,automoveis,2011-02,31,1.6,32.8
KIA,CARNIVAL,automoveis,2011-03,59,1.6,32.8
KIA,CARNIVAL,automoveis,2011-04,57,1.6,32.8
KIA,CARNIVAL,automoveis,2011-05,76,1.6,32.8
KIA,CARNIVAL,automoveis,2011-06,97,1.6,32.8
KIA,CARNIVAL,automoveis,2011-07,94,1.6,32.8
KIA,CARNIVAL,automoveis,2011-08,237,1.6,32.8
KIA,CARNIVAL,automoveis,2011-09,244,1.6,32.8
KIA,CARNIVAL,automoveis,2011-10,163,1.6,32.8
KIA,CARNIVAL,automoveis,2011-11,236,1.6,32.8
KIA,CARNIVAL,automoveis,2011-12,419,1.6,32.8
KIA,CARNIVAL,automoveis,2012-01,232,1.6,32.8
KIA,CARNIVAL,automoveis,2012-02,207,1.6,32.8
KIA,CARNIVAL,automoveis,2012-03,238,1.6,32.8
KIA,CARNIVAL,automoveis,2012-04,169,1.6,32.8
KIA,CARNIVAL,automoveis,2012-05,139,1.6,32.8
KIA,CARNIVAL,automoveis,2012-06,123,1.6,32.8
KIA,CARNIVAL,automoveis,2012-07,114,1.6,32.8
KIA,CARNIVAL,automoveis,2012-08,286,1.6,32.8
KIA,CARNIVAL,automoveis,2012-09,96,1.6,32.8
KIA,CARNIVAL,automoveis,2012-10,22,1.6,32.8
KIA,CARNIVAL,automoveis,2012-11,11,1.6,32.8
KIA,CARNIVAL,automoveis,2012-12,6,1.6,32.8
KIA,CARNIVAL,automoveis,2013-01,23,1.6,32.8
KIA,CARNIVAL,automoveis,2013-02,10,1.6,32.8
KIA,CARNIVAL,automoveis,2013-03,16,1.6,32.8
KIA,CARNIVAL,automoveis,2013-04,28,1.6,32.8
KIA,CARNIVAL,automoveis,2013-05,18,1.6,32.8
KIA,CARNIVAL,automoveis,2013-06,21,1.6,32.8
KIA,CARNIVAL,automoveis,2013-07,23,1.6,32.8
KIA,CARNIVAL,automoveis,2013-08,19,1.6,32.8
KIA,CARNIVAL,automoveis,2013-09,21,1.6,32.8
KIA,CARNIVAL,automoveis,2013-10,14,1.6,32.8
KIA,CARNIVAL,automoveis,2013-11,27,1.6,32.8
KIA,CARNIVAL,automoveis,2013-12,18,1.6,32.8
KIA,CARNIVAL,automoveis,2014-02,20,1.6,32.8
KIA,CARNIVAL,automoveis,2014-03,17,1.6,32.8
KIA,MOHAVE,automoveis,2011-12,24,3.4,68.0
KIA,MOHAVE,automoveis,2012-01,47,3.4,68.0
KIA,MOHAVE,automoveis,2012-02,11,3.4,68.0
KIA,MOHAVE,automoveis,2012-03,13,3.4,68.0
KIA,MOHAVE,automoveis,2012-04,12,3.4,68.0
KIA,MOHAVE,automoveis,2012-05,5,3.4,68.0
KIA,OPTIMA,automoveis,2014-01,19,4.8,95.2
KIA,OPTIMA,automoveis,2014-02,12,4.8,95.2
KIA,OPTIMA,automoveis,2014-03,13,4.8,95.2
KIA,OPTIMA,automoveis,2014-04,20,4.8,95.2
KIA,OPTIMA,automoveis,2014-05,7,4.8,95.2
KIA,OPTIMA,automoveis,2014-06,5,4.8,95.2
KIA,RIO,automoveis,2018-01,314,0.7,14.1
KIA,RIO,automoveis,2018-02,12,0.7,14.1
KIA,RIO,automoveis,2018-03,28,0.7,14.1
KIA,RIO,automoveis,2018-04,5,0.7,14.1
KIA,RIO,automoveis,2018-06,101,0.7,14.1
KIA,RIO,automoveis,2018-07,122,0.7,14.1
KIA,RIO,automoveis,2018-08,173,0.7,14.1
KIA,RIO,automoveis,2018-09,132,0.7,14.1
KIA,RIO,automoveis,2018-10,148,0.7,14.1
KIA,RIO,automoveis,2018-11,139,0.7,14.1
KIA,RIO,automoveis,2018-12,153,0.7,14.1
KIA,RIO,automoveis,2019-01,119,0.7,14.1
KIA,RIO,automoveis,2019-02,346,0.7,14.1
KIA,RIO,automoveis,2019-03,300,0.7,14.1
KIA,RIO,automoveis,2019-04,262,0.7,14.1
KIA,RIO,automoveis,2019-05,284,0.7,14.1
KIA,RIO,automoveis,2019-06,232,0.7,14.1
KIA,RIO,automoveis,2019-07,211,0.7,14.1
KIA,RIO,automoveis,2019-08,155,0.7,14.1
KIA,RIO,automoveis,2019-09,153,0.7,14.1
KIA,RIO,automoveis,2019-10,142,0.7,14.1
KIA,RIO,automoveis,2019-11,72,0.7,14.1
KIA,RIO,automoveis,2019-12,25,0.7,14.1
KIA,RIO,automoveis,2020-01,72,0.7,14.1
KIA,RIO,automoveis,2020-02,78,0.7,14.1
KIA,RIO,automoveis,2020-03,81,0.7,14.1
KIA,RIO,automoveis,2020-04,15,0.7,14.1
KIA,RIO,automoveis,2020-05,24,0.7,14.1
KIA,RIO,automoveis,2020-06,67,0.7,14.1
KIA,RIO,automoveis,2020-07,83,0.7,14.1
KIA,RIO,automoveis,2020-08,86,0.7,14.1
KIA,RIO,automoveis,2020-09,83,0.7,14.1
KIA,RIO,automoveis,2020-10,75,0.7,14.1
KIA,RIO,automoveis,2020-11,58,0.7,14.1
KIA,RIO,automoveis,2020-12,26,0.7,14.1
KIA,SPORTAGE,automoveis,2022-01,71,43.3,865.7
KIA,SPORTAGE,automoveis,2022-02,44,43.3,865.7
KIA,SPORTAGE,automoveis,2023-03,105,43.3,865.7
KIA,SPORTAGE,automoveis,2023-06,61,43.3,865.7
KIA,SPORTAGE,automoveis,2023-07,57,43.3,865.7
KIA,SPORTAGE,automoveis,2023-08,55,43.3,865.7
KIA,STONIC,automoveis,2022-09,15,2.8,55.7
KIA,STONIC,automoveis,2022-10,8,2.8,55.7
KIA,STONIC,automoveis,2022-12,8,2.8,55.7
LAND ROVER,DEFENDER,automoveis,2008-03,6,5.0,99.0
LAND ROVER,DEFENDER,automoveis,2009-01,6,5.0,99.0
LAND ROVER,DEFENDER,automoveis,2009-03,10,5.0,99.0
LAND ROVER,DEFENDER,automoveis,2009-04,8,5.0,99.0
LAND ROVER,DEFENDER,automoveis,2009-05,8,5.0,99.0
LAND ROVER,DEFENDER,automoveis,2009-06,7,5.0,99.0
LAND ROVER,DEFENDER,automoveis,2010-01,12,5.0,99.0
LAND ROVER,DEFENDER,automoveis,2010-03,12,5.0,99.0
LAND ROVER,DEFENDER,automoveis,2010-10,7,5.0,99.0
LAND ROVER,DEFENDER,automoveis,2010-11,6,5.0,99.0
LAND ROVER,DEFENDER,automoveis,2010-12,12,5.0,99.0
LAND ROVER,DEFENDER,automoveis,2011-01,28,5.0,99.0
LAND ROVER,DEFENDER,automoveis,2011-02,12,5.0,99.0
LAND ROVER,DEFENDER,automoveis,2011-03,13,5.0,99.0
LAND ROVER,DEFENDER,automoveis,2011-04,29,5.0,99.0
LAND ROVER,DEFENDER,automoveis,2011-05,25,5.0,99.0
LAND ROVER,DEFENDER,automoveis,2011-06,16,5.0,99.0
LAND ROVER,DEFENDER,automoveis,2011-07,26,5.0,99.0
LAND ROVER,DEFENDER,automoveis,2011-08,38,5.0,99.0
LAND ROVER,DEFENDER,automoveis,2011-09,41,5.0,99.0
LAND ROVER,DEFENDER,automoveis,2011-10,39,5.0,99.0
LAND ROVER,DEFENDER,automoveis,2011-11,27,5.0,99.0
LAND ROVER,DEFENDER,automoveis,2011-12,24,5.0,99.0
LAND ROVER,DEFENDER,automoveis,2012-01,47,5.0,99.0
LAND ROVER,DEFENDER,automoveis,2012-02,11,5.0,99.0
LAND ROVER,DEFENDER,automoveis,2012-03,13,5.0,99.0
LAND ROVER,DEFENDER,automoveis,2012-04,12,5.0,99.0
LAND ROVER,DEFENDER,automoveis,2012-05,5,5.0,99.0
LAND ROVER,DEFENDER,automoveis,2013-01,29,5.0,99.0
LAND ROVER,DEFENDER,automoveis,2013-02,24,5.0,99.0
LAND ROVER,DEFENDER,automoveis,2013-03,24,5.0,99.0
LAND ROVER,DEFENDER,automoveis,2013-04,24,5.0,99.0
LAND ROVER,DEFENDER,automoveis,2013-05,29,5.0,99.0
LAND ROVER,DEFENDER,automoveis,2013-06,20,5.0,99.0
LAND ROVER,DEFENDER,automoveis,2013-07,12,5.0,99.0
LAND ROVER,DEFENDER,automoveis,2013-10,27,5.0,99.0
LAND ROVER,DEFENDER,automoveis,2013-11,32,5.0,99.0
LAND ROVER,DEFENDER,automoveis,2013-12,45,5.0,99.0
LAND ROVER,DEFENDER,automoveis,2014-01,50,5.0,99.0
LAND ROVER,DEFENDER,automoveis,2014-02,27,5.0,99.0
LAND ROVER,DEFENDER,automoveis,2014-03,26,5.0,99.0
LAND ROVER,DEFENDER,automoveis,2014-04,50,5.0,99.0
LAND ROVER,DEFENDER,automoveis,2014-05,35,5.0,99.0
LAND ROVER,DEFENDER,automoveis,2014-06,25,5.0,99.0
LAND ROVER,DEFENDER,automoveis,2014-07,22,5.0,99.0
LAND ROVER,DEFENDER,automoveis,2014-08,15,5.0,99.0
LAND ROVER,DEFENDER,automoveis,2014-09,60,5.0,99.0
LAND ROVER,DEFENDER,automoveis,2014-10,34,5.0,99.0
LAND ROVER,DEFENDER,automoveis,2014-11,21,5.0,99.0
LAND ROVER,DEFENDER,automoveis,2014-12,25,5.0,99.0
LAND ROVER,DEFENDER,automoveis,2015-01,51,5.0,99.0
LAND ROVER,DEFENDER,automoveis,2015-02,28,5.0,99.0
LAND ROVER,DEFENDER,automoveis,2015-03,20,5.0,99.0
LAND ROVER,DEFENDER,automoveis,2015-04,27,5.0,99.0
LAND ROVER,DEFENDER,automoveis,2015-05,45,5.0,99.0
LAND ROVER,DEFENDER,automoveis,2015-06,32,5.0,99.0
LAND ROVER,DEFENDER,automoveis,2015-07,69,5.0,99.0
LAND ROVER,DEFENDER,automoveis,2015-08,56,5.0,99.0
LAND ROVER,DEFENDER,automoveis,2015-09,43,5.0,99.0
LAND ROVER,DEFENDER,automoveis,2015-10,26,5.0,99.0
LAND ROVER,DEFENDER,automoveis,2015-11,32,5.0,99.0
LAND ROVER,DEFENDER,automoveis,2015-12,23,5.0,99.0
LAND ROVER,DEFENDER,automoveis,2016-01,56,5.0,99.0
LAND ROVER,DEFENDER,automoveis,2016-02,36,5.0,99.0
LAND ROVER,DEFENDER,automoveis,2016-03,17,5.0,99.0
LAND ROVER,DEFENDER,automoveis,2016-04,29,5.0,99.0
LAND ROVER,DEFENDER,automoveis,2016-05,17,5.0,99.0
LAND ROVER,DEFENDER,automoveis,2016-06,27,5.0,99.0
LAND ROVER,DEFENDER,automoveis,2016-07,27,5.0,99.0
LAND ROVER,DEFENDER,automoveis,2016-08,16,5.0,99.0
LAND ROVER,DEFENDER,automoveis,2017-01,36,5.0,99.0
LAND ROVER,DEFENDER,automoveis,2017-02,32,5.0,99.0
LAND ROVER,DEFENDER,automoveis,2017-03,47,5.0,99.0
LAND ROVER,DEFENDER,automoveis,2017-04,33,5.0,99.0
LAND ROVER,DEFENDER,automoveis,2017-05,56,5.0,99.0
LAND ROVER,DEFENDER,automoveis,2017-06,37,5.0,99.0
LAND ROVER,DEFENDER,automoveis,2017-07,18,5.0,99.0
LAND ROVER,DEFENDER,automoveis,2017-08,15,5.0,99.0
LAND ROVER,DEFENDER,automoveis,2017-09,6,5.0,99.0
LAND ROVER,DEFENDER,automoveis,2017-10,5,5.0,99.0
LAND ROVER,DEFENDER,automoveis,2017-11,5,5.0,99.0
LAND ROVER,DEFENDER,automoveis,2017-12,23,5.0,99.0
LAND ROVER,DEFENDER,automoveis,2018-01,66,5.0,99.0
LAND ROVER,DEFENDER,automoveis,2018-02,48,5.0,99.0
LAND ROVER,DEFENDER,automoveis,2018-03,62,5.0,99.0
LAND ROVER,DEFENDER,automoveis,2018-04,19,5.0,99.0
LAND ROVER,DEFENDER,automoveis,2018-05,64,5.0,99.0
LAND ROVER,DEFENDER,automoveis,2018-06,69,5.0,99.0
LAND ROVER,DEFENDER,automoveis,2018-07,33,5.0,99.0
LAND ROVER,DEFENDER,automoveis,2018-08,71,5.0,99.0
LAND ROVER,DEFENDER,automoveis,2018-09,73,5.0,99.0
LAND ROVER,DEFENDER,automoveis,2018-10,71,5.0,99.0
LAND ROVER,DEFENDER,automoveis,2018-11,84,5.0,99.0
LAND ROVER,DEFENDER,automoveis,2018-12,89,5.0,99.0
LAND ROVER,DEFENDER,automoveis,2019-01,85,5.0,99.0
LAND ROVER,DEFENDER,automoveis,2019-02,88,5.0,99.0
LAND ROVER,DEFENDER,automoveis,2019-03,80,5.0,99.0
LAND ROVER,DEFENDER,automoveis,2019-04,100,5.0,99.0
LAND ROVER,DEFENDER,automoveis,2019-05,99,5.0,99.0
LAND ROVER,DEFENDER,automoveis,2019-06,79,5.0,99.0
LAND ROVER,DEFENDER,automoveis,2019-07,97,5.0,99.0
LAND ROVER,DEFENDER,automoveis,2019-08,60,5.0,99.0
LAND ROVER,DEFENDER,automoveis,2019-09,71,5.0,99.0
LAND ROVER,DEFENDER,automoveis,2019-10,76,5.0,99.0
LAND ROVER,DEFENDER,automoveis,2019-11,63,5.0,99.0
LAND ROVER,DEFENDER,automoveis,2019-12,78,5.0,99.0
LAND ROVER,DEFENDER,automoveis,2020-01,72,5.0,99.0
LAND ROVER,DEFENDER,automoveis,2020-02,74,5.0,99.0
LAND ROVER,DEFENDER,automoveis,2020-03,57,5.0,99.0
LAND ROVER,DEFENDER,automoveis,2020-04,19,5.0,99.0
LAND ROVER,DEFENDER,automoveis,2020-05,30,5.0,99.0
LAND ROVER,DEFENDER,automoveis,2020-06,28,5.0,99.0
LAND ROVER,DEFENDER,automoveis,2020-07,96,5.0,99.0
LAND ROVER,DEFENDER,automoveis,2020-08,61,5.0,99.0
LAND ROVER,DEFENDER,automoveis,2020-09,65,5.0,99.0
LAND ROVER,DEFENDER,automoveis,2020-10,34,5.0,99.0
LAND ROVER,DEFENDER,automoveis,2020-11,39,5.0,99.0
LAND ROVER,DEFENDER,automoveis,2020-12,23,5.0,99.0
LAND ROVER,DEFENDER,automoveis,2021-06,48,5.0,99.0
LAND ROVER,DEFENDER,automoveis,2021-07,40,5.0,99.0
LAND ROVER,DEFENDER,automoveis,2021-08,18,5.0,99.0
LAND ROVER,DEFENDER,automoveis,2022-03,24,5.0,99.0
LAND ROVER,DEFENDER,automoveis,2022-04,6,5.0,99.0
LAND ROVER,DEFENDER,automoveis,2022-09,15,5.0,99.0
LAND ROVER,DEFENDER,automoveis,2022-10,8,5.0,99.0
LAND ROVER,DEFENDER,automoveis,2022-12,8,5.0,99.0
LAND ROVER,DEFENDER,automoveis,2023-01,67,5.0,99.0
LAND ROVER,DEFENDER,automoveis,2023-02,53,5.0,99.0
LAND ROVER,DEFENDER,automoveis,2023-03,105,5.0,99.0
LAND ROVER,DEFENDER,automoveis,2023-04,39,5.0,99.0
LAND ROVER,DEFENDER,automoveis,2023-05,92,5.0,99.0
LAND ROVER,DISCOVERY,automoveis,2023-01,67,20.1,401.4
LAND ROVER,DISCOVERY,automoveis,2023-02,53,20.1,401.4
LAND ROVER,EVOQUE,automoveis,2019-04,100,28.8,576.4
LAND ROVER,EVOQUE,automoveis,2019-05,99,28.8,576.4
LAND ROVER,EVOQUE,automoveis,2019-06,79,28.8,576.4
LAND ROVER,EVOQUE,automoveis,2019-07,97,28.8,576.4
LAND ROVER,EVOQUE,automoveis,2019-08,60,28.8,576.4
LAND ROVER,EVOQUE,automoveis,2019-09,71,28.8,576.4
LAND ROVER,EVOQUE,automoveis,2019-10,76,28.8,576.4
LAND ROVER,EVOQUE,automoveis,2019-11,63,28.8,576.4
LAND ROVER,EVOQUE,automoveis,2019-12,78,28.8,576.4
LAND ROVER,EVOQUE,automoveis,2020-11,39,28.8,576.4
LAND ROVER,EVOQUE,automoveis,2021-01,58,28.8,576.4
LAND ROVER,EVOQUE,automoveis,2022-01,71,28.8,576.4
LAND ROVER,RANGE ROVER,automoveis,2017-01,36,5.0,99.4
LAND ROVER,RANGE ROVER,automoveis,2017-02,32,5.0,99.4
LAND ROVER,RANGE ROVER,automoveis,2018-01,66,5.0,99.4
LAND ROVER,RANGE ROVER,automoveis,2018-02,48,5.0,99.4
LAND ROVER,RANGE ROVER,automoveis,2018-03,62,5.0,99.4
LAND ROVER,RANGE ROVER,automoveis,2018-04,19,5.0,99.4
LAND ROVER,RANGE ROVER,automoveis,2018-05,64,5.0,99.4
LAND ROVER,RANGE ROVER,automoveis,2018-06,69,5.0,99.4
LAND ROVER,RANGE ROVER,automoveis,2018-07,33,5.0,99.4
LAND ROVER,RANGE ROVER,automoveis,2018-08,71,5.0,99.4
LAND ROVER,RANGE ROVER,automoveis,2018-09,73,5.0,99.4
LAND ROVER,RANGE ROVER,automoveis,2018-10,71,5.0,99.4
LAND ROVER,RANGE ROVER,automoveis,2018-11,84,5.0,99.4
LAND ROVER,RANGE ROVER,automoveis,2018-12,89,5.0,99.4
LAND ROVER,RANGE ROVER,automoveis,2019-01,85,5.0,99.4
LAND ROVER,RANGE ROVER,automoveis,2019-02,88,5.0,99.4
LAND ROVER,RANGE ROVER,automoveis,2019-03,80,5.0,99.4
LAND ROVER,RANGE ROVER,automoveis,2019-04,100,5.0,99.4
LAND ROVER,RANGE ROVER,automoveis,2019-05,99,5.0,99.4
LAND ROVER,RANGE ROVER,automoveis,2019-06,79,5.0,99.4
LAND ROVER,RANGE ROVER,automoveis,2019-07,97,5.0,99.4
LAND ROVER,RANGE ROVER,automoveis,2019-08,60,5.0,99.4
LAND ROVER,RANGE ROVER,automoveis,2019-09,71,5.0,99.4
LAND ROVER,RANGE ROVER,automoveis,2019-10,76,5.0,99.4
LAND ROVER,RANGE ROVER,automoveis,2019-11,63,5.0,99.4
LAND ROVER,RANGE ROVER,automoveis,2019-12,78,5.0,99.4
LAND ROVER,RANGE ROVER,automoveis,2020-01,72,5.0,99.4
LAND ROVER,RANGE ROVER,automoveis,2020-02,74,5.0,99.4
LAND ROVER,RANGE ROVER,automoveis,2020-09,65,5.0,99.4
LAND ROVER,RANGE ROVER,automoveis,2020-10,34,5.0,99.4
LAND ROVER,RANGE ROVER,automoveis,2020-11,39,5.0,99.4
LAND ROVER,RANGE ROVER,automoveis,2020-12,23,5.0,99.4
LAND ROVER,RANGE ROVER,automoveis,2021-01,58,5.0,99.4
LAND ROVER,RANGE ROVER,automoveis,2021-02,43,5.0,99.4
LAND ROVER,RANGE ROVER,automoveis,2021-06,48,5.0,99.4
LAND ROVER,RANGE ROVER,automoveis,2021-07,40,5.0,99.4
LAND ROVER,RANGE ROVER,automoveis,2021-08,18,5.0,99.4
LAND ROVER,RANGE ROVER,automoveis,2022-01,71,5.0,99.4
LAND ROVER,RANGE ROVER,automoveis,2022-04,6,5.0,99.4
LAND ROVER,RANGE ROVER,automoveis,2022-09,15,5.0,99.4
LAND ROVER,RANGE ROVER,automoveis,2022-10,8,5.0,99.4
LAND ROVER,RANGE ROVER,automoveis,2022-12,8,5.0,99.4
LAND ROVER,RANGE ROVER,automoveis,2023-01,67,5.0,99.4
LAND ROVER,RANGE ROVER,automoveis,2023-02,53,5.0,99.4
LAND ROVER,RANGE ROVER,automoveis,2023-03,105,5.0,99.4
LAND ROVER,RANGE ROVER,automoveis,2023-04,39,5.0,99.4
LEXUS,ES300,automoveis,2019-11,1,0.8,15.0
LEXUS,ES300,automoveis,2019-12,2,0.8,15.0
LEXUS,ES300,automoveis,2020-02,4,0.8,15.0
LEXUS,ES300,automoveis,2020-06,6,0.8,15.0
LEXUS,ES300,automoveis,2020-07,7,0.8,15.0
LEXUS,ES300,automoveis,2020-08,1,0.8,15.0
LEXUS,ES300,automoveis,2020-09,2,0.8,15.0
LEXUS,ES300,automoveis,2020-10,2,0.8,15.0
LEXUS,ES300,automoveis,2020-11,1,0.8,15.0
LEXUS,ES300,automoveis,2021-01,6,0.8,15.0
LEXUS,ES300,automoveis,2021-02,6,0.8,15.0
LEXUS,ES300,automoveis,2021-03,2,0.8,15.0
LEXUS,ES300,automoveis,2021-05,3,0.8,15.0
LEXUS,ES300,automoveis,2021-06,1,0.8,15.0
LEXUS,ES300,automoveis,2021-07,1,0.8,15.0
LEXUS,ES300,automoveis,2021-09,3,0.8,15.0
LEXUS,ES300,automoveis,2021-10,3,0.8,15.0
LEXUS,ES300,automoveis,2021-11,2,0.8,15.0
LEXUS,ES300,automoveis,2022-01,4,0.8,15.0
LEXUS,ES300,automoveis,2022-02,1,0.8,15.0
LEXUS,ES300,automoveis,2022-03,2,0.8,15.0
LEXUS,ES300,automoveis,2022-04,1,0.8,15.0
LEXUS,ES300,automoveis,2022-05,2,0.8,15.0
LEXUS,ES300,automoveis,2022-06,1,0.8,15.0
LEXUS,ES300,automoveis,2022-07,1,0.8,15.0
LEXUS,RX,automoveis,2006-01,1,0.0,0.5
LEXUS,RX,automoveis,2006-02,1,0.0,0.5
LEXUS,RX,automoveis,2007-01,1,0.0,0.5
M.BENZ,A45 AMG,automoveis,2022-08,4,0.1,2.2
M.BENZ,A45 AMG,automoveis,2022-09,3,0.1,2.2
M.BENZ,A45 AMG,automoveis,2022-10,1,0.1,2.2
M.BENZ,A45 AMG,automoveis,2022-12,5,0.1,2.2
M.BENZ,A45 AMG,automoveis,2023-05,1,0.1,2.2
M.BENZ,A45 AMG,automoveis,2023-06,1,0.1,2.2
M.BENZ,A45 AMG,automoveis,2023-07,5,0.1,2.2
M.BENZ,A45 AMG,automoveis,2023-10,2,0.1,2.2
M.BENZ,A45 AMG,automoveis,2024-01,3,0.1,2.2
M.BENZ,A45 AMG,automoveis,2024-03,3,0.1,2.2
M.BENZ,A45 AMG,automoveis,2024-05,1,0.1,2.2
M.BENZ,A45 AMG,automoveis,2024-06,1,0.1,2.2
M.BENZ,A45 AMG,automoveis,2024-07,2,0.1,2.2
M.BENZ,A45 AMG,automoveis,2024-09,1,0.1,2.2
M.BENZ,A45 AMG,automoveis,2025-01,1,0.1,2.2
M.BENZ,A45 AMG,automoveis,2025-02,1,0.1,2.2
M.BENZ,A45 AMG,automoveis,2026-01,1,0.1,2.2
M.BENZ,AMG GT63S,automoveis,2025-02,4,0.4,7.8
M.BENZ,AMG GT63S,automoveis,2025-03,1,0.4,7.8
M.BENZ,C 250,automoveis,2011-09,9,5.1,101.1
M.BENZ,C 250,automoveis,2011-10,6,5.1,101.1
M.BENZ,C 250,automoveis,2011-11,11,5.1,101.1
M.BENZ,C 250,automoveis,2011-12,41,5.1,101.1
M.BENZ,C 250,automoveis,2012-03,16,5.1,101.1
M.BENZ,C 250,automoveis,2012-04,15,5.1,101.1
M.BENZ,C 250,automoveis,2012-05,22,5.1,101.1
M.BENZ,C 250,automoveis,2013-02,14,5.1,101.1
M.BENZ,C 250,automoveis,2013-03,18,5.1,101.1
M.BENZ,C 250,automoveis,2013-04,7,5.1,101.1
M.BENZ,C 250,automoveis,2013-05,6,5.1,101.1
M.BENZ,C 250,automoveis,2014-01,19,5.1,101.1
M.BENZ,C 250,automoveis,2014-02,12,5.1,101.1
M.BENZ,C 250,automoveis,2014-03,13,5.1,101.1
M.BENZ,C 250,automoveis,2014-08,7,5.1,101.1
M.BENZ,C180,automoveis,2008-03,18,17.9,358.8
M.BENZ,C180,automoveis,2008-04,23,17.9,358.8
M.BENZ,C180,automoveis,2008-07,19,17.9,358.8
M.BENZ,C180,automoveis,2009-06,19,17.9,358.8
M.BENZ,C180,automoveis,2009-07,18,17.9,358.8
M.BENZ,C180,automoveis,2010-08,35,17.9,358.8
M.BENZ,C180,automoveis,2011-01,30,17.9,358.8
M.BENZ,C180,automoveis,2011-02,35,17.9,358.8
M.BENZ,C180,automoveis,2011-03,32,17.9,358.8
M.BENZ,C180,automoveis,2011-04,29,17.9,358.8
M.BENZ,C180,automoveis,2011-05,40,17.9,358.8
M.BENZ,C180,automoveis,2011-06,39,17.9,358.8
M.BENZ,C180,automoveis,2011-07,33,17.9,358.8
M.BENZ,C180,automoveis,2011-12,41,17.9,358.8
M.BENZ,C180,automoveis,2012-01,28,17.9,358.8
M.BENZ,C180,automoveis,2012-05,22,17.9,358.8
M.BENZ,CLA200,automoveis,2015-01,13,4.5,89.0
M.BENZ,CLA200,automoveis,2015-02,10,4.5,89.0
M.BENZ,CLA200,automoveis,2019-01,11,4.5,89.0
M.BENZ,CLA200,automoveis,2019-02,5,4.5,89.0
M.BENZ,CLA200,automoveis,2019-03,6,4.5,89.0
M.BENZ,CLA200,automoveis,2019-04,8,4.5,89.0
M.BENZ,CLA200,automoveis,2019-05,5,4.5,89.0
M.BENZ,CLA200,automoveis,2019-06,6,4.5,89.0
M.BENZ,CLA200,automoveis,2020-03,5,4.5,89.0
M.BENZ,CLA200,automoveis,2020-06,6,4.5,89.0
M.BENZ,CLA200,automoveis,2020-07,7,4.5,89.0
M.BENZ,CLA200,automoveis,2021-01,6,4.5,89.0
M.BENZ,CLA200,automoveis,2021-02,6,4.5,89.0
M.BENZ,CLA250,automoveis,2016-01,14,2.4,47.2
M.BENZ,CLA250,automoveis,2016-02,11,2.4,47.2
M.BENZ,CLA250,automoveis,2016-03,12,2.4,47.2
M.BENZ,CLA250,automoveis,2016-04,9,2.4,47.2
M.BENZ,CLA250,automoveis,2016-05,9,2.4,47.2
M.BENZ,CLA250,automoveis,2016-06,12,2.4,47.2
M.BENZ,CLA250,automoveis,2016-07,3,2.4,47.2
M.BENZ,CLA250,automoveis,2016-11,6,2.4,47.2
M.BENZ,CLA250,automoveis,2016-12,9,2.4,47.2
M.BENZ,CLA250,automoveis,2017-04,6,2.4,47.2
M.BENZ,CLA250,automoveis,2017-07,13,2.4,47.2
M.BENZ,CLA250,automoveis,2017-08,9,2.4,47.2
M.BENZ,CLA250,automoveis,2017-09,7,2.4,47.2
M.BENZ,CLA250,automoveis,2017-10,5,2.4,47.2
M.BENZ,CLA250,automoveis,2017-11,7,2.4,47.2
M.BENZ,CLA250,automoveis,2017-12,8,2.4,47.2
M.BENZ,CLA250,automoveis,2018-01,15,2.4,47.2
M.BENZ,CLA250,automoveis,2018-02,9,2.4,47.2
M.BENZ,CLA250,automoveis,2018-03,14,2.4,47.2
M.BENZ,CLA250,automoveis,2018-04,11,2.4,47.2
M.BENZ,CLA250,automoveis,2018-05,10,2.4,47.2
M.BENZ,CLA250,automoveis,2018-06,6,2.4,47.2
M.BENZ,CLA250,automoveis,2018-08,3,2.4,47.2
M.BENZ,CLA250,automoveis,2018-09,8,2.4,47.2
M.BENZ,CLA250,automoveis,2018-10,7,2.4,47.2
M.BENZ,CLA250,automoveis,2018-11,8,2.4,47.2
M.BENZ,CLA250,automoveis,2018-12,3,2.4,47.2
M.BENZ,CLA250,automoveis,2019-01,11,2.4,47.2
M.BENZ,CLA250,automoveis,2019-02,5,2.4,47.2
M.BENZ,CLA250,automoveis,2019-03,6,2.4,47.2
M.BENZ,CLA250,automoveis,2019-04,8,2.4,47.2
M.BENZ,CLA250,automoveis,2019-05,5,2.4,47.2
M.BENZ,CLA250,automoveis,2019-06,6,2.4,47.2
M.BENZ,CLA250,automoveis,2019-07,4,2.4,47.2
M.BENZ,CLA250,automoveis,2020-01,4,2.4,47.2
M.BENZ,CLA250,automoveis,2020-02,4,2.4,47.2
M.BENZ,CLA250,automoveis,2021-01,6,2.4,47.2
M.BENZ,CLA250,automoveis,2021-02,6,2.4,47.2
M.BENZ,CLASSE E,automoveis,2004-01,8,2.3,46.0
M.BENZ,CLASSE E,automoveis,2004-02,7,2.3,46.0
M.BENZ,CLASSE E,automoveis,2004-03,5,2.3,46.0
M.BENZ,CLASSE E,automoveis,2006-01,14,2.3,46.0
M.BENZ,CLASSE E,automoveis,2006-02,12,2.3,46.0
M.BENZ,CLASSE E,automoveis,2006-03,10,2.3,46.0
M.BENZ,CLASSE E,automoveis,2006-04,19,2.3,46.0
M.BENZ,CLASSE E,automoveis,2006-06,4,2.3,46.0
M.BENZ,CLASSE E,automoveis,2006-07,4,2.3,46.0
M.BENZ,CLASSE E,automoveis,2006-08,4,2.3,46.0
M.BENZ,CLASSE E,automoveis,2006-09,9,2.3,46.0
M.BENZ,CLASSE E,automoveis,2006-10,9,2.3,46.0
M.BENZ,CLASSE E,automoveis,2006-11,7,2.3,46.0
M.BENZ,CLASSE E,automoveis,2006-12,20,2.3,46.0
M.BENZ,CLASSE E,automoveis,2007-01,21,2.3,46.0
M.BENZ,CLASSE E,automoveis,2007-03,15,2.3,46.0
M.BENZ,CLASSE E,automoveis,2007-08,3,2.3,46.0
M.BENZ,CLASSE E,automoveis,2008-01,16,2.3,46.0
M.BENZ,CLASSE E,automoveis,2008-02,15,2.3,46.0
M.BENZ,CLASSE E,automoveis,2008-03,18,2.3,46.0
M.BENZ,CLASSE E,automoveis,2008-04,23,2.3,46.0
M.BENZ,CLASSE E,automoveis,2008-05,10,2.3,46.0
M.BENZ,CLASSE E,automoveis,2008-06,7,2.3,46.0
M.BENZ,CLASSE E,automoveis,2008-07,19,2.3,46.0
M.BENZ,CLASSE E,automoveis,2008-08,11,2.3,46.0
M.BENZ,CLASSE E,automoveis,2008-09,12,2.3,46.0
M.BENZ,CLASSE E,automoveis,2008-10,16,2.3,46.0
M.BENZ,CLASSE E,automoveis,2008-11,12,2.3,46.0
M.BENZ,CLASSE E,automoveis,2008-12,14,2.3,46.0
M.BENZ,CLASSE E,automoveis,2009-01,14,2.3,46.0
M.BENZ,CLASSE E,automoveis,2009-02,12,2.3,46.0
M.BENZ,CLASSE E,automoveis,2009-03,10,2.3,46.0
M.BENZ,CLASSE E,automoveis,2009-04,10,2.3,46.0
M.BENZ,CLASSE E,automoveis,2009-05,13,2.3,46.0
M.BENZ,CLASSE E,automoveis,2009-06,19,2.3,46.0
M.BENZ,CLASSE E,automoveis,2009-07,18,2.3,46.0
M.BENZ,CLASSE E,automoveis,2009-08,6,2.3,46.0
M.BENZ,CLASSE E,automoveis,2011-01,30,2.3,46.0
M.BENZ,CLASSE E,automoveis,2011-02,35,2.3,46.0
M.BENZ,CLASSE E,automoveis,2011-03,32,2.3,46.0
M.BENZ,CLASSE E,automoveis,2011-07,33,2.3,46.0
M.BENZ,CLASSE E,automoveis,2011-08,15,2.3,46.0
M.BENZ,CLASSE E,automoveis,2015-11,3,2.3,46.0
M.BENZ,CLASSE E,automoveis,2020-01,4,2.3,46.0
M.BENZ,CLASSE E,automoveis,2020-02,4,2.3,46.0
M.BENZ,CLASSE E,automoveis,2022-01,4,2.3,46.0
M.BENZ,CLASSE E,automoveis,2023-01,3,2.3,46.0
M.BENZ,CLASSE E,automoveis,2023-05,4,2.3,46.0
M.BENZ,CLASSE E,automoveis,2023-10,3,2.3,46.0
M.BENZ,CLASSE E,automoveis,2024-02,5,2.3,46.0
M.BENZ,CLASSE GLA,automoveis,2021-01,58,19.6,392.3
M.BENZ,CLASSE GLA,automoveis,2021-02,43,19.6,392.3
M.BENZ,CLASSE GLA,automoveis,2021-03,51,19.6,392.3
M.BENZ,CLASSE GLA,automoveis,2021-04,59,19.6,392.3
M.BENZ,CLASSE GLA,automoveis,2021-05,58,19.6,392.3
M.BENZ,CLASSE GLA,automoveis,2021-06,48,19.6,392.3
M.BENZ,CLASSE GLA,automoveis,2021-07,40,19.6,392.3
M.BENZ,CLASSE GLA,automoveis,2022-01,71,19.6,392.3
M.BENZ,CLASSE GLA,automoveis,2022-02,44,19.6,392.3
M.BENZ,CLASSE GLA,automoveis,2022-03,24,19.6,392.3
M.BENZ,CLASSE GLB,automoveis,2022-09,15,11.6,232.5
M.BENZ,CLASSE GLK,automoveis,2009-06,7,1.4,27.2
M.BENZ,CLASSE GLK,automoveis,2010-03,12,1.4,27.2
M.BENZ,CLASSE GLK,automoveis,2010-04,3,1.4,27.2
M.BENZ,CLASSE GLK,automoveis,2010-05,3,1.4,27.2
M.BENZ,CLASSE GLK,automoveis,2010-07,2,1.4,27.2
M.BENZ,CLASSE GLK,automoveis,2010-08,3,1.4,27.2
M.BENZ,CLASSE GLK,automoveis,2010-10,7,1.4,27.2
M.BENZ,CLASSE GLK,automoveis,2010-11,6,1.4,27.2
M.BENZ,CLASSE GLK,automoveis,2010-12,12,1.4,27.2
M.BENZ,CLASSE GLK,automoveis,2011-01,28,1.4,27.2
M.BENZ,CLASSE GLK,automoveis,2011-02,12,1.4,27.2
M.BENZ,CLASSE GLK,automoveis,2011-03,13,1.4,27.2
M.BENZ,CLASSE GLK,automoveis,2011-04,29,1.4,27.2
M.BENZ,CLASSE GLK,automoveis,2011-05,25,1.4,27.2
M.BENZ,CLASSE GLK,automoveis,2011-06,16,1.4,27.2
M.BENZ,CLASSE GLK,automoveis,2011-07,26,1.4,27.2
M.BENZ,CLASSE GLK,automoveis,2011-08,38,1.4,27.2
M.BENZ,CLASSE GLK,automoveis,2011-09,41,1.4,27.2
M.BENZ,CLASSE GLK,automoveis,2011-10,39,1.4,27.2
M.BENZ,CLASSE GLK,automoveis,2011-11,27,1.4,27.2
M.BENZ,CLASSE GLK,automoveis,2011-12,24,1.4,27.2
M.BENZ,CLASSE GLK,automoveis,2012-01,47,1.4,27.2
M.BENZ,CLASSE GLK,automoveis,2012-02,11,1.4,27.2
M.BENZ,CLASSE GLK,automoveis,2012-03,13,1.4,27.2
M.BENZ,CLASSE GLK,automoveis,2012-04,12,1.4,27.2
M.BENZ,CLASSE GLK,automoveis,2012-05,5,1.4,27.2
M.BENZ,CLASSE GLK,automoveis,2012-06,2,1.4,27.2
M.BENZ,CLASSE GLK,automoveis,2013-01,29,1.4,27.2
M.BENZ,CLASSE GLK,automoveis,2013-02,24,1.4,27.2
M.BENZ,CLASSE GLK,automoveis,2013-03,24,1.4,27.2
M.BENZ,CLASSE GLK,automoveis,2013-04,24,1.4,27.2
M.BENZ,CLASSE GLK,automoveis,2013-05,29,1.4,27.2
M.BENZ,CLASSE GLK,automoveis,2013-06,20,1.4,27.2
M.BENZ,CLASSE GLK,automoveis,2013-07,12,1.4,27.2
M.BENZ,CLASSE GLK,automoveis,2013-08,2,1.4,27.2
M.BENZ,CLASSE GLK,automoveis,2013-09,4,1.4,27.2
M.BENZ,CLASSE GLK,automoveis,2013-10,27,1.4,27.2
M.BENZ,CLASSE GLK,automoveis,2013-11,32,1.4,27.2
M.BENZ,CLASSE GLK,automoveis,2013-12,45,1.4,27.2
M.BENZ,CLASSE GLK,automoveis,2014-01,50,1.4,27.2
M.BENZ,CLASSE GLK,automoveis,2014-02,27,1.4,27.2
M.BENZ,CLASSE GLK,automoveis,2014-03,26,1.4,27.2
M.BENZ,CLASSE GLK,automoveis,2014-04,50,1.4,27.2
M.BENZ,CLASSE GLK,automoveis,2014-05,35,1.4,27.2
M.BENZ,CLASSE M,automoveis,2011-01,28,2.7,53.8
M.BENZ,CLASSE M,automoveis,2012-01,47,2.7,53.8
M.BENZ,CLASSE M,automoveis,2012-02,11,2.7,53.8
M.BENZ,CLASSE M,automoveis,2012-03,13,2.7,53.8
M.BENZ,CLASSE M,automoveis,2012-04,12,2.7,53.8
M.BENZ,CLASSE M,automoveis,2012-05,5,2.7,53.8
M.BENZ,CLASSE M,automoveis,2013-07,12,2.7,53.8
M.BENZ,CLASSE M,automoveis,2013-09,4,2.7,53.8
M.BENZ,CLASSE M,automoveis,2013-10,27,2.7,53.8
M.BENZ,CLASSE M,automoveis,2013-11,32,2.7,53.8
M.BENZ,CLASSE M,automoveis,2013-12,45,2.7,53.8
M.BENZ,CLS,automoveis,2011-01,3,0.7,13.8
M.BENZ,CLS,automoveis,2011-03,5,0.7,13.8
M.BENZ,CLS,automoveis,2011-05,1,0.7,13.8
M.BENZ,CLS,automoveis,2011-06,1,0.7,13.8
M.BENZ,CLS,automoveis,2011-12,3,0.7,13.8
M.BENZ,CLS,automoveis,2012-07,4,0.7,13.8
M.BENZ,CLS,automoveis,2012-08,3,0.7,13.8
M.BENZ,CLS,automoveis,2013-01,11,0.7,13.8
M.BENZ,CLS,automoveis,2013-07,1,0.7,13.8
M.BENZ,CLS,automoveis,2013-12,2,0.7,13.8
M.BENZ,CLS,automoveis,2014-01,10,0.7,13.8
M.BENZ,CLS,automoveis,2014-03,8,0.7,13.8
M.BENZ,CLS,automoveis,2014-04,12,0.7,13.8
M.BENZ,G500,automoveis,2006-02,1,0.0,0.2
M.BENZ,GLC,automoveis,2017-01,36,6.8,135.4
M.BENZ,GLC,automoveis,2018-01,66,6.8,135.4
M.BENZ,GLC,automoveis,2019-06,79,6.8,135.4
M.BENZ,GLC,automoveis,2019-07,97,6.8,135.4
M.BENZ,GLC,automoveis,2019-08,60,6.8,135.4
M.BENZ,GLC,automoveis,2019-09,71,6.8,135.4
M.BENZ,GLC,automoveis,2019-10,76,6.8,135.4
M.BENZ,GLC,automoveis,2019-11,63,6.8,135.4
M.BENZ,GLC,automoveis,2019-12,78,6.8,135.4
M.BENZ,GLC,automoveis,2020-01,72,6.8,135.4
M.BENZ,GLC,automoveis,2020-02,74,6.8,135.4
M.BENZ,GLC,automoveis,2020-03,57,6.8,135.4
M.BENZ,GLC,automoveis,2020-04,19,6.8,135.4
M.BENZ,GLC,automoveis,2020-05,30,6.8,135.4
M.BENZ,GLC,automoveis,2020-06,28,6.8,135.4
M.BENZ,GLC,automoveis,2020-07,96,6.8,135.4
M.BENZ,GLC,automoveis,2020-08,61,6.8,135.4
M.BENZ,GLC,automoveis,2020-09,65,6.8,135.4
M.BENZ,GLC,automoveis,2020-10,34,6.8,135.4
M.BENZ,GLC,automoveis,2020-11,39,6.8,135.4
M.BENZ,GLC,automoveis,2020-12,23,6.8,135.4
M.BENZ,GLC,automoveis,2021-01,58,6.8,135.4
M.BENZ,GLC,automoveis,2021-02,43,6.8,135.4
M.BENZ,GLC,automoveis,2021-03,51,6.8,135.4
M.BENZ,GLC,automoveis,2021-04,59,6.8,135.4
M.BENZ,GLC,automoveis,2021-05,58,6.8,135.4
M.BENZ,GLC,automoveis,2021-06,48,6.8,135.4
M.BENZ,GLC,automoveis,2021-07,40,6.8,135.4
M.BENZ,GLC,automoveis,2021-08,18,6.8,135.4
M.BENZ,GLC,automoveis,2022-01,71,6.8,135.4
M.BENZ,GLC,automoveis,2022-02,44,6.8,135.4
M.BENZ,GLC,automoveis,2022-03,24,6.8,135.4
M.BENZ,GLC,automoveis,2022-09,15,6.8,135.4
M.BENZ,GLC,automoveis,2022-10,8,6.8,135.4
M.BENZ,GLC,automoveis,2022-12,8,6.8,135.4
M.BENZ,GLC,automoveis,2023-01,67,6.8,135.4
M.BENZ,GLC,automoveis,2023-02,53,6.8,135.4
M.BENZ,GLC,automoveis,2023-03,105,6.8,135.4
M.BENZ,GLC,automoveis,2023-04,39,6.8,135.4
M.BENZ,GLC,automoveis,2023-05,92,6.8,135.4
M.BENZ,GLC,automoveis,2023-06,61,6.8,135.4
M.BENZ,GLC,automoveis,2023-07,57,6.8,135.4
M.BENZ,GLC,automoveis,2023-08,55,6.8,135.4
M.BENZ,GLC,automoveis,2023-10,48,6.8,135.4
M.BENZ,GLC,automoveis,2023-11,35,6.8,135.4
M.BENZ,GLC,automoveis,2023-12,35,6.8,135.4
M.BENZ,GLC,automoveis,2024-01,96,6.8,135.4
M.BENZ,GLC,automoveis,2024-03,8,6.8,135.4
M.BENZ,GLC,automoveis,2024-04,121,6.8,135.4
M.BENZ,GLC,automoveis,2024-05,64,6.8,135.4
M.BENZ,GLC,automoveis,2024-06,41,6.8,135.4
M.BENZ,GLC,automoveis,2024-07,89,6.8,135.4
M.BENZ,GLC,automoveis,2024-08,124,6.8,135.4
M.BENZ,GLC,automoveis,2024-09,28,6.8,135.4
M.BENZ,GLC,automoveis,2024-10,66,6.8,135.4
M.BENZ,GLC,automoveis,2024-11,56,6.8,135.4
M.BENZ,GLC,automoveis,2024-12,110,6.8,135.4
M.BENZ,GLC,automoveis,2025-01,132,6.8,135.4
M.BENZ,GLC,automoveis,2025-03,102,6.8,135.4
M.BENZ,GLE,automoveis,2017-01,36,1.5,29.6
M.BENZ,GLE,automoveis,2017-02,32,1.5,29.6
M.BENZ,GLE,automoveis,2017-03,47,1.5,29.6
M.BENZ,GLE,automoveis,2017-04,33,1.5,29.6
M.BENZ,GLE,automoveis,2017-07,18,1.5,29.6
M.BENZ,GLE,automoveis,2017-08,15,1.5,29.6
M.BENZ,GLE,automoveis,2017-09,6,1.5,29.6
M.BENZ,GLE,automoveis,2017-10,5,1.5,29.6
M.BENZ,GLE,automoveis,2017-11,5,1.5,29.6
M.BENZ,GLE,automoveis,2017-12,23,1.5,29.6
M.BENZ,GLE,automoveis,2018-01,66,1.5,29.6
M.BENZ,GLE,automoveis,2018-02,48,1.5,29.6
M.BENZ,GLE,automoveis,2018-03,62,1.5,29.6
M.BENZ,GLE,automoveis,2018-04,19,1.5,29.6
M.BENZ,GLE,automoveis,2018-05,64,1.5,29.6
M.BENZ,GLE,automoveis,2018-06,69,1.5,29.6
M.BENZ,GLE,automoveis,2018-07,33,1.5,29.6
M.BENZ,GLE,automoveis,2018-08,71,1.5,29.6
M.BENZ,GLE,automoveis,2018-09,73,1.5,29.6
M.BENZ,GLE,automoveis,2018-10,71,1.5,29.6
M.BENZ,GLE,automoveis,2018-11,84,1.5,29.6
M.BENZ,GLE,automoveis,2018-12,89,1.5,29.6
M.BENZ,GLE,automoveis,2019-01,85,1.5,29.6
M.BENZ,GLE,automoveis,2019-02,88,1.5,29.6
M.BENZ,GLE,automoveis,2019-03,80,1.5,29.6
M.BENZ,GLE,automoveis,2019-04,100,1.5,29.6
M.BENZ,GLE,automoveis,2019-05,99,1.5,29.6
M.BENZ,GLE,automoveis,2019-06,79,1.5,29.6
M.BENZ,GLE,automoveis,2019-07,97,1.5,29.6
M.BENZ,GLE,automoveis,2019-08,60,1.5,29.6
M.BENZ,GLE,automoveis,2019-09,71,1.5,29.6
M.BENZ,GLE,automoveis,2019-10,76,1.5,29.6
M.BENZ,GLE,automoveis,2019-11,63,1.5,29.6
M.BENZ,GLE,automoveis,2019-12,78,1.5,29.6
M.BENZ,GLE,automoveis,2020-01,72,1.5,29.6
M.BENZ,GLE,automoveis,2020-02,74,1.5,29.6
M.BENZ,GLE,automoveis,2020-03,57,1.5,29.6
M.BENZ,GLE,automoveis,2020-04,19,1.5,29.6
M.BENZ,GLE,automoveis,2020-05,30,1.5,29.6
M.BENZ,GLE,automoveis,2020-06,28,1.5,29.6
M.BENZ,GLE,automoveis,2020-07,96,1.5,29.6
M.BENZ,GLE,automoveis,2020-08,61,1.5,29.6
M.BENZ,GLE,automoveis,2020-09,65,1.5,29.6
M.BENZ,GLE,automoveis,2020-10,34,1.5,29.6
M.BENZ,GLE,automoveis,2020-11,39,1.5,29.6
M.BENZ,GLE,automoveis,2020-12,23,1.5,29.6
M.BENZ,GLE,automoveis,2021-01,58,1.5,29.6
M.BENZ,GLE,automoveis,2021-02,43,1.5,29.6
M.BENZ,GLE,automoveis,2021-03,51,1.5,29.6
M.BENZ,GLE,automoveis,2021-04,59,1.5,29.6
M.BENZ,GLE,automoveis,2021-05,58,1.5,29.6
M.BENZ,GLE,automoveis,2021-06,48,1.5,29.6
M.BENZ,GLE,automoveis,2021-07,40,1.5,29.6
M.BENZ,GLE,automoveis,2021-08,18,1.5,29.6
M.BENZ,GLE,automoveis,2021-09,4,1.5,29.6
M.BENZ,GLE,automoveis,2021-10,3,1.5,29.6
M.BENZ,GLE,automoveis,2021-11,3,1.5,29.6
M.BENZ,GLE,automoveis,2022-01,71,1.5,29.6
M.BENZ,GLE,automoveis,2022-02,44,1.5,29.6
M.BENZ,GLE,automoveis,2022-03,24,1.5,29.6
M.BENZ,GLE,automoveis,2022-04,6,1.5,29.6
M.BENZ,GLE,automoveis,2022-09,15,1.5,29.6
M.BENZ,GLE,automoveis,2022-10,8,1.5,29.6
M.BENZ,GLE,automoveis,2022-12,8,1.5,29.6
M.BENZ,S63,automoveis,2025-04,8,0.0,0.8
M.BENZ,S63,automoveis,2025-06,1,0.0,0.8
M.BENZ,S63,automoveis,2025-07,1,0.0,0.8
M.BENZ,S63,automoveis,2025-11,3,0.0,0.8
M.BENZ,S63,automoveis,2025-12,1,0.0,0.8
M.BENZ,S63,automoveis,2026-01,3,0.0,0.8
M.BENZ,SL,automoveis,2007-02,1,0.3,5.2
M.BENZ,SL,automoveis,2007-03,2,0.3,5.2
M.BENZ,SL,automoveis,2007-04,2,0.3,5.2
M.BENZ,SL,automoveis,2007-05,2,0.3,5.2
M.BENZ,SL,automoveis,2007-06,3,0.3,5.2
M.BENZ,SL,automoveis,2007-07,3,0.3,5.2
M.BENZ,SL,automoveis,2007-08,1,0.3,5.2
M.BENZ,SL,automoveis,2007-10,1,0.3,5.2
M.BENZ,SL,automoveis,2007-11,2,0.3,5.2
M.BENZ,SL,automoveis,2007-12,4,0.3,5.2
M.BENZ,SL,automoveis,2008-01,6,0.3,5.2
M.BENZ,SL,automoveis,2008-02,5,0.3,5.2
M.BENZ,SL,automoveis,2008-03,4,0.3,5.2
M.BENZ,SL,automoveis,2008-04,5,0.3,5.2
M.BENZ,SL,automoveis,2008-05,1,0.3,5.2
M.BENZ,SL,automoveis,2008-06,4,0.3,5.2
M.BENZ,SL,automoveis,2008-07,3,0.3,5.2
M.BENZ,SL,automoveis,2008-08,1,0.3,5.2
M.BENZ,SL,automoveis,2008-09,3,0.3,5.2
M.BENZ,SL,automoveis,2008-10,3,0.3,5.2
M.BENZ,SL,automoveis,2008-11,4,0.3,5.2
M.BENZ,SL,automoveis,2008-12,3,0.3,5.2
M.BENZ,SLS,automoveis,2010-11,4,0.3,5.5
M.BENZ,SPRINTER,comerciais_leves,2005-10,36,4.2,84.5
M.BENZ,SPRINTER,comerciais_leves,2006-02,69,4.2,84.5
M.BENZ,SPRINTER,comerciais_leves,2013-11,269,4.2,84.5
M.BENZ,SPRINTER,comerciais_leves,2023-11,119,4.2,84.5
M.BENZ,SPRINTER,comerciais_leves,2024-01,121,4.2,84.5
M.BENZ,SPRINTER,comerciais_leves,2024-03,157,4.2,84.5
M.BENZ,SPRINTER,comerciais_leves,2024-04,125,4.2,84.5
M.BENZ,SPRINTER,comerciais_leves,2024-06,107,4.2,84.5
M.BENZ,SPRINTER,comerciais_leves,2024-09,120,4.2,84.5
M.BENZ,SPRINTER,comerciais_leves,2024-10,173,4.2,84.5
M.BENZ,SPRINTER,comerciais_leves,2024-11,99,4.2,84.5
M.BENZ,SPRINTER,comerciais_leves,2025-01,157,4.2,84.5
M.BENZ,SPRINTER,comerciais_leves,2025-02,202,4.2,84.5
M.BENZ,SPRINTER,comerciais_leves,2025-07,172,4.2,84.5
M.BENZ,SPRINTER,comerciais_leves,2025-09,187,4.2,84.5
M.BENZ,SPRINTER,comerciais_leves,2025-10,141,4.2,84.5
M.BENZ,SPRINTER,comerciais_leves,2025-11,78,4.2,84.5
M.BENZ,SPRINTER 311,comerciais_leves,2003-05,57,11.9,237.5
M.BENZ,SPRINTER 311,comerciais_leves,2003-06,49,11.9,237.5
M.BENZ,SPRINTER 311,comerciais_leves,2003-08,42,11.9,237.5
M.BENZ,SPRINTER 311,comerciais_leves,2003-09,47,11.9,237.5
M.BENZ,SPRINTER 311,comerciais_leves,2003-11,35,11.9,237.5
M.BENZ,SPRINTER 311,comerciais_leves,2003-12,35,11.9,237.5
M.BENZ,SPRINTER 311,comerciais_leves,2004-01,61,11.9,237.5
M.BENZ,SPRINTER 311,comerciais_leves,2004-02,68,11.9,237.5
M.BENZ,SPRINTER 311,comerciais_leves,2004-03,53,11.9,237.5
M.BENZ,SPRINTER 311,comerciais_leves,2004-04,83,11.9,237.5
M.BENZ,SPRINTER 311,comerciais_leves,2004-05,37,11.9,237.5
M.BENZ,SPRINTER 311,comerciais_leves,2004-06,44,11.9,237.5
M.BENZ,SPRINTER 311,comerciais_leves,2004-07,59,11.9,237.5
M.BENZ,SPRINTER 311,comerciais_leves,2004-08,66,11.9,237.5
M.BENZ,SPRINTER 311,comerciais_leves,2004-09,47,11.9,237.5
M.BENZ,SPRINTER 311,comerciais_leves,2004-12,16,11.9,237.5
M.BENZ,SPRINTER 311,comerciais_leves,2005-01,63,11.9,237.5
M.BENZ,SPRINTER 311,comerciais_leves,2005-02,30,11.9,237.5
M.BENZ,SPRINTER 311,comerciais_leves,2005-07,43,11.9,237.5
M.BENZ,SPRINTER 311,comerciais_leves,2005-08,23,11.9,237.5
M.BENZ,SPRINTER 311,comerciais_leves,2005-09,30,11.9,237.5
M.BENZ,SPRINTER 311,comerciais_leves,2005-10,36,11.9,237.5
M.BENZ,SPRINTER 311,comerciais_leves,2005-11,43,11.9,237.5
M.BENZ,SPRINTER 311,comerciais_leves,2005-12,30,11.9,237.5
M.BENZ,SPRINTER 311,comerciais_leves,2006-01,72,11.9,237.5
M.BENZ,SPRINTER 311,comerciais_leves,2006-02,69,11.9,237.5
M.BENZ,SPRINTER 311,comerciais_leves,2006-03,97,11.9,237.5
M.BENZ,SPRINTER 311,comerciais_leves,2006-04,61,11.9,237.5
M.BENZ,SPRINTER 311,comerciais_leves,2006-05,79,11.9,237.5
M.BENZ,SPRINTER 311,comerciais_leves,2006-06,40,11.9,237.5
M.BENZ,SPRINTER 311,comerciais_leves,2006-07,58,11.9,237.5
M.BENZ,SPRINTER 311,comerciais_leves,2006-08,58,11.9,237.5
M.BENZ,SPRINTER 311,comerciais_leves,2006-09,90,11.9,237.5
M.BENZ,SPRINTER 311,comerciais_leves,2006-10,120,11.9,237.5
M.BENZ,SPRINTER 311,comerciais_leves,2006-11,73,11.9,237.5
M.BENZ,SPRINTER 311,comerciais_leves,2006-12,66,11.9,237.5
M.BENZ,SPRINTER 311,comerciais_leves,2007-01,78,11.9,237.5
M.BENZ,SPRINTER 311,comerciais_leves,2007-02,89,11.9,237.5
M.BENZ,SPRINTER 311,comerciais_leves,2007-03,103,11.9,237.5
M.BENZ,SPRINTER 311,comerciais_leves,2007-04,76,11.9,237.5
M.BENZ,SPRINTER 311,comerciais_leves,2007-05,74,11.9,237.5
M.BENZ,SPRINTER 311,comerciais_leves,2007-06,85,11.9,237.5
M.BENZ,SPRINTER 311,comerciais_leves,2007-07,91,11.9,237.5
M.BENZ,SPRINTER 311,comerciais_leves,2007-08,141,11.9,237.5
M.BENZ,SPRINTER 311,comerciais_leves,2007-09,112,11.9,237.5
M.BENZ,SPRINTER 311,comerciais_leves,2007-10,135,11.9,237.5
M.BENZ,SPRINTER 311,comerciais_leves,2007-11,129,11.9,237.5
M.BENZ,SPRINTER 311,comerciais_leves,2007-12,95,11.9,237.5
M.BENZ,SPRINTER 311,comerciais_leves,2008-01,154,11.9,237.5
M.BENZ,SPRINTER 311,comerciais_leves,2008-02,136,11.9,237.5
M.BENZ,SPRINTER 311,comerciais_leves,2008-03,214,11.9,237.5
M.BENZ,SPRINTER 311,comerciais_leves,2008-04,197,11.9,237.5
M.BENZ,SPRINTER 311,comerciais_leves,2008-05,170,11.9,237.5
M.BENZ,SPRINTER 311,comerciais_leves,2008-06,190,11.9,237.5
M.BENZ,SPRINTER 311,comerciais_leves,2008-07,190,11.9,237.5
M.BENZ,SPRINTER 311,comerciais_leves,2008-08,185,11.9,237.5
M.BENZ,SPRINTER 311,comerciais_leves,2008-09,194,11.9,237.5
M.BENZ,SPRINTER 311,comerciais_leves,2008-10,178,11.9,237.5
M.BENZ,SPRINTER 311,comerciais_leves,2008-11,170,11.9,237.5
M.BENZ,SPRINTER 313,comerciais_leves,2013-08,235,13.4,268.9
M.BENZ,SPRINTER 313,comerciais_leves,2013-09,246,13.4,268.9
M.BENZ,SPRINTER 313,comerciais_leves,2013-11,269,13.4,268.9
M.BENZ,SPRINTER 313,comerciais_leves,2014-01,270,13.4,268.9
M.BENZ,SPRINTER 313,comerciais_leves,2014-02,250,13.4,268.9
M.BENZ,SPRINTER 313,comerciais_leves,2014-03,245,13.4,268.9
M.BENZ,SPRINTER 313,comerciais_leves,2014-04,183,13.4,268.9
M.BENZ,SPRINTER 313,comerciais_leves,2014-05,157,13.4,268.9
M.BENZ,SPRINTER 313,comerciais_leves,2014-06,107,13.4,268.9
M.BENZ,SPRINTER 313,comerciais_leves,2014-07,104,13.4,268.9
M.BENZ,SPRINTER 313,comerciais_leves,2014-09,58,13.4,268.9
M.BENZ,SPRINTER 313,comerciais_leves,2014-10,79,13.4,268.9
M.BENZ,SPRINTER 313,comerciais_leves,2014-11,27,13.4,268.9
M.BENZ,SPRINTER 313,comerciais_leves,2014-12,21,13.4,268.9
M.BENZ,SPRINTER 313,comerciais_leves,2015-01,177,13.4,268.9
M.BENZ,SPRINTER 313,comerciais_leves,2015-02,151,13.4,268.9
M.BENZ,SPRINTER 313,comerciais_leves,2015-03,153,13.4,268.9
M.BENZ,SPRINTER 313,comerciais_leves,2015-04,126,13.4,268.9
M.BENZ,SPRINTER 313,comerciais_leves,2015-05,90,13.4,268.9
M.BENZ,SPRINTER 313,comerciais_leves,2015-08,88,13.4,268.9
M.BENZ,SPRINTER 313,comerciais_leves,2015-09,77,13.4,268.9
M.BENZ,SPRINTER 313,comerciais_leves,2015-10,97,13.4,268.9
M.BENZ,SPRINTER 313,comerciais_leves,2015-11,100,13.4,268.9
M.BENZ,SPRINTER 313,comerciais_leves,2015-12,106,13.4,268.9
M.BENZ,SPRINTER 313,comerciais_leves,2016-01,88,13.4,268.9
M.BENZ,SPRINTER 313,comerciais_leves,2016-02,74,13.4,268.9
M.BENZ,SPRINTER 313,comerciais_leves,2016-04,55,13.4,268.9
M.BENZ,SPRINTER 313,comerciais_leves,2016-05,64,13.4,268.9
M.BENZ,SPRINTER 313,comerciais_leves,2016-06,35,13.4,268.9
M.BENZ,SPRINTER 313,comerciais_leves,2016-08,50,13.4,268.9
M.BENZ,VITO,comerciais_leves,2018-07,82,2.0,39.3
M.BENZ,VITO,comerciais_leves,2018-08,97,2.0,39.3
M.BENZ,VITO,comerciais_leves,2018-09,74,2.0,39.3
M.BENZ,VITO,comerciais_leves,2018-12,30,2.0,39.3
M.BENZ,VITO,comerciais_leves,2019-03,126,2.0,39.3
M.BENZ,VITO,comerciais_leves,2019-04,174,2.0,39.3
M.BENZ,VITO,comerciais_leves,2019-06,122,2.0,39.3
M.BENZ,VITO,comerciais_leves,2019-07,84,2.0,39.3
M.BENZ,VITO,comerciais_leves,2019-08,149,2.0,39.3
M.BENZ,VITO,comerciais_leves,2019-09,173,2.0,39.3
M.BENZ,VITO,comerciais_leves,2019-10,189,2.0,39.3
M.BENZ,VITO,comerciais_leves,2019-11,160,2.0,39.3
M.BENZ,VITO,comerciais_leves,2019-12,186,2.0,39.3
M.BENZ,VITO,comerciais_leves,2020-01,195,2.0,39.3
M.BENZ,VITO,comerciais_leves,2020-04,37,2.0,39.3
M.BENZ,VITO,comerciais_leves,2020-05,50,2.0,39.3
M.BENZ,VITO,comerciais_leves,2020-08,121,2.0,39.3
M.BENZ,VITO,comerciais_leves,2020-09,140,2.0,39.3
M.BENZ,VITO,comerciais_leves,2020-10,166,2.0,39.3
M.BENZ,VITO,comerciais_leves,2020-12,116,2.0,39.3
M.BENZ,VITO,comerciais_leves,2021-01,146,2.0,39.3
M.BENZ,VITO,comerciais_leves,2021-02,139,2.0,39.3
M.BENZ,VITO,comerciais_leves,2021-03,205,2.0,39.3
M.BENZ,VITO,comerciais_leves,2021-04,150,2.0,39.3
M.BENZ,VITO,comerciais_leves,2021-05,204,2.0,39.3
M.BENZ,VITO,comerciais_leves,2021-06,165,2.0,39.3
M.BENZ,VITO,comerciais_leves,2021-07,199,2.0,39.3
M.BENZ,VITO,comerciais_leves,2021-08,208,2.0,39.3
MAHINDRA,HWKCD4,comerciais_leves,2015-02,5,1.1,21.2
MAHINDRA,HWKCD4,comerciais_leves,2015-03,3,1.1,21.2
MAHINDRA,HWKCD4,comerciais_leves,2015-04,8,1.1,21.2
MAHINDRA,HWKCD4,comerciais_leves,2015-12,2,1.1,21.2
MAHINDRA,HWKCD4,comerciais_leves,2016-01,12,1.1,21.2
MAHINDRA,HWKCD4,comerciais_leves,2016-04,5,1.1,21.2
MAHINDRA,HWKCD4,comerciais_leves,2016-05,5,1.1,21.2
MAHINDRA,HWKCD4,comerciais_leves,2016-07,6,1.1,21.2
MAHINDRA,HWKCD4,comerciais_leves,2016-08,6,1.1,21.2
MAHINDRA,HWKCS32,comerciais_leves,2015-12,2,0.7,14.2
MAHINDRA,HWKCS32,comerciais_leves,2016-01,12,0.7,14.2
MAHINDRA,HWKCS32,comerciais_leves,2016-02,10,0.7,14.2
MAHINDRA,HWKCS32,comerciais_leves,2016-03,9,0.7,14.2
MAHINDRA,HWKCS32,comerciais_leves,2016-04,5,0.7,14.2
MAHINDRA,HWKCS32,comerciais_leves,2016-05,5,0.7,14.2
MAHINDRA,HWKCS32,comerciais_leves,2016-06,9,0.7,14.2
MAHINDRA,HWKCS32,comerciais_leves,2016-07,6,0.7,14.2
MAHINDRA,HWKCS32,comerciais_leves,2016-08,6,0.7,14.2
MAHINDRA,HWKCS32,comerciais_leves,2016-09,3,0.7,14.2
MAHINDRA,HWKCS34,comerciais_leves,2015-02,5,1.7,33.6
MAHINDRA,HWKCS34,comerciais_leves,2015-03,3,1.7,33.6
MAHINDRA,MAHINDRA,comerciais_leves,2013-02,16,0.8,15.1
MAHINDRA,MAHINDRA,comerciais_leves,2013-03,11,0.8,15.1
MAHINDRA,MAHINDRA,comerciais_leves,2013-04,21,0.8,15.1
MAHINDRA,MAHINDRA,comerciais_leves,2013-05,17,0.8,15.1
MAHINDRA,MAHINDRA,comerciais_leves,2013-06,15,0.8,15.1
MAHINDRA,MAHINDRA,comerciais_leves,2013-07,32,0.8,15.1
MAHINDRA,MAHINDRA,comerciais_leves,2013-08,22,0.8,15.1
MAHINDRA,MAHINDRA,comerciais_leves,2013-09,10,0.8,15.1
MAHINDRA,MAHINDRA,comerciais_leves,2013-10,24,0.8,15.1
MAHINDRA,MAHINDRA,comerciais_leves,2013-11,14,0.8,15.1
MAHINDRA,MAHINDRA,comerciais_leves,2013-12,17,0.8,15.1
MAHINDRA,MAHINDRA,comerciais_leves,2014-01,19,0.8,15.1
MAHINDRA,MAHINDRA,comerciais_leves,2014-02,13,0.8,15.1
MAHINDRA,MAHINDRA,comerciais_leves,2014-03,17,0.8,15.1
MAHINDRA,MAHINDRA,comerciais_leves,2014-04,23,0.8,15.1
MAHINDRA,MAHINDRA,comerciais_leves,2014-05,10,0.8,15.1
MAHINDRA,MAHINDRA,comerciais_leves,2014-06,3,0.8,15.1
MAHINDRA,MAHINDRA,comerciais_leves,2014-08,2,0.8,15.1
MAHINDRA,MAHINDRA,comerciais_leves,2014-09,1,0.8,15.1
MAHINDRA,MAHINDRA,comerciais_leves,2014-10,1,0.8,15.1
MAHINDRA,MAHINDRA,comerciais_leves,2015-05,4,0.8,15.1
MAHINDRA,MAHINDRA,comerciais_leves,2015-07,1,0.8,15.1
MAHINDRA,MAHINDRA,comerciais_leves,2015-08,2,0.8,15.1
MAHINDRA,MAHINDRA,comerciais_leves,2015-10,1,0.8,15.1
MAHINDRA,MAHINDRA,comerciais_leves,2015-12,2,0.8,15.1
MAHINDRA,MAHINDRA,comerciais_leves,2016-01,12,0.8,15.1
MAHINDRA,MAHINDRA,comerciais_leves,2016-02,10,0.8,15.1
MAHINDRA,MAHINDRA,comerciais_leves,2016-03,9,0.8,15.1
MAHINDRA,MAHINDRA,comerciais_leves,2016-04,5,0.8,15.1
MAHINDRA,MAHINDRA,comerciais_leves,2016-05,5,0.8,15.1
MAHINDRA,MAHINDRA,comerciais_leves,2016-06,9,0.8,15.1
MAHINDRA,MAHINDRA,comerciais_leves,2016-07,6,0.8,15.1
MAHINDRA,MAHINDRA,comerciais_leves,2016-08,6,0.8,15.1
MAHINDRA,MAHINDRA,comerciais_leves,2016-10,10,0.8,15.1
MAHINDRA,MAHINDRA,comerciais_leves,2016-11,2,0.8,15.1
MAHINDRA,MAHINDRA,comerciais_leves,2017-01,3,0.8,15.1
MAHINDRA,MAHINDRA,comerciais_leves,2017-02,9,0.8,15.1
MAHINDRA,MAHINDRA,comerciais_leves,2017-03,1,0.8,15.1
MAHINDRA,MAHINDRA,comerciais_leves,2017-05,14,0.8,15.1
MAHINDRA,MAHINDRA,comerciais_leves,2017-06,1,0.8,15.1
MAHINDRA,MAHINDRA,comerciais_leves,2017-07,1,0.8,15.1
MAHINDRA,MAHINDRA,comerciais_leves,2017-08,1,0.8,15.1
MAHINDRA,MAHINDRA,comerciais_leves,2017-09,7,0.8,15.1
MAHINDRA,MAHINDRA,comerciais_leves,2017-10,6,0.8,15.1
MAHINDRA,MAHINDRA,comerciais_leves,2017-11,8,0.8,15.1
MAHINDRA,MAHINDRA,comerciais_leves,2017-12,2,0.8,15.1
MAHINDRA,MAHINDRA,comerciais_leves,2018-01,25,0.8,15.1
MAHINDRA,MAHINDRA,comerciais_leves,2018-02,18,0.8,15.1
MAHINDRA,MAHINDRA,comerciais_leves,2018-03,11,0.8,15.1
MAHINDRA,MAHINDRA,comerciais_leves,2018-04,7,0.8,15.1
MAHINDRA,MAHINDRA,comerciais_leves,2018-05,1,0.8,15.1
MAHINDRA,MAHINDRA,comerciais_leves,2018-06,4,0.8,15.1
MAHINDRA,MAHINDRA,comerciais_leves,2018-07,1,0.8,15.1
MAHINDRA,MAHINDRA,comerciais_leves,2018-08,2,0.8,15.1
MAHINDRA,MAHINDRA,comerciais_leves,2018-10,1,0.8,15.1
MAHINDRA,MAHINDRA,comerciais_leves,2018-11,1,0.8,15.1
MAHINDRA,MAHINDRA,comerciais_leves,2018-12,1,0.8,15.1
MAHINDRA,MAHINDRA,comerciais_leves,2019-01,1,0.8,15.1
MAHINDRA,MAHINDRA,comerciais_leves,2019-04,1,0.8,15.1
MAHINDRA,MAHINDRA,comerciais_leves,2019-06,2,0.8,15.1
MAHINDRA,MAHINDRA,comerciais_leves,2019-10,1,0.8,15.1
MAHINDRA,MAHINDRA,comerciais_leves,2019-11,8,0.8,15.1
MAHINDRA,MAHINDRA,comerciais_leves,2019-12,5,0.8,15.1
MAHINDRA,MAHINDRA,comerciais_leves,2020-01,2,0.8,15.1
MAHINDRA,MAHINDRA,comerciais_leves,2020-02,1,0.8,15.1
MAHINDRA,MAHINDRA,comerciais_leves,2020-06,1,0.8,15.1
MAHINDRA,MAHINDRA,comerciais_leves,2020-11,1,0.8,15.1
MAHINDRA,MAHINDRA,comerciais_leves,2020-12,1,0.8,15.1
MAHINDRA,MAHINDRA,comerciais_leves,2021-01,1,0.8,15.1
MAHINDRA,MAHINDRA,comerciais_leves,2021-04,18,0.8,15.1
MAHINDRA,MAHINDRA,comerciais_leves,2021-05,12,0.8,15.1
MAHINDRA,MAHINDRA,comerciais_leves,2021-06,21,0.8,15.1
MAHINDRA,MAHINDRA,comerciais_leves,2021-07,25,0.8,15.1
MAHINDRA,MAHINDRA,comerciais_leves,2021-09,25,0.8,15.1
MAHINDRA,MAHINDRA,comerciais_leves,2021-10,23,0.8,15.1
MAHINDRA,MAHINDRA,comerciais_leves,2021-11,13,0.8,15.1
MAHINDRA,MAHINDRA,comerciais_leves,2021-12,8,0.8,15.1
MASERATI,MASERATI,automoveis,2006-02,1,0.0,0.8
MASERATI,MASERATI,automoveis,2006-04,2,0.0,0.8
MASERATI,MASERATI,automoveis,2006-06,1,0.0,0.8
MASERATI,MASERATI,automoveis,2006-07,2,0.0,0.8
MASERATI,MASERATI,automoveis,2006-08,1,0.0,0.8
MASERATI,MASERATI,automoveis,2006-09,1,0.0,0.8
MASERATI,MASERATI,automoveis,2006-12,2,0.0,0.8
MINI,COOPER,automoveis,2018-01,314,7.0,140.2
MINI,COOPER,automoveis,2019-02,346,7.0,140.2
MINI,COOPER,automoveis,2019-03,300,7.0,140.2
MINI,COOPER,automoveis,2019-04,262,7.0,140.2
MINI,COOPER,automoveis,2019-05,284,7.0,140.2
MINI,COOPER,automoveis,2019-06,232,7.0,140.2
MINI,COOPER,automoveis,2019-07,211,7.0,140.2
MINI,COOPER,automoveis,2019-08,155,7.0,140.2
MINI,COOPER,automoveis,2019-09,153,7.0,140.2
MINI,COOPER,automoveis,2019-10,142,7.0,140.2
MINI,COOPER,automoveis,2019-11,72,7.0,140.2
MINI,COOPER,automoveis,2019-12,25,7.0,140.2
MINI,COOPER,automoveis,2024-01,111,7.0,140.2
MINI,COOPER,automoveis,2024-02,140,7.0,140.2
MINI,COOPER,automoveis,2024-03,396,7.0,140.2
MINI,COOPER,automoveis,2024-04,365,7.0,140.2
MINI,COOPER,automoveis,2024-05,280,7.0,140.2
MINI,COOPER,automoveis,2024-06,217,7.0,140.2
MINI,COOPER,automoveis,2024-07,398,7.0,140.2
MINI,COOPER,automoveis,2024-08,382,7.0,140.2
MINI,COOPER,automoveis,2024-09,307,7.0,140.2
MINI,COOPER,automoveis,2024-10,498,7.0,140.2
MINI,COOPER,automoveis,2024-11,390,7.0,140.2
MINI,COOPER,automoveis,2024-12,326,7.0,140.2
MINI,COOPER,automoveis,2025-01,111,7.0,140.2
MINI,COOPER,automoveis,2025-02,37,7.0,140.2
MINI,COOPER SCYMAN,automoveis,2013-01,29,3.7,74.5
MINI,COOPER SCYMAN,automoveis,2013-02,24,3.7,74.5
MITSUBISHI,PAJERO,automoveis,2019-02,88,85.6,1711.2
MITSUBISHI,PAJERO,automoveis,2019-04,100,85.6,1711.2
NISSAN,350Z,automoveis,2005-01,1,0.3,5.8
NISSAN,350Z,automoveis,2006-01,2,0.3,5.8
NISSAN,350Z,automoveis,2006-02,1,0.3,5.8
NISSAN,350Z,automoveis,2007-01,2,0.3,5.8
NISSAN,350Z,automoveis,2007-05,2,0.3,5.8
NISSAN,350Z,automoveis,2007-06,3,0.3,5.8
NISSAN,350Z,automoveis,2007-07,3,0.3,5.8
NISSAN,350Z,automoveis,2007-08,1,0.3,5.8
NISSAN,350Z,automoveis,2007-10,1,0.3,5.8
NISSAN,350Z,automoveis,2007-11,2,0.3,5.8
NISSAN,350Z,automoveis,2007-12,4,0.3,5.8
NISSAN,INFINITI,automoveis,2006-01,1,0.3,6.7
NISSAN,LEAF,automoveis,2024-01,3,2.8,55.3
NISSAN,MURANO,automoveis,2006-01,1,0.5,9.2
NISSAN,MURANO,automoveis,2006-02,1,0.5,9.2
NISSAN,PATHFINDER,automoveis,2009-03,10,1.4,28.1
NISSAN,PATHFINDER,automoveis,2009-04,8,1.4,28.1
NISSAN,PATHFINDER,automoveis,2009-05,8,1.4,28.1
NISSAN,TIIDA,automoveis,2011-04,1002,36.7,733.8
NISSAN,TIIDA,automoveis,2011-05,1024,36.7,733.8
NISSAN,TIIDA,automoveis,2011-06,658,36.7,733.8
NISSAN,TIIDA,automoveis,2011-07,1193,36.7,733.8
NISSAN,TIIDA,automoveis,2011-08,1189,36.7,733.8
NISSAN,TIIDA,automoveis,2011-10,960,36.7,733.8
NISSAN,TIIDA,automoveis,2011-11,655,36.7,733.8
NISSAN,TIIDA,automoveis,2011-12,385,36.7,733.8
PEUGEOT,106,automoveis,2003-09,3,0.2,3.0
PEUGEOT,106,automoveis,2003-10,1,0.2,3.0
PEUGEOT,106,automoveis,2003-11,1,0.2,3.0
PEUGEOT,2008,automoveis,2024-07,89,62.4,1247.8
PEUGEOT,207 SW,automoveis,2011-01,255,34.6,691.9
PEUGEOT,207 SW,automoveis,2011-02,307,34.6,691.9
PEUGEOT,207 SW,automoveis,2011-03,368,34.6,691.9
PEUGEOT,207 SW,automoveis,2011-04,263,34.6,691.9
PEUGEOT,207 SW,automoveis,2011-05,401,34.6,691.9
PEUGEOT,207 SW,automoveis,2011-06,337,34.6,691.9
PEUGEOT,207 SW,automoveis,2011-07,335,34.6,691.9
PEUGEOT,207 SW,automoveis,2011-08,303,34.6,691.9
PEUGEOT,207 SW,automoveis,2011-09,250,34.6,691.9
PEUGEOT,207 SW,automoveis,2011-10,262,34.6,691.9
PEUGEOT,207 SW,automoveis,2011-11,262,34.6,691.9
PEUGEOT,207 SW,automoveis,2011-12,307,34.6,691.9
PEUGEOT,207 SW,automoveis,2012-01,279,34.6,691.9
PEUGEOT,207 SW,automoveis,2012-02,303,34.6,691.9
PEUGEOT,207 SW,automoveis,2012-03,374,34.6,691.9
PEUGEOT,207 SW,automoveis,2012-04,289,34.6,691.9
PEUGEOT,207 SW,automoveis,2012-05,389,34.6,691.9
PEUGEOT,207 SW,automoveis,2012-06,346,34.6,691.9
PEUGEOT,207 SW,automoveis,2012-07,386,34.6,691.9
PEUGEOT,207 SW,automoveis,2012-08,373,34.6,691.9
PEUGEOT,207 SW,automoveis,2012-09,317,34.6,691.9
PEUGEOT,207 SW,automoveis,2012-10,213,34.6,691.9
PEUGEOT,3008,automoveis,2014-01,50,11.9,237.1
PEUGEOT,3008,automoveis,2015-07,69,11.9,237.1
PEUGEOT,3008,automoveis,2015-08,56,11.9,237.1
PEUGEOT,3008,automoveis,2015-09,43,11.9,237.1
PEUGEOT,3008,automoveis,2015-10,26,11.9,237.1
PEUGEOT,3008,automoveis,2015-11,32,11.9,237.1
PEUGEOT,3008,automoveis,2015-12,23,11.9,237.1
PEUGEOT,3008,automoveis,2016-01,56,11.9,237.1
PEUGEOT,3008,automoveis,2016-02,36,11.9,237.1
PEUGEOT,3008,automoveis,2016-03,17,11.9,237.1
PEUGEOT,3008,automoveis,2016-04,29,11.9,237.1
PEUGEOT,3008,automoveis,2016-05,17,11.9,237.1
PEUGEOT,3008,automoveis,2016-06,27,11.9,237.1
PEUGEOT,3008,automoveis,2016-07,27,11.9,237.1
PEUGEOT,3008,automoveis,2016-08,16,11.9,237.1
PEUGEOT,3008,automoveis,2017-01,36,11.9,237.1
PEUGEOT,3008,automoveis,2017-02,32,11.9,237.1
PEUGEOT,3008,automoveis,2017-03,47,11.9,237.1
PEUGEOT,3008,automoveis,2017-04,33,11.9,237.1
PEUGEOT,3008,automoveis,2017-05,56,11.9,237.1
PEUGEOT,3008,automoveis,2017-06,37,11.9,237.1
PEUGEOT,3008,automoveis,2017-07,18,11.9,237.1
PEUGEOT,3008,automoveis,2017-08,15,11.9,237.1
PEUGEOT,3008,automoveis,2020-10,34,11.9,237.1
PEUGEOT,3008,automoveis,2021-02,43,11.9,237.1
PEUGEOT,307,automoveis,2009-06,1030,58.4,1168.2
PEUGEOT,307,automoveis,2009-07,983,58.4,1168.2
PEUGEOT,308,automoveis,2015-04,278,58.6,1172.0
PEUGEOT,308,automoveis,2015-05,217,58.6,1172.0
PEUGEOT,308,automoveis,2015-06,207,58.6,1172.0
PEUGEOT,308,automoveis,2015-07,171,58.6,1172.0
PEUGEOT,308,automoveis,2016-01,287,58.6,1172.0
PEUGEOT,308,automoveis,2016-02,90,58.6,1172.0
PEUGEOT,407,automoveis,2007-02,16,1.9,37.6
PEUGEOT,407,automoveis,2009-05,13,1.9,37.6
PEUGEOT,407,automoveis,2009-06,19,1.9,37.6
PEUGEOT,407,automoveis,2009-07,18,1.9,37.6
PEUGEOT,407,automoveis,2009-08,6,1.9,37.6
PEUGEOT,407,automoveis,2009-09,3,1.9,37.6
PEUGEOT,BOXER,comerciais_leves,2017-11,22,15.0,300.2
PEUGEOT,BOXER,comerciais_leves,2018-01,66,15.0,300.2
PEUGEOT,BOXER,comerciais_leves,2018-03,93,15.0,300.2
PEUGEOT,BOXER,comerciais_leves,2018-04,83,15.0,300.2
PEUGEOT,BOXER,comerciais_leves,2018-06,73,15.0,300.2
PEUGEOT,BOXER,comerciais_leves,2018-07,82,15.0,300.2
PEUGEOT,BOXER,comerciais_leves,2018-08,97,15.0,300.2
PEUGEOT,BOXER,comerciais_leves,2018-09,74,15.0,300.2
PEUGEOT,BOXER,comerciais_leves,2018-10,156,15.0,300.2
PEUGEOT,BOXER,comerciais_leves,2023-01,134,15.0,300.2
PEUGEOT,RCZ,automoveis,2014-03,2,1.1,22.8
PEUGEOT,RCZ,automoveis,2014-04,2,1.1,22.8
PORSCHE,911,automoveis,2011-01,8,6.9,137.9
PORSCHE,911,automoveis,2013-01,10,6.9,137.9
PORSCHE,911,automoveis,2013-04,7,6.9,137.9
PORSCHE,911,automoveis,2013-06,7,6.9,137.9
PORSCHE,911,automoveis,2013-09,7,6.9,137.9
PORSCHE,BOXSTER,automoveis,2009-07,4,3.8,75.5
PORSCHE,BOXSTER,automoveis,2012-01,4,3.8,75.5
PORSCHE,BOXSTER,automoveis,2012-02,6,3.8,75.5
PORSCHE,BOXSTER,automoveis,2012-03,4,3.8,75.5
PORSCHE,BOXSTER,automoveis,2014-01,5,3.8,75.5
PORSCHE,BOXSTER,automoveis,2016-01,4,3.8,75.5
PORSCHE,CAYENNE,automoveis,2012-01,47,6.1,122.1
PORSCHE,CAYENNE,automoveis,2012-02,11,6.1,122.1
PORSCHE,CAYENNE,automoveis,2012-03,13,6.1,122.1
PORSCHE,CAYENNE,automoveis,2012-04,12,6.1,122.1
PORSCHE,CAYENNE,automoveis,2014-01,50,6.1,122.1
PORSCHE,CAYENNE,automoveis,2014-02,27,6.1,122.1
PORSCHE,CAYENNE,automoveis,2014-03,26,6.1,122.1
PORSCHE,CAYENNE,automoveis,2014-04,50,6.1,122.1
PORSCHE,CAYENNE,automoveis,2014-05,35,6.1,122.1
PORSCHE,CAYENNE,automoveis,2014-06,25,6.1,122.1
PORSCHE,CAYENNE,automoveis,2014-07,22,6.1,122.1
PORSCHE,CAYENNE,automoveis,2014-08,15,6.1,122.1
PORSCHE,CAYENNE,automoveis,2014-09,60,6.1,122.1
PORSCHE,CAYENNE,automoveis,2014-10,34,6.1,122.1
PORSCHE,CAYENNE,automoveis,2014-11,21,6.1,122.1
PORSCHE,CAYENNE,automoveis,2014-12,25,6.1,122.1
PORSCHE,CAYENNE,automoveis,2015-01,51,6.1,122.1
PORSCHE,CAYENNE,automoveis,2015-02,28,6.1,122.1
PORSCHE,CAYENNE,automoveis,2015-03,20,6.1,122.1
PORSCHE,CAYENNE,automoveis,2015-04,27,6.1,122.1
PORSCHE,CAYENNE,automoveis,2015-05,45,6.1,122.1
PORSCHE,CAYENNE,automoveis,2015-06,32,6.1,122.1
PORSCHE,CAYENNE,automoveis,2015-07,69,6.1,122.1
PORSCHE,CAYENNE,automoveis,2015-08,56,6.1,122.1
PORSCHE,CAYENNE,automoveis,2015-09,43,6.1,122.1
PORSCHE,CAYENNE,automoveis,2015-10,26,6.1,122.1
PORSCHE,CAYENNE,automoveis,2015-11,32,6.1,122.1
PORSCHE,CAYENNE,automoveis,2015-12,23,6.1,122.1
PORSCHE,CAYENNE,automoveis,2016-01,56,6.1,122.1
PORSCHE,CAYENNE,automoveis,2016-02,36,6.1,122.1
PORSCHE,CAYENNE,automoveis,2016-03,17,6.1,122.1
PORSCHE,CAYENNE,automoveis,2016-04,29,6.1,122.1
PORSCHE,CAYENNE,automoveis,2016-05,17,6.1,122.1
PORSCHE,CAYENNE,automoveis,2016-06,27,6.1,122.1
PORSCHE,CAYENNE,automoveis,2016-07,27,6.1,122.1
PORSCHE,CAYENNE,automoveis,2016-08,16,6.1,122.1
PORSCHE,CAYENNE,automoveis,2017-01,36,6.1,122.1
PORSCHE,CAYENNE,automoveis,2017-02,32,6.1,122.1
PORSCHE,CAYENNE,automoveis,2017-03,47,6.1,122.1
PORSCHE,CAYENNE,automoveis,2017-04,33,6.1,122.1
PORSCHE,CAYENNE,automoveis,2017-05,56,6.1,122.1
PORSCHE,CAYENNE,automoveis,2017-06,37,6.1,122.1
PORSCHE,CAYENNE,automoveis,2017-07,18,6.1,122.1
PORSCHE,CAYENNE,automoveis,2017-08,15,6.1,122.1
PORSCHE,CAYENNE,automoveis,2017-12,23,6.1,122.1
PORSCHE,CAYENNE,automoveis,2018-01,66,6.1,122.1
PORSCHE,CAYENNE,automoveis,2018-02,48,6.1,122.1
PORSCHE,CAYENNE,automoveis,2018-03,62,6.1,122.1
PORSCHE,CAYENNE,automoveis,2018-04,19,6.1,122.1
PORSCHE,CAYENNE,automoveis,2018-05,64,6.1,122.1
PORSCHE,CAYENNE,automoveis,2018-06,69,6.1,122.1
PORSCHE,CAYENNE,automoveis,2018-07,33,6.1,122.1
PORSCHE,CAYENNE,automoveis,2018-08,71,6.1,122.1
PORSCHE,CAYENNE,automoveis,2018-09,73,6.1,122.1
PORSCHE,CAYENNE,automoveis,2018-10,71,6.1,122.1
PORSCHE,CAYENNE,automoveis,2018-11,84,6.1,122.1
PORSCHE,CAYENNE,automoveis,2018-12,89,6.1,122.1
PORSCHE,CAYENNE,automoveis,2019-01,85,6.1,122.1
PORSCHE,CAYENNE,automoveis,2019-02,88,6.1,122.1
PORSCHE,CAYENNE,automoveis,2019-03,80,6.1,122.1
PORSCHE,CAYENNE,automoveis,2019-04,100,6.1,122.1
PORSCHE,CAYENNE,automoveis,2019-05,99,6.1,122.1
PORSCHE,CAYENNE,automoveis,2019-06,79,6.1,122.1
PORSCHE,CAYENNE,automoveis,2019-07,97,6.1,122.1
PORSCHE,CAYENNE,automoveis,2019-08,60,6.1,122.1
PORSCHE,CAYENNE,automoveis,2019-09,71,6.1,122.1
PORSCHE,CAYENNE,automoveis,2019-10,76,6.1,122.1
PORSCHE,CAYENNE,automoveis,2019-11,63,6.1,122.1
PORSCHE,CAYENNE,automoveis,2019-12,78,6.1,122.1
PORSCHE,CAYENNE,automoveis,2020-01,72,6.1,122.1
PORSCHE,CAYENNE,automoveis,2020-02,74,6.1,122.1
PORSCHE,CAYENNE,automoveis,2020-03,57,6.1,122.1
PORSCHE,CAYENNE,automoveis,2020-04,19,6.1,122.1
PORSCHE,CAYENNE,automoveis,2020-05,30,6.1,122.1
PORSCHE,CAYENNE,automoveis,2020-06,28,6.1,122.1
PORSCHE,CAYENNE,automoveis,2020-07,96,6.1,122.1
PORSCHE,CAYENNE,automoveis,2020-08,61,6.1,122.1
PORSCHE,CAYENNE,automoveis,2020-09,65,6.1,122.1
PORSCHE,CAYENNE,automoveis,2020-10,34,6.1,122.1
PORSCHE,CAYENNE,automoveis,2020-11,39,6.1,122.1
PORSCHE,CAYENNE,automoveis,2020-12,23,6.1,122.1
PORSCHE,CAYENNE,automoveis,2021-01,58,6.1,122.1
PORSCHE,CAYENNE,automoveis,2021-02,43,6.1,122.1
PORSCHE,CAYENNE,automoveis,2021-03,51,6.1,122.1
PORSCHE,CAYENNE,automoveis,2021-04,59,6.1,122.1
PORSCHE,CAYENNE,automoveis,2021-05,58,6.1,122.1
PORSCHE,CAYENNE,automoveis,2021-06,48,6.1,122.1
PORSCHE,CAYENNE,automoveis,2021-07,40,6.1,122.1
PORSCHE,CAYENNE,automoveis,2021-08,18,6.1,122.1
PORSCHE,CAYENNE,automoveis,2022-01,71,6.1,122.1
PORSCHE,CAYENNE,automoveis,2022-02,44,6.1,122.1
PORSCHE,CAYENNE,automoveis,2022-03,24,6.1,122.1
PORSCHE,CAYENNE,automoveis,2022-09,15,6.1,122.1
PORSCHE,CAYENNE,automoveis,2022-10,8,6.1,122.1
PORSCHE,CAYENNE,automoveis,2022-12,8,6.1,122.1
PORSCHE,CAYENNE,automoveis,2024-01,96,6.1,122.1
PORSCHE,CAYENNE,automoveis,2024-02,62,6.1,122.1
PORSCHE,CAYENNE,automoveis,2024-03,8,6.1,122.1
PORSCHE,CAYENNE,automoveis,2024-04,121,6.1,122.1
PORSCHE,CAYENNE,automoveis,2024-05,64,6.1,122.1
PORSCHE,CAYENNE,automoveis,2025-02,124,6.1,122.1
PORSCHE,CAYENNE,automoveis,2025-03,102,6.1,122.1
PORSCHE,CAYENNE,automoveis,2025-04,78,6.1,122.1
PORSCHE,CAYMAN,automoveis,2007-01,2,1.5,29.4
PORSCHE,CAYMAN,automoveis,2007-03,2,1.5,29.4
PORSCHE,CAYMAN,automoveis,2007-06,3,1.5,29.4
PORSCHE,CAYMAN,automoveis,2007-07,3,1.5,29.4
PORSCHE,CAYMAN,automoveis,2007-11,2,1.5,29.4
PORSCHE,CAYMAN,automoveis,2007-12,4,1.5,29.4
PORSCHE,CAYMAN,automoveis,2008-01,6,1.5,29.4
PORSCHE,CAYMAN,automoveis,2008-02,5,1.5,29.4
PORSCHE,CAYMAN,automoveis,2008-03,4,1.5,29.4
PORSCHE,CAYMAN,automoveis,2008-04,5,1.5,29.4
PORSCHE,CAYMAN,automoveis,2008-06,4,1.5,29.4
PORSCHE,CAYMAN,automoveis,2009-01,4,1.5,29.4
PORSCHE,CAYMAN,automoveis,2009-02,3,1.5,29.4
PORSCHE,CAYMAN,automoveis,2009-04,4,1.5,29.4
PORSCHE,CAYMAN,automoveis,2009-05,3,1.5,29.4
PORSCHE,CAYMAN,automoveis,2009-07,4,1.5,29.4
PORSCHE,CAYMAN,automoveis,2009-10,2,1.5,29.4
PORSCHE,CAYMAN,automoveis,2009-11,3,1.5,29.4
PORSCHE,CAYMAN,automoveis,2009-12,3,1.5,29.4
PORSCHE,CAYMAN,automoveis,2010-01,4,1.5,29.4
PORSCHE,CAYMAN,automoveis,2010-02,2,1.5,29.4
PORSCHE,CAYMAN,automoveis,2010-04,2,1.5,29.4
PORSCHE,CAYMAN,automoveis,2010-10,2,1.5,29.4
PORSCHE,CAYMAN,automoveis,2011-05,6,1.5,29.4
PORSCHE,CAYMAN,automoveis,2011-12,5,1.5,29.4
PORSCHE,CAYMAN,automoveis,2012-02,6,1.5,29.4
PORSCHE,CAYMAN,automoveis,2012-03,4,1.5,29.4
PORSCHE,CAYMAN,automoveis,2012-04,2,1.5,29.4
PORSCHE,CAYMAN,automoveis,2012-08,3,1.5,29.4
PORSCHE,CAYMAN,automoveis,2012-12,2,1.5,29.4
PORSCHE,CAYMAN,automoveis,2013-01,10,1.5,29.4
PORSCHE,CAYMAN,automoveis,2013-03,5,1.5,29.4
PORSCHE,CAYMAN,automoveis,2013-04,7,1.5,29.4
PORSCHE,CAYMAN,automoveis,2013-05,4,1.5,29.4
PORSCHE,CAYMAN,automoveis,2013-06,7,1.5,29.4
PORSCHE,CAYMAN,automoveis,2013-07,3,1.5,29.4
PORSCHE,CAYMAN,automoveis,2013-08,2,1.5,29.4
PORSCHE,CAYMAN,automoveis,2013-09,7,1.5,29.4
PORSCHE,CAYMAN,automoveis,2013-10,4,1.5,29.4
PORSCHE,CAYMAN,automoveis,2013-11,2,1.5,29.4
PORSCHE,CAYMAN,automoveis,2013-12,3,1.5,29.4
PORSCHE,CAYMAN,automoveis,2014-01,5,1.5,29.4
PORSCHE,CAYMAN,automoveis,2014-02,3,1.5,29.4
PORSCHE,CAYMAN,automoveis,2014-05,2,1.5,29.4
PORSCHE,CAYMAN,automoveis,2014-07,4,1.5,29.4
PORSCHE,CAYMAN,automoveis,2014-08,5,1.5,29.4
PORSCHE,CAYMAN,automoveis,2014-09,4,1.5,29.4
PORSCHE,CAYMAN,automoveis,2014-10,5,1.5,29.4
PORSCHE,CAYMAN,automoveis,2015-01,6,1.5,29.4
PORSCHE,CAYMAN,automoveis,2015-02,4,1.5,29.4
PORSCHE,CAYMAN,automoveis,2015-03,4,1.5,29.4
PORSCHE,CAYMAN,automoveis,2015-04,5,1.5,29.4
PORSCHE,CAYMAN,automoveis,2015-05,2,1.5,29.4
PORSCHE,CAYMAN,automoveis,2015-06,6,1.5,29.4
PORSCHE,CAYMAN,automoveis,2015-07,5,1.5,29.4
PORSCHE,CAYMAN,automoveis,2015-08,3,1.5,29.4
PORSCHE,CAYMAN,automoveis,2015-09,3,1.5,29.4
PORSCHE,CAYMAN,automoveis,2015-11,4,1.5,29.4
PORSCHE,CAYMAN,automoveis,2015-12,6,1.5,29.4
PORSCHE,CAYMAN,automoveis,2026-01,3,1.5,29.4
PORSCHE,CAYMAN,automoveis,2026-03,3,1.5,29.4
PORSCHE,CAYMAN,automoveis,2026-04,5,1.5,29.4
PORSCHE,MACAN,automoveis,2024-01,96,5.5,109.0
PORSCHE,MACAN,automoveis,2024-02,62,5.5,109.0
PORSCHE,MACAN,automoveis,2024-03,8,5.5,109.0
PORSCHE,MACAN,automoveis,2024-05,64,5.5,109.0
PORSCHE,MACAN,automoveis,2024-06,41,5.5,109.0
PORSCHE,MACAN,automoveis,2024-07,89,5.5,109.0
PORSCHE,MACAN,automoveis,2024-08,124,5.5,109.0
PORSCHE,MACAN,automoveis,2024-09,28,5.5,109.0
PORSCHE,MACAN,automoveis,2024-10,66,5.5,109.0
PORSCHE,MACAN,automoveis,2024-11,56,5.5,109.0
PORSCHE,MACAN,automoveis,2024-12,110,5.5,109.0
PORSCHE,PANAMERA,automoveis,2010-08,35,2.2,44.3
PORSCHE,PANAMERA,automoveis,2010-09,15,2.2,44.3
PORSCHE,PANAMERA,automoveis,2010-10,11,2.2,44.3
PORSCHE,PANAMERA,automoveis,2010-11,4,2.2,44.3
PORSCHE,PANAMERA,automoveis,2011-01,30,2.2,44.3
PORSCHE,PANAMERA,automoveis,2011-02,35,2.2,44.3
PORSCHE,PANAMERA,automoveis,2011-03,32,2.2,44.3
PORSCHE,PANAMERA,automoveis,2011-04,29,2.2,44.3
PORSCHE,PANAMERA,automoveis,2011-05,40,2.2,44.3
PORSCHE,PANAMERA,automoveis,2011-06,39,2.2,44.3
PORSCHE,PANAMERA,automoveis,2011-07,33,2.2,44.3
PORSCHE,PANAMERA,automoveis,2011-08,15,2.2,44.3
PORSCHE,PANAMERA,automoveis,2011-09,9,2.2,44.3
PORSCHE,PANAMERA,automoveis,2011-10,6,2.2,44.3
PORSCHE,PANAMERA,automoveis,2011-11,11,2.2,44.3
PORSCHE,PANAMERA,automoveis,2011-12,41,2.2,44.3
PORSCHE,PANAMERA,automoveis,2012-01,28,2.2,44.3
PORSCHE,PANAMERA,automoveis,2012-02,17,2.2,44.3
PORSCHE,PANAMERA,automoveis,2012-03,16,2.2,44.3
PORSCHE,PANAMERA,automoveis,2012-04,15,2.2,44.3
PORSCHE,PANAMERA,automoveis,2012-05,22,2.2,44.3
PORSCHE,PANAMERA,automoveis,2012-06,5,2.2,44.3
PORSCHE,PANAMERA,automoveis,2012-07,5,2.2,44.3
PORSCHE,PANAMERA,automoveis,2013-01,17,2.2,44.3
PORSCHE,PANAMERA,automoveis,2013-02,14,2.2,44.3
PORSCHE,PANAMERA,automoveis,2013-03,18,2.2,44.3
PORSCHE,PANAMERA,automoveis,2013-04,7,2.2,44.3
PORSCHE,PANAMERA,automoveis,2013-05,6,2.2,44.3
PORSCHE,PANAMERA,automoveis,2013-06,10,2.2,44.3
PORSCHE,PANAMERA,automoveis,2013-07,13,2.2,44.3
PORSCHE,PANAMERA,automoveis,2013-08,13,2.2,44.3
PORSCHE,PANAMERA,automoveis,2013-09,5,2.2,44.3
PORSCHE,PANAMERA,automoveis,2013-10,7,2.2,44.3
PORSCHE,PANAMERA,automoveis,2013-11,12,2.2,44.3
PORSCHE,PANAMERA,automoveis,2014-01,19,2.2,44.3
PORSCHE,PANAMERA,automoveis,2014-02,12,2.2,44.3
PORSCHE,PANAMERA,automoveis,2014-03,13,2.2,44.3
PORSCHE,PANAMERA,automoveis,2014-04,20,2.2,44.3
PORSCHE,PANAMERA,automoveis,2014-05,7,2.2,44.3
PORSCHE,PANAMERA,automoveis,2014-06,5,2.2,44.3
PORSCHE,PANAMERA,automoveis,2014-08,7,2.2,44.3
PORSCHE,PANAMERA,automoveis,2014-09,15,2.2,44.3
PORSCHE,PANAMERA,automoveis,2014-10,16,2.2,44.3
PORSCHE,PANAMERA,automoveis,2014-11,10,2.2,44.3
PORSCHE,PANAMERA,automoveis,2015-01,13,2.2,44.3
PORSCHE,PANAMERA,automoveis,2015-02,10,2.2,44.3
PORSCHE,PANAMERA,automoveis,2015-03,27,2.2,44.3
PORSCHE,PANAMERA,automoveis,2015-04,29,2.2,44.3
PORSCHE,PANAMERA,automoveis,2015-05,18,2.2,44.3
PORSCHE,PANAMERA,automoveis,2015-07,18,2.2,44.3
PORSCHE,PANAMERA,automoveis,2015-08,5,2.2,44.3
PORSCHE,PANAMERA,automoveis,2015-09,11,2.2,44.3
PORSCHE,PANAMERA,automoveis,2015-10,4,2.2,44.3
PORSCHE,PANAMERA,automoveis,2015-11,3,2.2,44.3
PORSCHE,PANAMERA,automoveis,2015-12,12,2.2,44.3
PORSCHE,PANAMERA,automoveis,2016-01,14,2.2,44.3
PORSCHE,PANAMERA,automoveis,2016-02,11,2.2,44.3
PORSCHE,PANAMERA,automoveis,2016-03,12,2.2,44.3
PORSCHE,PANAMERA,automoveis,2016-04,9,2.2,44.3
PORSCHE,PANAMERA,automoveis,2016-05,9,2.2,44.3
PORSCHE,PANAMERA,automoveis,2016-06,12,2.2,44.3
PORSCHE,PANAMERA,automoveis,2016-07,3,2.2,44.3
PORSCHE,PANAMERA,automoveis,2016-11,6,2.2,44.3
PORSCHE,PANAMERA,automoveis,2016-12,9,2.2,44.3
PORSCHE,PANAMERA,automoveis,2017-01,4,2.2,44.3
PORSCHE,PANAMERA,automoveis,2017-02,7,2.2,44.3
PORSCHE,PANAMERA,automoveis,2017-03,3,2.2,44.3
PORSCHE,PANAMERA,automoveis,2017-04,6,2.2,44.3
PORSCHE,PANAMERA,automoveis,2017-05,7,2.2,44.3
PORSCHE,PANAMERA,automoveis,2017-06,10,2.2,44.3
PORSCHE,PANAMERA,automoveis,2017-07,13,2.2,44.3
PORSCHE,PANAMERA,automoveis,2017-08,9,2.2,44.3
PORSCHE,PANAMERA,automoveis,2017-09,7,2.2,44.3
PORSCHE,PANAMERA,automoveis,2017-10,5,2.2,44.3
PORSCHE,PANAMERA,automoveis,2017-11,7,2.2,44.3
PORSCHE,PANAMERA,automoveis,2017-12,8,2.2,44.3
PORSCHE,PANAMERA,automoveis,2019-04,8,2.2,44.3
PORSCHE,PANAMERA,automoveis,2019-05,5,2.2,44.3
PORSCHE,PANAMERA,automoveis,2019-06,6,2.2,44.3
PORSCHE,PANAMERA,automoveis,2019-07,4,2.2,44.3
PORSCHE,PANAMERA,automoveis,2021-01,6,2.2,44.3
PORSCHE,PANAMERA,automoveis,2021-02,6,2.2,44.3
PORSCHE,PORSCHE,automoveis,2006-01,2,0.2,3.5
PORSCHE,PORSCHE,automoveis,2006-02,1,0.2,3.5
PORSCHE,PORSCHE,automoveis,2006-04,2,0.2,3.5
PORSCHE,PORSCHE,automoveis,2006-06,1,0.2,3.5
PORSCHE,PORSCHE,automoveis,2006-07,2,0.2,3.5
PORSCHE,PORSCHE,automoveis,2006-08,1,0.2,3.5
PORSCHE,PORSCHE,automoveis,2006-09,1,0.2,3.5
PORSCHE,PORSCHE,automoveis,2006-12,2,0.2,3.5
PORSCHE,PORSCHE,automoveis,2007-01,2,0.2,3.5
PORSCHE,PORSCHE,automoveis,2007-02,1,0.2,3.5
PORSCHE,PORSCHE,automoveis,2007-03,2,0.2,3.5
PORSCHE,PORSCHE,automoveis,2007-04,2,0.2,3.5
PORSCHE,PORSCHE,automoveis,2007-05,2,0.2,3.5
PORSCHE,PORSCHE,automoveis,2007-06,3,0.2,3.5
PORSCHE,PORSCHE,automoveis,2007-07,3,0.2,3.5
PORSCHE,PORSCHE,automoveis,2007-08,1,0.2,3.5
PORSCHE,PORSCHE,automoveis,2007-10,1,0.2,3.5
PORSCHE,PORSCHE,automoveis,2007-11,2,0.2,3.5
PORSCHE,PORSCHE,automoveis,2007-12,4,0.2,3.5
PORSCHE,PORSCHE,automoveis,2008-01,6,0.2,3.5
PORSCHE,PORSCHE,automoveis,2008-02,5,0.2,3.5
PORSCHE,PORSCHE,automoveis,2008-03,4,0.2,3.5
PORSCHE,PORSCHE,automoveis,2008-04,5,0.2,3.5
PORSCHE,PORSCHE,automoveis,2008-05,1,0.2,3.5
PORSCHE,PORSCHE,automoveis,2008-06,4,0.2,3.5
PORSCHE,PORSCHE,automoveis,2008-07,3,0.2,3.5
PORSCHE,PORSCHE,automoveis,2008-08,1,0.2,3.5
PORSCHE,PORSCHE,automoveis,2008-09,3,0.2,3.5
PORSCHE,PORSCHE,automoveis,2008-10,3,0.2,3.5
PORSCHE,PORSCHE,automoveis,2008-11,4,0.2,3.5
PORSCHE,PORSCHE,automoveis,2008-12,3,0.2,3.5
PORSCHE,PORSCHE,automoveis,2009-01,4,0.2,3.5
PORSCHE,PORSCHE,automoveis,2009-02,3,0.2,3.5
PORSCHE,PORSCHE,automoveis,2009-03,3,0.2,3.5
PORSCHE,PORSCHE,automoveis,2009-04,4,0.2,3.5
PORSCHE,PORSCHE,automoveis,2009-05,3,0.2,3.5
PORSCHE,PORSCHE,automoveis,2009-06,1,0.2,3.5
PORSCHE,PORSCHE,automoveis,2009-07,4,0.2,3.5
PORSCHE,PORSCHE,automoveis,2009-08,1,0.2,3.5
PORSCHE,PORSCHE,automoveis,2009-09,3,0.2,3.5
PORSCHE,PORSCHE,automoveis,2009-10,2,0.2,3.5
PORSCHE,PORSCHE,automoveis,2009-11,3,0.2,3.5
PORSCHE,PORSCHE,automoveis,2009-12,3,0.2,3.5
PORSCHE,PORSCHE,automoveis,2010-01,4,0.2,3.5
PORSCHE,PORSCHE,automoveis,2010-02,2,0.2,3.5
PORSCHE,PORSCHE,automoveis,2010-03,5,0.2,3.5
PORSCHE,PORSCHE,automoveis,2010-04,2,0.2,3.5
PORSCHE,PORSCHE,automoveis,2010-05,5,0.2,3.5
PORSCHE,PORSCHE,automoveis,2010-06,2,0.2,3.5
PORSCHE,PORSCHE,automoveis,2010-07,3,0.2,3.5
PORSCHE,PORSCHE,automoveis,2010-08,4,0.2,3.5
PORSCHE,PORSCHE,automoveis,2010-09,4,0.2,3.5
PORSCHE,PORSCHE,automoveis,2010-10,2,0.2,3.5
PORSCHE,PORSCHE,automoveis,2010-11,4,0.2,3.5
PORSCHE,PORSCHE,automoveis,2010-12,8,0.2,3.5
PORSCHE,PORSCHE,automoveis,2011-01,8,0.2,3.5
PORSCHE,PORSCHE,automoveis,2011-02,5,0.2,3.5
PORSCHE,PORSCHE,automoveis,2011-03,6,0.2,3.5
PORSCHE,PORSCHE,automoveis,2011-04,5,0.2,3.5
PORSCHE,PORSCHE,automoveis,2011-05,6,0.2,3.5
PORSCHE,PORSCHE,automoveis,2011-06,9,0.2,3.5
PORSCHE,PORSCHE,automoveis,2011-07,7,0.2,3.5
PORSCHE,PORSCHE,automoveis,2011-08,5,0.2,3.5
PORSCHE,PORSCHE,automoveis,2011-09,5,0.2,3.5
PORSCHE,PORSCHE,automoveis,2011-10,3,0.2,3.5
PORSCHE,PORSCHE,automoveis,2011-11,5,0.2,3.5
PORSCHE,PORSCHE,automoveis,2011-12,5,0.2,3.5
PORSCHE,PORSCHE,automoveis,2012-01,4,0.2,3.5
PORSCHE,PORSCHE,automoveis,2012-02,6,0.2,3.5
PORSCHE,PORSCHE,automoveis,2012-03,4,0.2,3.5
PORSCHE,PORSCHE,automoveis,2012-04,2,0.2,3.5
PORSCHE,PORSCHE,automoveis,2012-05,1,0.2,3.5
PORSCHE,PORSCHE,automoveis,2012-08,3,0.2,3.5
PORSCHE,PORSCHE,automoveis,2012-09,1,0.2,3.5
PORSCHE,PORSCHE,automoveis,2012-12,2,0.2,3.5
PORSCHE,PORSCHE,automoveis,2013-05,4,0.2,3.5
PORSCHE,PORSCHE,automoveis,2013-06,7,0.2,3.5
PORSCHE,PORSCHE,automoveis,2013-07,3,0.2,3.5
PORSCHE,PORSCHE,automoveis,2013-08,2,0.2,3.5
PORSCHE,PORSCHE,automoveis,2013-09,7,0.2,3.5
PORSCHE,PORSCHE,automoveis,2013-10,4,0.2,3.5
PORSCHE,PORSCHE,automoveis,2013-11,2,0.2,3.5
PORSCHE,PORSCHE,automoveis,2013-12,3,0.2,3.5
PORSCHE,PORSCHE,automoveis,2014-01,5,0.2,3.5
PORSCHE,PORSCHE,automoveis,2014-02,3,0.2,3.5
PORSCHE,PORSCHE,automoveis,2014-03,2,0.2,3.5
PORSCHE,PORSCHE,automoveis,2014-04,2,0.2,3.5
PORSCHE,PORSCHE,automoveis,2014-05,2,0.2,3.5
PORSCHE,PORSCHE,automoveis,2014-06,3,0.2,3.5
PORSCHE,PORSCHE,automoveis,2014-07,4,0.2,3.5
PORSCHE,PORSCHE,automoveis,2014-08,5,0.2,3.5
PORSCHE,PORSCHE,automoveis,2014-09,4,0.2,3.5
PORSCHE,PORSCHE,automoveis,2014-10,5,0.2,3.5
PORSCHE,PORSCHE,automoveis,2014-11,2,0.2,3.5
PORSCHE,PORSCHE,automoveis,2014-12,3,0.2,3.5
PORSCHE,PORSCHE,automoveis,2015-01,6,0.2,3.5
PORSCHE,PORSCHE,automoveis,2015-02,4,0.2,3.5
PORSCHE,PORSCHE,automoveis,2015-03,4,0.2,3.5
PORSCHE,PORSCHE,automoveis,2015-04,5,0.2,3.5
PORSCHE,PORSCHE,automoveis,2015-05,2,0.2,3.5
PORSCHE,PORSCHE,automoveis,2015-06,6,0.2,3.5
PORSCHE,PORSCHE,automoveis,2015-07,5,0.2,3.5
PORSCHE,PORSCHE,automoveis,2015-08,3,0.2,3.5
PORSCHE,PORSCHE,automoveis,2015-09,3,0.2,3.5
PORSCHE,PORSCHE,automoveis,2015-10,1,0.2,3.5
PORSCHE,PORSCHE,automoveis,2015-11,4,0.2,3.5
PORSCHE,PORSCHE,automoveis,2015-12,6,0.2,3.5
PORSCHE,PORSCHE,automoveis,2016-01,4,0.2,3.5
PORSCHE,PORSCHE,automoveis,2016-02,1,0.2,3.5
PORSCHE,PORSCHE,automoveis,2016-03,1,0.2,3.5
PORSCHE,PORSCHE,automoveis,2016-04,1,0.2,3.5
PORSCHE,PORSCHE,automoveis,2016-06,2,0.2,3.5
PORSCHE,PORSCHE,automoveis,2016-07,1,0.2,3.5
PORSCHE,PORSCHE,automoveis,2016-08,2,0.2,3.5
PORSCHE,PORSCHE,automoveis,2016-10,1,0.2,3.5
PORSCHE,PORSCHE,automoveis,2017-01,2,0.2,3.5
PORSCHE,PORSCHE,automoveis,2017-03,2,0.2,3.5
PORSCHE,TAYCAN,automoveis,2025-07,2,1.6,31.6
PORSCHE,TAYCAN,automoveis,2025-08,3,1.6,31.6
PORSCHE,TAYCAN,automoveis,2025-09,2,1.6,31.6
PORSCHE,TAYCAN,automoveis,2025-12,3,1.6,31.6
PORSCHE,TAYCAN,automoveis,2026-01,3,1.6,31.6
RAM,1500,comerciais_leves,2026-02,258,7.4,148.6
RAM,1500,comerciais_leves,2026-03,433,7.4,148.6
RAM,1500,comerciais_leves,2026-04,285,7.4,148.6
RAM,1500,comerciais_leves,2026-05,438,7.4,148.6
RAM,2500,comerciais_leves,2026-02,258,11.1,221.1
RAM,2500,comerciais_leves,2026-03,433,11.1,221.1
RENAULT,KANGOO,comerciais_leves,2019-09,68,23.3,465.2
RENAULT,KANGOO E-TECH,comerciais_leves,2024-02,3,1.3,26.3
RENAULT,KANGOO E-TECH,comerciais_leves,2024-03,3,1.3,26.3
RENAULT,KANGOO E-TECH,comerciais_leves,2024-04,7,1.3,26.3
RENAULT,KWID,comerciais_leves,2024-06,1,0.4,8.7
RENAULT,KWID,comerciais_leves,2024-10,42,0.4,8.7
RENAULT,KWID,comerciais_leves,2025-09,1,0.4,8.7
RENAULT,LAGUNA,automoveis,2003-02,13,0.7,13.0
SEAT,CORDOBA,automoveis,2007-06,1,0.2,3.0
SSANGYONG,KORANDO,automoveis,2008-01,7,4.2,83.0
SSANGYONG,KORANDO,automoveis,2008-03,6,4.2,83.0
SSANGYONG,KORANDO,automoveis,2008-04,7,4.2,83.0
SSANGYONG,KORANDO,automoveis,2008-05,5,4.2,83.0
SSANGYONG,KORANDO,automoveis,2009-01,6,4.2,83.0
SSANGYONG,KORANDO,automoveis,2009-03,10,4.2,83.0
SSANGYONG,KORANDO,automoveis,2009-04,8,4.2,83.0
SSANGYONG,KORANDO,automoveis,2009-05,8,4.2,83.0
SSANGYONG,KORANDO,automoveis,2009-06,7,4.2,83.0
SSANGYONG,KORANDO,automoveis,2010-01,12,4.2,83.0
SSANGYONG,KORANDO,automoveis,2010-03,12,4.2,83.0
SSANGYONG,KORANDO,automoveis,2010-10,7,4.2,83.0
SSANGYONG,KORANDO,automoveis,2010-11,6,4.2,83.0
SSANGYONG,KORANDO,automoveis,2010-12,12,4.2,83.0
SSANGYONG,KORANDO,automoveis,2011-01,28,4.2,83.0
SSANGYONG,KORANDO,automoveis,2011-02,12,4.2,83.0
SSANGYONG,KORANDO,automoveis,2011-03,13,4.2,83.0
SSANGYONG,KORANDO,automoveis,2011-04,29,4.2,83.0
SSANGYONG,KORANDO,automoveis,2011-05,25,4.2,83.0
SSANGYONG,KORANDO,automoveis,2011-06,16,4.2,83.0
SSANGYONG,KORANDO,automoveis,2011-07,26,4.2,83.0
SSANGYONG,KORANDO,automoveis,2011-08,38,4.2,83.0
SSANGYONG,KORANDO,automoveis,2011-09,41,4.2,83.0
SSANGYONG,KORANDO,automoveis,2011-10,39,4.2,83.0
SSANGYONG,KORANDO,automoveis,2011-11,27,4.2,83.0
SSANGYONG,KORANDO,automoveis,2011-12,24,4.2,83.0
SSANGYONG,KORANDO,automoveis,2014-02,27,4.2,83.0
SSANGYONG,MUSSO,automoveis,2006-01,1,0.2,4.0
SSANGYONG,REXTON,automoveis,2010-01,12,1.2,24.8
SSANGYONG,REXTON,automoveis,2010-05,3,1.2,24.8
SSANGYONG,REXTON,automoveis,2010-07,2,1.2,24.8
SSANGYONG,REXTON,automoveis,2010-08,3,1.2,24.8
SSANGYONG,REXTON,automoveis,2010-11,6,1.2,24.8
SSANGYONG,REXTON,automoveis,2010-12,12,1.2,24.8
SUBARU,FORESTER,automoveis,2013-05,29,5.6,111.3
SUBARU,FORESTER,automoveis,2013-06,20,5.6,111.3
SUBARU,FORESTER,automoveis,2013-07,12,5.6,111.3
SUBARU,FORESTER,automoveis,2013-10,27,5.6,111.3
SUBARU,FORESTER,automoveis,2013-11,32,5.6,111.3
SUBARU,FORESTER,automoveis,2013-12,45,5.6,111.3
SUBARU,FORESTER,automoveis,2017-01,36,5.6,111.3
SUBARU,LEGACY,automoveis,2003-03,3,0.3,6.5
SUBARU,LEGACY,automoveis,2003-04,6,0.3,6.5
SUBARU,LEGACY,automoveis,2003-05,2,0.3,6.5
SUBARU,LEGACY,automoveis,2003-06,1,0.3,6.5
SUBARU,LEGACY,automoveis,2003-07,2,0.3,6.5
SUBARU,LEGACY,automoveis,2003-08,2,0.3,6.5
SUBARU,LEGACY,automoveis,2003-11,1,0.3,6.5
SUBARU,LEGACY,automoveis,2004-01,8,0.3,6.5
SUBARU,LEGACY,automoveis,2004-02,7,0.3,6.5
SUBARU,LEGACY,automoveis,2004-03,5,0.3,6.5
SUBARU,LEGACY,automoveis,2004-04,8,0.3,6.5
SUBARU,LEGACY,automoveis,2004-05,8,0.3,6.5
SUBARU,LEGACY,automoveis,2004-06,6,0.3,6.5
SUBARU,LEGACY,automoveis,2004-07,8,0.3,6.5
SUBARU,LEGACY,automoveis,2004-08,10,0.3,6.5
SUBARU,LEGACY,automoveis,2004-09,8,0.3,6.5
SUBARU,LEGACY,automoveis,2004-10,12,0.3,6.5
SUBARU,LEGACY,automoveis,2004-11,12,0.3,6.5
SUBARU,LEGACY,automoveis,2004-12,10,0.3,6.5
SUBARU,LEGACY,automoveis,2005-01,7,0.3,6.5
SUBARU,LEGACY,automoveis,2005-02,5,0.3,6.5
SUBARU,LEGACY,automoveis,2005-04,14,0.3,6.5
SUBARU,LEGACY,automoveis,2005-05,3,0.3,6.5
SUBARU,LEGACY,automoveis,2005-06,2,0.3,6.5
SUBARU,LEGACY,automoveis,2005-07,1,0.3,6.5
SUBARU,LEGACY,automoveis,2005-09,1,0.3,6.5
SUBARU,LEGACY,automoveis,2005-10,6,0.3,6.5
SUBARU,LEGACY,automoveis,2005-11,8,0.3,6.5
SUBARU,LEGACY,automoveis,2005-12,4,0.3,6.5
SUBARU,LEGACY,automoveis,2006-01,14,0.3,6.5
SUBARU,LEGACY,automoveis,2006-02,12,0.3,6.5
SUBARU,LEGACY,automoveis,2006-03,10,0.3,6.5
SUBARU,LEGACY,automoveis,2006-04,19,0.3,6.5
SUBARU,LEGACY,automoveis,2006-05,2,0.3,6.5
SUBARU,LEGACY,automoveis,2006-06,4,0.3,6.5
SUBARU,LEGACY,automoveis,2006-07,4,0.3,6.5
SUBARU,LEGACY,automoveis,2006-08,4,0.3,6.5
SUBARU,LEGACY,automoveis,2006-09,9,0.3,6.5
SUBARU,LEGACY,automoveis,2006-10,9,0.3,6.5
SUBARU,LEGACY,automoveis,2006-11,7,0.3,6.5
SUBARU,LEGACY,automoveis,2006-12,20,0.3,6.5
SUBARU,LEGACY,automoveis,2007-01,21,0.3,6.5
SUBARU,LEGACY,automoveis,2007-02,16,0.3,6.5
SUBARU,LEGACY,automoveis,2007-03,15,0.3,6.5
SUBARU,LEGACY,automoveis,2007-04,14,0.3,6.5
SUBARU,LEGACY,automoveis,2007-05,9,0.3,6.5
SUBARU,LEGACY,automoveis,2007-06,9,0.3,6.5
SUBARU,LEGACY,automoveis,2007-08,3,0.3,6.5
SUBARU,LEGACY,automoveis,2007-10,2,0.3,6.5
SUBARU,LEGACY,automoveis,2007-12,5,0.3,6.5
SUBARU,LEGACY,automoveis,2008-01,16,0.3,6.5
SUBARU,LEGACY,automoveis,2008-02,15,0.3,6.5
SUBARU,LEGACY,automoveis,2008-03,18,0.3,6.5
SUBARU,LEGACY,automoveis,2008-04,23,0.3,6.5
SUBARU,LEGACY,automoveis,2008-05,10,0.3,6.5
SUBARU,LEGACY,automoveis,2008-06,7,0.3,6.5
SUBARU,LEGACY,automoveis,2008-07,19,0.3,6.5
SUBARU,LEGACY,automoveis,2008-08,11,0.3,6.5
SUBARU,LEGACY,automoveis,2008-09,12,0.3,6.5
SUBARU,LEGACY,automoveis,2008-10,16,0.3,6.5
SUBARU,LEGACY,automoveis,2008-11,12,0.3,6.5
SUBARU,LEGACY,automoveis,2008-12,14,0.3,6.5
SUBARU,LEGACY,automoveis,2009-01,14,0.3,6.5
SUBARU,LEGACY,automoveis,2009-02,12,0.3,6.5
SUBARU,LEGACY,automoveis,2009-03,10,0.3,6.5
SUBARU,LEGACY,automoveis,2009-04,10,0.3,6.5
SUBARU,LEGACY,automoveis,2009-05,13,0.3,6.5
SUBARU,LEGACY,automoveis,2009-06,19,0.3,6.5
SUBARU,LEGACY,automoveis,2009-07,18,0.3,6.5
SUBARU,LEGACY,automoveis,2009-08,6,0.3,6.5
SUBARU,LEGACY,automoveis,2009-09,3,0.3,6.5
SUBARU,LEGACY,automoveis,2009-11,1,0.3,6.5
SUBARU,LEGACY,automoveis,2009-12,1,0.3,6.5
SUBARU,LEGACY,automoveis,2010-01,11,0.3,6.5
SUBARU,LEGACY,automoveis,2010-02,8,0.3,6.5
SUBARU,LEGACY,automoveis,2010-03,11,0.3,6.5
SUBARU,LEGACY,automoveis,2010-04,11,0.3,6.5
SUBARU,LEGACY,automoveis,2010-05,6,0.3,6.5
SUBARU,LEGACY,automoveis,2010-06,8,0.3,6.5
SUBARU,LEGACY,automoveis,2010-07,9,0.3,6.5
SUBARU,LEGACY,automoveis,2010-08,35,0.3,6.5
SUBARU,LEGACY,automoveis,2010-09,15,0.3,6.5
SUBARU,LEGACY,automoveis,2010-10,11,0.3,6.5
SUBARU,LEGACY,automoveis,2010-11,4,0.3,6.5
SUBARU,LEGACY,automoveis,2010-12,2,0.3,6.5
SUBARU,LEGACY,automoveis,2011-01,30,0.3,6.5
SUBARU,LEGACY,automoveis,2011-02,35,0.3,6.5
SUBARU,LEGACY,automoveis,2011-03,32,0.3,6.5
SUBARU,LEGACY,automoveis,2011-04,29,0.3,6.5
SUBARU,LEGACY,automoveis,2011-05,40,0.3,6.5
SUBARU,LEGACY,automoveis,2011-06,39,0.3,6.5
SUBARU,LEGACY,automoveis,2011-07,33,0.3,6.5
SUBARU,LEGACY,automoveis,2011-08,15,0.3,6.5
SUBARU,LEGACY,automoveis,2011-09,9,0.3,6.5
SUBARU,LEGACY,automoveis,2011-10,6,0.3,6.5
SUBARU,LEGACY,automoveis,2011-11,11,0.3,6.5
SUBARU,LEGACY,automoveis,2011-12,41,0.3,6.5
SUBARU,LEGACY,automoveis,2012-01,28,0.3,6.5
SUBARU,LEGACY,automoveis,2012-02,17,0.3,6.5
SUBARU,LEGACY,automoveis,2012-03,16,0.3,6.5
SUBARU,LEGACY,automoveis,2012-04,15,0.3,6.5
SUBARU,LEGACY,automoveis,2012-05,22,0.3,6.5
SUBARU,LEGACY,automoveis,2012-06,5,0.3,6.5
SUBARU,LEGACY,automoveis,2012-07,5,0.3,6.5
SUBARU,LEGACY,automoveis,2012-08,1,0.3,6.5
SUBARU,LEGACY,automoveis,2012-09,2,0.3,6.5
SUBARU,LEGACY,automoveis,2012-12,1,0.3,6.5
SUBARU,LEGACY,automoveis,2013-01,17,0.3,6.5
SUBARU,LEGACY,automoveis,2013-02,14,0.3,6.5
SUBARU,LEGACY,automoveis,2013-03,18,0.3,6.5
SUBARU,LEGACY,automoveis,2013-04,7,0.3,6.5
SUBARU,LEGACY,automoveis,2013-05,6,0.3,6.5
SUBARU,LEGACY,automoveis,2013-06,10,0.3,6.5
SUBARU,LEGACY,automoveis,2013-07,13,0.3,6.5
SUBARU,LEGACY,automoveis,2013-08,13,0.3,6.5
SUBARU,LEGACY,automoveis,2013-09,5,0.3,6.5
SUBARU,LEGACY,automoveis,2013-10,7,0.3,6.5
SUBARU,LEGACY,automoveis,2013-11,12,0.3,6.5
SUBARU,LEGACY,automoveis,2013-12,2,0.3,6.5
SUBARU,LEGACY,automoveis,2014-01,19,0.3,6.5
SUBARU,LEGACY,automoveis,2014-02,12,0.3,6.5
SUBARU,LEGACY,automoveis,2014-03,13,0.3,6.5
SUBARU,LEGACY,automoveis,2014-04,20,0.3,6.5
SUBARU,LEGACY,automoveis,2014-05,7,0.3,6.5
SUBARU,LEGACY,automoveis,2014-06,5,0.3,6.5
SUBARU,LEGACY,automoveis,2014-07,2,0.3,6.5
SUBARU,LEGACY,automoveis,2014-08,7,0.3,6.5
SUBARU,LEGACY,automoveis,2014-09,15,0.3,6.5
SUBARU,LEGACY,automoveis,2014-10,16,0.3,6.5
SUBARU,LEGACY,automoveis,2014-11,10,0.3,6.5
SUBARU,LEGACY,automoveis,2014-12,2,0.3,6.5
SUBARU,LEGACY,automoveis,2015-01,13,0.3,6.5
SUBARU,LEGACY,automoveis,2015-02,10,0.3,6.5
SUBARU,LEGACY,automoveis,2015-03,27,0.3,6.5
SUBARU,LEGACY,automoveis,2015-04,29,0.3,6.5
SUBARU,LEGACY,automoveis,2015-05,18,0.3,6.5
SUBARU,LEGACY,automoveis,2015-07,18,0.3,6.5
SUBARU,LEGACY,automoveis,2015-08,5,0.3,6.5
SUBARU,LEGACY,automoveis,2015-09,11,0.3,6.5
SUBARU,LEGACY,automoveis,2015-10,4,0.3,6.5
SUBARU,LEGACY,automoveis,2015-11,3,0.3,6.5
SUBARU,LEGACY,automoveis,2015-12,12,0.3,6.5
SUBARU,LEGACY,automoveis,2016-01,14,0.3,6.5
SUBARU,LEGACY,automoveis,2016-02,11,0.3,6.5
SUBARU,LEGACY,automoveis,2016-03,12,0.3,6.5
SUBARU,LEGACY,automoveis,2016-04,9,0.3,6.5
SUBARU,LEGACY,automoveis,2016-05,9,0.3,6.5
SUBARU,LEGACY,automoveis,2016-06,12,0.3,6.5
SUBARU,LEGACY,automoveis,2016-07,3,0.3,6.5
SUBARU,LEGACY,automoveis,2016-11,6,0.3,6.5
SUBARU,LEGACY,automoveis,2016-12,9,0.3,6.5
SUBARU,LEGACY,automoveis,2017-01,4,0.3,6.5
SUBARU,LEGACY,automoveis,2017-02,7,0.3,6.5
SUBARU,LEGACY,automoveis,2017-03,3,0.3,6.5
SUBARU,WRX,automoveis,2018-01,9,0.8,16.5
SUBARU,WRX,automoveis,2018-02,8,0.8,16.5
SUBARU,WRX,automoveis,2018-03,4,0.8,16.5
SUBARU,WRX,automoveis,2018-04,6,0.8,16.5
SUBARU,WRX,automoveis,2018-05,6,0.8,16.5
SUBARU,WRX,automoveis,2018-06,6,0.8,16.5
SUBARU,WRX,automoveis,2018-07,4,0.8,16.5
SUBARU,WRX,automoveis,2018-08,1,0.8,16.5
SUBARU,WRX,automoveis,2018-10,1,0.8,16.5
SUBARU,WRX,automoveis,2018-12,2,0.8,16.5
SUZUKI,JIMNY,automoveis,2020-12,23,10.6,211.3
SUZUKI,JIMNY,automoveis,2021-01,58,10.6,211.3
SUZUKI,JIMNY,automoveis,2021-02,43,10.6,211.3
SUZUKI,JIMNY,automoveis,2021-03,51,10.6,211.3
SUZUKI,JIMNY,automoveis,2021-04,59,10.6,211.3
SUZUKI,JIMNY,automoveis,2021-05,58,10.6,211.3
SUZUKI,JIMNY,automoveis,2021-06,48,10.6,211.3
SUZUKI,JIMNY,automoveis,2021-07,40,10.6,211.3
SUZUKI,JIMNY,automoveis,2021-08,18,10.6,211.3
SUZUKI,JIMNY,automoveis,2022-01,71,10.6,211.3
SUZUKI,JIMNY SIERRA,automoveis,2020-02,74,1.8,36.2
SUZUKI,JIMNY SIERRA,automoveis,2020-03,57,1.8,36.2
SUZUKI,JIMNY SIERRA,automoveis,2020-04,19,1.8,36.2
SUZUKI,JIMNY SIERRA,automoveis,2020-05,30,1.8,36.2
SUZUKI,JIMNY SIERRA,automoveis,2020-06,28,1.8,36.2
SUZUKI,JIMNY SIERRA,automoveis,2020-07,96,1.8,36.2
SUZUKI,JIMNY SIERRA,automoveis,2020-08,61,1.8,36.2
SUZUKI,JIMNY SIERRA,automoveis,2020-09,65,1.8,36.2
SUZUKI,JIMNY SIERRA,automoveis,2020-10,34,1.8,36.2
SUZUKI,JIMNY SIERRA,automoveis,2020-11,39,1.8,36.2
SUZUKI,JIMNY SIERRA,automoveis,2020-12,23,1.8,36.2
SUZUKI,JIMNY SIERRA,automoveis,2021-01,58,1.8,36.2
SUZUKI,JIMNY SIERRA,automoveis,2021-03,51,1.8,36.2
SUZUKI,JIMNY SIERRA,automoveis,2021-04,59,1.8,36.2
SUZUKI,JIMNY SIERRA,automoveis,2021-05,58,1.8,36.2
SUZUKI,JIMNY SIERRA,automoveis,2021-06,48,1.8,36.2
SUZUKI,JIMNY SIERRA,automoveis,2021-07,40,1.8,36.2
SUZUKI,JIMNY SIERRA,automoveis,2021-08,18,1.8,36.2
SUZUKI,JIMNY SIERRA,automoveis,2021-09,4,1.8,36.2
SUZUKI,JIMNY SIERRA,automoveis,2021-10,3,1.8,36.2
SUZUKI,JIMNY SIERRA,automoveis,2021-11,3,1.8,36.2
SUZUKI,JIMNY SIERRA,automoveis,2022-01,71,1.8,36.2
SUZUKI,JIMNY SIERRA,automoveis,2022-02,44,1.8,36.2
SUZUKI,JIMNY SIERRA,automoveis,2022-03,24,1.8,36.2
SUZUKI,JIMNY SIERRA,automoveis,2022-04,6,1.8,36.2
SUZUKI,JIMNY SIERRA,automoveis,2022-09,15,1.8,36.2
SUZUKI,JIMNY SIERRA,automoveis,2022-10,8,1.8,36.2
SUZUKI,JIMNY SIERRA,automoveis,2022-12,8,1.8,36.2
SUZUKI,JIMNY SIERRA,automoveis,2023-01,67,1.8,36.2
SUZUKI,JIMNY SIERRA,automoveis,2023-05,92,1.8,36.2
SUZUKI,JIMNY SIERRA,automoveis,2023-06,61,1.8,36.2
SUZUKI,JIMNY SIERRA,automoveis,2023-07,57,1.8,36.2
SUZUKI,JIMNY SIERRA,automoveis,2023-08,55,1.8,36.2
SUZUKI,JIMNY SIERRA,automoveis,2023-10,48,1.8,36.2
SUZUKI,JIMNY SIERRA,automoveis,2023-11,35,1.8,36.2
SUZUKI,JIMNY SIERRA,automoveis,2023-12,35,1.8,36.2
SUZUKI,JIMNY SIERRA,automoveis,2024-01,96,1.8,36.2
SUZUKI,JIMNY SIERRA,automoveis,2024-02,62,1.8,36.2
SUZUKI,JIMNY SIERRA,automoveis,2024-03,8,1.8,36.2
SUZUKI,JIMNY SIERRA,automoveis,2024-04,121,1.8,36.2
SUZUKI,JIMNY SIERRA,automoveis,2024-05,64,1.8,36.2
SUZUKI,JIMNY SIERRA,automoveis,2024-06,41,1.8,36.2
SUZUKI,JIMNY SIERRA,automoveis,2024-07,89,1.8,36.2
SUZUKI,JIMNY SIERRA,automoveis,2024-08,124,1.8,36.2
SUZUKI,JIMNY SIERRA,automoveis,2024-09,28,1.8,36.2
SUZUKI,JIMNY SIERRA,automoveis,2024-10,66,1.8,36.2
SUZUKI,JIMNY SIERRA,automoveis,2024-11,56,1.8,36.2
SUZUKI,JIMNY SIERRA,automoveis,2024-12,110,1.8,36.2
SUZUKI,VITARA,automoveis,2009-03,10,8.4,168.2
SUZUKI,VITARA,automoveis,2010-01,12,8.4,168.2
SUZUKI,VITARA,automoveis,2010-03,12,8.4,168.2
SUZUKI,VITARA,automoveis,2010-12,12,8.4,168.2
SUZUKI,VITARA,automoveis,2011-01,28,8.4,168.2
SUZUKI,VITARA,automoveis,2011-02,12,8.4,168.2
SUZUKI,VITARA,automoveis,2011-03,13,8.4,168.2
SUZUKI,VITARA,automoveis,2011-04,29,8.4,168.2
SUZUKI,VITARA,automoveis,2011-05,25,8.4,168.2
SUZUKI,VITARA,automoveis,2011-06,16,8.4,168.2
SUZUKI,VITARA,automoveis,2011-07,26,8.4,168.2
SUZUKI,VITARA,automoveis,2011-08,38,8.4,168.2
SUZUKI,VITARA,automoveis,2011-09,41,8.4,168.2
SUZUKI,VITARA,automoveis,2011-10,39,8.4,168.2
SUZUKI,VITARA,automoveis,2011-11,27,8.4,168.2
SUZUKI,VITARA,automoveis,2011-12,24,8.4,168.2
SUZUKI,VITARA,automoveis,2012-01,47,8.4,168.2
SUZUKI,VITARA,automoveis,2012-02,11,8.4,168.2
SUZUKI,VITARA,automoveis,2012-03,13,8.4,168.2
SUZUKI,VITARA,automoveis,2012-04,12,8.4,168.2
SUZUKI,VITARA,automoveis,2013-01,29,8.4,168.2
SUZUKI,VITARA,automoveis,2013-02,24,8.4,168.2
SUZUKI,VITARA,automoveis,2013-03,24,8.4,168.2
SUZUKI,VITARA,automoveis,2013-04,24,8.4,168.2
SUZUKI,VITARA,automoveis,2013-05,29,8.4,168.2
SUZUKI,VITARA,automoveis,2013-06,20,8.4,168.2
SUZUKI,VITARA,automoveis,2013-07,12,8.4,168.2
SUZUKI,VITARA,automoveis,2013-10,27,8.4,168.2
SUZUKI,VITARA,automoveis,2013-11,32,8.4,168.2
SUZUKI,VITARA,automoveis,2013-12,45,8.4,168.2
SUZUKI,VITARA,automoveis,2014-01,50,8.4,168.2
SUZUKI,VITARA,automoveis,2014-02,27,8.4,168.2
SUZUKI,VITARA,automoveis,2014-03,26,8.4,168.2
SUZUKI,VITARA,automoveis,2014-04,50,8.4,168.2
SUZUKI,VITARA,automoveis,2014-05,35,8.4,168.2
SUZUKI,VITARA,automoveis,2014-06,25,8.4,168.2
SUZUKI,VITARA,automoveis,2014-07,22,8.4,168.2
SUZUKI,VITARA,automoveis,2014-08,15,8.4,168.2
SUZUKI,VITARA,automoveis,2014-09,60,8.4,168.2
SUZUKI,VITARA,automoveis,2014-10,34,8.4,168.2
SUZUKI,VITARA,automoveis,2014-11,21,8.4,168.2
SUZUKI,VITARA,automoveis,2014-12,25,8.4,168.2
SUZUKI,VITARA,automoveis,2015-01,51,8.4,168.2
SUZUKI,VITARA,automoveis,2015-02,28,8.4,168.2
SUZUKI,VITARA,automoveis,2015-03,20,8.4,168.2
SUZUKI,VITARA,automoveis,2015-04,27,8.4,168.2
SUZUKI,VITARA,automoveis,2015-05,45,8.4,168.2
SUZUKI,VITARA,automoveis,2015-06,32,8.4,168.2
SUZUKI,VITARA,automoveis,2015-07,69,8.4,168.2
SUZUKI,VITARA,automoveis,2015-08,56,8.4,168.2
SUZUKI,VITARA,automoveis,2015-09,43,8.4,168.2
SUZUKI,VITARA,automoveis,2015-10,26,8.4,168.2
SUZUKI,VITARA,automoveis,2015-11,32,8.4,168.2
SUZUKI,VITARA,automoveis,2015-12,23,8.4,168.2
SUZUKI,VITARA,automoveis,2016-01,56,8.4,168.2
SUZUKI,VITARA,automoveis,2016-02,36,8.4,168.2
SUZUKI,VITARA,automoveis,2016-03,17,8.4,168.2
SUZUKI,VITARA,automoveis,2016-04,29,8.4,168.2
SUZUKI,VITARA,automoveis,2016-05,17,8.4,168.2
SUZUKI,VITARA,automoveis,2016-06,27,8.4,168.2
SUZUKI,VITARA,automoveis,2016-07,27,8.4,168.2
SUZUKI,VITARA,automoveis,2016-08,16,8.4,168.2
SUZUKI,VITARA,automoveis,2019-09,71,8.4,168.2
TESLA,MODEL 3,automoveis,2023-02,1,0.1,1.0
TESLA,MODEL 3,automoveis,2023-03,2,0.1,1.0
TESLA,MODEL 3,automoveis,2023-04,1,0.1,1.0
TESLA,MODEL 3,automoveis,2023-05,4,0.1,1.0
TESLA,MODEL 3,automoveis,2023-06,2,0.1,1.0
TOYOTA,BANDEIRANTE,automoveis,2006-01,1,0.0,0.8
TOYOTA,BANDEIRANTE,automoveis,2006-02,1,0.0,0.8
TOYOTA,CAMRY,automoveis,2005-01,7,4.3,86.3
TOYOTA,CAMRY,automoveis,2005-04,14,4.3,86.3
TOYOTA,CAMRY,automoveis,2005-10,6,4.3,86.3
TOYOTA,CAMRY,automoveis,2005-11,8,4.3,86.3
TOYOTA,CAMRY,automoveis,2006-04,19,4.3,86.3
TOYOTA,CAMRY,automoveis,2011-01,30,4.3,86.3
TOYOTA,CAMRY,automoveis,2011-02,35,4.3,86.3
TOYOTA,CAMRY,automoveis,2011-03,32,4.3,86.3
TOYOTA,CAMRY,automoveis,2011-04,29,4.3,86.3
TOYOTA,CAMRY,automoveis,2011-06,39,4.3,86.3
TOYOTA,CAMRY,automoveis,2011-07,33,4.3,86.3
TOYOTA,CAMRY,automoveis,2011-08,15,4.3,86.3
TOYOTA,CAMRY,automoveis,2011-09,9,4.3,86.3
TOYOTA,CAMRY,automoveis,2011-10,6,4.3,86.3
TOYOTA,CAMRY,automoveis,2011-11,11,4.3,86.3
TOYOTA,CAMRY,automoveis,2011-12,41,4.3,86.3
TOYOTA,CAMRY,automoveis,2012-01,28,4.3,86.3
TOYOTA,CAMRY,automoveis,2012-02,17,4.3,86.3
TOYOTA,CAMRY,automoveis,2012-03,16,4.3,86.3
TOYOTA,CAMRY,automoveis,2012-04,15,4.3,86.3
TOYOTA,CAMRY,automoveis,2012-05,22,4.3,86.3
TOYOTA,CAMRY,automoveis,2012-06,5,4.3,86.3
TOYOTA,CAMRY,automoveis,2012-07,5,4.3,86.3
TOYOTA,CAMRY,automoveis,2013-01,17,4.3,86.3
TOYOTA,CAMRY,automoveis,2013-03,18,4.3,86.3
TOYOTA,CAMRY,automoveis,2013-04,7,4.3,86.3
TOYOTA,CAMRY,automoveis,2013-05,6,4.3,86.3
TOYOTA,CAMRY,automoveis,2013-06,10,4.3,86.3
TOYOTA,CAMRY,automoveis,2013-07,13,4.3,86.3
TOYOTA,CAMRY,automoveis,2013-08,13,4.3,86.3
TOYOTA,CAMRY,automoveis,2013-09,5,4.3,86.3
TOYOTA,CAMRY,automoveis,2013-10,7,4.3,86.3
TOYOTA,CAMRY,automoveis,2013-11,12,4.3,86.3
TOYOTA,CAMRY,automoveis,2014-01,19,4.3,86.3
TOYOTA,CAMRY,automoveis,2014-02,12,4.3,86.3
TOYOTA,CAMRY,automoveis,2014-03,13,4.3,86.3
TOYOTA,CAMRY,automoveis,2014-04,20,4.3,86.3
TOYOTA,CAMRY,automoveis,2014-05,7,4.3,86.3
TOYOTA,CAMRY,automoveis,2014-06,5,4.3,86.3
TOYOTA,CAMRY,automoveis,2014-08,7,4.3,86.3
TOYOTA,CAMRY,automoveis,2014-09,15,4.3,86.3
TOYOTA,CAMRY,automoveis,2014-10,16,4.3,86.3
TOYOTA,CAMRY,automoveis,2014-11,10,4.3,86.3
TOYOTA,CAMRY,automoveis,2015-01,13,4.3,86.3
TOYOTA,CAMRY,automoveis,2015-02,10,4.3,86.3
TOYOTA,CAMRY,automoveis,2015-03,27,4.3,86.3
TOYOTA,CAMRY,automoveis,2015-04,29,4.3,86.3
TOYOTA,CAMRY,automoveis,2015-05,18,4.3,86.3
TOYOTA,CAMRY,automoveis,2015-07,18,4.3,86.3
TOYOTA,CAMRY,automoveis,2015-08,5,4.3,86.3
TOYOTA,CAMRY,automoveis,2015-09,11,4.3,86.3
TOYOTA,CAMRY,automoveis,2015-12,12,4.3,86.3
TOYOTA,CAMRY,automoveis,2016-01,14,4.3,86.3
TOYOTA,CAMRY,automoveis,2016-02,11,4.3,86.3
TOYOTA,CAMRY,automoveis,2016-03,12,4.3,86.3
TOYOTA,CAMRY,automoveis,2016-04,9,4.3,86.3
TOYOTA,CAMRY,automoveis,2016-05,9,4.3,86.3
TOYOTA,CAMRY,automoveis,2016-06,12,4.3,86.3
TOYOTA,CAMRY,automoveis,2016-11,6,4.3,86.3
TOYOTA,CAMRY,automoveis,2016-12,9,4.3,86.3
TOYOTA,CAMRY,automoveis,2017-02,7,4.3,86.3
TOYOTA,CAMRY,automoveis,2017-04,6,4.3,86.3
TOYOTA,CAMRY,automoveis,2017-05,7,4.3,86.3
TOYOTA,CAMRY,automoveis,2017-06,10,4.3,86.3
TOYOTA,CAMRY,automoveis,2017-07,13,4.3,86.3
TOYOTA,CAMRY,automoveis,2017-08,9,4.3,86.3
TOYOTA,CAMRY,automoveis,2017-09,7,4.3,86.3
TOYOTA,CAMRY,automoveis,2017-10,5,4.3,86.3
TOYOTA,CAMRY,automoveis,2017-11,7,4.3,86.3
TOYOTA,CAMRY,automoveis,2017-12,8,4.3,86.3
TOYOTA,CAMRY,automoveis,2018-01,15,4.3,86.3
TOYOTA,CAMRY,automoveis,2018-02,9,4.3,86.3
TOYOTA,CAMRY,automoveis,2018-03,14,4.3,86.3
TOYOTA,CAMRY,automoveis,2020-03,5,4.3,86.3
TOYOTA,CAMRY,automoveis,2020-06,6,4.3,86.3
TOYOTA,CAMRY,automoveis,2020-07,7,4.3,86.3
TOYOTA,CAMRY,automoveis,2021-01,6,4.3,86.3
TOYOTA,CAMRY,automoveis,2021-02,6,4.3,86.3
TOYOTA,COROLLA GR,automoveis,2024-05,1,0.4,7.4
TOYOTA,COROLLA GR,automoveis,2024-09,1,0.4,7.4
TOYOTA,HIACE,comerciais_leves,2008-04,197,7.3,146.2
TOYOTA,HIACE,comerciais_leves,2008-05,170,7.3,146.2
TOYOTA,HIACE,comerciais_leves,2008-06,190,7.3,146.2
TOYOTA,HIACE,comerciais_leves,2008-07,190,7.3,146.2
TOYOTA,HIACE,comerciais_leves,2008-08,185,7.3,146.2
TOYOTA,HIACE,comerciais_leves,2008-09,194,7.3,146.2
TOYOTA,HIACE,comerciais_leves,2008-10,178,7.3,146.2
TOYOTA,HIACE,comerciais_leves,2008-11,170,7.3,146.2
TOYOTA,HIACE,comerciais_leves,2008-12,155,7.3,146.2
TOYOTA,HIACE,comerciais_leves,2009-01,121,7.3,146.2
TOYOTA,HIACE,comerciais_leves,2009-02,155,7.3,146.2
TOYOTA,HIACE,comerciais_leves,2009-03,143,7.3,146.2
TOYOTA,HIACE,comerciais_leves,2009-04,108,7.3,146.2
TOYOTA,HIACE,comerciais_leves,2009-05,148,7.3,146.2
TOYOTA,HIACE,comerciais_leves,2009-06,122,7.3,146.2
TOYOTA,HIACE,comerciais_leves,2009-07,174,7.3,146.2
TOYOTA,HIACE,comerciais_leves,2009-08,156,7.3,146.2
TOYOTA,HIACE,comerciais_leves,2009-09,130,7.3,146.2
TOYOTA,HIACE,comerciais_leves,2009-10,161,7.3,146.2
TOYOTA,HIACE,comerciais_leves,2009-11,177,7.3,146.2
TOYOTA,HIACE,comerciais_leves,2009-12,184,7.3,146.2
TOYOTA,HIACE,comerciais_leves,2010-03,249,7.3,146.2
TOYOTA,HIACE,comerciais_leves,2010-05,215,7.3,146.2
TOYOTA,HIACE,comerciais_leves,2010-07,219,7.3,146.2
TOYOTA,HIACE,comerciais_leves,2010-10,302,7.3,146.2
TOYOTA,HIACE,comerciais_leves,2010-11,271,7.3,146.2
TOYOTA,HIACE,comerciais_leves,2010-12,292,7.3,146.2
TOYOTA,HIACE,comerciais_leves,2011-01,319,7.3,146.2
TOYOTA,HIACE,comerciais_leves,2011-02,326,7.3,146.2
TOYOTA,HIACE,comerciais_leves,2011-03,334,7.3,146.2
TOYOTA,HIACE,comerciais_leves,2011-04,292,7.3,146.2
TOYOTA,HIACE,comerciais_leves,2011-05,323,7.3,146.2
TOYOTA,HIACE,comerciais_leves,2011-06,290,7.3,146.2
TOYOTA,HIACE,comerciais_leves,2011-07,366,7.3,146.2
TOYOTA,HIACE,comerciais_leves,2011-08,422,7.3,146.2
TOYOTA,HIACE,comerciais_leves,2011-09,402,7.3,146.2
TOYOTA,HIACE,comerciais_leves,2011-10,341,7.3,146.2
TOYOTA,HIACE,comerciais_leves,2011-11,321,7.3,146.2
TOYOTA,HIACE,comerciais_leves,2012-01,399,7.3,146.2
TOYOTA,HIACE,comerciais_leves,2012-02,399,7.3,146.2
TOYOTA,HIACE,comerciais_leves,2012-03,445,7.3,146.2
TOYOTA,HIACE,comerciais_leves,2012-05,343,7.3,146.2
TOYOTA,HIACE,comerciais_leves,2012-06,231,7.3,146.2
TOYOTA,HIACE,comerciais_leves,2012-07,216,7.3,146.2
TOYOTA,HIACE,comerciais_leves,2012-08,211,7.3,146.2
TOYOTA,HIACE,comerciais_leves,2012-09,155,7.3,146.2
TOYOTA,HIACE,comerciais_leves,2012-10,236,7.3,146.2
TOYOTA,HIACE,comerciais_leves,2012-12,148,7.3,146.2
TOYOTA,HIACE,comerciais_leves,2013-01,258,7.3,146.2
TOYOTA,HIACE,comerciais_leves,2013-02,160,7.3,146.2
TOYOTA,HIACE,comerciais_leves,2013-03,284,7.3,146.2
TOYOTA,HIACE,comerciais_leves,2013-04,307,7.3,146.2
TOYOTA,HIACE,comerciais_leves,2013-05,216,7.3,146.2
TOYOTA,HIACE,comerciais_leves,2013-06,218,7.3,146.2
TOYOTA,HIACE,comerciais_leves,2013-07,256,7.3,146.2
TOYOTA,HIACE,comerciais_leves,2013-08,235,7.3,146.2
TOYOTA,HIACE,comerciais_leves,2013-09,246,7.3,146.2
TOYOTA,HIACE,comerciais_leves,2013-10,266,7.3,146.2
TOYOTA,HIACE,comerciais_leves,2013-11,269,7.3,146.2
TOYOTA,HIACE,comerciais_leves,2013-12,261,7.3,146.2
TOYOTA,HIACE,comerciais_leves,2014-01,270,7.3,146.2
TOYOTA,HIACE,comerciais_leves,2014-02,250,7.3,146.2
TOYOTA,HIACE,comerciais_leves,2014-03,245,7.3,146.2
TOYOTA,HIACE,comerciais_leves,2014-04,183,7.3,146.2
TOYOTA,HIACE,comerciais_leves,2014-05,157,7.3,146.2
TOYOTA,HIACE,comerciais_leves,2014-06,107,7.3,146.2
TOYOTA,HIACE,comerciais_leves,2014-07,104,7.3,146.2
TOYOTA,HIACE,comerciais_leves,2014-08,159,7.3,146.2
TOYOTA,HIACE,comerciais_leves,2014-09,58,7.3,146.2
TOYOTA,HIACE,comerciais_leves,2014-10,79,7.3,146.2
TOYOTA,HIACE,comerciais_leves,2014-11,27,7.3,146.2
TOYOTA,HIACE,comerciais_leves,2014-12,21,7.3,146.2
TOYOTA,HIACE,comerciais_leves,2015-02,151,7.3,146.2
TOYOTA,HIACE,comerciais_leves,2015-03,153,7.3,146.2
TOYOTA,HIACE,comerciais_leves,2015-04,126,7.3,146.2
TOYOTA,HIACE,comerciais_leves,2015-05,90,7.3,146.2
TOYOTA,HIACE,comerciais_leves,2015-06,112,7.3,146.2
TOYOTA,HIACE,comerciais_leves,2015-07,81,7.3,146.2
TOYOTA,HIACE,comerciais_leves,2015-08,88,7.3,146.2
TOYOTA,HIACE,comerciais_leves,2015-09,77,7.3,146.2
TOYOTA,HIACE,comerciais_leves,2015-11,100,7.3,146.2
TOYOTA,HIACE,comerciais_leves,2016-01,88,7.3,146.2
TOYOTA,HIACE,comerciais_leves,2016-02,74,7.3,146.2
TOYOTA,HIACE,comerciais_leves,2016-03,93,7.3,146.2
TOYOTA,HIACE,comerciais_leves,2016-04,55,7.3,146.2
TOYOTA,HIACE,comerciais_leves,2016-05,64,7.3,146.2
TOYOTA,HIACE,comerciais_leves,2016-06,35,7.3,146.2
TOYOTA,HIACE,comerciais_leves,2016-07,11,7.3,146.2
TOYOTA,HIACE,comerciais_leves,2016-08,50,7.3,146.2
TOYOTA,HIACE,comerciais_leves,2016-09,51,7.3,146.2
TOYOTA,HIACE,comerciais_leves,2016-10,30,7.3,146.2
TOYOTA,HIACE,comerciais_leves,2016-11,42,7.3,146.2
TOYOTA,HIACE,comerciais_leves,2016-12,83,7.3,146.2
TOYOTA,HIACE,comerciais_leves,2017-01,64,7.3,146.2
TOYOTA,HIACE,comerciais_leves,2017-02,40,7.3,146.2
TOYOTA,HIACE,comerciais_leves,2017-03,55,7.3,146.2
TOYOTA,HIACE,comerciais_leves,2017-04,45,7.3,146.2
TOYOTA,HIACE,comerciais_leves,2017-05,22,7.3,146.2
TOYOTA,HIACE,comerciais_leves,2017-06,11,7.3,146.2
TOYOTA,HIACE,comerciais_leves,2017-08,18,7.3,146.2
TOYOTA,HIACE,comerciais_leves,2017-09,15,7.3,146.2
TOYOTA,HIACE,comerciais_leves,2017-12,20,7.3,146.2
TOYOTA,HIACE,comerciais_leves,2018-01,66,7.3,146.2
TOYOTA,HIACE,comerciais_leves,2018-02,35,7.3,146.2
TOYOTA,HIACE,comerciais_leves,2018-03,93,7.3,146.2
TOYOTA,HIACE,comerciais_leves,2018-04,83,7.3,146.2
TOYOTA,HIACE,comerciais_leves,2018-05,56,7.3,146.2
TOYOTA,HIACE,comerciais_leves,2018-07,82,7.3,146.2
TOYOTA,HIACE,comerciais_leves,2018-08,97,7.3,146.2
TOYOTA,HIACE,comerciais_leves,2018-09,74,7.3,146.2
TOYOTA,HIACE,comerciais_leves,2018-10,156,7.3,146.2
TOYOTA,HIACE,comerciais_leves,2018-12,30,7.3,146.2
TOYOTA,HIACE,comerciais_leves,2019-01,118,7.3,146.2
TOYOTA,HIACE,comerciais_leves,2019-02,128,7.3,146.2
TOYOTA,HIACE,comerciais_leves,2019-03,126,7.3,146.2
TOYOTA,HIACE,comerciais_leves,2019-04,174,7.3,146.2
TOYOTA,HIACE,comerciais_leves,2019-05,146,7.3,146.2
TOYOTA,HIACE,comerciais_leves,2019-06,122,7.3,146.2
TOYOTA,HIACE,comerciais_leves,2019-07,84,7.3,146.2
TOYOTA,HIACE,comerciais_leves,2019-08,149,7.3,146.2
TOYOTA,HIACE,comerciais_leves,2019-09,173,7.3,146.2
TOYOTA,HIACE,comerciais_leves,2019-11,160,7.3,146.2
TOYOTA,HIACE,comerciais_leves,2019-12,186,7.3,146.2
TOYOTA,HIACE,comerciais_leves,2020-01,195,7.3,146.2
TOYOTA,HIACE,comerciais_leves,2020-02,176,7.3,146.2
TOYOTA,HIACE,comerciais_leves,2020-03,143,7.3,146.2
TOYOTA,HIACE,comerciais_leves,2020-04,37,7.3,146.2
TOYOTA,HIACE,comerciais_leves,2020-05,50,7.3,146.2
TOYOTA,HIACE,comerciais_leves,2020-06,106,7.3,146.2
TOYOTA,HIACE,comerciais_leves,2020-07,95,7.3,146.2
TOYOTA,HIACE,comerciais_leves,2020-08,121,7.3,146.2
TOYOTA,HIACE,comerciais_leves,2020-09,140,7.3,146.2
TOYOTA,HIACE,comerciais_leves,2020-10,166,7.3,146.2
TOYOTA,HIACE,comerciais_leves,2020-11,133,7.3,146.2
TOYOTA,HIACE,comerciais_leves,2020-12,116,7.3,146.2
TOYOTA,HIACE,comerciais_leves,2021-01,146,7.3,146.2
TOYOTA,HIACE,comerciais_leves,2021-02,139,7.3,146.2
TOYOTA,HIACE,comerciais_leves,2021-03,205,7.3,146.2
TOYOTA,HIACE,comerciais_leves,2021-04,150,7.3,146.2
TOYOTA,HIACE,comerciais_leves,2021-05,204,7.3,146.2
TOYOTA,HIACE,comerciais_leves,2021-06,165,7.3,146.2
TOYOTA,HIACE,comerciais_leves,2021-07,199,7.3,146.2
TOYOTA,HIACE,comerciais_leves,2021-08,208,7.3,146.2
TOYOTA,HIACE,comerciais_leves,2021-09,248,7.3,146.2
TOYOTA,HIACE,comerciais_leves,2021-10,224,7.3,146.2
TOYOTA,HIACE,comerciais_leves,2021-11,221,7.3,146.2
TOYOTA,HIACE,comerciais_leves,2021-12,168,7.3,146.2
TOYOTA,HIACE,comerciais_leves,2022-01,149,7.3,146.2
TOYOTA,HIACE,comerciais_leves,2022-02,155,7.3,146.2
TOYOTA,HIACE,comerciais_leves,2022-03,181,7.3,146.2
TOYOTA,HIACE,comerciais_leves,2022-04,176,7.3,146.2
TOYOTA,HIACE,comerciais_leves,2022-05,189,7.3,146.2
TOYOTA,HIACE,comerciais_leves,2022-06,131,7.3,146.2
TOYOTA,HIACE,comerciais_leves,2022-07,54,7.3,146.2
TOYOTA,HIACE,comerciais_leves,2022-08,40,7.3,146.2
TOYOTA,HIACE,comerciais_leves,2022-09,23,7.3,146.2
TOYOTA,HIACE,comerciais_leves,2022-11,8,7.3,146.2
TOYOTA,HIACE,comerciais_leves,2022-12,11,7.3,146.2
TOYOTA,HIACE,comerciais_leves,2023-01,134,7.3,146.2
TOYOTA,HIACE,comerciais_leves,2023-02,112,7.3,146.2
TOYOTA,HIACE,comerciais_leves,2023-03,154,7.3,146.2
TOYOTA,HIACE,comerciais_leves,2023-04,76,7.3,146.2
TOYOTA,HIACE,comerciais_leves,2023-05,134,7.3,146.2
TOYOTA,HIACE,comerciais_leves,2023-06,88,7.3,146.2
TOYOTA,HIACE,comerciais_leves,2023-07,64,7.3,146.2
TOYOTA,HIACE,comerciais_leves,2023-08,111,7.3,146.2
TOYOTA,HIACE,comerciais_leves,2023-10,116,7.3,146.2
TOYOTA,HIACE,comerciais_leves,2023-11,119,7.3,146.2
TOYOTA,HIACE,comerciais_leves,2023-12,178,7.3,146.2
TOYOTA,HIACE,comerciais_leves,2024-01,121,7.3,146.2
TOYOTA,HIACE,comerciais_leves,2024-02,100,7.3,146.2
TOYOTA,HIACE,comerciais_leves,2024-03,157,7.3,146.2
TOYOTA,HIACE,comerciais_leves,2024-04,125,7.3,146.2
TOYOTA,HIACE,comerciais_leves,2024-05,70,7.3,146.2
TOYOTA,HIACE,comerciais_leves,2024-06,107,7.3,146.2
TOYOTA,HIACE,comerciais_leves,2024-07,156,7.3,146.2
TOYOTA,HIACE,comerciais_leves,2024-08,110,7.3,146.2
TOYOTA,HIACE,comerciais_leves,2024-09,120,7.3,146.2
TOYOTA,HIACE,comerciais_leves,2024-10,173,7.3,146.2
TOYOTA,HIACE,comerciais_leves,2024-11,99,7.3,146.2
TOYOTA,HIACE,comerciais_leves,2024-12,110,7.3,146.2
TOYOTA,HIACE,comerciais_leves,2025-01,157,7.3,146.2
TOYOTA,HIACE,comerciais_leves,2025-02,202,7.3,146.2
TOYOTA,HIACE,comerciais_leves,2025-03,164,7.3,146.2
TOYOTA,HIACE,comerciais_leves,2025-04,189,7.3,146.2
TOYOTA,HIACE,comerciais_leves,2025-05,215,7.3,146.2
TOYOTA,HIACE,comerciais_leves,2025-06,144,7.3,146.2
TOYOTA,HIACE,comerciais_leves,2025-07,172,7.3,146.2
TOYOTA,HIACE,comerciais_leves,2025-08,147,7.3,146.2
TOYOTA,PRIUS,automoveis,2012-01,19,12.6,252.3
TOYOTA,PRIUS,automoveis,2012-03,15,12.6,252.3
TOYOTA,PRIUS,automoveis,2014-12,14,12.6,252.3
TOYOTA,PRIUS,automoveis,2015-01,24,12.6,252.3
TOYOTA,PRIUS,automoveis,2015-02,15,12.6,252.3
TOYOTA,PRIUS,automoveis,2015-03,29,12.6,252.3
TOYOTA,PRIUS,automoveis,2015-04,35,12.6,252.3
TOYOTA,PRIUS,automoveis,2015-05,25,12.6,252.3
TOYOTA,PRIUS,automoveis,2015-06,13,12.6,252.3
TOYOTA,RAV4,automoveis,2017-01,36,35.8,716.4
TOYOTA,RAV4,automoveis,2017-03,47,35.8,716.4
TOYOTA,RAV4,automoveis,2017-05,56,35.8,716.4
TOYOTA,RAV4,automoveis,2017-06,37,35.8,716.4
TOYOTA,RAV4,automoveis,2021-04,59,35.8,716.4
TOYOTA,RAV4,automoveis,2021-05,58,35.8,716.4
TOYOTA,RAV4,automoveis,2021-07,40,35.8,716.4
TOYOTA,RAV4,automoveis,2022-01,71,35.8,716.4
TOYOTA,RAV4,automoveis,2022-02,44,35.8,716.4
TOYOTA,RAV4,automoveis,2023-01,67,35.8,716.4
TOYOTA,RAV4,automoveis,2023-02,53,35.8,716.4
TOYOTA,RAV4,automoveis,2023-05,92,35.8,716.4
TOYOTA,RAV4,automoveis,2023-06,61,35.8,716.4
TOYOTA,RAV4,automoveis,2023-07,57,35.8,716.4
TOYOTA,RAV4,automoveis,2023-08,55,35.8,716.4
TOYOTA,RAV4,automoveis,2023-10,48,35.8,716.4
TOYOTA,SIENNA,automoveis,2022-08,2,0.1,1.8
TOYOTA,SIENNA,automoveis,2023-01,1,0.1,1.8
TOYOTA,SIENNA,automoveis,2025-01,3,0.1,1.8
TOYOTA,TACOMA,comerciais_leves,2009-01,1,0.0,0.2
TOYOTA,TACOMA,comerciais_leves,2009-02,1,0.0,0.2
TOYOTA,TACOMA,comerciais_leves,2009-07,1,0.0,0.2
TOYOTA,TACOMA,comerciais_leves,2009-08,1,0.0,0.2
TOYOTA,TACOMA,comerciais_leves,2010-03,2,0.0,0.2
TOYOTA,TACOMA,comerciais_leves,2010-04,4,0.0,0.2
TOYOTA,TACOMA,comerciais_leves,2010-05,3,0.0,0.2
TOYOTA,TACOMA,comerciais_leves,2010-06,3,0.0,0.2
TOYOTA,TACOMA,comerciais_leves,2010-07,5,0.0,0.2
TOYOTA,TACOMA,comerciais_leves,2010-08,2,0.0,0.2
TOYOTA,TACOMA,comerciais_leves,2010-09,4,0.0,0.2
TOYOTA,TACOMA,comerciais_leves,2010-10,12,0.0,0.2
TOYOTA,TACOMA,comerciais_leves,2010-11,1,0.0,0.2
TOYOTA,TACOMA,comerciais_leves,2010-12,1,0.0,0.2
TOYOTA,TACOMA,comerciais_leves,2011-01,2,0.0,0.2
TOYOTA,TACOMA,comerciais_leves,2011-02,3,0.0,0.2
TOYOTA,TACOMA,comerciais_leves,2011-03,3,0.0,0.2
TOYOTA,TACOMA,comerciais_leves,2011-04,1,0.0,0.2
TOYOTA,TACOMA,comerciais_leves,2011-06,4,0.0,0.2
TOYOTA,TACOMA,comerciais_leves,2011-07,5,0.0,0.2
TOYOTA,TACOMA,comerciais_leves,2011-08,5,0.0,0.2
TOYOTA,TACOMA,comerciais_leves,2011-09,2,0.0,0.2
TOYOTA,TACOMA,comerciais_leves,2011-10,1,0.0,0.2
TOYOTA,TACOMA,comerciais_leves,2011-11,1,0.0,0.2
TOYOTA,TACOMA,comerciais_leves,2011-12,2,0.0,0.2
TOYOTA,TACOMA,comerciais_leves,2012-01,7,0.0,0.2
TOYOTA,TACOMA,comerciais_leves,2012-02,2,0.0,0.2
TOYOTA,TACOMA,comerciais_leves,2012-03,11,0.0,0.2
TOYOTA,TACOMA,comerciais_leves,2012-04,13,0.0,0.2
TOYOTA,TACOMA,comerciais_leves,2012-05,3,0.0,0.2
TOYOTA,TACOMA,comerciais_leves,2012-06,7,0.0,0.2
TOYOTA,TACOMA,comerciais_leves,2012-07,7,0.0,0.2
TOYOTA,TACOMA,comerciais_leves,2012-08,2,0.0,0.2
TOYOTA,TACOMA,comerciais_leves,2012-09,2,0.0,0.2
TOYOTA,TACOMA,comerciais_leves,2012-11,2,0.0,0.2
TOYOTA,TACOMA,comerciais_leves,2013-01,9,0.0,0.2
TOYOTA,TACOMA,comerciais_leves,2013-02,16,0.0,0.2
TOYOTA,TACOMA,comerciais_leves,2013-03,11,0.0,0.2
TOYOTA,TACOMA,comerciais_leves,2013-04,21,0.0,0.2
TOYOTA,TACOMA,comerciais_leves,2013-05,17,0.0,0.2
TOYOTA,TACOMA,comerciais_leves,2013-06,15,0.0,0.2
TOYOTA,TACOMA,comerciais_leves,2013-07,32,0.0,0.2
TOYOTA,TACOMA,comerciais_leves,2013-08,22,0.0,0.2
TOYOTA,TACOMA,comerciais_leves,2013-09,10,0.0,0.2
TOYOTA,TACOMA,comerciais_leves,2013-10,24,0.0,0.2
TOYOTA,TACOMA,comerciais_leves,2013-11,14,0.0,0.2
TOYOTA,TACOMA,comerciais_leves,2013-12,17,0.0,0.2
TOYOTA,TACOMA,comerciais_leves,2014-01,19,0.0,0.2
TOYOTA,TACOMA,comerciais_leves,2014-02,13,0.0,0.2
TOYOTA,TACOMA,comerciais_leves,2014-03,17,0.0,0.2
TOYOTA,TACOMA,comerciais_leves,2014-04,23,0.0,0.2
TOYOTA,TACOMA,comerciais_leves,2014-05,10,0.0,0.2
TOYOTA,TACOMA,comerciais_leves,2014-06,3,0.0,0.2
TOYOTA,TACOMA,comerciais_leves,2014-07,1,0.0,0.2
TOYOTA,TACOMA,comerciais_leves,2014-08,2,0.0,0.2
TOYOTA,TACOMA,comerciais_leves,2014-09,1,0.0,0.2
TOYOTA,TACOMA,comerciais_leves,2014-10,1,0.0,0.2
TOYOTA,TACOMA,comerciais_leves,2015-01,8,0.0,0.2
TOYOTA,TACOMA,comerciais_leves,2015-03,3,0.0,0.2
TOYOTA,TACOMA,comerciais_leves,2015-04,8,0.0,0.2
TOYOTA,TACOMA,comerciais_leves,2015-05,4,0.0,0.2
TOYOTA,TACOMA,comerciais_leves,2015-07,1,0.0,0.2
TOYOTA,TACOMA,comerciais_leves,2015-08,2,0.0,0.2
TOYOTA,TACOMA,comerciais_leves,2015-10,1,0.0,0.2
TOYOTA,TACOMA,comerciais_leves,2015-12,2,0.0,0.2
TOYOTA,TACOMA,comerciais_leves,2016-01,12,0.0,0.2
TOYOTA,TACOMA,comerciais_leves,2016-02,10,0.0,0.2
TOYOTA,TACOMA,comerciais_leves,2016-03,9,0.0,0.2
TOYOTA,TACOMA,comerciais_leves,2016-04,5,0.0,0.2
TOYOTA,TACOMA,comerciais_leves,2016-05,5,0.0,0.2
TOYOTA,TACOMA,comerciais_leves,2016-06,9,0.0,0.2
TOYOTA,TACOMA,comerciais_leves,2016-07,6,0.0,0.2
TOYOTA,TACOMA,comerciais_leves,2016-08,6,0.0,0.2
TOYOTA,TACOMA,comerciais_leves,2016-09,3,0.0,0.2
TOYOTA,TACOMA,comerciais_leves,2016-10,10,0.0,0.2
TOYOTA,TACOMA,comerciais_leves,2016-11,2,0.0,0.2
TOYOTA,TACOMA,comerciais_leves,2017-01,3,0.0,0.2
TOYOTA,TACOMA,comerciais_leves,2017-02,9,0.0,0.2
TOYOTA,TACOMA,comerciais_leves,2017-05,14,0.0,0.2
TOYOTA,TACOMA,comerciais_leves,2017-06,1,0.0,0.2
TOYOTA,TACOMA,comerciais_leves,2017-07,1,0.0,0.2
TOYOTA,TACOMA,comerciais_leves,2017-08,1,0.0,0.2
TOYOTA,TACOMA,comerciais_leves,2017-10,6,0.0,0.2
TOYOTA,TACOMA,comerciais_leves,2017-11,8,0.0,0.2
TOYOTA,TACOMA,comerciais_leves,2017-12,2,0.0,0.2
TOYOTA,TACOMA,comerciais_leves,2018-01,25,0.0,0.2
TOYOTA,TACOMA,comerciais_leves,2018-02,18,0.0,0.2
TOYOTA,TACOMA,comerciais_leves,2018-03,11,0.0,0.2
TOYOTA,TACOMA,comerciais_leves,2018-04,7,0.0,0.2
TOYOTA,TACOMA,comerciais_leves,2018-05,1,0.0,0.2
TOYOTA,TACOMA,comerciais_leves,2018-06,4,0.0,0.2
TOYOTA,TACOMA,comerciais_leves,2018-07,1,0.0,0.2
TOYOTA,TACOMA,comerciais_leves,2018-08,2,0.0,0.2
TOYOTA,TACOMA,comerciais_leves,2018-10,1,0.0,0.2
TOYOTA,TACOMA,comerciais_leves,2018-11,1,0.0,0.2
TOYOTA,TACOMA,comerciais_leves,2018-12,1,0.0,0.2
TOYOTA,TACOMA,comerciais_leves,2019-01,1,0.0,0.2
TOYOTA,TACOMA,comerciais_leves,2019-04,1,0.0,0.2
TOYOTA,TACOMA,comerciais_leves,2019-06,2,0.0,0.2
TOYOTA,TACOMA,comerciais_leves,2019-10,1,0.0,0.2
TOYOTA,TACOMA,comerciais_leves,2019-11,8,0.0,0.2
TOYOTA,TACOMA,comerciais_leves,2019-12,5,0.0,0.2
TOYOTA,TACOMA,comerciais_leves,2020-01,2,0.0,0.2
TOYOTA,TACOMA,comerciais_leves,2020-02,1,0.0,0.2
TOYOTA,TACOMA,comerciais_leves,2020-06,1,0.0,0.2
TOYOTA,TACOMA,comerciais_leves,2020-11,1,0.0,0.2
TOYOTA,TACOMA,comerciais_leves,2020-12,1,0.0,0.2
TOYOTA,TACOMA,comerciais_leves,2021-01,1,0.0,0.2
TOYOTA,TACOMA,comerciais_leves,2021-04,18,0.0,0.2
TOYOTA,TACOMA,comerciais_leves,2021-05,12,0.0,0.2
TOYOTA,TACOMA,comerciais_leves,2021-06,21,0.0,0.2
TOYOTA,TACOMA,comerciais_leves,2021-07,25,0.0,0.2
TOYOTA,TACOMA,comerciais_leves,2021-08,33,0.0,0.2
TOYOTA,TACOMA,comerciais_leves,2021-09,25,0.0,0.2
TOYOTA,TACOMA,comerciais_leves,2021-10,23,0.0,0.2
TOYOTA,TACOMA,comerciais_leves,2021-11,13,0.0,0.2
TOYOTA,TACOMA,comerciais_leves,2021-12,8,0.0,0.2
TOYOTA,TACOMA,comerciais_leves,2022-01,3,0.0,0.2
TOYOTA,TACOMA,comerciais_leves,2022-02,12,0.0,0.2
TOYOTA,TACOMA,comerciais_leves,2022-03,17,0.0,0.2
TOYOTA,TUNDRA,comerciais_leves,2008-01,1,0.1,1.8
TOYOTA,TUNDRA,comerciais_leves,2008-04,1,0.1,1.8
TOYOTA,TUNDRA,comerciais_leves,2008-06,1,0.1,1.8
TOYOTA,TUNDRA,comerciais_leves,2009-01,1,0.1,1.8
TOYOTA,TUNDRA,comerciais_leves,2009-02,1,0.1,1.8
TOYOTA,TUNDRA,comerciais_leves,2009-04,1,0.1,1.8
TOYOTA,TUNDRA,comerciais_leves,2009-07,1,0.1,1.8
TOYOTA,TUNDRA,comerciais_leves,2010-01,1,0.1,1.8
TOYOTA,TUNDRA,comerciais_leves,2010-04,4,0.1,1.8
TOYOTA,TUNDRA,comerciais_leves,2010-06,3,0.1,1.8
TOYOTA,TUNDRA,comerciais_leves,2010-08,2,0.1,1.8
TOYOTA,TUNDRA,comerciais_leves,2010-10,12,0.1,1.8
TOYOTA,TUNDRA,comerciais_leves,2010-11,1,0.1,1.8
TOYOTA,TUNDRA,comerciais_leves,2010-12,1,0.1,1.8
TOYOTA,TUNDRA,comerciais_leves,2011-04,1,0.1,1.8
TOYOTA,TUNDRA,comerciais_leves,2011-07,5,0.1,1.8
TOYOTA,TUNDRA,comerciais_leves,2011-08,5,0.1,1.8
TOYOTA,TUNDRA,comerciais_leves,2011-11,1,0.1,1.8
TOYOTA,TUNDRA,comerciais_leves,2012-01,7,0.1,1.8
TOYOTA,TUNDRA,comerciais_leves,2012-02,2,0.1,1.8
TOYOTA,TUNDRA,comerciais_leves,2012-03,11,0.1,1.8
TOYOTA,TUNDRA,comerciais_leves,2012-04,13,0.1,1.8
TOYOTA,TUNDRA,comerciais_leves,2012-06,7,0.1,1.8
TOYOTA,TUNDRA,comerciais_leves,2012-07,7,0.1,1.8
TOYOTA,TUNDRA,comerciais_leves,2012-08,2,0.1,1.8
TOYOTA,TUNDRA,comerciais_leves,2012-11,2,0.1,1.8
TOYOTA,TUNDRA,comerciais_leves,2013-01,9,0.1,1.8
TOYOTA,TUNDRA,comerciais_leves,2013-02,16,0.1,1.8
TOYOTA,TUNDRA,comerciais_leves,2013-03,11,0.1,1.8
TOYOTA,TUNDRA,comerciais_leves,2013-04,21,0.1,1.8
TOYOTA,TUNDRA,comerciais_leves,2013-05,17,0.1,1.8
TOYOTA,TUNDRA,comerciais_leves,2013-06,15,0.1,1.8
TOYOTA,TUNDRA,comerciais_leves,2013-07,32,0.1,1.8
TOYOTA,TUNDRA,comerciais_leves,2013-08,22,0.1,1.8
TOYOTA,TUNDRA,comerciais_leves,2013-09,10,0.1,1.8
TOYOTA,TUNDRA,comerciais_leves,2013-10,24,0.1,1.8
TOYOTA,TUNDRA,comerciais_leves,2013-11,14,0.1,1.8
TOYOTA,TUNDRA,comerciais_leves,2013-12,17,0.1,1.8
TOYOTA,TUNDRA,comerciais_leves,2014-01,19,0.1,1.8
TOYOTA,TUNDRA,comerciais_leves,2014-02,13,0.1,1.8
TOYOTA,TUNDRA,comerciais_leves,2014-03,17,0.1,1.8
TOYOTA,TUNDRA,comerciais_leves,2014-04,23,0.1,1.8
TOYOTA,TUNDRA,comerciais_leves,2014-05,10,0.1,1.8
TOYOTA,TUNDRA,comerciais_leves,2014-06,3,0.1,1.8
TOYOTA,TUNDRA,comerciais_leves,2014-07,1,0.1,1.8
TOYOTA,TUNDRA,comerciais_leves,2014-08,2,0.1,1.8
TOYOTA,TUNDRA,comerciais_leves,2014-09,1,0.1,1.8
TOYOTA,TUNDRA,comerciais_leves,2014-10,1,0.1,1.8
TOYOTA,TUNDRA,comerciais_leves,2015-01,8,0.1,1.8
TOYOTA,TUNDRA,comerciais_leves,2015-02,5,0.1,1.8
TOYOTA,TUNDRA,comerciais_leves,2015-03,3,0.1,1.8
TOYOTA,TUNDRA,comerciais_leves,2015-04,8,0.1,1.8
TOYOTA,TUNDRA,comerciais_leves,2015-05,4,0.1,1.8
TOYOTA,TUNDRA,comerciais_leves,2015-07,1,0.1,1.8
TOYOTA,TUNDRA,comerciais_leves,2015-08,2,0.1,1.8
TOYOTA,TUNDRA,comerciais_leves,2015-10,1,0.1,1.8
TOYOTA,TUNDRA,comerciais_leves,2015-12,2,0.1,1.8
TOYOTA,TUNDRA,comerciais_leves,2016-03,9,0.1,1.8
TOYOTA,TUNDRA,comerciais_leves,2016-04,5,0.1,1.8
TOYOTA,TUNDRA,comerciais_leves,2016-05,5,0.1,1.8
TOYOTA,TUNDRA,comerciais_leves,2016-06,9,0.1,1.8
TOYOTA,TUNDRA,comerciais_leves,2016-07,6,0.1,1.8
TOYOTA,TUNDRA,comerciais_leves,2016-08,6,0.1,1.8
TOYOTA,TUNDRA,comerciais_leves,2016-09,3,0.1,1.8
TOYOTA,TUNDRA,comerciais_leves,2016-10,10,0.1,1.8
TOYOTA,TUNDRA,comerciais_leves,2016-11,2,0.1,1.8
TOYOTA,TUNDRA,comerciais_leves,2017-01,3,0.1,1.8
TOYOTA,TUNDRA,comerciais_leves,2017-02,9,0.1,1.8
TOYOTA,TUNDRA,comerciais_leves,2017-03,1,0.1,1.8
TOYOTA,TUNDRA,comerciais_leves,2017-05,14,0.1,1.8
TOYOTA,TUNDRA,comerciais_leves,2017-06,1,0.1,1.8
TOYOTA,TUNDRA,comerciais_leves,2017-07,1,0.1,1.8
TOYOTA,TUNDRA,comerciais_leves,2017-09,7,0.1,1.8
TOYOTA,TUNDRA,comerciais_leves,2017-10,6,0.1,1.8
TOYOTA,TUNDRA,comerciais_leves,2017-11,8,0.1,1.8
TOYOTA,TUNDRA,comerciais_leves,2017-12,2,0.1,1.8
TOYOTA,TUNDRA,comerciais_leves,2018-01,25,0.1,1.8
TOYOTA,TUNDRA,comerciais_leves,2018-02,18,0.1,1.8
TOYOTA,TUNDRA,comerciais_leves,2018-03,11,0.1,1.8
TOYOTA,TUNDRA,comerciais_leves,2018-05,1,0.1,1.8
TOYOTA,TUNDRA,comerciais_leves,2018-06,4,0.1,1.8
TOYOTA,TUNDRA,comerciais_leves,2018-07,1,0.1,1.8
TOYOTA,TUNDRA,comerciais_leves,2018-08,2,0.1,1.8
TOYOTA,TUNDRA,comerciais_leves,2018-10,1,0.1,1.8
TOYOTA,TUNDRA,comerciais_leves,2018-11,1,0.1,1.8
TOYOTA,TUNDRA,comerciais_leves,2018-12,1,0.1,1.8
TOYOTA,TUNDRA,comerciais_leves,2019-01,1,0.1,1.8
TOYOTA,TUNDRA,comerciais_leves,2019-04,1,0.1,1.8
TOYOTA,TUNDRA,comerciais_leves,2019-06,2,0.1,1.8
TOYOTA,TUNDRA,comerciais_leves,2019-10,1,0.1,1.8
TOYOTA,TUNDRA,comerciais_leves,2019-11,8,0.1,1.8
TOYOTA,TUNDRA,comerciais_leves,2019-12,5,0.1,1.8
TOYOTA,TUNDRA,comerciais_leves,2020-01,2,0.1,1.8
TOYOTA,TUNDRA,comerciais_leves,2020-02,1,0.1,1.8
TOYOTA,TUNDRA,comerciais_leves,2020-11,1,0.1,1.8
TOYOTA,TUNDRA,comerciais_leves,2020-12,1,0.1,1.8
TOYOTA,TUNDRA,comerciais_leves,2021-01,1,0.1,1.8
TOYOTA,TUNDRA,comerciais_leves,2021-04,18,0.1,1.8
TOYOTA,TUNDRA,comerciais_leves,2021-05,12,0.1,1.8
TOYOTA,TUNDRA,comerciais_leves,2021-06,21,0.1,1.8
TOYOTA,TUNDRA,comerciais_leves,2021-07,25,0.1,1.8
TOYOTA,TUNDRA,comerciais_leves,2021-08,33,0.1,1.8
TOYOTA,TUNDRA,comerciais_leves,2021-09,25,0.1,1.8
TOYOTA,TUNDRA,comerciais_leves,2021-10,23,0.1,1.8
TOYOTA,TUNDRA,comerciais_leves,2021-11,13,0.1,1.8
TOYOTA,TUNDRA,comerciais_leves,2021-12,8,0.1,1.8
TOYOTA,TUNDRA,comerciais_leves,2022-01,3,0.1,1.8
TOYOTA,TUNDRA,comerciais_leves,2022-02,12,0.1,1.8
TOYOTA,TUNDRA,comerciais_leves,2022-03,17,0.1,1.8
TOYOTA,TUNDRA,comerciais_leves,2022-04,21,0.1,1.8
TOYOTA,TUNDRA,comerciais_leves,2022-05,39,0.1,1.8
TOYOTA,TUNDRA,comerciais_leves,2022-06,52,0.1,1.8
TOYOTA,TUNDRA,comerciais_leves,2022-07,68,0.1,1.8
TOYOTA,TUNDRA,comerciais_leves,2022-08,107,0.1,1.8
TOYOTA,TUNDRA,comerciais_leves,2022-09,55,0.1,1.8
TOYOTA,TUNDRA,comerciais_leves,2022-11,62,0.1,1.8
TOYOTA,TUNDRA,comerciais_leves,2022-12,112,0.1,1.8
TROLLER,T4,automoveis,2019-04,100,9.5,189.7
TROLLER,T4,automoveis,2019-05,99,9.5,189.7
TROLLER,T4,automoveis,2019-07,97,9.5,189.7
TROLLER,T4,automoveis,2019-10,76,9.5,189.7
TROLLER,T4,automoveis,2019-11,63,9.5,189.7
TROLLER,T4,automoveis,2020-07,96,9.5,189.7
TROLLER,T4,automoveis,2020-08,61,9.5,189.7
TROLLER,T4,automoveis,2021-01,58,9.5,189.7
TROLLER,T4,automoveis,2021-02,43,9.5,189.7
TROLLER,T4,automoveis,2021-03,51,9.5,189.7
VOLVO,S60,automoveis,2013-11,12,4.5,90.6
VOLVO,S60,automoveis,2014-01,19,4.5,90.6
VOLVO,S60,automoveis,2014-02,12,4.5,90.6
VOLVO,S60,automoveis,2014-03,13,4.5,90.6
VOLVO,S60,automoveis,2014-04,20,4.5,90.6
VOLVO,S60,automoveis,2014-05,7,4.5,90.6
VOLVO,S60,automoveis,2014-06,5,4.5,90.6
VOLVO,S60,automoveis,2014-08,7,4.5,90.6
VOLVO,S60,automoveis,2014-09,15,4.5,90.6
VOLVO,S60,automoveis,2014-10,16,4.5,90.6
VOLVO,S60,automoveis,2014-11,10,4.5,90.6
VOLVO,S60,automoveis,2015-01,13,4.5,90.6
VOLVO,S60,automoveis,2015-02,10,4.5,90.6
VOLVO,S60,automoveis,2015-03,27,4.5,90.6
VOLVO,S60,automoveis,2015-04,29,4.5,90.6
VOLVO,S60,automoveis,2015-05,18,4.5,90.6
VOLVO,S60,automoveis,2018-02,9,4.5,90.6
VOLVO,S60,automoveis,2018-04,11,4.5,90.6
VOLVO,S60,automoveis,2018-05,10,4.5,90.6
VOLVO,S60,automoveis,2018-06,6,4.5,90.6
VOLVO,S60,automoveis,2018-09,8,4.5,90.6
VOLVO,S60,automoveis,2018-10,7,4.5,90.6
VOLVO,S60,automoveis,2018-11,8,4.5,90.6
VOLVO,S60,automoveis,2019-01,11,4.5,90.6
VOLVO,S60,automoveis,2019-02,5,4.5,90.6
VOLVO,S60,automoveis,2019-03,6,4.5,90.6
VOLVO,S60,automoveis,2019-04,8,4.5,90.6
VOLVO,S60,automoveis,2019-05,5,4.5,90.6
VOLVO,S60,automoveis,2019-06,6,4.5,90.6
VOLVO,S90,automoveis,2020-07,7,0.2,4.2
VOLVO,S90,automoveis,2020-08,1,0.2,4.2
VOLVO,S90,automoveis,2020-09,2,0.2,4.2
VOLVO,S90,automoveis,2020-10,2,0.2,4.2
VOLVO,S90,automoveis,2020-11,1,0.2,4.2
VOLVO,S90,automoveis,2021-02,6,0.2,4.2
VOLVO,S90,automoveis,2021-03,2,0.2,4.2
VOLVO,S90,automoveis,2021-05,3,0.2,4.2
VOLVO,S90,automoveis,2021-06,1,0.2,4.2
VOLVO,S90,automoveis,2021-07,1,0.2,4.2
VOLVO,S90,automoveis,2021-09,3,0.2,4.2
VOLVO,S90,automoveis,2021-10,3,0.2,4.2
VOLVO,S90,automoveis,2021-11,2,0.2,4.2
VOLVO,V40,automoveis,2004-01,8,1.9,37.9
VOLVO,V40,automoveis,2004-02,7,1.9,37.9
VOLVO,V40,automoveis,2004-03,5,1.9,37.9
VOLVO,V40,automoveis,2004-04,8,1.9,37.9
VOLVO,V40,automoveis,2004-05,8,1.9,37.9
VOLVO,V40,automoveis,2004-06,6,1.9,37.9
VOLVO,V40,automoveis,2004-07,8,1.9,37.9
VOLVO,V40,automoveis,2004-08,10,1.9,37.9
VOLVO,V40,automoveis,2004-09,8,1.9,37.9
VOLVO,V40,automoveis,2004-10,12,1.9,37.9
VOLVO,V40,automoveis,2004-11,12,1.9,37.9
VOLVO,V40,automoveis,2004-12,10,1.9,37.9
VOLVO,V40,automoveis,2005-01,7,1.9,37.9
VOLVO,V40,automoveis,2005-02,5,1.9,37.9
VOLVO,V40,automoveis,2005-04,14,1.9,37.9
VOLVO,V40,automoveis,2005-05,3,1.9,37.9
VOLVO,V40,automoveis,2005-06,2,1.9,37.9
VOLVO,V40,automoveis,2005-10,6,1.9,37.9
VOLVO,V40,automoveis,2005-11,8,1.9,37.9
VOLVO,V40,automoveis,2005-12,4,1.9,37.9
VOLVO,V40,automoveis,2006-01,14,1.9,37.9
VOLVO,V40,automoveis,2006-02,12,1.9,37.9
VOLVO,V40,automoveis,2006-03,10,1.9,37.9
VOLVO,V40,automoveis,2006-04,19,1.9,37.9
VOLVO,V40,automoveis,2006-05,2,1.9,37.9
VOLVO,V40,automoveis,2006-06,4,1.9,37.9
VOLVO,V40,automoveis,2006-07,4,1.9,37.9
VOLVO,V40,automoveis,2006-08,4,1.9,37.9
VOLVO,V40,automoveis,2006-09,9,1.9,37.9
VOLVO,V40,automoveis,2006-10,9,1.9,37.9
VOLVO,V40,automoveis,2006-11,7,1.9,37.9
VOLVO,V40,automoveis,2006-12,20,1.9,37.9
VOLVO,V40,automoveis,2007-01,21,1.9,37.9
VOLVO,V40,automoveis,2007-02,16,1.9,37.9
VOLVO,V40,automoveis,2007-03,15,1.9,37.9
VOLVO,V40,automoveis,2007-04,14,1.9,37.9
VOLVO,V40,automoveis,2007-05,9,1.9,37.9
VOLVO,V40,automoveis,2007-06,9,1.9,37.9
VOLVO,V40,automoveis,2007-08,3,1.9,37.9
VOLVO,V40,automoveis,2007-10,2,1.9,37.9
VOLVO,V40,automoveis,2007-12,5,1.9,37.9
VOLVO,V40,automoveis,2008-01,16,1.9,37.9
VOLVO,V40,automoveis,2008-02,15,1.9,37.9
VOLVO,V40,automoveis,2008-03,18,1.9,37.9
VOLVO,V40,automoveis,2008-04,23,1.9,37.9
VOLVO,V40,automoveis,2008-05,10,1.9,37.9
VOLVO,V40,automoveis,2008-06,7,1.9,37.9
VOLVO,V40,automoveis,2008-07,19,1.9,37.9
VOLVO,V40,automoveis,2008-08,11,1.9,37.9
VOLVO,V40,automoveis,2008-09,12,1.9,37.9
VOLVO,V40,automoveis,2008-10,16,1.9,37.9
VOLVO,V40,automoveis,2008-11,12,1.9,37.9
VOLVO,V40,automoveis,2008-12,14,1.9,37.9
VOLVO,V40,automoveis,2009-01,14,1.9,37.9
VOLVO,V40,automoveis,2009-02,12,1.9,37.9
VOLVO,V40,automoveis,2009-03,10,1.9,37.9
VOLVO,V40,automoveis,2009-04,10,1.9,37.9
VOLVO,V40,automoveis,2009-05,13,1.9,37.9
VOLVO,V40,automoveis,2009-06,19,1.9,37.9
VOLVO,V40,automoveis,2009-07,18,1.9,37.9
VOLVO,V40,automoveis,2009-08,6,1.9,37.9
VOLVO,V40,automoveis,2009-09,3,1.9,37.9
VOLVO,V40,automoveis,2010-01,11,1.9,37.9
VOLVO,V40,automoveis,2010-02,8,1.9,37.9
VOLVO,V40,automoveis,2010-03,11,1.9,37.9
VOLVO,V40,automoveis,2010-04,11,1.9,37.9
VOLVO,V40,automoveis,2010-05,6,1.9,37.9
VOLVO,V40,automoveis,2010-06,8,1.9,37.9
VOLVO,V40,automoveis,2010-07,9,1.9,37.9
VOLVO,V40,automoveis,2010-08,35,1.9,37.9
VOLVO,V40,automoveis,2010-09,15,1.9,37.9
VOLVO,V40,automoveis,2010-10,11,1.9,37.9
VOLVO,V40,automoveis,2010-11,4,1.9,37.9
VOLVO,V40,automoveis,2010-12,2,1.9,37.9
VOLVO,V40,automoveis,2011-01,30,1.9,37.9
VOLVO,V40,automoveis,2011-02,35,1.9,37.9
VOLVO,V40,automoveis,2011-03,32,1.9,37.9
VOLVO,V40,automoveis,2011-04,29,1.9,37.9
VOLVO,V40,automoveis,2011-05,40,1.9,37.9
VOLVO,V40,automoveis,2011-06,39,1.9,37.9
VOLVO,V40,automoveis,2011-07,33,1.9,37.9
VOLVO,V40,automoveis,2011-08,15,1.9,37.9
VOLVO,V40,automoveis,2011-09,9,1.9,37.9
VOLVO,V40,automoveis,2011-10,6,1.9,37.9
VOLVO,V40,automoveis,2011-11,11,1.9,37.9
VOLVO,V40,automoveis,2011-12,41,1.9,37.9
VOLVO,V40,automoveis,2012-01,28,1.9,37.9
VOLVO,V40,automoveis,2012-02,17,1.9,37.9
VOLVO,V40,automoveis,2012-03,16,1.9,37.9
VOLVO,V40,automoveis,2012-04,15,1.9,37.9
VOLVO,V40,automoveis,2012-05,22,1.9,37.9
VOLVO,V40,automoveis,2012-06,5,1.9,37.9
VOLVO,V40,automoveis,2012-07,5,1.9,37.9
VOLVO,V40,automoveis,2012-09,2,1.9,37.9
VOLVO,V40,automoveis,2013-01,17,1.9,37.9
VOLVO,V40,automoveis,2013-02,14,1.9,37.9
VOLVO,V40,automoveis,2013-03,18,1.9,37.9
VOLVO,V40,automoveis,2013-04,7,1.9,37.9
VOLVO,V40,automoveis,2013-05,6,1.9,37.9
VOLVO,V40,automoveis,2013-06,10,1.9,37.9
VOLVO,V40,automoveis,2013-07,13,1.9,37.9
VOLVO,V40,automoveis,2013-08,13,1.9,37.9
VOLVO,V40,automoveis,2013-09,5,1.9,37.9
VOLVO,V40,automoveis,2013-10,7,1.9,37.9
VOLVO,V40,automoveis,2013-11,12,1.9,37.9
VOLVO,V40,automoveis,2013-12,2,1.9,37.9
VOLVO,V40,automoveis,2014-01,19,1.9,37.9
VOLVO,V40,automoveis,2014-02,12,1.9,37.9
VOLVO,V40,automoveis,2014-03,13,1.9,37.9
VOLVO,V40,automoveis,2014-04,20,1.9,37.9
VOLVO,V40,automoveis,2014-05,7,1.9,37.9
VOLVO,V40,automoveis,2014-06,5,1.9,37.9
VOLVO,V40,automoveis,2014-07,2,1.9,37.9
VOLVO,V40,automoveis,2014-08,7,1.9,37.9
VOLVO,V40,automoveis,2014-09,15,1.9,37.9
VOLVO,V40,automoveis,2014-10,16,1.9,37.9
VOLVO,V40,automoveis,2014-11,10,1.9,37.9
VOLVO,V40,automoveis,2014-12,2,1.9,37.9
VOLVO,V40,automoveis,2015-01,13,1.9,37.9
VOLVO,V40,automoveis,2015-02,10,1.9,37.9
VOLVO,V40,automoveis,2015-03,27,1.9,37.9
VOLVO,V40,automoveis,2015-04,29,1.9,37.9
VOLVO,V40,automoveis,2015-05,18,1.9,37.9
VOLVO,V40,automoveis,2015-07,18,1.9,37.9
VOLVO,V40,automoveis,2015-08,5,1.9,37.9
VOLVO,V40,automoveis,2015-09,11,1.9,37.9
VOLVO,V40,automoveis,2015-10,4,1.9,37.9
VOLVO,V40,automoveis,2015-11,3,1.9,37.9
VOLVO,V40,automoveis,2015-12,12,1.9,37.9
VOLVO,V40,automoveis,2016-01,14,1.9,37.9
VOLVO,V40,automoveis,2016-02,11,1.9,37.9
VOLVO,V40,automoveis,2016-03,12,1.9,37.9
VOLVO,V40,automoveis,2016-04,9,1.9,37.9
VOLVO,V40,automoveis,2016-05,9,1.9,37.9
VOLVO,V40,automoveis,2016-06,12,1.9,37.9
VOLVO,V40,automoveis,2016-07,3,1.9,37.9
VOLVO,V40,automoveis,2016-11,6,1.9,37.9
VOLVO,V40,automoveis,2016-12,9,1.9,37.9
VOLVO,V40,automoveis,2017-01,4,1.9,37.9
VOLVO,V40,automoveis,2017-08,8,1.9,37.9
VOLVO,XC90,automoveis,2008-01,7,5.2,104.5
VOLVO,XC90,automoveis,2009-01,6,5.2,104.5
VOLVO,XC90,automoveis,2009-03,10,5.2,104.5
VOLVO,XC90,automoveis,2009-04,8,5.2,104.5
VOLVO,XC90,automoveis,2009-05,8,5.2,104.5
VOLVO,XC90,automoveis,2009-06,7,5.2,104.5
VOLVO,XC90,automoveis,2010-01,12,5.2,104.5
VOLVO,XC90,automoveis,2010-03,12,5.2,104.5
VOLVO,XC90,automoveis,2010-10,7,5.2,104.5
VOLVO,XC90,automoveis,2010-11,6,5.2,104.5
VOLVO,XC90,automoveis,2010-12,12,5.2,104.5
VOLVO,XC90,automoveis,2011-01,28,5.2,104.5
VOLVO,XC90,automoveis,2011-02,12,5.2,104.5
VOLVO,XC90,automoveis,2011-03,13,5.2,104.5
VOLVO,XC90,automoveis,2011-04,29,5.2,104.5
VOLVO,XC90,automoveis,2011-05,25,5.2,104.5
VOLVO,XC90,automoveis,2011-06,16,5.2,104.5
VOLVO,XC90,automoveis,2011-07,26,5.2,104.5
VOLVO,XC90,automoveis,2011-08,38,5.2,104.5
VOLVO,XC90,automoveis,2011-09,41,5.2,104.5
VOLVO,XC90,automoveis,2011-10,39,5.2,104.5
VOLVO,XC90,automoveis,2011-11,27,5.2,104.5
VOLVO,XC90,automoveis,2011-12,24,5.2,104.5
VOLVO,XC90,automoveis,2012-01,47,5.2,104.5
VOLVO,XC90,automoveis,2012-02,11,5.2,104.5
VOLVO,XC90,automoveis,2012-03,13,5.2,104.5
VOLVO,XC90,automoveis,2012-04,12,5.2,104.5
VOLVO,XC90,automoveis,2013-01,29,5.2,104.5
VOLVO,XC90,automoveis,2013-02,24,5.2,104.5
VOLVO,XC90,automoveis,2013-03,24,5.2,104.5
VOLVO,XC90,automoveis,2013-04,24,5.2,104.5
VOLVO,XC90,automoveis,2013-05,29,5.2,104.5
VOLVO,XC90,automoveis,2013-06,20,5.2,104.5
VOLVO,XC90,automoveis,2013-07,12,5.2,104.5
VOLVO,XC90,automoveis,2013-10,27,5.2,104.5
VOLVO,XC90,automoveis,2013-11,32,5.2,104.5
VOLVO,XC90,automoveis,2013-12,45,5.2,104.5
VOLVO,XC90,automoveis,2014-01,50,5.2,104.5
VOLVO,XC90,automoveis,2014-02,27,5.2,104.5
VOLVO,XC90,automoveis,2014-03,26,5.2,104.5
VOLVO,XC90,automoveis,2014-04,50,5.2,104.5
VOLVO,XC90,automoveis,2014-05,35,5.2,104.5
VOLVO,XC90,automoveis,2014-06,25,5.2,104.5
VOLVO,XC90,automoveis,2014-07,22,5.2,104.5
VOLVO,XC90,automoveis,2014-08,15,5.2,104.5
VOLVO,XC90,automoveis,2014-09,60,5.2,104.5
VOLVO,XC90,automoveis,2014-10,34,5.2,104.5
VOLVO,XC90,automoveis,2014-11,21,5.2,104.5
VOLVO,XC90,automoveis,2014-12,25,5.2,104.5
VOLVO,XC90,automoveis,2015-01,51,5.2,104.5
VOLVO,XC90,automoveis,2015-02,28,5.2,104.5
VOLVO,XC90,automoveis,2015-03,20,5.2,104.5
VOLVO,XC90,automoveis,2015-04,27,5.2,104.5
VOLVO,XC90,automoveis,2015-05,45,5.2,104.5
VOLVO,XC90,automoveis,2015-06,32,5.2,104.5
VOLVO,XC90,automoveis,2015-07,69,5.2,104.5
VOLVO,XC90,automoveis,2015-08,56,5.2,104.5
VOLVO,XC90,automoveis,2015-09,43,5.2,104.5
VOLVO,XC90,automoveis,2015-10,26,5.2,104.5
VOLVO,XC90,automoveis,2015-11,32,5.2,104.5
VOLVO,XC90,automoveis,2015-12,23,5.2,104.5
VOLVO,XC90,automoveis,2016-01,56,5.2,104.5
VOLVO,XC90,automoveis,2016-02,36,5.2,104.5
VOLVO,XC90,automoveis,2016-03,17,5.2,104.5
VOLVO,XC90,automoveis,2016-04,29,5.2,104.5
VOLVO,XC90,automoveis,2016-05,17,5.2,104.5
VOLVO,XC90,automoveis,2016-06,27,5.2,104.5
VOLVO,XC90,automoveis,2016-07,27,5.2,104.5
VOLVO,XC90,automoveis,2016-08,16,5.2,104.5
VOLVO,XC90,automoveis,2017-03,47,5.2,104.5
VOLVO,XC90,automoveis,2017-04,33,5.2,104.5
VOLVO,XC90,automoveis,2017-05,56,5.2,104.5
VOLVO,XC90,automoveis,2017-06,37,5.2,104.5
VOLVO,XC90,automoveis,2017-07,18,5.2,104.5
VOLVO,XC90,automoveis,2017-08,15,5.2,104.5
VOLVO,XC90,automoveis,2017-09,6,5.2,104.5
VOLVO,XC90,automoveis,2017-12,23,5.2,104.5
VOLVO,XC90,automoveis,2018-03,62,5.2,104.5
VOLVO,XC90,automoveis,2018-04,19,5.2,104.5
VOLVO,XC90,automoveis,2018-06,69,5.2,104.5
VOLVO,XC90,automoveis,2018-07,33,5.2,104.5
VOLVO,XC90,automoveis,2018-10,71,5.2,104.5
VOLVO,XC90,automoveis,2018-11,84,5.2,104.5
VOLVO,XC90,automoveis,2018-12,89,5.2,104.5
VOLVO,XC90,automoveis,2019-01,85,5.2,104.5
VOLVO,XC90,automoveis,2019-02,88,5.2,104.5
VOLVO,XC90,automoveis,2019-03,80,5.2,104.5
VOLVO,XC90,automoveis,2019-04,100,5.2,104.5
VOLVO,XC90,automoveis,2019-05,99,5.2,104.5
VOLVO,XC90,automoveis,2019-06,79,5.2,104.5
VOLVO,XC90,automoveis,2019-07,97,5.2,104.5
VOLVO,XC90,automoveis,2019-08,60,5.2,104.5
VOLVO,XC90,automoveis,2019-09,71,5.2,104.5
VOLVO,XC90,automoveis,2019-10,76,5.2,104.5
VOLVO,XC90,automoveis,2019-11,63,5.2,104.5
VOLVO,XC90,automoveis,2019-12,78,5.2,104.5
VOLVO,XC90,automoveis,2020-01,72,5.2,104.5
VOLVO,XC90,automoveis,2020-02,74,5.2,104.5
VOLVO,XC90,automoveis,2020-03,57,5.2,104.5
VOLVO,XC90,automoveis,2020-04,19,5.2,104.5
VOLVO,XC90,automoveis,2020-05,30,5.2,104.5
VOLVO,XC90,automoveis,2020-06,28,5.2,104.5
VOLVO,XC90,automoveis,2020-07,96,5.2,104.5
VOLVO,XC90,automoveis,2020-08,61,5.2,104.5
VOLVO,XC90,automoveis,2020-09,65,5.2,104.5
VOLVO,XC90,automoveis,2020-10,34,5.2,104.5
VOLVO,XC90,automoveis,2020-11,39,5.2,104.5
VOLVO,XC90,automoveis,2020-12,23,5.2,104.5
VOLVO,XC90,automoveis,2021-01,58,5.2,104.5
VOLVO,XC90,automoveis,2021-02,43,5.2,104.5
VOLVO,XC90,automoveis,2021-08,18,5.2,104.5
VOLVO,XC90,automoveis,2022-01,71,5.2,104.5
VOLVO,XC90,automoveis,2022-02,44,5.2,104.5
VOLVO,XC90,automoveis,2022-03,24,5.2,104.5
VOLVO,XC90,automoveis,2022-04,6,5.2,104.5
VOLVO,XC90,automoveis,2022-09,15,5.2,104.5
VOLVO,XC90,automoveis,2022-10,8,5.2,104.5
VOLVO,XC90,automoveis,2022-12,8,5.2,104.5
VOLVO,XC90,automoveis,2023-01,67,5.2,104.5
VW,AMAROK,comerciais_leves,2025-08,220,103.2,2064.7
VW,APOLLO,automoveis,2007-06,1,0.0,0.5
VW,APOLLO,automoveis,2008-01,1,0.0,0.5
VW,APOLLO,automoveis,2008-09,2,0.0,0.5
VW,APOLLO,automoveis,2009-02,16,0.0,0.5
VW,APOLLO,automoveis,2009-03,102,0.0,0.5
VW,APOLLO,automoveis,2009-04,59,0.0,0.5
VW,APOLLO,automoveis,2009-05,6,0.0,0.5
VW,APOLLO,automoveis,2009-06,4,0.0,0.5
VW,APOLLO,automoveis,2009-07,7,0.0,0.5
VW,APOLLO,automoveis,2009-08,1,0.0,0.5
VW,APOLLO,automoveis,2009-09,2,0.0,0.5
VW,BEETLE,automoveis,2007-03,183,4.8,96.8
VW,BEETLE,automoveis,2007-07,276,4.8,96.8
VW,BEETLE,automoveis,2007-08,355,4.8,96.8
VW,BEETLE,automoveis,2007-09,763,4.8,96.8
VW,BEETLE,automoveis,2007-10,1160,4.8,96.8
VW,BEETLE,automoveis,2007-11,1028,4.8,96.8
VW,BEETLE,automoveis,2007-12,906,4.8,96.8
VW,BEETLE,automoveis,2008-01,947,4.8,96.8
VW,BEETLE,automoveis,2008-02,682,4.8,96.8
VW,CC,automoveis,2016-01,4,0.9,17.1
VW,CC,automoveis,2016-02,1,0.9,17.1
VW,CC,automoveis,2016-03,1,0.9,17.1
VW,CC,automoveis,2016-04,1,0.9,17.1
VW,CC,automoveis,2016-06,2,0.9,17.1
VW,CC,automoveis,2016-07,1,0.9,17.1
VW,CC,automoveis,2016-08,2,0.9,17.1
VW,EXPRESS,comerciais_leves,2018-04,83,15.0,300.0
VW,FUSCA,automoveis,2004-01,1,0.4,7.5
VW,FUSCA,automoveis,2004-02,1,0.4,7.5
VW,FUSCA,automoveis,2007-07,1,0.4,7.5
VW,FUSCA,automoveis,2008-04,1,0.4,7.5
VW,FUSCA,automoveis,2008-07,2,0.4,7.5
VW,FUSCA,automoveis,2008-08,1,0.4,7.5
VW,FUSCA,automoveis,2008-10,1,0.4,7.5
VW,FUSCA,automoveis,2008-11,1,0.4,7.5
VW,FUSCA,automoveis,2009-01,1,0.4,7.5
VW,FUSCA,automoveis,2009-02,2,0.4,7.5
VW,FUSCA,automoveis,2009-03,1,0.4,7.5
VW,FUSCA,automoveis,2009-08,1,0.4,7.5
VW,FUSCA,automoveis,2009-10,2,0.4,7.5
VW,FUSCA,automoveis,2009-11,1,0.4,7.5
VW,FUSCA,automoveis,2010-03,1,0.4,7.5
VW,FUSCA,automoveis,2010-05,1,0.4,7.5
VW,FUSCA,automoveis,2010-07,1,0.4,7.5
VW,FUSCA,automoveis,2011-06,1,0.4,7.5
VW,FUSCA,automoveis,2012-04,1,0.4,7.5
VW,FUSCA,automoveis,2012-11,1,0.4,7.5
VW,FUSCA,automoveis,2013-01,1,0.4,7.5
VW,FUSCA,automoveis,2013-07,1,0.4,7.5
VW,FUSCA,automoveis,2013-12,108,0.4,7.5
VW,FUSCA,automoveis,2014-01,239,0.4,7.5
VW,FUSCA,automoveis,2014-02,476,0.4,7.5
VW,FUSCA,automoveis,2014-03,176,0.4,7.5
VW,FUSCA,automoveis,2014-04,62,0.4,7.5
VW,FUSCA,automoveis,2014-05,16,0.4,7.5
VW,FUSCA,automoveis,2014-06,21,0.4,7.5
VW,FUSCA,automoveis,2014-07,50,0.4,7.5
VW,FUSCA,automoveis,2014-08,132,0.4,7.5
VW,FUSCA,automoveis,2014-09,135,0.4,7.5
VW,FUSCA,automoveis,2014-10,136,0.4,7.5
VW,FUSCA,automoveis,2014-11,109,0.4,7.5
VW,FUSCA,automoveis,2014-12,175,0.4,7.5
VW,FUSCA,automoveis,2015-01,95,0.4,7.5
VW,FUSCA,automoveis,2015-02,41,0.4,7.5
VW,FUSCA,automoveis,2015-03,20,0.4,7.5
VW,FUSCA,automoveis,2015-04,6,0.4,7.5
VW,FUSCA,automoveis,2015-05,2,0.4,7.5
VW,FUSCA,automoveis,2015-06,1,0.4,7.5
VW,FUSCA,automoveis,2015-08,1,0.4,7.5
VW,FUSCA,automoveis,2015-09,1,0.4,7.5
VW,FUSCA,automoveis,2015-11,2,0.4,7.5
VW,FUSCA,automoveis,2015-12,1,0.4,7.5
VW,FUSCA,automoveis,2016-03,8,0.4,7.5
VW,FUSCA,automoveis,2016-04,3,0.4,7.5
VW,FUSCA,automoveis,2016-05,7,0.4,7.5
VW,FUSCA,automoveis,2016-06,4,0.4,7.5
VW,FUSCA,automoveis,2016-07,2,0.4,7.5
VW,FUSCA,automoveis,2016-08,5,0.4,7.5
VW,FUSCA,automoveis,2016-09,72,0.4,7.5
VW,FUSCA,automoveis,2016-10,2,0.4,7.5
VW,FUSCA,automoveis,2016-11,1,0.4,7.5
VW,FUSCA,automoveis,2016-12,1,0.4,7.5
VW,FUSCA,automoveis,2017-02,21,0.4,7.5
VW,FUSCA,automoveis,2017-03,27,0.4,7.5
VW,FUSCA,automoveis,2017-04,18,0.4,7.5
VW,FUSCA,automoveis,2017-05,40,0.4,7.5
VW,FUSCA,automoveis,2017-06,13,0.4,7.5
VW,FUSCA,automoveis,2017-07,55,0.4,7.5
VW,FUSCA,automoveis,2017-08,32,0.4,7.5
VW,FUSCA,automoveis,2017-09,17,0.4,7.5
VW,FUSCA,automoveis,2017-10,11,0.4,7.5
VW,FUSCA,automoveis,2017-11,5,0.4,7.5
VW,FUSCA,automoveis,2017-12,12,0.4,7.5
VW,FUSCA,automoveis,2018-01,14,0.4,7.5
VW,FUSCA,automoveis,2018-02,11,0.4,7.5
VW,FUSCA,automoveis,2018-03,22,0.4,7.5
VW,FUSCA,automoveis,2018-04,16,0.4,7.5
VW,FUSCA,automoveis,2018-05,20,0.4,7.5
VW,FUSCA,automoveis,2018-06,21,0.4,7.5
VW,FUSCA,automoveis,2018-07,12,0.4,7.5
VW,FUSCA,automoveis,2018-08,19,0.4,7.5
VW,FUSCA,automoveis,2018-09,21,0.4,7.5
VW,FUSCA,automoveis,2018-10,17,0.4,7.5
VW,FUSCA,automoveis,2018-11,13,0.4,7.5
VW,FUSCA,automoveis,2018-12,5,0.4,7.5
VW,ID.BUZZ,automoveis,2024-02,2,0.2,3.5
VW,ID.BUZZ,automoveis,2024-04,1,0.2,3.5
VW,ID.BUZZ,automoveis,2024-07,1,0.2,3.5
VW,ID.BUZZ,automoveis,2024-08,1,0.2,3.5
VW,ID.BUZZ,automoveis,2024-11,1,0.2,3.5
VW,PASSAT,automoveis,2016-01,14,10.4,208.5
VW,TIGUAN,automoveis,2022-01,71,57.1,1141.9
VW,TIGUAN,automoveis,2023-01,67,57.1,1141.9
VW,TIGUAN,automoveis,2023-03,105,57.1,1141.9
VW,TIGUAN,automoveis,2023-05,92,57.1,1141.9
VW,TIGUAN,automoveis,2023-06,61,57.1,1141.9
VW,TIGUAN,automoveis,2025-01,132,57.1,1141.9
VW,TIGUAN,automoveis,2025-02,124,57.1,1141.9
VW,TIGUAN,automoveis,2025-03,102,57.1,1141.9
VW,TIGUAN,automoveis,2025-04,78,57.1,1141.9
VW,TIGUAN,automoveis,2025-05,106,57.1,1141.9
VW,TIGUAN,automoveis,2025-06,74,57.1,1141.9
VW,TIGUAN,automoveis,2025-07,100,57.1,1141.9
VW,TIGUAN,automoveis,2025-08,119,57.1,1141.9
VW,TIGUAN,automoveis,2025-09,71,57.1,1141.9
VW,TIGUAN,automoveis,2026-01,276,57.1,1141.9
VW,TIGUAN,automoveis,2026-02,207,57.1,1141.9
VW,TIGUAN,automoveis,2026-03,305,57.1,1141.9
VW,TIGUAN,automoveis,2026-04,326,57.1,1141.9
