mes,verificacao,escopo,esperado,obtido,diferenca,diferenca_pct,situacao,detalhe
2003-01,mes_declarado,2003-01,,,,,ok,2003-01
2003-01,subtotal_sub_segmento,automoveis/Grandcab,2502,2502,0,,ok,cauda nao publicada: 0 unidades
2003-01,subtotal_sub_segmento,automoveis/Hatch Médios,6955,6955,0,,ok,cauda nao publicada: 0 unidades
2003-01,subtotal_sub_segmento,automoveis/Hatch Pequenos,11516,11516,0,,ok,cauda nao publicada: 0 unidades
2003-01,subtotal_sub_segmento,automoveis/Monocab,3038,3038,0,,ok,cauda nao publicada: 0 unidades
2003-01,subtotal_sub_segmento,automoveis/Sedans Compactos,2013,2013,0,,ok,cauda nao publicada: 0 unidades
2003-01,subtotal_sub_segmento,automoveis/Sedans Grandes,304,304,0,,ok,cauda nao publicada: 0 unidades
2003-01,subtotal_sub_segmento,automoveis/Sedans Pequenos,11298,11298,0,,ok,cauda nao publicada: 0 unidades
2003-01,subtotal_sub_segmento,automoveis/Sedans médios,5590,5590,0,,ok,cauda nao publicada: 0 unidades
2003-01,subtotal_sub_segmento,automoveis/Sports,34,34,0,,ok,cauda nao publicada: 0 unidades
2003-01,subtotal_sub_segmento,automoveis/Suv's,1074,1074,0,,ok,cauda nao publicada: 0 unidades
2003-01,subtotal_sub_segmento,automoveis/Sw Grandes,109,109,0,,ok,cauda nao publicada: 0 unidades
2003-01,subtotal_sub_segmento,automoveis/Sw Médios,3921,3921,0,,ok,cauda nao publicada: 0 unidades
2003-01,subtotal_sub_segmento,automoveis/Veículos de Entrada,47250,47250,0,,ok,cauda nao publicada: 0 unidades
2003-01,subtotal_sub_segmento,comerciais_leves/Furgões,1939,1939,0,,ok,cauda nao publicada: 0 unidades
2003-01,subtotal_sub_segmento,comerciais_leves/Furgões Pequenos,854,854,0,,ok,cauda nao publicada: 0 unidades
2003-01,subtotal_sub_segmento,comerciais_leves/Pick-up's Grandes,3066,3066,0,,ok,cauda nao publicada: 0 unidades
2003-01,subtotal_sub_segmento,comerciais_leves/Pick-up's Pequenas,4226,4226,0,,ok,cauda nao publicada: 0 unidades
2003-01,ranking_x_sub_segmento,2003-01,105356,105141,-215,-0.2041,ok,1 modelos divergentes de 72 conferidos; desvio de volume 0.2041%
2003-01,cobertura,automoveis,96383,95963,-420,-0.4358,medido,cobertura=99.56%
2003-01,cobertura,comerciais_leves,10224,10223,-1,-0.0098,medido,cobertura=99.99%
2003-02,mes_declarado,2003-02,,,,,ok,2003-02
2003-02,subtotal_sub_segmento,automoveis/Grandcab,2917,2917,0,,ok,cauda nao publicada: 0 unidades
2003-02,subtotal_sub_segmento,automoveis/Hatch Médios,6974,6974,0,,ok,cauda nao publicada: 0 unidades
2003-02,subtotal_sub_segmento,automoveis/Hatch Pequenos,12073,12073,0,,ok,cauda nao publicada: 0 unidades
2003-02,subtotal_sub_segmento,automoveis/Monocab,3299,3299,0,,ok,cauda nao publicada: 0 unidades
2003-02,subtotal_sub_segmento,automoveis/Sedans Compactos,2890,2890,0,,ok,cauda nao publicada: 0 unidades
2003-02,subtotal_sub_segmento,automoveis/Sedans Grandes,348,348,0,,ok,cauda nao publicada: 0 unidades
2003-02,subtotal_sub_segmento,automoveis/Sedans Pequenos,10316,10316,0,,ok,cauda nao publicada: 0 unidades
2003-02,subtotal_sub_segmento,automoveis/Sedans médios,6860,6860,0,,ok,cauda nao publicada: 0 unidades
2003-02,subtotal_sub_segmento,automoveis/Sports,27,27,0,,ok,cauda nao publicada: 0 unidades
2003-02,subtotal_sub_segmento,automoveis/Suv's,1110,1110,0,,ok,cauda nao publicada: 0 unidades
2003-02,subtotal_sub_segmento,automoveis/Sw Grandes,121,121,0,,ok,cauda nao publicada: 0 unidades
2003-02,subtotal_sub_segmento,automoveis/Sw Médios,3536,3536,0,,ok,cauda nao publicada: 0 unidades
2003-02,subtotal_sub_segmento,automoveis/Veículos de Entrada,49105,49105,0,,ok,cauda nao publicada: 0 unidades
2003-02,subtotal_sub_segmento,comerciais_leves/Furgões,2001,2001,0,,ok,cauda nao publicada: 0 unidades
2003-02,subtotal_sub_segmento,comerciais_leves/Furgões Pequenos,1048,1048,0,,ok,cauda nao publicada: 0 unidades
2003-02,subtotal_sub_segmento,comerciais_leves/Pick-up's Grandes,3437,3437,0,,ok,cauda nao publicada: 0 unidades
2003-02,subtotal_sub_segmento,comerciais_leves/Pick-up's Pequenas,4802,4802,0,,ok,cauda nao publicada: 0 unidades
2003-02,ranking_x_sub_segmento,2003-02,110416,110251,-165,-0.1494,ok,1 modelos divergentes de 71 conferidos; desvio de volume 0.1494%
2003-02,cobertura,automoveis,100258,99866,-392,-0.3910,medido,cobertura=99.61%
2003-02,cobertura,comerciais_leves,11447,11446,-1,-0.0087,medido,cobertura=99.99%
2003-03,mes_declarado,2003-03,,,,,ok,2003-03
2003-03,subtotal_sub_segmento,automoveis/Grandcab,2321,2321,0,,ok,cauda nao publicada: 0 unidades
2003-03,subtotal_sub_segmento,automoveis/Hatch Médios,5793,5793,0,,ok,cauda nao publicada: 0 unidades
2003-03,subtotal_sub_segmento,automoveis/Hatch Pequenos,10030,10030,0,,ok,cauda nao publicada: 0 unidades
2003-03,subtotal_sub_segmento,automoveis/Monocab,2681,2681,0,,ok,cauda nao publicada: 0 unidades
2003-03,subtotal_sub_segmento,automoveis/Sedans Compactos,2232,2232,0,,ok,cauda nao publicada: 0 unidades
2003-03,subtotal_sub_segmento,automoveis/Sedans Grandes,246,246,0,,ok,cauda nao publicada: 0 unidades
2003-03,subtotal_sub_segmento,automoveis/Sedans Pequenos,8990,8990,0,,ok,cauda nao publicada: 0 unidades
2003-03,subtotal_sub_segmento,automoveis/Sedans médios,6410,6410,0,,ok,cauda nao publicada: 0 unidades
2003-03,subtotal_sub_segmento,automoveis/Sports,15,15,0,,ok,cauda nao publicada: 0 unidades
2003-03,subtotal_sub_segmento,automoveis/Suv's,1871,1871,0,,ok,cauda nao publicada: 0 unidades
2003-03,subtotal_sub_segmento,automoveis/Sw Grandes,108,108,0,,ok,cauda nao publicada: 0 unidades
2003-03,subtotal_sub_segmento,automoveis/Sw Médios,2864,2864,0,,ok,cauda nao publicada: 0 unidades
2003-03,subtotal_sub_segmento,automoveis/Veículos de Entrada,42400,42400,0,,ok,cauda nao publicada: 0 unidades
2003-03,subtotal_sub_segmento,comerciais_leves/Furgões,1545,1545,0,,ok,cauda nao publicada: 0 unidades
2003-03,subtotal_sub_segmento,comerciais_leves/Furgões Pequenos,912,912,0,,ok,cauda nao publicada: 0 unidades
2003-03,subtotal_sub_segmento,comerciais_leves/Pick-up's Grandes,3022,3022,0,,ok,cauda nao publicada: 0 unidades
2003-03,subtotal_sub_segmento,comerciais_leves/Pick-up's Pequenas,3839,3839,0,,ok,cauda nao publicada: 0 unidades
2003-03,ranking_x_sub_segmento,2003-03,94888,94773,-115,-0.1212,ok,1 modelos divergentes de 70 conferidos; desvio de volume 0.1212%
2003-03,cobertura,automoveis,86451,86156,-295,-0.3412,medido,cobertura=99.66%
2003-03,cobertura,comerciais_leves,9533,9532,-1,-0.0105,medido,cobertura=99.99%
2003-04,mes_declarado,2003-04,,,,,ok,2003-04
2003-04,subtotal_sub_segmento,automoveis/Grandcab,2658,2658,0,,ok,cauda nao publicada: 0 unidades
2003-04,subtotal_sub_segmento,automoveis/Hatch Médios,6523,6523,0,,ok,cauda nao publicada: 0 unidades
2003-04,subtotal_sub_segmento,automoveis/Hatch Pequenos,10644,10644,0,,ok,cauda nao publicada: 0 unidades
2003-04,subtotal_sub_segmento,automoveis/Monocab,2961,2961,0,,ok,cauda nao publicada: 0 unidades
2003-04,subtotal_sub_segmento,automoveis/Sedans Compactos,2292,2292,0,,ok,cauda nao publicada: 0 unidades
2003-04,subtotal_sub_segmento,automoveis/Sedans Grandes,294,294,0,,ok,cauda nao publicada: 0 unidades
2003-04,subtotal_sub_segmento,automoveis/Sedans Pequenos,8977,8977,0,,ok,cauda nao publicada: 0 unidades
2003-04,subtotal_sub_segmento,automoveis/Sedans médios,6775,6775,0,,ok,cauda nao publicada: 0 unidades
2003-04,subtotal_sub_segmento,automoveis/Sports,35,35,0,,ok,cauda nao publicada: 0 unidades
2003-04,subtotal_sub_segmento,automoveis/Suv's,2651,2651,0,,ok,cauda nao publicada: 0 unidades
2003-04,subtotal_sub_segmento,automoveis/Sw Grandes,151,151,0,,ok,cauda nao publicada: 0 unidades
2003-04,subtotal_sub_segmento,automoveis/Sw Médios,2736,2736,0,,ok,cauda nao publicada: 0 unidades
2003-04,subtotal_sub_segmento,automoveis/Veículos de Entrada,44879,44879,0,,ok,cauda nao publicada: 0 unidades
2003-04,subtotal_sub_segmento,comerciais_leves/Furgões,1449,1449,0,,ok,cauda nao publicada: 0 unidades
2003-04,subtotal_sub_segmento,comerciais_leves/Furgões Pequenos,913,913,0,,ok,cauda nao publicada: 0 unidades
2003-04,subtotal_sub_segmento,comerciais_leves/Pick-up's Grandes,3338,3338,0,,ok,cauda nao publicada: 0 unidades
2003-04,subtotal_sub_segmento,comerciais_leves/Pick-up's Pequenas,3866,3866,0,,ok,cauda nao publicada: 0 unidades
2003-04,ranking_x_sub_segmento,2003-04,100628,100516,-112,-0.1113,ok,2 modelos divergentes de 73 conferidos; desvio de volume 0.1113%
2003-04,cobertura,automoveis,92118,91748,-370,-0.4017,medido,cobertura=99.60%
2003-04,cobertura,comerciais_leves,9751,9750,-1,-0.0103,medido,cobertura=99.99%
2003-05,mes_declarado,2003-05,,,,,ok,2003-05
2003-05,subtotal_sub_segmento,automoveis/Grandcab,2374,2374,0,,ok,cauda nao publicada: 0 unidades
2003-05,subtotal_sub_segmento,automoveis/Hatch Médios,5793,5793,0,,ok,cauda nao publicada: 0 unidades
2003-05,subtotal_sub_segmento,automoveis/Hatch Pequenos,8709,8709,0,,ok,cauda nao publicada: 0 unidades
2003-05,subtotal_sub_segmento,automoveis/Monocab,3919,3919,0,,ok,cauda nao publicada: 0 unidades
2003-05,subtotal_sub_segmento,automoveis/Sedans Compactos,2678,2678,0,,ok,cauda nao publicada: 0 unidades
2003-05,subtotal_sub_segmento,automoveis/Sedans Grandes,345,345,0,,ok,cauda nao publicada: 0 unidades
2003-05,subtotal_sub_segmento,automoveis/Sedans Pequenos,10743,10743,0,,ok,cauda nao publicada: 0 unidades
2003-05,subtotal_sub_segmento,automoveis/Sedans médios,6162,6162,0,,ok,cauda nao publicada: 0 unidades
2003-05,subtotal_sub_segmento,automoveis/Sports,14,14,0,,ok,cauda nao publicada: 0 unidades
2003-05,subtotal_sub_segmento,automoveis/Suv's,3205,3205,0,,ok,cauda nao publicada: 0 unidades
2003-05,subtotal_sub_segmento,automoveis/Sw Grandes,223,223,0,,ok,cauda nao publicada: 0 unidades
2003-05,subtotal_sub_segmento,automoveis/Sw Médios,2709,2709,0,,ok,cauda nao publicada: 0 unidades
2003-05,subtotal_sub_segmento,automoveis/Veículos de Entrada,42140,42140,0,,ok,cauda nao publicada: 0 unidades
2003-05,subtotal_sub_segmento,comerciais_leves/Furgões,1594,1594,0,,ok,cauda nao publicada: 0 unidades
2003-05,subtotal_sub_segmento,comerciais_leves/Furgões Pequenos,863,863,0,,ok,cauda nao publicada: 0 unidades
2003-05,subtotal_sub_segmento,comerciais_leves/Pick-up's Grandes,3634,3634,0,,ok,cauda nao publicada: 0 unidades
2003-05,subtotal_sub_segmento,comerciais_leves/Pick-up's Pequenas,3980,3980,0,,ok,cauda nao publicada: 0 unidades
2003-05,ranking_x_sub_segmento,2003-05,98526,98458,-68,-0.0690,ok,1 modelos divergentes de 72 conferidos; desvio de volume 0.0690%
2003-05,cobertura,automoveis,89352,89099,-253,-0.2831,medido,cobertura=99.72%
2003-05,cobertura,comerciais_leves,10236,10235,-1,-0.0098,medido,cobertura=99.99%
2003-06,mes_declarado,2003-06,,,,,ok,2003-06
2003-06,subtotal_sub_segmento,automoveis/Grandcab,2132,2132,0,,ok,cauda nao publicada: 0 unidades
2003-06,subtotal_sub_segmento,automoveis/Hatch Médios,4704,4704,0,,ok,cauda nao publicada: 0 unidades
2003-06,subtotal_sub_segmento,automoveis/Hatch Pequenos,8312,8312,0,,ok,cauda nao publicada: 0 unidades
2003-06,subtotal_sub_segmento,automoveis/Monocab,3886,3886,0,,ok,cauda nao publicada: 0 unidades
2003-06,subtotal_sub_segmento,automoveis/Sedans Compactos,2198,2198,0,,ok,cauda nao publicada: 0 unidades
2003-06,subtotal_sub_segmento,automoveis/Sedans Grandes,286,286,0,,ok,cauda nao publicada: 0 unidades
2003-06,subtotal_sub_segmento,automoveis/Sedans Pequenos,10618,10618,0,,ok,cauda nao publicada: 0 unidades
2003-06,subtotal_sub_segmento,automoveis/Sedans médios,5677,5677,0,,ok,cauda nao publicada: 0 unidades
2003-06,subtotal_sub_segmento,automoveis/Sports,24,24,0,,ok,cauda nao publicada: 0 unidades
2003-06,subtotal_sub_segmento,automoveis/Suv's,4016,4016,0,,ok,cauda nao publicada: 0 unidades
2003-06,subtotal_sub_segmento,automoveis/Sw Grandes,132,132,0,,ok,cauda nao publicada: 0 unidades
2003-06,subtotal_sub_segmento,automoveis/Sw Médios,2365,2365,0,,ok,cauda nao publicada: 0 unidades
2003-06,subtotal_sub_segmento,automoveis/Veículos de Entrada,39876,39876,0,,ok,cauda nao publicada: 0 unidades
2003-06,subtotal_sub_segmento,comerciais_leves/Furgões,1333,1333,0,,ok,cauda nao publicada: 0 unidades
2003-06,subtotal_sub_segmento,comerciais_leves/Furgões Pequenos,752,752,0,,ok,cauda nao publicada: 0 unidades
2003-06,subtotal_sub_segmento,comerciais_leves/Pick-up's Grandes,3357,3357,0,,ok,cauda nao publicada: 0 unidades
2003-06,subtotal_sub_segmento,comerciais_leves/Pick-up's Pequenas,3268,3268,0,,ok,cauda nao publicada: 0 unidades
2003-06,ranking_x_sub_segmento,2003-06,92357,92357,0,,ok,0 modelos divergentes de 73 conferidos; desvio de volume 0.0000%
2003-06,cobertura,automoveis,84524,84226,-298,-0.3526,medido,cobertura=99.65%
2003-06,cobertura,comerciais_leves,8878,8877,-1,-0.0113,medido,cobertura=99.99%
2003-07,mes_declarado,2003-07,,,,,ok,2003-07
2003-07,subtotal_sub_segmento,automoveis/Grandcab,2099,2099,0,,ok,cauda nao publicada: 0 unidades
2003-07,subtotal_sub_segmento,automoveis/Hatch Médios,4697,4697,0,,ok,cauda nao publicada: 0 unidades
2003-07,subtotal_sub_segmento,automoveis/Hatch Pequenos,9870,9870,0,,ok,cauda nao publicada: 0 unidades
2003-07,subtotal_sub_segmento,automoveis/Monocab,4150,4150,0,,ok,cauda nao publicada: 0 unidades
2003-07,subtotal_sub_segmento,automoveis/Sedans Compactos,2233,2233,0,,ok,cauda nao publicada: 0 unidades
2003-07,subtotal_sub_segmento,automoveis/Sedans Grandes,279,279,0,,ok,cauda nao publicada: 0 unidades
2003-07,subtotal_sub_segmento,automoveis/Sedans Pequenos,11395,11395,0,,ok,cauda nao publicada: 0 unidades
2003-07,subtotal_sub_segmento,automoveis/Sedans médios,6201,6201,0,,ok,cauda nao publicada: 0 unidades
2003-07,subtotal_sub_segmento,automoveis/Sports,34,34,0,,ok,cauda nao publicada: 0 unidades
2003-07,subtotal_sub_segmento,automoveis/Suv's,4258,4258,0,,ok,cauda nao publicada: 0 unidades
2003-07,subtotal_sub_segmento,automoveis/Sw Grandes,121,121,0,,ok,cauda nao publicada: 0 unidades
2003-07,subtotal_sub_segmento,automoveis/Sw Médios,2858,2858,0,,ok,cauda nao publicada: 0 unidades
2003-07,subtotal_sub_segmento,automoveis/Veículos de Entrada,47387,47387,0,,ok,cauda nao publicada: 0 unidades
2003-07,subtotal_sub_segmento,comerciais_leves/Furgões,1666,1666,0,,ok,cauda nao publicada: 0 unidades
2003-07,subtotal_sub_segmento,comerciais_leves/Furgões Pequenos,918,918,0,,ok,cauda nao publicada: 0 unidades
2003-07,subtotal_sub_segmento,comerciais_leves/Pick-up's Grandes,3563,3563,0,,ok,cauda nao publicada: 0 unidades
2003-07,subtotal_sub_segmento,comerciais_leves/Pick-up's Pequenas,3740,3740,0,,ok,cauda nao publicada: 0 unidades
2003-07,ranking_x_sub_segmento,2003-07,104757,104694,-63,-0.0601,ok,1 modelos divergentes de 75 conferidos; desvio de volume 0.0601%
2003-07,cobertura,automoveis,95924,95582,-342,-0.3565,medido,cobertura=99.64%
2003-07,cobertura,comerciais_leves,10032,10031,-1,-0.0100,medido,cobertura=99.99%
2003-08,mes_declarado,2003-08,,,,,ok,2003-08
2003-08,subtotal_sub_segmento,automoveis/Grandcab,2151,2151,0,,ok,cauda nao publicada: 0 unidades
2003-08,subtotal_sub_segmento,automoveis/Hatch Médios,4559,4559,0,,ok,cauda nao publicada: 0 unidades
2003-08,subtotal_sub_segmento,automoveis/Hatch Pequenos,8254,8254,0,,ok,cauda nao publicada: 0 unidades
2003-08,subtotal_sub_segmento,automoveis/Monocab,4439,4439,0,,ok,cauda nao publicada: 0 unidades
2003-08,subtotal_sub_segmento,automoveis/Sedans Compactos,1817,1817,0,,ok,cauda nao publicada: 0 unidades
2003-08,subtotal_sub_segmento,automoveis/Sedans Grandes,314,314,0,,ok,cauda nao publicada: 0 unidades
2003-08,subtotal_sub_segmento,automoveis/Sedans Pequenos,8830,8830,0,,ok,cauda nao publicada: 0 unidades
2003-08,subtotal_sub_segmento,automoveis/Sedans médios,5827,5827,0,,ok,cauda nao publicada: 0 unidades
2003-08,subtotal_sub_segmento,automoveis/Sports,18,18,0,,ok,cauda nao publicada: 0 unidades
2003-08,subtotal_sub_segmento,automoveis/Suv's,3731,3731,0,,ok,cauda nao publicada: 0 unidades
2003-08,subtotal_sub_segmento,automoveis/Sw Grandes,112,112,0,,ok,cauda nao publicada: 0 unidades
2003-08,subtotal_sub_segmento,automoveis/Sw Médios,2695,2695,0,,ok,cauda nao publicada: 0 unidades
2003-08,subtotal_sub_segmento,automoveis/Veículos de Entrada,42098,42098,0,,ok,cauda nao publicada: 0 unidades
2003-08,subtotal_sub_segmento,comerciais_leves/Furgões,1264,1264,0,,ok,cauda nao publicada: 0 unidades
2003-08,subtotal_sub_segmento,comerciais_leves/Furgões Pequenos,896,896,0,,ok,cauda nao publicada: 0 unidades
2003-08,subtotal_sub_segmento,comerciais_leves/Pick-up's Grandes,2817,2817,0,,ok,cauda nao publicada: 0 unidades
2003-08,subtotal_sub_segmento,comerciais_leves/Pick-up's Pequenas,3779,3779,0,,ok,cauda nao publicada: 0 unidades
2003-08,ranking_x_sub_segmento,2003-08,92974,92925,-49,-0.0527,ok,1 modelos divergentes de 73 conferidos; desvio de volume 0.0527%
2003-08,cobertura,automoveis,85079,84845,-234,-0.2750,medido,cobertura=99.72%
2003-08,cobertura,comerciais_leves,8899,8898,-1,-0.0112,medido,cobertura=99.99%
2003-09,mes_declarado,2003-09,,,,,ok,2003-09
2003-09,subtotal_sub_segmento,automoveis/Grandcab,2894,2894,0,,ok,cauda nao publicada: 0 unidades
2003-09,subtotal_sub_segmento,automoveis/Hatch Médios,5243,5243,0,,ok,cauda nao publicada: 0 unidades
2003-09,subtotal_sub_segmento,automoveis/Hatch Pequenos,10583,10583,0,,ok,cauda nao publicada: 0 unidades
2003-09,subtotal_sub_segmento,automoveis/Monocab,5184,5184,0,,ok,cauda nao publicada: 0 unidades
2003-09,subtotal_sub_segmento,automoveis/Sedans Compactos,2251,2251,0,,ok,cauda nao publicada: 0 unidades
2003-09,subtotal_sub_segmento,automoveis/Sedans Grandes,369,369,0,,ok,cauda nao publicada: 0 unidades
2003-09,subtotal_sub_segmento,automoveis/Sedans Pequenos,12405,12405,0,,ok,cauda nao publicada: 0 unidades
2003-09,subtotal_sub_segmento,automoveis/Sedans médios,7020,7020,0,,ok,cauda nao publicada: 0 unidades
2003-09,subtotal_sub_segmento,automoveis/Sports,32,32,0,,ok,cauda nao publicada: 0 unidades
2003-09,subtotal_sub_segmento,automoveis/Suv's,4280,4280,0,,ok,cauda nao publicada: 0 unidades
2003-09,subtotal_sub_segmento,automoveis/Sw Grandes,66,66,0,,ok,cauda nao publicada: 0 unidades
2003-09,subtotal_sub_segmento,automoveis/Sw Médios,2927,2927,0,,ok,cauda nao publicada: 0 unidades
2003-09,subtotal_sub_segmento,automoveis/Veículos de Entrada,53457,53457,0,,ok,cauda nao publicada: 0 unidades
2003-09,subtotal_sub_segmento,comerciais_leves/Furgões,1504,1504,0,,ok,cauda nao publicada: 0 unidades
2003-09,subtotal_sub_segmento,comerciais_leves/Furgões Pequenos,1068,1068,0,,ok,cauda nao publicada: 0 unidades
2003-09,subtotal_sub_segmento,comerciais_leves/Pick-up's Grandes,3505,3505,0,,ok,cauda nao publicada: 0 unidades
2003-09,subtotal_sub_segmento,comerciais_leves/Pick-up's Pequenas,4683,4683,0,,ok,cauda nao publicada: 0 unidades
2003-09,ranking_x_sub_segmento,2003-09,116778,116778,0,,ok,0 modelos divergentes de 75 conferidos; desvio de volume 0.0000%
2003-09,cobertura,automoveis,107067,106711,-356,-0.3325,medido,cobertura=99.67%
2003-09,cobertura,comerciais_leves,10954,10953,-1,-0.0091,medido,cobertura=99.99%
2003-10,mes_declarado,2003-10,,,,,ok,2003-10
2003-10,subtotal_sub_segmento,automoveis/Veículos de Entrada,60640,60640,0,,ok,cauda nao publicada: 0 unidades
2003-10,ranking_x_sub_segmento,2003-10,60638,60638,0,,ok,0 modelos divergentes de 7 conferidos; desvio de volume 0.0000%
2003-10,cobertura,automoveis,120938,119775,-1163,-0.9616,medido,cobertura=99.04%
2003-10,cobertura,comerciais_leves,11972,11971,-1,-0.0084,medido,cobertura=99.99%
2003-11,mes_declarado,2003-11,,,,,ok,2003-11
2003-11,subtotal_sub_segmento,automoveis/Grandcab,2807,2807,0,,ok,cauda nao publicada: 0 unidades
2003-11,subtotal_sub_segmento,automoveis/Hatch Médios,5662,5662,0,,ok,cauda nao publicada: 0 unidades
2003-11,subtotal_sub_segmento,automoveis/Hatch Pequenos,13098,13098,0,,ok,cauda nao publicada: 0 unidades
2003-11,subtotal_sub_segmento,automoveis/Monocab,5373,5373,0,,ok,cauda nao publicada: 0 unidades
2003-11,subtotal_sub_segmento,automoveis/Sedans Compactos,2447,2447,0,,ok,cauda nao publicada: 0 unidades
2003-11,subtotal_sub_segmento,automoveis/Sedans Grandes,335,335,0,,ok,cauda nao publicada: 0 unidades
2003-11,subtotal_sub_segmento,automoveis/Sedans Pequenos,13545,13545,0,,ok,cauda nao publicada: 0 unidades
2003-11,subtotal_sub_segmento,automoveis/Sedans médios,6146,6146,0,,ok,cauda nao publicada: 0 unidades
2003-11,subtotal_sub_segmento,automoveis/Sports,18,18,0,,ok,cauda nao publicada: 0 unidades
2003-11,subtotal_sub_segmento,automoveis/Suv's,4568,4568,0,,ok,cauda nao publicada: 0 unidades
2003-11,subtotal_sub_segmento,automoveis/Sw Grandes,110,110,0,,ok,cauda nao publicada: 0 unidades
2003-11,subtotal_sub_segmento,automoveis/Sw Médios,2783,2783,0,,ok,cauda nao publicada: 0 unidades
2003-11,subtotal_sub_segmento,automoveis/Veículos de Entrada,53864,53864,0,,ok,cauda nao publicada: 0 unidades
2003-11,subtotal_sub_segmento,comerciais_leves/Furgões,1344,1344,0,,ok,cauda nao publicada: 0 unidades
2003-11,subtotal_sub_segmento,comerciais_leves/Furgões Pequenos,926,926,0,,ok,cauda nao publicada: 0 unidades
2003-11,subtotal_sub_segmento,comerciais_leves/Pick-up's Grandes,4283,4283,0,,ok,cauda nao publicada: 0 unidades
2003-11,subtotal_sub_segmento,comerciais_leves/Pick-up's Pequenas,5487,5487,0,,ok,cauda nao publicada: 0 unidades
2003-11,ranking_x_sub_segmento,2003-11,121998,121936,-62,-0.0508,ok,1 modelos divergentes de 75 conferidos; desvio de volume 0.0508%
2003-11,cobertura,automoveis,111051,110756,-295,-0.2656,medido,cobertura=99.73%
2003-11,cobertura,comerciais_leves,12246,12245,-1,-0.0082,medido,cobertura=99.99%
2003-12,mes_declarado,2003-12,,,,,ok,2003-12
2003-12,subtotal_sub_segmento,automoveis/Grandcab,3622,3622,0,,ok,cauda nao publicada: 0 unidades
2003-12,subtotal_sub_segmento,automoveis/Hatch Médios,5720,5720,0,,ok,cauda nao publicada: 0 unidades
2003-12,subtotal_sub_segmento,automoveis/Hatch Pequenos,17755,17755,0,,ok,cauda nao publicada: 0 unidades
2003-12,subtotal_sub_segmento,automoveis/Monocab,6709,6709,0,,ok,cauda nao publicada: 0 unidades
2003-12,subtotal_sub_segmento,automoveis/Sedans Compactos,3112,3112,0,,ok,cauda nao publicada: 0 unidades
2003-12,subtotal_sub_segmento,automoveis/Sedans Grandes,440,440,0,,ok,cauda nao publicada: 0 unidades
2003-12,subtotal_sub_segmento,automoveis/Sedans Pequenos,18792,18792,0,,ok,cauda nao publicada: 0 unidades
2003-12,subtotal_sub_segmento,automoveis/Sedans médios,6979,6979,0,,ok,cauda nao publicada: 0 unidades
2003-12,subtotal_sub_segmento,automoveis/Sports,27,27,0,,ok,cauda nao publicada: 0 unidades
2003-12,subtotal_sub_segmento,automoveis/Suv's,5701,5701,0,,ok,cauda nao publicada: 0 unidades
2003-12,subtotal_sub_segmento,automoveis/Sw Grandes,166,166,0,,ok,cauda nao publicada: 0 unidades
2003-12,subtotal_sub_segmento,automoveis/Sw Médios,3345,3345,0,,ok,cauda nao publicada: 0 unidades
2003-12,subtotal_sub_segmento,automoveis/Veículos de Entrada,72602,72602,0,,ok,cauda nao publicada: 0 unidades
2003-12,subtotal_sub_segmento,comerciais_leves/Furgões,1520,1520,0,,ok,cauda nao publicada: 0 unidades
2003-12,subtotal_sub_segmento,comerciais_leves/Furgões Pequenos,1006,1006,0,,ok,cauda nao publicada: 0 unidades
2003-12,subtotal_sub_segmento,comerciais_leves/Pick-up's Grandes,5472,5472,0,,ok,cauda nao publicada: 0 unidades
2003-12,subtotal_sub_segmento,comerciais_leves/Pick-up's Pequenas,7924,7924,0,,ok,cauda nao publicada: 0 unidades
2003-12,ranking_x_sub_segmento,2003-12,159923,159923,0,,ok,0 modelos divergentes de 75 conferidos; desvio de volume 0.0000%
2003-12,cobertura,automoveis,145248,144970,-278,-0.1914,medido,cobertura=99.81%
2003-12,cobertura,comerciais_leves,16157,16156,-1,-0.0062,medido,cobertura=99.99%
2004-01,mes_declarado,2004-01,,,,,ok,2004-01
2004-01,subtotal_sub_segmento,automoveis/Grandcab,2412,2412,0,,ok,cauda nao publicada: 0 unidades
2004-01,subtotal_sub_segmento,automoveis/Hatch Médios,3874,3874,0,,ok,cauda nao publicada: 0 unidades
2004-01,subtotal_sub_segmento,automoveis/Hatch Pequenos,10582,10582,0,,ok,cauda nao publicada: 0 unidades
2004-01,subtotal_sub_segmento,automoveis/Monocab,4026,4026,0,,ok,cauda nao publicada: 0 unidades
2004-01,subtotal_sub_segmento,automoveis/Sedans Compactos,2391,2391,0,,ok,cauda nao publicada: 0 unidades
2004-01,subtotal_sub_segmento,automoveis/Sedans Grandes,340,340,0,,ok,cauda nao publicada: 0 unidades
2004-01,subtotal_sub_segmento,automoveis/Sedans Pequenos,9022,9022,0,,ok,cauda nao publicada: 0 unidades
2004-01,subtotal_sub_segmento,automoveis/Sedans médios,5223,5223,0,,ok,cauda nao publicada: 0 unidades
2004-01,subtotal_sub_segmento,automoveis/Sports,20,20,0,,ok,cauda nao publicada: 0 unidades
2004-01,subtotal_sub_segmento,automoveis/Suv's,3244,3244,0,,ok,cauda nao publicada: 0 unidades
2004-01,subtotal_sub_segmento,automoveis/Sw Grandes,96,96,0,,ok,cauda nao publicada: 0 unidades
2004-01,subtotal_sub_segmento,automoveis/Sw Médios,1699,1699,0,,ok,cauda nao publicada: 0 unidades
2004-01,subtotal_sub_segmento,automoveis/Veículos de Entrada,47387,47387,0,,ok,cauda nao publicada: 0 unidades
2004-01,subtotal_sub_segmento,comerciais_leves/Furgões,1674,1674,0,,ok,cauda nao publicada: 0 unidades
2004-01,subtotal_sub_segmento,comerciais_leves/Furgões Pequenos,620,620,0,,ok,cauda nao publicada: 0 unidades
2004-01,subtotal_sub_segmento,comerciais_leves/Pick-up's Grandes,3449,3449,0,,ok,cauda nao publicada: 0 unidades
2004-01,subtotal_sub_segmento,comerciais_leves/Pick-up's Pequenas,4575,4575,0,,ok,cauda nao publicada: 0 unidades
2004-01,ranking_x_sub_segmento,2004-01,99888,99888,0,,ok,0 modelos divergentes de 75 conferidos; desvio de volume 0.0000%
2004-01,cobertura,automoveis,90561,90401,-160,-0.1767,medido,cobertura=99.82%
2004-01,cobertura,comerciais_leves,10439,10438,-1,-0.0096,medido,cobertura=99.99%
2004-02,mes_declarado,2004-02,,,,,ok,2004-02
2004-02,subtotal_sub_segmento,automoveis/Grandcab,1915,1915,0,,ok,cauda nao publicada: 0 unidades
2004-02,subtotal_sub_segmento,automoveis/Hatch Médios,3943,3943,0,,ok,cauda nao publicada: 0 unidades
2004-02,subtotal_sub_segmento,automoveis/Hatch Pequenos,10301,10301,0,,ok,cauda nao publicada: 0 unidades
2004-02,subtotal_sub_segmento,automoveis/Monocab,4641,4641,0,,ok,cauda nao publicada: 0 unidades
2004-02,subtotal_sub_segmento,automoveis/Sedans Compactos,2192,2192,0,,ok,cauda nao publicada: 0 unidades
2004-02,subtotal_sub_segmento,automoveis/Sedans Grandes,292,292,0,,ok,cauda nao publicada: 0 unidades
2004-02,subtotal_sub_segmento,automoveis/Sedans Pequenos,9720,9720,0,,ok,cauda nao publicada: 0 unidades
2004-02,subtotal_sub_segmento,automoveis/Sedans médios,6009,6009,0,,ok,cauda nao publicada: 0 unidades
2004-02,subtotal_sub_segmento,automoveis/Sports,30,30,0,,ok,cauda nao publicada: 0 unidades
2004-02,subtotal_sub_segmento,automoveis/Suv's,3662,3662,0,,ok,cauda nao publicada: 0 unidades
2004-02,subtotal_sub_segmento,automoveis/Sw Grandes,100,100,0,,ok,cauda nao publicada: 0 unidades
2004-02,subtotal_sub_segmento,automoveis/Sw Médios,1804,1804,0,,ok,cauda nao publicada: 0 unidades
2004-02,subtotal_sub_segmento,automoveis/Veículos de Entrada,42940,42940,0,,ok,cauda nao publicada: 0 unidades
2004-02,subtotal_sub_segmento,comerciais_leves/Furgões,1415,1415,0,,ok,cauda nao publicada: 0 unidades
2004-02,subtotal_sub_segmento,comerciais_leves/Furgões Pequenos,681,681,0,,ok,cauda nao publicada: 0 unidades
2004-02,subtotal_sub_segmento,comerciais_leves/Pick-up's Grandes,3150,3150,0,,ok,cauda nao publicada: 0 unidades
2004-02,subtotal_sub_segmento,comerciais_leves/Pick-up's Pequenas,5141,5141,0,,ok,cauda nao publicada: 0 unidades
2004-02,ranking_x_sub_segmento,2004-02,97336,97336,0,,ok,0 modelos divergentes de 75 conferidos; desvio de volume 0.0000%
2004-02,cobertura,automoveis,87706,87549,-157,-0.1790,medido,cobertura=99.82%
2004-02,cobertura,comerciais_leves,10528,10527,-1,-0.0095,medido,cobertura=99.99%
2004-03,mes_declarado,2004-03,,,,,ok,2004-03
2004-03,subtotal_sub_segmento,automoveis/Grandcab,2853,2853,0,,ok,cauda nao publicada: 0 unidades
2004-03,subtotal_sub_segmento,automoveis/Hatch Médios,5657,5657,0,,ok,cauda nao publicada: 0 unidades
2004-03,subtotal_sub_segmento,automoveis/Hatch Pequenos,13433,13433,0,,ok,cauda nao publicada: 0 unidades
2004-03,subtotal_sub_segmento,automoveis/Monocab,5818,5818,0,,ok,cauda nao publicada: 0 unidades
2004-03,subtotal_sub_segmento,automoveis/Sedans Compactos,2873,2873,0,,ok,cauda nao publicada: 0 unidades
2004-03,subtotal_sub_segmento,automoveis/Sedans Grandes,334,334,0,,ok,cauda nao publicada: 0 unidades
2004-03,subtotal_sub_segmento,automoveis/Sedans Pequenos,14308,14308,0,,ok,cauda nao publicada: 0 unidades
2004-03,subtotal_sub_segmento,automoveis/Sedans médios,7083,7083,0,,ok,cauda nao publicada: 0 unidades
2004-03,subtotal_sub_segmento,automoveis/Sports,30,30,0,,ok,cauda nao publicada: 0 unidades
2004-03,subtotal_sub_segmento,automoveis/Suv's,4897,4897,0,,ok,cauda nao publicada: 0 unidades
2004-03,subtotal_sub_segmento,automoveis/Sw Grandes,159,159,0,,ok,cauda nao publicada: 0 unidades
2004-03,subtotal_sub_segmento,automoveis/Sw Médios,2225,2225,0,,ok,cauda nao publicada: 0 unidades
2004-03,subtotal_sub_segmento,automoveis/Veículos de Entrada,57235,57235,0,,ok,cauda nao publicada: 0 unidades
2004-03,subtotal_sub_segmento,comerciais_leves/Furgões,2098,2098,0,,ok,cauda nao publicada: 0 unidades
2004-03,subtotal_sub_segmento,comerciais_leves/Furgões Pequenos,922,922,0,,ok,cauda nao publicada: 0 unidades
2004-03,subtotal_sub_segmento,comerciais_leves/Pick-up's Grandes,4342,4342,0,,ok,cauda nao publicada: 0 unidades
2004-03,subtotal_sub_segmento,comerciais_leves/Pick-up's Pequenas,7669,7669,0,,ok,cauda nao publicada: 0 unidades
2004-03,ranking_x_sub_segmento,2004-03,131115,131115,0,,ok,0 modelos divergentes de 72 conferidos; desvio de volume 0.0000%
2004-03,cobertura,automoveis,117360,117173,-187,-0.1593,medido,cobertura=99.84%
2004-03,cobertura,comerciais_leves,15163,15163,0,,medido,cobertura=100.00%
2004-04,mes_declarado,2004-04,,,,,ok,2004-04
2004-04,subtotal_sub_segmento,automoveis/Grandcab,2583,2583,0,,ok,cauda nao publicada: 0 unidades
2004-04,subtotal_sub_segmento,automoveis/Hatch Médios,4683,4683,0,,ok,cauda nao publicada: 0 unidades
2004-04,subtotal_sub_segmento,automoveis/Hatch Pequenos,10385,10385,0,,ok,cauda nao publicada: 0 unidades
2004-04,subtotal_sub_segmento,automoveis/Monocab,5022,5022,0,,ok,cauda nao publicada: 0 unidades
2004-04,subtotal_sub_segmento,automoveis/Sedans Compactos,2289,2289,0,,ok,cauda nao publicada: 0 unidades
2004-04,subtotal_sub_segmento,automoveis/Sedans Grandes,312,312,0,,ok,cauda nao publicada: 0 unidades
2004-04,subtotal_sub_segmento,automoveis/Sedans Pequenos,10761,10761,0,,ok,cauda nao publicada: 0 unidades
2004-04,subtotal_sub_segmento,automoveis/Sedans médios,6142,6142,0,,ok,cauda nao publicada: 0 unidades
2004-04,subtotal_sub_segmento,automoveis/Sports,26,26,0,,ok,cauda nao publicada: 0 unidades
2004-04,subtotal_sub_segmento,automoveis/Suv's,4003,4003,0,,ok,cauda nao publicada: 0 unidades
2004-04,subtotal_sub_segmento,automoveis/Sw Grandes,117,117,0,,ok,cauda nao publicada: 0 unidades
2004-04,subtotal_sub_segmento,automoveis/Sw Médios,2178,2178,0,,ok,cauda nao publicada: 0 unidades
2004-04,subtotal_sub_segmento,automoveis/Veículos de Entrada,45099,45099,0,,ok,cauda nao publicada: 0 unidades
2004-04,subtotal_sub_segmento,comerciais_leves/Furgões,2205,2205,0,,ok,cauda nao publicada: 0 unidades
2004-04,subtotal_sub_segmento,comerciais_leves/Furgões Pequenos,1067,1067,0,,ok,cauda nao publicada: 0 unidades
2004-04,subtotal_sub_segmento,comerciais_leves/Pick-up's Grandes,4112,4112,0,,ok,cauda nao publicada: 0 unidades
2004-04,subtotal_sub_segmento,comerciais_leves/Pick-up's Pequenas,5508,5508,0,,ok,cauda nao publicada: 0 unidades
2004-04,ranking_x_sub_segmento,2004-04,105747,105747,0,,ok,0 modelos divergentes de 74 conferidos; desvio de volume 0.0000%
2004-04,cobertura,automoveis,93760,93600,-160,-0.1706,medido,cobertura=99.83%
2004-04,cobertura,comerciais_leves,13049,13048,-1,-0.0077,medido,cobertura=99.99%
2004-05,mes_declarado,2004-05,,,,,ok,2004-05
2004-05,subtotal_sub_segmento,automoveis/Grandcab,2705,2705,0,,ok,cauda nao publicada: 0 unidades
2004-05,subtotal_sub_segmento,automoveis/Hatch Médios,5038,5038,0,,ok,cauda nao publicada: 0 unidades
2004-05,subtotal_sub_segmento,automoveis/Hatch Pequenos,11454,11454,0,,ok,cauda nao publicada: 0 unidades
2004-05,subtotal_sub_segmento,automoveis/Monocab,4985,4985,0,,ok,cauda nao publicada: 0 unidades
2004-05,subtotal_sub_segmento,automoveis/Sedans Compactos,2896,2896,0,,ok,cauda nao publicada: 0 unidades
2004-05,subtotal_sub_segmento,automoveis/Sedans Grandes,385,385,0,,ok,cauda nao publicada: 0 unidades
2004-05,subtotal_sub_segmento,automoveis/Sedans Pequenos,12541,12541,0,,ok,cauda nao publicada: 0 unidades
2004-05,subtotal_sub_segmento,automoveis/Sedans médios,6290,6290,0,,ok,cauda nao publicada: 0 unidades
2004-05,subtotal_sub_segmento,automoveis/Sports,17,17,0,,ok,cauda nao publicada: 0 unidades
2004-05,subtotal_sub_segmento,automoveis/Suv's,4090,4090,0,,ok,cauda nao publicada: 0 unidades
2004-05,subtotal_sub_segmento,automoveis/Sw Grandes,566,566,0,,ok,cauda nao publicada: 0 unidades
2004-05,subtotal_sub_segmento,automoveis/Sw Médios,3409,3409,0,,ok,cauda nao publicada: 0 unidades
2004-05,subtotal_sub_segmento,automoveis/Veículos de Entrada,46792,46792,0,,ok,cauda nao publicada: 0 unidades
2004-05,subtotal_sub_segmento,comerciais_leves/Furgões,2044,2044,0,,ok,cauda nao publicada: 0 unidades
2004-05,subtotal_sub_segmento,comerciais_leves/Furgões Pequenos,1020,1020,0,,ok,cauda nao publicada: 0 unidades
2004-05,subtotal_sub_segmento,comerciais_leves/Pick-up's Grandes,4202,4202,0,,ok,cauda nao publicada: 0 unidades
2004-05,subtotal_sub_segmento,comerciais_leves/Pick-up's Pequenas,5837,5837,0,,ok,cauda nao publicada: 0 unidades
2004-05,ranking_x_sub_segmento,2004-05,113528,113528,0,,ok,0 modelos divergentes de 77 conferidos; desvio de volume 0.0000%
2004-05,cobertura,automoveis,101331,101168,-163,-0.1609,medido,cobertura=99.84%
2004-05,cobertura,comerciais_leves,13273,13272,-1,-0.0075,medido,cobertura=99.99%
2004-06,mes_declarado,2004-06,,,,,ok,2004-06
2004-06,subtotal_sub_segmento,automoveis/Grandcab,3229,3229,0,,ok,cauda nao publicada: 0 unidades
2004-06,subtotal_sub_segmento,automoveis/Hatch Médios,5279,5279,0,,ok,cauda nao publicada: 0 unidades
2004-06,subtotal_sub_segmento,automoveis/Hatch Pequenos,12873,12873,0,,ok,cauda nao publicada: 0 unidades
2004-06,subtotal_sub_segmento,automoveis/Monocab,5321,5321,0,,ok,cauda nao publicada: 0 unidades
2004-06,subtotal_sub_segmento,automoveis/Sedans Compactos,3058,3058,0,,ok,cauda nao publicada: 0 unidades
2004-06,subtotal_sub_segmento,automoveis/Sedans Grandes,484,484,0,,ok,cauda nao publicada: 0 unidades
2004-06,subtotal_sub_segmento,automoveis/Sedans Pequenos,13201,13201,0,,ok,cauda nao publicada: 0 unidades
2004-06,subtotal_sub_segmento,automoveis/Sedans médios,5980,5980,0,,ok,cauda nao publicada: 0 unidades
2004-06,subtotal_sub_segmento,automoveis/Sports,19,19,0,,ok,cauda nao publicada: 0 unidades
2004-06,subtotal_sub_segmento,automoveis/Suv's,4620,4620,0,,ok,cauda nao publicada: 0 unidades
2004-06,subtotal_sub_segmento,automoveis/Sw Grandes,646,646,0,,ok,cauda nao publicada: 0 unidades
2004-06,subtotal_sub_segmento,automoveis/Sw Médios,3448,3448,0,,ok,cauda nao publicada: 0 unidades
2004-06,subtotal_sub_segmento,automoveis/Veículos de Entrada,50796,50796,0,,ok,cauda nao publicada: 0 unidades
2004-06,subtotal_sub_segmento,comerciais_leves/Furgões,1980,1980,0,,ok,cauda nao publicada: 0 unidades
2004-06,subtotal_sub_segmento,comerciais_leves/Furgões Pequenos,1133,1133,0,,ok,cauda nao publicada: 0 unidades
2004-06,subtotal_sub_segmento,comerciais_leves/Pick-up's Grandes,3792,3792,0,,ok,cauda nao publicada: 0 unidades
2004-06,subtotal_sub_segmento,comerciais_leves/Pick-up's Pequenas,6131,6131,0,,ok,cauda nao publicada: 0 unidades
2004-06,ranking_x_sub_segmento,2004-06,121224,121224,0,,ok,0 modelos divergentes de 75 conferidos; desvio de volume 0.0000%
2004-06,cobertura,automoveis,109129,108954,-175,-0.1604,medido,cobertura=99.84%
2004-06,cobertura,comerciais_leves,13216,13215,-1,-0.0076,medido,cobertura=99.99%
2004-07,mes_declarado,2004-07,,,,,ok,2004-07
2004-07,subtotal_sub_segmento,automoveis/Grandcab,2868,2868,0,,ok,cauda nao publicada: 0 unidades
2004-07,subtotal_sub_segmento,automoveis/Hatch Médios,5620,5620,0,,ok,cauda nao publicada: 0 unidades
2004-07,subtotal_sub_segmento,automoveis/Hatch Pequenos,15189,15189,0,,ok,cauda nao publicada: 0 unidades
2004-07,subtotal_sub_segmento,automoveis/Monocab,5280,5280,0,,ok,cauda nao publicada: 0 unidades
2004-07,subtotal_sub_segmento,automoveis/Sedans Compactos,3046,3046,0,,ok,cauda nao publicada: 0 unidades
2004-07,subtotal_sub_segmento,automoveis/Sedans Grandes,497,497,0,,ok,cauda nao publicada: 0 unidades
2004-07,subtotal_sub_segmento,automoveis/Sedans Pequenos,12461,12461,0,,ok,cauda nao publicada: 0 unidades
2004-07,subtotal_sub_segmento,automoveis/Sedans médios,6194,6194,0,,ok,cauda nao publicada: 0 unidades
2004-07,subtotal_sub_segmento,automoveis/Sports,20,20,0,,ok,cauda nao publicada: 0 unidades
2004-07,subtotal_sub_segmento,automoveis/Suv's,4480,4480,0,,ok,cauda nao publicada: 0 unidades
2004-07,subtotal_sub_segmento,automoveis/Sw Grandes,660,660,0,,ok,cauda nao publicada: 0 unidades
2004-07,subtotal_sub_segmento,automoveis/Sw Médios,4032,4032,0,,ok,cauda nao publicada: 0 unidades
2004-07,subtotal_sub_segmento,automoveis/Veículos de Entrada,51902,51902,0,,ok,cauda nao publicada: 0 unidades
2004-07,subtotal_sub_segmento,comerciais_leves/Furgões,1900,1900,0,,ok,cauda nao publicada: 0 unidades
2004-07,subtotal_sub_segmento,comerciais_leves/Furgões Pequenos,1061,1061,0,,ok,cauda nao publicada: 0 unidades
2004-07,subtotal_sub_segmento,comerciais_leves/Pick-up's Grandes,3669,3669,0,,ok,cauda nao publicada: 0 unidades
2004-07,subtotal_sub_segmento,comerciais_leves/Pick-up's Pequenas,6171,6171,0,,ok,cauda nao publicada: 0 unidades
2004-07,ranking_x_sub_segmento,2004-07,124238,124238,0,,ok,0 modelos divergentes de 77 conferidos; desvio de volume 0.0000%
2004-07,cobertura,automoveis,112463,112249,-214,-0.1903,medido,cobertura=99.81%
2004-07,cobertura,comerciais_leves,12977,12976,-1,-0.0077,medido,cobertura=99.99%
2004-08,mes_declarado,2004-08,,,,,ok,2004-08
2004-08,subtotal_sub_segmento,automoveis/Grandcab,2699,2699,0,,ok,cauda nao publicada: 0 unidades
2004-08,subtotal_sub_segmento,automoveis/Hatch Médios,5934,5934,0,,ok,cauda nao publicada: 0 unidades
2004-08,subtotal_sub_segmento,automoveis/Hatch Pequenos,15234,15234,0,,ok,cauda nao publicada: 0 unidades
2004-08,subtotal_sub_segmento,automoveis/Monocab,4703,4703,0,,ok,cauda nao publicada: 0 unidades
2004-08,subtotal_sub_segmento,automoveis/Sedans Compactos,2610,2610,0,,ok,cauda nao publicada: 0 unidades
2004-08,subtotal_sub_segmento,automoveis/Sedans Grandes,438,438,0,,ok,cauda nao publicada: 0 unidades
2004-08,subtotal_sub_segmento,automoveis/Sedans Pequenos,13303,13303,0,,ok,cauda nao publicada: 0 unidades
2004-08,subtotal_sub_segmento,automoveis/Sedans médios,6126,6126,0,,ok,cauda nao publicada: 0 unidades
2004-08,subtotal_sub_segmento,automoveis/Sports,20,20,0,,ok,cauda nao publicada: 0 unidades
2004-08,subtotal_sub_segmento,automoveis/Suv's,4593,4593,0,,ok,cauda nao publicada: 0 unidades
2004-08,subtotal_sub_segmento,automoveis/Sw Grandes,651,651,0,,ok,cauda nao publicada: 0 unidades
2004-08,subtotal_sub_segmento,automoveis/Sw Médios,3421,3421,0,,ok,cauda nao publicada: 0 unidades
2004-08,subtotal_sub_segmento,automoveis/Veículos de Entrada,48426,48426,0,,ok,cauda nao publicada: 0 unidades
2004-08,subtotal_sub_segmento,comerciais_leves/Furgões,1784,1784,0,,ok,cauda nao publicada: 0 unidades
2004-08,subtotal_sub_segmento,comerciais_leves/Furgões Pequenos,1161,1161,0,,ok,cauda nao publicada: 0 unidades
2004-08,subtotal_sub_segmento,comerciais_leves/Pick-up's Grandes,3848,3848,0,,ok,cauda nao publicada: 0 unidades
2004-08,subtotal_sub_segmento,comerciais_leves/Pick-up's Pequenas,6674,6674,0,,ok,cauda nao publicada: 0 unidades
2004-08,ranking_x_sub_segmento,2004-08,120797,120797,0,,ok,0 modelos divergentes de 75 conferidos; desvio de volume 0.0000%
2004-08,cobertura,automoveis,108307,108158,-149,-0.1376,medido,cobertura=99.86%
2004-08,cobertura,comerciais_leves,13619,13618,-1,-0.0073,medido,cobertura=99.99%
2004-09,mes_declarado,2004-09,,,,,ok,2004-09
2004-09,subtotal_sub_segmento,automoveis/Grandcab,3374,3374,0,,ok,cauda nao publicada: 0 unidades
2004-09,subtotal_sub_segmento,automoveis/Hatch Médios,5766,5766,0,,ok,cauda nao publicada: 0 unidades
2004-09,subtotal_sub_segmento,automoveis/Hatch Pequenos,16272,16272,0,,ok,cauda nao publicada: 0 unidades
2004-09,subtotal_sub_segmento,automoveis/Monocab,5208,5208,0,,ok,cauda nao publicada: 0 unidades
2004-09,subtotal_sub_segmento,automoveis/Sedans Compactos,2932,2932,0,,ok,cauda nao publicada: 0 unidades
2004-09,subtotal_sub_segmento,automoveis/Sedans Grandes,388,388,0,,ok,cauda nao publicada: 0 unidades
2004-09,subtotal_sub_segmento,automoveis/Sedans Pequenos,14578,14578,0,,ok,cauda nao publicada: 0 unidades
2004-09,subtotal_sub_segmento,automoveis/Sedans médios,6227,6227,0,,ok,cauda nao publicada: 0 unidades
2004-09,subtotal_sub_segmento,automoveis/Sports,21,21,0,,ok,cauda nao publicada: 0 unidades
2004-09,subtotal_sub_segmento,automoveis/Suv's,4690,4690,0,,ok,cauda nao publicada: 0 unidades
2004-09,subtotal_sub_segmento,automoveis/Sw Grandes,697,697,0,,ok,cauda nao publicada: 0 unidades
2004-09,subtotal_sub_segmento,automoveis/Sw Médios,3961,3961,0,,ok,cauda nao publicada: 0 unidades
2004-09,subtotal_sub_segmento,automoveis/Veículos de Entrada,50200,50200,0,,ok,cauda nao publicada: 0 unidades
2004-09,subtotal_sub_segmento,comerciais_leves/Furgões,1959,1959,0,,ok,cauda nao publicada: 0 unidades
2004-09,subtotal_sub_segmento,comerciais_leves/Furgões Pequenos,986,986,0,,ok,cauda nao publicada: 0 unidades
2004-09,subtotal_sub_segmento,comerciais_leves/Pick-up's Grandes,4526,4526,0,,ok,cauda nao publicada: 0 unidades
2004-09,subtotal_sub_segmento,comerciais_leves/Pick-up's Pequenas,7107,7107,0,,ok,cauda nao publicada: 0 unidades
2004-09,ranking_x_sub_segmento,2004-09,128150,128150,0,,ok,0 modelos divergentes de 77 conferidos; desvio de volume 0.0000%
2004-09,cobertura,automoveis,114479,114314,-165,-0.1441,medido,cobertura=99.86%
2004-09,cobertura,comerciais_leves,14763,14762,-1,-0.0068,medido,cobertura=99.99%
2004-10,mes_declarado,2004-10,,,,,ok,2004-10
2004-10,subtotal_sub_segmento,automoveis/Grandcab,3184,3184,0,,ok,cauda nao publicada: 0 unidades
2004-10,subtotal_sub_segmento,automoveis/Hatch Médios,5211,5211,0,,ok,cauda nao publicada: 0 unidades
2004-10,subtotal_sub_segmento,automoveis/Hatch Pequenos,15127,15127,0,,ok,cauda nao publicada: 0 unidades
2004-10,subtotal_sub_segmento,automoveis/Monocab,5534,5534,0,,ok,cauda nao publicada: 0 unidades
2004-10,subtotal_sub_segmento,automoveis/Sedans Compactos,2804,2804,0,,ok,cauda nao publicada: 0 unidades
2004-10,subtotal_sub_segmento,automoveis/Sedans Grandes,337,337,0,,ok,cauda nao publicada: 0 unidades
2004-10,subtotal_sub_segmento,automoveis/Sedans Pequenos,16272,16272,0,,ok,cauda nao publicada: 0 unidades
2004-10,subtotal_sub_segmento,automoveis/Sedans médios,6387,6387,0,,ok,cauda nao publicada: 0 unidades
2004-10,subtotal_sub_segmento,automoveis/Sports,21,21,0,,ok,cauda nao publicada: 0 unidades
2004-10,subtotal_sub_segmento,automoveis/Suv's,5195,5195,0,,ok,cauda nao publicada: 0 unidades
2004-10,subtotal_sub_segmento,automoveis/Sw Grandes,707,707,0,,ok,cauda nao publicada: 0 unidades
2004-10,subtotal_sub_segmento,automoveis/Sw Médios,3883,3883,0,,ok,cauda nao publicada: 0 unidades
2004-10,subtotal_sub_segmento,automoveis/Veículos de Entrada,48690,48690,0,,ok,cauda nao publicada: 0 unidades
2004-10,subtotal_sub_segmento,comerciais_leves/Furgões,1817,1817,0,,ok,cauda nao publicada: 0 unidades
2004-10,subtotal_sub_segmento,comerciais_leves/Furgões Pequenos,890,890,0,,ok,cauda nao publicada: 0 unidades
2004-10,subtotal_sub_segmento,comerciais_leves/Pick-up's Grandes,4745,4745,0,,ok,cauda nao publicada: 0 unidades
2004-10,subtotal_sub_segmento,comerciais_leves/Pick-up's Pequenas,7125,7125,0,,ok,cauda nao publicada: 0 unidades
2004-10,ranking_x_sub_segmento,2004-10,127164,127164,0,,ok,0 modelos divergentes de 76 conferidos; desvio de volume 0.0000%
2004-10,cobertura,automoveis,113546,113352,-194,-0.1709,medido,cobertura=99.83%
2004-10,cobertura,comerciais_leves,14788,14787,-1,-0.0068,medido,cobertura=99.99%
2004-11,mes_declarado,2004-11,,,,,ok,2004-11
2004-11,subtotal_sub_segmento,automoveis/Grandcab,3105,3105,0,,ok,cauda nao publicada: 0 unidades
2004-11,subtotal_sub_segmento,automoveis/Hatch Médios,5636,5636,0,,ok,cauda nao publicada: 0 unidades
2004-11,subtotal_sub_segmento,automoveis/Hatch Pequenos,13787,13787,0,,ok,cauda nao publicada: 0 unidades
2004-11,subtotal_sub_segmento,automoveis/Monocab,5167,5167,0,,ok,cauda nao publicada: 0 unidades
2004-11,subtotal_sub_segmento,automoveis/Sedans Compactos,2867,2867,0,,ok,cauda nao publicada: 0 unidades
2004-11,subtotal_sub_segmento,automoveis/Sedans Grandes,383,383,0,,ok,cauda nao publicada: 0 unidades
2004-11,subtotal_sub_segmento,automoveis/Sedans Pequenos,16578,16578,0,,ok,cauda nao publicada: 0 unidades
2004-11,subtotal_sub_segmento,automoveis/Sedans médios,6126,6126,0,,ok,cauda nao publicada: 0 unidades
2004-11,subtotal_sub_segmento,automoveis/Sports,22,22,0,,ok,cauda nao publicada: 0 unidades
2004-11,subtotal_sub_segmento,automoveis/Suv's,5945,5945,0,,ok,cauda nao publicada: 0 unidades
2004-11,subtotal_sub_segmento,automoveis/Sw Grandes,735,735,0,,ok,cauda nao publicada: 0 unidades
2004-11,subtotal_sub_segmento,automoveis/Sw Médios,4045,4045,0,,ok,cauda nao publicada: 0 unidades
2004-11,subtotal_sub_segmento,automoveis/Veículos de Entrada,51552,51552,0,,ok,cauda nao publicada: 0 unidades
2004-11,subtotal_sub_segmento,comerciais_leves/Furgões,1755,1755,0,,ok,cauda nao publicada: 0 unidades
2004-11,subtotal_sub_segmento,comerciais_leves/Furgões Pequenos,1005,1005,0,,ok,cauda nao publicada: 0 unidades
2004-11,subtotal_sub_segmento,comerciais_leves/Pick-up's Grandes,4647,4647,0,,ok,cauda nao publicada: 0 unidades
2004-11,subtotal_sub_segmento,comerciais_leves/Pick-up's Pequenas,6585,6585,0,,ok,cauda nao publicada: 0 unidades
2004-11,ranking_x_sub_segmento,2004-11,129183,129183,0,,ok,0 modelos divergentes de 74 conferidos; desvio de volume 0.0000%
2004-11,cobertura,automoveis,116164,115948,-216,-0.1859,medido,cobertura=99.81%
2004-11,cobertura,comerciais_leves,14184,14182,-2,-0.0141,medido,cobertura=99.99%
2004-12,mes_declarado,2004-12,,,,,ok,2004-12
2004-12,subtotal_sub_segmento,automoveis/Grandcab,4206,4206,0,,ok,cauda nao publicada: 0 unidades
2004-12,subtotal_sub_segmento,automoveis/Hatch Médios,7989,7989,0,,ok,cauda nao publicada: 0 unidades
2004-12,subtotal_sub_segmento,automoveis/Hatch Pequenos,18987,18987,0,,ok,cauda nao publicada: 0 unidades
2004-12,subtotal_sub_segmento,automoveis/Monocab,6794,6794,0,,ok,cauda nao publicada: 0 unidades
2004-12,subtotal_sub_segmento,automoveis/Sedans Compactos,3554,3554,0,,ok,cauda nao publicada: 0 unidades
2004-12,subtotal_sub_segmento,automoveis/Sedans Grandes,507,507,0,,ok,cauda nao publicada: 0 unidades
2004-12,subtotal_sub_segmento,automoveis/Sedans Pequenos,23673,23673,0,,ok,cauda nao publicada: 0 unidades
2004-12,subtotal_sub_segmento,automoveis/Sedans médios,8004,8004,0,,ok,cauda nao publicada: 0 unidades
2004-12,subtotal_sub_segmento,automoveis/Sports,40,40,0,,ok,cauda nao publicada: 0 unidades
2004-12,subtotal_sub_segmento,automoveis/Suv's,7675,7675,0,,ok,cauda nao publicada: 0 unidades
2004-12,subtotal_sub_segmento,automoveis/Sw Grandes,883,883,0,,ok,cauda nao publicada: 0 unidades
2004-12,subtotal_sub_segmento,automoveis/Sw Médios,4431,4431,0,,ok,cauda nao publicada: 0 unidades
2004-12,subtotal_sub_segmento,automoveis/Veículos de Entrada,63181,63181,0,,ok,cauda nao publicada: 0 unidades
2004-12,subtotal_sub_segmento,comerciais_leves/Furgões,2423,2423,0,,ok,cauda nao publicada: 0 unidades
2004-12,subtotal_sub_segmento,comerciais_leves/Furgões Pequenos,1066,1066,0,,ok,cauda nao publicada: 0 unidades
2004-12,subtotal_sub_segmento,comerciais_leves/Pick-up's Grandes,6092,6092,0,,ok,cauda nao publicada: 0 unidades
2004-12,subtotal_sub_segmento,comerciais_leves/Pick-up's Pequenas,8050,8050,0,,ok,cauda nao publicada: 0 unidades
2004-12,ranking_x_sub_segmento,2004-12,166484,166484,0,,ok,0 modelos divergentes de 74 conferidos; desvio de volume 0.0000%
2004-12,cobertura,automoveis,150188,149924,-264,-0.1758,medido,cobertura=99.82%
2004-12,cobertura,comerciais_leves,17927,17926,-1,-0.0056,medido,cobertura=99.99%
2005-01,mes_declarado,2005-01,,,,,ok,2005-01
2005-01,subtotal_sub_segmento,automoveis/Grandcab,2018,2018,0,,ok,cauda nao publicada: 0 unidades
2005-01,subtotal_sub_segmento,automoveis/Hatch Médios,4575,4575,0,,ok,cauda nao publicada: 0 unidades
2005-01,subtotal_sub_segmento,automoveis/Hatch Pequenos,13422,13422,0,,ok,cauda nao publicada: 0 unidades
2005-01,subtotal_sub_segmento,automoveis/Monocab,4449,4449,0,,ok,cauda nao publicada: 0 unidades
2005-01,subtotal_sub_segmento,automoveis/Sedans Compactos,1812,1812,0,,ok,cauda nao publicada: 0 unidades
2005-01,subtotal_sub_segmento,automoveis/Sedans Grandes,312,312,0,,ok,cauda nao publicada: 0 unidades
2005-01,subtotal_sub_segmento,automoveis/Sedans Pequenos,11319,11319,0,,ok,cauda nao publicada: 0 unidades
2005-01,subtotal_sub_segmento,automoveis/Sedans médios,4337,4337,0,,ok,cauda nao publicada: 0 unidades
2005-01,subtotal_sub_segmento,automoveis/Sports,18,18,0,,ok,cauda nao publicada: 0 unidades
2005-01,subtotal_sub_segmento,automoveis/Suv's,5092,5092,0,,ok,cauda nao publicada: 0 unidades
2005-01,subtotal_sub_segmento,automoveis/Sw Grandes,380,380,0,,ok,cauda nao publicada: 0 unidades
2005-01,subtotal_sub_segmento,automoveis/Sw Médios,3135,3135,0,,ok,cauda nao publicada: 0 unidades
2005-01,subtotal_sub_segmento,automoveis/Veículos de Entrada,37558,37558,0,,ok,cauda nao publicada: 0 unidades
2005-01,subtotal_sub_segmento,comerciais_leves/Furgões,1872,1872,0,,ok,cauda nao publicada: 0 unidades
2005-01,subtotal_sub_segmento,comerciais_leves/Furgões Pequenos,973,973,0,,ok,cauda nao publicada: 0 unidades
2005-01,subtotal_sub_segmento,comerciais_leves/Pick-up's Grandes,3128,3128,0,,ok,cauda nao publicada: 0 unidades
2005-01,subtotal_sub_segmento,comerciais_leves/Pick-up's Pequenas,5014,5014,0,,ok,cauda nao publicada: 0 unidades
2005-01,ranking_x_sub_segmento,2005-01,98753,98753,0,,ok,0 modelos divergentes de 73 conferidos; desvio de volume 0.0000%
2005-01,cobertura,automoveis,88575,88427,-148,-0.1671,medido,cobertura=99.83%
2005-01,cobertura,comerciais_leves,11080,11079,-1,-0.0090,medido,cobertura=99.99%
2005-02,mes_declarado,2005-02,,,,,ok,2005-02
2005-02,subtotal_sub_segmento,automoveis/Grandcab,2255,2255,0,,ok,cauda nao publicada: 0 unidades
2005-02,subtotal_sub_segmento,automoveis/Hatch Médios,5005,5005,0,,ok,cauda nao publicada: 0 unidades
2005-02,subtotal_sub_segmento,automoveis/Hatch Pequenos,13294,13294,0,,ok,cauda nao publicada: 0 unidades
2005-02,subtotal_sub_segmento,automoveis/Monocab,4552,4552,0,,ok,cauda nao publicada: 0 unidades
2005-02,subtotal_sub_segmento,automoveis/Sedans Compactos,2169,2169,0,,ok,cauda nao publicada: 0 unidades
2005-02,subtotal_sub_segmento,automoveis/Sedans Grandes,390,390,0,,ok,cauda nao publicada: 0 unidades
2005-02,subtotal_sub_segmento,automoveis/Sedans Pequenos,13460,13460,0,,ok,cauda nao publicada: 0 unidades
2005-02,subtotal_sub_segmento,automoveis/Sedans médios,5351,5351,0,,ok,cauda nao publicada: 0 unidades
2005-02,subtotal_sub_segmento,automoveis/Sports,34,34,0,,ok,cauda nao publicada: 0 unidades
2005-02,subtotal_sub_segmento,automoveis/Suv's,4934,4934,0,,ok,cauda nao publicada: 0 unidades
2005-02,subtotal_sub_segmento,automoveis/Sw Grandes,540,540,0,,ok,cauda nao publicada: 0 unidades
2005-02,subtotal_sub_segmento,automoveis/Sw Médios,3390,3390,0,,ok,cauda nao publicada: 0 unidades
2005-02,subtotal_sub_segmento,automoveis/Veículos de Entrada,40156,40156,0,,ok,cauda nao publicada: 0 unidades
2005-02,subtotal_sub_segmento,comerciais_leves/Furgões,1832,1832,0,,ok,cauda nao publicada: 0 unidades
2005-02,subtotal_sub_segmento,comerciais_leves/Furgões Pequenos,1334,1334,0,,ok,cauda nao publicada: 0 unidades
2005-02,subtotal_sub_segmento,comerciais_leves/Pick-up's Grandes,2858,2858,0,,ok,cauda nao publicada: 0 unidades
2005-02,subtotal_sub_segmento,comerciais_leves/Pick-up's Pequenas,6044,6044,0,,ok,cauda nao publicada: 0 unidades
2005-02,ranking_x_sub_segmento,2005-02,106943,106943,0,,ok,0 modelos divergentes de 76 conferidos; desvio de volume 0.0000%
2005-02,cobertura,automoveis,95681,95530,-151,-0.1578,medido,cobertura=99.84%
2005-02,cobertura,comerciais_leves,12213,12212,-1,-0.0082,medido,cobertura=99.99%
2005-03,mes_declarado,2005-03,,,,,ok,2005-03
2005-03,subtotal_sub_segmento,automoveis/Veículos de Entrada,53323,53323,0,,ok,cauda nao publicada: 0 unidades
2005-03,ranking_x_sub_segmento,2005-03,53320,53320,0,,ok,0 modelos divergentes de 7 conferidos; desvio de volume 0.0000%
2005-03,cobertura,automoveis,124402,123201,-1201,-0.9654,medido,cobertura=99.03%
2005-03,cobertura,comerciais_leves,16216,16215,-1,-0.0062,medido,cobertura=99.99%
2005-04,mes_declarado,2005-04,,,,,ok,2005-04
2005-04,subtotal_sub_segmento,automoveis/Grandcab,3070,3070,0,,ok,cauda nao publicada: 0 unidades
2005-04,subtotal_sub_segmento,automoveis/Hatch Médios,5548,5548,0,,ok,cauda nao publicada: 0 unidades
2005-04,subtotal_sub_segmento,automoveis/Hatch Pequenos,14201,14201,0,,ok,cauda nao publicada: 0 unidades
2005-04,subtotal_sub_segmento,automoveis/Monocab,5909,5909,0,,ok,cauda nao publicada: 0 unidades
2005-04,subtotal_sub_segmento,automoveis/Sedans Compactos,2284,2284,0,,ok,cauda nao publicada: 0 unidades
2005-04,subtotal_sub_segmento,automoveis/Sedans Grandes,615,615,0,,ok,cauda nao publicada: 0 unidades
2005-04,subtotal_sub_segmento,automoveis/Sedans Pequenos,16588,16588,0,,ok,cauda nao publicada: 0 unidades
2005-04,subtotal_sub_segmento,automoveis/Sedans médios,6086,6086,0,,ok,cauda nao publicada: 0 unidades
2005-04,subtotal_sub_segmento,automoveis/Sports,43,43,0,,ok,cauda nao publicada: 0 unidades
2005-04,subtotal_sub_segmento,automoveis/Suv's,5000,5000,0,,ok,cauda nao publicada: 0 unidades
2005-04,subtotal_sub_segmento,automoveis/Sw Grandes,630,630,0,,ok,cauda nao publicada: 0 unidades
2005-04,subtotal_sub_segmento,automoveis/Sw Médios,3786,3786,0,,ok,cauda nao publicada: 0 unidades
2005-04,subtotal_sub_segmento,automoveis/Veículos de Entrada,50234,50234,0,,ok,cauda nao publicada: 0 unidades
2005-04,subtotal_sub_segmento,comerciais_leves/Furgões,2058,2058,0,,ok,cauda nao publicada: 0 unidades
2005-04,subtotal_sub_segmento,comerciais_leves/Furgões Pequenos,1296,1296,0,,ok,cauda nao publicada: 0 unidades
2005-04,subtotal_sub_segmento,comerciais_leves/Pick-up's Grandes,5051,5051,0,,ok,cauda nao publicada: 0 unidades
2005-04,subtotal_sub_segmento,comerciais_leves/Pick-up's Pequenas,6392,6392,0,,ok,cauda nao publicada: 0 unidades
2005-04,ranking_x_sub_segmento,2005-04,127858,127858,0,,ok,0 modelos divergentes de 76 conferidos; desvio de volume 0.0000%
2005-04,cobertura,automoveis,114246,113994,-252,-0.2206,medido,cobertura=99.78%
2005-04,cobertura,comerciais_leves,14907,14906,-1,-0.0067,medido,cobertura=99.99%
2005-05,mes_declarado,2005-05,,,,,ok,2005-05
2005-05,subtotal_sub_segmento,automoveis/Grandcab,2560,2560,0,,ok,cauda nao publicada: 0 unidades
2005-05,subtotal_sub_segmento,automoveis/Hatch Médios,5653,5653,0,,ok,cauda nao publicada: 0 unidades
2005-05,subtotal_sub_segmento,automoveis/Hatch Pequenos,15395,15395,0,,ok,cauda nao publicada: 0 unidades
2005-05,subtotal_sub_segmento,automoveis/Monocab,5839,5839,0,,ok,cauda nao publicada: 0 unidades
2005-05,subtotal_sub_segmento,automoveis/Sedans Compactos,2561,2561,0,,ok,cauda nao publicada: 0 unidades
2005-05,subtotal_sub_segmento,automoveis/Sedans Grandes,501,501,0,,ok,cauda nao publicada: 0 unidades
2005-05,subtotal_sub_segmento,automoveis/Sedans Pequenos,17519,17519,0,,ok,cauda nao publicada: 0 unidades
2005-05,subtotal_sub_segmento,automoveis/Sedans médios,6220,6220,0,,ok,cauda nao publicada: 0 unidades
2005-05,subtotal_sub_segmento,automoveis/Sports,28,28,0,,ok,cauda nao publicada: 0 unidades
2005-05,subtotal_sub_segmento,automoveis/Suv's,5044,5044,0,,ok,cauda nao publicada: 0 unidades
2005-05,subtotal_sub_segmento,automoveis/Sw Grandes,719,719,0,,ok,cauda nao publicada: 0 unidades
2005-05,subtotal_sub_segmento,automoveis/Sw Médios,3858,3858,0,,ok,cauda nao publicada: 0 unidades
2005-05,subtotal_sub_segmento,automoveis/Veículos de Entrada,53054,53054,0,,ok,cauda nao publicada: 0 unidades
2005-05,subtotal_sub_segmento,comerciais_leves/Furgões,2035,2035,0,,ok,cauda nao publicada: 0 unidades
2005-05,subtotal_sub_segmento,comerciais_leves/Furgões Pequenos,1103,1103,0,,ok,cauda nao publicada: 0 unidades
2005-05,subtotal_sub_segmento,comerciais_leves/Pick-up's Grandes,5817,5817,0,,ok,cauda nao publicada: 0 unidades
2005-05,subtotal_sub_segmento,comerciais_leves/Pick-up's Pequenas,6755,6755,0,,ok,cauda nao publicada: 0 unidades
2005-05,ranking_x_sub_segmento,2005-05,133656,133656,0,,ok,0 modelos divergentes de 76 conferidos; desvio de volume 0.0000%
2005-05,cobertura,automoveis,119220,118951,-269,-0.2256,medido,cobertura=99.77%
2005-05,cobertura,comerciais_leves,15846,15844,-2,-0.0126,medido,cobertura=99.99%
2005-06,mes_declarado,2005-06,,,,,ok,2005-06
2005-06,subtotal_sub_segmento,automoveis/Grandcab,2847,2847,0,,ok,cauda nao publicada: 0 unidades
2005-06,subtotal_sub_segmento,automoveis/Hatch Médios,5287,5287,0,,ok,cauda nao publicada: 0 unidades
2005-06,subtotal_sub_segmento,automoveis/Hatch Pequenos,15787,15787,0,,ok,cauda nao publicada: 0 unidades
2005-06,subtotal_sub_segmento,automoveis/Monocab,6041,6041,0,,ok,cauda nao publicada: 0 unidades
2005-06,subtotal_sub_segmento,automoveis/Sedans Compactos,2403,2403,0,,ok,cauda nao publicada: 0 unidades
2005-06,subtotal_sub_segmento,automoveis/Sedans Grandes,530,530,0,,ok,cauda nao publicada: 0 unidades
2005-06,subtotal_sub_segmento,automoveis/Sedans Pequenos,17504,17504,0,,ok,cauda nao publicada: 0 unidades
2005-06,subtotal_sub_segmento,automoveis/Sedans médios,5993,5993,0,,ok,cauda nao publicada: 0 unidades
2005-06,subtotal_sub_segmento,automoveis/Sports,41,41,0,,ok,cauda nao publicada: 0 unidades
2005-06,subtotal_sub_segmento,automoveis/Suv's,5711,5711,0,,ok,cauda nao publicada: 0 unidades
2005-06,subtotal_sub_segmento,automoveis/Sw Grandes,684,684,0,,ok,cauda nao publicada: 0 unidades
2005-06,subtotal_sub_segmento,automoveis/Sw Médios,4463,4463,0,,ok,cauda nao publicada: 0 unidades
2005-06,subtotal_sub_segmento,automoveis/Veículos de Entrada,55537,55537,0,,ok,cauda nao publicada: 0 unidades
2005-06,subtotal_sub_segmento,comerciais_leves/Furgões,2273,2273,0,,ok,cauda nao publicada: 0 unidades
2005-06,subtotal_sub_segmento,comerciais_leves/Furgões Pequenos,1430,1430,0,,ok,cauda nao publicada: 0 unidades
2005-06,subtotal_sub_segmento,comerciais_leves/Pick-up's Grandes,5443,5443,0,,ok,cauda nao publicada: 0 unidades
2005-06,subtotal_sub_segmento,comerciais_leves/Pick-up's Pequenas,7335,7335,0,,ok,cauda nao publicada: 0 unidades
2005-06,ranking_x_sub_segmento,2005-06,138192,138192,0,,ok,0 modelos divergentes de 74 conferidos; desvio de volume 0.0000%
2005-06,cobertura,automoveis,123133,122828,-305,-0.2477,medido,cobertura=99.75%
2005-06,cobertura,comerciais_leves,16642,16641,-1,-0.0060,medido,cobertura=99.99%
2005-07,mes_declarado,2005-07,,,,,ok,2005-07
2005-07,subtotal_sub_segmento,automoveis/Grandcab,2666,2666,0,,ok,cauda nao publicada: 0 unidades
2005-07,subtotal_sub_segmento,automoveis/Hatch Médios,4336,4336,0,,ok,cauda nao publicada: 0 unidades
2005-07,subtotal_sub_segmento,automoveis/Hatch Pequenos,15996,15996,0,,ok,cauda nao publicada: 0 unidades
2005-07,subtotal_sub_segmento,automoveis/Monocab,5162,5162,0,,ok,cauda nao publicada: 0 unidades
2005-07,subtotal_sub_segmento,automoveis/Sedans Compactos,1732,1732,0,,ok,cauda nao publicada: 0 unidades
2005-07,subtotal_sub_segmento,automoveis/Sedans Grandes,394,394,0,,ok,cauda nao publicada: 0 unidades
2005-07,subtotal_sub_segmento,automoveis/Sedans Pequenos,16318,16318,0,,ok,cauda nao publicada: 0 unidades
2005-07,subtotal_sub_segmento,automoveis/Sedans médios,5795,5795,0,,ok,cauda nao publicada: 0 unidades
2005-07,subtotal_sub_segmento,automoveis/Sports,21,21,0,,ok,cauda nao publicada: 0 unidades
2005-07,subtotal_sub_segmento,automoveis/Suv's,5237,5237,0,,ok,cauda nao publicada: 0 unidades
2005-07,subtotal_sub_segmento,automoveis/Sw Grandes,719,719,0,,ok,cauda nao publicada: 0 unidades
2005-07,subtotal_sub_segmento,automoveis/Sw Médios,4087,4087,0,,ok,cauda nao publicada: 0 unidades
2005-07,subtotal_sub_segmento,automoveis/Veículos de Entrada,52468,52468,0,,ok,cauda nao publicada: 0 unidades
2005-07,subtotal_sub_segmento,comerciais_leves/Furgões,2133,2133,0,,ok,cauda nao publicada: 0 unidades
2005-07,subtotal_sub_segmento,comerciais_leves/Furgões Pequenos,1361,1361,0,,ok,cauda nao publicada: 0 unidades
2005-07,subtotal_sub_segmento,comerciais_leves/Pick-up's Grandes,4673,4673,0,,ok,cauda nao publicada: 0 unidades
2005-07,subtotal_sub_segmento,comerciais_leves/Pick-up's Pequenas,7032,7032,0,,ok,cauda nao publicada: 0 unidades
2005-07,ranking_x_sub_segmento,2005-07,129122,129122,0,,ok,0 modelos divergentes de 76 conferidos; desvio de volume 0.0000%
2005-07,cobertura,automoveis,115200,114931,-269,-0.2335,medido,cobertura=99.77%
2005-07,cobertura,comerciais_leves,15341,15339,-2,-0.0130,medido,cobertura=99.99%
2005-08,mes_declarado,2005-08,,,,,ok,2005-08
2005-08,subtotal_sub_segmento,automoveis/Grandcab,2551,2551,0,,ok,cauda nao publicada: 0 unidades
2005-08,subtotal_sub_segmento,automoveis/Hatch Médios,5002,5002,0,,ok,cauda nao publicada: 0 unidades
2005-08,subtotal_sub_segmento,automoveis/Hatch Pequenos,19546,19546,0,,ok,cauda nao publicada: 0 unidades
2005-08,subtotal_sub_segmento,automoveis/Monocab,5884,5884,0,,ok,cauda nao publicada: 0 unidades
2005-08,subtotal_sub_segmento,automoveis/Sedans Compactos,1889,1889,0,,ok,cauda nao publicada: 0 unidades
2005-08,subtotal_sub_segmento,automoveis/Sedans Grandes,420,420,0,,ok,cauda nao publicada: 0 unidades
2005-08,subtotal_sub_segmento,automoveis/Sedans Pequenos,18507,18507,0,,ok,cauda nao publicada: 0 unidades
2005-08,subtotal_sub_segmento,automoveis/Sedans médios,6788,6788,0,,ok,cauda nao publicada: 0 unidades
2005-08,subtotal_sub_segmento,automoveis/Sports,31,31,0,,ok,cauda nao publicada: 0 unidades
2005-08,subtotal_sub_segmento,automoveis/Suv's,6366,6366,0,,ok,cauda nao publicada: 0 unidades
2005-08,subtotal_sub_segmento,automoveis/Sw Grandes,873,873,0,,ok,cauda nao publicada: 0 unidades
2005-08,subtotal_sub_segmento,automoveis/Sw Médios,4792,4792,0,,ok,cauda nao publicada: 0 unidades
2005-08,subtotal_sub_segmento,automoveis/Veículos de Entrada,53888,53888,0,,ok,cauda nao publicada: 0 unidades
2005-08,subtotal_sub_segmento,comerciais_leves/Furgões,2487,2487,0,,ok,cauda nao publicada: 0 unidades
2005-08,subtotal_sub_segmento,comerciais_leves/Furgões Pequenos,1472,1472,0,,ok,cauda nao publicada: 0 unidades
2005-08,subtotal_sub_segmento,comerciais_leves/Pick-up's Grandes,4626,4626,0,,ok,cauda nao publicada: 0 unidades
2005-08,subtotal_sub_segmento,comerciais_leves/Pick-up's Pequenas,7692,7692,0,,ok,cauda nao publicada: 0 unidades
2005-08,ranking_x_sub_segmento,2005-08,141552,141552,0,,ok,0 modelos divergentes de 76 conferidos; desvio de volume 0.0000%
2005-08,cobertura,automoveis,126906,126619,-287,-0.2262,medido,cobertura=99.77%
2005-08,cobertura,comerciais_leves,16469,16468,-1,-0.0061,medido,cobertura=99.99%
2005-09,mes_declarado,2005-09,,,,,ok,2005-09
2005-09,subtotal_sub_segmento,automoveis/Grandcab,2699,2699,0,,ok,cauda nao publicada: 0 unidades
2005-09,subtotal_sub_segmento,automoveis/Hatch Médios,5551,5551,0,,ok,cauda nao publicada: 0 unidades
2005-09,subtotal_sub_segmento,automoveis/Hatch Pequenos,19620,19620,0,,ok,cauda nao publicada: 0 unidades
2005-09,subtotal_sub_segmento,automoveis/Monocab,7039,7039,0,,ok,cauda nao publicada: 0 unidades
2005-09,subtotal_sub_segmento,automoveis/Sedans Compactos,1827,1827,0,,ok,cauda nao publicada: 0 unidades
2005-09,subtotal_sub_segmento,automoveis/Sedans Grandes,471,471,0,,ok,cauda nao publicada: 0 unidades
2005-09,subtotal_sub_segmento,automoveis/Sedans Pequenos,16607,16607,0,,ok,cauda nao publicada: 0 unidades
2005-09,subtotal_sub_segmento,automoveis/Sedans médios,6036,6036,0,,ok,cauda nao publicada: 0 unidades
2005-09,subtotal_sub_segmento,automoveis/Sports,41,41,0,,ok,cauda nao publicada: 0 unidades
2005-09,subtotal_sub_segmento,automoveis/Suv's,5689,5689,0,,ok,cauda nao publicada: 0 unidades
2005-09,subtotal_sub_segmento,automoveis/Sw Grandes,870,870,0,,ok,cauda nao publicada: 0 unidades
2005-09,subtotal_sub_segmento,automoveis/Sw Médios,4387,4387,0,,ok,cauda nao publicada: 0 unidades
2005-09,subtotal_sub_segmento,automoveis/Veículos de Entrada,49823,49823,0,,ok,cauda nao publicada: 0 unidades
2005-09,subtotal_sub_segmento,comerciais_leves/Furgões,2128,2128,0,,ok,cauda nao publicada: 0 unidades
2005-09,subtotal_sub_segmento,comerciais_leves/Furgões Pequenos,1284,1284,0,,ok,cauda nao publicada: 0 unidades
2005-09,subtotal_sub_segmento,comerciais_leves/Pick-up's Grandes,5728,5728,0,,ok,cauda nao publicada: 0 unidades
2005-09,subtotal_sub_segmento,comerciais_leves/Pick-up's Pequenas,6533,6533,0,,ok,cauda nao publicada: 0 unidades
2005-09,ranking_x_sub_segmento,2005-09,135028,135028,0,,ok,0 modelos divergentes de 74 conferidos; desvio de volume 0.0000%
2005-09,cobertura,automoveis,120942,120660,-282,-0.2332,medido,cobertura=99.77%
2005-09,cobertura,comerciais_leves,15883,15883,0,,medido,cobertura=100.00%
2005-10,mes_declarado,2005-10,,,,,ok,2005-10
2005-10,subtotal_sub_segmento,automoveis/Grandcab,2615,2615,0,,ok,cauda nao publicada: 0 unidades
2005-10,subtotal_sub_segmento,automoveis/Hatch Médios,5055,5055,0,,ok,cauda nao publicada: 0 unidades
2005-10,subtotal_sub_segmento,automoveis/Hatch Pequenos,18619,18619,0,,ok,cauda nao publicada: 0 unidades
2005-10,subtotal_sub_segmento,automoveis/Monocab,7807,7807,0,,ok,cauda nao publicada: 0 unidades
2005-10,subtotal_sub_segmento,automoveis/Sedans Compactos,1598,1598,0,,ok,cauda nao publicada: 0 unidades
2005-10,subtotal_sub_segmento,automoveis/Sedans Grandes,423,423,0,,ok,cauda nao publicada: 0 unidades
2005-10,subtotal_sub_segmento,automoveis/Sedans Pequenos,14596,14596,0,,ok,cauda nao publicada: 0 unidades
2005-10,subtotal_sub_segmento,automoveis/Sedans médios,5780,5780,0,,ok,cauda nao publicada: 0 unidades
2005-10,subtotal_sub_segmento,automoveis/Sports,46,46,0,,ok,cauda nao publicada: 0 unidades
2005-10,subtotal_sub_segmento,automoveis/Suv's,5719,5719,0,,ok,cauda nao publicada: 0 unidades
2005-10,subtotal_sub_segmento,automoveis/Sw Grandes,758,758,0,,ok,cauda nao publicada: 0 unidades
2005-10,subtotal_sub_segmento,automoveis/Sw Médios,3815,3815,0,,ok,cauda nao publicada: 0 unidades
2005-10,subtotal_sub_segmento,automoveis/Veículos de Entrada,49603,49603,0,,ok,cauda nao publicada: 0 unidades
2005-10,subtotal_sub_segmento,comerciais_leves/Furgões,1623,1623,0,,ok,cauda nao publicada: 0 unidades
2005-10,subtotal_sub_segmento,comerciais_leves/Furgões Pequenos,1224,1224,0,,ok,cauda nao publicada: 0 unidades
2005-10,subtotal_sub_segmento,comerciais_leves/Pick-up's Grandes,4970,4970,0,,ok,cauda nao publicada: 0 unidades
2005-10,subtotal_sub_segmento,comerciais_leves/Pick-up's Pequenas,5947,5947,0,,ok,cauda nao publicada: 0 unidades
2005-10,ranking_x_sub_segmento,2005-10,128854,128854,0,,ok,0 modelos divergentes de 76 conferidos; desvio de volume 0.0000%
2005-10,cobertura,automoveis,116676,116434,-242,-0.2074,medido,cobertura=99.79%
2005-10,cobertura,comerciais_leves,13973,13972,-1,-0.0072,medido,cobertura=99.99%
2005-11,mes_declarado,2005-11,,,,,ok,2005-11
2005-11,subtotal_sub_segmento,automoveis/Grandcab,2523,2523,0,,ok,cauda nao publicada: 0 unidades
2005-11,subtotal_sub_segmento,automoveis/Hatch Médios,4952,4952,0,,ok,cauda nao publicada: 0 unidades
2005-11,subtotal_sub_segmento,automoveis/Hatch Pequenos,23050,23050,0,,ok,cauda nao publicada: 0 unidades
2005-11,subtotal_sub_segmento,automoveis/Monocab,9051,9051,0,,ok,cauda nao publicada: 0 unidades
2005-11,subtotal_sub_segmento,automoveis/Sedans Compactos,1629,1629,0,,ok,cauda nao publicada: 0 unidades
2005-11,subtotal_sub_segmento,automoveis/Sedans Grandes,522,522,0,,ok,cauda nao publicada: 0 unidades
2005-11,subtotal_sub_segmento,automoveis/Sedans Pequenos,17357,17357,0,,ok,cauda nao publicada: 0 unidades
2005-11,subtotal_sub_segmento,automoveis/Sedans médios,9431,9431,0,,ok,cauda nao publicada: 0 unidades
2005-11,subtotal_sub_segmento,automoveis/Sports,69,69,0,,ok,cauda nao publicada: 0 unidades
2005-11,subtotal_sub_segmento,automoveis/Suv's,7191,7191,0,,ok,cauda nao publicada: 0 unidades
2005-11,subtotal_sub_segmento,automoveis/Sw Grandes,849,849,0,,ok,cauda nao publicada: 0 unidades
2005-11,subtotal_sub_segmento,automoveis/Sw Médios,4523,4523,0,,ok,cauda nao publicada: 0 unidades
2005-11,subtotal_sub_segmento,automoveis/Veículos de Entrada,54815,54815,0,,ok,cauda nao publicada: 0 unidades
2005-11,subtotal_sub_segmento,comerciais_leves/Furgões,1816,1816,0,,ok,cauda nao publicada: 0 unidades
2005-11,subtotal_sub_segmento,comerciais_leves/Furgões Pequenos,1256,1256,0,,ok,cauda nao publicada: 0 unidades
2005-11,subtotal_sub_segmento,comerciais_leves/Pick-up's Grandes,5471,5471,0,,ok,cauda nao publicada: 0 unidades
2005-11,subtotal_sub_segmento,comerciais_leves/Pick-up's Pequenas,5784,5784,0,,ok,cauda nao publicada: 0 unidades
2005-11,ranking_x_sub_segmento,2005-11,148812,148812,0,,ok,0 modelos divergentes de 75 conferidos; desvio de volume 0.0000%
2005-11,cobertura,automoveis,136244,135962,-282,-0.2070,medido,cobertura=99.79%
2005-11,cobertura,comerciais_leves,14538,14535,-3,-0.0206,medido,cobertura=99.98%
2005-12,mes_declarado,2005-12,,,,,ok,2005-12
2005-12,subtotal_sub_segmento,automoveis/Grandcab,2619,2595,-24,-0.9164,cauda_truncada,cauda nao publicada: 24 unidades
2005-12,subtotal_sub_segmento,automoveis/Hatch Médios,6633,6544,-89,-1.3418,cauda_truncada,cauda nao publicada: 89 unidades
2005-12,subtotal_sub_segmento,automoveis/Hatch Pequenos,26654,26654,0,,ok,cauda nao publicada: 0 unidades
2005-12,subtotal_sub_segmento,automoveis/Monocab,9555,9555,0,,ok,cauda nao publicada: 0 unidades
2005-12,subtotal_sub_segmento,automoveis/Sedans Compactos,1972,1972,0,,ok,cauda nao publicada: 0 unidades
2005-12,subtotal_sub_segmento,automoveis/Sedans Grandes,831,689,-142,-17.0878,cauda_truncada,cauda nao publicada: 142 unidades
2005-12,subtotal_sub_segmento,automoveis/Sedans Pequenos,18922,18922,0,,ok,cauda nao publicada: 0 unidades
2005-12,subtotal_sub_segmento,automoveis/Sedans médios,12240,12240,0,,ok,cauda nao publicada: 0 unidades
2005-12,subtotal_sub_segmento,automoveis/Sports,62,47,-15,-24.1935,cauda_truncada,cauda nao publicada: 15 unidades
2005-12,subtotal_sub_segmento,automoveis/Suv's,8913,8899,-14,-0.1571,ok,cauda nao publicada: 14 unidades
2005-12,subtotal_sub_segmento,automoveis/Sw Grandes,909,909,0,,ok,cauda nao publicada: 0 unidades
2005-12,subtotal_sub_segmento,automoveis/Sw Médios,5268,5264,-4,-0.0759,ok,cauda nao publicada: 4 unidades
2005-12,subtotal_sub_segmento,automoveis/Veículos de Entrada,63236,63236,0,,ok,cauda nao publicada: 0 unidades
2005-12,subtotal_sub_segmento,comerciais_leves/Furgões,2689,2369,-320,-11.9003,cauda_truncada,cauda nao publicada: 320 unidades
2005-12,subtotal_sub_segmento,comerciais_leves/Furgões Pequenos,1458,1457,-1,-0.0686,ok,cauda nao publicada: 1 unidades
2005-12,subtotal_sub_segmento,comerciais_leves/Pick-up's Grandes,6514,6514,0,,ok,cauda nao publicada: 0 unidades
2005-12,subtotal_sub_segmento,comerciais_leves/Pick-up's Pequenas,6868,6868,0,,ok,cauda nao publicada: 0 unidades
2005-12,ranking_x_sub_segmento,2005-12,172874,172840,-34,-0.0197,ok,1 modelos divergentes de 76 conferidos; desvio de volume 0.0197%
2005-12,cobertura,automoveis,157913,157526,-387,-0.2451,medido,cobertura=99.75%
2005-12,cobertura,comerciais_leves,17572,17537,-35,-0.1992,medido,cobertura=99.80%
2006-01,mes_declarado,2006-01,,,,,ok,2006-01
2006-01,subtotal_sub_segmento,automoveis/Grandcab,1880,1880,0,,ok,cauda nao publicada: 0 unidades
2006-01,subtotal_sub_segmento,automoveis/Hatch Médios,4420,4420,0,,ok,cauda nao publicada: 0 unidades
2006-01,subtotal_sub_segmento,automoveis/Hatch Pequenos,19181,19181,0,,ok,cauda nao publicada: 0 unidades
2006-01,subtotal_sub_segmento,automoveis/Monocab,6026,6026,0,,ok,cauda nao publicada: 0 unidades
2006-01,subtotal_sub_segmento,automoveis/Sedans Compactos,1507,1507,0,,ok,cauda nao publicada: 0 unidades
2006-01,subtotal_sub_segmento,automoveis/Sedans Grandes,582,582,0,,ok,cauda nao publicada: 0 unidades
2006-01,subtotal_sub_segmento,automoveis/Sedans Pequenos,14875,14875,0,,ok,cauda nao publicada: 0 unidades
2006-01,subtotal_sub_segmento,automoveis/Sedans médios,7664,7664,0,,ok,cauda nao publicada: 0 unidades
2006-01,subtotal_sub_segmento,automoveis/Sports,47,47,0,,ok,cauda nao publicada: 0 unidades
2006-01,subtotal_sub_segmento,automoveis/Suv's,5644,5644,0,,ok,cauda nao publicada: 0 unidades
2006-01,subtotal_sub_segmento,automoveis/Sw Grandes,610,610,0,,ok,cauda nao publicada: 0 unidades
2006-01,subtotal_sub_segmento,automoveis/Sw Médios,3844,3844,0,,ok,cauda nao publicada: 0 unidades
2006-01,subtotal_sub_segmento,automoveis/Veículos de Entrada,46077,46077,0,,ok,cauda nao publicada: 0 unidades
2006-01,subtotal_sub_segmento,comerciais_leves/Furgões,2225,2225,0,,ok,cauda nao publicada: 0 unidades
2006-01,subtotal_sub_segmento,comerciais_leves/Furgões Pequenos,1004,1004,0,,ok,cauda nao publicada: 0 unidades
2006-01,subtotal_sub_segmento,comerciais_leves/Pick-up's Grandes,4418,4418,0,,ok,cauda nao publicada: 0 unidades
2006-01,subtotal_sub_segmento,comerciais_leves/Pick-up's Pequenas,5361,5361,0,,ok,cauda nao publicada: 0 unidades
2006-01,ranking_x_sub_segmento,2006-01,124056,124000,-56,-0.0451,ok,1 modelos divergentes de 75 conferidos; desvio de volume 0.0451%
2006-01,cobertura,automoveis,112655,112357,-298,-0.2645,medido,cobertura=99.74%
2006-01,cobertura,comerciais_leves,13190,13131,-59,-0.4473,medido,cobertura=99.55%
2006-02,mes_declarado,2006-02,,,,,ok,2006-02
2006-02,subtotal_sub_segmento,automoveis/Grandcab,1582,1582,0,,ok,cauda nao publicada: 0 unidades
2006-02,subtotal_sub_segmento,automoveis/Hatch Médios,4138,4138,0,,ok,cauda nao publicada: 0 unidades
2006-02,subtotal_sub_segmento,automoveis/Hatch Pequenos,18049,18049,0,,ok,cauda nao publicada: 0 unidades
2006-02,subtotal_sub_segmento,automoveis/Monocab,6280,6280,0,,ok,cauda nao publicada: 0 unidades
2006-02,subtotal_sub_segmento,automoveis/Sedans Compactos,1420,1420,0,,ok,cauda nao publicada: 0 unidades
2006-02,subtotal_sub_segmento,automoveis/Sedans Grandes,416,416,0,,ok,cauda nao publicada: 0 unidades
2006-02,subtotal_sub_segmento,automoveis/Sedans Pequenos,15020,15020,0,,ok,cauda nao publicada: 0 unidades
2006-02,subtotal_sub_segmento,automoveis/Sedans médios,7552,7552,0,,ok,cauda nao publicada: 0 unidades
2006-02,subtotal_sub_segmento,automoveis/Sports,50,50,0,,ok,cauda nao publicada: 0 unidades
2006-02,subtotal_sub_segmento,automoveis/Suv's,5080,5080,0,,ok,cauda nao publicada: 0 unidades
2006-02,subtotal_sub_segmento,automoveis/Sw Grandes,647,647,0,,ok,cauda nao publicada: 0 unidades
2006-02,subtotal_sub_segmento,automoveis/Sw Médios,4277,4277,0,,ok,cauda nao publicada: 0 unidades
2006-02,subtotal_sub_segmento,automoveis/Veículos de Entrada,43692,43692,0,,ok,cauda nao publicada: 0 unidades
2006-02,subtotal_sub_segmento,comerciais_leves/Furgões,2297,2297,0,,ok,cauda nao publicada: 0 unidades
2006-02,subtotal_sub_segmento,comerciais_leves/Furgões Pequenos,922,922,0,,ok,cauda nao publicada: 0 unidades
2006-02,subtotal_sub_segmento,comerciais_leves/Pick-up's Grandes,3922,3922,0,,ok,cauda nao publicada: 0 unidades
2006-02,subtotal_sub_segmento,comerciais_leves/Pick-up's Pequenas,5751,5751,0,,ok,cauda nao publicada: 0 unidades
2006-02,ranking_x_sub_segmento,2006-02,119908,119883,-25,-0.0208,ok,2 modelos divergentes de 73 conferidos; desvio de volume 0.0208%
2006-02,cobertura,automoveis,108513,108203,-310,-0.2857,medido,cobertura=99.71%
2006-02,cobertura,comerciais_leves,13018,12990,-28,-0.2151,medido,cobertura=99.78%
2006-03,mes_declarado,2006-03,,,,,ok,2006-03
2006-03,subtotal_sub_segmento,automoveis/Grandcab,1691,1691,0,,ok,cauda nao publicada: 0 unidades
2006-03,subtotal_sub_segmento,automoveis/Hatch Médios,4670,4670,0,,ok,cauda nao publicada: 0 unidades
2006-03,subtotal_sub_segmento,automoveis/Hatch Pequenos,21969,21969,0,,ok,cauda nao publicada: 0 unidades
2006-03,subtotal_sub_segmento,automoveis/Monocab,8572,8572,0,,ok,cauda nao publicada: 0 unidades
2006-03,subtotal_sub_segmento,automoveis/Sedans Compactos,1925,1925,0,,ok,cauda nao publicada: 0 unidades
2006-03,subtotal_sub_segmento,automoveis/Sedans Grandes,804,804,0,,ok,cauda nao publicada: 0 unidades
2006-03,subtotal_sub_segmento,automoveis/Sedans Pequenos,18138,18138,0,,ok,cauda nao publicada: 0 unidades
2006-03,subtotal_sub_segmento,automoveis/Sedans médios,8808,8808,0,,ok,cauda nao publicada: 0 unidades
2006-03,subtotal_sub_segmento,automoveis/Sports,58,58,0,,ok,cauda nao publicada: 0 unidades
2006-03,subtotal_sub_segmento,automoveis/Suv's,5978,5978,0,,ok,cauda nao publicada: 0 unidades
2006-03,subtotal_sub_segmento,automoveis/Sw Grandes,805,805,0,,ok,cauda nao publicada: 0 unidades
2006-03,subtotal_sub_segmento,automoveis/Sw Médios,5192,5192,0,,ok,cauda nao publicada: 0 unidades
2006-03,subtotal_sub_segmento,automoveis/Veículos de Entrada,52092,52092,0,,ok,cauda nao publicada: 0 unidades
2006-03,subtotal_sub_segmento,comerciais_leves/Furgões,3040,3040,0,,ok,cauda nao publicada: 0 unidades
2006-03,subtotal_sub_segmento,comerciais_leves/Furgões Pequenos,1338,1338,0,,ok,cauda nao publicada: 0 unidades
2006-03,subtotal_sub_segmento,comerciais_leves/Pick-up's Grandes,5050,5050,0,,ok,cauda nao publicada: 0 unidades
2006-03,subtotal_sub_segmento,comerciais_leves/Pick-up's Pequenas,7625,7625,0,,ok,cauda nao publicada: 0 unidades
2006-03,ranking_x_sub_segmento,2006-03,146225,146195,-30,-0.0205,ok,2 modelos divergentes de 75 conferidos; desvio de volume 0.0205%
2006-03,cobertura,automoveis,130994,130702,-292,-0.2229,medido,cobertura=99.78%
2006-03,cobertura,comerciais_leves,17240,17207,-33,-0.1914,medido,cobertura=99.81%
2006-04,mes_declarado,2006-04,,,,,ok,2006-04
2006-04,subtotal_sub_segmento,automoveis/Grandcab,2217,2217,0,,ok,cauda nao publicada: 0 unidades
2006-04,subtotal_sub_segmento,automoveis/Hatch Médios,4593,4593,0,,ok,cauda nao publicada: 0 unidades
2006-04,subtotal_sub_segmento,automoveis/Hatch Pequenos,16739,16739,0,,ok,cauda nao publicada: 0 unidades
2006-04,subtotal_sub_segmento,automoveis/Monocab,7116,7116,0,,ok,cauda nao publicada: 0 unidades
2006-04,subtotal_sub_segmento,automoveis/Sedans Compactos,2025,2025,0,,ok,cauda nao publicada: 0 unidades
2006-04,subtotal_sub_segmento,automoveis/Sedans Grandes,655,655,0,,ok,cauda nao publicada: 0 unidades
2006-04,subtotal_sub_segmento,automoveis/Sedans Pequenos,14128,14128,0,,ok,cauda nao publicada: 0 unidades
2006-04,subtotal_sub_segmento,automoveis/Sedans médios,8363,8363,0,,ok,cauda nao publicada: 0 unidades
2006-04,subtotal_sub_segmento,automoveis/Sports,69,69,0,,ok,cauda nao publicada: 0 unidades
2006-04,subtotal_sub_segmento,automoveis/Suv's,5409,5409,0,,ok,cauda nao publicada: 0 unidades
2006-04,subtotal_sub_segmento,automoveis/Sw Grandes,758,758,0,,ok,cauda nao publicada: 0 unidades
2006-04,subtotal_sub_segmento,automoveis/Sw Médios,4272,4272,0,,ok,cauda nao publicada: 0 unidades
2006-04,subtotal_sub_segmento,automoveis/Veículos de Entrada,42972,42972,0,,ok,cauda nao publicada: 0 unidades
2006-04,subtotal_sub_segmento,comerciais_leves/Furgões,2289,2289,0,,ok,cauda nao publicada: 0 unidades
2006-04,subtotal_sub_segmento,comerciais_leves/Furgões Pequenos,947,947,0,,ok,cauda nao publicada: 0 unidades
2006-04,subtotal_sub_segmento,comerciais_leves/Pick-up's Grandes,4944,4944,0,,ok,cauda nao publicada: 0 unidades
2006-04,subtotal_sub_segmento,comerciais_leves/Pick-up's Pequenas,6429,6429,0,,ok,cauda nao publicada: 0 unidades
2006-04,ranking_x_sub_segmento,2006-04,121860,121836,-24,-0.0197,ok,2 modelos divergentes de 73 conferidos; desvio de volume 0.0197%
2006-04,cobertura,automoveis,109706,109461,-245,-0.2233,medido,cobertura=99.78%
2006-04,cobertura,comerciais_leves,14755,14730,-25,-0.1694,medido,cobertura=99.83%
2006-05,mes_declarado,2006-05,,,,,ok,2006-05
2006-05,subtotal_sub_segmento,automoveis/Grandcab,2642,2642,0,,ok,cauda nao publicada: 0 unidades
2006-05,subtotal_sub_segmento,automoveis/Hatch Médios,5659,5659,0,,ok,cauda nao publicada: 0 unidades
2006-05,subtotal_sub_segmento,automoveis/Hatch Pequenos,19227,19227,0,,ok,cauda nao publicada: 0 unidades
2006-05,subtotal_sub_segmento,automoveis/Monocab,7540,7540,0,,ok,cauda nao publicada: 0 unidades
2006-05,subtotal_sub_segmento,automoveis/Sedans Compactos,2172,2172,0,,ok,cauda nao publicada: 0 unidades
2006-05,subtotal_sub_segmento,automoveis/Sedans Grandes,718,718,0,,ok,cauda nao publicada: 0 unidades
2006-05,subtotal_sub_segmento,automoveis/Sedans Pequenos,18432,18432,0,,ok,cauda nao publicada: 0 unidades
2006-05,subtotal_sub_segmento,automoveis/Sedans médios,11559,11559,0,,ok,cauda nao publicada: 0 unidades
2006-05,subtotal_sub_segmento,automoveis/Sports,56,56,0,,ok,cauda nao publicada: 0 unidades
2006-05,subtotal_sub_segmento,automoveis/Suv's,6709,6709,0,,ok,cauda nao publicada: 0 unidades
2006-05,subtotal_sub_segmento,automoveis/Sw Grandes,782,782,0,,ok,cauda nao publicada: 0 unidades
2006-05,subtotal_sub_segmento,automoveis/Sw Médios,5697,5697,0,,ok,cauda nao publicada: 0 unidades
2006-05,subtotal_sub_segmento,automoveis/Veículos de Entrada,56460,56460,0,,ok,cauda nao publicada: 0 unidades
2006-05,subtotal_sub_segmento,comerciais_leves/Furgões,2555,2555,0,,ok,cauda nao publicada: 0 unidades
2006-05,subtotal_sub_segmento,comerciais_leves/Furgões Pequenos,1687,1687,0,,ok,cauda nao publicada: 0 unidades
2006-05,subtotal_sub_segmento,comerciais_leves/Pick-up's Grandes,5627,5627,0,,ok,cauda nao publicada: 0 unidades
2006-05,subtotal_sub_segmento,comerciais_leves/Pick-up's Pequenas,7457,7457,0,,ok,cauda nao publicada: 0 unidades
2006-05,ranking_x_sub_segmento,2006-05,152822,152788,-34,-0.0222,ok,2 modelos divergentes de 77 conferidos; desvio de volume 0.0222%
2006-05,cobertura,automoveis,137986,137653,-333,-0.2413,medido,cobertura=99.76%
2006-05,cobertura,comerciais_leves,17534,17498,-36,-0.2053,medido,cobertura=99.79%
2006-06,mes_declarado,2006-06,,,,,ok,2006-06
2006-06,subtotal_sub_segmento,automoveis/Grandcab,1816,1816,0,,ok,cauda nao publicada: 0 unidades
2006-06,subtotal_sub_segmento,automoveis/Hatch Médios,4912,4912,0,,ok,cauda nao publicada: 0 unidades
2006-06,subtotal_sub_segmento,automoveis/Hatch Pequenos,17478,17478,0,,ok,cauda nao publicada: 0 unidades
2006-06,subtotal_sub_segmento,automoveis/Monocab,6650,6650,0,,ok,cauda nao publicada: 0 unidades
2006-06,subtotal_sub_segmento,automoveis/Sedans Compactos,1811,1811,0,,ok,cauda nao publicada: 0 unidades
2006-06,subtotal_sub_segmento,automoveis/Sedans Grandes,530,530,0,,ok,cauda nao publicada: 0 unidades
2006-06,subtotal_sub_segmento,automoveis/Sedans Pequenos,16294,16294,0,,ok,cauda nao publicada: 0 unidades
2006-06,subtotal_sub_segmento,automoveis/Sedans médios,10256,10256,0,,ok,cauda nao publicada: 0 unidades
2006-06,subtotal_sub_segmento,automoveis/Sports,63,63,0,,ok,cauda nao publicada: 0 unidades
2006-06,subtotal_sub_segmento,automoveis/Suv's,5742,5742,0,,ok,cauda nao publicada: 0 unidades
2006-06,subtotal_sub_segmento,automoveis/Sw Grandes,668,668,0,,ok,cauda nao publicada: 0 unidades
2006-06,subtotal_sub_segmento,automoveis/Sw Médios,4978,4978,0,,ok,cauda nao publicada: 0 unidades
2006-06,subtotal_sub_segmento,automoveis/Veículos de Entrada,52912,52912,0,,ok,cauda nao publicada: 0 unidades
2006-06,subtotal_sub_segmento,comerciais_leves/Furgões,2527,2527,0,,ok,cauda nao publicada: 0 unidades
2006-06,subtotal_sub_segmento,comerciais_leves/Furgões Pequenos,1726,1726,0,,ok,cauda nao publicada: 0 unidades
2006-06,subtotal_sub_segmento,comerciais_leves/Pick-up's Grandes,5222,5222,0,,ok,cauda nao publicada: 0 unidades
2006-06,subtotal_sub_segmento,comerciais_leves/Pick-up's Pequenas,6807,6807,0,,ok,cauda nao publicada: 0 unidades
2006-06,ranking_x_sub_segmento,2006-06,138686,138657,-29,-0.0209,ok,2 modelos divergentes de 74 conferidos; desvio de volume 0.0209%
2006-06,cobertura,automoveis,124384,124110,-274,-0.2203,medido,cobertura=99.78%
2006-06,cobertura,comerciais_leves,16480,16450,-30,-0.1820,medido,cobertura=99.82%
2006-07,mes_declarado,2006-07,,,,,ok,2006-07
2006-07,subtotal_sub_segmento,automoveis/Grandcab,1955,1955,0,,ok,cauda nao publicada: 0 unidades
2006-07,subtotal_sub_segmento,automoveis/Hatch Médios,5589,5589,0,,ok,cauda nao publicada: 0 unidades
2006-07,subtotal_sub_segmento,automoveis/Hatch Pequenos,20233,20233,0,,ok,cauda nao publicada: 0 unidades
2006-07,subtotal_sub_segmento,automoveis/Monocab,6692,6692,0,,ok,cauda nao publicada: 0 unidades
2006-07,subtotal_sub_segmento,automoveis/Sedans Compactos,2002,2002,0,,ok,cauda nao publicada: 0 unidades
2006-07,subtotal_sub_segmento,automoveis/Sedans Grandes,564,564,0,,ok,cauda nao publicada: 0 unidades
2006-07,subtotal_sub_segmento,automoveis/Sedans Pequenos,20049,20049,0,,ok,cauda nao publicada: 0 unidades
2006-07,subtotal_sub_segmento,automoveis/Sedans médios,11711,11711,0,,ok,cauda nao publicada: 0 unidades
2006-07,subtotal_sub_segmento,automoveis/Sports,60,60,0,,ok,cauda nao publicada: 0 unidades
2006-07,subtotal_sub_segmento,automoveis/Suv's,6501,6501,0,,ok,cauda nao publicada: 0 unidades
2006-07,subtotal_sub_segmento,automoveis/Sw Grandes,702,702,0,,ok,cauda nao publicada: 0 unidades
2006-07,subtotal_sub_segmento,automoveis/Sw Médios,4998,4998,0,,ok,cauda nao publicada: 0 unidades
2006-07,subtotal_sub_segmento,automoveis/Veículos de Entrada,59725,59725,0,,ok,cauda nao publicada: 0 unidades
2006-07,subtotal_sub_segmento,comerciais_leves/Furgões,2701,2701,0,,ok,cauda nao publicada: 0 unidades
2006-07,subtotal_sub_segmento,comerciais_leves/Furgões Pequenos,1403,1403,0,,ok,cauda nao publicada: 0 unidades
2006-07,subtotal_sub_segmento,comerciais_leves/Pick-up's Grandes,5436,5436,0,,ok,cauda nao publicada: 0 unidades
2006-07,subtotal_sub_segmento,comerciais_leves/Pick-up's Pequenas,7121,7121,0,,ok,cauda nao publicada: 0 unidades
2006-07,ranking_x_sub_segmento,2006-07,155500,155459,-41,-0.0264,ok,3 modelos divergentes de 76 conferidos; desvio de volume 0.0264%
2006-07,cobertura,automoveis,141159,140781,-378,-0.2678,medido,cobertura=99.73%
2006-07,cobertura,comerciais_leves,16894,16850,-44,-0.2604,medido,cobertura=99.74%
2006-08,mes_declarado,2006-08,,,,,ok,2006-08
2006-08,subtotal_sub_segmento,automoveis/Grandcab,1875,1875,0,,ok,cauda nao publicada: 0 unidades
2006-08,subtotal_sub_segmento,automoveis/Hatch Médios,5961,5961,0,,ok,cauda nao publicada: 0 unidades
2006-08,subtotal_sub_segmento,automoveis/Hatch Pequenos,20495,20495,0,,ok,cauda nao publicada: 0 unidades
2006-08,subtotal_sub_segmento,automoveis/Monocab,8077,8077,0,,ok,cauda nao publicada: 0 unidades
2006-08,subtotal_sub_segmento,automoveis/Sedans Compactos,2112,2112,0,,ok,cauda nao publicada: 0 unidades
2006-08,subtotal_sub_segmento,automoveis/Sedans Grandes,608,608,0,,ok,cauda nao publicada: 0 unidades
2006-08,subtotal_sub_segmento,automoveis/Sedans Pequenos,19569,19569,0,,ok,cauda nao publicada: 0 unidades
2006-08,subtotal_sub_segmento,automoveis/Sedans médios,12576,12576,0,,ok,cauda nao publicada: 0 unidades
2006-08,subtotal_sub_segmento,automoveis/Sports,65,65,0,,ok,cauda nao publicada: 0 unidades
2006-08,subtotal_sub_segmento,automoveis/Suv's,6661,6661,0,,ok,cauda nao publicada: 0 unidades
2006-08,subtotal_sub_segmento,automoveis/Sw Grandes,1149,1149,0,,ok,cauda nao publicada: 0 unidades
2006-08,subtotal_sub_segmento,automoveis/Sw Médios,6670,6670,0,,ok,cauda nao publicada: 0 unidades
2006-08,subtotal_sub_segmento,automoveis/Veículos de Entrada,64460,64460,0,,ok,cauda nao publicada: 0 unidades
2006-08,subtotal_sub_segmento,comerciais_leves/Furgões,3264,3264,0,,ok,cauda nao publicada: 0 unidades
2006-08,subtotal_sub_segmento,comerciais_leves/Furgões Pequenos,1540,1540,0,,ok,cauda nao publicada: 0 unidades
2006-08,subtotal_sub_segmento,comerciais_leves/Pick-up's Grandes,6423,6423,0,,ok,cauda nao publicada: 0 unidades
2006-08,subtotal_sub_segmento,comerciais_leves/Pick-up's Pequenas,7785,7785,0,,ok,cauda nao publicada: 0 unidades
2006-08,ranking_x_sub_segmento,2006-08,167527,167480,-47,-0.0281,ok,3 modelos divergentes de 75 conferidos; desvio de volume 0.0281%
2006-08,cobertura,automoveis,150756,150278,-478,-0.3171,medido,cobertura=99.68%
2006-08,cobertura,comerciais_leves,19233,19185,-48,-0.2496,medido,cobertura=99.75%
2006-09,mes_declarado,2006-09,,,,,ok,2006-09
2006-09,subtotal_sub_segmento,automoveis/Grandcab,1999,1999,0,,ok,cauda nao publicada: 0 unidades
2006-09,subtotal_sub_segmento,automoveis/Hatch Médios,5367,5367,0,,ok,cauda nao publicada: 0 unidades
2006-09,subtotal_sub_segmento,automoveis/Hatch Pequenos,17805,17805,0,,ok,cauda nao publicada: 0 unidades
2006-09,subtotal_sub_segmento,automoveis/Monocab,7227,7227,0,,ok,cauda nao publicada: 0 unidades
2006-09,subtotal_sub_segmento,automoveis/Sedans Compactos,1664,1664,0,,ok,cauda nao publicada: 0 unidades
2006-09,subtotal_sub_segmento,automoveis/Sedans Grandes,554,554,0,,ok,cauda nao publicada: 0 unidades
2006-09,subtotal_sub_segmento,automoveis/Sedans Pequenos,18663,18663,0,,ok,cauda nao publicada: 0 unidades
2006-09,subtotal_sub_segmento,automoveis/Sedans médios,10770,10770,0,,ok,cauda nao publicada: 0 unidades
2006-09,subtotal_sub_segmento,automoveis/Sports,55,55,0,,ok,cauda nao publicada: 0 unidades
2006-09,subtotal_sub_segmento,automoveis/Suv's,6039,6039,0,,ok,cauda nao publicada: 0 unidades
2006-09,subtotal_sub_segmento,automoveis/Sw Grandes,775,775,0,,ok,cauda nao publicada: 0 unidades
2006-09,subtotal_sub_segmento,automoveis/Sw Médios,5845,5845,0,,ok,cauda nao publicada: 0 unidades
2006-09,subtotal_sub_segmento,automoveis/Veículos de Entrada,57283,57283,0,,ok,cauda nao publicada: 0 unidades
2006-09,subtotal_sub_segmento,comerciais_leves/Furgões,2820,2820,0,,ok,cauda nao publicada: 0 unidades
2006-09,subtotal_sub_segmento,comerciais_leves/Furgões Pequenos,1302,1302,0,,ok,cauda nao publicada: 0 unidades
2006-09,subtotal_sub_segmento,comerciais_leves/Pick-up's Grandes,5529,5529,0,,ok,cauda nao publicada: 0 unidades
2006-09,subtotal_sub_segmento,comerciais_leves/Pick-up's Pequenas,6756,6756,0,,ok,cauda nao publicada: 0 unidades
2006-09,ranking_x_sub_segmento,2006-09,148576,148546,-30,-0.0202,ok,2 modelos divergentes de 74 conferidos; desvio de volume 0.0202%
2006-09,cobertura,automoveis,134612,134046,-566,-0.4205,medido,cobertura=99.58%
2006-09,cobertura,comerciais_leves,16572,16540,-32,-0.1931,medido,cobertura=99.81%
2006-10,mes_declarado,2006-10,,,,,ok,2006-10
2006-10,subtotal_sub_segmento,automoveis/Grandcab,2191,2191,0,,ok,cauda nao publicada: 0 unidades
2006-10,subtotal_sub_segmento,automoveis/Hatch Médios,6076,6076,0,,ok,cauda nao publicada: 0 unidades
2006-10,subtotal_sub_segmento,automoveis/Hatch Pequenos,19785,19785,0,,ok,cauda nao publicada: 0 unidades
2006-10,subtotal_sub_segmento,automoveis/Monocab,9171,9171,0,,ok,cauda nao publicada: 0 unidades
2006-10,subtotal_sub_segmento,automoveis/Sedans Compactos,2798,2798,0,,ok,cauda nao publicada: 0 unidades
2006-10,subtotal_sub_segmento,automoveis/Sedans Grandes,569,569,0,,ok,cauda nao publicada: 0 unidades
2006-10,subtotal_sub_segmento,automoveis/Sedans Pequenos,20737,20737,0,,ok,cauda nao publicada: 0 unidades
2006-10,subtotal_sub_segmento,automoveis/Sedans médios,11453,11453,0,,ok,cauda nao publicada: 0 unidades
2006-10,subtotal_sub_segmento,automoveis/Sports,42,42,0,,ok,cauda nao publicada: 0 unidades
2006-10,subtotal_sub_segmento,automoveis/Suv's,6778,6778,0,,ok,cauda nao publicada: 0 unidades
2006-10,subtotal_sub_segmento,automoveis/Sw Grandes,759,759,0,,ok,cauda nao publicada: 0 unidades
2006-10,subtotal_sub_segmento,automoveis/Sw Médios,6272,6272,0,,ok,cauda nao publicada: 0 unidades
2006-10,subtotal_sub_segmento,automoveis/Veículos de Entrada,60791,60791,0,,ok,cauda nao publicada: 0 unidades
2006-10,subtotal_sub_segmento,comerciais_leves/Furgões,3149,3149,0,,ok,cauda nao publicada: 0 unidades
2006-10,subtotal_sub_segmento,comerciais_leves/Furgões Pequenos,1602,1602,0,,ok,cauda nao publicada: 0 unidades
2006-10,subtotal_sub_segmento,comerciais_leves/Pick-up's Grandes,5653,5653,0,,ok,cauda nao publicada: 0 unidades
2006-10,subtotal_sub_segmento,comerciais_leves/Pick-up's Pequenas,8010,8010,0,,ok,cauda nao publicada: 0 unidades
2006-10,ranking_x_sub_segmento,2006-10,163389,163357,-32,-0.0196,ok,2 modelos divergentes de 74 conferidos; desvio de volume 0.0196%
2006-10,cobertura,automoveis,148209,147674,-535,-0.3610,medido,cobertura=99.64%
2006-10,cobertura,comerciais_leves,18585,18550,-35,-0.1883,medido,cobertura=99.81%
2006-11,mes_declarado,2006-11,,,,,ok,2006-11
2006-11,subtotal_sub_segmento,automoveis/Grandcab,1931,1931,0,,ok,cauda nao publicada: 0 unidades
2006-11,subtotal_sub_segmento,automoveis/Hatch Médios,6500,6500,0,,ok,cauda nao publicada: 0 unidades
2006-11,subtotal_sub_segmento,automoveis/Hatch Pequenos,20893,20893,0,,ok,cauda nao publicada: 0 unidades
2006-11,subtotal_sub_segmento,automoveis/Monocab,9508,9508,0,,ok,cauda nao publicada: 0 unidades
2006-11,subtotal_sub_segmento,automoveis/Sedans Compactos,3143,3143,0,,ok,cauda nao publicada: 0 unidades
2006-11,subtotal_sub_segmento,automoveis/Sedans Grandes,579,579,0,,ok,cauda nao publicada: 0 unidades
2006-11,subtotal_sub_segmento,automoveis/Sedans Pequenos,23861,23861,0,,ok,cauda nao publicada: 0 unidades
2006-11,subtotal_sub_segmento,automoveis/Sedans médios,11752,11752,0,,ok,cauda nao publicada: 0 unidades
2006-11,subtotal_sub_segmento,automoveis/Sports,75,75,0,,ok,cauda nao publicada: 0 unidades
2006-11,subtotal_sub_segmento,automoveis/Suv's,7537,7537,0,,ok,cauda nao publicada: 0 unidades
2006-11,subtotal_sub_segmento,automoveis/Sw Grandes,874,874,0,,ok,cauda nao publicada: 0 unidades
2006-11,subtotal_sub_segmento,automoveis/Sw Médios,6382,6382,0,,ok,cauda nao publicada: 0 unidades
2006-11,subtotal_sub_segmento,automoveis/Veículos de Entrada,62328,62328,0,,ok,cauda nao publicada: 0 unidades
2006-11,subtotal_sub_segmento,comerciais_leves/Furgões,2943,2943,0,,ok,cauda nao publicada: 0 unidades
2006-11,subtotal_sub_segmento,comerciais_leves/Furgões Pequenos,1133,1133,0,,ok,cauda nao publicada: 0 unidades
2006-11,subtotal_sub_segmento,comerciais_leves/Pick-up's Grandes,6060,6060,0,,ok,cauda nao publicada: 0 unidades
2006-11,subtotal_sub_segmento,comerciais_leves/Pick-up's Pequenas,7630,7630,0,,ok,cauda nao publicada: 0 unidades
2006-11,ranking_x_sub_segmento,2006-11,170773,170749,-24,-0.0141,ok,2 modelos divergentes de 75 conferidos; desvio de volume 0.0141%
2006-11,cobertura,automoveis,156083,155363,-720,-0.4613,medido,cobertura=99.54%
2006-11,cobertura,comerciais_leves,17933,17905,-28,-0.1561,medido,cobertura=99.84%
2006-12,mes_declarado,2006-12,,,,,ok,2006-12
2006-12,subtotal_sub_segmento,automoveis/Grandcab,2364,2364,0,,ok,cauda nao publicada: 0 unidades
2006-12,subtotal_sub_segmento,automoveis/Hatch Médios,7470,7470,0,,ok,cauda nao publicada: 0 unidades
2006-12,subtotal_sub_segmento,automoveis/Hatch Pequenos,25344,25344,0,,ok,cauda nao publicada: 0 unidades
2006-12,subtotal_sub_segmento,automoveis/Monocab,10598,10598,0,,ok,cauda nao publicada: 0 unidades
2006-12,subtotal_sub_segmento,automoveis/Sedans Compactos,3221,3221,0,,ok,cauda nao publicada: 0 unidades
2006-12,subtotal_sub_segmento,automoveis/Sedans Grandes,641,641,0,,ok,cauda nao publicada: 0 unidades
2006-12,subtotal_sub_segmento,automoveis/Sedans Pequenos,27905,27905,0,,ok,cauda nao publicada: 0 unidades
2006-12,subtotal_sub_segmento,automoveis/Sedans médios,13070,13070,0,,ok,cauda nao publicada: 0 unidades
2006-12,subtotal_sub_segmento,automoveis/Sports,60,60,0,,ok,cauda nao publicada: 0 unidades
2006-12,subtotal_sub_segmento,automoveis/Suv's,8772,8772,0,,ok,cauda nao publicada: 0 unidades
2006-12,subtotal_sub_segmento,automoveis/Sw Grandes,1110,1110,0,,ok,cauda nao publicada: 0 unidades
2006-12,subtotal_sub_segmento,automoveis/Sw Médios,7836,7836,0,,ok,cauda nao publicada: 0 unidades
2006-12,subtotal_sub_segmento,automoveis/Veículos de Entrada,67778,67778,0,,ok,cauda nao publicada: 0 unidades
2006-12,subtotal_sub_segmento,comerciais_leves/Furgões,2843,2843,0,,ok,cauda nao publicada: 0 unidades
2006-12,subtotal_sub_segmento,comerciais_leves/Furgões Pequenos,1403,1403,0,,ok,cauda nao publicada: 0 unidades
2006-12,subtotal_sub_segmento,comerciais_leves/Pick-up's Grandes,6570,6570,0,,ok,cauda nao publicada: 0 unidades
2006-12,subtotal_sub_segmento,comerciais_leves/Pick-up's Pequenas,7816,7816,0,,ok,cauda nao publicada: 0 unidades
2006-12,ranking_x_sub_segmento,2006-12,191406,191392,-14,-0.0073,ok,2 modelos divergentes de 75 conferidos; desvio de volume 0.0073%
2006-12,cobertura,automoveis,177142,176496,-646,-0.3647,medido,cobertura=99.64%
2006-12,cobertura,comerciais_leves,18838,18818,-20,-0.1062,medido,cobertura=99.89%
2007-01,mes_declarado,2007-01,,,,,ok,2007-01
2007-01,subtotal_sub_segmento,automoveis/Grandcab,1592,1592,0,,ok,cauda nao publicada: 0 unidades
2007-01,subtotal_sub_segmento,automoveis/Hatch Médios,5722,5722,0,,ok,cauda nao publicada: 0 unidades
2007-01,subtotal_sub_segmento,automoveis/Hatch Pequenos,22067,22067,0,,ok,cauda nao publicada: 0 unidades
2007-01,subtotal_sub_segmento,automoveis/Monocab,5852,5852,0,,ok,cauda nao publicada: 0 unidades
2007-01,subtotal_sub_segmento,automoveis/Sedans Compactos,1654,1654,0,,ok,cauda nao publicada: 0 unidades
2007-01,subtotal_sub_segmento,automoveis/Sedans Grandes,595,595,0,,ok,cauda nao publicada: 0 unidades
2007-01,subtotal_sub_segmento,automoveis/Sedans Pequenos,20715,20715,0,,ok,cauda nao publicada: 0 unidades
2007-01,subtotal_sub_segmento,automoveis/Sedans médios,8697,8697,0,,ok,cauda nao publicada: 0 unidades
2007-01,subtotal_sub_segmento,automoveis/Sports,55,55,0,,ok,cauda nao publicada: 0 unidades
2007-01,subtotal_sub_segmento,automoveis/Suv's,6798,6798,0,,ok,cauda nao publicada: 0 unidades
2007-01,subtotal_sub_segmento,automoveis/Sw Grandes,723,723,0,,ok,cauda nao publicada: 0 unidades
2007-01,subtotal_sub_segmento,automoveis/Sw Médios,6068,6068,0,,ok,cauda nao publicada: 0 unidades
2007-01,subtotal_sub_segmento,automoveis/Veículos de Entrada,48875,48875,0,,ok,cauda nao publicada: 0 unidades
2007-01,subtotal_sub_segmento,comerciais_leves/Furgões,2767,2767,0,,ok,cauda nao publicada: 0 unidades
2007-01,subtotal_sub_segmento,comerciais_leves/Furgões Pequenos,1098,1098,0,,ok,cauda nao publicada: 0 unidades
2007-01,subtotal_sub_segmento,comerciais_leves/Pick-up's Grandes,4332,4332,0,,ok,cauda nao publicada: 0 unidades
2007-01,subtotal_sub_segmento,comerciais_leves/Pick-up's Pequenas,7036,7036,0,,ok,cauda nao publicada: 0 unidades
2007-01,ranking_x_sub_segmento,2007-01,141919,141901,-18,-0.0127,ok,1 modelos divergentes de 75 conferidos; desvio de volume 0.0127%
2007-01,cobertura,automoveis,130045,129413,-632,-0.4860,medido,cobertura=99.51%
2007-01,cobertura,comerciais_leves,15420,15398,-22,-0.1427,medido,cobertura=99.86%
2007-02,mes_declarado,2007-02,,,,,ok,2007-02
2007-02,subtotal_sub_segmento,automoveis/Grandcab,1507,1507,0,,ok,cauda nao publicada: 0 unidades
2007-02,subtotal_sub_segmento,automoveis/Hatch Médios,4087,4087,0,,ok,cauda nao publicada: 0 unidades
2007-02,subtotal_sub_segmento,automoveis/Hatch Pequenos,19609,19609,0,,ok,cauda nao publicada: 0 unidades
2007-02,subtotal_sub_segmento,automoveis/Monocab,6000,6000,0,,ok,cauda nao publicada: 0 unidades
2007-02,subtotal_sub_segmento,automoveis/Sedans Compactos,2388,2388,0,,ok,cauda nao publicada: 0 unidades
2007-02,subtotal_sub_segmento,automoveis/Sedans Grandes,476,476,0,,ok,cauda nao publicada: 0 unidades
2007-02,subtotal_sub_segmento,automoveis/Sedans Pequenos,21024,21024,0,,ok,cauda nao publicada: 0 unidades
2007-02,subtotal_sub_segmento,automoveis/Sedans médios,9200,9200,0,,ok,cauda nao publicada: 0 unidades
2007-02,subtotal_sub_segmento,automoveis/Sports,38,38,0,,ok,cauda nao publicada: 0 unidades
2007-02,subtotal_sub_segmento,automoveis/Suv's,5292,5292,0,,ok,cauda nao publicada: 0 unidades
2007-02,subtotal_sub_segmento,automoveis/Sw Grandes,1014,1014,0,,ok,cauda nao publicada: 0 unidades
2007-02,subtotal_sub_segmento,automoveis/Sw Médios,5437,5437,0,,ok,cauda nao publicada: 0 unidades
2007-02,subtotal_sub_segmento,automoveis/Veículos de Entrada,47267,47267,0,,ok,cauda nao publicada: 0 unidades
2007-02,subtotal_sub_segmento,comerciais_leves/Furgões,2556,2556,0,,ok,cauda nao publicada: 0 unidades
2007-02,subtotal_sub_segmento,comerciais_leves/Furgões Pequenos,1212,1212,0,,ok,cauda nao publicada: 0 unidades
2007-02,subtotal_sub_segmento,comerciais_leves/Pick-up's Grandes,4259,4259,0,,ok,cauda nao publicada: 0 unidades
2007-02,subtotal_sub_segmento,comerciais_leves/Pick-up's Pequenas,7465,7465,0,,ok,cauda nao publicada: 0 unidades
2007-02,ranking_x_sub_segmento,2007-02,136562,136548,-14,-0.0103,ok,1 modelos divergentes de 74 conferidos; desvio de volume 0.0103%
2007-02,cobertura,automoveis,123961,123602,-359,-0.2896,medido,cobertura=99.71%
2007-02,cobertura,comerciais_leves,15658,15641,-17,-0.1086,medido,cobertura=99.89%
2007-03,mes_declarado,2007-03,,,,,ok,2007-03
2007-03,subtotal_sub_segmento,automoveis/Grandcab,1840,1840,0,,ok,cauda nao publicada: 0 unidades
2007-03,subtotal_sub_segmento,automoveis/Hatch Médios,5713,5713,0,,ok,cauda nao publicada: 0 unidades
2007-03,subtotal_sub_segmento,automoveis/Hatch Pequenos,23954,23954,0,,ok,cauda nao publicada: 0 unidades
2007-03,subtotal_sub_segmento,automoveis/Monocab,8555,8555,0,,ok,cauda nao publicada: 0 unidades
2007-03,subtotal_sub_segmento,automoveis/Sedans Compactos,3616,3616,0,,ok,cauda nao publicada: 0 unidades
2007-03,subtotal_sub_segmento,automoveis/Sedans Grandes,599,599,0,,ok,cauda nao publicada: 0 unidades
2007-03,subtotal_sub_segmento,automoveis/Sedans Pequenos,25985,25985,0,,ok,cauda nao publicada: 0 unidades
2007-03,subtotal_sub_segmento,automoveis/Sedans médios,13621,13621,0,,ok,cauda nao publicada: 0 unidades
2007-03,subtotal_sub_segmento,automoveis/Sports,72,72,0,,ok,cauda nao publicada: 0 unidades
2007-03,subtotal_sub_segmento,automoveis/Suv's,6755,6755,0,,ok,cauda nao publicada: 0 unidades
2007-03,subtotal_sub_segmento,automoveis/Sw Grandes,1367,1367,0,,ok,cauda nao publicada: 0 unidades
2007-03,subtotal_sub_segmento,automoveis/Sw Médios,6685,6685,0,,ok,cauda nao publicada: 0 unidades
2007-03,subtotal_sub_segmento,automoveis/Veículos de Entrada,62876,62876,0,,ok,cauda nao publicada: 0 unidades
2007-03,subtotal_sub_segmento,comerciais_leves/Furgões,3526,3526,0,,ok,cauda nao publicada: 0 unidades
2007-03,subtotal_sub_segmento,comerciais_leves/Furgões Pequenos,1856,1856,0,,ok,cauda nao publicada: 0 unidades
2007-03,subtotal_sub_segmento,comerciais_leves/Pick-up's Grandes,6295,6295,0,,ok,cauda nao publicada: 0 unidades
2007-03,subtotal_sub_segmento,comerciais_leves/Pick-up's Pequenas,9593,9593,0,,ok,cauda nao publicada: 0 unidades
2007-03,ranking_x_sub_segmento,2007-03,179946,179936,-10,-0.0056,ok,1 modelos divergentes de 75 conferidos; desvio de volume 0.0056%
2007-03,cobertura,automoveis,162294,161638,-656,-0.4042,medido,cobertura=99.60%
2007-03,cobertura,comerciais_leves,21469,21458,-11,-0.0512,medido,cobertura=99.95%
2007-04,mes_declarado,2007-04,,,,,ok,2007-04
2007-04,subtotal_sub_segmento,automoveis/Grandcab,1931,1931,0,,ok,cauda nao publicada: 0 unidades
2007-04,subtotal_sub_segmento,automoveis/Hatch Médios,5804,5804,0,,ok,cauda nao publicada: 0 unidades
2007-04,subtotal_sub_segmento,automoveis/Hatch Pequenos,20958,20958,0,,ok,cauda nao publicada: 0 unidades
2007-04,subtotal_sub_segmento,automoveis/Monocab,6708,6708,0,,ok,cauda nao publicada: 0 unidades
2007-04,subtotal_sub_segmento,automoveis/Sedans Compactos,2873,2873,0,,ok,cauda nao publicada: 0 unidades
2007-04,subtotal_sub_segmento,automoveis/Sedans Grandes,573,573,0,,ok,cauda nao publicada: 0 unidades
2007-04,subtotal_sub_segmento,automoveis/Sedans Pequenos,23901,23901,0,,ok,cauda nao publicada: 0 unidades
2007-04,subtotal_sub_segmento,automoveis/Sedans médios,13466,13466,0,,ok,cauda nao publicada: 0 unidades
2007-04,subtotal_sub_segmento,automoveis/Sports,73,73,0,,ok,cauda nao publicada: 0 unidades
2007-04,subtotal_sub_segmento,automoveis/Suv's,7271,7271,0,,ok,cauda nao publicada: 0 unidades
2007-04,subtotal_sub_segmento,automoveis/Sw Grandes,1615,1615,0,,ok,cauda nao publicada: 0 unidades
2007-04,subtotal_sub_segmento,automoveis/Sw Médios,5688,5688,0,,ok,cauda nao publicada: 0 unidades
2007-04,subtotal_sub_segmento,automoveis/Veículos de Entrada,59696,59696,0,,ok,cauda nao publicada: 0 unidades
2007-04,subtotal_sub_segmento,comerciais_leves/Furgões,3107,3107,0,,ok,cauda nao publicada: 0 unidades
2007-04,subtotal_sub_segmento,comerciais_leves/Furgões Pequenos,1437,1437,0,,ok,cauda nao publicada: 0 unidades
2007-04,subtotal_sub_segmento,comerciais_leves/Pick-up's Grandes,5310,5310,0,,ok,cauda nao publicada: 0 unidades
2007-04,subtotal_sub_segmento,comerciais_leves/Pick-up's Pequenas,8661,8661,0,,ok,cauda nao publicada: 0 unidades
2007-04,ranking_x_sub_segmento,2007-04,165694,165666,-28,-0.0169,ok,1 modelos divergentes de 75 conferidos; desvio de volume 0.0169%
2007-04,cobertura,automoveis,151247,150557,-690,-0.4562,medido,cobertura=99.54%
2007-04,cobertura,comerciais_leves,18795,18764,-31,-0.1649,medido,cobertura=99.84%
2007-05,mes_declarado,2007-05,,,,,ok,2007-05
2007-05,subtotal_sub_segmento,automoveis/Grandcab,2114,2114,0,,ok,cauda nao publicada: 0 unidades
2007-05,subtotal_sub_segmento,automoveis/Hatch Médios,7890,7890,0,,ok,cauda nao publicada: 0 unidades
2007-05,subtotal_sub_segmento,automoveis/Hatch Pequenos,23641,23641,0,,ok,cauda nao publicada: 0 unidades
2007-05,subtotal_sub_segmento,automoveis/Monocab,8508,8508,0,,ok,cauda nao publicada: 0 unidades
2007-05,subtotal_sub_segmento,automoveis/Sedans Compactos,3379,3379,0,,ok,cauda nao publicada: 0 unidades
2007-05,subtotal_sub_segmento,automoveis/Sedans Grandes,584,584,0,,ok,cauda nao publicada: 0 unidades
2007-05,subtotal_sub_segmento,automoveis/Sedans Pequenos,26940,26940,0,,ok,cauda nao publicada: 0 unidades
2007-05,subtotal_sub_segmento,automoveis/Sedans médios,14675,14675,0,,ok,cauda nao publicada: 0 unidades
2007-05,subtotal_sub_segmento,automoveis/Sports,76,76,0,,ok,cauda nao publicada: 0 unidades
2007-05,subtotal_sub_segmento,automoveis/Suv's,9200,9200,0,,ok,cauda nao publicada: 0 unidades
2007-05,subtotal_sub_segmento,automoveis/Sw Grandes,1433,1433,0,,ok,cauda nao publicada: 0 unidades
2007-05,subtotal_sub_segmento,automoveis/Sw Médios,6231,6231,0,,ok,cauda nao publicada: 0 unidades
2007-05,subtotal_sub_segmento,automoveis/Veículos de Entrada,74555,74555,0,,ok,cauda nao publicada: 0 unidades
2007-05,subtotal_sub_segmento,comerciais_leves/Furgões,3288,3288,0,,ok,cauda nao publicada: 0 unidades
2007-05,subtotal_sub_segmento,comerciais_leves/Furgões Pequenos,1626,1626,0,,ok,cauda nao publicada: 0 unidades
2007-05,subtotal_sub_segmento,comerciais_leves/Pick-up's Grandes,5882,5882,0,,ok,cauda nao publicada: 0 unidades
2007-05,subtotal_sub_segmento,comerciais_leves/Pick-up's Pequenas,8960,8960,0,,ok,cauda nao publicada: 0 unidades
2007-05,ranking_x_sub_segmento,2007-05,194948,194927,-21,-0.0108,ok,1 modelos divergentes de 76 conferidos; desvio de volume 0.0108%
2007-05,cobertura,automoveis,180258,179226,-1032,-0.5725,medido,cobertura=99.43%
2007-05,cobertura,comerciais_leves,20041,20014,-27,-0.1347,medido,cobertura=99.87%
2007-06,mes_declarado,2007-06,,,,,ok,2007-06
2007-06,subtotal_sub_segmento,automoveis/Grandcab,2037,2037,0,,ok,cauda nao publicada: 0 unidades
2007-06,subtotal_sub_segmento,automoveis/Hatch Médios,7247,7247,0,,ok,cauda nao publicada: 0 unidades
2007-06,subtotal_sub_segmento,automoveis/Hatch Pequenos,20521,20521,0,,ok,cauda nao publicada: 0 unidades
2007-06,subtotal_sub_segmento,automoveis/Monocab,8407,8407,0,,ok,cauda nao publicada: 0 unidades
2007-06,subtotal_sub_segmento,automoveis/Sedans Compactos,3371,3371,0,,ok,cauda nao publicada: 0 unidades
2007-06,subtotal_sub_segmento,automoveis/Sedans Grandes,653,653,0,,ok,cauda nao publicada: 0 unidades
2007-06,subtotal_sub_segmento,automoveis/Sedans Pequenos,25482,25482,0,,ok,cauda nao publicada: 0 unidades
2007-06,subtotal_sub_segmento,automoveis/Sedans médios,13505,13505,0,,ok,cauda nao publicada: 0 unidades
2007-06,subtotal_sub_segmento,automoveis/Sports,82,82,0,,ok,cauda nao publicada: 0 unidades
2007-06,subtotal_sub_segmento,automoveis/Suv's,8378,8378,0,,ok,cauda nao publicada: 0 unidades
2007-06,subtotal_sub_segmento,automoveis/Sw Grandes,1280,1280,0,,ok,cauda nao publicada: 0 unidades
2007-06,subtotal_sub_segmento,automoveis/Sw Médios,6774,6774,0,,ok,cauda nao publicada: 0 unidades
2007-06,subtotal_sub_segmento,automoveis/Veículos de Entrada,70747,70747,0,,ok,cauda nao publicada: 0 unidades
2007-06,subtotal_sub_segmento,comerciais_leves/Furgões,3548,3548,0,,ok,cauda nao publicada: 0 unidades
2007-06,subtotal_sub_segmento,comerciais_leves/Furgões Pequenos,1601,1601,0,,ok,cauda nao publicada: 0 unidades
2007-06,subtotal_sub_segmento,comerciais_leves/Pick-up's Grandes,5497,5497,0,,ok,cauda nao publicada: 0 unidades
2007-06,subtotal_sub_segmento,comerciais_leves/Pick-up's Pequenas,8518,8518,0,,ok,cauda nao publicada: 0 unidades
2007-06,ranking_x_sub_segmento,2007-06,183647,183642,-5,-0.0027,ok,1 modelos divergentes de 73 conferidos; desvio de volume 0.0027%
2007-06,cobertura,automoveis,169429,168484,-945,-0.5578,medido,cobertura=99.44%
2007-06,cobertura,comerciais_leves,19348,19341,-7,-0.0362,medido,cobertura=99.96%
2007-07,mes_declarado,2007-07,,,,,ok,2007-07
2007-07,subtotal_sub_segmento,automoveis/Grandcab,2422,2422,0,,ok,cauda nao publicada: 0 unidades
2007-07,subtotal_sub_segmento,automoveis/Hatch Médios,7921,7921,0,,ok,cauda nao publicada: 0 unidades
2007-07,subtotal_sub_segmento,automoveis/Hatch Pequenos,25105,25105,0,,ok,cauda nao publicada: 0 unidades
2007-07,subtotal_sub_segmento,automoveis/Monocab,8355,8355,0,,ok,cauda nao publicada: 0 unidades
2007-07,subtotal_sub_segmento,automoveis/Sedans Compactos,2928,2928,0,,ok,cauda nao publicada: 0 unidades
2007-07,subtotal_sub_segmento,automoveis/Sedans Grandes,536,536,0,,ok,cauda nao publicada: 0 unidades
2007-07,subtotal_sub_segmento,automoveis/Sedans Pequenos,28930,28930,0,,ok,cauda nao publicada: 0 unidades
2007-07,subtotal_sub_segmento,automoveis/Sedans médios,12741,12741,0,,ok,cauda nao publicada: 0 unidades
2007-07,subtotal_sub_segmento,automoveis/Sports,80,80,0,,ok,cauda nao publicada: 0 unidades
2007-07,subtotal_sub_segmento,automoveis/Suv's,8886,8886,0,,ok,cauda nao publicada: 0 unidades
2007-07,subtotal_sub_segmento,automoveis/Sw Grandes,1564,1564,0,,ok,cauda nao publicada: 0 unidades
2007-07,subtotal_sub_segmento,automoveis/Sw Médios,7603,7603,0,,ok,cauda nao publicada: 0 unidades
2007-07,subtotal_sub_segmento,automoveis/Veículos de Entrada,76477,76477,0,,ok,cauda nao publicada: 0 unidades
2007-07,subtotal_sub_segmento,comerciais_leves/Furgões,3638,3638,0,,ok,cauda nao publicada: 0 unidades
2007-07,subtotal_sub_segmento,comerciais_leves/Furgões Pequenos,1445,1445,0,,ok,cauda nao publicada: 0 unidades
2007-07,subtotal_sub_segmento,comerciais_leves/Pick-up's Grandes,5713,5713,0,,ok,cauda nao publicada: 0 unidades
2007-07,subtotal_sub_segmento,comerciais_leves/Pick-up's Pequenas,11121,11121,0,,ok,cauda nao publicada: 0 unidades
2007-07,ranking_x_sub_segmento,2007-07,200698,200696,-2,-0.0010,ok,2 modelos divergentes de 73 conferidos; desvio de volume 0.0010%
2007-07,cobertura,automoveis,184227,183548,-679,-0.3686,medido,cobertura=99.63%
2007-07,cobertura,comerciais_leves,22105,22101,-4,-0.0181,medido,cobertura=99.98%
2007-08,mes_declarado,2007-08,,,,,ok,2007-08
2007-08,subtotal_sub_segmento,automoveis/Grandcab,2675,2675,0,,ok,cauda nao publicada: 0 unidades
2007-08,subtotal_sub_segmento,automoveis/Hatch Médios,8687,8687,0,,ok,cauda nao publicada: 0 unidades
2007-08,subtotal_sub_segmento,automoveis/Hatch Pequenos,29577,29577,0,,ok,cauda nao publicada: 0 unidades
2007-08,subtotal_sub_segmento,automoveis/Monocab,8955,8955,0,,ok,cauda nao publicada: 0 unidades
2007-08,subtotal_sub_segmento,automoveis/Sedans Compactos,3451,3451,0,,ok,cauda nao publicada: 0 unidades
2007-08,subtotal_sub_segmento,automoveis/Sedans Grandes,610,610,0,,ok,cauda nao publicada: 0 unidades
2007-08,subtotal_sub_segmento,automoveis/Sedans Pequenos,32374,32374,0,,ok,cauda nao publicada: 0 unidades
2007-08,subtotal_sub_segmento,automoveis/Sedans médios,14435,14435,0,,ok,cauda nao publicada: 0 unidades
2007-08,subtotal_sub_segmento,automoveis/Sports,71,71,0,,ok,cauda nao publicada: 0 unidades
2007-08,subtotal_sub_segmento,automoveis/Suv's,10735,10735,0,,ok,cauda nao publicada: 0 unidades
2007-08,subtotal_sub_segmento,automoveis/Sw Grandes,1834,1834,0,,ok,cauda nao publicada: 0 unidades
2007-08,subtotal_sub_segmento,automoveis/Sw Médios,6891,6891,0,,ok,cauda nao publicada: 0 unidades
2007-08,subtotal_sub_segmento,automoveis/Veículos de Entrada,76464,76464,0,,ok,cauda nao publicada: 0 unidades
2007-08,subtotal_sub_segmento,comerciais_leves/Furgões,4171,4171,0,,ok,cauda nao publicada: 0 unidades
2007-08,subtotal_sub_segmento,comerciais_leves/Furgões Pequenos,1805,1805,0,,ok,cauda nao publicada: 0 unidades
2007-08,subtotal_sub_segmento,comerciais_leves/Pick-up's Grandes,6701,6701,0,,ok,cauda nao publicada: 0 unidades
2007-08,subtotal_sub_segmento,comerciais_leves/Pick-up's Pequenas,12517,12517,0,,ok,cauda nao publicada: 0 unidades
2007-08,ranking_x_sub_segmento,2007-08,216027,216026,-1,-0.0005,ok,1 modelos divergentes de 72 conferidos; desvio de volume 0.0005%
2007-08,cobertura,automoveis,198511,197486,-1025,-0.5163,medido,cobertura=99.48%
2007-08,cobertura,comerciais_leves,25395,25391,-4,-0.0158,medido,cobertura=99.98%
2007-09,mes_declarado,2007-09,,,,,ok,2007-09
2007-09,subtotal_sub_segmento,automoveis/Grandcab,2386,2386,0,,ok,cauda nao publicada: 0 unidades
2007-09,subtotal_sub_segmento,automoveis/Hatch Médios,8687,8687,0,,ok,cauda nao publicada: 0 unidades
2007-09,subtotal_sub_segmento,automoveis/Hatch Pequenos,24544,24544,0,,ok,cauda nao publicada: 0 unidades
2007-09,subtotal_sub_segmento,automoveis/Monocab,8246,8246,0,,ok,cauda nao publicada: 0 unidades
2007-09,subtotal_sub_segmento,automoveis/Sedans Compactos,2857,2857,0,,ok,cauda nao publicada: 0 unidades
2007-09,subtotal_sub_segmento,automoveis/Sedans Grandes,559,559,0,,ok,cauda nao publicada: 0 unidades
2007-09,subtotal_sub_segmento,automoveis/Sedans Pequenos,27743,27743,0,,ok,cauda nao publicada: 0 unidades
2007-09,subtotal_sub_segmento,automoveis/Sedans médios,14150,14150,0,,ok,cauda nao publicada: 0 unidades
2007-09,subtotal_sub_segmento,automoveis/Sports,75,75,0,,ok,cauda nao publicada: 0 unidades
2007-09,subtotal_sub_segmento,automoveis/Suv's,9656,9656,0,,ok,cauda nao publicada: 0 unidades
2007-09,subtotal_sub_segmento,automoveis/Sw Grandes,1210,1210,0,,ok,cauda nao publicada: 0 unidades
2007-09,subtotal_sub_segmento,automoveis/Sw Médios,6047,6047,0,,ok,cauda nao publicada: 0 unidades
2007-09,subtotal_sub_segmento,automoveis/Veículos de Entrada,64522,64522,0,,ok,cauda nao publicada: 0 unidades
2007-09,subtotal_sub_segmento,comerciais_leves/Furgões,3412,3412,0,,ok,cauda nao publicada: 0 unidades
2007-09,subtotal_sub_segmento,comerciais_leves/Furgões Pequenos,1605,1605,0,,ok,cauda nao publicada: 0 unidades
2007-09,subtotal_sub_segmento,comerciais_leves/Pick-up's Grandes,6117,6117,0,,ok,cauda nao publicada: 0 unidades
2007-09,subtotal_sub_segmento,comerciais_leves/Pick-up's Pequenas,9989,9989,0,,ok,cauda nao publicada: 0 unidades
2007-09,ranking_x_sub_segmento,2007-09,185356,185354,-2,-0.0011,ok,1 modelos divergentes de 74 conferidos; desvio de volume 0.0011%
2007-09,cobertura,automoveis,172738,171567,-1171,-0.6779,medido,cobertura=99.32%
2007-09,cobertura,comerciais_leves,21360,21353,-7,-0.0328,medido,cobertura=99.97%
2007-10,mes_declarado,2007-10,,,,,ok,2007-10
2007-10,subtotal_sub_segmento,automoveis/Grandcab,2463,2463,0,,ok,cauda nao publicada: 0 unidades
2007-10,subtotal_sub_segmento,automoveis/Hatch Médios,11071,11071,0,,ok,cauda nao publicada: 0 unidades
2007-10,subtotal_sub_segmento,automoveis/Hatch Pequenos,27115,27115,0,,ok,cauda nao publicada: 0 unidades
2007-10,subtotal_sub_segmento,automoveis/Monocab,9684,9684,0,,ok,cauda nao publicada: 0 unidades
2007-10,subtotal_sub_segmento,automoveis/Sedans Compactos,3548,3548,0,,ok,cauda nao publicada: 0 unidades
2007-10,subtotal_sub_segmento,automoveis/Sedans Grandes,639,639,0,,ok,cauda nao publicada: 0 unidades
2007-10,subtotal_sub_segmento,automoveis/Sedans Pequenos,31992,31992,0,,ok,cauda nao publicada: 0 unidades
2007-10,subtotal_sub_segmento,automoveis/Sedans médios,19484,19484,0,,ok,cauda nao publicada: 0 unidades
2007-10,subtotal_sub_segmento,automoveis/Sports,102,102,0,,ok,cauda nao publicada: 0 unidades
2007-10,subtotal_sub_segmento,automoveis/Suv's,11824,11824,0,,ok,cauda nao publicada: 0 unidades
2007-10,subtotal_sub_segmento,automoveis/Sw Grandes,1432,1432,0,,ok,cauda nao publicada: 0 unidades
2007-10,subtotal_sub_segmento,automoveis/Sw Médios,7252,7252,0,,ok,cauda nao publicada: 0 unidades
2007-10,subtotal_sub_segmento,automoveis/Veículos de Entrada,77337,77337,0,,ok,cauda nao publicada: 0 unidades
2007-10,subtotal_sub_segmento,comerciais_leves/Furgões,4211,4211,0,,ok,cauda nao publicada: 0 unidades
2007-10,subtotal_sub_segmento,comerciais_leves/Furgões Pequenos,2191,2191,0,,ok,cauda nao publicada: 0 unidades
2007-10,subtotal_sub_segmento,comerciais_leves/Pick-up's Grandes,7539,7539,0,,ok,cauda nao publicada: 0 unidades
2007-10,subtotal_sub_segmento,comerciais_leves/Pick-up's Pequenas,11945,11945,0,,ok,cauda nao publicada: 0 unidades
2007-10,ranking_x_sub_segmento,2007-10,222132,222127,-5,-0.0023,ok,3 modelos divergentes de 75 conferidos; desvio de volume 0.0023%
2007-10,cobertura,automoveis,206380,205076,-1304,-0.6318,medido,cobertura=99.37%
2007-10,cobertura,comerciais_leves,26128,26118,-10,-0.0383,medido,cobertura=99.96%
2007-11,mes_declarado,2007-11,,,,,ok,2007-11
2007-11,subtotal_sub_segmento,automoveis/Grandcab,2279,2279,0,,ok,cauda nao publicada: 0 unidades
2007-11,subtotal_sub_segmento,automoveis/Hatch Médios,10161,10161,0,,ok,cauda nao publicada: 0 unidades
2007-11,subtotal_sub_segmento,automoveis/Hatch Pequenos,26919,26919,0,,ok,cauda nao publicada: 0 unidades
2007-11,subtotal_sub_segmento,automoveis/Monocab,9121,9121,0,,ok,cauda nao publicada: 0 unidades
2007-11,subtotal_sub_segmento,automoveis/Sedans Compactos,3809,3809,0,,ok,cauda nao publicada: 0 unidades
2007-11,subtotal_sub_segmento,automoveis/Sedans Grandes,502,502,0,,ok,cauda nao publicada: 0 unidades
2007-11,subtotal_sub_segmento,automoveis/Sedans Pequenos,32469,32469,0,,ok,cauda nao publicada: 0 unidades
2007-11,subtotal_sub_segmento,automoveis/Sedans médios,17536,17536,0,,ok,cauda nao publicada: 0 unidades
2007-11,subtotal_sub_segmento,automoveis/Sports,93,93,0,,ok,cauda nao publicada: 0 unidades
2007-11,subtotal_sub_segmento,automoveis/Suv's,12234,12234,0,,ok,cauda nao publicada: 0 unidades
2007-11,subtotal_sub_segmento,automoveis/Sw Grandes,1403,1403,0,,ok,cauda nao publicada: 0 unidades
2007-11,subtotal_sub_segmento,automoveis/Sw Médios,7622,7622,0,,ok,cauda nao publicada: 0 unidades
2007-11,subtotal_sub_segmento,automoveis/Veículos de Entrada,74269,74269,0,,ok,cauda nao publicada: 0 unidades
2007-11,subtotal_sub_segmento,comerciais_leves/Furgões,3895,3895,0,,ok,cauda nao publicada: 0 unidades
2007-11,subtotal_sub_segmento,comerciais_leves/Furgões Pequenos,2025,2025,0,,ok,cauda nao publicada: 0 unidades
2007-11,subtotal_sub_segmento,comerciais_leves/Pick-up's Grandes,7289,7289,0,,ok,cauda nao publicada: 0 unidades
2007-11,subtotal_sub_segmento,comerciais_leves/Pick-up's Pequenas,11421,11421,0,,ok,cauda nao publicada: 0 unidades
2007-11,ranking_x_sub_segmento,2007-11,216043,216043,0,,ok,0 modelos divergentes de 73 conferidos; desvio de volume 0.0000%
2007-11,cobertura,automoveis,200820,199527,-1293,-0.6439,medido,cobertura=99.36%
2007-11,cobertura,comerciais_leves,24925,24921,-4,-0.0160,medido,cobertura=99.98%
2007-12,mes_declarado,2007-12,,,,,ok,2007-12
2007-12,subtotal_sub_segmento,automoveis/Grandcab,2458,2458,0,,ok,cauda nao publicada: 0 unidades
2007-12,subtotal_sub_segmento,automoveis/Hatch Médios,10767,10767,0,,ok,cauda nao publicada: 0 unidades
2007-12,subtotal_sub_segmento,automoveis/Hatch Pequenos,27924,27924,0,,ok,cauda nao publicada: 0 unidades
2007-12,subtotal_sub_segmento,automoveis/Monocab,9627,9627,0,,ok,cauda nao publicada: 0 unidades
2007-12,subtotal_sub_segmento,automoveis/Sedans Compactos,3716,3716,0,,ok,cauda nao publicada: 0 unidades
2007-12,subtotal_sub_segmento,automoveis/Sedans Grandes,529,529,0,,ok,cauda nao publicada: 0 unidades
2007-12,subtotal_sub_segmento,automoveis/Sedans Pequenos,33458,33458,0,,ok,cauda nao publicada: 0 unidades
2007-12,subtotal_sub_segmento,automoveis/Sedans médios,17738,17738,0,,ok,cauda nao publicada: 0 unidades
2007-12,subtotal_sub_segmento,automoveis/Sports,120,120,0,,ok,cauda nao publicada: 0 unidades
2007-12,subtotal_sub_segmento,automoveis/Suv's,13051,13051,0,,ok,cauda nao publicada: 0 unidades
2007-12,subtotal_sub_segmento,automoveis/Sw Grandes,1425,1425,0,,ok,cauda nao publicada: 0 unidades
2007-12,subtotal_sub_segmento,automoveis/Sw Médios,7600,7600,0,,ok,cauda nao publicada: 0 unidades
2007-12,subtotal_sub_segmento,automoveis/Veículos de Entrada,74579,74579,0,,ok,cauda nao publicada: 0 unidades
2007-12,subtotal_sub_segmento,comerciais_leves/Furgões,3995,3995,0,,ok,cauda nao publicada: 0 unidades
2007-12,subtotal_sub_segmento,comerciais_leves/Furgões Pequenos,2192,2192,0,,ok,cauda nao publicada: 0 unidades
2007-12,subtotal_sub_segmento,comerciais_leves/Pick-up's Grandes,8881,8881,0,,ok,cauda nao publicada: 0 unidades
2007-12,subtotal_sub_segmento,comerciais_leves/Pick-up's Pequenas,10486,10486,0,,ok,cauda nao publicada: 0 unidades
2007-12,ranking_x_sub_segmento,2007-12,221126,221119,-7,-0.0032,ok,1 modelos divergentes de 74 conferidos; desvio de volume 0.0032%
2007-12,cobertura,automoveis,205475,204150,-1325,-0.6448,medido,cobertura=99.36%
2007-12,cobertura,comerciais_leves,25835,25827,-8,-0.0310,medido,cobertura=99.97%
2008-01,mes_declarado,2008-01,,,,,ok,2008-01
2008-01,subtotal_sub_segmento,automoveis/Grandcab,2178,2178,0,,ok,cauda nao publicada: 0 unidades
2008-01,subtotal_sub_segmento,automoveis/Hatch Médios,10113,10113,0,,ok,cauda nao publicada: 0 unidades
2008-01,subtotal_sub_segmento,automoveis/Hatch Pequenos,26047,14885,-11162,-42.8533,cauda_truncada,cauda nao publicada: 11162 unidades
2008-01,subtotal_sub_segmento,automoveis/Monocab,8047,8047,0,,ok,cauda nao publicada: 0 unidades
2008-01,subtotal_sub_segmento,automoveis/Sedans Compactos,3259,3259,0,,ok,cauda nao publicada: 0 unidades
2008-01,subtotal_sub_segmento,automoveis/Sedans Grandes,669,669,0,,ok,cauda nao publicada: 0 unidades
2008-01,subtotal_sub_segmento,automoveis/Sedans Pequenos,29904,29904,0,,ok,cauda nao publicada: 0 unidades
2008-01,subtotal_sub_segmento,automoveis/Sedans médios,14646,14646,0,,ok,cauda nao publicada: 0 unidades
2008-01,subtotal_sub_segmento,automoveis/Sports,86,86,0,,ok,cauda nao publicada: 0 unidades
2008-01,subtotal_sub_segmento,automoveis/Suv's,10811,10811,0,,ok,cauda nao publicada: 0 unidades
2008-01,subtotal_sub_segmento,automoveis/Sw Grandes,1043,1043,0,,ok,cauda nao publicada: 0 unidades
2008-01,subtotal_sub_segmento,automoveis/Sw Médios,6452,6452,0,,ok,cauda nao publicada: 0 unidades
2008-01,subtotal_sub_segmento,automoveis/Veículos de Entrada,65513,65513,0,,ok,cauda nao publicada: 0 unidades
2008-01,subtotal_sub_segmento,comerciais_leves/Furgões,4601,4601,0,,ok,cauda nao publicada: 0 unidades
2008-01,subtotal_sub_segmento,comerciais_leves/Furgões Pequenos,1739,1739,0,,ok,cauda nao publicada: 0 unidades
2008-01,subtotal_sub_segmento,comerciais_leves/Pick-up's Grandes,7576,7576,0,,ok,cauda nao publicada: 0 unidades
2008-01,subtotal_sub_segmento,comerciais_leves/Pick-up's Pequenas,10826,10826,0,,ok,cauda nao publicada: 0 unidades
2008-01,ranking_x_sub_segmento,2008-01,186123,186122,-1,-0.0005,ok,1 modelos divergentes de 74 conferidos; desvio de volume 0.0005%
2008-01,cobertura,automoveis,180331,178768,-1563,-0.8667,medido,cobertura=99.13%
2008-01,cobertura,comerciais_leves,25115,25112,-3,-0.0119,medido,cobertura=99.99%
2008-02,mes_declarado,2008-02,,,,,ok,2008-02
2008-02,subtotal_sub_segmento,automoveis/Grandcab,1855,1855,0,,ok,cauda nao publicada: 0 unidades
2008-02,subtotal_sub_segmento,automoveis/Hatch Médios,9107,9107,0,,ok,cauda nao publicada: 0 unidades
2008-02,subtotal_sub_segmento,automoveis/Hatch Pequenos,21576,21576,0,,ok,cauda nao publicada: 0 unidades
2008-02,subtotal_sub_segmento,automoveis/Monocab,8364,8364,0,,ok,cauda nao publicada: 0 unidades
2008-02,subtotal_sub_segmento,automoveis/Sedans Compactos,2901,2901,0,,ok,cauda nao publicada: 0 unidades
2008-02,subtotal_sub_segmento,automoveis/Sedans Grandes,712,712,0,,ok,cauda nao publicada: 0 unidades
2008-02,subtotal_sub_segmento,automoveis/Sedans Pequenos,27266,27266,0,,ok,cauda nao publicada: 0 unidades
2008-02,subtotal_sub_segmento,automoveis/Sedans médios,13039,13039,0,,ok,cauda nao publicada: 0 unidades
2008-02,subtotal_sub_segmento,automoveis/Sports,84,84,0,,ok,cauda nao publicada: 0 unidades
2008-02,subtotal_sub_segmento,automoveis/Suv's,8718,8718,0,,ok,cauda nao publicada: 0 unidades
2008-02,subtotal_sub_segmento,automoveis/Sw Grandes,908,908,0,,ok,cauda nao publicada: 0 unidades
2008-02,subtotal_sub_segmento,automoveis/Sw Médios,5183,5183,0,,ok,cauda nao publicada: 0 unidades
2008-02,subtotal_sub_segmento,automoveis/Veículos de Entrada,65433,65433,0,,ok,cauda nao publicada: 0 unidades
2008-02,subtotal_sub_segmento,comerciais_leves/Furgões,4327,4327,0,,ok,cauda nao publicada: 0 unidades
2008-02,subtotal_sub_segmento,comerciais_leves/Furgões Pequenos,1842,1842,0,,ok,cauda nao publicada: 0 unidades
2008-02,subtotal_sub_segmento,comerciais_leves/Pick-up's Grandes,6155,6155,0,,ok,cauda nao publicada: 0 unidades
2008-02,subtotal_sub_segmento,comerciais_leves/Pick-up's Pequenas,11083,11083,0,,ok,cauda nao publicada: 0 unidades
2008-02,ranking_x_sub_segmento,2008-02,182443,182440,-3,-0.0016,ok,2 modelos divergentes de 73 conferidos; desvio de volume 0.0016%
2008-02,cobertura,automoveis,167344,166245,-1099,-0.6567,medido,cobertura=99.34%
2008-02,cobertura,comerciais_leves,23762,23714,-48,-0.2020,medido,cobertura=99.80%
2008-03,mes_declarado,2008-03,,,,,ok,2008-03
2008-03,subtotal_sub_segmento,automoveis/Grandcab,2248,2202,-46,-2.0463,cauda_truncada,cauda nao publicada: 46 unidades
2008-03,subtotal_sub_segmento,automoveis/Hatch Médios,13734,11301,-2433,-17.7152,cauda_truncada,cauda nao publicada: 2433 unidades
2008-03,subtotal_sub_segmento,automoveis/Hatch Pequenos,25446,25446,0,,ok,cauda nao publicada: 0 unidades
2008-03,subtotal_sub_segmento,automoveis/Monocab,9020,9020,0,,ok,cauda nao publicada: 0 unidades
2008-03,subtotal_sub_segmento,automoveis/Sedans Compactos,2854,2854,0,,ok,cauda nao publicada: 0 unidades
2008-03,subtotal_sub_segmento,automoveis/Sedans Grandes,1014,909,-105,-10.3550,cauda_truncada,cauda nao publicada: 105 unidades
2008-03,subtotal_sub_segmento,automoveis/Sedans Pequenos,29900,29900,0,,ok,cauda nao publicada: 0 unidades
2008-03,subtotal_sub_segmento,automoveis/Sedans médios,14178,14176,-2,-0.0141,ok,cauda nao publicada: 2 unidades
2008-03,subtotal_sub_segmento,automoveis/Sports,135,96,-39,-28.8889,cauda_truncada,cauda nao publicada: 39 unidades
2008-03,subtotal_sub_segmento,automoveis/Suv's,11696,11671,-25,-0.2137,ok,cauda nao publicada: 25 unidades
2008-03,subtotal_sub_segmento,automoveis/Sw Grandes,922,922,0,,ok,cauda nao publicada: 0 unidades
2008-03,subtotal_sub_segmento,automoveis/Sw Médios,6208,6208,0,,ok,cauda nao publicada: 0 unidades
2008-03,subtotal_sub_segmento,automoveis/Veículos de Entrada,76619,76619,0,,ok,cauda nao publicada: 0 unidades
2008-03,subtotal_sub_segmento,comerciais_leves/Furgões,5177,4830,-347,-6.7027,cauda_truncada,cauda nao publicada: 347 unidades
2008-03,subtotal_sub_segmento,comerciais_leves/Furgões Pequenos,1908,1879,-29,-1.5199,cauda_truncada,cauda nao publicada: 29 unidades
2008-03,subtotal_sub_segmento,comerciais_leves/Pick-up's Grandes,7457,7456,-1,-0.0134,ok,cauda nao publicada: 1 unidades
2008-03,subtotal_sub_segmento,comerciais_leves/Pick-up's Pequenas,12297,12297,0,,ok,cauda nao publicada: 0 unidades
2008-03,ranking_x_sub_segmento,2008-03,209664,209657,-7,-0.0033,ok,2 modelos divergentes de 73 conferidos; desvio de volume 0.0033%
2008-03,cobertura,automoveis,194031,193053,-978,-0.5040,medido,cobertura=99.50%
2008-03,cobertura,comerciais_leves,26868,26836,-32,-0.1191,medido,cobertura=99.88%
2008-04,mes_declarado,2008-04,,,,,ok,2008-04
2008-04,subtotal_sub_segmento,automoveis/Grandcab,2374,2374,0,,ok,cauda nao publicada: 0 unidades
2008-04,subtotal_sub_segmento,automoveis/Hatch Médios,12246,12246,0,,ok,cauda nao publicada: 0 unidades
2008-04,subtotal_sub_segmento,automoveis/Hatch Pequenos,29234,29234,0,,ok,cauda nao publicada: 0 unidades
2008-04,subtotal_sub_segmento,automoveis/Monocab,10591,10591,0,,ok,cauda nao publicada: 0 unidades
2008-04,subtotal_sub_segmento,automoveis/Sedans Compactos,3027,3027,0,,ok,cauda nao publicada: 0 unidades
2008-04,subtotal_sub_segmento,automoveis/Sedans Grandes,1207,1207,0,,ok,cauda nao publicada: 0 unidades
2008-04,subtotal_sub_segmento,automoveis/Sedans Pequenos,34119,34119,0,,ok,cauda nao publicada: 0 unidades
2008-04,subtotal_sub_segmento,automoveis/Sedans médios,19078,19078,0,,ok,cauda nao publicada: 0 unidades
2008-04,subtotal_sub_segmento,automoveis/Sports,128,128,0,,ok,cauda nao publicada: 0 unidades
2008-04,subtotal_sub_segmento,automoveis/Suv's,12574,12574,0,,ok,cauda nao publicada: 0 unidades
2008-04,subtotal_sub_segmento,automoveis/Sw Grandes,1015,1015,0,,ok,cauda nao publicada: 0 unidades
2008-04,subtotal_sub_segmento,automoveis/Sw Médios,6330,6330,0,,ok,cauda nao publicada: 0 unidades
2008-04,subtotal_sub_segmento,automoveis/Veículos de Entrada,83356,83356,0,,ok,cauda nao publicada: 0 unidades
2008-04,subtotal_sub_segmento,comerciais_leves/Furgões,5563,5563,0,,ok,cauda nao publicada: 0 unidades
2008-04,subtotal_sub_segmento,comerciais_leves/Furgões Pequenos,2034,2034,0,,ok,cauda nao publicada: 0 unidades
2008-04,subtotal_sub_segmento,comerciais_leves/Pick-up's Grandes,8534,8534,0,,ok,cauda nao publicada: 0 unidades
2008-04,subtotal_sub_segmento,comerciais_leves/Pick-up's Pequenas,13410,13410,0,,ok,cauda nao publicada: 0 unidades
2008-04,ranking_x_sub_segmento,2008-04,235412,235407,-5,-0.0021,ok,2 modelos divergentes de 77 conferidos; desvio de volume 0.0021%
2008-04,cobertura,automoveis,218005,216331,-1674,-0.7679,medido,cobertura=99.23%
2008-04,cobertura,comerciais_leves,30009,29964,-45,-0.1500,medido,cobertura=99.85%
2008-05,mes_declarado,2008-05,,,,,ok,2008-05
2008-05,subtotal_sub_segmento,automoveis/Grandcab,2369,2369,0,,ok,cauda nao publicada: 0 unidades
2008-05,subtotal_sub_segmento,automoveis/Hatch Médios,11104,11104,0,,ok,cauda nao publicada: 0 unidades
2008-05,subtotal_sub_segmento,automoveis/Hatch Pequenos,28590,28590,0,,ok,cauda nao publicada: 0 unidades
2008-05,subtotal_sub_segmento,automoveis/Monocab,9241,9241,0,,ok,cauda nao publicada: 0 unidades
2008-05,subtotal_sub_segmento,automoveis/Sedans Compactos,3243,3243,0,,ok,cauda nao publicada: 0 unidades
2008-05,subtotal_sub_segmento,automoveis/Sedans Grandes,1118,1118,0,,ok,cauda nao publicada: 0 unidades
2008-05,subtotal_sub_segmento,automoveis/Sedans Pequenos,32289,32289,0,,ok,cauda nao publicada: 0 unidades
2008-05,subtotal_sub_segmento,automoveis/Sedans médios,17484,17484,0,,ok,cauda nao publicada: 0 unidades
2008-05,subtotal_sub_segmento,automoveis/Sports,76,76,0,,ok,cauda nao publicada: 0 unidades
2008-05,subtotal_sub_segmento,automoveis/Suv's,11968,11968,0,,ok,cauda nao publicada: 0 unidades
2008-05,subtotal_sub_segmento,automoveis/Sw Grandes,908,908,0,,ok,cauda nao publicada: 0 unidades
2008-05,subtotal_sub_segmento,automoveis/Sw Médios,5392,5392,0,,ok,cauda nao publicada: 0 unidades
2008-05,subtotal_sub_segmento,automoveis/Veículos de Entrada,76839,76839,0,,ok,cauda nao publicada: 0 unidades
2008-05,subtotal_sub_segmento,comerciais_leves/Furgões,5124,5124,0,,ok,cauda nao publicada: 0 unidades
2008-05,subtotal_sub_segmento,comerciais_leves/Furgões Pequenos,2040,2040,0,,ok,cauda nao publicada: 0 unidades
2008-05,subtotal_sub_segmento,comerciais_leves/Pick-up's Grandes,7471,7471,0,,ok,cauda nao publicada: 0 unidades
2008-05,subtotal_sub_segmento,comerciais_leves/Pick-up's Pequenas,11681,11681,0,,ok,cauda nao publicada: 0 unidades
2008-05,ranking_x_sub_segmento,2008-05,218090,218086,-4,-0.0018,ok,3 modelos divergentes de 73 conferidos; desvio de volume 0.0018%
2008-05,cobertura,automoveis,203243,201617,-1626,-0.8000,medido,cobertura=99.20%
2008-05,cobertura,comerciais_leves,26717,26695,-22,-0.0823,medido,cobertura=99.92%
2008-06,mes_declarado,2008-06,,,,,ok,2008-06
2008-06,subtotal_sub_segmento,automoveis/Grandcab,2406,2406,0,,ok,cauda nao publicada: 0 unidades
2008-06,subtotal_sub_segmento,automoveis/Hatch Médios,11932,11932,0,,ok,cauda nao publicada: 0 unidades
2008-06,subtotal_sub_segmento,automoveis/Hatch Pequenos,29316,29316,0,,ok,cauda nao publicada: 0 unidades
2008-06,subtotal_sub_segmento,automoveis/Monocab,9210,9210,0,,ok,cauda nao publicada: 0 unidades
2008-06,subtotal_sub_segmento,automoveis/Sedans Compactos,3279,3279,0,,ok,cauda nao publicada: 0 unidades
2008-06,subtotal_sub_segmento,automoveis/Sedans Grandes,1283,1283,0,,ok,cauda nao publicada: 0 unidades
2008-06,subtotal_sub_segmento,automoveis/Sedans Pequenos,33470,33470,0,,ok,cauda nao publicada: 0 unidades
2008-06,subtotal_sub_segmento,automoveis/Sedans médios,18013,18013,0,,ok,cauda nao publicada: 0 unidades
2008-06,subtotal_sub_segmento,automoveis/Sports,88,88,0,,ok,cauda nao publicada: 0 unidades
2008-06,subtotal_sub_segmento,automoveis/Suv's,11720,11720,0,,ok,cauda nao publicada: 0 unidades
2008-06,subtotal_sub_segmento,automoveis/Sw Grandes,1027,1027,0,,ok,cauda nao publicada: 0 unidades
2008-06,subtotal_sub_segmento,automoveis/Sw Médios,7504,7504,0,,ok,cauda nao publicada: 0 unidades
2008-06,subtotal_sub_segmento,automoveis/Veículos de Entrada,81348,81348,0,,ok,cauda nao publicada: 0 unidades
2008-06,subtotal_sub_segmento,comerciais_leves/Furgões,5543,5543,0,,ok,cauda nao publicada: 0 unidades
2008-06,subtotal_sub_segmento,comerciais_leves/Furgões Pequenos,2063,2063,0,,ok,cauda nao publicada: 0 unidades
2008-06,subtotal_sub_segmento,comerciais_leves/Pick-up's Grandes,8865,8865,0,,ok,cauda nao publicada: 0 unidades
2008-06,subtotal_sub_segmento,comerciais_leves/Pick-up's Pequenas,12727,12727,0,,ok,cauda nao publicada: 0 unidades
2008-06,ranking_x_sub_segmento,2008-06,230904,230901,-3,-0.0013,ok,2 modelos divergentes de 75 conferidos; desvio de volume 0.0013%
2008-06,cobertura,automoveis,213068,211351,-1717,-0.8058,medido,cobertura=99.19%
2008-06,cobertura,comerciais_leves,29787,29770,-17,-0.0571,medido,cobertura=99.94%
2008-07,mes_declarado,2008-07,,,,,ok,2008-07
2008-07,subtotal_sub_segmento,automoveis/Grandcab,2498,2498,0,,ok,cauda nao publicada: 0 unidades
2008-07,subtotal_sub_segmento,automoveis/Hatch Médios,13588,13588,0,,ok,cauda nao publicada: 0 unidades
2008-07,subtotal_sub_segmento,automoveis/Hatch Pequenos,32154,32154,0,,ok,cauda nao publicada: 0 unidades
2008-07,subtotal_sub_segmento,automoveis/Monocab,10988,10988,0,,ok,cauda nao publicada: 0 unidades
2008-07,subtotal_sub_segmento,automoveis/Sedans Compactos,3630,3630,0,,ok,cauda nao publicada: 0 unidades
2008-07,subtotal_sub_segmento,automoveis/Sedans Grandes,1327,1327,0,,ok,cauda nao publicada: 0 unidades
2008-07,subtotal_sub_segmento,automoveis/Sedans Pequenos,34320,34320,0,,ok,cauda nao publicada: 0 unidades
2008-07,subtotal_sub_segmento,automoveis/Sedans médios,19673,19673,0,,ok,cauda nao publicada: 0 unidades
2008-07,subtotal_sub_segmento,automoveis/Sports,146,146,0,,ok,cauda nao publicada: 0 unidades
2008-07,subtotal_sub_segmento,automoveis/Suv's,14336,14336,0,,ok,cauda nao publicada: 0 unidades
2008-07,subtotal_sub_segmento,automoveis/Sw Grandes,1082,1082,0,,ok,cauda nao publicada: 0 unidades
2008-07,subtotal_sub_segmento,automoveis/Sw Médios,8548,8548,0,,ok,cauda nao publicada: 0 unidades
2008-07,subtotal_sub_segmento,automoveis/Veículos de Entrada,93772,93772,0,,ok,cauda nao publicada: 0 unidades
2008-07,subtotal_sub_segmento,comerciais_leves/Furgões,6568,6568,0,,ok,cauda nao publicada: 0 unidades
2008-07,subtotal_sub_segmento,comerciais_leves/Furgões Pequenos,2294,2294,0,,ok,cauda nao publicada: 0 unidades
2008-07,subtotal_sub_segmento,comerciais_leves/Pick-up's Grandes,9663,9663,0,,ok,cauda nao publicada: 0 unidades
2008-07,subtotal_sub_segmento,comerciais_leves/Pick-up's Pequenas,14605,14605,0,,ok,cauda nao publicada: 0 unidades
2008-07,ranking_x_sub_segmento,2008-07,258711,258709,-2,-0.0008,ok,1 modelos divergentes de 76 conferidos; desvio de volume 0.0008%
2008-07,cobertura,automoveis,239158,237307,-1851,-0.7740,medido,cobertura=99.23%
2008-07,cobertura,comerciais_leves,33815,33809,-6,-0.0177,medido,cobertura=99.98%
2008-08,mes_declarado,2008-08,,,,,ok,2008-08
2008-08,subtotal_sub_segmento,automoveis/Grandcab,2188,2188,0,,ok,cauda nao publicada: 0 unidades
2008-08,subtotal_sub_segmento,automoveis/Hatch Médios,11277,11277,0,,ok,cauda nao publicada: 0 unidades
2008-08,subtotal_sub_segmento,automoveis/Hatch Pequenos,27029,27029,0,,ok,cauda nao publicada: 0 unidades
2008-08,subtotal_sub_segmento,automoveis/Monocab,8116,8116,0,,ok,cauda nao publicada: 0 unidades
2008-08,subtotal_sub_segmento,automoveis/Sedans Compactos,2181,2181,0,,ok,cauda nao publicada: 0 unidades
2008-08,subtotal_sub_segmento,automoveis/Sedans Grandes,1029,1029,0,,ok,cauda nao publicada: 0 unidades
2008-08,subtotal_sub_segmento,automoveis/Sedans Pequenos,31732,31732,0,,ok,cauda nao publicada: 0 unidades
2008-08,subtotal_sub_segmento,automoveis/Sedans médios,16922,16922,0,,ok,cauda nao publicada: 0 unidades
2008-08,subtotal_sub_segmento,automoveis/Sports,72,72,0,,ok,cauda nao publicada: 0 unidades
2008-08,subtotal_sub_segmento,automoveis/Suv's,13008,13008,0,,ok,cauda nao publicada: 0 unidades
2008-08,subtotal_sub_segmento,automoveis/Sw Grandes,810,810,0,,ok,cauda nao publicada: 0 unidades
2008-08,subtotal_sub_segmento,automoveis/Sw Médios,6810,6810,0,,ok,cauda nao publicada: 0 unidades
2008-08,subtotal_sub_segmento,automoveis/Veículos de Entrada,76487,76487,0,,ok,cauda nao publicada: 0 unidades
2008-08,subtotal_sub_segmento,comerciais_leves/Furgões,5916,5916,0,,ok,cauda nao publicada: 0 unidades
2008-08,subtotal_sub_segmento,comerciais_leves/Furgões Pequenos,1933,1933,0,,ok,cauda nao publicada: 0 unidades
2008-08,subtotal_sub_segmento,comerciais_leves/Pick-up's Grandes,8834,8834,0,,ok,cauda nao publicada: 0 unidades
2008-08,subtotal_sub_segmento,comerciais_leves/Pick-up's Pequenas,12683,12683,0,,ok,cauda nao publicada: 0 unidades
2008-08,ranking_x_sub_segmento,2008-08,217270,217261,-9,-0.0041,ok,3 modelos divergentes de 73 conferidos; desvio de volume 0.0041%
2008-08,cobertura,automoveis,201124,199512,-1612,-0.8015,medido,cobertura=99.20%
2008-08,cobertura,comerciais_leves,29983,29959,-24,-0.0800,medido,cobertura=99.92%
2008-09,mes_declarado,2008-09,,,,,ok,2008-09
2008-09,subtotal_sub_segmento,automoveis/Grandcab,2710,2710,0,,ok,cauda nao publicada: 0 unidades
2008-09,subtotal_sub_segmento,automoveis/Hatch Médios,10719,10719,0,,ok,cauda nao publicada: 0 unidades
2008-09,subtotal_sub_segmento,automoveis/Hatch Pequenos,31527,31527,0,,ok,cauda nao publicada: 0 unidades
2008-09,subtotal_sub_segmento,automoveis/Monocab,9504,9504,0,,ok,cauda nao publicada: 0 unidades
2008-09,subtotal_sub_segmento,automoveis/Sedans Compactos,2630,2630,0,,ok,cauda nao publicada: 0 unidades
2008-09,subtotal_sub_segmento,automoveis/Sedans Grandes,1087,1087,0,,ok,cauda nao publicada: 0 unidades
2008-09,subtotal_sub_segmento,automoveis/Sedans Pequenos,35530,35530,0,,ok,cauda nao publicada: 0 unidades
2008-09,subtotal_sub_segmento,automoveis/Sedans médios,19163,19163,0,,ok,cauda nao publicada: 0 unidades
2008-09,subtotal_sub_segmento,automoveis/Sports,121,121,0,,ok,cauda nao publicada: 0 unidades
2008-09,subtotal_sub_segmento,automoveis/Suv's,15597,15597,0,,ok,cauda nao publicada: 0 unidades
2008-09,subtotal_sub_segmento,automoveis/Sw Grandes,739,739,0,,ok,cauda nao publicada: 0 unidades
2008-09,subtotal_sub_segmento,automoveis/Sw Médios,7489,7489,0,,ok,cauda nao publicada: 0 unidades
2008-09,subtotal_sub_segmento,automoveis/Veículos de Entrada,82804,82804,0,,ok,cauda nao publicada: 0 unidades
2008-09,subtotal_sub_segmento,comerciais_leves/Furgões,5909,5909,0,,ok,cauda nao publicada: 0 unidades
2008-09,subtotal_sub_segmento,comerciais_leves/Furgões Pequenos,1869,1869,0,,ok,cauda nao publicada: 0 unidades
2008-09,subtotal_sub_segmento,comerciais_leves/Pick-up's Grandes,8477,8477,0,,ok,cauda nao publicada: 0 unidades
2008-09,subtotal_sub_segmento,comerciais_leves/Pick-up's Pequenas,13523,13523,0,,ok,cauda nao publicada: 0 unidades
2008-09,ranking_x_sub_segmento,2008-09,237423,237418,-5,-0.0021,ok,3 modelos divergentes de 74 conferidos; desvio de volume 0.0021%
2008-09,cobertura,automoveis,223766,221784,-1982,-0.8857,medido,cobertura=99.11%
2008-09,cobertura,comerciais_leves,30380,30363,-17,-0.0560,medido,cobertura=99.94%
2008-10,mes_declarado,2008-10,,,,,ok,2008-10
2008-10,subtotal_sub_segmento,automoveis/Grandcab,2142,2142,0,,ok,cauda nao publicada: 0 unidades
2008-10,subtotal_sub_segmento,automoveis/Hatch Médios,10042,10042,0,,ok,cauda nao publicada: 0 unidades
2008-10,subtotal_sub_segmento,automoveis/Hatch Pequenos,27667,27667,0,,ok,cauda nao publicada: 0 unidades
2008-10,subtotal_sub_segmento,automoveis/Monocab,7968,7968,0,,ok,cauda nao publicada: 0 unidades
2008-10,subtotal_sub_segmento,automoveis/Sedans Compactos,2273,2273,0,,ok,cauda nao publicada: 0 unidades
2008-10,subtotal_sub_segmento,automoveis/Sedans Grandes,975,975,0,,ok,cauda nao publicada: 0 unidades
2008-10,subtotal_sub_segmento,automoveis/Sedans Pequenos,30019,30019,0,,ok,cauda nao publicada: 0 unidades
2008-10,subtotal_sub_segmento,automoveis/Sedans médios,19818,19818,0,,ok,cauda nao publicada: 0 unidades
2008-10,subtotal_sub_segmento,automoveis/Sports,135,135,0,,ok,cauda nao publicada: 0 unidades
2008-10,subtotal_sub_segmento,automoveis/Suv's,14060,14060,0,,ok,cauda nao publicada: 0 unidades
2008-10,subtotal_sub_segmento,automoveis/Sw Grandes,615,615,0,,ok,cauda nao publicada: 0 unidades
2008-10,subtotal_sub_segmento,automoveis/Sw Médios,7601,7601,0,,ok,cauda nao publicada: 0 unidades
2008-10,subtotal_sub_segmento,automoveis/Veículos de Entrada,67721,67721,0,,ok,cauda nao publicada: 0 unidades
2008-10,subtotal_sub_segmento,comerciais_leves/Furgões,5313,5313,0,,ok,cauda nao publicada: 0 unidades
2008-10,subtotal_sub_segmento,comerciais_leves/Furgões Pequenos,1935,1935,0,,ok,cauda nao publicada: 0 unidades
2008-10,subtotal_sub_segmento,comerciais_leves/Pick-up's Grandes,8357,8357,0,,ok,cauda nao publicada: 0 unidades
2008-10,subtotal_sub_segmento,comerciais_leves/Pick-up's Pequenas,13385,13385,0,,ok,cauda nao publicada: 0 unidades
2008-10,ranking_x_sub_segmento,2008-10,207940,207933,-7,-0.0034,ok,2 modelos divergentes de 75 conferidos; desvio de volume 0.0034%
2008-10,cobertura,automoveis,195234,193243,-1991,-1.0198,medido,cobertura=98.98%
2008-10,cobertura,comerciais_leves,29524,29512,-12,-0.0406,medido,cobertura=99.96%
2008-11,mes_declarado,2008-11,,,,,ok,2008-11
2008-11,subtotal_sub_segmento,automoveis/Grandcab,1642,1642,0,,ok,cauda nao publicada: 0 unidades
2008-11,subtotal_sub_segmento,automoveis/Hatch Médios,6291,6291,0,,ok,cauda nao publicada: 0 unidades
2008-11,subtotal_sub_segmento,automoveis/Hatch Pequenos,17299,17299,0,,ok,cauda nao publicada: 0 unidades
2008-11,subtotal_sub_segmento,automoveis/Monocab,6574,6574,0,,ok,cauda nao publicada: 0 unidades
2008-11,subtotal_sub_segmento,automoveis/Sedans Compactos,2286,2286,0,,ok,cauda nao publicada: 0 unidades
2008-11,subtotal_sub_segmento,automoveis/Sedans Grandes,807,807,0,,ok,cauda nao publicada: 0 unidades
2008-11,subtotal_sub_segmento,automoveis/Sedans Pequenos,21488,21488,0,,ok,cauda nao publicada: 0 unidades
2008-11,subtotal_sub_segmento,automoveis/Sedans médios,16769,16769,0,,ok,cauda nao publicada: 0 unidades
2008-11,subtotal_sub_segmento,automoveis/Sports,84,84,0,,ok,cauda nao publicada: 0 unidades
2008-11,subtotal_sub_segmento,automoveis/Suv's,10970,10970,0,,ok,cauda nao publicada: 0 unidades
2008-11,subtotal_sub_segmento,automoveis/Sw Grandes,307,307,0,,ok,cauda nao publicada: 0 unidades
2008-11,subtotal_sub_segmento,automoveis/Sw Médios,5745,5745,0,,ok,cauda nao publicada: 0 unidades
2008-11,subtotal_sub_segmento,automoveis/Veículos de Entrada,50295,50295,0,,ok,cauda nao publicada: 0 unidades
2008-11,subtotal_sub_segmento,comerciais_leves/Furgões,4156,4156,0,,ok,cauda nao publicada: 0 unidades
2008-11,subtotal_sub_segmento,comerciais_leves/Furgões Pequenos,1671,1671,0,,ok,cauda nao publicada: 0 unidades
2008-11,subtotal_sub_segmento,comerciais_leves/Pick-up's Grandes,7073,7073,0,,ok,cauda nao publicada: 0 unidades
2008-11,subtotal_sub_segmento,comerciais_leves/Pick-up's Pequenas,9564,9564,0,,ok,cauda nao publicada: 0 unidades
2008-11,ranking_x_sub_segmento,2008-11,154126,154122,-4,-0.0026,ok,4 modelos divergentes de 74 conferidos; desvio de volume 0.0026%
2008-11,cobertura,automoveis,143415,142314,-1101,-0.7677,medido,cobertura=99.23%
2008-11,cobertura,comerciais_leves,22863,22857,-6,-0.0262,medido,cobertura=99.97%
2008-12,mes_declarado,2008-12,,,,,ok,2008-12
2008-12,subtotal_sub_segmento,automoveis/Grandcab,1417,1417,0,,ok,cauda nao publicada: 0 unidades
2008-12,subtotal_sub_segmento,automoveis/Hatch Médios,6408,6408,0,,ok,cauda nao publicada: 0 unidades
2008-12,subtotal_sub_segmento,automoveis/Hatch Pequenos,19685,19685,0,,ok,cauda nao publicada: 0 unidades
2008-12,subtotal_sub_segmento,automoveis/Monocab,6758,6758,0,,ok,cauda nao publicada: 0 unidades
2008-12,subtotal_sub_segmento,automoveis/Sedans Compactos,2132,2132,0,,ok,cauda nao publicada: 0 unidades
2008-12,subtotal_sub_segmento,automoveis/Sedans Grandes,930,930,0,,ok,cauda nao publicada: 0 unidades
2008-12,subtotal_sub_segmento,automoveis/Sedans Pequenos,25530,25530,0,,ok,cauda nao publicada: 0 unidades
2008-12,subtotal_sub_segmento,automoveis/Sedans médios,20907,20907,0,,ok,cauda nao publicada: 0 unidades
2008-12,subtotal_sub_segmento,automoveis/Sports,100,100,0,,ok,cauda nao publicada: 0 unidades
2008-12,subtotal_sub_segmento,automoveis/Suv's,12688,12688,0,,ok,cauda nao publicada: 0 unidades
2008-12,subtotal_sub_segmento,automoveis/Sw Grandes,492,492,0,,ok,cauda nao publicada: 0 unidades
2008-12,subtotal_sub_segmento,automoveis/Sw Médios,5958,5958,0,,ok,cauda nao publicada: 0 unidades
2008-12,subtotal_sub_segmento,automoveis/Veículos de Entrada,57259,57259,0,,ok,cauda nao publicada: 0 unidades
2008-12,subtotal_sub_segmento,comerciais_leves/Furgões,3590,3590,0,,ok,cauda nao publicada: 0 unidades
2008-12,subtotal_sub_segmento,comerciais_leves/Furgões Pequenos,1466,1466,0,,ok,cauda nao publicada: 0 unidades
2008-12,subtotal_sub_segmento,comerciais_leves/Pick-up's Grandes,7262,7262,0,,ok,cauda nao publicada: 0 unidades
2008-12,subtotal_sub_segmento,comerciais_leves/Pick-up's Pequenas,7882,7882,0,,ok,cauda nao publicada: 0 unidades
2008-12,ranking_x_sub_segmento,2008-12,170516,170514,-2,-0.0012,ok,2 modelos divergentes de 76 conferidos; desvio de volume 0.0012%
2008-12,cobertura,automoveis,163262,161168,-2094,-1.2826,medido,cobertura=98.72%
2008-12,cobertura,comerciais_leves,20632,20614,-18,-0.0872,medido,cobertura=99.91%
2009-01,mes_declarado,2009-01,,,,,ok,2009-01
2009-01,subtotal_sub_segmento,automoveis/Grandcab,1697,1697,0,,ok,cauda nao publicada: 0 unidades
2009-01,subtotal_sub_segmento,automoveis/Hatch Médios,7714,7714,0,,ok,cauda nao publicada: 0 unidades
2009-01,subtotal_sub_segmento,automoveis/Hatch Pequenos,22134,22134,0,,ok,cauda nao publicada: 0 unidades
2009-01,subtotal_sub_segmento,automoveis/Monocab,7767,7767,0,,ok,cauda nao publicada: 0 unidades
2009-01,subtotal_sub_segmento,automoveis/Sedans Compactos,2374,2374,0,,ok,cauda nao publicada: 0 unidades
2009-01,subtotal_sub_segmento,automoveis/Sedans Grandes,861,861,0,,ok,cauda nao publicada: 0 unidades
2009-01,subtotal_sub_segmento,automoveis/Sedans Pequenos,29563,29563,0,,ok,cauda nao publicada: 0 unidades
2009-01,subtotal_sub_segmento,automoveis/Sedans médios,17444,17444,0,,ok,cauda nao publicada: 0 unidades
2009-01,subtotal_sub_segmento,automoveis/Sports,97,97,0,,ok,cauda nao publicada: 0 unidades
2009-01,subtotal_sub_segmento,automoveis/Suv's,11697,11697,0,,ok,cauda nao publicada: 0 unidades
2009-01,subtotal_sub_segmento,automoveis/Sw Grandes,596,596,0,,ok,cauda nao publicada: 0 unidades
2009-01,subtotal_sub_segmento,automoveis/Sw Médios,7613,7613,0,,ok,cauda nao publicada: 0 unidades
2009-01,subtotal_sub_segmento,automoveis/Veículos de Entrada,57863,57863,0,,ok,cauda nao publicada: 0 unidades
2009-01,subtotal_sub_segmento,comerciais_leves/Furgões,3428,3428,0,,ok,cauda nao publicada: 0 unidades
2009-01,subtotal_sub_segmento,comerciais_leves/Furgões Pequenos,1339,1339,0,,ok,cauda nao publicada: 0 unidades
2009-01,subtotal_sub_segmento,comerciais_leves/Pick-up's Grandes,7073,7073,0,,ok,cauda nao publicada: 0 unidades
2009-01,subtotal_sub_segmento,comerciais_leves/Pick-up's Pequenas,7492,7492,0,,ok,cauda nao publicada: 0 unidades
2009-01,ranking_x_sub_segmento,2009-01,176389,176387,-2,-0.0011,ok,1 modelos divergentes de 76 conferidos; desvio de volume 0.0011%
2009-01,cobertura,automoveis,169897,168106,-1791,-1.0542,medido,cobertura=98.95%
2009-01,cobertura,comerciais_leves,19869,19851,-18,-0.0906,medido,cobertura=99.91%
2009-02,mes_declarado,2009-02,,,,,ok,2009-02
2009-02,subtotal_sub_segmento,automoveis/Grandcab,1542,1542,0,,ok,cauda nao publicada: 0 unidades
2009-02,subtotal_sub_segmento,automoveis/Hatch Médios,7273,7273,0,,ok,cauda nao publicada: 0 unidades
2009-02,subtotal_sub_segmento,automoveis/Hatch Pequenos,21700,21700,0,,ok,cauda nao publicada: 0 unidades
2009-02,subtotal_sub_segmento,automoveis/Monocab,7560,7560,0,,ok,cauda nao publicada: 0 unidades
2009-02,subtotal_sub_segmento,automoveis/Sedans Compactos,2014,2014,0,,ok,cauda nao publicada: 0 unidades
2009-02,subtotal_sub_segmento,automoveis/Sedans Grandes,997,997,0,,ok,cauda nao publicada: 0 unidades
2009-02,subtotal_sub_segmento,automoveis/Sedans Pequenos,26930,26930,0,,ok,cauda nao publicada: 0 unidades
2009-02,subtotal_sub_segmento,automoveis/Sedans médios,13658,13658,0,,ok,cauda nao publicada: 0 unidades
2009-02,subtotal_sub_segmento,automoveis/Sports,82,82,0,,ok,cauda nao publicada: 0 unidades
2009-02,subtotal_sub_segmento,automoveis/Suv's,12104,12104,0,,ok,cauda nao publicada: 0 unidades
2009-02,subtotal_sub_segmento,automoveis/Sw Grandes,461,461,0,,ok,cauda nao publicada: 0 unidades
2009-02,subtotal_sub_segmento,automoveis/Sw Médios,7529,7529,0,,ok,cauda nao publicada: 0 unidades
2009-02,subtotal_sub_segmento,automoveis/Veículos de Entrada,63624,63624,0,,ok,cauda nao publicada: 0 unidades
2009-02,subtotal_sub_segmento,comerciais_leves/Furgões,4096,4096,0,,ok,cauda nao publicada: 0 unidades
2009-02,subtotal_sub_segmento,comerciais_leves/Furgões Pequenos,1307,1307,0,,ok,cauda nao publicada: 0 unidades
2009-02,subtotal_sub_segmento,comerciais_leves/Pick-up's Grandes,6899,6899,0,,ok,cauda nao publicada: 0 unidades
2009-02,subtotal_sub_segmento,comerciais_leves/Pick-up's Pequenas,10955,10955,0,,ok,cauda nao publicada: 0 unidades
2009-02,ranking_x_sub_segmento,2009-02,179760,179759,-1,-0.0006,ok,1 modelos divergentes de 77 conferidos; desvio de volume 0.0006%
2009-02,cobertura,automoveis,167531,165474,-2057,-1.2278,medido,cobertura=98.77%
2009-02,cobertura,comerciais_leves,23812,23804,-8,-0.0336,medido,cobertura=99.97%
2009-03,mes_declarado,2009-03,,,,,ok,2009-03
2009-03,subtotal_sub_segmento,automoveis/Grandcab,2315,2315,0,,ok,cauda nao publicada: 0 unidades
2009-03,subtotal_sub_segmento,automoveis/Hatch Médios,9670,9670,0,,ok,cauda nao publicada: 0 unidades
2009-03,subtotal_sub_segmento,automoveis/Hatch Pequenos,31976,31976,0,,ok,cauda nao publicada: 0 unidades
2009-03,subtotal_sub_segmento,automoveis/Monocab,10662,10662,0,,ok,cauda nao publicada: 0 unidades
2009-03,subtotal_sub_segmento,automoveis/Sedans Compactos,2867,2867,0,,ok,cauda nao publicada: 0 unidades
2009-03,subtotal_sub_segmento,automoveis/Sedans Grandes,1511,1511,0,,ok,cauda nao publicada: 0 unidades
2009-03,subtotal_sub_segmento,automoveis/Sedans Pequenos,38123,38123,0,,ok,cauda nao publicada: 0 unidades
2009-03,subtotal_sub_segmento,automoveis/Sedans médios,18918,18918,0,,ok,cauda nao publicada: 0 unidades
2009-03,subtotal_sub_segmento,automoveis/Sports,109,109,0,,ok,cauda nao publicada: 0 unidades
2009-03,subtotal_sub_segmento,automoveis/Suv's,15377,15377,0,,ok,cauda nao publicada: 0 unidades
2009-03,subtotal_sub_segmento,automoveis/Sw Grandes,302,302,0,,ok,cauda nao publicada: 0 unidades
2009-03,subtotal_sub_segmento,automoveis/Sw Médios,9519,9519,0,,ok,cauda nao publicada: 0 unidades
2009-03,subtotal_sub_segmento,automoveis/Veículos de Entrada,84864,84864,0,,ok,cauda nao publicada: 0 unidades
2009-03,subtotal_sub_segmento,comerciais_leves/Furgões,4898,4898,0,,ok,cauda nao publicada: 0 unidades
2009-03,subtotal_sub_segmento,comerciais_leves/Furgões Pequenos,1878,1878,0,,ok,cauda nao publicada: 0 unidades
2009-03,subtotal_sub_segmento,comerciais_leves/Pick-up's Grandes,9528,9528,0,,ok,cauda nao publicada: 0 unidades
2009-03,subtotal_sub_segmento,comerciais_leves/Pick-up's Pequenas,14531,14531,0,,ok,cauda nao publicada: 0 unidades
2009-03,ranking_x_sub_segmento,2009-03,244995,244995,0,,ok,0 modelos divergentes de 75 conferidos; desvio de volume 0.0000%
2009-03,cobertura,automoveis,229493,227264,-2229,-0.9713,medido,cobertura=99.03%
2009-03,cobertura,comerciais_leves,31494,31468,-26,-0.0826,medido,cobertura=99.92%
2009-04,mes_declarado,2009-04,,,,,ok,2009-04
2009-04,subtotal_sub_segmento,automoveis/Grandcab,2097,2097,0,,ok,cauda nao publicada: 0 unidades
2009-04,subtotal_sub_segmento,automoveis/Hatch Médios,8245,8245,0,,ok,cauda nao publicada: 0 unidades
2009-04,subtotal_sub_segmento,automoveis/Hatch Pequenos,26545,26545,0,,ok,cauda nao publicada: 0 unidades
2009-04,subtotal_sub_segmento,automoveis/Monocab,10146,10146,0,,ok,cauda nao publicada: 0 unidades
2009-04,subtotal_sub_segmento,automoveis/Sedans Compactos,2661,2661,0,,ok,cauda nao publicada: 0 unidades
2009-04,subtotal_sub_segmento,automoveis/Sedans Grandes,1897,1897,0,,ok,cauda nao publicada: 0 unidades
2009-04,subtotal_sub_segmento,automoveis/Sedans Pequenos,36142,36142,0,,ok,cauda nao publicada: 0 unidades
2009-04,subtotal_sub_segmento,automoveis/Sedans médios,15225,15225,0,,ok,cauda nao publicada: 0 unidades
2009-04,subtotal_sub_segmento,automoveis/Sports,96,96,0,,ok,cauda nao publicada: 0 unidades
2009-04,subtotal_sub_segmento,automoveis/Suv's,13451,13451,0,,ok,cauda nao publicada: 0 unidades
2009-04,subtotal_sub_segmento,automoveis/Sw Grandes,372,372,0,,ok,cauda nao publicada: 0 unidades
2009-04,subtotal_sub_segmento,automoveis/Sw Médios,6109,6109,0,,ok,cauda nao publicada: 0 unidades
2009-04,subtotal_sub_segmento,automoveis/Veículos de Entrada,71508,71508,0,,ok,cauda nao publicada: 0 unidades
2009-04,subtotal_sub_segmento,comerciais_leves/Furgões,4538,4538,0,,ok,cauda nao publicada: 0 unidades
2009-04,subtotal_sub_segmento,comerciais_leves/Furgões Pequenos,1743,1743,0,,ok,cauda nao publicada: 0 unidades
2009-04,subtotal_sub_segmento,comerciais_leves/Pick-up's Grandes,7774,7774,0,,ok,cauda nao publicada: 0 unidades
2009-04,subtotal_sub_segmento,comerciais_leves/Pick-up's Pequenas,12331,12331,0,,ok,cauda nao publicada: 0 unidades
2009-04,ranking_x_sub_segmento,2009-04,209153,209151,-2,-0.0010,ok,2 modelos divergentes de 75 conferidos; desvio de volume 0.0010%
2009-04,cobertura,automoveis,197372,196143,-1229,-0.6227,medido,cobertura=99.38%
2009-04,cobertura,comerciais_leves,27022,27017,-5,-0.0185,medido,cobertura=99.98%
2009-05,mes_declarado,2009-05,,,,,ok,2009-05
2009-05,subtotal_sub_segmento,automoveis/Grandcab,2032,2032,0,,ok,cauda nao publicada: 0 unidades
2009-05,subtotal_sub_segmento,automoveis/Hatch Médios,9586,9586,0,,ok,cauda nao publicada: 0 unidades
2009-05,subtotal_sub_segmento,automoveis/Hatch Pequenos,28338,28338,0,,ok,cauda nao publicada: 0 unidades
2009-05,subtotal_sub_segmento,automoveis/Monocab,10294,10294,0,,ok,cauda nao publicada: 0 unidades
2009-05,subtotal_sub_segmento,automoveis/Sedans Compactos,3537,3537,0,,ok,cauda nao publicada: 0 unidades
2009-05,subtotal_sub_segmento,automoveis/Sedans Grandes,1790,1790,0,,ok,cauda nao publicada: 0 unidades
2009-05,subtotal_sub_segmento,automoveis/Sedans Pequenos,39163,39163,0,,ok,cauda nao publicada: 0 unidades
2009-05,subtotal_sub_segmento,automoveis/Sedans médios,16071,16071,0,,ok,cauda nao publicada: 0 unidades
2009-05,subtotal_sub_segmento,automoveis/Sports,86,86,0,,ok,cauda nao publicada: 0 unidades
2009-05,subtotal_sub_segmento,automoveis/Suv's,13391,13391,0,,ok,cauda nao publicada: 0 unidades
2009-05,subtotal_sub_segmento,automoveis/Sw Grandes,376,376,0,,ok,cauda nao publicada: 0 unidades
2009-05,subtotal_sub_segmento,automoveis/Sw Médios,6198,6198,0,,ok,cauda nao publicada: 0 unidades
2009-05,subtotal_sub_segmento,automoveis/Veículos de Entrada,74963,74963,0,,ok,cauda nao publicada: 0 unidades
2009-05,subtotal_sub_segmento,comerciais_leves/Furgões,4508,4508,0,,ok,cauda nao publicada: 0 unidades
2009-05,subtotal_sub_segmento,comerciais_leves/Furgões Pequenos,1621,1621,0,,ok,cauda nao publicada: 0 unidades
2009-05,subtotal_sub_segmento,comerciais_leves/Pick-up's Grandes,8402,8402,0,,ok,cauda nao publicada: 0 unidades
2009-05,subtotal_sub_segmento,comerciais_leves/Pick-up's Pequenas,13235,13235,0,,ok,cauda nao publicada: 0 unidades
2009-05,ranking_x_sub_segmento,2009-05,222180,222179,-1,-0.0005,ok,1 modelos divergentes de 74 conferidos; desvio de volume 0.0005%
2009-05,cobertura,automoveis,208959,207874,-1085,-0.5192,medido,cobertura=99.48%
2009-05,cobertura,comerciais_leves,28404,28394,-10,-0.0352,medido,cobertura=99.96%
2009-06,mes_declarado,2009-06,,,,,ok,2009-06
2009-06,subtotal_sub_segmento,automoveis/Grandcab,2408,2408,0,,ok,cauda nao publicada: 0 unidades
2009-06,subtotal_sub_segmento,automoveis/Hatch Médios,11413,11413,0,,ok,cauda nao publicada: 0 unidades
2009-06,subtotal_sub_segmento,automoveis/Hatch Pequenos,36579,36579,0,,ok,cauda nao publicada: 0 unidades
2009-06,subtotal_sub_segmento,automoveis/Monocab,12913,12913,0,,ok,cauda nao publicada: 0 unidades
2009-06,subtotal_sub_segmento,automoveis/Sedans Compactos,4811,4811,0,,ok,cauda nao publicada: 0 unidades
2009-06,subtotal_sub_segmento,automoveis/Sedans Grandes,1584,1584,0,,ok,cauda nao publicada: 0 unidades
2009-06,subtotal_sub_segmento,automoveis/Sedans Pequenos,50535,50535,0,,ok,cauda nao publicada: 0 unidades
2009-06,subtotal_sub_segmento,automoveis/Sedans médios,19225,19225,0,,ok,cauda nao publicada: 0 unidades
2009-06,subtotal_sub_segmento,automoveis/Sports,76,76,0,,ok,cauda nao publicada: 0 unidades
2009-06,subtotal_sub_segmento,automoveis/Suv's,14173,14173,0,,ok,cauda nao publicada: 0 unidades
2009-06,subtotal_sub_segmento,automoveis/Sw Grandes,410,410,0,,ok,cauda nao publicada: 0 unidades
2009-06,subtotal_sub_segmento,automoveis/Sw Médios,7372,7372,0,,ok,cauda nao publicada: 0 unidades
2009-06,subtotal_sub_segmento,automoveis/Veículos de Entrada,91805,91805,0,,ok,cauda nao publicada: 0 unidades
2009-06,subtotal_sub_segmento,comerciais_leves/Furgões,4524,4524,0,,ok,cauda nao publicada: 0 unidades
2009-06,subtotal_sub_segmento,comerciais_leves/Furgões Pequenos,2204,2204,0,,ok,cauda nao publicada: 0 unidades
2009-06,subtotal_sub_segmento,comerciais_leves/Pick-up's Grandes,10315,10315,0,,ok,cauda nao publicada: 0 unidades
2009-06,subtotal_sub_segmento,comerciais_leves/Pick-up's Pequenas,14937,14937,0,,ok,cauda nao publicada: 0 unidades
2009-06,ranking_x_sub_segmento,2009-06,272515,272511,-4,-0.0015,ok,2 modelos divergentes de 74 conferidos; desvio de volume 0.0015%
2009-06,cobertura,automoveis,257212,255273,-1939,-0.7539,medido,cobertura=99.25%
2009-06,cobertura,comerciais_leves,32553,32532,-21,-0.0645,medido,cobertura=99.94%
2009-07,mes_declarado,2009-07,,,,,ok,2009-07
2009-07,subtotal_sub_segmento,automoveis/Grandcab,2024,2024,0,,ok,cauda nao publicada: 0 unidades
2009-07,subtotal_sub_segmento,automoveis/Hatch Médios,9671,9671,0,,ok,cauda nao publicada: 0 unidades
2009-07,subtotal_sub_segmento,automoveis/Hatch Pequenos,31050,31050,0,,ok,cauda nao publicada: 0 unidades
2009-07,subtotal_sub_segmento,automoveis/Monocab,11921,11921,0,,ok,cauda nao publicada: 0 unidades
2009-07,subtotal_sub_segmento,automoveis/Sedans Compactos,4194,4194,0,,ok,cauda nao publicada: 0 unidades
2009-07,subtotal_sub_segmento,automoveis/Sedans Grandes,1505,1505,0,,ok,cauda nao publicada: 0 unidades
2009-07,subtotal_sub_segmento,automoveis/Sedans Pequenos,47951,47951,0,,ok,cauda nao publicada: 0 unidades
2009-07,subtotal_sub_segmento,automoveis/Sedans médios,16768,16768,0,,ok,cauda nao publicada: 0 unidades
2009-07,subtotal_sub_segmento,automoveis/Sports,90,90,0,,ok,cauda nao publicada: 0 unidades
2009-07,subtotal_sub_segmento,automoveis/Suv's,13220,13220,0,,ok,cauda nao publicada: 0 unidades
2009-07,subtotal_sub_segmento,automoveis/Sw Grandes,396,396,0,,ok,cauda nao publicada: 0 unidades
2009-07,subtotal_sub_segmento,automoveis/Sw Médios,7681,7681,0,,ok,cauda nao publicada: 0 unidades
2009-07,subtotal_sub_segmento,automoveis/Veículos de Entrada,88715,88715,0,,ok,cauda nao publicada: 0 unidades
2009-07,subtotal_sub_segmento,comerciais_leves/Furgões,5228,5228,0,,ok,cauda nao publicada: 0 unidades
2009-07,subtotal_sub_segmento,comerciais_leves/Furgões Pequenos,2197,2197,0,,ok,cauda nao publicada: 0 unidades
2009-07,subtotal_sub_segmento,comerciais_leves/Pick-up's Grandes,10508,10508,0,,ok,cauda nao publicada: 0 unidades
2009-07,subtotal_sub_segmento,comerciais_leves/Pick-up's Pequenas,15294,15294,0,,ok,cauda nao publicada: 0 unidades
2009-07,ranking_x_sub_segmento,2009-07,255933,255929,-4,-0.0016,ok,3 modelos divergentes de 76 conferidos; desvio de volume 0.0016%
2009-07,cobertura,automoveis,239653,237661,-1992,-0.8312,medido,cobertura=99.17%
2009-07,cobertura,comerciais_leves,33958,33942,-16,-0.0471,medido,cobertura=99.95%
2009-08,mes_declarado,2009-08,,,,,ok,2009-08
2009-08,subtotal_sub_segmento,automoveis/Grandcab,1700,1700,0,,ok,cauda nao publicada: 0 unidades
2009-08,subtotal_sub_segmento,automoveis/Hatch Médios,9751,9751,0,,ok,cauda nao publicada: 0 unidades
2009-08,subtotal_sub_segmento,automoveis/Hatch Pequenos,25947,25947,0,,ok,cauda nao publicada: 0 unidades
2009-08,subtotal_sub_segmento,automoveis/Monocab,11438,11438,0,,ok,cauda nao publicada: 0 unidades
2009-08,subtotal_sub_segmento,automoveis/Sedans Compactos,5663,5663,0,,ok,cauda nao publicada: 0 unidades
2009-08,subtotal_sub_segmento,automoveis/Sedans Grandes,1242,1242,0,,ok,cauda nao publicada: 0 unidades
2009-08,subtotal_sub_segmento,automoveis/Sedans Pequenos,42558,42558,0,,ok,cauda nao publicada: 0 unidades
2009-08,subtotal_sub_segmento,automoveis/Sedans médios,14401,14401,0,,ok,cauda nao publicada: 0 unidades
2009-08,subtotal_sub_segmento,automoveis/Sports,89,89,0,,ok,cauda nao publicada: 0 unidades
2009-08,subtotal_sub_segmento,automoveis/Suv's,12247,12247,0,,ok,cauda nao publicada: 0 unidades
2009-08,subtotal_sub_segmento,automoveis/Sw Grandes,313,313,0,,ok,cauda nao publicada: 0 unidades
2009-08,subtotal_sub_segmento,automoveis/Sw Médios,6763,6763,0,,ok,cauda nao publicada: 0 unidades
2009-08,subtotal_sub_segmento,automoveis/Veículos de Entrada,80646,80646,0,,ok,cauda nao publicada: 0 unidades
2009-08,subtotal_sub_segmento,comerciais_leves/Furgões,5189,5189,0,,ok,cauda nao publicada: 0 unidades
2009-08,subtotal_sub_segmento,comerciais_leves/Furgões Pequenos,2129,2129,0,,ok,cauda nao publicada: 0 unidades
2009-08,subtotal_sub_segmento,comerciais_leves/Pick-up's Grandes,8660,8660,0,,ok,cauda nao publicada: 0 unidades
2009-08,subtotal_sub_segmento,comerciais_leves/Pick-up's Pequenas,14323,14323,0,,ok,cauda nao publicada: 0 unidades
2009-08,ranking_x_sub_segmento,2009-08,231241,231234,-7,-0.0030,ok,3 modelos divergentes de 74 conferidos; desvio de volume 0.0030%
2009-08,cobertura,automoveis,216470,215271,-1199,-0.5539,medido,cobertura=99.45%
2009-08,cobertura,comerciais_leves,31070,31054,-16,-0.0515,medido,cobertura=99.95%
2009-09,mes_declarado,2009-09,,,,,ok,2009-09
2009-09,subtotal_sub_segmento,automoveis/Grandcab,2111,2111,0,,ok,cauda nao publicada: 0 unidades
2009-09,subtotal_sub_segmento,automoveis/Hatch Médios,11692,11692,0,,ok,cauda nao publicada: 0 unidades
2009-09,subtotal_sub_segmento,automoveis/Hatch Pequenos,31445,31445,0,,ok,cauda nao publicada: 0 unidades
2009-09,subtotal_sub_segmento,automoveis/Monocab,13876,13876,0,,ok,cauda nao publicada: 0 unidades
2009-09,subtotal_sub_segmento,automoveis/Sedans Compactos,7815,7815,0,,ok,cauda nao publicada: 0 unidades
2009-09,subtotal_sub_segmento,automoveis/Sedans Grandes,1269,1269,0,,ok,cauda nao publicada: 0 unidades
2009-09,subtotal_sub_segmento,automoveis/Sedans Pequenos,51924,51924,0,,ok,cauda nao publicada: 0 unidades
2009-09,subtotal_sub_segmento,automoveis/Sedans médios,18885,18885,0,,ok,cauda nao publicada: 0 unidades
2009-09,subtotal_sub_segmento,automoveis/Sports,97,97,0,,ok,cauda nao publicada: 0 unidades
2009-09,subtotal_sub_segmento,automoveis/Suv's,15665,15665,0,,ok,cauda nao publicada: 0 unidades
2009-09,subtotal_sub_segmento,automoveis/Sw Grandes,395,395,0,,ok,cauda nao publicada: 0 unidades
2009-09,subtotal_sub_segmento,automoveis/Sw Médios,9095,9095,0,,ok,cauda nao publicada: 0 unidades
2009-09,subtotal_sub_segmento,automoveis/Veículos de Entrada,95381,95381,0,,ok,cauda nao publicada: 0 unidades
2009-09,subtotal_sub_segmento,comerciais_leves/Furgões,4732,4732,0,,ok,cauda nao publicada: 0 unidades
2009-09,subtotal_sub_segmento,comerciais_leves/Furgões Pequenos,2076,2076,0,,ok,cauda nao publicada: 0 unidades
2009-09,subtotal_sub_segmento,comerciais_leves/Pick-up's Grandes,10304,10304,0,,ok,cauda nao publicada: 0 unidades
2009-09,subtotal_sub_segmento,comerciais_leves/Pick-up's Pequenas,13908,13908,0,,ok,cauda nao publicada: 0 unidades
2009-09,ranking_x_sub_segmento,2009-09,275210,275205,-5,-0.0018,ok,3 modelos divergentes de 74 conferidos; desvio de volume 0.0018%
2009-09,cobertura,automoveis,264957,263314,-1643,-0.6201,medido,cobertura=99.38%
2009-09,cobertura,comerciais_leves,31696,31686,-10,-0.0315,medido,cobertura=99.97%
2009-10,mes_declarado,2009-10,,,,,ok,2009-10
2009-10,subtotal_sub_segmento,automoveis/Grandcab,2200,2200,0,,ok,cauda nao publicada: 0 unidades
2009-10,subtotal_sub_segmento,automoveis/Hatch Médios,11571,11571,0,,ok,cauda nao publicada: 0 unidades
2009-10,subtotal_sub_segmento,automoveis/Hatch Pequenos,30528,30528,0,,ok,cauda nao publicada: 0 unidades
2009-10,subtotal_sub_segmento,automoveis/Monocab,11968,11968,0,,ok,cauda nao publicada: 0 unidades
2009-10,subtotal_sub_segmento,automoveis/Sedans Compactos,7248,7248,0,,ok,cauda nao publicada: 0 unidades
2009-10,subtotal_sub_segmento,automoveis/Sedans Grandes,992,992,0,,ok,cauda nao publicada: 0 unidades
2009-10,subtotal_sub_segmento,automoveis/Sedans Pequenos,45716,45716,0,,ok,cauda nao publicada: 0 unidades
2009-10,subtotal_sub_segmento,automoveis/Sedans médios,17382,17382,0,,ok,cauda nao publicada: 0 unidades
2009-10,subtotal_sub_segmento,automoveis/Sports,132,132,0,,ok,cauda nao publicada: 0 unidades
2009-10,subtotal_sub_segmento,automoveis/Suv's,16404,16404,0,,ok,cauda nao publicada: 0 unidades
2009-10,subtotal_sub_segmento,automoveis/Sw Grandes,412,412,0,,ok,cauda nao publicada: 0 unidades
2009-10,subtotal_sub_segmento,automoveis/Sw Médios,8461,8461,0,,ok,cauda nao publicada: 0 unidades
2009-10,subtotal_sub_segmento,automoveis/Veículos de Entrada,87732,87732,0,,ok,cauda nao publicada: 0 unidades
2009-10,subtotal_sub_segmento,comerciais_leves/Furgões,5926,5926,0,,ok,cauda nao publicada: 0 unidades
2009-10,subtotal_sub_segmento,comerciais_leves/Furgões Pequenos,1998,1998,0,,ok,cauda nao publicada: 0 unidades
2009-10,subtotal_sub_segmento,comerciais_leves/Pick-up's Grandes,10997,10997,0,,ok,cauda nao publicada: 0 unidades
2009-10,subtotal_sub_segmento,comerciais_leves/Pick-up's Pequenas,14385,14385,0,,ok,cauda nao publicada: 0 unidades
2009-10,ranking_x_sub_segmento,2009-10,256416,256413,-3,-0.0012,ok,2 modelos divergentes de 74 conferidos; desvio de volume 0.0012%
2009-10,cobertura,automoveis,247230,245466,-1764,-0.7135,medido,cobertura=99.29%
2009-10,cobertura,comerciais_leves,34082,34048,-34,-0.0998,medido,cobertura=99.90%
2009-11,mes_declarado,2009-11,,,,,ok,2009-11
2009-11,subtotal_sub_segmento,automoveis/Grandcab,1754,1754,0,,ok,cauda nao publicada: 0 unidades
2009-11,subtotal_sub_segmento,automoveis/Hatch Médios,9856,9856,0,,ok,cauda nao publicada: 0 unidades
2009-11,subtotal_sub_segmento,automoveis/Hatch Pequenos,31209,31209,0,,ok,cauda nao publicada: 0 unidades
2009-11,subtotal_sub_segmento,automoveis/Monocab,8793,8793,0,,ok,cauda nao publicada: 0 unidades
2009-11,subtotal_sub_segmento,automoveis/Sedans Compactos,6106,6106,0,,ok,cauda nao publicada: 0 unidades
2009-11,subtotal_sub_segmento,automoveis/Sedans Grandes,1015,1015,0,,ok,cauda nao publicada: 0 unidades
2009-11,subtotal_sub_segmento,automoveis/Sedans Pequenos,33563,33563,0,,ok,cauda nao publicada: 0 unidades
2009-11,subtotal_sub_segmento,automoveis/Sedans médios,14272,14272,0,,ok,cauda nao publicada: 0 unidades
2009-11,subtotal_sub_segmento,automoveis/Sports,131,131,0,,ok,cauda nao publicada: 0 unidades
2009-11,subtotal_sub_segmento,automoveis/Suv's,13489,13489,0,,ok,cauda nao publicada: 0 unidades
2009-11,subtotal_sub_segmento,automoveis/Sw Grandes,240,240,0,,ok,cauda nao publicada: 0 unidades
2009-11,subtotal_sub_segmento,automoveis/Sw Médios,7200,7200,0,,ok,cauda nao publicada: 0 unidades
2009-11,subtotal_sub_segmento,automoveis/Veículos de Entrada,71993,71993,0,,ok,cauda nao publicada: 0 unidades
2009-11,subtotal_sub_segmento,comerciais_leves/Furgões,5548,5548,0,,ok,cauda nao publicada: 0 unidades
2009-11,subtotal_sub_segmento,comerciais_leves/Furgões Pequenos,1801,1801,0,,ok,cauda nao publicada: 0 unidades
2009-11,subtotal_sub_segmento,comerciais_leves/Pick-up's Grandes,9990,9990,0,,ok,cauda nao publicada: 0 unidades
2009-11,subtotal_sub_segmento,comerciais_leves/Pick-up's Pequenas,14558,14558,0,,ok,cauda nao publicada: 0 unidades
2009-11,ranking_x_sub_segmento,2009-11,217128,217125,-3,-0.0014,ok,2 modelos divergentes de 73 conferidos; desvio de volume 0.0014%
2009-11,cobertura,automoveis,205803,204491,-1312,-0.6375,medido,cobertura=99.36%
2009-11,cobertura,comerciais_leves,32663,32656,-7,-0.0214,medido,cobertura=99.98%
2009-12,mes_declarado,2009-12,,,,,ok,2009-12
2009-12,subtotal_sub_segmento,automoveis/Grandcab,2231,2231,0,,ok,cauda nao publicada: 0 unidades
2009-12,subtotal_sub_segmento,automoveis/Hatch Médios,13798,13798,0,,ok,cauda nao publicada: 0 unidades
2009-12,subtotal_sub_segmento,automoveis/Hatch Pequenos,35238,35238,0,,ok,cauda nao publicada: 0 unidades
2009-12,subtotal_sub_segmento,automoveis/Monocab,10132,10132,0,,ok,cauda nao publicada: 0 unidades
2009-12,subtotal_sub_segmento,automoveis/Sedans Compactos,6473,6473,0,,ok,cauda nao publicada: 0 unidades
2009-12,subtotal_sub_segmento,automoveis/Sedans Grandes,1252,1252,0,,ok,cauda nao publicada: 0 unidades
2009-12,subtotal_sub_segmento,automoveis/Sedans Pequenos,40351,40351,0,,ok,cauda nao publicada: 0 unidades
2009-12,subtotal_sub_segmento,automoveis/Sedans médios,20307,20307,0,,ok,cauda nao publicada: 0 unidades
2009-12,subtotal_sub_segmento,automoveis/Sports,118,118,0,,ok,cauda nao publicada: 0 unidades
2009-12,subtotal_sub_segmento,automoveis/Suv's,17048,17048,0,,ok,cauda nao publicada: 0 unidades
2009-12,subtotal_sub_segmento,automoveis/Sw Grandes,238,238,0,,ok,cauda nao publicada: 0 unidades
2009-12,subtotal_sub_segmento,automoveis/Sw Médios,8085,8085,0,,ok,cauda nao publicada: 0 unidades
2009-12,subtotal_sub_segmento,automoveis/Veículos de Entrada,78881,78881,0,,ok,cauda nao publicada: 0 unidades
2009-12,subtotal_sub_segmento,comerciais_leves/Furgões,5709,5709,0,,ok,cauda nao publicada: 0 unidades
2009-12,subtotal_sub_segmento,comerciais_leves/Furgões Pequenos,1769,1769,0,,ok,cauda nao publicada: 0 unidades
2009-12,subtotal_sub_segmento,comerciais_leves/Pick-up's Grandes,12707,12707,0,,ok,cauda nao publicada: 0 unidades
2009-12,subtotal_sub_segmento,comerciais_leves/Pick-up's Pequenas,16686,16686,0,,ok,cauda nao publicada: 0 unidades
2009-12,ranking_x_sub_segmento,2009-12,253478,253129,-349,-0.1377,ok,3 modelos divergentes de 74 conferidos; desvio de volume 0.1377%
2009-12,cobertura,automoveis,240033,238051,-1982,-0.8257,medido,cobertura=99.17%
2009-12,cobertura,comerciais_leves,37861,37834,-27,-0.0713,medido,cobertura=99.93%
2010-01,mes_declarado,2010-01,,,,,ok,2010-01
2010-01,subtotal_sub_segmento,automoveis/Grandcab,1500,1500,0,,ok,cauda nao publicada: 0 unidades
2010-01,subtotal_sub_segmento,automoveis/Hatch Médios,9882,9882,0,,ok,cauda nao publicada: 0 unidades
2010-01,subtotal_sub_segmento,automoveis/Hatch Pequenos,27581,20104,-7477,-27.1092,cauda_truncada,cauda nao publicada: 7477 unidades
2010-01,subtotal_sub_segmento,automoveis/Monocab,7541,7541,0,,ok,cauda nao publicada: 0 unidades
2010-01,subtotal_sub_segmento,automoveis/Sedans Compactos,5666,5666,0,,ok,cauda nao publicada: 0 unidades
2010-01,subtotal_sub_segmento,automoveis/Sedans Grandes,846,846,0,,ok,cauda nao publicada: 0 unidades
2010-01,subtotal_sub_segmento,automoveis/Sedans Pequenos,29765,29765,0,,ok,cauda nao publicada: 0 unidades
2010-01,subtotal_sub_segmento,automoveis/Sedans médios,11698,11698,0,,ok,cauda nao publicada: 0 unidades
2010-01,subtotal_sub_segmento,automoveis/Sports,99,99,0,,ok,cauda nao publicada: 0 unidades
2010-01,subtotal_sub_segmento,automoveis/Suv's,12906,12906,0,,ok,cauda nao publicada: 0 unidades
2010-01,subtotal_sub_segmento,automoveis/Sw Grandes,198,198,0,,ok,cauda nao publicada: 0 unidades
2010-01,subtotal_sub_segmento,automoveis/Sw Médios,5060,5060,0,,ok,cauda nao publicada: 0 unidades
2010-01,subtotal_sub_segmento,automoveis/Veículos de Entrada,56378,56378,0,,ok,cauda nao publicada: 0 unidades
2010-01,subtotal_sub_segmento,comerciais_leves/Furgões,4707,4707,0,,ok,cauda nao publicada: 0 unidades
2010-01,subtotal_sub_segmento,comerciais_leves/Furgões Pequenos,1282,1282,0,,ok,cauda nao publicada: 0 unidades
2010-01,subtotal_sub_segmento,comerciais_leves/Pick-up's Grandes,9153,9153,0,,ok,cauda nao publicada: 0 unidades
2010-01,subtotal_sub_segmento,comerciais_leves/Pick-up's Pequenas,13324,13324,0,,ok,cauda nao publicada: 0 unidades
2010-01,ranking_x_sub_segmento,2010-01,178413,178411,-2,-0.0011,ok,1 modelos divergentes de 74 conferidos; desvio de volume 0.0011%
2010-01,cobertura,automoveis,172364,169602,-2762,-1.6024,medido,cobertura=98.40%
2010-01,cobertura,comerciais_leves,29360,29348,-12,-0.0409,medido,cobertura=99.96%
2010-02,mes_declarado,2010-02,,,,,ok,2010-02
2010-02,subtotal_sub_segmento,automoveis/Grandcab,1402,1402,0,,ok,cauda nao publicada: 0 unidades
2010-02,subtotal_sub_segmento,automoveis/Hatch Médios,10715,10715,0,,ok,cauda nao publicada: 0 unidades
2010-02,subtotal_sub_segmento,automoveis/Hatch Pequenos,29627,29627,0,,ok,cauda nao publicada: 0 unidades
2010-02,subtotal_sub_segmento,automoveis/Monocab,9765,9765,0,,ok,cauda nao publicada: 0 unidades
2010-02,subtotal_sub_segmento,automoveis/Sedans Compactos,4606,4606,0,,ok,cauda nao publicada: 0 unidades
2010-02,subtotal_sub_segmento,automoveis/Sedans Grandes,1014,1014,0,,ok,cauda nao publicada: 0 unidades
2010-02,subtotal_sub_segmento,automoveis/Sedans Pequenos,31285,31285,0,,ok,cauda nao publicada: 0 unidades
2010-02,subtotal_sub_segmento,automoveis/Sedans médios,11827,11827,0,,ok,cauda nao publicada: 0 unidades
2010-02,subtotal_sub_segmento,automoveis/Sports,127,127,0,,ok,cauda nao publicada: 0 unidades
2010-02,subtotal_sub_segmento,automoveis/Suv's,13117,13117,0,,ok,cauda nao publicada: 0 unidades
2010-02,subtotal_sub_segmento,automoveis/Sw Grandes,155,155,0,,ok,cauda nao publicada: 0 unidades
2010-02,subtotal_sub_segmento,automoveis/Sw Médios,4905,4905,0,,ok,cauda nao publicada: 0 unidades
2010-02,subtotal_sub_segmento,automoveis/Veículos de Entrada,60101,60101,0,,ok,cauda nao publicada: 0 unidades
2010-02,subtotal_sub_segmento,comerciais_leves/Furgões,4739,4739,0,,ok,cauda nao publicada: 0 unidades
2010-02,subtotal_sub_segmento,comerciais_leves/Furgões Pequenos,1533,1533,0,,ok,cauda nao publicada: 0 unidades
2010-02,subtotal_sub_segmento,comerciais_leves/Pick-up's Grandes,7748,7748,0,,ok,cauda nao publicada: 0 unidades
2010-02,subtotal_sub_segmento,comerciais_leves/Pick-up's Pequenas,14671,14671,0,,ok,cauda nao publicada: 0 unidades
2010-02,ranking_x_sub_segmento,2010-02,195784,195770,-14,-0.0072,ok,4 modelos divergentes de 75 conferidos; desvio de volume 0.0072%
2010-02,cobertura,automoveis,181804,180135,-1669,-0.9180,medido,cobertura=99.08%
2010-02,cobertura,comerciais_leves,29556,29549,-7,-0.0237,medido,cobertura=99.98%
2010-03,mes_declarado,2010-03,,,,,ok,2010-03
2010-03,subtotal_sub_segmento,automoveis/Grandcab,2297,2297,0,,ok,cauda nao publicada: 0 unidades
2010-03,subtotal_sub_segmento,automoveis/Hatch Médios,16185,16185,0,,ok,cauda nao publicada: 0 unidades
2010-03,subtotal_sub_segmento,automoveis/Hatch Pequenos,48221,48221,0,,ok,cauda nao publicada: 0 unidades
2010-03,subtotal_sub_segmento,automoveis/Monocab,15235,15235,0,,ok,cauda nao publicada: 0 unidades
2010-03,subtotal_sub_segmento,automoveis/Sedans Compactos,7726,7726,0,,ok,cauda nao publicada: 0 unidades
2010-03,subtotal_sub_segmento,automoveis/Sedans Grandes,1502,1502,0,,ok,cauda nao publicada: 0 unidades
2010-03,subtotal_sub_segmento,automoveis/Sedans Pequenos,50404,50404,0,,ok,cauda nao publicada: 0 unidades
2010-03,subtotal_sub_segmento,automoveis/Sedans médios,19010,19010,0,,ok,cauda nao publicada: 0 unidades
2010-03,subtotal_sub_segmento,automoveis/Sports,176,176,0,,ok,cauda nao publicada: 0 unidades
2010-03,subtotal_sub_segmento,automoveis/Suv's,20904,20904,0,,ok,cauda nao publicada: 0 unidades
2010-03,subtotal_sub_segmento,automoveis/Sw Grandes,390,390,0,,ok,cauda nao publicada: 0 unidades
2010-03,subtotal_sub_segmento,automoveis/Sw Médios,7075,7075,0,,ok,cauda nao publicada: 0 unidades
2010-03,subtotal_sub_segmento,automoveis/Veículos de Entrada,101297,101297,0,,ok,cauda nao publicada: 0 unidades
2010-03,subtotal_sub_segmento,comerciais_leves/Furgões,7103,7103,0,,ok,cauda nao publicada: 0 unidades
2010-03,subtotal_sub_segmento,comerciais_leves/Furgões Pequenos,2162,2162,0,,ok,cauda nao publicada: 0 unidades
2010-03,subtotal_sub_segmento,comerciais_leves/Pick-up's Grandes,11702,11702,0,,ok,cauda nao publicada: 0 unidades
2010-03,subtotal_sub_segmento,comerciais_leves/Pick-up's Pequenas,19839,19839,0,,ok,cauda nao publicada: 0 unidades
2010-03,ranking_x_sub_segmento,2010-03,312565,312562,-3,-0.0010,ok,2 modelos divergentes de 76 conferidos; desvio de volume 0.0010%
2010-03,cobertura,automoveis,295447,292889,-2558,-0.8658,medido,cobertura=99.13%
2010-03,cobertura,comerciais_leves,41912,41903,-9,-0.0215,medido,cobertura=99.98%
2010-04,mes_declarado,2010-04,,,,,ok,2010-04
2010-04,subtotal_sub_segmento,automoveis/Grandcab,1978,1978,0,,ok,cauda nao publicada: 0 unidades
2010-04,subtotal_sub_segmento,automoveis/Hatch Médios,13758,13758,0,,ok,cauda nao publicada: 0 unidades
2010-04,subtotal_sub_segmento,automoveis/Hatch Pequenos,37602,37602,0,,ok,cauda nao publicada: 0 unidades
2010-04,subtotal_sub_segmento,automoveis/Monocab,9099,9099,0,,ok,cauda nao publicada: 0 unidades
2010-04,subtotal_sub_segmento,automoveis/Sedans Compactos,6764,6764,0,,ok,cauda nao publicada: 0 unidades
2010-04,subtotal_sub_segmento,automoveis/Sedans Grandes,1435,1435,0,,ok,cauda nao publicada: 0 unidades
2010-04,subtotal_sub_segmento,automoveis/Sedans Pequenos,39696,39696,0,,ok,cauda nao publicada: 0 unidades
2010-04,subtotal_sub_segmento,automoveis/Sedans médios,15171,15171,0,,ok,cauda nao publicada: 0 unidades
2010-04,subtotal_sub_segmento,automoveis/Sports,128,128,0,,ok,cauda nao publicada: 0 unidades
2010-04,subtotal_sub_segmento,automoveis/Suv's,17270,17270,0,,ok,cauda nao publicada: 0 unidades
2010-04,subtotal_sub_segmento,automoveis/Sw Grandes,460,460,0,,ok,cauda nao publicada: 0 unidades
2010-04,subtotal_sub_segmento,automoveis/Sw Médios,4823,4823,0,,ok,cauda nao publicada: 0 unidades
2010-04,subtotal_sub_segmento,automoveis/Veículos de Entrada,73041,73041,0,,ok,cauda nao publicada: 0 unidades
2010-04,subtotal_sub_segmento,comerciais_leves/Furgões,6027,6027,0,,ok,cauda nao publicada: 0 unidades
2010-04,subtotal_sub_segmento,comerciais_leves/Furgões Pequenos,1898,1898,0,,ok,cauda nao publicada: 0 unidades
2010-04,subtotal_sub_segmento,comerciais_leves/Pick-up's Grandes,9597,9597,0,,ok,cauda nao publicada: 0 unidades
2010-04,subtotal_sub_segmento,comerciais_leves/Pick-up's Pequenas,18317,18317,0,,ok,cauda nao publicada: 0 unidades
2010-04,ranking_x_sub_segmento,2010-04,240625,240616,-9,-0.0037,ok,4 modelos divergentes de 76 conferidos; desvio de volume 0.0037%
2010-04,cobertura,automoveis,225311,223219,-2092,-0.9285,medido,cobertura=99.07%
2010-04,cobertura,comerciais_leves,36559,36547,-12,-0.0328,medido,cobertura=99.97%
2010-05,mes_declarado,2010-05,,,,,ok,2010-05
2010-05,subtotal_sub_segmento,automoveis/Grandcab,1591,1591,0,,ok,cauda nao publicada: 0 unidades
2010-05,subtotal_sub_segmento,automoveis/Hatch Médios,11601,11601,0,,ok,cauda nao publicada: 0 unidades
2010-05,subtotal_sub_segmento,automoveis/Hatch Pequenos,29587,29587,0,,ok,cauda nao publicada: 0 unidades
2010-05,subtotal_sub_segmento,automoveis/Monocab,8027,8027,0,,ok,cauda nao publicada: 0 unidades
2010-05,subtotal_sub_segmento,automoveis/Sedans Compactos,6095,6095,0,,ok,cauda nao publicada: 0 unidades
2010-05,subtotal_sub_segmento,automoveis/Sedans Grandes,1395,1395,0,,ok,cauda nao publicada: 0 unidades
2010-05,subtotal_sub_segmento,automoveis/Sedans Pequenos,35119,35119,0,,ok,cauda nao publicada: 0 unidades
2010-05,subtotal_sub_segmento,automoveis/Sedans médios,14086,14086,0,,ok,cauda nao publicada: 0 unidades
2010-05,subtotal_sub_segmento,automoveis/Sports,142,142,0,,ok,cauda nao publicada: 0 unidades
2010-05,subtotal_sub_segmento,automoveis/Suv's,16135,16135,0,,ok,cauda nao publicada: 0 unidades
2010-05,subtotal_sub_segmento,automoveis/Sw Grandes,321,321,0,,ok,cauda nao publicada: 0 unidades
2010-05,subtotal_sub_segmento,automoveis/Sw Médios,3529,3529,0,,ok,cauda nao publicada: 0 unidades
2010-05,subtotal_sub_segmento,automoveis/Veículos de Entrada,66815,66815,0,,ok,cauda nao publicada: 0 unidades
2010-05,subtotal_sub_segmento,comerciais_leves/Furgões,5737,5737,0,,ok,cauda nao publicada: 0 unidades
2010-05,subtotal_sub_segmento,comerciais_leves/Furgões Pequenos,1634,1634,0,,ok,cauda nao publicada: 0 unidades
2010-05,subtotal_sub_segmento,comerciais_leves/Pick-up's Grandes,10224,10224,0,,ok,cauda nao publicada: 0 unidades
2010-05,subtotal_sub_segmento,comerciais_leves/Pick-up's Pequenas,18915,18915,0,,ok,cauda nao publicada: 0 unidades
2010-05,ranking_x_sub_segmento,2010-05,214887,214869,-18,-0.0084,ok,3 modelos divergentes de 75 conferidos; desvio de volume 0.0084%
2010-05,cobertura,automoveis,198288,196891,-1397,-0.7045,medido,cobertura=99.30%
2010-05,cobertura,comerciais_leves,37470,37456,-14,-0.0374,medido,cobertura=99.96%
2010-06,mes_declarado,2010-06,,,,,ok,2010-06
2010-06,subtotal_sub_segmento,automoveis/Grandcab,1718,1718,0,,ok,cauda nao publicada: 0 unidades
2010-06,subtotal_sub_segmento,automoveis/Hatch Médios,10873,10873,0,,ok,cauda nao publicada: 0 unidades
2010-06,subtotal_sub_segmento,automoveis/Hatch Pequenos,31820,31820,0,,ok,cauda nao publicada: 0 unidades
2010-06,subtotal_sub_segmento,automoveis/Monocab,8311,8311,0,,ok,cauda nao publicada: 0 unidades
2010-06,subtotal_sub_segmento,automoveis/Sedans Compactos,6351,6351,0,,ok,cauda nao publicada: 0 unidades
2010-06,subtotal_sub_segmento,automoveis/Sedans Grandes,1394,1394,0,,ok,cauda nao publicada: 0 unidades
2010-06,subtotal_sub_segmento,automoveis/Sedans Pequenos,36824,36824,0,,ok,cauda nao publicada: 0 unidades
2010-06,subtotal_sub_segmento,automoveis/Sedans médios,14686,14686,0,,ok,cauda nao publicada: 0 unidades
2010-06,subtotal_sub_segmento,automoveis/Sports,101,101,0,,ok,cauda nao publicada: 0 unidades
2010-06,subtotal_sub_segmento,automoveis/Suv's,16391,16391,0,,ok,cauda nao publicada: 0 unidades
2010-06,subtotal_sub_segmento,automoveis/Sw Grandes,255,255,0,,ok,cauda nao publicada: 0 unidades
2010-06,subtotal_sub_segmento,automoveis/Sw Médios,3923,3923,0,,ok,cauda nao publicada: 0 unidades
2010-06,subtotal_sub_segmento,automoveis/Veículos de Entrada,71749,71749,0,,ok,cauda nao publicada: 0 unidades
2010-06,subtotal_sub_segmento,comerciais_leves/Furgões,6017,6017,0,,ok,cauda nao publicada: 0 unidades
2010-06,subtotal_sub_segmento,comerciais_leves/Furgões Pequenos,2176,2176,0,,ok,cauda nao publicada: 0 unidades
2010-06,subtotal_sub_segmento,comerciais_leves/Pick-up's Grandes,11126,11126,0,,ok,cauda nao publicada: 0 unidades
2010-06,subtotal_sub_segmento,comerciais_leves/Pick-up's Pequenas,19011,19011,0,,ok,cauda nao publicada: 0 unidades
2010-06,ranking_x_sub_segmento,2010-06,227333,227332,-1,-0.0004,ok,1 modelos divergentes de 77 conferidos; desvio de volume 0.0004%
2010-06,cobertura,automoveis,208158,205672,-2486,-1.1943,medido,cobertura=98.81%
2010-06,cobertura,comerciais_leves,39313,39293,-20,-0.0509,medido,cobertura=99.95%
2010-07,mes_declarado,2010-07,,,,,ok,2010-07
2010-07,subtotal_sub_segmento,automoveis/Grandcab,2036,2036,0,,ok,cauda nao publicada: 0 unidades
2010-07,subtotal_sub_segmento,automoveis/Hatch Médios,12261,12261,0,,ok,cauda nao publicada: 0 unidades
2010-07,subtotal_sub_segmento,automoveis/Hatch Pequenos,37608,37608,0,,ok,cauda nao publicada: 0 unidades
2010-07,subtotal_sub_segmento,automoveis/Monocab,9318,9318,0,,ok,cauda nao publicada: 0 unidades
2010-07,subtotal_sub_segmento,automoveis/Sedans Compactos,6729,6729,0,,ok,cauda nao publicada: 0 unidades
2010-07,subtotal_sub_segmento,automoveis/Sedans Grandes,1562,1562,0,,ok,cauda nao publicada: 0 unidades
2010-07,subtotal_sub_segmento,automoveis/Sedans Pequenos,44992,44992,0,,ok,cauda nao publicada: 0 unidades
2010-07,subtotal_sub_segmento,automoveis/Sedans médios,14737,14737,0,,ok,cauda nao publicada: 0 unidades
2010-07,subtotal_sub_segmento,automoveis/Sports,127,127,0,,ok,cauda nao publicada: 0 unidades
2010-07,subtotal_sub_segmento,automoveis/Suv's,17957,17957,0,,ok,cauda nao publicada: 0 unidades
2010-07,subtotal_sub_segmento,automoveis/Sw Grandes,301,301,0,,ok,cauda nao publicada: 0 unidades
2010-07,subtotal_sub_segmento,automoveis/Sw Médios,4505,4505,0,,ok,cauda nao publicada: 0 unidades
2010-07,subtotal_sub_segmento,automoveis/Veículos de Entrada,87269,87269,0,,ok,cauda nao publicada: 0 unidades
2010-07,subtotal_sub_segmento,comerciais_leves/Furgões,6192,6192,0,,ok,cauda nao publicada: 0 unidades
2010-07,subtotal_sub_segmento,comerciais_leves/Furgões Pequenos,2799,2799,0,,ok,cauda nao publicada: 0 unidades
2010-07,subtotal_sub_segmento,comerciais_leves/Pick-up's Grandes,11331,11331,0,,ok,cauda nao publicada: 0 unidades
2010-07,subtotal_sub_segmento,comerciais_leves/Pick-up's Pequenas,20258,20258,0,,ok,cauda nao publicada: 0 unidades
2010-07,ranking_x_sub_segmento,2010-07,262139,262138,-1,-0.0004,ok,1 modelos divergentes de 77 conferidos; desvio de volume 0.0004%
2010-07,cobertura,automoveis,243242,240571,-2671,-1.0981,medido,cobertura=98.90%
2010-07,cobertura,comerciais_leves,41955,41927,-28,-0.0667,medido,cobertura=99.93%
2010-08,mes_declarado,2010-08,,,,,ok,2010-08
2010-08,subtotal_sub_segmento,automoveis/Grandcab,2105,2105,0,,ok,cauda nao publicada: 0 unidades
2010-08,subtotal_sub_segmento,automoveis/Hatch Médios,13524,13524,0,,ok,cauda nao publicada: 0 unidades
2010-08,subtotal_sub_segmento,automoveis/Hatch Pequenos,43836,43836,0,,ok,cauda nao publicada: 0 unidades
2010-08,subtotal_sub_segmento,automoveis/Monocab,10933,10933,0,,ok,cauda nao publicada: 0 unidades
2010-08,subtotal_sub_segmento,automoveis/Sedans Compactos,7191,7191,0,,ok,cauda nao publicada: 0 unidades
2010-08,subtotal_sub_segmento,automoveis/Sedans Grandes,1883,1883,0,,ok,cauda nao publicada: 0 unidades
2010-08,subtotal_sub_segmento,automoveis/Sedans Pequenos,43229,43229,0,,ok,cauda nao publicada: 0 unidades
2010-08,subtotal_sub_segmento,automoveis/Sedans médios,16690,16690,0,,ok,cauda nao publicada: 0 unidades
2010-08,subtotal_sub_segmento,automoveis/Sports,143,143,0,,ok,cauda nao publicada: 0 unidades
2010-08,subtotal_sub_segmento,automoveis/Suv's,17969,17969,0,,ok,cauda nao publicada: 0 unidades
2010-08,subtotal_sub_segmento,automoveis/Sw Grandes,325,325,0,,ok,cauda nao publicada: 0 unidades
2010-08,subtotal_sub_segmento,automoveis/Sw Médios,5102,5102,0,,ok,cauda nao publicada: 0 unidades
2010-08,subtotal_sub_segmento,automoveis/Veículos de Entrada,88319,88319,0,,ok,cauda nao publicada: 0 unidades
2010-08,subtotal_sub_segmento,comerciais_leves/Furgões,6458,6458,0,,ok,cauda nao publicada: 0 unidades
2010-08,subtotal_sub_segmento,comerciais_leves/Furgões Pequenos,2636,2636,0,,ok,cauda nao publicada: 0 unidades
2010-08,subtotal_sub_segmento,comerciais_leves/Pick-up's Grandes,10295,10295,0,,ok,cauda nao publicada: 0 unidades
2010-08,subtotal_sub_segmento,comerciais_leves/Pick-up's Pequenas,20557,20557,0,,ok,cauda nao publicada: 0 unidades
2010-08,ranking_x_sub_segmento,2010-08,272311,272306,-5,-0.0018,ok,4 modelos divergentes de 78 conferidos; desvio de volume 0.0018%
2010-08,cobertura,automoveis,255060,251249,-3811,-1.4942,medido,cobertura=98.51%
2010-08,cobertura,comerciais_leves,41505,41478,-27,-0.0651,medido,cobertura=99.93%
2010-09,mes_declarado,2010-09,,,,,ok,2010-09
2010-09,subtotal_sub_segmento,automoveis/Grandcab,1989,1989,0,,ok,cauda nao publicada: 0 unidades
2010-09,subtotal_sub_segmento,automoveis/Hatch Médios,13387,13387,0,,ok,cauda nao publicada: 0 unidades
2010-09,subtotal_sub_segmento,automoveis/Hatch Pequenos,43117,43117,0,,ok,cauda nao publicada: 0 unidades
2010-09,subtotal_sub_segmento,automoveis/Monocab,12765,12765,0,,ok,cauda nao publicada: 0 unidades
2010-09,subtotal_sub_segmento,automoveis/Sedans Compactos,6512,6512,0,,ok,cauda nao publicada: 0 unidades
2010-09,subtotal_sub_segmento,automoveis/Sedans Grandes,1813,1813,0,,ok,cauda nao publicada: 0 unidades
2010-09,subtotal_sub_segmento,automoveis/Sedans Pequenos,42744,42744,0,,ok,cauda nao publicada: 0 unidades
2010-09,subtotal_sub_segmento,automoveis/Sedans médios,16677,16677,0,,ok,cauda nao publicada: 0 unidades
2010-09,subtotal_sub_segmento,automoveis/Sports,144,144,0,,ok,cauda nao publicada: 0 unidades
2010-09,subtotal_sub_segmento,automoveis/Suv's,17301,17301,0,,ok,cauda nao publicada: 0 unidades
2010-09,subtotal_sub_segmento,automoveis/Sw Grandes,404,404,0,,ok,cauda nao publicada: 0 unidades
2010-09,subtotal_sub_segmento,automoveis/Sw Médios,5055,5055,0,,ok,cauda nao publicada: 0 unidades
2010-09,subtotal_sub_segmento,automoveis/Veículos de Entrada,85402,85402,0,,ok,cauda nao publicada: 0 unidades
2010-09,subtotal_sub_segmento,comerciais_leves/Furgões,5910,5910,0,,ok,cauda nao publicada: 0 unidades
2010-09,subtotal_sub_segmento,comerciais_leves/Furgões Pequenos,2277,2277,0,,ok,cauda nao publicada: 0 unidades
2010-09,subtotal_sub_segmento,comerciais_leves/Pick-up's Grandes,10938,10938,0,,ok,cauda nao publicada: 0 unidades
2010-09,subtotal_sub_segmento,comerciais_leves/Pick-up's Pequenas,19969,19969,0,,ok,cauda nao publicada: 0 unidades
2010-09,ranking_x_sub_segmento,2010-09,267740,267719,-21,-0.0078,ok,4 modelos divergentes de 78 conferidos; desvio de volume 0.0078%
2010-09,cobertura,automoveis,250784,247310,-3474,-1.3853,medido,cobertura=98.61%
2010-09,cobertura,comerciais_leves,40621,40588,-33,-0.0812,medido,cobertura=99.92%
2010-10,mes_declarado,2010-10,,,,,ok,2010-10
2010-10,subtotal_sub_segmento,automoveis/Grandcab,1835,1835,0,,ok,cauda nao publicada: 0 unidades
2010-10,subtotal_sub_segmento,automoveis/Hatch Médios,13489,13489,0,,ok,cauda nao publicada: 0 unidades
2010-10,subtotal_sub_segmento,automoveis/Hatch Pequenos,39930,39930,0,,ok,cauda nao publicada: 0 unidades
2010-10,subtotal_sub_segmento,automoveis/Monocab,11889,11889,0,,ok,cauda nao publicada: 0 unidades
2010-10,subtotal_sub_segmento,automoveis/Sedans Compactos,7809,7809,0,,ok,cauda nao publicada: 0 unidades
2010-10,subtotal_sub_segmento,automoveis/Sedans Grandes,1732,1732,0,,ok,cauda nao publicada: 0 unidades
2010-10,subtotal_sub_segmento,automoveis/Sedans Pequenos,41976,41976,0,,ok,cauda nao publicada: 0 unidades
2010-10,subtotal_sub_segmento,automoveis/Sedans médios,15215,15215,0,,ok,cauda nao publicada: 0 unidades
2010-10,subtotal_sub_segmento,automoveis/Sports,119,119,0,,ok,cauda nao publicada: 0 unidades
2010-10,subtotal_sub_segmento,automoveis/Suv's,18599,18599,0,,ok,cauda nao publicada: 0 unidades
2010-10,subtotal_sub_segmento,automoveis/Sw Grandes,486,486,0,,ok,cauda nao publicada: 0 unidades
2010-10,subtotal_sub_segmento,automoveis/Sw Médios,5603,5603,0,,ok,cauda nao publicada: 0 unidades
2010-10,subtotal_sub_segmento,automoveis/Veículos de Entrada,83969,83969,0,,ok,cauda nao publicada: 0 unidades
2010-10,subtotal_sub_segmento,comerciais_leves/Furgões,6199,6199,0,,ok,cauda nao publicada: 0 unidades
2010-10,subtotal_sub_segmento,comerciais_leves/Furgões Pequenos,2065,2065,0,,ok,cauda nao publicada: 0 unidades
2010-10,subtotal_sub_segmento,comerciais_leves/Pick-up's Grandes,11968,11968,0,,ok,cauda nao publicada: 0 unidades
2010-10,subtotal_sub_segmento,comerciais_leves/Pick-up's Pequenas,19733,19733,0,,ok,cauda nao publicada: 0 unidades
2010-10,ranking_x_sub_segmento,2010-10,262737,262732,-5,-0.0019,ok,1 modelos divergentes de 78 conferidos; desvio de volume 0.0019%
2010-10,cobertura,automoveis,246034,242651,-3383,-1.3750,medido,cobertura=98.62%
2010-10,cobertura,comerciais_leves,41546,41506,-40,-0.0963,medido,cobertura=99.90%
2010-11,mes_declarado,2010-11,,,,,ok,2010-11
2010-11,subtotal_sub_segmento,automoveis/Grandcab,1840,1840,0,,ok,cauda nao publicada: 0 unidades
2010-11,subtotal_sub_segmento,automoveis/Hatch Médios,14656,14656,0,,ok,cauda nao publicada: 0 unidades
2010-11,subtotal_sub_segmento,automoveis/Hatch Pequenos,43509,43509,0,,ok,cauda nao publicada: 0 unidades
2010-11,subtotal_sub_segmento,automoveis/Monocab,11438,11438,0,,ok,cauda nao publicada: 0 unidades
2010-11,subtotal_sub_segmento,automoveis/Sedans Compactos,9497,9497,0,,ok,cauda nao publicada: 0 unidades
2010-11,subtotal_sub_segmento,automoveis/Sedans Grandes,1563,1563,0,,ok,cauda nao publicada: 0 unidades
2010-11,subtotal_sub_segmento,automoveis/Sedans Pequenos,45051,45051,0,,ok,cauda nao publicada: 0 unidades
2010-11,subtotal_sub_segmento,automoveis/Sedans médios,15156,15156,0,,ok,cauda nao publicada: 0 unidades
2010-11,subtotal_sub_segmento,automoveis/Sports,298,298,0,,ok,cauda nao publicada: 0 unidades
2010-11,subtotal_sub_segmento,automoveis/Suv's,21306,21306,0,,ok,cauda nao publicada: 0 unidades
2010-11,subtotal_sub_segmento,automoveis/Sw Grandes,579,579,0,,ok,cauda nao publicada: 0 unidades
2010-11,subtotal_sub_segmento,automoveis/Sw Médios,5573,5573,0,,ok,cauda nao publicada: 0 unidades
2010-11,subtotal_sub_segmento,automoveis/Veículos de Entrada,94544,94544,0,,ok,cauda nao publicada: 0 unidades
2010-11,subtotal_sub_segmento,comerciais_leves/Furgões,6345,6345,0,,ok,cauda nao publicada: 0 unidades
2010-11,subtotal_sub_segmento,comerciais_leves/Furgões Pequenos,2538,2538,0,,ok,cauda nao publicada: 0 unidades
2010-11,subtotal_sub_segmento,comerciais_leves/Pick-up's Grandes,12042,12042,0,,ok,cauda nao publicada: 0 unidades
2010-11,subtotal_sub_segmento,comerciais_leves/Pick-up's Pequenas,20386,20386,0,,ok,cauda nao publicada: 0 unidades
2010-11,ranking_x_sub_segmento,2010-11,286268,286267,-1,-0.0003,ok,1 modelos divergentes de 78 conferidos; desvio de volume 0.0003%
2010-11,cobertura,automoveis,268606,265010,-3596,-1.3388,medido,cobertura=98.66%
2010-11,cobertura,comerciais_leves,42752,42723,-29,-0.0678,medido,cobertura=99.93%
2010-12,mes_declarado,2010-12,,,,,ok,2010-12
2010-12,subtotal_sub_segmento,automoveis/Grandcab,1903,1903,0,,ok,cauda nao publicada: 0 unidades
2010-12,subtotal_sub_segmento,automoveis/Hatch Médios,17059,17059,0,,ok,cauda nao publicada: 0 unidades
2010-12,subtotal_sub_segmento,automoveis/Hatch Pequenos,53070,53070,0,,ok,cauda nao publicada: 0 unidades
2010-12,subtotal_sub_segmento,automoveis/Monocab,14549,14549,0,,ok,cauda nao publicada: 0 unidades
2010-12,subtotal_sub_segmento,automoveis/Sedans Compactos,11175,11175,0,,ok,cauda nao publicada: 0 unidades
2010-12,subtotal_sub_segmento,automoveis/Sedans Grandes,1745,1745,0,,ok,cauda nao publicada: 0 unidades
2010-12,subtotal_sub_segmento,automoveis/Sedans Pequenos,52252,52252,0,,ok,cauda nao publicada: 0 unidades
2010-12,subtotal_sub_segmento,automoveis/Sedans médios,19570,19570,0,,ok,cauda nao publicada: 0 unidades
2010-12,subtotal_sub_segmento,automoveis/Sports,362,362,0,,ok,cauda nao publicada: 0 unidades
2010-12,subtotal_sub_segmento,automoveis/Suv's,26167,26167,0,,ok,cauda nao publicada: 0 unidades
2010-12,subtotal_sub_segmento,automoveis/Sw Grandes,552,552,0,,ok,cauda nao publicada: 0 unidades
2010-12,subtotal_sub_segmento,automoveis/Sw Médios,7204,7204,0,,ok,cauda nao publicada: 0 unidades
2010-12,subtotal_sub_segmento,automoveis/Veículos de Entrada,101730,101730,0,,ok,cauda nao publicada: 0 unidades
2010-12,subtotal_sub_segmento,comerciais_leves/Furgões,6122,6122,0,,ok,cauda nao publicada: 0 unidades
2010-12,subtotal_sub_segmento,comerciais_leves/Furgões Pequenos,2417,2417,0,,ok,cauda nao publicada: 0 unidades
2010-12,subtotal_sub_segmento,comerciais_leves/Pick-up's Grandes,14694,14694,0,,ok,cauda nao publicada: 0 unidades
2010-12,subtotal_sub_segmento,comerciais_leves/Pick-up's Pequenas,23498,23498,0,,ok,cauda nao publicada: 0 unidades
2010-12,ranking_x_sub_segmento,2010-12,328284,328277,-7,-0.0021,ok,3 modelos divergentes de 78 conferidos; desvio de volume 0.0021%
2010-12,cobertura,automoveis,312741,307338,-5403,-1.7276,medido,cobertura=98.27%
2010-12,cobertura,comerciais_leves,48476,48449,-27,-0.0557,medido,cobertura=99.94%
2011-01,mes_declarado,2011-01,,,,,ok,2011-01
2011-01,subtotal_sub_segmento,automoveis/Grandcab,1587,1587,0,,ok,cauda nao publicada: 0 unidades
2011-01,subtotal_sub_segmento,automoveis/Hatch Médios,11666,11666,0,,ok,cauda nao publicada: 0 unidades
2011-01,subtotal_sub_segmento,automoveis/Hatch Pequenos,34022,34022,0,,ok,cauda nao publicada: 0 unidades
2011-01,subtotal_sub_segmento,automoveis/Monocab,7980,7980,0,,ok,cauda nao publicada: 0 unidades
2011-01,subtotal_sub_segmento,automoveis/Sedans Compactos,6380,6380,0,,ok,cauda nao publicada: 0 unidades
2011-01,subtotal_sub_segmento,automoveis/Sedans Grandes,1903,1903,0,,ok,cauda nao publicada: 0 unidades
2011-01,subtotal_sub_segmento,automoveis/Sedans Pequenos,29871,29871,0,,ok,cauda nao publicada: 0 unidades
2011-01,subtotal_sub_segmento,automoveis/Sedans médios,12472,12472,0,,ok,cauda nao publicada: 0 unidades
2011-01,subtotal_sub_segmento,automoveis/Sports,294,294,0,,ok,cauda nao publicada: 0 unidades
2011-01,subtotal_sub_segmento,automoveis/Suv's,16750,16750,0,,ok,cauda nao publicada: 0 unidades
2011-01,subtotal_sub_segmento,automoveis/Sw Grandes,511,511,0,,ok,cauda nao publicada: 0 unidades
2011-01,subtotal_sub_segmento,automoveis/Sw Médios,4150,4150,0,,ok,cauda nao publicada: 0 unidades
2011-01,subtotal_sub_segmento,automoveis/Veículos de Entrada,64852,64852,0,,ok,cauda nao publicada: 0 unidades
2011-01,subtotal_sub_segmento,comerciais_leves/Furgões,5265,5265,0,,ok,cauda nao publicada: 0 unidades
2011-01,subtotal_sub_segmento,comerciais_leves/Furgões Pequenos,1867,1867,0,,ok,cauda nao publicada: 0 unidades
2011-01,subtotal_sub_segmento,comerciais_leves/Pick-up's Grandes,9763,9763,0,,ok,cauda nao publicada: 0 unidades
2011-01,subtotal_sub_segmento,comerciais_leves/Pick-up's Pequenas,15711,15711,0,,ok,cauda nao publicada: 0 unidades
2011-01,ranking_x_sub_segmento,2011-01,206459,206455,-4,-0.0019,ok,1 modelos divergentes de 78 conferidos; desvio de volume 0.0019%
2011-01,cobertura,automoveis,196008,192438,-3570,-1.8214,medido,cobertura=98.18%
2011-01,cobertura,comerciais_leves,34105,34064,-41,-0.1202,medido,cobertura=99.88%
2011-02,mes_declarado,2011-02,,,,,ok,2011-02
2011-02,subtotal_sub_segmento,automoveis/Grandcab,1556,1556,0,,ok,cauda nao publicada: 0 unidades
2011-02,subtotal_sub_segmento,automoveis/Hatch Médios,11795,11795,0,,ok,cauda nao publicada: 0 unidades
2011-02,subtotal_sub_segmento,automoveis/Hatch Pequenos,38501,38501,0,,ok,cauda nao publicada: 0 unidades
2011-02,subtotal_sub_segmento,automoveis/Monocab,9634,9634,0,,ok,cauda nao publicada: 0 unidades
2011-02,subtotal_sub_segmento,automoveis/Sedans Compactos,7083,7083,0,,ok,cauda nao publicada: 0 unidades
2011-02,subtotal_sub_segmento,automoveis/Sedans Grandes,1873,1873,0,,ok,cauda nao publicada: 0 unidades
2011-02,subtotal_sub_segmento,automoveis/Sedans Pequenos,35083,35083,0,,ok,cauda nao publicada: 0 unidades
2011-02,subtotal_sub_segmento,automoveis/Sedans médios,13701,13701,0,,ok,cauda nao publicada: 0 unidades
2011-02,subtotal_sub_segmento,automoveis/Sports,229,229,0,,ok,cauda nao publicada: 0 unidades
2011-02,subtotal_sub_segmento,automoveis/Suv's,18664,18664,0,,ok,cauda nao publicada: 0 unidades
2011-02,subtotal_sub_segmento,automoveis/Sw Grandes,634,634,0,,ok,cauda nao publicada: 0 unidades
2011-02,subtotal_sub_segmento,automoveis/Sw Médios,4704,4704,0,,ok,cauda nao publicada: 0 unidades
2011-02,subtotal_sub_segmento,automoveis/Veículos de Entrada,71319,71319,0,,ok,cauda nao publicada: 0 unidades
2011-02,subtotal_sub_segmento,comerciais_leves/Furgões,5644,5644,0,,ok,cauda nao publicada: 0 unidades
2011-02,subtotal_sub_segmento,comerciais_leves/Furgões Pequenos,2391,2391,0,,ok,cauda nao publicada: 0 unidades
2011-02,subtotal_sub_segmento,comerciais_leves/Pick-up's Grandes,9640,9640,0,,ok,cauda nao publicada: 0 unidades
2011-02,subtotal_sub_segmento,comerciais_leves/Pick-up's Pequenas,20134,20134,0,,ok,cauda nao publicada: 0 unidades
2011-02,ranking_x_sub_segmento,2011-02,233268,233268,0,,ok,0 modelos divergentes de 78 conferidos; desvio de volume 0.0000%
2011-02,cobertura,automoveis,219235,214776,-4459,-2.0339,medido,cobertura=97.97%
2011-02,cobertura,comerciais_leves,39554,39539,-15,-0.0379,medido,cobertura=99.96%
2011-03,mes_declarado,2011-03,,,,,ok,2011-03
2011-03,subtotal_sub_segmento,automoveis/Grandcab,1583,1583,0,,ok,cauda nao publicada: 0 unidades
2011-03,subtotal_sub_segmento,automoveis/Hatch Médios,12561,12561,0,,ok,cauda nao publicada: 0 unidades
2011-03,subtotal_sub_segmento,automoveis/Hatch Pequenos,40836,40836,0,,ok,cauda nao publicada: 0 unidades
2011-03,subtotal_sub_segmento,automoveis/Monocab,13140,13140,0,,ok,cauda nao publicada: 0 unidades
2011-03,subtotal_sub_segmento,automoveis/Sedans Compactos,7244,7244,0,,ok,cauda nao publicada: 0 unidades
2011-03,subtotal_sub_segmento,automoveis/Sedans Grandes,1876,1876,0,,ok,cauda nao publicada: 0 unidades
2011-03,subtotal_sub_segmento,automoveis/Sedans Pequenos,36337,36337,0,,ok,cauda nao publicada: 0 unidades
2011-03,subtotal_sub_segmento,automoveis/Sedans médios,15135,15135,0,,ok,cauda nao publicada: 0 unidades
2011-03,subtotal_sub_segmento,automoveis/Sports,228,228,0,,ok,cauda nao publicada: 0 unidades
2011-03,subtotal_sub_segmento,automoveis/Suv's,21430,21430,0,,ok,cauda nao publicada: 0 unidades
2011-03,subtotal_sub_segmento,automoveis/Sw Grandes,905,905,0,,ok,cauda nao publicada: 0 unidades
2011-03,subtotal_sub_segmento,automoveis/Sw Médios,4569,4569,0,,ok,cauda nao publicada: 0 unidades
2011-03,subtotal_sub_segmento,automoveis/Veículos de Entrada,82672,82672,0,,ok,cauda nao publicada: 0 unidades
2011-03,subtotal_sub_segmento,comerciais_leves/Furgões,6378,6378,0,,ok,cauda nao publicada: 0 unidades
2011-03,subtotal_sub_segmento,comerciais_leves/Furgões Pequenos,2546,2546,0,,ok,cauda nao publicada: 0 unidades
2011-03,subtotal_sub_segmento,comerciais_leves/Pick-up's Grandes,12110,12110,0,,ok,cauda nao publicada: 0 unidades
2011-03,subtotal_sub_segmento,comerciais_leves/Pick-up's Pequenas,22055,22055,0,,ok,cauda nao publicada: 0 unidades
2011-03,ranking_x_sub_segmento,2011-03,259108,259108,0,,ok,0 modelos divergentes de 77 conferidos; desvio de volume 0.0000%
2011-03,cobertura,automoveis,243956,239650,-4306,-1.7651,medido,cobertura=98.23%
2011-03,cobertura,comerciais_leves,44754,44738,-16,-0.0358,medido,cobertura=99.96%
2011-04,mes_declarado,2011-04,,,,,ok,2011-04
2011-04,subtotal_sub_segmento,automoveis/Grandcab,1600,1600,0,,ok,cauda nao publicada: 0 unidades
2011-04,subtotal_sub_segmento,automoveis/Hatch Médios,12032,12032,0,,ok,cauda nao publicada: 0 unidades
2011-04,subtotal_sub_segmento,automoveis/Hatch Pequenos,37773,37773,0,,ok,cauda nao publicada: 0 unidades
2011-04,subtotal_sub_segmento,automoveis/Monocab,9850,9850,0,,ok,cauda nao publicada: 0 unidades
2011-04,subtotal_sub_segmento,automoveis/Sedans Compactos,7142,7142,0,,ok,cauda nao publicada: 0 unidades
2011-04,subtotal_sub_segmento,automoveis/Sedans Grandes,2238,2238,0,,ok,cauda nao publicada: 0 unidades
2011-04,subtotal_sub_segmento,automoveis/Sedans Pequenos,36105,36105,0,,ok,cauda nao publicada: 0 unidades
2011-04,subtotal_sub_segmento,automoveis/Sedans médios,16651,16651,0,,ok,cauda nao publicada: 0 unidades
2011-04,subtotal_sub_segmento,automoveis/Sports,330,330,0,,ok,cauda nao publicada: 0 unidades
2011-04,subtotal_sub_segmento,automoveis/Suv's,22069,22069,0,,ok,cauda nao publicada: 0 unidades
2011-04,subtotal_sub_segmento,automoveis/Sw Grandes,879,879,0,,ok,cauda nao publicada: 0 unidades
2011-04,subtotal_sub_segmento,automoveis/Sw Médios,4117,4117,0,,ok,cauda nao publicada: 0 unidades
2011-04,subtotal_sub_segmento,automoveis/Veículos de Entrada,75543,75543,0,,ok,cauda nao publicada: 0 unidades
2011-04,subtotal_sub_segmento,comerciais_leves/Furgões,5782,5782,0,,ok,cauda nao publicada: 0 unidades
2011-04,subtotal_sub_segmento,comerciais_leves/Furgões Pequenos,2738,2738,0,,ok,cauda nao publicada: 0 unidades
2011-04,subtotal_sub_segmento,comerciais_leves/Pick-up's Grandes,11485,11485,0,,ok,cauda nao publicada: 0 unidades
2011-04,subtotal_sub_segmento,comerciais_leves/Pick-up's Pequenas,19625,19625,0,,ok,cauda nao publicada: 0 unidades
2011-04,ranking_x_sub_segmento,2011-04,241428,241425,-3,-0.0012,ok,3 modelos divergentes de 77 conferidos; desvio de volume 0.0012%
2011-04,cobertura,automoveis,231736,227330,-4406,-1.9013,medido,cobertura=98.10%
2011-04,cobertura,comerciais_leves,41145,41133,-12,-0.0292,medido,cobertura=99.97%
2011-05,mes_declarado,2011-05,,,,,ok,2011-05
2011-05,subtotal_sub_segmento,automoveis/Grandcab,1490,1490,0,,ok,cauda nao publicada: 0 unidades
2011-05,subtotal_sub_segmento,automoveis/Hatch Médios,12884,12884,0,,ok,cauda nao publicada: 0 unidades
2011-05,subtotal_sub_segmento,automoveis/Hatch Pequenos,38195,38195,0,,ok,cauda nao publicada: 0 unidades
2011-05,subtotal_sub_segmento,automoveis/Monocab,10627,10627,0,,ok,cauda nao publicada: 0 unidades
2011-05,subtotal_sub_segmento,automoveis/Sedans Compactos,8575,8575,0,,ok,cauda nao publicada: 0 unidades
2011-05,subtotal_sub_segmento,automoveis/Sedans Grandes,2934,2934,0,,ok,cauda nao publicada: 0 unidades
2011-05,subtotal_sub_segmento,automoveis/Sedans Pequenos,42057,42057,0,,ok,cauda nao publicada: 0 unidades
2011-05,subtotal_sub_segmento,automoveis/Sedans médios,18686,18686,0,,ok,cauda nao publicada: 0 unidades
2011-05,subtotal_sub_segmento,automoveis/Sports,364,364,0,,ok,cauda nao publicada: 0 unidades
2011-05,subtotal_sub_segmento,automoveis/Suv's,23114,23114,0,,ok,cauda nao publicada: 0 unidades
2011-05,subtotal_sub_segmento,automoveis/Sw Grandes,676,676,0,,ok,cauda nao publicada: 0 unidades
2011-05,subtotal_sub_segmento,automoveis/Sw Médios,4725,4725,0,,ok,cauda nao publicada: 0 unidades
2011-05,subtotal_sub_segmento,automoveis/Veículos de Entrada,83709,83709,0,,ok,cauda nao publicada: 0 unidades
2011-05,subtotal_sub_segmento,comerciais_leves/Furgões,6721,6721,0,,ok,cauda nao publicada: 0 unidades
2011-05,subtotal_sub_segmento,comerciais_leves/Furgões Pequenos,2943,2943,0,,ok,cauda nao publicada: 0 unidades
2011-05,subtotal_sub_segmento,comerciais_leves/Pick-up's Grandes,12356,12356,0,,ok,cauda nao publicada: 0 unidades
2011-05,subtotal_sub_segmento,comerciais_leves/Pick-up's Pequenas,22658,22658,0,,ok,cauda nao publicada: 0 unidades
2011-05,ranking_x_sub_segmento,2011-05,264546,264540,-6,-0.0023,ok,1 modelos divergentes de 76 conferidos; desvio de volume 0.0023%
2011-05,cobertura,automoveis,254055,249227,-4828,-1.9004,medido,cobertura=98.10%
2011-05,cobertura,comerciais_leves,46431,46413,-18,-0.0388,medido,cobertura=99.96%
2011-06,mes_declarado,2011-06,,,,,ok,2011-06
2011-06,subtotal_sub_segmento,automoveis/Grandcab,1655,1655,0,,ok,cauda nao publicada: 0 unidades
2011-06,subtotal_sub_segmento,automoveis/Hatch Médios,11571,11571,0,,ok,cauda nao publicada: 0 unidades
2011-06,subtotal_sub_segmento,automoveis/Hatch Pequenos,33641,33641,0,,ok,cauda nao publicada: 0 unidades
2011-06,subtotal_sub_segmento,automoveis/Monocab,9541,9541,0,,ok,cauda nao publicada: 0 unidades
2011-06,subtotal_sub_segmento,automoveis/Sedans Compactos,7340,7340,0,,ok,cauda nao publicada: 0 unidades
2011-06,subtotal_sub_segmento,automoveis/Sedans Grandes,2887,2887,0,,ok,cauda nao publicada: 0 unidades
2011-06,subtotal_sub_segmento,automoveis/Sedans Pequenos,39815,39815,0,,ok,cauda nao publicada: 0 unidades
2011-06,subtotal_sub_segmento,automoveis/Sedans médios,18074,18074,0,,ok,cauda nao publicada: 0 unidades
2011-06,subtotal_sub_segmento,automoveis/Sports,269,269,0,,ok,cauda nao publicada: 0 unidades
2011-06,subtotal_sub_segmento,automoveis/Suv's,21916,21916,0,,ok,cauda nao publicada: 0 unidades
2011-06,subtotal_sub_segmento,automoveis/Sw Grandes,759,759,0,,ok,cauda nao publicada: 0 unidades
2011-06,subtotal_sub_segmento,automoveis/Sw Médios,4401,4401,0,,ok,cauda nao publicada: 0 unidades
2011-06,subtotal_sub_segmento,automoveis/Veículos de Entrada,85300,85300,0,,ok,cauda nao publicada: 0 unidades
2011-06,subtotal_sub_segmento,comerciais_leves/Furgões,6210,6210,0,,ok,cauda nao publicada: 0 unidades
2011-06,subtotal_sub_segmento,comerciais_leves/Furgões Pequenos,2498,2498,0,,ok,cauda nao publicada: 0 unidades
2011-06,subtotal_sub_segmento,comerciais_leves/Pick-up's Grandes,11516,11516,0,,ok,cauda nao publicada: 0 unidades
2011-06,subtotal_sub_segmento,comerciais_leves/Pick-up's Pequenas,22200,22200,0,,ok,cauda nao publicada: 0 unidades
2011-06,ranking_x_sub_segmento,2011-06,251965,251223,-742,-0.2945,ok,3 modelos divergentes de 78 conferidos; desvio de volume 0.2945%
2011-06,cobertura,automoveis,242728,237169,-5559,-2.2902,medido,cobertura=97.71%
2011-06,cobertura,comerciais_leves,44180,44147,-33,-0.0747,medido,cobertura=99.93%
2011-07,mes_declarado,2011-07,,,,,ok,2011-07
2011-07,subtotal_sub_segmento,automoveis/Grandcab,1603,1603,0,,ok,cauda nao publicada: 0 unidades
2011-07,subtotal_sub_segmento,automoveis/Hatch Médios,13323,13323,0,,ok,cauda nao publicada: 0 unidades
2011-07,subtotal_sub_segmento,automoveis/Hatch Pequenos,40670,40670,0,,ok,cauda nao publicada: 0 unidades
2011-07,subtotal_sub_segmento,automoveis/Monocab,9304,9304,0,,ok,cauda nao publicada: 0 unidades
2011-07,subtotal_sub_segmento,automoveis/Sedans Compactos,7475,7475,0,,ok,cauda nao publicada: 0 unidades
2011-07,subtotal_sub_segmento,automoveis/Sedans Grandes,2720,2720,0,,ok,cauda nao publicada: 0 unidades
2011-07,subtotal_sub_segmento,automoveis/Sedans Pequenos,36988,36988,0,,ok,cauda nao publicada: 0 unidades
2011-07,subtotal_sub_segmento,automoveis/Sedans médios,16489,16489,0,,ok,cauda nao publicada: 0 unidades
2011-07,subtotal_sub_segmento,automoveis/Sports,240,240,0,,ok,cauda nao publicada: 0 unidades
2011-07,subtotal_sub_segmento,automoveis/Suv's,20635,20635,0,,ok,cauda nao publicada: 0 unidades
2011-07,subtotal_sub_segmento,automoveis/Sw Grandes,840,840,0,,ok,cauda nao publicada: 0 unidades
2011-07,subtotal_sub_segmento,automoveis/Sw Médios,4306,4306,0,,ok,cauda nao publicada: 0 unidades
2011-07,subtotal_sub_segmento,automoveis/Veículos de Entrada,82941,82941,0,,ok,cauda nao publicada: 0 unidades
2011-07,subtotal_sub_segmento,comerciais_leves/Furgões,6615,6615,0,,ok,cauda nao publicada: 0 unidades
2011-07,subtotal_sub_segmento,comerciais_leves/Furgões Pequenos,2709,2709,0,,ok,cauda nao publicada: 0 unidades
2011-07,subtotal_sub_segmento,comerciais_leves/Pick-up's Grandes,12041,12041,0,,ok,cauda nao publicada: 0 unidades
2011-07,subtotal_sub_segmento,comerciais_leves/Pick-up's Pequenas,22735,22735,0,,ok,cauda nao publicada: 0 unidades
2011-07,ranking_x_sub_segmento,2011-07,253827,253817,-10,-0.0039,ok,3 modelos divergentes de 78 conferidos; desvio de volume 0.0039%
2011-07,cobertura,automoveis,242128,237534,-4594,-1.8973,medido,cobertura=98.10%
2011-07,cobertura,comerciais_leves,45819,45793,-26,-0.0567,medido,cobertura=99.94%
2011-08,mes_declarado,2011-08,,,,,ok,2011-08
2011-08,subtotal_sub_segmento,automoveis/Grandcab,2136,2136,0,,ok,cauda nao publicada: 0 unidades
2011-08,subtotal_sub_segmento,automoveis/Hatch Médios,15452,15452,0,,ok,cauda nao publicada: 0 unidades
2011-08,subtotal_sub_segmento,automoveis/Hatch Pequenos,45516,45516,0,,ok,cauda nao publicada: 0 unidades
2011-08,subtotal_sub_segmento,automoveis/Monocab,10463,10463,0,,ok,cauda nao publicada: 0 unidades
2011-08,subtotal_sub_segmento,automoveis/Sedans Compactos,7706,7706,0,,ok,cauda nao publicada: 0 unidades
2011-08,subtotal_sub_segmento,automoveis/Sedans Grandes,2376,2376,0,,ok,cauda nao publicada: 0 unidades
2011-08,subtotal_sub_segmento,automoveis/Sedans Pequenos,38208,38208,0,,ok,cauda nao publicada: 0 unidades
2011-08,subtotal_sub_segmento,automoveis/Sedans médios,16865,16865,0,,ok,cauda nao publicada: 0 unidades
2011-08,subtotal_sub_segmento,automoveis/Sports,334,334,0,,ok,cauda nao publicada: 0 unidades
2011-08,subtotal_sub_segmento,automoveis/Suv's,23218,23218,0,,ok,cauda nao publicada: 0 unidades
2011-08,subtotal_sub_segmento,automoveis/Sw Grandes,1175,1175,0,,ok,cauda nao publicada: 0 unidades
2011-08,subtotal_sub_segmento,automoveis/Sw Médios,4665,4665,0,,ok,cauda nao publicada: 0 unidades
2011-08,subtotal_sub_segmento,automoveis/Veículos de Entrada,85020,85020,0,,ok,cauda nao publicada: 0 unidades
2011-08,subtotal_sub_segmento,comerciais_leves/Furgões,7344,7344,0,,ok,cauda nao publicada: 0 unidades
2011-08,subtotal_sub_segmento,comerciais_leves/Furgões Pequenos,3044,3044,0,,ok,cauda nao publicada: 0 unidades
2011-08,subtotal_sub_segmento,comerciais_leves/Pick-up's Grandes,13542,13542,0,,ok,cauda nao publicada: 0 unidades
2011-08,subtotal_sub_segmento,comerciais_leves/Pick-up's Pequenas,23956,23956,0,,ok,cauda nao publicada: 0 unidades
2011-08,ranking_x_sub_segmento,2011-08,270322,270319,-3,-0.0011,ok,2 modelos divergentes de 78 conferidos; desvio de volume 0.0011%
2011-08,cobertura,automoveis,258206,253134,-5072,-1.9643,medido,cobertura=98.04%
2011-08,cobertura,comerciais_leves,49558,49542,-16,-0.0323,medido,cobertura=99.97%
2011-09,mes_declarado,2011-09,,,,,ok,2011-09
2011-09,subtotal_sub_segmento,automoveis/Grandcab,2020,2020,0,,ok,cauda nao publicada: 0 unidades
2011-09,subtotal_sub_segmento,automoveis/Hatch Médios,13883,13883,0,,ok,cauda nao publicada: 0 unidades
2011-09,subtotal_sub_segmento,automoveis/Hatch Pequenos,42137,42137,0,,ok,cauda nao publicada: 0 unidades
2011-09,subtotal_sub_segmento,automoveis/Monocab,11774,11774,0,,ok,cauda nao publicada: 0 unidades
2011-09,subtotal_sub_segmento,automoveis/Sedans Compactos,6962,6962,0,,ok,cauda nao publicada: 0 unidades
2011-09,subtotal_sub_segmento,automoveis/Sedans Grandes,2652,2652,0,,ok,cauda nao publicada: 0 unidades
2011-09,subtotal_sub_segmento,automoveis/Sedans Pequenos,35090,35090,0,,ok,cauda nao publicada: 0 unidades
2011-09,subtotal_sub_segmento,automoveis/Sedans médios,19451,19451,0,,ok,cauda nao publicada: 0 unidades
2011-09,subtotal_sub_segmento,automoveis/Sports,501,501,0,,ok,cauda nao publicada: 0 unidades
2011-09,subtotal_sub_segmento,automoveis/Suv's,24505,24505,0,,ok,cauda nao publicada: 0 unidades
2011-09,subtotal_sub_segmento,automoveis/Sw Grandes,1275,1275,0,,ok,cauda nao publicada: 0 unidades
2011-09,subtotal_sub_segmento,automoveis/Sw Médios,3901,3901,0,,ok,cauda nao publicada: 0 unidades
2011-09,subtotal_sub_segmento,automoveis/Veículos de Entrada,78045,78045,0,,ok,cauda nao publicada: 0 unidades
2011-09,subtotal_sub_segmento,comerciais_leves/Furgões,6668,6668,0,,ok,cauda nao publicada: 0 unidades
2011-09,subtotal_sub_segmento,comerciais_leves/Furgões Pequenos,2585,2585,0,,ok,cauda nao publicada: 0 unidades
2011-09,subtotal_sub_segmento,comerciais_leves/Pick-up's Grandes,12787,12787,0,,ok,cauda nao publicada: 0 unidades
2011-09,subtotal_sub_segmento,comerciais_leves/Pick-up's Pequenas,20324,20324,0,,ok,cauda nao publicada: 0 unidades
2011-09,ranking_x_sub_segmento,2011-09,249781,249777,-4,-0.0016,ok,3 modelos divergentes de 77 conferidos; desvio de volume 0.0016%
2011-09,cobertura,automoveis,249575,243386,-6189,-2.4798,medido,cobertura=97.52%
2011-09,cobertura,comerciais_leves,44004,43983,-21,-0.0477,medido,cobertura=99.95%
2011-10,mes_declarado,2011-10,,,,,ok,2011-10
2011-10,subtotal_sub_segmento,automoveis/Grandcab,1419,1419,0,,ok,cauda nao publicada: 0 unidades
2011-10,subtotal_sub_segmento,automoveis/Hatch Médios,10809,10809,0,,ok,cauda nao publicada: 0 unidades
2011-10,subtotal_sub_segmento,automoveis/Hatch Pequenos,40104,40104,0,,ok,cauda nao publicada: 0 unidades
2011-10,subtotal_sub_segmento,automoveis/Monocab,9006,9006,0,,ok,cauda nao publicada: 0 unidades
2011-10,subtotal_sub_segmento,automoveis/Sedans Compactos,5676,5676,0,,ok,cauda nao publicada: 0 unidades
2011-10,subtotal_sub_segmento,automoveis/Sedans Grandes,2108,2108,0,,ok,cauda nao publicada: 0 unidades
2011-10,subtotal_sub_segmento,automoveis/Sedans Pequenos,30553,30553,0,,ok,cauda nao publicada: 0 unidades
2011-10,subtotal_sub_segmento,automoveis/Sedans médios,17656,17656,0,,ok,cauda nao publicada: 0 unidades
2011-10,subtotal_sub_segmento,automoveis/Sports,369,369,0,,ok,cauda nao publicada: 0 unidades
2011-10,subtotal_sub_segmento,automoveis/Suv's,21103,21103,0,,ok,cauda nao publicada: 0 unidades
2011-10,subtotal_sub_segmento,automoveis/Sw Grandes,1311,1311,0,,ok,cauda nao publicada: 0 unidades
2011-10,subtotal_sub_segmento,automoveis/Sw Médios,3682,3682,0,,ok,cauda nao publicada: 0 unidades
2011-10,subtotal_sub_segmento,automoveis/Veículos de Entrada,71864,71864,0,,ok,cauda nao publicada: 0 unidades
2011-10,subtotal_sub_segmento,comerciais_leves/Furgões,6048,6048,0,,ok,cauda nao publicada: 0 unidades
2011-10,subtotal_sub_segmento,comerciais_leves/Furgões Pequenos,2380,2380,0,,ok,cauda nao publicada: 0 unidades
2011-10,subtotal_sub_segmento,comerciais_leves/Pick-up's Grandes,11715,11715,0,,ok,cauda nao publicada: 0 unidades
2011-10,subtotal_sub_segmento,comerciais_leves/Pick-up's Pequenas,18650,18650,0,,ok,cauda nao publicada: 0 unidades
2011-10,ranking_x_sub_segmento,2011-10,224769,224762,-7,-0.0031,ok,2 modelos divergentes de 76 conferidos; desvio de volume 0.0031%
2011-10,cobertura,automoveis,223586,218810,-4776,-2.1361,medido,cobertura=97.86%
2011-10,cobertura,comerciais_leves,40195,40171,-24,-0.0597,medido,cobertura=99.94%
2011-11,mes_declarado,2011-11,,,,,ok,2011-11
2011-11,subtotal_sub_segmento,automoveis/Grandcab,1567,1567,0,,ok,cauda nao publicada: 0 unidades
2011-11,subtotal_sub_segmento,automoveis/Hatch Médios,11597,11597,0,,ok,cauda nao publicada: 0 unidades
2011-11,subtotal_sub_segmento,automoveis/Hatch Pequenos,47200,47200,0,,ok,cauda nao publicada: 0 unidades
2011-11,subtotal_sub_segmento,automoveis/Monocab,10647,10647,0,,ok,cauda nao publicada: 0 unidades
2011-11,subtotal_sub_segmento,automoveis/Sedans Compactos,6016,6016,0,,ok,cauda nao publicada: 0 unidades
2011-11,subtotal_sub_segmento,automoveis/Sedans Grandes,1937,1937,0,,ok,cauda nao publicada: 0 unidades
2011-11,subtotal_sub_segmento,automoveis/Sedans Pequenos,37665,37665,0,,ok,cauda nao publicada: 0 unidades
2011-11,subtotal_sub_segmento,automoveis/Sedans médios,21130,21130,0,,ok,cauda nao publicada: 0 unidades
2011-11,subtotal_sub_segmento,automoveis/Sports,319,319,0,,ok,cauda nao publicada: 0 unidades
2011-11,subtotal_sub_segmento,automoveis/Suv's,26601,26601,0,,ok,cauda nao publicada: 0 unidades
2011-11,subtotal_sub_segmento,automoveis/Sw Grandes,1386,1386,0,,ok,cauda nao publicada: 0 unidades
2011-11,subtotal_sub_segmento,automoveis/Sw Médios,3609,3609,0,,ok,cauda nao publicada: 0 unidades
2011-11,subtotal_sub_segmento,automoveis/Veículos de Entrada,80688,80688,0,,ok,cauda nao publicada: 0 unidades
2011-11,subtotal_sub_segmento,comerciais_leves/Furgões,6227,6227,0,,ok,cauda nao publicada: 0 unidades
2011-11,subtotal_sub_segmento,comerciais_leves/Furgões Pequenos,2252,2252,0,,ok,cauda nao publicada: 0 unidades
2011-11,subtotal_sub_segmento,comerciais_leves/Pick-up's Grandes,14442,14442,0,,ok,cauda nao publicada: 0 unidades
2011-11,subtotal_sub_segmento,comerciais_leves/Pick-up's Pequenas,21348,21348,0,,ok,cauda nao publicada: 0 unidades
2011-11,ranking_x_sub_segmento,2011-11,261346,261342,-4,-0.0015,ok,3 modelos divergentes de 76 conferidos; desvio de volume 0.0015%
2011-11,cobertura,automoveis,259285,253929,-5356,-2.0657,medido,cobertura=97.93%
2011-11,cobertura,comerciais_leves,45906,45884,-22,-0.0479,medido,cobertura=99.95%
2011-12,mes_declarado,2011-12,,,,,ok,2011-12
2011-12,subtotal_sub_segmento,automoveis/Grandcab,2030,2030,0,,ok,cauda nao publicada: 0 unidades
2011-12,subtotal_sub_segmento,automoveis/Hatch Médios,11585,11585,0,,ok,cauda nao publicada: 0 unidades
2011-12,subtotal_sub_segmento,automoveis/Hatch Pequenos,49673,49673,0,,ok,cauda nao publicada: 0 unidades
2011-12,subtotal_sub_segmento,automoveis/Monocab,10706,10706,0,,ok,cauda nao publicada: 0 unidades
2011-12,subtotal_sub_segmento,automoveis/Sedans Compactos,6699,6699,0,,ok,cauda nao publicada: 0 unidades
2011-12,subtotal_sub_segmento,automoveis/Sedans Grandes,2455,2455,0,,ok,cauda nao publicada: 0 unidades
2011-12,subtotal_sub_segmento,automoveis/Sedans Pequenos,39918,39918,0,,ok,cauda nao publicada: 0 unidades
2011-12,subtotal_sub_segmento,automoveis/Sedans médios,22471,22471,0,,ok,cauda nao publicada: 0 unidades
2011-12,subtotal_sub_segmento,automoveis/Sports,435,435,0,,ok,cauda nao publicada: 0 unidades
2011-12,subtotal_sub_segmento,automoveis/Suv's,31084,31084,0,,ok,cauda nao publicada: 0 unidades
2011-12,subtotal_sub_segmento,automoveis/Sw Grandes,1514,1514,0,,ok,cauda nao publicada: 0 unidades
2011-12,subtotal_sub_segmento,automoveis/Sw Médios,5316,5316,0,,ok,cauda nao publicada: 0 unidades
2011-12,subtotal_sub_segmento,automoveis/Veículos de Entrada,87563,87563,0,,ok,cauda nao publicada: 0 unidades
2011-12,subtotal_sub_segmento,comerciais_leves/Furgões,6210,6210,0,,ok,cauda nao publicada: 0 unidades
2011-12,subtotal_sub_segmento,comerciais_leves/Furgões Pequenos,2909,2909,0,,ok,cauda nao publicada: 0 unidades
2011-12,subtotal_sub_segmento,comerciais_leves/Pick-up's Grandes,15930,15930,0,,ok,cauda nao publicada: 0 unidades
2011-12,subtotal_sub_segmento,comerciais_leves/Pick-up's Pequenas,20735,20735,0,,ok,cauda nao publicada: 0 unidades
2011-12,ranking_x_sub_segmento,2011-12,279291,279285,-6,-0.0021,ok,3 modelos divergentes de 77 conferidos; desvio de volume 0.0021%
2011-12,cobertura,automoveis,281655,273605,-8050,-2.8581,medido,cobertura=97.14%
2011-12,cobertura,comerciais_leves,47547,47509,-38,-0.0799,medido,cobertura=99.92%
2012-01,mes_declarado,2012-01,,,,,ok,2012-01
2012-01,subtotal_sub_segmento,automoveis/Grandcab,1246,1246,0,,ok,cauda nao publicada: 0 unidades
2012-01,subtotal_sub_segmento,automoveis/Hatch Médios,8761,8761,0,,ok,cauda nao publicada: 0 unidades
2012-01,subtotal_sub_segmento,automoveis/Hatch Pequenos,39414,39414,0,,ok,cauda nao publicada: 0 unidades
2012-01,subtotal_sub_segmento,automoveis/Monocab,7544,7544,0,,ok,cauda nao publicada: 0 unidades
2012-01,subtotal_sub_segmento,automoveis/Sedans Compactos,9809,9809,0,,ok,cauda nao publicada: 0 unidades
2012-01,subtotal_sub_segmento,automoveis/Sedans Grandes,1838,1838,0,,ok,cauda nao publicada: 0 unidades
2012-01,subtotal_sub_segmento,automoveis/Sedans Pequenos,31153,31153,0,,ok,cauda nao publicada: 0 unidades
2012-01,subtotal_sub_segmento,automoveis/Sedans médios,15874,15874,0,,ok,cauda nao publicada: 0 unidades
2012-01,subtotal_sub_segmento,automoveis/Sports,244,244,0,,ok,cauda nao publicada: 0 unidades
2012-01,subtotal_sub_segmento,automoveis/Suv's,19569,19569,0,,ok,cauda nao publicada: 0 unidades
2012-01,subtotal_sub_segmento,automoveis/Sw Grandes,1201,1201,0,,ok,cauda nao publicada: 0 unidades
2012-01,subtotal_sub_segmento,automoveis/Sw Médios,4113,4113,0,,ok,cauda nao publicada: 0 unidades
2012-01,subtotal_sub_segmento,automoveis/Veículos de Entrada,69918,69918,0,,ok,cauda nao publicada: 0 unidades
2012-01,subtotal_sub_segmento,comerciais_leves/Furgões,5770,5770,0,,ok,cauda nao publicada: 0 unidades
2012-01,subtotal_sub_segmento,comerciais_leves/Furgões Pequenos,1782,1782,0,,ok,cauda nao publicada: 0 unidades
2012-01,subtotal_sub_segmento,comerciais_leves/Pick-up's Grandes,11910,11910,0,,ok,cauda nao publicada: 0 unidades
2012-01,subtotal_sub_segmento,comerciais_leves/Pick-up's Pequenas,16105,16105,0,,ok,cauda nao publicada: 0 unidades
2012-01,ranking_x_sub_segmento,2012-01,221921,221916,-5,-0.0023,ok,2 modelos divergentes de 78 conferidos; desvio de volume 0.0023%
2012-01,cobertura,automoveis,215432,210684,-4748,-2.2039,medido,cobertura=97.80%
2012-01,cobertura,comerciais_leves,37223,37209,-14,-0.0376,medido,cobertura=99.96%
2012-02,mes_declarado,2012-02,,,,,ok,2012-02
2012-02,subtotal_sub_segmento,automoveis/Grandcab,1098,1098,0,,ok,cauda nao publicada: 0 unidades
2012-02,subtotal_sub_segmento,automoveis/Hatch Médios,7748,7748,0,,ok,cauda nao publicada: 0 unidades
2012-02,subtotal_sub_segmento,automoveis/Hatch Pequenos,40632,40632,0,,ok,cauda nao publicada: 0 unidades
2012-02,subtotal_sub_segmento,automoveis/Monocab,7204,7204,0,,ok,cauda nao publicada: 0 unidades
2012-02,subtotal_sub_segmento,automoveis/Sedans Compactos,7647,7647,0,,ok,cauda nao publicada: 0 unidades
2012-02,subtotal_sub_segmento,automoveis/Sedans Grandes,1248,1248,0,,ok,cauda nao publicada: 0 unidades
2012-02,subtotal_sub_segmento,automoveis/Sedans Pequenos,27587,27587,0,,ok,cauda nao publicada: 0 unidades
2012-02,subtotal_sub_segmento,automoveis/Sedans médios,17524,17524,0,,ok,cauda nao publicada: 0 unidades
2012-02,subtotal_sub_segmento,automoveis/Sports,141,141,0,,ok,cauda nao publicada: 0 unidades
2012-02,subtotal_sub_segmento,automoveis/Suv's,16960,16960,0,,ok,cauda nao publicada: 0 unidades
2012-02,subtotal_sub_segmento,automoveis/Sw Grandes,1254,1254,0,,ok,cauda nao publicada: 0 unidades
2012-02,subtotal_sub_segmento,automoveis/Sw Médios,3813,3813,0,,ok,cauda nao publicada: 0 unidades
2012-02,subtotal_sub_segmento,automoveis/Veículos de Entrada,64928,64928,0,,ok,cauda nao publicada: 0 unidades
2012-02,subtotal_sub_segmento,comerciais_leves/Furgões,5348,5348,0,,ok,cauda nao publicada: 0 unidades
2012-02,subtotal_sub_segmento,comerciais_leves/Furgões Pequenos,2272,2272,0,,ok,cauda nao publicada: 0 unidades
2012-02,subtotal_sub_segmento,comerciais_leves/Pick-up's Grandes,8178,8178,0,,ok,cauda nao publicada: 0 unidades
2012-02,subtotal_sub_segmento,comerciais_leves/Pick-up's Pequenas,16500,16500,0,,ok,cauda nao publicada: 0 unidades
2012-02,ranking_x_sub_segmento,2012-02,208385,208377,-8,-0.0038,ok,4 modelos divergentes de 78 conferidos; desvio de volume 0.0038%
2012-02,cobertura,automoveis,201936,197784,-4152,-2.0561,medido,cobertura=97.94%
2012-02,cobertura,comerciais_leves,33894,33875,-19,-0.0561,medido,cobertura=99.94%
2012-03,mes_declarado,2012-03,,,,,ok,2012-03
2012-03,subtotal_sub_segmento,automoveis/Grandcab,1277,1277,0,,ok,cauda nao publicada: 0 unidades
2012-03,subtotal_sub_segmento,automoveis/Hatch Médios,8946,8946,0,,ok,cauda nao publicada: 0 unidades
2012-03,subtotal_sub_segmento,automoveis/Hatch Pequenos,51896,51896,0,,ok,cauda nao publicada: 0 unidades
2012-03,subtotal_sub_segmento,automoveis/Monocab,9655,9655,0,,ok,cauda nao publicada: 0 unidades
2012-03,subtotal_sub_segmento,automoveis/Sedans Compactos,11048,11048,0,,ok,cauda nao publicada: 0 unidades
2012-03,subtotal_sub_segmento,automoveis/Sedans Grandes,1473,1473,0,,ok,cauda nao publicada: 0 unidades
2012-03,subtotal_sub_segmento,automoveis/Sedans Pequenos,30836,30836,0,,ok,cauda nao publicada: 0 unidades
2012-03,subtotal_sub_segmento,automoveis/Sedans médios,21951,21951,0,,ok,cauda nao publicada: 0 unidades
2012-03,subtotal_sub_segmento,automoveis/Sports,150,150,0,,ok,cauda nao publicada: 0 unidades
2012-03,subtotal_sub_segmento,automoveis/Suv's,21087,21087,0,,ok,cauda nao publicada: 0 unidades
2012-03,subtotal_sub_segmento,automoveis/Sw Grandes,1358,1358,0,,ok,cauda nao publicada: 0 unidades
2012-03,subtotal_sub_segmento,automoveis/Sw Médios,4068,4068,0,,ok,cauda nao publicada: 0 unidades
2012-03,subtotal_sub_segmento,automoveis/Veículos de Entrada,72098,72098,0,,ok,cauda nao publicada: 0 unidades
2012-03,subtotal_sub_segmento,comerciais_leves/Furgões,6467,6467,0,,ok,cauda nao publicada: 0 unidades
2012-03,subtotal_sub_segmento,comerciais_leves/Furgões Pequenos,3108,3108,0,,ok,cauda nao publicada: 0 unidades
2012-03,subtotal_sub_segmento,comerciais_leves/Pick-up's Grandes,10347,10347,0,,ok,cauda nao publicada: 0 unidades
2012-03,subtotal_sub_segmento,comerciais_leves/Pick-up's Pequenas,21734,21734,0,,ok,cauda nao publicada: 0 unidades
2012-03,ranking_x_sub_segmento,2012-03,250806,250801,-5,-0.0020,ok,3 modelos divergentes de 78 conferidos; desvio de volume 0.0020%
2012-03,cobertura,automoveis,240644,235843,-4801,-1.9951,medido,cobertura=98.00%
2012-03,cobertura,comerciais_leves,43445,43418,-27,-0.0621,medido,cobertura=99.94%
2012-04,mes_declarado,2012-04,,,,,ok,2012-04
2012-04,subtotal_sub_segmento,automoveis/Grandcab,1214,1214,0,,ok,cauda nao publicada: 0 unidades
2012-04,subtotal_sub_segmento,automoveis/Hatch Médios,7581,7581,0,,ok,cauda nao publicada: 0 unidades
2012-04,subtotal_sub_segmento,automoveis/Hatch Pequenos,42418,42418,0,,ok,cauda nao publicada: 0 unidades
2012-04,subtotal_sub_segmento,automoveis/Monocab,7955,7955,0,,ok,cauda nao publicada: 0 unidades
2012-04,subtotal_sub_segmento,automoveis/Sedans Compactos,10250,10250,0,,ok,cauda nao publicada: 0 unidades
2012-04,subtotal_sub_segmento,automoveis/Sedans Grandes,1295,1295,0,,ok,cauda nao publicada: 0 unidades
2012-04,subtotal_sub_segmento,automoveis/Sedans Pequenos,27562,27562,0,,ok,cauda nao publicada: 0 unidades
2012-04,subtotal_sub_segmento,automoveis/Sedans médios,20266,20266,0,,ok,cauda nao publicada: 0 unidades
2012-04,subtotal_sub_segmento,automoveis/Sports,135,135,0,,ok,cauda nao publicada: 0 unidades
2012-04,subtotal_sub_segmento,automoveis/Suv's,19394,19394,0,,ok,cauda nao publicada: 0 unidades
2012-04,subtotal_sub_segmento,automoveis/Sw Grandes,1167,1167,0,,ok,cauda nao publicada: 0 unidades
2012-04,subtotal_sub_segmento,automoveis/Sw Médios,3874,3874,0,,ok,cauda nao publicada: 0 unidades
2012-04,subtotal_sub_segmento,automoveis/Veículos de Entrada,60283,60283,0,,ok,cauda nao publicada: 0 unidades
2012-04,subtotal_sub_segmento,comerciais_leves/Furgões,5352,5352,0,,ok,cauda nao publicada: 0 unidades
2012-04,subtotal_sub_segmento,comerciais_leves/Furgões Pequenos,2203,2203,0,,ok,cauda nao publicada: 0 unidades
2012-04,subtotal_sub_segmento,comerciais_leves/Pick-up's Grandes,9564,9564,0,,ok,cauda nao publicada: 0 unidades
2012-04,subtotal_sub_segmento,comerciais_leves/Pick-up's Pequenas,18256,18256,0,,ok,cauda nao publicada: 0 unidades
2012-04,ranking_x_sub_segmento,2012-04,214202,214195,-7,-0.0033,ok,2 modelos divergentes de 78 conferidos; desvio de volume 0.0033%
2012-04,cobertura,automoveis,207947,203394,-4553,-2.1895,medido,cobertura=97.81%
2012-04,cobertura,comerciais_leves,36872,36855,-17,-0.0461,medido,cobertura=99.95%
2012-05,mes_declarado,2012-05,,,,,ok,2012-05
2012-05,subtotal_sub_segmento,automoveis/Grandcab,1147,1147,0,,ok,cauda nao publicada: 0 unidades
2012-05,subtotal_sub_segmento,automoveis/Hatch Médios,7968,7968,0,,ok,cauda nao publicada: 0 unidades
2012-05,subtotal_sub_segmento,automoveis/Hatch Pequenos,45739,45739,0,,ok,cauda nao publicada: 0 unidades
2012-05,subtotal_sub_segmento,automoveis/Monocab,9084,9084,0,,ok,cauda nao publicada: 0 unidades
2012-05,subtotal_sub_segmento,automoveis/Sedans Compactos,10036,10036,0,,ok,cauda nao publicada: 0 unidades
2012-05,subtotal_sub_segmento,automoveis/Sedans Grandes,1450,1450,0,,ok,cauda nao publicada: 0 unidades
2012-05,subtotal_sub_segmento,automoveis/Sedans Pequenos,34445,34445,0,,ok,cauda nao publicada: 0 unidades
2012-05,subtotal_sub_segmento,automoveis/Sedans médios,20089,20089,0,,ok,cauda nao publicada: 0 unidades
2012-05,subtotal_sub_segmento,automoveis/Sports,152,152,0,,ok,cauda nao publicada: 0 unidades
2012-05,subtotal_sub_segmento,automoveis/Suv's,22005,22005,0,,ok,cauda nao publicada: 0 unidades
2012-05,subtotal_sub_segmento,automoveis/Sw Grandes,1015,1015,0,,ok,cauda nao publicada: 0 unidades
2012-05,subtotal_sub_segmento,automoveis/Sw Médios,3766,3766,0,,ok,cauda nao publicada: 0 unidades
2012-05,subtotal_sub_segmento,automoveis/Veículos de Entrada,69311,69311,0,,ok,cauda nao publicada: 0 unidades
2012-05,subtotal_sub_segmento,comerciais_leves/Furgões,5709,5709,0,,ok,cauda nao publicada: 0 unidades
2012-05,subtotal_sub_segmento,comerciais_leves/Furgões Pequenos,2389,2389,0,,ok,cauda nao publicada: 0 unidades
2012-05,subtotal_sub_segmento,comerciais_leves/Pick-up's Grandes,12357,12357,0,,ok,cauda nao publicada: 0 unidades
2012-05,subtotal_sub_segmento,comerciais_leves/Pick-up's Pequenas,20831,20831,0,,ok,cauda nao publicada: 0 unidades
2012-05,ranking_x_sub_segmento,2012-05,240349,240342,-7,-0.0029,ok,1 modelos divergentes de 77 conferidos; desvio de volume 0.0029%
2012-05,cobertura,automoveis,231589,227248,-4341,-1.8744,medido,cobertura=98.13%
2012-05,cobertura,comerciais_leves,42764,42749,-15,-0.0351,medido,cobertura=99.96%
2012-06,mes_declarado,2012-06,,,,,ok,2012-06
2012-06,subtotal_sub_segmento,automoveis/Grandcab,1099,1099,0,,ok,cauda nao publicada: 0 unidades
2012-06,subtotal_sub_segmento,automoveis/Hatch Médios,11501,11501,0,,ok,cauda nao publicada: 0 unidades
2012-06,subtotal_sub_segmento,automoveis/Hatch Pequenos,60861,60861,0,,ok,cauda nao publicada: 0 unidades
2012-06,subtotal_sub_segmento,automoveis/Monocab,11857,11857,0,,ok,cauda nao publicada: 0 unidades
2012-06,subtotal_sub_segmento,automoveis/Sedans Compactos,13302,13302,0,,ok,cauda nao publicada: 0 unidades
2012-06,subtotal_sub_segmento,automoveis/Sedans Grandes,1392,1392,0,,ok,cauda nao publicada: 0 unidades
2012-06,subtotal_sub_segmento,automoveis/Sedans Pequenos,42858,42858,0,,ok,cauda nao publicada: 0 unidades
2012-06,subtotal_sub_segmento,automoveis/Sedans médios,25752,25752,0,,ok,cauda nao publicada: 0 unidades
2012-06,subtotal_sub_segmento,automoveis/Sports,159,159,0,,ok,cauda nao publicada: 0 unidades
2012-06,subtotal_sub_segmento,automoveis/Suv's,24710,24710,0,,ok,cauda nao publicada: 0 unidades
2012-06,subtotal_sub_segmento,automoveis/Sw Grandes,998,998,0,,ok,cauda nao publicada: 0 unidades
2012-06,subtotal_sub_segmento,automoveis/Sw Médios,3721,3721,0,,ok,cauda nao publicada: 0 unidades
2012-06,subtotal_sub_segmento,automoveis/Veículos de Entrada,93851,93851,0,,ok,cauda nao publicada: 0 unidades
2012-06,subtotal_sub_segmento,comerciais_leves/Furgões,5624,5624,0,,ok,cauda nao publicada: 0 unidades
2012-06,subtotal_sub_segmento,comerciais_leves/Furgões Pequenos,2150,2150,0,,ok,cauda nao publicada: 0 unidades
2012-06,subtotal_sub_segmento,comerciais_leves/Pick-up's Grandes,14056,14056,0,,ok,cauda nao publicada: 0 unidades
2012-06,subtotal_sub_segmento,comerciais_leves/Pick-up's Pequenas,18251,18251,0,,ok,cauda nao publicada: 0 unidades
2012-06,ranking_x_sub_segmento,2012-06,302826,302822,-4,-0.0013,ok,1 modelos divergentes de 76 conferidos; desvio de volume 0.0013%
2012-06,cobertura,automoveis,299317,295156,-4161,-1.3902,medido,cobertura=98.61%
2012-06,cobertura,comerciais_leves,41350,41339,-11,-0.0266,medido,cobertura=99.97%
2012-07,mes_declarado,2012-07,,,,,ok,2012-07
2012-07,subtotal_sub_segmento,automoveis/Grandcab,1142,1142,0,,ok,cauda nao publicada: 0 unidades
2012-07,subtotal_sub_segmento,automoveis/Hatch Médios,11518,11518,0,,ok,cauda nao publicada: 0 unidades
2012-07,subtotal_sub_segmento,automoveis/Hatch Pequenos,59207,59207,0,,ok,cauda nao publicada: 0 unidades
2012-07,subtotal_sub_segmento,automoveis/Monocab,11786,11786,0,,ok,cauda nao publicada: 0 unidades
2012-07,subtotal_sub_segmento,automoveis/Sedans Compactos,13881,13881,0,,ok,cauda nao publicada: 0 unidades
2012-07,subtotal_sub_segmento,automoveis/Sedans Grandes,1213,1213,0,,ok,cauda nao publicada: 0 unidades
2012-07,subtotal_sub_segmento,automoveis/Sedans Pequenos,44173,44173,0,,ok,cauda nao publicada: 0 unidades
2012-07,subtotal_sub_segmento,automoveis/Sedans médios,24429,24429,0,,ok,cauda nao publicada: 0 unidades
2012-07,subtotal_sub_segmento,automoveis/Sports,186,186,0,,ok,cauda nao publicada: 0 unidades
2012-07,subtotal_sub_segmento,automoveis/Suv's,23848,23848,0,,ok,cauda nao publicada: 0 unidades
2012-07,subtotal_sub_segmento,automoveis/Sw Grandes,1106,1106,0,,ok,cauda nao publicada: 0 unidades
2012-07,subtotal_sub_segmento,automoveis/Sw Médios,4791,4791,0,,ok,cauda nao publicada: 0 unidades
2012-07,subtotal_sub_segmento,automoveis/Veículos de Entrada,98585,98585,0,,ok,cauda nao publicada: 0 unidades
2012-07,subtotal_sub_segmento,comerciais_leves/Furgões,6232,6232,0,,ok,cauda nao publicada: 0 unidades
2012-07,subtotal_sub_segmento,comerciais_leves/Furgões Pequenos,2262,2262,0,,ok,cauda nao publicada: 0 unidades
2012-07,subtotal_sub_segmento,comerciais_leves/Pick-up's Grandes,14961,14961,0,,ok,cauda nao publicada: 0 unidades
2012-07,subtotal_sub_segmento,comerciais_leves/Pick-up's Pequenas,22447,22447,0,,ok,cauda nao publicada: 0 unidades
2012-07,ranking_x_sub_segmento,2012-07,310677,310670,-7,-0.0023,ok,2 modelos divergentes de 75 conferidos; desvio de volume 0.0023%
2012-07,cobertura,automoveis,304151,299903,-4248,-1.3967,medido,cobertura=98.60%
2012-07,cobertura,comerciais_leves,47234,47208,-26,-0.0550,medido,cobertura=99.94%
2012-08,mes_declarado,2012-08,,,,,ok,2012-08
2012-08,subtotal_sub_segmento,automoveis/Grandcab,5564,5564,0,,ok,cauda nao publicada: 0 unidades
2012-08,subtotal_sub_segmento,automoveis/Hatch Médios,14769,14769,0,,ok,cauda nao publicada: 0 unidades
2012-08,subtotal_sub_segmento,automoveis/Hatch Pequenos,68003,68003,0,,ok,cauda nao publicada: 0 unidades
2012-08,subtotal_sub_segmento,automoveis/Monocab,15299,15299,0,,ok,cauda nao publicada: 0 unidades
2012-08,subtotal_sub_segmento,automoveis/Sedans Compactos,15017,15017,0,,ok,cauda nao publicada: 0 unidades
2012-08,subtotal_sub_segmento,automoveis/Sedans Grandes,1213,1213,0,,ok,cauda nao publicada: 0 unidades
2012-08,subtotal_sub_segmento,automoveis/Sedans Pequenos,47504,47504,0,,ok,cauda nao publicada: 0 unidades
2012-08,subtotal_sub_segmento,automoveis/Sedans médios,27395,27395,0,,ok,cauda nao publicada: 0 unidades
2012-08,subtotal_sub_segmento,automoveis/Sports,233,233,0,,ok,cauda nao publicada: 0 unidades
2012-08,subtotal_sub_segmento,automoveis/Suv's,26250,26250,0,,ok,cauda nao publicada: 0 unidades
2012-08,subtotal_sub_segmento,automoveis/Sw Grandes,1085,1085,0,,ok,cauda nao publicada: 0 unidades
2012-08,subtotal_sub_segmento,automoveis/Sw Médios,6093,6093,0,,ok,cauda nao publicada: 0 unidades
2012-08,subtotal_sub_segmento,automoveis/Veículos de Entrada,114474,114474,0,,ok,cauda nao publicada: 0 unidades
2012-08,subtotal_sub_segmento,comerciais_leves/Furgões,6193,6193,0,,ok,cauda nao publicada: 0 unidades
2012-08,subtotal_sub_segmento,comerciais_leves/Furgões Pequenos,2623,2623,0,,ok,cauda nao publicada: 0 unidades
2012-08,subtotal_sub_segmento,comerciais_leves/Pick-up's Grandes,17221,17221,0,,ok,cauda nao publicada: 0 unidades
2012-08,subtotal_sub_segmento,comerciais_leves/Pick-up's Pequenas,25943,25943,0,,ok,cauda nao publicada: 0 unidades
2012-08,ranking_x_sub_segmento,2012-08,360584,360577,-7,-0.0019,ok,3 modelos divergentes de 76 conferidos; desvio de volume 0.0019%
2012-08,cobertura,automoveis,352048,346133,-5915,-1.6802,medido,cobertura=98.32%
2012-08,cobertura,comerciais_leves,53421,53397,-24,-0.0449,medido,cobertura=99.96%
2012-09,mes_declarado,2012-09,,,,,ok,2012-09
2012-09,subtotal_sub_segmento,automoveis/Grandcab,4198,4198,0,,ok,cauda nao publicada: 0 unidades
2012-09,subtotal_sub_segmento,automoveis/Hatch Médios,9643,9643,0,,ok,cauda nao publicada: 0 unidades
2012-09,subtotal_sub_segmento,automoveis/Hatch Pequenos,40736,40736,0,,ok,cauda nao publicada: 0 unidades
2012-09,subtotal_sub_segmento,automoveis/Monocab,9231,9231,0,,ok,cauda nao publicada: 0 unidades
2012-09,subtotal_sub_segmento,automoveis/Sedans Compactos,10242,10242,0,,ok,cauda nao publicada: 0 unidades
2012-09,subtotal_sub_segmento,automoveis/Sedans Grandes,1108,1108,0,,ok,cauda nao publicada: 0 unidades
2012-09,subtotal_sub_segmento,automoveis/Sedans Pequenos,31555,31555,0,,ok,cauda nao publicada: 0 unidades
2012-09,subtotal_sub_segmento,automoveis/Sedans médios,18589,18589,0,,ok,cauda nao publicada: 0 unidades
2012-09,subtotal_sub_segmento,automoveis/Sports,166,166,0,,ok,cauda nao publicada: 0 unidades
2012-09,subtotal_sub_segmento,automoveis/Suv's,21363,21363,0,,ok,cauda nao publicada: 0 unidades
2012-09,subtotal_sub_segmento,automoveis/Sw Grandes,657,657,0,,ok,cauda nao publicada: 0 unidades
2012-09,subtotal_sub_segmento,automoveis/Sw Médios,4266,4266,0,,ok,cauda nao publicada: 0 unidades
2012-09,subtotal_sub_segmento,automoveis/Veículos de Entrada,78038,78038,0,,ok,cauda nao publicada: 0 unidades
2012-09,subtotal_sub_segmento,comerciais_leves/Furgões,5290,5290,0,,ok,cauda nao publicada: 0 unidades
2012-09,subtotal_sub_segmento,comerciais_leves/Furgões Pequenos,2224,2224,0,,ok,cauda nao publicada: 0 unidades
2012-09,subtotal_sub_segmento,comerciais_leves/Pick-up's Grandes,13993,13993,0,,ok,cauda nao publicada: 0 unidades
2012-09,subtotal_sub_segmento,comerciais_leves/Pick-up's Pequenas,19838,19838,0,,ok,cauda nao publicada: 0 unidades
2012-09,ranking_x_sub_segmento,2012-09,248040,248029,-11,-0.0044,ok,3 modelos divergentes de 77 conferidos; desvio de volume 0.0044%
2012-09,cobertura,automoveis,235077,230963,-4114,-1.7501,medido,cobertura=98.25%
2012-09,cobertura,comerciais_leves,42508,42493,-15,-0.0353,medido,cobertura=99.96%
2012-10,mes_declarado,2012-10,,,,,ok,2012-10
2012-10,subtotal_sub_segmento,automoveis/Grandcab,3739,3739,0,,ok,cauda nao publicada: 0 unidades
2012-10,subtotal_sub_segmento,automoveis/Hatch Médios,12154,12154,0,,ok,cauda nao publicada: 0 unidades
2012-10,subtotal_sub_segmento,automoveis/Hatch Pequenos,42832,42832,0,,ok,cauda nao publicada: 0 unidades
2012-10,subtotal_sub_segmento,automoveis/Monocab,11881,11881,0,,ok,cauda nao publicada: 0 unidades
2012-10,subtotal_sub_segmento,automoveis/Sedans Compactos,13161,13161,0,,ok,cauda nao publicada: 0 unidades
2012-10,subtotal_sub_segmento,automoveis/Sedans Grandes,1146,1146,0,,ok,cauda nao publicada: 0 unidades
2012-10,subtotal_sub_segmento,automoveis/Sedans Pequenos,38976,38976,0,,ok,cauda nao publicada: 0 unidades
2012-10,subtotal_sub_segmento,automoveis/Sedans médios,22257,22257,0,,ok,cauda nao publicada: 0 unidades
2012-10,subtotal_sub_segmento,automoveis/Sports,199,199,0,,ok,cauda nao publicada: 0 unidades
2012-10,subtotal_sub_segmento,automoveis/Suv's,27684,27684,0,,ok,cauda nao publicada: 0 unidades
2012-10,subtotal_sub_segmento,automoveis/Sw Grandes,667,667,0,,ok,cauda nao publicada: 0 unidades
2012-10,subtotal_sub_segmento,automoveis/Sw Médios,5113,5113,0,,ok,cauda nao publicada: 0 unidades
2012-10,subtotal_sub_segmento,automoveis/Veículos de Entrada,89734,89734,0,,ok,cauda nao publicada: 0 unidades
2012-10,subtotal_sub_segmento,comerciais_leves/Furgões,5388,5388,0,,ok,cauda nao publicada: 0 unidades
2012-10,subtotal_sub_segmento,comerciais_leves/Furgões Pequenos,2390,2390,0,,ok,cauda nao publicada: 0 unidades
2012-10,subtotal_sub_segmento,comerciais_leves/Pick-up's Grandes,17392,17392,0,,ok,cauda nao publicada: 0 unidades
2012-10,subtotal_sub_segmento,comerciais_leves/Pick-up's Pequenas,22841,22841,0,,ok,cauda nao publicada: 0 unidades
2012-10,ranking_x_sub_segmento,2012-10,292724,292719,-5,-0.0017,ok,2 modelos divergentes de 75 conferidos; desvio de volume 0.0017%
2012-10,cobertura,automoveis,277598,273841,-3757,-1.3534,medido,cobertura=98.65%
2012-10,cobertura,comerciais_leves,49313,49295,-18,-0.0365,medido,cobertura=99.96%
2012-11,mes_declarado,2012-11,,,,,ok,2012-11
2012-11,subtotal_sub_segmento,automoveis/Grandcab,3511,3511,0,,ok,cauda nao publicada: 0 unidades
2012-11,subtotal_sub_segmento,automoveis/Hatch Médios,11562,11562,0,,ok,cauda nao publicada: 0 unidades
2012-11,subtotal_sub_segmento,automoveis/Hatch Pequenos,43505,43505,0,,ok,cauda nao publicada: 0 unidades
2012-11,subtotal_sub_segmento,automoveis/Monocab,9484,9484,0,,ok,cauda nao publicada: 0 unidades
2012-11,subtotal_sub_segmento,automoveis/Sedans Compactos,11592,11592,0,,ok,cauda nao publicada: 0 unidades
2012-11,subtotal_sub_segmento,automoveis/Sedans Grandes,916,916,0,,ok,cauda nao publicada: 0 unidades
2012-11,subtotal_sub_segmento,automoveis/Sedans Pequenos,36206,36206,0,,ok,cauda nao publicada: 0 unidades
2012-11,subtotal_sub_segmento,automoveis/Sedans médios,19211,19211,0,,ok,cauda nao publicada: 0 unidades
2012-11,subtotal_sub_segmento,automoveis/Sports,219,219,0,,ok,cauda nao publicada: 0 unidades
2012-11,subtotal_sub_segmento,automoveis/Suv's,22065,22065,0,,ok,cauda nao publicada: 0 unidades
2012-11,subtotal_sub_segmento,automoveis/Sw Grandes,374,374,0,,ok,cauda nao publicada: 0 unidades
2012-11,subtotal_sub_segmento,automoveis/Sw Médios,4416,4416,0,,ok,cauda nao publicada: 0 unidades
2012-11,subtotal_sub_segmento,automoveis/Veículos de Entrada,78795,78795,0,,ok,cauda nao publicada: 0 unidades
2012-11,subtotal_sub_segmento,comerciais_leves/Furgões,4436,4436,0,,ok,cauda nao publicada: 0 unidades
2012-11,subtotal_sub_segmento,comerciais_leves/Furgões Pequenos,1963,1963,0,,ok,cauda nao publicada: 0 unidades
2012-11,subtotal_sub_segmento,comerciais_leves/Pick-up's Grandes,15794,15794,0,,ok,cauda nao publicada: 0 unidades
2012-11,subtotal_sub_segmento,comerciais_leves/Pick-up's Pequenas,18926,18926,0,,ok,cauda nao publicada: 0 unidades
2012-11,ranking_x_sub_segmento,2012-11,260066,260062,-4,-0.0015,ok,3 modelos divergentes de 76 conferidos; desvio de volume 0.0015%
2012-11,cobertura,automoveis,254755,250196,-4559,-1.7896,medido,cobertura=98.21%
2012-11,cobertura,comerciais_leves,42245,42231,-14,-0.0331,medido,cobertura=99.97%
2012-12,mes_declarado,2012-12,,,,,ok,2012-12
2012-12,subtotal_sub_segmento,automoveis/Grandcab,3869,3869,0,,ok,cauda nao publicada: 0 unidades
2012-12,subtotal_sub_segmento,automoveis/Hatch Médios,14470,14470,0,,ok,cauda nao publicada: 0 unidades
2012-12,subtotal_sub_segmento,automoveis/Hatch Pequenos,62486,62486,0,,ok,cauda nao publicada: 0 unidades
2012-12,subtotal_sub_segmento,automoveis/Monocab,10029,10029,0,,ok,cauda nao publicada: 0 unidades
2012-12,subtotal_sub_segmento,automoveis/Sedans Compactos,14542,14542,0,,ok,cauda nao publicada: 0 unidades
2012-12,subtotal_sub_segmento,automoveis/Sedans Grandes,1027,1027,0,,ok,cauda nao publicada: 0 unidades
2012-12,subtotal_sub_segmento,automoveis/Sedans Pequenos,40562,40562,0,,ok,cauda nao publicada: 0 unidades
2012-12,subtotal_sub_segmento,automoveis/Sedans médios,21583,21583,0,,ok,cauda nao publicada: 0 unidades
2012-12,subtotal_sub_segmento,automoveis/Sports,275,275,0,,ok,cauda nao publicada: 0 unidades
2012-12,subtotal_sub_segmento,automoveis/Suv's,28633,28633,0,,ok,cauda nao publicada: 0 unidades
2012-12,subtotal_sub_segmento,automoveis/Sw Grandes,255,255,0,,ok,cauda nao publicada: 0 unidades
2012-12,subtotal_sub_segmento,automoveis/Sw Médios,4830,4830,0,,ok,cauda nao publicada: 0 unidades
2012-12,subtotal_sub_segmento,automoveis/Veículos de Entrada,85440,85440,0,,ok,cauda nao publicada: 0 unidades
2012-12,subtotal_sub_segmento,comerciais_leves/Furgões,4836,4836,0,,ok,cauda nao publicada: 0 unidades
2012-12,subtotal_sub_segmento,comerciais_leves/Furgões Pequenos,2282,2282,0,,ok,cauda nao publicada: 0 unidades
2012-12,subtotal_sub_segmento,comerciais_leves/Pick-up's Grandes,19483,19483,0,,ok,cauda nao publicada: 0 unidades
2012-12,subtotal_sub_segmento,comerciais_leves/Pick-up's Pequenas,20958,20958,0,,ok,cauda nao publicada: 0 unidades
2012-12,ranking_x_sub_segmento,2012-12,311069,311069,0,,ok,0 modelos divergentes de 77 conferidos; desvio de volume 0.0000%
2012-12,cobertura,automoveis,295012,288001,-7011,-2.3765,medido,cobertura=97.62%
2012-12,cobertura,comerciais_leves,48731,48725,-6,-0.0123,medido,cobertura=99.99%
2013-01,mes_declarado,2013-01,,,,,ok,2013-01
2013-01,subtotal_sub_segmento,automoveis/Grandcab,3448,3448,0,,ok,cauda nao publicada: 0 unidades
2013-01,subtotal_sub_segmento,automoveis/Hatch Médios,12492,12492,0,,ok,cauda nao publicada: 0 unidades
2013-01,subtotal_sub_segmento,automoveis/Hatch Pequenos,58575,58575,0,,ok,cauda nao publicada: 0 unidades
2013-01,subtotal_sub_segmento,automoveis/Monocab,8290,8290,0,,ok,cauda nao publicada: 0 unidades
2013-01,subtotal_sub_segmento,automoveis/Sedans Compactos,11589,11589,0,,ok,cauda nao publicada: 0 unidades
2013-01,subtotal_sub_segmento,automoveis/Sedans Grandes,1321,1321,0,,ok,cauda nao publicada: 0 unidades
2013-01,subtotal_sub_segmento,automoveis/Sedans Pequenos,33704,33704,0,,ok,cauda nao publicada: 0 unidades
2013-01,subtotal_sub_segmento,automoveis/Sedans médios,15465,15465,0,,ok,cauda nao publicada: 0 unidades
2013-01,subtotal_sub_segmento,automoveis/Sports,260,260,0,,ok,cauda nao publicada: 0 unidades
2013-01,subtotal_sub_segmento,automoveis/Suv's,22757,22757,0,,ok,cauda nao publicada: 0 unidades
2013-01,subtotal_sub_segmento,automoveis/Sw Grandes,187,187,0,,ok,cauda nao publicada: 0 unidades
2013-01,subtotal_sub_segmento,automoveis/Sw Médios,4210,4210,0,,ok,cauda nao publicada: 0 unidades
2013-01,subtotal_sub_segmento,automoveis/Veículos de Entrada,76387,76387,0,,ok,cauda nao publicada: 0 unidades
2013-01,subtotal_sub_segmento,comerciais_leves/Furgões,5116,5116,0,,ok,cauda nao publicada: 0 unidades
2013-01,subtotal_sub_segmento,comerciais_leves/Furgões Pequenos,2194,2194,0,,ok,cauda nao publicada: 0 unidades
2013-01,subtotal_sub_segmento,comerciais_leves/Pick-up's Grandes,15223,15223,0,,ok,cauda nao publicada: 0 unidades
2013-01,subtotal_sub_segmento,comerciais_leves/Pick-up's Pequenas,19784,19784,0,,ok,cauda nao publicada: 0 unidades
2013-01,ranking_x_sub_segmento,2013-01,268706,268706,0,,ok,0 modelos divergentes de 78 conferidos; desvio de volume 0.0000%
2013-01,cobertura,automoveis,253429,248685,-4744,-1.8719,medido,cobertura=98.13%
2013-01,cobertura,comerciais_leves,43423,43414,-9,-0.0207,medido,cobertura=99.98%
2013-02,mes_declarado,2013-02,,,,,ok,2013-02
2013-02,subtotal_sub_segmento,automoveis/Grandcab,2700,2700,0,,ok,cauda nao publicada: 0 unidades
2013-02,subtotal_sub_segmento,automoveis/Hatch Médios,9603,9603,0,,ok,cauda nao publicada: 0 unidades
2013-02,subtotal_sub_segmento,automoveis/Hatch Pequenos,45774,45774,0,,ok,cauda nao publicada: 0 unidades
2013-02,subtotal_sub_segmento,automoveis/Monocab,6781,6781,0,,ok,cauda nao publicada: 0 unidades
2013-02,subtotal_sub_segmento,automoveis/Sedans Compactos,7935,7935,0,,ok,cauda nao publicada: 0 unidades
2013-02,subtotal_sub_segmento,automoveis/Sedans Grandes,1071,1071,0,,ok,cauda nao publicada: 0 unidades
2013-02,subtotal_sub_segmento,automoveis/Sedans Pequenos,23550,23550,0,,ok,cauda nao publicada: 0 unidades
2013-02,subtotal_sub_segmento,automoveis/Sedans médios,14122,14122,0,,ok,cauda nao publicada: 0 unidades
2013-02,subtotal_sub_segmento,automoveis/Sports,225,225,0,,ok,cauda nao publicada: 0 unidades
2013-02,subtotal_sub_segmento,automoveis/Suv's,15791,15791,0,,ok,cauda nao publicada: 0 unidades
2013-02,subtotal_sub_segmento,automoveis/Sw Grandes,88,88,0,,ok,cauda nao publicada: 0 unidades
2013-02,subtotal_sub_segmento,automoveis/Sw Médios,2216,2216,0,,ok,cauda nao publicada: 0 unidades
2013-02,subtotal_sub_segmento,automoveis/Veículos de Entrada,53334,53334,0,,ok,cauda nao publicada: 0 unidades
2013-02,subtotal_sub_segmento,comerciais_leves/Furgões,4428,4428,0,,ok,cauda nao publicada: 0 unidades
2013-02,subtotal_sub_segmento,comerciais_leves/Furgões Pequenos,1721,1721,0,,ok,cauda nao publicada: 0 unidades
2013-02,subtotal_sub_segmento,comerciais_leves/Pick-up's Grandes,11367,11367,0,,ok,cauda nao publicada: 0 unidades
2013-02,subtotal_sub_segmento,comerciais_leves/Pick-up's Pequenas,16653,16653,0,,ok,cauda nao publicada: 0 unidades
2013-02,ranking_x_sub_segmento,2013-02,201429,201425,-4,-0.0020,ok,2 modelos divergentes de 78 conferidos; desvio de volume 0.0020%
2013-02,cobertura,automoveis,187320,183190,-4130,-2.2048,medido,cobertura=97.80%
2013-02,cobertura,comerciais_leves,35159,35149,-10,-0.0284,medido,cobertura=99.97%
2013-03,mes_declarado,2013-03,,,,,ok,2013-03
2013-03,subtotal_sub_segmento,automoveis/Grandcab,3191,3191,0,,ok,cauda nao publicada: 0 unidades
2013-03,subtotal_sub_segmento,automoveis/Hatch Médios,9674,9674,0,,ok,cauda nao publicada: 0 unidades
2013-03,subtotal_sub_segmento,automoveis/Hatch Pequenos,55202,55202,0,,ok,cauda nao publicada: 0 unidades
2013-03,subtotal_sub_segmento,automoveis/Monocab,8367,8367,0,,ok,cauda nao publicada: 0 unidades
2013-03,subtotal_sub_segmento,automoveis/Sedans Compactos,9207,9207,0,,ok,cauda nao publicada: 0 unidades
2013-03,subtotal_sub_segmento,automoveis/Sedans Grandes,999,999,0,,ok,cauda nao publicada: 0 unidades
2013-03,subtotal_sub_segmento,automoveis/Sedans Pequenos,34396,34396,0,,ok,cauda nao publicada: 0 unidades
2013-03,subtotal_sub_segmento,automoveis/Sedans médios,16636,16636,0,,ok,cauda nao publicada: 0 unidades
2013-03,subtotal_sub_segmento,automoveis/Sports,268,268,0,,ok,cauda nao publicada: 0 unidades
2013-03,subtotal_sub_segmento,automoveis/Suv's,17844,17844,0,,ok,cauda nao publicada: 0 unidades
2013-03,subtotal_sub_segmento,automoveis/Sw Grandes,61,61,0,,ok,cauda nao publicada: 0 unidades
2013-03,subtotal_sub_segmento,automoveis/Sw Médios,2762,2762,0,,ok,cauda nao publicada: 0 unidades
2013-03,subtotal_sub_segmento,automoveis/Veículos de Entrada,64083,64083,0,,ok,cauda nao publicada: 0 unidades
2013-03,subtotal_sub_segmento,comerciais_leves/Furgões,4781,4781,0,,ok,cauda nao publicada: 0 unidades
2013-03,subtotal_sub_segmento,comerciais_leves/Furgões Pequenos,1665,1665,0,,ok,cauda nao publicada: 0 unidades
2013-03,subtotal_sub_segmento,comerciais_leves/Pick-up's Grandes,13516,13516,0,,ok,cauda nao publicada: 0 unidades
2013-03,subtotal_sub_segmento,comerciais_leves/Pick-up's Pequenas,19951,19951,0,,ok,cauda nao publicada: 0 unidades
2013-03,ranking_x_sub_segmento,2013-03,244223,244220,-3,-0.0012,ok,1 modelos divergentes de 77 conferidos; desvio de volume 0.0012%
2013-03,cobertura,automoveis,227273,223555,-3718,-1.6359,medido,cobertura=98.36%
2013-03,cobertura,comerciais_leves,41044,41026,-18,-0.0439,medido,cobertura=99.96%
2013-04,mes_declarado,2013-04,,,,,ok,2013-04
2013-04,subtotal_sub_segmento,automoveis/Grandcab,3850,3850,0,,ok,cauda nao publicada: 0 unidades
2013-04,subtotal_sub_segmento,automoveis/Hatch Médios,10449,10449,0,,ok,cauda nao publicada: 0 unidades
2013-04,subtotal_sub_segmento,automoveis/Hatch Pequenos,59718,59718,0,,ok,cauda nao publicada: 0 unidades
2013-04,subtotal_sub_segmento,automoveis/Monocab,9610,9610,0,,ok,cauda nao publicada: 0 unidades
2013-04,subtotal_sub_segmento,automoveis/Sedans Compactos,11906,11906,0,,ok,cauda nao publicada: 0 unidades
2013-04,subtotal_sub_segmento,automoveis/Sedans Grandes,1751,1751,0,,ok,cauda nao publicada: 0 unidades
2013-04,subtotal_sub_segmento,automoveis/Sedans Pequenos,44743,44743,0,,ok,cauda nao publicada: 0 unidades
2013-04,subtotal_sub_segmento,automoveis/Sedans médios,20766,20766,0,,ok,cauda nao publicada: 0 unidades
2013-04,subtotal_sub_segmento,automoveis/Sports,289,289,0,,ok,cauda nao publicada: 0 unidades
2013-04,subtotal_sub_segmento,automoveis/Suv's,24442,24442,0,,ok,cauda nao publicada: 0 unidades
2013-04,subtotal_sub_segmento,automoveis/Sw Grandes,58,58,0,,ok,cauda nao publicada: 0 unidades
2013-04,subtotal_sub_segmento,automoveis/Sw Médios,3051,3051,0,,ok,cauda nao publicada: 0 unidades
2013-04,subtotal_sub_segmento,automoveis/Veículos de Entrada,72778,72778,0,,ok,cauda nao publicada: 0 unidades
2013-04,subtotal_sub_segmento,comerciais_leves/Furgões,5134,5134,0,,ok,cauda nao publicada: 0 unidades
2013-04,subtotal_sub_segmento,comerciais_leves/Furgões Pequenos,2101,2101,0,,ok,cauda nao publicada: 0 unidades
2013-04,subtotal_sub_segmento,comerciais_leves/Pick-up's Grandes,15729,15729,0,,ok,cauda nao publicada: 0 unidades
2013-04,subtotal_sub_segmento,comerciais_leves/Pick-up's Pequenas,22010,22010,0,,ok,cauda nao publicada: 0 unidades
2013-04,ranking_x_sub_segmento,2013-04,284141,284136,-5,-0.0018,ok,2 modelos divergentes de 77 conferidos; desvio de volume 0.0018%
2013-04,cobertura,automoveis,270481,265070,-5411,-2.0005,medido,cobertura=98.00%
2013-04,cobertura,comerciais_leves,46189,46171,-18,-0.0390,medido,cobertura=99.96%
2013-05,mes_declarado,2013-05,,,,,ok,2013-05
2013-05,subtotal_sub_segmento,automoveis/Grandcab,3605,3605,0,,ok,cauda nao publicada: 0 unidades
2013-05,subtotal_sub_segmento,automoveis/Hatch Médios,8605,8605,0,,ok,cauda nao publicada: 0 unidades
2013-05,subtotal_sub_segmento,automoveis/Hatch Pequenos,59870,59870,0,,ok,cauda nao publicada: 0 unidades
2013-05,subtotal_sub_segmento,automoveis/Monocab,8461,8461,0,,ok,cauda nao publicada: 0 unidades
2013-05,subtotal_sub_segmento,automoveis/Sedans Compactos,9379,9379,0,,ok,cauda nao publicada: 0 unidades
2013-05,subtotal_sub_segmento,automoveis/Sedans Grandes,1516,1516,0,,ok,cauda nao publicada: 0 unidades
2013-05,subtotal_sub_segmento,automoveis/Sedans Pequenos,46681,46681,0,,ok,cauda nao publicada: 0 unidades
2013-05,subtotal_sub_segmento,automoveis/Sedans médios,19825,19825,0,,ok,cauda nao publicada: 0 unidades
2013-05,subtotal_sub_segmento,automoveis/Sports,277,277,0,,ok,cauda nao publicada: 0 unidades
2013-05,subtotal_sub_segmento,automoveis/Suv's,24015,24015,0,,ok,cauda nao publicada: 0 unidades
2013-05,subtotal_sub_segmento,automoveis/Sw Grandes,30,30,0,,ok,cauda nao publicada: 0 unidades
2013-05,subtotal_sub_segmento,automoveis/Sw Médios,3384,3384,0,,ok,cauda nao publicada: 0 unidades
2013-05,subtotal_sub_segmento,automoveis/Veículos de Entrada,65959,65959,0,,ok,cauda nao publicada: 0 unidades
2013-05,subtotal_sub_segmento,comerciais_leves/Furgões,4770,4770,0,,ok,cauda nao publicada: 0 unidades
2013-05,subtotal_sub_segmento,comerciais_leves/Furgões Pequenos,1966,1966,0,,ok,cauda nao publicada: 0 unidades
2013-05,subtotal_sub_segmento,comerciais_leves/Pick-up's Grandes,15299,15299,0,,ok,cauda nao publicada: 0 unidades
2013-05,subtotal_sub_segmento,comerciais_leves/Pick-up's Pequenas,20998,20998,0,,ok,cauda nao publicada: 0 unidades
2013-05,ranking_x_sub_segmento,2013-05,272119,272109,-10,-0.0037,ok,2 modelos divergentes de 78 conferidos; desvio de volume 0.0037%
2013-05,cobertura,automoveis,256351,251607,-4744,-1.8506,medido,cobertura=98.15%
2013-05,cobertura,comerciais_leves,44231,44219,-12,-0.0271,medido,cobertura=99.97%
2013-06,mes_declarado,2013-06,,,,,ok,2013-06
2013-06,subtotal_sub_segmento,automoveis/Grandcab,3769,3769,0,,ok,cauda nao publicada: 0 unidades
2013-06,subtotal_sub_segmento,automoveis/Hatch Médios,8522,8522,0,,ok,cauda nao publicada: 0 unidades
2013-06,subtotal_sub_segmento,automoveis/Hatch Pequenos,64509,64509,0,,ok,cauda nao publicada: 0 unidades
2013-06,subtotal_sub_segmento,automoveis/Monocab,9048,9048,0,,ok,cauda nao publicada: 0 unidades
2013-06,subtotal_sub_segmento,automoveis/Sedans Compactos,9004,9004,0,,ok,cauda nao publicada: 0 unidades
2013-06,subtotal_sub_segmento,automoveis/Sedans Grandes,1580,1580,0,,ok,cauda nao publicada: 0 unidades
2013-06,subtotal_sub_segmento,automoveis/Sedans Pequenos,44880,44880,0,,ok,cauda nao publicada: 0 unidades
2013-06,subtotal_sub_segmento,automoveis/Sedans médios,19300,19300,0,,ok,cauda nao publicada: 0 unidades
2013-06,subtotal_sub_segmento,automoveis/Sports,267,267,0,,ok,cauda nao publicada: 0 unidades
2013-06,subtotal_sub_segmento,automoveis/Suv's,23558,23558,0,,ok,cauda nao publicada: 0 unidades
2013-06,subtotal_sub_segmento,automoveis/Sw Grandes,25,25,0,,ok,cauda nao publicada: 0 unidades
2013-06,subtotal_sub_segmento,automoveis/Sw Médios,2819,2819,0,,ok,cauda nao publicada: 0 unidades
2013-06,subtotal_sub_segmento,automoveis/Veículos de Entrada,65031,65031,0,,ok,cauda nao publicada: 0 unidades
2013-06,subtotal_sub_segmento,comerciais_leves/Furgões,5180,5180,0,,ok,cauda nao publicada: 0 unidades
2013-06,subtotal_sub_segmento,comerciais_leves/Furgões Pequenos,2292,2292,0,,ok,cauda nao publicada: 0 unidades
2013-06,subtotal_sub_segmento,comerciais_leves/Pick-up's Grandes,15170,15170,0,,ok,cauda nao publicada: 0 unidades
2013-06,subtotal_sub_segmento,comerciais_leves/Pick-up's Pequenas,22450,22450,0,,ok,cauda nao publicada: 0 unidades
2013-06,ranking_x_sub_segmento,2013-06,275640,275632,-8,-0.0029,ok,2 modelos divergentes de 78 conferidos; desvio de volume 0.0029%
2013-06,cobertura,automoveis,256606,252312,-4294,-1.6734,medido,cobertura=98.33%
2013-06,cobertura,comerciais_leves,46281,46256,-25,-0.0540,medido,cobertura=99.95%
2013-07,mes_declarado,2013-07,,,,,ok,2013-07
2013-07,subtotal_sub_segmento,automoveis/Grandcab,4350,4350,0,,ok,cauda nao publicada: 0 unidades
2013-07,subtotal_sub_segmento,automoveis/Hatch Médios,9558,9558,0,,ok,cauda nao publicada: 0 unidades
2013-07,subtotal_sub_segmento,automoveis/Hatch Pequenos,68040,68040,0,,ok,cauda nao publicada: 0 unidades
2013-07,subtotal_sub_segmento,automoveis/Monocab,10100,10100,0,,ok,cauda nao publicada: 0 unidades
2013-07,subtotal_sub_segmento,automoveis/Sedans Compactos,8848,8848,0,,ok,cauda nao publicada: 0 unidades
2013-07,subtotal_sub_segmento,automoveis/Sedans Grandes,1420,1420,0,,ok,cauda nao publicada: 0 unidades
2013-07,subtotal_sub_segmento,automoveis/Sedans Pequenos,49891,49891,0,,ok,cauda nao publicada: 0 unidades
2013-07,subtotal_sub_segmento,automoveis/Sedans médios,20126,20126,0,,ok,cauda nao publicada: 0 unidades
2013-07,subtotal_sub_segmento,automoveis/Sports,215,215,0,,ok,cauda nao publicada: 0 unidades
2013-07,subtotal_sub_segmento,automoveis/Suv's,25623,25623,0,,ok,cauda nao publicada: 0 unidades
2013-07,subtotal_sub_segmento,automoveis/Sw Grandes,20,20,0,,ok,cauda nao publicada: 0 unidades
2013-07,subtotal_sub_segmento,automoveis/Sw Médios,3635,3635,0,,ok,cauda nao publicada: 0 unidades
2013-07,subtotal_sub_segmento,automoveis/Veículos de Entrada,69455,69455,0,,ok,cauda nao publicada: 0 unidades
2013-07,subtotal_sub_segmento,comerciais_leves/Furgões,5897,5897,0,,ok,cauda nao publicada: 0 unidades
2013-07,subtotal_sub_segmento,comerciais_leves/Furgões Pequenos,2619,2619,0,,ok,cauda nao publicada: 0 unidades
2013-07,subtotal_sub_segmento,comerciais_leves/Pick-up's Grandes,16563,16563,0,,ok,cauda nao publicada: 0 unidades
2013-07,subtotal_sub_segmento,comerciais_leves/Pick-up's Pequenas,21710,21710,0,,ok,cauda nao publicada: 0 unidades
2013-07,ranking_x_sub_segmento,2013-07,296151,296115,-36,-0.0122,ok,3 modelos divergentes de 78 conferidos; desvio de volume 0.0122%
2013-07,cobertura,automoveis,275878,271281,-4597,-1.6663,medido,cobertura=98.33%
2013-07,cobertura,comerciais_leves,48039,48012,-27,-0.0562,medido,cobertura=99.94%
2013-08,mes_declarado,2013-08,,,,,ok,2013-08
2013-08,subtotal_sub_segmento,automoveis/Grandcab,4148,4148,0,,ok,cauda nao publicada: 0 unidades
2013-08,subtotal_sub_segmento,automoveis/Hatch Médios,9464,9464,0,,ok,cauda nao publicada: 0 unidades
2013-08,subtotal_sub_segmento,automoveis/Hatch Pequenos,64819,64819,0,,ok,cauda nao publicada: 0 unidades
2013-08,subtotal_sub_segmento,automoveis/Monocab,7563,7563,0,,ok,cauda nao publicada: 0 unidades
2013-08,subtotal_sub_segmento,automoveis/Sedans Compactos,9151,9151,0,,ok,cauda nao publicada: 0 unidades
2013-08,subtotal_sub_segmento,automoveis/Sedans Grandes,1705,1705,0,,ok,cauda nao publicada: 0 unidades
2013-08,subtotal_sub_segmento,automoveis/Sedans Pequenos,48264,48264,0,,ok,cauda nao publicada: 0 unidades
2013-08,subtotal_sub_segmento,automoveis/Sedans médios,19706,19706,0,,ok,cauda nao publicada: 0 unidades
2013-08,subtotal_sub_segmento,automoveis/Sports,249,249,0,,ok,cauda nao publicada: 0 unidades
2013-08,subtotal_sub_segmento,automoveis/Suv's,24449,24449,0,,ok,cauda nao publicada: 0 unidades
2013-08,subtotal_sub_segmento,automoveis/Sw Grandes,15,15,0,,ok,cauda nao publicada: 0 unidades
2013-08,subtotal_sub_segmento,automoveis/Sw Médios,3299,3299,0,,ok,cauda nao publicada: 0 unidades
2013-08,subtotal_sub_segmento,automoveis/Veículos de Entrada,68658,68658,0,,ok,cauda nao publicada: 0 unidades
2013-08,subtotal_sub_segmento,comerciais_leves/Furgões,5791,5791,0,,ok,cauda nao publicada: 0 unidades
2013-08,subtotal_sub_segmento,comerciais_leves/Furgões Pequenos,2002,2002,0,,ok,cauda nao publicada: 0 unidades
2013-08,subtotal_sub_segmento,comerciais_leves/Pick-up's Grandes,15842,15842,0,,ok,cauda nao publicada: 0 unidades
2013-08,subtotal_sub_segmento,comerciais_leves/Pick-up's Pequenas,21540,21540,0,,ok,cauda nao publicada: 0 unidades
2013-08,ranking_x_sub_segmento,2013-08,284925,284921,-4,-0.0014,ok,1 modelos divergentes de 78 conferidos; desvio de volume 0.0014%
2013-08,cobertura,automoveis,266284,261490,-4794,-1.8003,medido,cobertura=98.20%
2013-08,cobertura,comerciais_leves,46405,46380,-25,-0.0539,medido,cobertura=99.95%
2013-09,mes_declarado,2013-09,,,,,ok,2013-09
2013-09,subtotal_sub_segmento,automoveis/Grandcab,3519,3519,0,,ok,cauda nao publicada: 0 unidades
2013-09,subtotal_sub_segmento,automoveis/Hatch Médios,8909,8909,0,,ok,cauda nao publicada: 0 unidades
2013-09,subtotal_sub_segmento,automoveis/Hatch Pequenos,60084,60084,0,,ok,cauda nao publicada: 0 unidades
2013-09,subtotal_sub_segmento,automoveis/Monocab,6426,6426,0,,ok,cauda nao publicada: 0 unidades
2013-09,subtotal_sub_segmento,automoveis/Sedans Compactos,7800,7800,0,,ok,cauda nao publicada: 0 unidades
2013-09,subtotal_sub_segmento,automoveis/Sedans Grandes,1445,1445,0,,ok,cauda nao publicada: 0 unidades
2013-09,subtotal_sub_segmento,automoveis/Sedans Pequenos,43703,43703,0,,ok,cauda nao publicada: 0 unidades
2013-09,subtotal_sub_segmento,automoveis/Sedans médios,19131,19131,0,,ok,cauda nao publicada: 0 unidades
2013-09,subtotal_sub_segmento,automoveis/Sports,252,252,0,,ok,cauda nao publicada: 0 unidades
2013-09,subtotal_sub_segmento,automoveis/Suv's,24158,24158,0,,ok,cauda nao publicada: 0 unidades
2013-09,subtotal_sub_segmento,automoveis/Sw Grandes,5,5,0,,ok,cauda nao publicada: 0 unidades
2013-09,subtotal_sub_segmento,automoveis/Sw Médios,4107,4107,0,,ok,cauda nao publicada: 0 unidades
2013-09,subtotal_sub_segmento,automoveis/Veículos de Entrada,61750,61750,0,,ok,cauda nao publicada: 0 unidades
2013-09,subtotal_sub_segmento,comerciais_leves/Furgões,6447,6447,0,,ok,cauda nao publicada: 0 unidades
2013-09,subtotal_sub_segmento,comerciais_leves/Furgões Pequenos,1908,1908,0,,ok,cauda nao publicada: 0 unidades
2013-09,subtotal_sub_segmento,comerciais_leves/Pick-up's Grandes,15897,15897,0,,ok,cauda nao publicada: 0 unidades
2013-09,subtotal_sub_segmento,comerciais_leves/Pick-up's Pequenas,22736,22736,0,,ok,cauda nao publicada: 0 unidades
2013-09,ranking_x_sub_segmento,2013-09,267269,267262,-7,-0.0026,ok,2 modelos divergentes de 78 conferidos; desvio de volume 0.0026%
2013-09,cobertura,automoveis,245803,241289,-4514,-1.8364,medido,cobertura=98.16%
2013-09,cobertura,comerciais_leves,48114,48090,-24,-0.0499,medido,cobertura=99.95%
2013-10,mes_declarado,2013-10,,,,,ok,2013-10
2013-10,subtotal_sub_segmento,automoveis/Grandcab,4712,4712,0,,ok,cauda nao publicada: 0 unidades
2013-10,subtotal_sub_segmento,automoveis/Hatch Médios,10203,10203,0,,ok,cauda nao publicada: 0 unidades
2013-10,subtotal_sub_segmento,automoveis/Hatch Pequenos,67611,67611,0,,ok,cauda nao publicada: 0 unidades
2013-10,subtotal_sub_segmento,automoveis/Monocab,7534,7534,0,,ok,cauda nao publicada: 0 unidades
2013-10,subtotal_sub_segmento,automoveis/Sedans Compactos,11233,11233,0,,ok,cauda nao publicada: 0 unidades
2013-10,subtotal_sub_segmento,automoveis/Sedans Grandes,1388,1388,0,,ok,cauda nao publicada: 0 unidades
2013-10,subtotal_sub_segmento,automoveis/Sedans Pequenos,43481,43481,0,,ok,cauda nao publicada: 0 unidades
2013-10,subtotal_sub_segmento,automoveis/Sedans médios,22879,22879,0,,ok,cauda nao publicada: 0 unidades
2013-10,subtotal_sub_segmento,automoveis/Sports,171,171,0,,ok,cauda nao publicada: 0 unidades
2013-10,subtotal_sub_segmento,automoveis/Suv's,28079,28079,0,,ok,cauda nao publicada: 0 unidades
2013-10,subtotal_sub_segmento,automoveis/Sw Grandes,11,11,0,,ok,cauda nao publicada: 0 unidades
2013-10,subtotal_sub_segmento,automoveis/Sw Médios,3674,3674,0,,ok,cauda nao publicada: 0 unidades
2013-10,subtotal_sub_segmento,automoveis/Veículos de Entrada,61223,61223,0,,ok,cauda nao publicada: 0 unidades
2013-10,subtotal_sub_segmento,comerciais_leves/Furgões,6233,6233,0,,ok,cauda nao publicada: 0 unidades
2013-10,subtotal_sub_segmento,comerciais_leves/Furgões Pequenos,2268,2268,0,,ok,cauda nao publicada: 0 unidades
2013-10,subtotal_sub_segmento,comerciais_leves/Pick-up's Grandes,16482,16482,0,,ok,cauda nao publicada: 0 unidades
2013-10,subtotal_sub_segmento,comerciais_leves/Pick-up's Pequenas,20223,20223,0,,ok,cauda nao publicada: 0 unidades
2013-10,ranking_x_sub_segmento,2013-10,282898,282892,-6,-0.0021,ok,1 modelos divergentes de 78 conferidos; desvio de volume 0.0021%
2013-10,cobertura,automoveis,266996,262199,-4797,-1.7967,medido,cobertura=98.20%
2013-10,cobertura,comerciais_leves,46476,46444,-32,-0.0689,medido,cobertura=99.93%
2013-11,mes_declarado,2013-11,,,,,ok,2013-11
2013-11,subtotal_sub_segmento,automoveis/Grandcab,3925,3925,0,,ok,cauda nao publicada: 0 unidades
2013-11,subtotal_sub_segmento,automoveis/Hatch Médios,9049,9049,0,,ok,cauda nao publicada: 0 unidades
2013-11,subtotal_sub_segmento,automoveis/Hatch Pequenos,60471,60471,0,,ok,cauda nao publicada: 0 unidades
2013-11,subtotal_sub_segmento,automoveis/Monocab,7565,7565,0,,ok,cauda nao publicada: 0 unidades
2013-11,subtotal_sub_segmento,automoveis/Sedans Compactos,9438,9438,0,,ok,cauda nao publicada: 0 unidades
2013-11,subtotal_sub_segmento,automoveis/Sedans Grandes,1650,1650,0,,ok,cauda nao publicada: 0 unidades
2013-11,subtotal_sub_segmento,automoveis/Sedans Pequenos,40805,40805,0,,ok,cauda nao publicada: 0 unidades
2013-11,subtotal_sub_segmento,automoveis/Sedans médios,19954,19954,0,,ok,cauda nao publicada: 0 unidades
2013-11,subtotal_sub_segmento,automoveis/Sports,194,194,0,,ok,cauda nao publicada: 0 unidades
2013-11,subtotal_sub_segmento,automoveis/Suv's,24444,24444,0,,ok,cauda nao publicada: 0 unidades
2013-11,subtotal_sub_segmento,automoveis/Sw Grandes,10,10,0,,ok,cauda nao publicada: 0 unidades
2013-11,subtotal_sub_segmento,automoveis/Sw Médios,4731,4731,0,,ok,cauda nao publicada: 0 unidades
2013-11,subtotal_sub_segmento,automoveis/Veículos de Entrada,61173,61173,0,,ok,cauda nao publicada: 0 unidades
2013-11,subtotal_sub_segmento,comerciais_leves/Furgões,5957,5957,0,,ok,cauda nao publicada: 0 unidades
2013-11,subtotal_sub_segmento,comerciais_leves/Furgões Pequenos,2119,2119,0,,ok,cauda nao publicada: 0 unidades
2013-11,subtotal_sub_segmento,comerciais_leves/Pick-up's Grandes,14660,14660,0,,ok,cauda nao publicada: 0 unidades
2013-11,subtotal_sub_segmento,comerciais_leves/Pick-up's Pequenas,16561,16561,0,,ok,cauda nao publicada: 0 unidades
2013-11,ranking_x_sub_segmento,2013-11,250620,250615,-5,-0.0020,ok,2 modelos divergentes de 72 conferidos; desvio de volume 0.0020%
2013-11,cobertura,automoveis,247875,245873,-2002,-0.8077,medido,cobertura=99.19%
2013-11,cobertura,comerciais_leves,40311,47054,6743,16.7274,medido,cobertura=116.73%
2013-12,mes_declarado,2013-12,,,,,ok,2013-12
2013-12,subtotal_sub_segmento,automoveis/Grandcab,4178,4178,0,,ok,cauda nao publicada: 0 unidades
2013-12,subtotal_sub_segmento,automoveis/Hatch Médios,10987,10987,0,,ok,cauda nao publicada: 0 unidades
2013-12,subtotal_sub_segmento,automoveis/Hatch Pequenos,73094,73094,0,,ok,cauda nao publicada: 0 unidades
2013-12,subtotal_sub_segmento,automoveis/Monocab,9010,9010,0,,ok,cauda nao publicada: 0 unidades
2013-12,subtotal_sub_segmento,automoveis/Sedans Compactos,10364,10364,0,,ok,cauda nao publicada: 0 unidades
2013-12,subtotal_sub_segmento,automoveis/Sedans Grandes,1660,1660,0,,ok,cauda nao publicada: 0 unidades
2013-12,subtotal_sub_segmento,automoveis/Sedans Pequenos,50077,50077,0,,ok,cauda nao publicada: 0 unidades
2013-12,subtotal_sub_segmento,automoveis/Sedans médios,22732,22732,0,,ok,cauda nao publicada: 0 unidades
2013-12,subtotal_sub_segmento,automoveis/Sports,260,260,0,,ok,cauda nao publicada: 0 unidades
2013-12,subtotal_sub_segmento,automoveis/Suv's,28781,28781,0,,ok,cauda nao publicada: 0 unidades
2013-12,subtotal_sub_segmento,automoveis/Sw Grandes,9,9,0,,ok,cauda nao publicada: 0 unidades
2013-12,subtotal_sub_segmento,automoveis/Sw Médios,3300,3300,0,,ok,cauda nao publicada: 0 unidades
2013-12,subtotal_sub_segmento,automoveis/Veículos de Entrada,67545,67545,0,,ok,cauda nao publicada: 0 unidades
2013-12,subtotal_sub_segmento,comerciais_leves/Furgões,6299,6299,0,,ok,cauda nao publicada: 0 unidades
2013-12,subtotal_sub_segmento,comerciais_leves/Furgões Pequenos,2015,2015,0,,ok,cauda nao publicada: 0 unidades
2013-12,subtotal_sub_segmento,comerciais_leves/Pick-up's Grandes,17287,17287,0,,ok,cauda nao publicada: 0 unidades
2013-12,subtotal_sub_segmento,comerciais_leves/Pick-up's Pequenas,21515,21515,0,,ok,cauda nao publicada: 0 unidades
2013-12,ranking_x_sub_segmento,2013-12,302940,302931,-9,-0.0030,ok,2 modelos divergentes de 78 conferidos; desvio de volume 0.0030%
2013-12,cobertura,automoveis,287567,281997,-5570,-1.9369,medido,cobertura=98.06%
2013-12,cobertura,comerciais_leves,48359,48329,-30,-0.0620,medido,cobertura=99.94%
2014-01,mes_declarado,2014-01,,,,,ok,2014-01
2014-01,subtotal_sub_segmento,automoveis/Grandcab,3380,3380,0,,ok,cauda nao publicada: 0 unidades
2014-01,subtotal_sub_segmento,automoveis/Hatch Médios,10888,10888,0,,ok,cauda nao publicada: 0 unidades
2014-01,subtotal_sub_segmento,automoveis/Hatch Pequenos,66666,66666,0,,ok,cauda nao publicada: 0 unidades
2014-01,subtotal_sub_segmento,automoveis/Monocab,8026,8026,0,,ok,cauda nao publicada: 0 unidades
2014-01,subtotal_sub_segmento,automoveis/Sedans Compactos,9425,9425,0,,ok,cauda nao publicada: 0 unidades
2014-01,subtotal_sub_segmento,automoveis/Sedans Grandes,1722,1722,0,,ok,cauda nao publicada: 0 unidades
2014-01,subtotal_sub_segmento,automoveis/Sedans Pequenos,41619,41619,0,,ok,cauda nao publicada: 0 unidades
2014-01,subtotal_sub_segmento,automoveis/Sedans médios,17489,17489,0,,ok,cauda nao publicada: 0 unidades
2014-01,subtotal_sub_segmento,automoveis/Sports,235,235,0,,ok,cauda nao publicada: 0 unidades
2014-01,subtotal_sub_segmento,automoveis/Suv's,27248,27248,0,,ok,cauda nao publicada: 0 unidades
2014-01,subtotal_sub_segmento,automoveis/Sw Grandes,10,10,0,,ok,cauda nao publicada: 0 unidades
2014-01,subtotal_sub_segmento,automoveis/Sw Médios,2774,2774,0,,ok,cauda nao publicada: 0 unidades
2014-01,subtotal_sub_segmento,automoveis/Veículos de Entrada,61156,61156,0,,ok,cauda nao publicada: 0 unidades
2014-01,subtotal_sub_segmento,comerciais_leves/Furgões,6133,6133,0,,ok,cauda nao publicada: 0 unidades
2014-01,subtotal_sub_segmento,comerciais_leves/Furgões Pequenos,2202,2202,0,,ok,cauda nao publicada: 0 unidades
2014-01,subtotal_sub_segmento,comerciais_leves/Pick-up's Grandes,14074,14074,0,,ok,cauda nao publicada: 0 unidades
2014-01,subtotal_sub_segmento,comerciais_leves/Pick-up's Pequenas,20756,20756,0,,ok,cauda nao publicada: 0 unidades
2014-01,ranking_x_sub_segmento,2014-01,269371,269366,-5,-0.0019,ok,1 modelos divergentes de 77 conferidos; desvio de volume 0.0019%
2014-01,cobertura,automoveis,255437,250638,-4799,-1.8787,medido,cobertura=98.12%
2014-01,cobertura,comerciais_leves,44300,44277,-23,-0.0519,medido,cobertura=99.95%
2014-02,mes_declarado,2014-02,,,,,ok,2014-02
2014-02,subtotal_sub_segmento,automoveis/Grandcab,2766,2766,0,,ok,cauda nao publicada: 0 unidades
2014-02,subtotal_sub_segmento,automoveis/Hatch Médios,8538,8538,0,,ok,cauda nao publicada: 0 unidades
2014-02,subtotal_sub_segmento,automoveis/Hatch Pequenos,52219,52219,0,,ok,cauda nao publicada: 0 unidades
2014-02,subtotal_sub_segmento,automoveis/Monocab,6497,6497,0,,ok,cauda nao publicada: 0 unidades
2014-02,subtotal_sub_segmento,automoveis/Sedans Compactos,7552,7552,0,,ok,cauda nao publicada: 0 unidades
2014-02,subtotal_sub_segmento,automoveis/Sedans Grandes,1290,1290,0,,ok,cauda nao publicada: 0 unidades
2014-02,subtotal_sub_segmento,automoveis/Sedans Pequenos,33061,33061,0,,ok,cauda nao publicada: 0 unidades
2014-02,subtotal_sub_segmento,automoveis/Sedans médios,15768,15768,0,,ok,cauda nao publicada: 0 unidades
2014-02,subtotal_sub_segmento,automoveis/Sports,219,219,0,,ok,cauda nao publicada: 0 unidades
2014-02,subtotal_sub_segmento,automoveis/Suv's,21225,21225,0,,ok,cauda nao publicada: 0 unidades
2014-02,subtotal_sub_segmento,automoveis/Sw Grandes,6,6,0,,ok,cauda nao publicada: 0 unidades
2014-02,subtotal_sub_segmento,automoveis/Sw Médios,2180,2180,0,,ok,cauda nao publicada: 0 unidades
2014-02,subtotal_sub_segmento,automoveis/Veículos de Entrada,49000,49000,0,,ok,cauda nao publicada: 0 unidades
2014-02,subtotal_sub_segmento,comerciais_leves/Furgões,3498,3498,0,,ok,cauda nao publicada: 0 unidades
2014-02,subtotal_sub_segmento,comerciais_leves/Furgões Pequenos,2808,2808,0,,ok,cauda nao publicada: 0 unidades
2014-02,subtotal_sub_segmento,comerciais_leves/Pick-up's Grandes,12278,12278,0,,ok,cauda nao publicada: 0 unidades
2014-02,subtotal_sub_segmento,comerciais_leves/Pick-up's Pequenas,22043,22043,0,,ok,cauda nao publicada: 0 unidades
2014-02,ranking_x_sub_segmento,2014-02,221018,221012,-6,-0.0027,ok,3 modelos divergentes de 77 conferidos; desvio de volume 0.0027%
2014-02,cobertura,automoveis,204155,200321,-3834,-1.8780,medido,cobertura=98.12%
2014-02,cobertura,comerciais_leves,41749,41726,-23,-0.0551,medido,cobertura=99.94%
2014-03,mes_declarado,2014-03,,,,,ok,2014-03
2014-03,subtotal_sub_segmento,automoveis/Grandcab,2624,2624,0,,ok,cauda nao publicada: 0 unidades
2014-03,subtotal_sub_segmento,automoveis/Hatch Médios,7105,7105,0,,ok,cauda nao publicada: 0 unidades
2014-03,subtotal_sub_segmento,automoveis/Hatch Pequenos,49801,49801,0,,ok,cauda nao publicada: 0 unidades
2014-03,subtotal_sub_segmento,automoveis/Monocab,6197,6197,0,,ok,cauda nao publicada: 0 unidades
2014-03,subtotal_sub_segmento,automoveis/Sedans Compactos,6425,6425,0,,ok,cauda nao publicada: 0 unidades
2014-03,subtotal_sub_segmento,automoveis/Sedans Grandes,1186,1186,0,,ok,cauda nao publicada: 0 unidades
2014-03,subtotal_sub_segmento,automoveis/Sedans Pequenos,31001,31001,0,,ok,cauda nao publicada: 0 unidades
2014-03,subtotal_sub_segmento,automoveis/Sedans médios,14507,14507,0,,ok,cauda nao publicada: 0 unidades
2014-03,subtotal_sub_segmento,automoveis/Sports,166,166,0,,ok,cauda nao publicada: 0 unidades
2014-03,subtotal_sub_segmento,automoveis/Suv's,18855,18855,0,,ok,cauda nao publicada: 0 unidades
2014-03,subtotal_sub_segmento,automoveis/Sw Grandes,7,7,0,,ok,cauda nao publicada: 0 unidades
2014-03,subtotal_sub_segmento,automoveis/Sw Médios,2185,2185,0,,ok,cauda nao publicada: 0 unidades
2014-03,subtotal_sub_segmento,automoveis/Veículos de Entrada,46459,46459,0,,ok,cauda nao publicada: 0 unidades
2014-03,subtotal_sub_segmento,comerciais_leves/Furgões,3312,3312,0,,ok,cauda nao publicada: 0 unidades
2014-03,subtotal_sub_segmento,comerciais_leves/Furgões Pequenos,2351,2351,0,,ok,cauda nao publicada: 0 unidades
2014-03,subtotal_sub_segmento,comerciais_leves/Pick-up's Grandes,11666,11666,0,,ok,cauda nao publicada: 0 unidades
2014-03,subtotal_sub_segmento,comerciais_leves/Pick-up's Pequenas,20641,20641,0,,ok,cauda nao publicada: 0 unidades
2014-03,ranking_x_sub_segmento,2014-03,207695,207695,0,,ok,0 modelos divergentes de 77 conferidos; desvio de volume 0.0000%
2014-03,cobertura,automoveis,189961,186518,-3443,-1.8125,medido,cobertura=98.19%
2014-03,cobertura,comerciais_leves,38739,38725,-14,-0.0361,medido,cobertura=99.96%
2014-04,mes_declarado,2014-04,,,,,ok,2014-04
2014-04,subtotal_sub_segmento,automoveis/Grandcab,3670,3670,0,,ok,cauda nao publicada: 0 unidades
2014-04,subtotal_sub_segmento,automoveis/Hatch Médios,8384,8384,0,,ok,cauda nao publicada: 0 unidades
2014-04,subtotal_sub_segmento,automoveis/Hatch Pequenos,58721,58721,0,,ok,cauda nao publicada: 0 unidades
2014-04,subtotal_sub_segmento,automoveis/Monocab,6824,6824,0,,ok,cauda nao publicada: 0 unidades
2014-04,subtotal_sub_segmento,automoveis/Sedans Compactos,7753,7753,0,,ok,cauda nao publicada: 0 unidades
2014-04,subtotal_sub_segmento,automoveis/Sedans Grandes,1302,1302,0,,ok,cauda nao publicada: 0 unidades
2014-04,subtotal_sub_segmento,automoveis/Sedans Pequenos,38536,38536,0,,ok,cauda nao publicada: 0 unidades
2014-04,subtotal_sub_segmento,automoveis/Sedans médios,21620,21620,0,,ok,cauda nao publicada: 0 unidades
2014-04,subtotal_sub_segmento,automoveis/Sports,183,183,0,,ok,cauda nao publicada: 0 unidades
2014-04,subtotal_sub_segmento,automoveis/Suv's,23893,23893,0,,ok,cauda nao publicada: 0 unidades
2014-04,subtotal_sub_segmento,automoveis/Sw Grandes,18,18,0,,ok,cauda nao publicada: 0 unidades
2014-04,subtotal_sub_segmento,automoveis/Sw Médios,2251,2251,0,,ok,cauda nao publicada: 0 unidades
2014-04,subtotal_sub_segmento,automoveis/Veículos de Entrada,57974,57974,0,,ok,cauda nao publicada: 0 unidades
2014-04,subtotal_sub_segmento,comerciais_leves/Furgões,3459,3459,0,,ok,cauda nao publicada: 0 unidades
2014-04,subtotal_sub_segmento,comerciais_leves/Furgões Pequenos,2483,2483,0,,ok,cauda nao publicada: 0 unidades
2014-04,subtotal_sub_segmento,comerciais_leves/Pick-up's Grandes,15378,15378,0,,ok,cauda nao publicada: 0 unidades
2014-04,subtotal_sub_segmento,comerciais_leves/Pick-up's Pequenas,22548,22548,0,,ok,cauda nao publicada: 0 unidades
2014-04,ranking_x_sub_segmento,2014-04,253972,253961,-11,-0.0043,ok,3 modelos divergentes de 77 conferidos; desvio de volume 0.0043%
2014-04,cobertura,automoveis,234956,231129,-3827,-1.6288,medido,cobertura=98.37%
2014-04,cobertura,comerciais_leves,44771,44747,-24,-0.0536,medido,cobertura=99.95%
2014-05,mes_declarado,2014-05,,,,,ok,2014-05
2014-05,subtotal_sub_segmento,automoveis/Grandcab,3137,3137,0,,ok,cauda nao publicada: 0 unidades
2014-05,subtotal_sub_segmento,automoveis/Hatch Médios,7937,7937,0,,ok,cauda nao publicada: 0 unidades
2014-05,subtotal_sub_segmento,automoveis/Hatch Pequenos,58064,58064,0,,ok,cauda nao publicada: 0 unidades
2014-05,subtotal_sub_segmento,automoveis/Monocab,8517,8517,0,,ok,cauda nao publicada: 0 unidades
2014-05,subtotal_sub_segmento,automoveis/Sedans Compactos,6909,6909,0,,ok,cauda nao publicada: 0 unidades
2014-05,subtotal_sub_segmento,automoveis/Sedans Grandes,1186,1186,0,,ok,cauda nao publicada: 0 unidades
2014-05,subtotal_sub_segmento,automoveis/Sedans Pequenos,42315,42315,0,,ok,cauda nao publicada: 0 unidades
2014-05,subtotal_sub_segmento,automoveis/Sedans médios,20279,20279,0,,ok,cauda nao publicada: 0 unidades
2014-05,subtotal_sub_segmento,automoveis/Sports,185,185,0,,ok,cauda nao publicada: 0 unidades
2014-05,subtotal_sub_segmento,automoveis/Suv's,25095,25095,0,,ok,cauda nao publicada: 0 unidades
2014-05,subtotal_sub_segmento,automoveis/Sw Grandes,10,10,0,,ok,cauda nao publicada: 0 unidades
2014-05,subtotal_sub_segmento,automoveis/Sw Médios,2400,2400,0,,ok,cauda nao publicada: 0 unidades
2014-05,subtotal_sub_segmento,automoveis/Veículos de Entrada,52839,52839,0,,ok,cauda nao publicada: 0 unidades
2014-05,subtotal_sub_segmento,comerciais_leves/Furgões,3836,3836,0,,ok,cauda nao publicada: 0 unidades
2014-05,subtotal_sub_segmento,comerciais_leves/Furgões Pequenos,2764,2764,0,,ok,cauda nao publicada: 0 unidades
2014-05,subtotal_sub_segmento,comerciais_leves/Pick-up's Grandes,15285,15285,0,,ok,cauda nao publicada: 0 unidades
2014-05,subtotal_sub_segmento,comerciais_leves/Pick-up's Pequenas,22446,22446,0,,ok,cauda nao publicada: 0 unidades
2014-05,ranking_x_sub_segmento,2014-05,251546,251542,-4,-0.0016,ok,1 modelos divergentes de 77 conferidos; desvio de volume 0.0016%
2014-05,cobertura,automoveis,232623,228873,-3750,-1.6121,medido,cobertura=98.39%
2014-05,cobertura,comerciais_leves,45263,45226,-37,-0.0817,medido,cobertura=99.92%
2014-06,mes_declarado,2014-06,,,,,ok,2014-06
2014-06,subtotal_sub_segmento,automoveis/Grandcab,2764,2764,0,,ok,cauda nao publicada: 0 unidades
2014-06,subtotal_sub_segmento,automoveis/Hatch Médios,6947,6947,0,,ok,cauda nao publicada: 0 unidades
2014-06,subtotal_sub_segmento,automoveis/Hatch Pequenos,51863,51863,0,,ok,cauda nao publicada: 0 unidades
2014-06,subtotal_sub_segmento,automoveis/Monocab,8037,8037,0,,ok,cauda nao publicada: 0 unidades
2014-06,subtotal_sub_segmento,automoveis/Sedans Compactos,5787,5787,0,,ok,cauda nao publicada: 0 unidades
2014-06,subtotal_sub_segmento,automoveis/Sedans Grandes,986,986,0,,ok,cauda nao publicada: 0 unidades
2014-06,subtotal_sub_segmento,automoveis/Sedans Pequenos,39932,39932,0,,ok,cauda nao publicada: 0 unidades
2014-06,subtotal_sub_segmento,automoveis/Sedans médios,17707,17707,0,,ok,cauda nao publicada: 0 unidades
2014-06,subtotal_sub_segmento,automoveis/Sports,176,176,0,,ok,cauda nao publicada: 0 unidades
2014-06,subtotal_sub_segmento,automoveis/Suv's,23553,23553,0,,ok,cauda nao publicada: 0 unidades
2014-06,subtotal_sub_segmento,automoveis/Sw Grandes,8,8,0,,ok,cauda nao publicada: 0 unidades
2014-06,subtotal_sub_segmento,automoveis/Sw Médios,2677,2677,0,,ok,cauda nao publicada: 0 unidades
2014-06,subtotal_sub_segmento,automoveis/Veículos de Entrada,48071,48071,0,,ok,cauda nao publicada: 0 unidades
2014-06,subtotal_sub_segmento,comerciais_leves/Furgões,3293,3293,0,,ok,cauda nao publicada: 0 unidades
2014-06,subtotal_sub_segmento,comerciais_leves/Furgões Pequenos,2568,2568,0,,ok,cauda nao publicada: 0 unidades
2014-06,subtotal_sub_segmento,comerciais_leves/Pick-up's Grandes,12928,12928,0,,ok,cauda nao publicada: 0 unidades
2014-06,subtotal_sub_segmento,comerciais_leves/Pick-up's Pequenas,19634,19634,0,,ok,cauda nao publicada: 0 unidades
2014-06,ranking_x_sub_segmento,2014-06,227153,226299,-854,-0.3760,ok,4 modelos divergentes de 77 conferidos; desvio de volume 0.3760%
2014-06,cobertura,automoveis,211418,208508,-2910,-1.3764,medido,cobertura=98.62%
2014-06,cobertura,comerciais_leves,39201,39173,-28,-0.0714,medido,cobertura=99.93%
2014-07,mes_declarado,2014-07,,,,,ok,2014-07
2014-07,subtotal_sub_segmento,automoveis/Grandcab,3849,3849,0,,ok,cauda nao publicada: 0 unidades
2014-07,subtotal_sub_segmento,automoveis/Hatch Médios,7573,7573,0,,ok,cauda nao publicada: 0 unidades
2014-07,subtotal_sub_segmento,automoveis/Hatch Pequenos,55132,55132,0,,ok,cauda nao publicada: 0 unidades
2014-07,subtotal_sub_segmento,automoveis/Monocab,8419,8419,0,,ok,cauda nao publicada: 0 unidades
2014-07,subtotal_sub_segmento,automoveis/Sedans Compactos,8075,8075,0,,ok,cauda nao publicada: 0 unidades
2014-07,subtotal_sub_segmento,automoveis/Sedans Grandes,1072,1072,0,,ok,cauda nao publicada: 0 unidades
2014-07,subtotal_sub_segmento,automoveis/Sedans Pequenos,44585,44585,0,,ok,cauda nao publicada: 0 unidades
2014-07,subtotal_sub_segmento,automoveis/Sedans médios,19678,19678,0,,ok,cauda nao publicada: 0 unidades
2014-07,subtotal_sub_segmento,automoveis/Sports,178,178,0,,ok,cauda nao publicada: 0 unidades
2014-07,subtotal_sub_segmento,automoveis/Suv's,26271,26271,0,,ok,cauda nao publicada: 0 unidades
2014-07,subtotal_sub_segmento,automoveis/Sw Grandes,13,13,0,,ok,cauda nao publicada: 0 unidades
2014-07,subtotal_sub_segmento,automoveis/Sw Médios,2753,2753,0,,ok,cauda nao publicada: 0 unidades
2014-07,subtotal_sub_segmento,automoveis/Veículos de Entrada,53672,53672,0,,ok,cauda nao publicada: 0 unidades
2014-07,subtotal_sub_segmento,comerciais_leves/Furgões,3812,3812,0,,ok,cauda nao publicada: 0 unidades
2014-07,subtotal_sub_segmento,comerciais_leves/Furgões Pequenos,2967,2967,0,,ok,cauda nao publicada: 0 unidades
2014-07,subtotal_sub_segmento,comerciais_leves/Pick-up's Grandes,15037,15037,0,,ok,cauda nao publicada: 0 unidades
2014-07,subtotal_sub_segmento,comerciais_leves/Pick-up's Pequenas,22361,22361,0,,ok,cauda nao publicada: 0 unidades
2014-07,ranking_x_sub_segmento,2014-07,254705,254702,-3,-0.0012,ok,2 modelos divergentes de 76 conferidos; desvio de volume 0.0012%
2014-07,cobertura,automoveis,234608,231270,-3338,-1.4228,medido,cobertura=98.58%
2014-07,cobertura,comerciais_leves,45181,45146,-35,-0.0775,medido,cobertura=99.92%
2014-08,mes_declarado,2014-08,,,,,ok,2014-08
2014-08,subtotal_sub_segmento,automoveis/Grandcab,3112,3112,0,,ok,cauda nao publicada: 0 unidades
2014-08,subtotal_sub_segmento,automoveis/Hatch Médios,6779,6779,0,,ok,cauda nao publicada: 0 unidades
2014-08,subtotal_sub_segmento,automoveis/Hatch Pequenos,50641,50641,0,,ok,cauda nao publicada: 0 unidades
2014-08,subtotal_sub_segmento,automoveis/Monocab,7900,7900,0,,ok,cauda nao publicada: 0 unidades
2014-08,subtotal_sub_segmento,automoveis/Sedans Compactos,6709,6709,0,,ok,cauda nao publicada: 0 unidades
2014-08,subtotal_sub_segmento,automoveis/Sedans Grandes,1236,1236,0,,ok,cauda nao publicada: 0 unidades
2014-08,subtotal_sub_segmento,automoveis/Sedans Pequenos,39354,39354,0,,ok,cauda nao publicada: 0 unidades
2014-08,subtotal_sub_segmento,automoveis/Sedans médios,19496,19496,0,,ok,cauda nao publicada: 0 unidades
2014-08,subtotal_sub_segmento,automoveis/Sports,167,167,0,,ok,cauda nao publicada: 0 unidades
2014-08,subtotal_sub_segmento,automoveis/Suv's,23538,23538,0,,ok,cauda nao publicada: 0 unidades
2014-08,subtotal_sub_segmento,automoveis/Sw Grandes,7,7,0,,ok,cauda nao publicada: 0 unidades
2014-08,subtotal_sub_segmento,automoveis/Sw Médios,2476,2476,0,,ok,cauda nao publicada: 0 unidades
2014-08,subtotal_sub_segmento,automoveis/Veículos de Entrada,52430,52430,0,,ok,cauda nao publicada: 0 unidades
2014-08,subtotal_sub_segmento,comerciais_leves/Furgões,3854,3854,0,,ok,cauda nao publicada: 0 unidades
2014-08,subtotal_sub_segmento,comerciais_leves/Furgões Pequenos,2343,2343,0,,ok,cauda nao publicada: 0 unidades
2014-08,subtotal_sub_segmento,comerciais_leves/Pick-up's Grandes,13428,13428,0,,ok,cauda nao publicada: 0 unidades
2014-08,subtotal_sub_segmento,comerciais_leves/Pick-up's Pequenas,21648,21648,0,,ok,cauda nao publicada: 0 unidades
2014-08,ranking_x_sub_segmento,2014-08,236103,236097,-6,-0.0025,ok,3 modelos divergentes de 76 conferidos; desvio de volume 0.0025%
2014-08,cobertura,automoveis,217040,213845,-3195,-1.4721,medido,cobertura=98.53%
2014-08,cobertura,comerciais_leves,42070,42015,-55,-0.1307,medido,cobertura=99.87%
2014-09,mes_declarado,2014-09,,,,,ok,2014-09
2014-09,subtotal_sub_segmento,automoveis/Grandcab,3971,3971,0,,ok,cauda nao publicada: 0 unidades
2014-09,subtotal_sub_segmento,automoveis/Hatch Médios,6657,6657,0,,ok,cauda nao publicada: 0 unidades
2014-09,subtotal_sub_segmento,automoveis/Hatch Pequenos,53403,53403,0,,ok,cauda nao publicada: 0 unidades
2014-09,subtotal_sub_segmento,automoveis/Monocab,9272,9272,0,,ok,cauda nao publicada: 0 unidades
2014-09,subtotal_sub_segmento,automoveis/Sedans Compactos,7072,7072,0,,ok,cauda nao publicada: 0 unidades
2014-09,subtotal_sub_segmento,automoveis/Sedans Grandes,1507,1507,0,,ok,cauda nao publicada: 0 unidades
2014-09,subtotal_sub_segmento,automoveis/Sedans Pequenos,42967,42967,0,,ok,cauda nao publicada: 0 unidades
2014-09,subtotal_sub_segmento,automoveis/Sedans médios,20575,20575,0,,ok,cauda nao publicada: 0 unidades
2014-09,subtotal_sub_segmento,automoveis/Sports,154,154,0,,ok,cauda nao publicada: 0 unidades
2014-09,subtotal_sub_segmento,automoveis/Suv's,24464,24464,0,,ok,cauda nao publicada: 0 unidades
2014-09,subtotal_sub_segmento,automoveis/Sw Grandes,9,9,0,,ok,cauda nao publicada: 0 unidades
2014-09,subtotal_sub_segmento,automoveis/Sw Médios,2880,2880,0,,ok,cauda nao publicada: 0 unidades
2014-09,subtotal_sub_segmento,automoveis/Veículos de Entrada,58325,58325,0,,ok,cauda nao publicada: 0 unidades
2014-09,subtotal_sub_segmento,comerciais_leves/Furgões,3719,3719,0,,ok,cauda nao publicada: 0 unidades
2014-09,subtotal_sub_segmento,comerciais_leves/Furgões Pequenos,2955,2955,0,,ok,cauda nao publicada: 0 unidades
2014-09,subtotal_sub_segmento,comerciais_leves/Pick-up's Grandes,15159,15159,0,,ok,cauda nao publicada: 0 unidades
2014-09,subtotal_sub_segmento,comerciais_leves/Pick-up's Pequenas,25328,25328,0,,ok,cauda nao publicada: 0 unidades
2014-09,ranking_x_sub_segmento,2014-09,257619,256868,-751,-0.2915,ok,3 modelos divergentes de 76 conferidos; desvio de volume 0.2915%
2014-09,cobertura,automoveis,234533,231256,-3277,-1.3972,medido,cobertura=98.60%
2014-09,cobertura,comerciais_leves,47954,47921,-33,-0.0688,medido,cobertura=99.93%
2014-10,mes_declarado,2014-10,,,,,ok,2014-10
2014-10,subtotal_sub_segmento,automoveis/Grandcab,3086,3086,0,,ok,cauda nao publicada: 0 unidades
2014-10,subtotal_sub_segmento,automoveis/Hatch Médios,5883,5883,0,,ok,cauda nao publicada: 0 unidades
2014-10,subtotal_sub_segmento,automoveis/Hatch Pequenos,53822,53822,0,,ok,cauda nao publicada: 0 unidades
2014-10,subtotal_sub_segmento,automoveis/Monocab,8808,8808,0,,ok,cauda nao publicada: 0 unidades
2014-10,subtotal_sub_segmento,automoveis/Sedans Compactos,8870,8870,0,,ok,cauda nao publicada: 0 unidades
2014-10,subtotal_sub_segmento,automoveis/Sedans Grandes,1517,1517,0,,ok,cauda nao publicada: 0 unidades
2014-10,subtotal_sub_segmento,automoveis/Sedans Pequenos,41458,41458,0,,ok,cauda nao publicada: 0 unidades
2014-10,subtotal_sub_segmento,automoveis/Sedans médios,20691,20691,0,,ok,cauda nao publicada: 0 unidades
2014-10,subtotal_sub_segmento,automoveis/Sports,173,173,0,,ok,cauda nao publicada: 0 unidades
2014-10,subtotal_sub_segmento,automoveis/Suv's,25810,25810,0,,ok,cauda nao publicada: 0 unidades
2014-10,subtotal_sub_segmento,automoveis/Sw Grandes,9,9,0,,ok,cauda nao publicada: 0 unidades
2014-10,subtotal_sub_segmento,automoveis/Sw Médios,2514,2514,0,,ok,cauda nao publicada: 0 unidades
2014-10,subtotal_sub_segmento,automoveis/Veículos de Entrada,66300,66300,0,,ok,cauda nao publicada: 0 unidades
2014-10,subtotal_sub_segmento,comerciais_leves/Furgões,3769,3769,0,,ok,cauda nao publicada: 0 unidades
2014-10,subtotal_sub_segmento,comerciais_leves/Furgões Pequenos,3310,3310,0,,ok,cauda nao publicada: 0 unidades
2014-10,subtotal_sub_segmento,comerciais_leves/Pick-up's Grandes,14736,14736,0,,ok,cauda nao publicada: 0 unidades
2014-10,subtotal_sub_segmento,comerciais_leves/Pick-up's Pequenas,26129,26129,0,,ok,cauda nao publicada: 0 unidades
2014-10,ranking_x_sub_segmento,2014-10,265700,265231,-469,-0.1765,ok,4 modelos divergentes de 76 conferidos; desvio de volume 0.1765%
2014-10,cobertura,automoveis,242710,238941,-3769,-1.5529,medido,cobertura=98.45%
2014-10,cobertura,comerciais_leves,48667,48635,-32,-0.0658,medido,cobertura=99.93%
2014-11,mes_declarado,2014-11,,,,,ok,2014-11
2014-11,subtotal_sub_segmento,automoveis/Grandcab,3260,3260,0,,ok,cauda nao publicada: 0 unidades
2014-11,subtotal_sub_segmento,automoveis/Hatch Médios,6224,6224,0,,ok,cauda nao publicada: 0 unidades
2014-11,subtotal_sub_segmento,automoveis/Hatch Pequenos,53294,53294,0,,ok,cauda nao publicada: 0 unidades
2014-11,subtotal_sub_segmento,automoveis/Monocab,8341,8341,0,,ok,cauda nao publicada: 0 unidades
2014-11,subtotal_sub_segmento,automoveis/Sedans Compactos,8971,8971,0,,ok,cauda nao publicada: 0 unidades
2014-11,subtotal_sub_segmento,automoveis/Sedans Grandes,1288,1288,0,,ok,cauda nao publicada: 0 unidades
2014-11,subtotal_sub_segmento,automoveis/Sedans Pequenos,39697,39697,0,,ok,cauda nao publicada: 0 unidades
2014-11,subtotal_sub_segmento,automoveis/Sedans médios,20471,20471,0,,ok,cauda nao publicada: 0 unidades
2014-11,subtotal_sub_segmento,automoveis/Sports,165,165,0,,ok,cauda nao publicada: 0 unidades
2014-11,subtotal_sub_segmento,automoveis/Suv's,24040,24040,0,,ok,cauda nao publicada: 0 unidades
2014-11,subtotal_sub_segmento,automoveis/Sw Grandes,22,22,0,,ok,cauda nao publicada: 0 unidades
2014-11,subtotal_sub_segmento,automoveis/Sw Médios,2022,2022,0,,ok,cauda nao publicada: 0 unidades
2014-11,subtotal_sub_segmento,automoveis/Veículos de Entrada,63661,63661,0,,ok,cauda nao publicada: 0 unidades
2014-11,subtotal_sub_segmento,comerciais_leves/Furgões,4578,4578,0,,ok,cauda nao publicada: 0 unidades
2014-11,subtotal_sub_segmento,comerciais_leves/Furgões Pequenos,2948,2948,0,,ok,cauda nao publicada: 0 unidades
2014-11,subtotal_sub_segmento,comerciais_leves/Pick-up's Grandes,13557,13557,0,,ok,cauda nao publicada: 0 unidades
2014-11,subtotal_sub_segmento,comerciais_leves/Pick-up's Pequenas,23341,23341,0,,ok,cauda nao publicada: 0 unidades
2014-11,ranking_x_sub_segmento,2014-11,257660,257658,-2,-0.0008,ok,1 modelos divergentes de 76 conferidos; desvio de volume 0.0008%
2014-11,cobertura,automoveis,234777,231456,-3321,-1.4145,medido,cobertura=98.59%
2014-11,cobertura,comerciais_leves,45037,45005,-32,-0.0711,medido,cobertura=99.93%
2014-12,mes_declarado,2014-12,,,,,ok,2014-12
2014-12,subtotal_sub_segmento,automoveis/Grandcab,3301,3301,0,,ok,cauda nao publicada: 0 unidades
2014-12,subtotal_sub_segmento,automoveis/Hatch Médios,7593,7593,0,,ok,cauda nao publicada: 0 unidades
2014-12,subtotal_sub_segmento,automoveis/Hatch Pequenos,68481,68481,0,,ok,cauda nao publicada: 0 unidades
2014-12,subtotal_sub_segmento,automoveis/Monocab,11007,11007,0,,ok,cauda nao publicada: 0 unidades
2014-12,subtotal_sub_segmento,automoveis/Sedans Compactos,11736,11736,0,,ok,cauda nao publicada: 0 unidades
2014-12,subtotal_sub_segmento,automoveis/Sedans Grandes,1749,1749,0,,ok,cauda nao publicada: 0 unidades
2014-12,subtotal_sub_segmento,automoveis/Sedans Pequenos,51780,51780,0,,ok,cauda nao publicada: 0 unidades
2014-12,subtotal_sub_segmento,automoveis/Sedans médios,23616,23616,0,,ok,cauda nao publicada: 0 unidades
2014-12,subtotal_sub_segmento,automoveis/Sports,143,143,0,,ok,cauda nao publicada: 0 unidades
2014-12,subtotal_sub_segmento,automoveis/Suv's,30429,30429,0,,ok,cauda nao publicada: 0 unidades
2014-12,subtotal_sub_segmento,automoveis/Sw Grandes,30,30,0,,ok,cauda nao publicada: 0 unidades
2014-12,subtotal_sub_segmento,automoveis/Sw Médios,1588,1588,0,,ok,cauda nao publicada: 0 unidades
2014-12,subtotal_sub_segmento,automoveis/Veículos de Entrada,87186,87186,0,,ok,cauda nao publicada: 0 unidades
2014-12,subtotal_sub_segmento,comerciais_leves/Furgões,4457,4457,0,,ok,cauda nao publicada: 0 unidades
2014-12,subtotal_sub_segmento,comerciais_leves/Furgões Pequenos,2912,2912,0,,ok,cauda nao publicada: 0 unidades
2014-12,subtotal_sub_segmento,comerciais_leves/Pick-up's Grandes,17071,17071,0,,ok,cauda nao publicada: 0 unidades
2014-12,subtotal_sub_segmento,comerciais_leves/Pick-up's Pequenas,25468,25468,0,,ok,cauda nao publicada: 0 unidades
2014-12,ranking_x_sub_segmento,2014-12,326003,325998,-5,-0.0015,ok,2 modelos divergentes de 75 conferidos; desvio de volume 0.0015%
2014-12,cobertura,automoveis,302916,298639,-4277,-1.4119,medido,cobertura=98.59%
2014-12,cobertura,comerciais_leves,50651,50621,-30,-0.0592,medido,cobertura=99.94%
2015-01,mes_declarado,2015-01,,,,,ok,2015-01
2015-01,subtotal_sub_segmento,automoveis/Grandcab,3381,3381,0,,ok,cauda nao publicada: 0 unidades
2015-01,subtotal_sub_segmento,automoveis/Hatch Médios,5909,5909,0,,ok,cauda nao publicada: 0 unidades
2015-01,subtotal_sub_segmento,automoveis/Hatch Pequenos,50481,50481,0,,ok,cauda nao publicada: 0 unidades
2015-01,subtotal_sub_segmento,automoveis/Monocab,7773,7773,0,,ok,cauda nao publicada: 0 unidades
2015-01,subtotal_sub_segmento,automoveis/Sedans Compactos,7246,7246,0,,ok,cauda nao publicada: 0 unidades
2015-01,subtotal_sub_segmento,automoveis/Sedans Grandes,1275,1275,0,,ok,cauda nao publicada: 0 unidades
2015-01,subtotal_sub_segmento,automoveis/Sedans Pequenos,36122,36122,0,,ok,cauda nao publicada: 0 unidades
2015-01,subtotal_sub_segmento,automoveis/Sedans médios,14000,14000,0,,ok,cauda nao publicada: 0 unidades
2015-01,subtotal_sub_segmento,automoveis/Sports,137,137,0,,ok,cauda nao publicada: 0 unidades
2015-01,subtotal_sub_segmento,automoveis/Suv's,20810,20810,0,,ok,cauda nao publicada: 0 unidades
2015-01,subtotal_sub_segmento,automoveis/Sw Grandes,15,15,0,,ok,cauda nao publicada: 0 unidades
2015-01,subtotal_sub_segmento,automoveis/Sw Médios,1847,1847,0,,ok,cauda nao publicada: 0 unidades
2015-01,subtotal_sub_segmento,automoveis/Veículos de Entrada,54760,54760,0,,ok,cauda nao publicada: 0 unidades
2015-01,subtotal_sub_segmento,comerciais_leves/Furgões,2720,2720,0,,ok,cauda nao publicada: 0 unidades
2015-01,subtotal_sub_segmento,comerciais_leves/Furgões Pequenos,2045,2045,0,,ok,cauda nao publicada: 0 unidades
2015-01,subtotal_sub_segmento,comerciais_leves/Pick-up's Grandes,12427,12427,0,,ok,cauda nao publicada: 0 unidades
2015-01,subtotal_sub_segmento,comerciais_leves/Pick-up's Pequenas,20006,20006,0,,ok,cauda nao publicada: 0 unidades
2015-01,ranking_x_sub_segmento,2015-01,223130,223125,-5,-0.0022,ok,3 modelos divergentes de 75 conferidos; desvio de volume 0.0022%
2015-01,cobertura,automoveis,206164,203756,-2408,-1.1680,medido,cobertura=98.83%
2015-01,cobertura,comerciais_leves,37720,37702,-18,-0.0477,medido,cobertura=99.95%
2015-02,mes_declarado,2015-02,,,,,ok,2015-02
2015-02,subtotal_sub_segmento,automoveis/Grandcab,1811,1811,0,,ok,cauda nao publicada: 0 unidades
2015-02,subtotal_sub_segmento,automoveis/Hatch Médios,4323,4323,0,,ok,cauda nao publicada: 0 unidades
2015-02,subtotal_sub_segmento,automoveis/Hatch Pequenos,33616,33616,0,,ok,cauda nao publicada: 0 unidades
2015-02,subtotal_sub_segmento,automoveis/Monocab,7191,7191,0,,ok,cauda nao publicada: 0 unidades
2015-02,subtotal_sub_segmento,automoveis/Sedans Compactos,5498,5498,0,,ok,cauda nao publicada: 0 unidades
2015-02,subtotal_sub_segmento,automoveis/Sedans Grandes,888,888,0,,ok,cauda nao publicada: 0 unidades
2015-02,subtotal_sub_segmento,automoveis/Sedans Pequenos,26085,26085,0,,ok,cauda nao publicada: 0 unidades
2015-02,subtotal_sub_segmento,automoveis/Sedans médios,12278,12278,0,,ok,cauda nao publicada: 0 unidades
2015-02,subtotal_sub_segmento,automoveis/Sports,96,96,0,,ok,cauda nao publicada: 0 unidades
2015-02,subtotal_sub_segmento,automoveis/Suv's,15476,15476,0,,ok,cauda nao publicada: 0 unidades
2015-02,subtotal_sub_segmento,automoveis/Sw Grandes,11,11,0,,ok,cauda nao publicada: 0 unidades
2015-02,subtotal_sub_segmento,automoveis/Sw Médios,1242,1242,0,,ok,cauda nao publicada: 0 unidades
2015-02,subtotal_sub_segmento,automoveis/Veículos de Entrada,39380,39380,0,,ok,cauda nao publicada: 0 unidades
2015-02,subtotal_sub_segmento,comerciais_leves/Furgões,2539,2539,0,,ok,cauda nao publicada: 0 unidades
2015-02,subtotal_sub_segmento,comerciais_leves/Furgões Pequenos,1799,1799,0,,ok,cauda nao publicada: 0 unidades
2015-02,subtotal_sub_segmento,comerciais_leves/Pick-up's Grandes,8430,8430,0,,ok,cauda nao publicada: 0 unidades
2015-02,subtotal_sub_segmento,comerciais_leves/Pick-up's Pequenas,15806,15806,0,,ok,cauda nao publicada: 0 unidades
2015-02,ranking_x_sub_segmento,2015-02,163230,163223,-7,-0.0043,ok,3 modelos divergentes de 76 conferidos; desvio de volume 0.0043%
2015-02,cobertura,automoveis,149834,147895,-1939,-1.2941,medido,cobertura=98.71%
2015-02,cobertura,comerciais_leves,28972,28956,-16,-0.0552,medido,cobertura=99.94%
2015-03,mes_declarado,2015-03,,,,,ok,2015-03
2015-03,subtotal_sub_segmento,automoveis/Grandcab,2172,2172,0,,ok,cauda nao publicada: 0 unidades
2015-03,subtotal_sub_segmento,automoveis/Hatch Médios,5187,5187,0,,ok,cauda nao publicada: 0 unidades
2015-03,subtotal_sub_segmento,automoveis/Hatch Pequenos,43343,43343,0,,ok,cauda nao publicada: 0 unidades
2015-03,subtotal_sub_segmento,automoveis/Monocab,7304,7304,0,,ok,cauda nao publicada: 0 unidades
2015-03,subtotal_sub_segmento,automoveis/Sedans Compactos,6401,6401,0,,ok,cauda nao publicada: 0 unidades
2015-03,subtotal_sub_segmento,automoveis/Sedans Grandes,1258,1258,0,,ok,cauda nao publicada: 0 unidades
2015-03,subtotal_sub_segmento,automoveis/Sedans Pequenos,34469,34469,0,,ok,cauda nao publicada: 0 unidades
2015-03,subtotal_sub_segmento,automoveis/Sedans médios,16319,16319,0,,ok,cauda nao publicada: 0 unidades
2015-03,subtotal_sub_segmento,automoveis/Sports,155,155,0,,ok,cauda nao publicada: 0 unidades
2015-03,subtotal_sub_segmento,automoveis/Suv's,21301,21301,0,,ok,cauda nao publicada: 0 unidades
2015-03,subtotal_sub_segmento,automoveis/Sw Grandes,18,18,0,,ok,cauda nao publicada: 0 unidades
2015-03,subtotal_sub_segmento,automoveis/Sw Médios,1268,1268,0,,ok,cauda nao publicada: 0 unidades
2015-03,subtotal_sub_segmento,automoveis/Veículos de Entrada,47872,47872,0,,ok,cauda nao publicada: 0 unidades
2015-03,subtotal_sub_segmento,comerciais_leves/Furgões,3161,3161,0,,ok,cauda nao publicada: 0 unidades
2015-03,subtotal_sub_segmento,comerciais_leves/Furgões Pequenos,1837,1837,0,,ok,cauda nao publicada: 0 unidades
2015-03,subtotal_sub_segmento,comerciais_leves/Pick-up's Grandes,11686,11686,0,,ok,cauda nao publicada: 0 unidades
2015-03,subtotal_sub_segmento,comerciais_leves/Pick-up's Pequenas,18950,18950,0,,ok,cauda nao publicada: 0 unidades
2015-03,ranking_x_sub_segmento,2015-03,206917,206881,-36,-0.0174,ok,3 modelos divergentes de 76 conferidos; desvio de volume 0.0174%
2015-03,cobertura,automoveis,189874,187067,-2807,-1.4783,medido,cobertura=98.52%
2015-03,cobertura,comerciais_leves,36103,36059,-44,-0.1219,medido,cobertura=99.88%
2015-04,mes_declarado,2015-04,,,,,ok,2015-04
2015-04,subtotal_sub_segmento,automoveis/Grandcab,2767,2767,0,,ok,cauda nao publicada: 0 unidades
2015-04,subtotal_sub_segmento,automoveis/Hatch Médios,5132,5132,0,,ok,cauda nao publicada: 0 unidades
2015-04,subtotal_sub_segmento,automoveis/Hatch Pequenos,38432,38432,0,,ok,cauda nao publicada: 0 unidades
2015-04,subtotal_sub_segmento,automoveis/Monocab,5867,5867,0,,ok,cauda nao publicada: 0 unidades
2015-04,subtotal_sub_segmento,automoveis/Sedans Compactos,5781,5781,0,,ok,cauda nao publicada: 0 unidades
2015-04,subtotal_sub_segmento,automoveis/Sedans Grandes,1491,1491,0,,ok,cauda nao publicada: 0 unidades
2015-04,subtotal_sub_segmento,automoveis/Sedans Pequenos,32118,32118,0,,ok,cauda nao publicada: 0 unidades
2015-04,subtotal_sub_segmento,automoveis/Sedans médios,15748,15748,0,,ok,cauda nao publicada: 0 unidades
2015-04,subtotal_sub_segmento,automoveis/Sports,125,125,0,,ok,cauda nao publicada: 0 unidades
2015-04,subtotal_sub_segmento,automoveis/Suv's,23528,23528,0,,ok,cauda nao publicada: 0 unidades
2015-04,subtotal_sub_segmento,automoveis/Sw Grandes,42,42,0,,ok,cauda nao publicada: 0 unidades
2015-04,subtotal_sub_segmento,automoveis/Sw Médios,2056,2056,0,,ok,cauda nao publicada: 0 unidades
2015-04,subtotal_sub_segmento,automoveis/Veículos de Entrada,43637,43637,0,,ok,cauda nao publicada: 0 unidades
2015-04,subtotal_sub_segmento,comerciais_leves/Furgões,3204,3204,0,,ok,cauda nao publicada: 0 unidades
2015-04,subtotal_sub_segmento,comerciais_leves/Furgões Pequenos,1804,1804,0,,ok,cauda nao publicada: 0 unidades
2015-04,subtotal_sub_segmento,comerciais_leves/Pick-up's Grandes,10394,10394,0,,ok,cauda nao publicada: 0 unidades
2015-04,subtotal_sub_segmento,comerciais_leves/Pick-up's Pequenas,16611,16611,0,,ok,cauda nao publicada: 0 unidades
2015-04,ranking_x_sub_segmento,2015-04,192468,192452,-16,-0.0083,ok,3 modelos divergentes de 77 conferidos; desvio de volume 0.0083%
2015-04,cobertura,automoveis,179231,176724,-2507,-1.3988,medido,cobertura=98.60%
2015-04,cobertura,comerciais_leves,32401,32390,-11,-0.0339,medido,cobertura=99.97%
2015-05,mes_declarado,2015-05,,,,,ok,2015-05
2015-05,subtotal_sub_segmento,automoveis/Grandcab,2307,2307,0,,ok,cauda nao publicada: 0 unidades
2015-05,subtotal_sub_segmento,automoveis/Hatch Médios,4653,4653,0,,ok,cauda nao publicada: 0 unidades
2015-05,subtotal_sub_segmento,automoveis/Hatch Pequenos,38621,38621,0,,ok,cauda nao publicada: 0 unidades
2015-05,subtotal_sub_segmento,automoveis/Monocab,4592,4592,0,,ok,cauda nao publicada: 0 unidades
2015-05,subtotal_sub_segmento,automoveis/Sedans Compactos,4922,4922,0,,ok,cauda nao publicada: 0 unidades
2015-05,subtotal_sub_segmento,automoveis/Sedans Grandes,1616,1616,0,,ok,cauda nao publicada: 0 unidades
2015-05,subtotal_sub_segmento,automoveis/Sedans Pequenos,30124,30124,0,,ok,cauda nao publicada: 0 unidades
2015-05,subtotal_sub_segmento,automoveis/Sedans médios,16467,16467,0,,ok,cauda nao publicada: 0 unidades
2015-05,subtotal_sub_segmento,automoveis/Sports,166,166,0,,ok,cauda nao publicada: 0 unidades
2015-05,subtotal_sub_segmento,automoveis/Suv's,24837,24837,0,,ok,cauda nao publicada: 0 unidades
2015-05,subtotal_sub_segmento,automoveis/Sw Grandes,39,39,0,,ok,cauda nao publicada: 0 unidades
2015-05,subtotal_sub_segmento,automoveis/Sw Médios,1708,1708,0,,ok,cauda nao publicada: 0 unidades
2015-05,subtotal_sub_segmento,automoveis/Veículos de Entrada,43364,43364,0,,ok,cauda nao publicada: 0 unidades
2015-05,subtotal_sub_segmento,comerciais_leves/Furgões,2555,2555,0,,ok,cauda nao publicada: 0 unidades
2015-05,subtotal_sub_segmento,comerciais_leves/Furgões Pequenos,1667,1667,0,,ok,cauda nao publicada: 0 unidades
2015-05,subtotal_sub_segmento,comerciais_leves/Pick-up's Grandes,10724,10724,0,,ok,cauda nao publicada: 0 unidades
2015-05,subtotal_sub_segmento,comerciais_leves/Pick-up's Pequenas,13973,13973,0,,ok,cauda nao publicada: 0 unidades
2015-05,ranking_x_sub_segmento,2015-05,185836,185819,-17,-0.0091,ok,3 modelos divergentes de 76 conferidos; desvio de volume 0.0091%
2015-05,cobertura,automoveis,175636,173416,-2220,-1.2640,medido,cobertura=98.74%
2015-05,cobertura,comerciais_leves,29342,29325,-17,-0.0579,medido,cobertura=99.94%
2015-06,mes_declarado,2015-06,,,,,ok,2015-06
2015-06,subtotal_sub_segmento,automoveis/Grandcab,2386,2386,0,,ok,cauda nao publicada: 0 unidades
2015-06,subtotal_sub_segmento,automoveis/Hatch Médios,4552,4552,0,,ok,cauda nao publicada: 0 unidades
2015-06,subtotal_sub_segmento,automoveis/Hatch Pequenos,39584,39584,0,,ok,cauda nao publicada: 0 unidades
2015-06,subtotal_sub_segmento,automoveis/Monocab,4664,4664,0,,ok,cauda nao publicada: 0 unidades
2015-06,subtotal_sub_segmento,automoveis/Sedans Compactos,4928,4928,0,,ok,cauda nao publicada: 0 unidades
2015-06,subtotal_sub_segmento,automoveis/Sedans Grandes,1489,1489,0,,ok,cauda nao publicada: 0 unidades
2015-06,subtotal_sub_segmento,automoveis/Sedans Pequenos,29643,29643,0,,ok,cauda nao publicada: 0 unidades
2015-06,subtotal_sub_segmento,automoveis/Sedans médios,17276,17276,0,,ok,cauda nao publicada: 0 unidades
2015-06,subtotal_sub_segmento,automoveis/Sports,180,180,0,,ok,cauda nao publicada: 0 unidades
2015-06,subtotal_sub_segmento,automoveis/Suv's,27198,27198,0,,ok,cauda nao publicada: 0 unidades
2015-06,subtotal_sub_segmento,automoveis/Sw Grandes,146,146,0,,ok,cauda nao publicada: 0 unidades
2015-06,subtotal_sub_segmento,automoveis/Sw Médios,1754,1754,0,,ok,cauda nao publicada: 0 unidades
2015-06,subtotal_sub_segmento,automoveis/Veículos de Entrada,39238,39238,0,,ok,cauda nao publicada: 0 unidades
2015-06,subtotal_sub_segmento,comerciais_leves/Furgões,2510,2510,0,,ok,cauda nao publicada: 0 unidades
2015-06,subtotal_sub_segmento,comerciais_leves/Furgões Pequenos,1646,1646,0,,ok,cauda nao publicada: 0 unidades
2015-06,subtotal_sub_segmento,comerciais_leves/Pick-up's Grandes,9318,9318,0,,ok,cauda nao publicada: 0 unidades
2015-06,subtotal_sub_segmento,comerciais_leves/Pick-up's Pequenas,15579,15579,0,,ok,cauda nao publicada: 0 unidades
2015-06,ranking_x_sub_segmento,2015-06,185269,185256,-13,-0.0070,ok,3 modelos divergentes de 75 conferidos; desvio de volume 0.0070%
2015-06,cobertura,automoveis,175269,173038,-2231,-1.2729,medido,cobertura=98.73%
2015-06,cobertura,comerciais_leves,29354,29342,-12,-0.0409,medido,cobertura=99.96%
2015-07,mes_declarado,2015-07,,,,,ok,2015-07
2015-07,subtotal_sub_segmento,automoveis/Grandcab,1895,1895,0,,ok,cauda nao publicada: 0 unidades
2015-07,subtotal_sub_segmento,automoveis/Hatch Médios,4742,4742,0,,ok,cauda nao publicada: 0 unidades
2015-07,subtotal_sub_segmento,automoveis/Hatch Pequenos,43372,43372,0,,ok,cauda nao publicada: 0 unidades
2015-07,subtotal_sub_segmento,automoveis/Monocab,4525,4525,0,,ok,cauda nao publicada: 0 unidades
2015-07,subtotal_sub_segmento,automoveis/Sedans Compactos,4060,4060,0,,ok,cauda nao publicada: 0 unidades
2015-07,subtotal_sub_segmento,automoveis/Sedans Grandes,1471,1471,0,,ok,cauda nao publicada: 0 unidades
2015-07,subtotal_sub_segmento,automoveis/Sedans Pequenos,33160,33160,0,,ok,cauda nao publicada: 0 unidades
2015-07,subtotal_sub_segmento,automoveis/Sedans médios,17622,17622,0,,ok,cauda nao publicada: 0 unidades
2015-07,subtotal_sub_segmento,automoveis/Sports,135,135,0,,ok,cauda nao publicada: 0 unidades
2015-07,subtotal_sub_segmento,automoveis/Suv's,29062,29062,0,,ok,cauda nao publicada: 0 unidades
2015-07,subtotal_sub_segmento,automoveis/Sw Grandes,216,216,0,,ok,cauda nao publicada: 0 unidades
2015-07,subtotal_sub_segmento,automoveis/Sw Médios,1511,1511,0,,ok,cauda nao publicada: 0 unidades
2015-07,subtotal_sub_segmento,automoveis/Veículos de Entrada,42850,42850,0,,ok,cauda nao publicada: 0 unidades
2015-07,subtotal_sub_segmento,comerciais_leves/Furgões,2604,2604,0,,ok,cauda nao publicada: 0 unidades
2015-07,subtotal_sub_segmento,comerciais_leves/Furgões Pequenos,1781,1781,0,,ok,cauda nao publicada: 0 unidades
2015-07,subtotal_sub_segmento,comerciais_leves/Pick-up's Grandes,10341,10341,0,,ok,cauda nao publicada: 0 unidades
2015-07,subtotal_sub_segmento,comerciais_leves/Pick-up's Pequenas,17356,17356,0,,ok,cauda nao publicada: 0 unidades
2015-07,ranking_x_sub_segmento,2015-07,199354,199348,-6,-0.0030,ok,2 modelos divergentes de 75 conferidos; desvio de volume 0.0030%
2015-07,cobertura,automoveis,187008,184621,-2387,-1.2764,medido,cobertura=98.72%
2015-07,cobertura,comerciais_leves,32402,32388,-14,-0.0432,medido,cobertura=99.96%
2015-08,mes_declarado,2015-08,,,,,ok,2015-08
2015-08,subtotal_sub_segmento,automoveis/Grandcab,1815,1815,0,,ok,cauda nao publicada: 0 unidades
2015-08,subtotal_sub_segmento,automoveis/Hatch Médios,5069,5069,0,,ok,cauda nao publicada: 0 unidades
2015-08,subtotal_sub_segmento,automoveis/Hatch Pequenos,41171,41171,0,,ok,cauda nao publicada: 0 unidades
2015-08,subtotal_sub_segmento,automoveis/Monocab,4538,4538,0,,ok,cauda nao publicada: 0 unidades
2015-08,subtotal_sub_segmento,automoveis/Sedans Compactos,3893,3893,0,,ok,cauda nao publicada: 0 unidades
2015-08,subtotal_sub_segmento,automoveis/Sedans Grandes,1301,1301,0,,ok,cauda nao publicada: 0 unidades
2015-08,subtotal_sub_segmento,automoveis/Sedans Pequenos,28521,28521,0,,ok,cauda nao publicada: 0 unidades
2015-08,subtotal_sub_segmento,automoveis/Sedans médios,15841,15841,0,,ok,cauda nao publicada: 0 unidades
2015-08,subtotal_sub_segmento,automoveis/Sports,108,108,0,,ok,cauda nao publicada: 0 unidades
2015-08,subtotal_sub_segmento,automoveis/Suv's,27951,27951,0,,ok,cauda nao publicada: 0 unidades
2015-08,subtotal_sub_segmento,automoveis/Sw Grandes,160,160,0,,ok,cauda nao publicada: 0 unidades
2015-08,subtotal_sub_segmento,automoveis/Sw Médios,1624,1624,0,,ok,cauda nao publicada: 0 unidades
2015-08,subtotal_sub_segmento,automoveis/Veículos de Entrada,38762,38762,0,,ok,cauda nao publicada: 0 unidades
2015-08,subtotal_sub_segmento,comerciais_leves/Furgões,2326,2326,0,,ok,cauda nao publicada: 0 unidades
2015-08,subtotal_sub_segmento,comerciais_leves/Furgões Pequenos,1631,1631,0,,ok,cauda nao publicada: 0 unidades
2015-08,subtotal_sub_segmento,comerciais_leves/Pick-up's Grandes,8355,8355,0,,ok,cauda nao publicada: 0 unidades
2015-08,subtotal_sub_segmento,comerciais_leves/Pick-up's Pequenas,14634,14634,0,,ok,cauda nao publicada: 0 unidades
2015-08,ranking_x_sub_segmento,2015-08,182344,182337,-7,-0.0038,ok,2 modelos divergentes de 76 conferidos; desvio de volume 0.0038%
2015-08,cobertura,automoveis,172636,170754,-1882,-1.0902,medido,cobertura=98.91%
2015-08,cobertura,comerciais_leves,27217,27205,-12,-0.0441,medido,cobertura=99.96%
2015-09,mes_declarado,2015-09,,,,,ok,2015-09
2015-09,subtotal_sub_segmento,automoveis/Grandcab,1840,1840,0,,ok,cauda nao publicada: 0 unidades
2015-09,subtotal_sub_segmento,automoveis/Hatch Médios,4552,4552,0,,ok,cauda nao publicada: 0 unidades
2015-09,subtotal_sub_segmento,automoveis/Hatch Pequenos,39406,39406,0,,ok,cauda nao publicada: 0 unidades
2015-09,subtotal_sub_segmento,automoveis/Monocab,5397,5397,0,,ok,cauda nao publicada: 0 unidades
2015-09,subtotal_sub_segmento,automoveis/Sedans Compactos,4135,4135,0,,ok,cauda nao publicada: 0 unidades
2015-09,subtotal_sub_segmento,automoveis/Sedans Grandes,1572,1572,0,,ok,cauda nao publicada: 0 unidades
2015-09,subtotal_sub_segmento,automoveis/Sedans Pequenos,27311,27311,0,,ok,cauda nao publicada: 0 unidades
2015-09,subtotal_sub_segmento,automoveis/Sedans médios,14513,14513,0,,ok,cauda nao publicada: 0 unidades
2015-09,subtotal_sub_segmento,automoveis/Sports,126,126,0,,ok,cauda nao publicada: 0 unidades
2015-09,subtotal_sub_segmento,automoveis/Suv's,28710,28710,0,,ok,cauda nao publicada: 0 unidades
2015-09,subtotal_sub_segmento,automoveis/Sw Grandes,165,165,0,,ok,cauda nao publicada: 0 unidades
2015-09,subtotal_sub_segmento,automoveis/Sw Médios,1110,1110,0,,ok,cauda nao publicada: 0 unidades
2015-09,subtotal_sub_segmento,automoveis/Veículos de Entrada,35652,35652,0,,ok,cauda nao publicada: 0 unidades
2015-09,subtotal_sub_segmento,comerciais_leves/Furgões,2035,2035,0,,ok,cauda nao publicada: 0 unidades
2015-09,subtotal_sub_segmento,comerciais_leves/Furgões Pequenos,1445,1445,0,,ok,cauda nao publicada: 0 unidades
2015-09,subtotal_sub_segmento,comerciais_leves/Pick-up's Grandes,9482,9482,0,,ok,cauda nao publicada: 0 unidades
2015-09,subtotal_sub_segmento,comerciais_leves/Pick-up's Pequenas,13013,13013,0,,ok,cauda nao publicada: 0 unidades
2015-09,ranking_x_sub_segmento,2015-09,174922,174916,-6,-0.0034,ok,4 modelos divergentes de 75 conferidos; desvio de volume 0.0034%
2015-09,cobertura,automoveis,166361,164489,-1872,-1.1253,medido,cobertura=98.87%
2015-09,cobertura,comerciais_leves,26249,26237,-12,-0.0457,medido,cobertura=99.95%
2015-10,mes_declarado,2015-10,,,,,ok,2015-10
2015-10,subtotal_sub_segmento,automoveis/Grandcab,2593,2593,0,,ok,cauda nao publicada: 0 unidades
2015-10,subtotal_sub_segmento,automoveis/Hatch Médios,4327,4327,0,,ok,cauda nao publicada: 0 unidades
2015-10,subtotal_sub_segmento,automoveis/Hatch Pequenos,37996,37996,0,,ok,cauda nao publicada: 0 unidades
2015-10,subtotal_sub_segmento,automoveis/Monocab,4944,4944,0,,ok,cauda nao publicada: 0 unidades
2015-10,subtotal_sub_segmento,automoveis/Sedans Compactos,3898,3898,0,,ok,cauda nao publicada: 0 unidades
2015-10,subtotal_sub_segmento,automoveis/Sedans Grandes,2079,2079,0,,ok,cauda nao publicada: 0 unidades
2015-10,subtotal_sub_segmento,automoveis/Sedans Pequenos,26861,26861,0,,ok,cauda nao publicada: 0 unidades
2015-10,subtotal_sub_segmento,automoveis/Sedans médios,14405,14405,0,,ok,cauda nao publicada: 0 unidades
2015-10,subtotal_sub_segmento,automoveis/Sports,113,113,0,,ok,cauda nao publicada: 0 unidades
2015-10,subtotal_sub_segmento,automoveis/Suv's,27382,27382,0,,ok,cauda nao publicada: 0 unidades
2015-10,subtotal_sub_segmento,automoveis/Sw Grandes,148,148,0,,ok,cauda nao publicada: 0 unidades
2015-10,subtotal_sub_segmento,automoveis/Sw Médios,1257,1257,0,,ok,cauda nao publicada: 0 unidades
2015-10,subtotal_sub_segmento,automoveis/Veículos de Entrada,33650,33650,0,,ok,cauda nao publicada: 0 unidades
2015-10,subtotal_sub_segmento,comerciais_leves/Furgões,1910,1910,0,,ok,cauda nao publicada: 0 unidades
2015-10,subtotal_sub_segmento,comerciais_leves/Furgões Pequenos,1812,1812,0,,ok,cauda nao publicada: 0 unidades
2015-10,subtotal_sub_segmento,comerciais_leves/Pick-up's Grandes,8289,8289,0,,ok,cauda nao publicada: 0 unidades
2015-10,subtotal_sub_segmento,comerciais_leves/Pick-up's Pequenas,11394,11394,0,,ok,cauda nao publicada: 0 unidades
2015-10,ranking_x_sub_segmento,2015-10,168261,168255,-6,-0.0036,ok,4 modelos divergentes de 74 conferidos; desvio de volume 0.0036%
2015-10,cobertura,automoveis,161604,159653,-1951,-1.2073,medido,cobertura=98.79%
2015-10,cobertura,comerciais_leves,23687,23678,-9,-0.0380,medido,cobertura=99.96%
2015-11,mes_declarado,2015-11,,,,,ok,2015-11
2015-11,subtotal_sub_segmento,automoveis/Grandcab,2439,2439,0,,ok,cauda nao publicada: 0 unidades
2015-11,subtotal_sub_segmento,automoveis/Hatch Médios,3827,3827,0,,ok,cauda nao publicada: 0 unidades
2015-11,subtotal_sub_segmento,automoveis/Hatch Pequenos,39565,39565,0,,ok,cauda nao publicada: 0 unidades
2015-11,subtotal_sub_segmento,automoveis/Monocab,4953,4953,0,,ok,cauda nao publicada: 0 unidades
2015-11,subtotal_sub_segmento,automoveis/Sedans Compactos,4238,4238,0,,ok,cauda nao publicada: 0 unidades
2015-11,subtotal_sub_segmento,automoveis/Sedans Grandes,1481,1481,0,,ok,cauda nao publicada: 0 unidades
2015-11,subtotal_sub_segmento,automoveis/Sedans Pequenos,28212,28212,0,,ok,cauda nao publicada: 0 unidades
2015-11,subtotal_sub_segmento,automoveis/Sedans médios,13402,13402,0,,ok,cauda nao publicada: 0 unidades
2015-11,subtotal_sub_segmento,automoveis/Sports,110,110,0,,ok,cauda nao publicada: 0 unidades
2015-11,subtotal_sub_segmento,automoveis/Suv's,27957,27957,0,,ok,cauda nao publicada: 0 unidades
2015-11,subtotal_sub_segmento,automoveis/Sw Grandes,146,146,0,,ok,cauda nao publicada: 0 unidades
2015-11,subtotal_sub_segmento,automoveis/Sw Médios,1167,1167,0,,ok,cauda nao publicada: 0 unidades
2015-11,subtotal_sub_segmento,automoveis/Veículos de Entrada,36495,36495,0,,ok,cauda nao publicada: 0 unidades
2015-11,subtotal_sub_segmento,comerciais_leves/Furgões,2097,2097,0,,ok,cauda nao publicada: 0 unidades
2015-11,subtotal_sub_segmento,comerciais_leves/Furgões Pequenos,1475,1475,0,,ok,cauda nao publicada: 0 unidades
2015-11,subtotal_sub_segmento,comerciais_leves/Pick-up's Grandes,8728,8728,0,,ok,cauda nao publicada: 0 unidades
2015-11,subtotal_sub_segmento,comerciais_leves/Pick-up's Pequenas,10785,10785,0,,ok,cauda nao publicada: 0 unidades
2015-11,ranking_x_sub_segmento,2015-11,173924,173923,-1,-0.0006,ok,1 modelos divergentes de 75 conferidos; desvio de volume 0.0006%
2015-11,cobertura,automoveis,165986,163992,-1994,-1.2013,medido,cobertura=98.80%
2015-11,cobertura,comerciais_leves,23372,23368,-4,-0.0171,medido,cobertura=99.98%
2015-12,mes_declarado,2015-12,,,,,ok,2015-12
2015-12,subtotal_sub_segmento,automoveis/Grandcab,2491,2491,0,,ok,cauda nao publicada: 0 unidades
2015-12,subtotal_sub_segmento,automoveis/Hatch Médios,4550,4550,0,,ok,cauda nao publicada: 0 unidades
2015-12,subtotal_sub_segmento,automoveis/Hatch Pequenos,47757,47757,0,,ok,cauda nao publicada: 0 unidades
2015-12,subtotal_sub_segmento,automoveis/Monocab,5666,5666,0,,ok,cauda nao publicada: 0 unidades
2015-12,subtotal_sub_segmento,automoveis/Sedans Compactos,5556,5556,0,,ok,cauda nao publicada: 0 unidades
2015-12,subtotal_sub_segmento,automoveis/Sedans Grandes,1985,1985,0,,ok,cauda nao publicada: 0 unidades
2015-12,subtotal_sub_segmento,automoveis/Sedans Pequenos,32485,32485,0,,ok,cauda nao publicada: 0 unidades
2015-12,subtotal_sub_segmento,automoveis/Sedans médios,16139,16139,0,,ok,cauda nao publicada: 0 unidades
2015-12,subtotal_sub_segmento,automoveis/Sports,132,132,0,,ok,cauda nao publicada: 0 unidades
2015-12,subtotal_sub_segmento,automoveis/Suv's,31537,31537,0,,ok,cauda nao publicada: 0 unidades
2015-12,subtotal_sub_segmento,automoveis/Sw Grandes,150,150,0,,ok,cauda nao publicada: 0 unidades
2015-12,subtotal_sub_segmento,automoveis/Sw Médios,1200,1200,0,,ok,cauda nao publicada: 0 unidades
2015-12,subtotal_sub_segmento,automoveis/Veículos de Entrada,40911,40911,0,,ok,cauda nao publicada: 0 unidades
2015-12,subtotal_sub_segmento,comerciais_leves/Furgões,2068,2068,0,,ok,cauda nao publicada: 0 unidades
2015-12,subtotal_sub_segmento,comerciais_leves/Furgões Pequenos,1732,1732,0,,ok,cauda nao publicada: 0 unidades
2015-12,subtotal_sub_segmento,comerciais_leves/Pick-up's Grandes,12131,12131,0,,ok,cauda nao publicada: 0 unidades
2015-12,subtotal_sub_segmento,comerciais_leves/Pick-up's Pequenas,10914,10914,0,,ok,cauda nao publicada: 0 unidades
2015-12,ranking_x_sub_segmento,2015-12,201602,201599,-3,-0.0015,ok,2 modelos divergentes de 76 conferidos; desvio de volume 0.0015%
2015-12,cobertura,automoveis,193217,190559,-2658,-1.3757,medido,cobertura=98.62%
2015-12,cobertura,comerciais_leves,27439,27433,-6,-0.0219,medido,cobertura=99.98%
2016-01,mes_declarado,2016-01,,,,,ok,2016-01
2016-01,subtotal_sub_segmento,automoveis/Grandcab,1717,1717,0,,ok,cauda nao publicada: 0 unidades
2016-01,subtotal_sub_segmento,automoveis/Hatch Médios,4017,4017,0,,ok,cauda nao publicada: 0 unidades
2016-01,subtotal_sub_segmento,automoveis/Hatch Pequenos,34993,34993,0,,ok,cauda nao publicada: 0 unidades
2016-01,subtotal_sub_segmento,automoveis/Monocab,3827,3827,0,,ok,cauda nao publicada: 0 unidades
2016-01,subtotal_sub_segmento,automoveis/Sedans Compactos,3483,3483,0,,ok,cauda nao publicada: 0 unidades
2016-01,subtotal_sub_segmento,automoveis/Sedans Grandes,765,765,0,,ok,cauda nao publicada: 0 unidades
2016-01,subtotal_sub_segmento,automoveis/Sedans Pequenos,22026,22026,0,,ok,cauda nao publicada: 0 unidades
2016-01,subtotal_sub_segmento,automoveis/Sedans médios,10055,10055,0,,ok,cauda nao publicada: 0 unidades
2016-01,subtotal_sub_segmento,automoveis/Sports,105,105,0,,ok,cauda nao publicada: 0 unidades
2016-01,subtotal_sub_segmento,automoveis/Suv's,21176,21176,0,,ok,cauda nao publicada: 0 unidades
2016-01,subtotal_sub_segmento,automoveis/Sw Grandes,127,127,0,,ok,cauda nao publicada: 0 unidades
2016-01,subtotal_sub_segmento,automoveis/Sw Médios,817,817,0,,ok,cauda nao publicada: 0 unidades
2016-01,subtotal_sub_segmento,automoveis/Veículos de Entrada,26931,26931,0,,ok,cauda nao publicada: 0 unidades
2016-01,subtotal_sub_segmento,comerciais_leves/Furgões,1586,1586,0,,ok,cauda nao publicada: 0 unidades
2016-01,subtotal_sub_segmento,comerciais_leves/Furgões Pequenos,804,804,0,,ok,cauda nao publicada: 0 unidades
2016-01,subtotal_sub_segmento,comerciais_leves/Pick-up's Grandes,7757,7757,0,,ok,cauda nao publicada: 0 unidades
2016-01,subtotal_sub_segmento,comerciais_leves/Pick-up's Pequenas,8015,8015,0,,ok,cauda nao publicada: 0 unidades
2016-01,ranking_x_sub_segmento,2016-01,137597,137591,-6,-0.0044,ok,2 modelos divergentes de 75 conferidos; desvio de volume 0.0044%
2016-01,cobertura,automoveis,131272,130039,-1233,-0.9393,medido,cobertura=99.06%
2016-01,cobertura,comerciais_leves,18427,18423,-4,-0.0217,medido,cobertura=99.98%
2016-02,mes_declarado,2016-02,,,,,ok,2016-02
2016-02,subtotal_sub_segmento,automoveis/Grandcab,1285,1285,0,,ok,cauda nao publicada: 0 unidades
2016-02,subtotal_sub_segmento,automoveis/Hatch Médios,3037,3037,0,,ok,cauda nao publicada: 0 unidades
2016-02,subtotal_sub_segmento,automoveis/Hatch Pequenos,31190,31190,0,,ok,cauda nao publicada: 0 unidades
2016-02,subtotal_sub_segmento,automoveis/Monocab,3125,3125,0,,ok,cauda nao publicada: 0 unidades
2016-02,subtotal_sub_segmento,automoveis/Sedans Compactos,3035,3035,0,,ok,cauda nao publicada: 0 unidades
2016-02,subtotal_sub_segmento,automoveis/Sedans Grandes,601,601,0,,ok,cauda nao publicada: 0 unidades
2016-02,subtotal_sub_segmento,automoveis/Sedans Pequenos,20669,20669,0,,ok,cauda nao publicada: 0 unidades
2016-02,subtotal_sub_segmento,automoveis/Sedans médios,10722,10722,0,,ok,cauda nao publicada: 0 unidades
2016-02,subtotal_sub_segmento,automoveis/Sports,88,88,0,,ok,cauda nao publicada: 0 unidades
2016-02,subtotal_sub_segmento,automoveis/Suv's,20823,20823,0,,ok,cauda nao publicada: 0 unidades
2016-02,subtotal_sub_segmento,automoveis/Sw Grandes,104,104,0,,ok,cauda nao publicada: 0 unidades
2016-02,subtotal_sub_segmento,automoveis/Sw Médios,966,966,0,,ok,cauda nao publicada: 0 unidades
2016-02,subtotal_sub_segmento,automoveis/Veículos de Entrada,26001,26001,0,,ok,cauda nao publicada: 0 unidades
2016-02,subtotal_sub_segmento,comerciais_leves/Furgões,1658,1658,0,,ok,cauda nao publicada: 0 unidades
2016-02,subtotal_sub_segmento,comerciais_leves/Furgões Pequenos,946,946,0,,ok,cauda nao publicada: 0 unidades
2016-02,subtotal_sub_segmento,comerciais_leves/Pick-up's Grandes,8474,8474,0,,ok,cauda nao publicada: 0 unidades
2016-02,subtotal_sub_segmento,comerciais_leves/Pick-up's Pequenas,8013,8013,0,,ok,cauda nao publicada: 0 unidades
2016-02,ranking_x_sub_segmento,2016-02,132113,132107,-6,-0.0045,ok,4 modelos divergentes de 75 conferidos; desvio de volume 0.0045%
2016-02,cobertura,automoveis,122702,121646,-1056,-0.8606,medido,cobertura=99.14%
2016-02,cobertura,comerciais_leves,19366,19356,-10,-0.0516,medido,cobertura=99.95%
2016-03,mes_declarado,2016-03,,,,,ok,2016-03
2016-03,subtotal_sub_segmento,automoveis/Grandcab,1477,1477,0,,ok,cauda nao publicada: 0 unidades
2016-03,subtotal_sub_segmento,automoveis/Hatch Médios,3349,3349,0,,ok,cauda nao publicada: 0 unidades
2016-03,subtotal_sub_segmento,automoveis/Hatch Pequenos,37093,37093,0,,ok,cauda nao publicada: 0 unidades
2016-03,subtotal_sub_segmento,automoveis/Monocab,3499,3499,0,,ok,cauda nao publicada: 0 unidades
2016-03,subtotal_sub_segmento,automoveis/Sedans Compactos,4237,4237,0,,ok,cauda nao publicada: 0 unidades
2016-03,subtotal_sub_segmento,automoveis/Sedans Grandes,780,780,0,,ok,cauda nao publicada: 0 unidades
2016-03,subtotal_sub_segmento,automoveis/Sedans Pequenos,25089,25089,0,,ok,cauda nao publicada: 0 unidades
2016-03,subtotal_sub_segmento,automoveis/Sedans médios,12928,12928,0,,ok,cauda nao publicada: 0 unidades
2016-03,subtotal_sub_segmento,automoveis/Sports,86,86,0,,ok,cauda nao publicada: 0 unidades
2016-03,subtotal_sub_segmento,automoveis/Suv's,25603,25603,0,,ok,cauda nao publicada: 0 unidades
2016-03,subtotal_sub_segmento,automoveis/Sw Grandes,136,136,0,,ok,cauda nao publicada: 0 unidades
2016-03,subtotal_sub_segmento,automoveis/Sw Médios,1136,1136,0,,ok,cauda nao publicada: 0 unidades
2016-03,subtotal_sub_segmento,automoveis/Veículos de Entrada,30665,30665,0,,ok,cauda nao publicada: 0 unidades
2016-03,subtotal_sub_segmento,comerciais_leves/Furgões,1809,1809,0,,ok,cauda nao publicada: 0 unidades
2016-03,subtotal_sub_segmento,comerciais_leves/Furgões Pequenos,1263,1263,0,,ok,cauda nao publicada: 0 unidades
2016-03,subtotal_sub_segmento,comerciais_leves/Pick-up's Grandes,13505,13505,0,,ok,cauda nao publicada: 0 unidades
2016-03,subtotal_sub_segmento,comerciais_leves/Pick-up's Pequenas,8702,8702,0,,ok,cauda nao publicada: 0 unidades
2016-03,ranking_x_sub_segmento,2016-03,160361,160355,-6,-0.0037,ok,2 modelos divergentes de 75 conferidos; desvio de volume 0.0037%
2016-03,cobertura,automoveis,147655,146078,-1577,-1.0680,medido,cobertura=98.93%
2016-03,cobertura,comerciais_leves,25620,25612,-8,-0.0312,medido,cobertura=99.97%
2016-04,mes_declarado,2016-04,,,,,ok,2016-04
2016-04,subtotal_sub_segmento,automoveis/Grandcab,1770,1770,0,,ok,cauda nao publicada: 0 unidades
2016-04,subtotal_sub_segmento,automoveis/Hatch Médios,2685,2685,0,,ok,cauda nao publicada: 0 unidades
2016-04,subtotal_sub_segmento,automoveis/Hatch Pequenos,33678,33678,0,,ok,cauda nao publicada: 0 unidades
2016-04,subtotal_sub_segmento,automoveis/Monocab,3403,3403,0,,ok,cauda nao publicada: 0 unidades
2016-04,subtotal_sub_segmento,automoveis/Sedans Compactos,3674,3674,0,,ok,cauda nao publicada: 0 unidades
2016-04,subtotal_sub_segmento,automoveis/Sedans Grandes,572,572,0,,ok,cauda nao publicada: 0 unidades
2016-04,subtotal_sub_segmento,automoveis/Sedans Pequenos,22539,22539,0,,ok,cauda nao publicada: 0 unidades
2016-04,subtotal_sub_segmento,automoveis/Sedans médios,11367,11367,0,,ok,cauda nao publicada: 0 unidades
2016-04,subtotal_sub_segmento,automoveis/Sports,68,68,0,,ok,cauda nao publicada: 0 unidades
2016-04,subtotal_sub_segmento,automoveis/Suv's,23663,23663,0,,ok,cauda nao publicada: 0 unidades
2016-04,subtotal_sub_segmento,automoveis/Sw Grandes,89,89,0,,ok,cauda nao publicada: 0 unidades
2016-04,subtotal_sub_segmento,automoveis/Sw Médios,606,606,0,,ok,cauda nao publicada: 0 unidades
2016-04,subtotal_sub_segmento,automoveis/Veículos de Entrada,26498,26498,0,,ok,cauda nao publicada: 0 unidades
2016-04,subtotal_sub_segmento,comerciais_leves/Furgões,1931,1931,0,,ok,cauda nao publicada: 0 unidades
2016-04,subtotal_sub_segmento,comerciais_leves/Furgões Pequenos,1204,1204,0,,ok,cauda nao publicada: 0 unidades
2016-04,subtotal_sub_segmento,comerciais_leves/Pick-up's Grandes,12789,12789,0,,ok,cauda nao publicada: 0 unidades
2016-04,subtotal_sub_segmento,comerciais_leves/Pick-up's Pequenas,9371,9371,0,,ok,cauda nao publicada: 0 unidades
2016-04,ranking_x_sub_segmento,2016-04,146165,146161,-4,-0.0027,ok,2 modelos divergentes de 75 conferidos; desvio de volume 0.0027%
2016-04,cobertura,automoveis,132032,130612,-1420,-1.0755,medido,cobertura=98.92%
2016-04,cobertura,comerciais_leves,25547,25540,-7,-0.0274,medido,cobertura=99.97%
2016-05,mes_declarado,2016-05,,,,,ok,2016-05
2016-05,subtotal_sub_segmento,automoveis/Grandcab,2044,2044,0,,ok,cauda nao publicada: 0 unidades
2016-05,subtotal_sub_segmento,automoveis/Hatch Médios,2351,2351,0,,ok,cauda nao publicada: 0 unidades
2016-05,subtotal_sub_segmento,automoveis/Hatch Pequenos,33832,33832,0,,ok,cauda nao publicada: 0 unidades
2016-05,subtotal_sub_segmento,automoveis/Monocab,3405,3405,0,,ok,cauda nao publicada: 0 unidades
2016-05,subtotal_sub_segmento,automoveis/Sedans Compactos,3562,3562,0,,ok,cauda nao publicada: 0 unidades
2016-05,subtotal_sub_segmento,automoveis/Sedans Grandes,599,599,0,,ok,cauda nao publicada: 0 unidades
2016-05,subtotal_sub_segmento,automoveis/Sedans Pequenos,23051,23051,0,,ok,cauda nao publicada: 0 unidades
2016-05,subtotal_sub_segmento,automoveis/Sedans médios,12242,12242,0,,ok,cauda nao publicada: 0 unidades
2016-05,subtotal_sub_segmento,automoveis/Sports,101,101,0,,ok,cauda nao publicada: 0 unidades
2016-05,subtotal_sub_segmento,automoveis/Suv's,24932,24932,0,,ok,cauda nao publicada: 0 unidades
2016-05,subtotal_sub_segmento,automoveis/Sw Grandes,131,131,0,,ok,cauda nao publicada: 0 unidades
2016-05,subtotal_sub_segmento,automoveis/Sw Médios,674,674,0,,ok,cauda nao publicada: 0 unidades
2016-05,subtotal_sub_segmento,automoveis/Veículos de Entrada,29122,29122,0,,ok,cauda nao publicada: 0 unidades
2016-05,subtotal_sub_segmento,comerciais_leves/Furgões,1520,1520,0,,ok,cauda nao publicada: 0 unidades
2016-05,subtotal_sub_segmento,comerciais_leves/Furgões Pequenos,1031,1031,0,,ok,cauda nao publicada: 0 unidades
2016-05,subtotal_sub_segmento,comerciais_leves/Pick-up's Grandes,12850,12850,0,,ok,cauda nao publicada: 0 unidades
2016-05,subtotal_sub_segmento,comerciais_leves/Pick-up's Pequenas,9088,9088,0,,ok,cauda nao publicada: 0 unidades
2016-05,ranking_x_sub_segmento,2016-05,150362,150358,-4,-0.0027,ok,2 modelos divergentes de 75 conferidos; desvio de volume 0.0027%
2016-05,cobertura,automoveis,137448,136046,-1402,-1.0200,medido,cobertura=98.98%
2016-05,cobertura,comerciais_leves,24722,24717,-5,-0.0202,medido,cobertura=99.98%
2016-06,mes_declarado,2016-06,,,,,ok,2016-06
2016-06,subtotal_sub_segmento,automoveis/Grandcab,2131,2129,-2,-0.0939,ok,cauda nao publicada: 2 unidades
2016-06,subtotal_sub_segmento,automoveis/Hatch Médios,2510,2085,-425,-16.9323,cauda_truncada,cauda nao publicada: 425 unidades
2016-06,subtotal_sub_segmento,automoveis/Hatch Pequenos,36591,36477,-114,-0.3116,ok,cauda nao publicada: 114 unidades
2016-06,subtotal_sub_segmento,automoveis/Monocab,3433,3433,0,,ok,cauda nao publicada: 0 unidades
2016-06,subtotal_sub_segmento,automoveis/Sedans Compactos,3316,3316,0,,ok,cauda nao publicada: 0 unidades
2016-06,subtotal_sub_segmento,automoveis/Sedans Grandes,764,680,-84,-10.9948,cauda_truncada,cauda nao publicada: 84 unidades
2016-06,subtotal_sub_segmento,automoveis/Sedans Pequenos,23497,23497,0,,ok,cauda nao publicada: 0 unidades
2016-06,subtotal_sub_segmento,automoveis/Sedans médios,11220,11188,-32,-0.2852,ok,cauda nao publicada: 32 unidades
2016-06,subtotal_sub_segmento,automoveis/Sports,174,139,-35,-20.1149,cauda_truncada,cauda nao publicada: 35 unidades
2016-06,subtotal_sub_segmento,automoveis/Suv's,25076,24542,-534,-2.1295,cauda_truncada,cauda nao publicada: 534 unidades
2016-06,subtotal_sub_segmento,automoveis/Sw Grandes,144,144,0,,ok,cauda nao publicada: 0 unidades
2016-06,subtotal_sub_segmento,automoveis/Sw Médios,829,829,0,,ok,cauda nao publicada: 0 unidades
2016-06,subtotal_sub_segmento,automoveis/Veículos de Entrada,29828,29828,0,,ok,cauda nao publicada: 0 unidades
2016-06,subtotal_sub_segmento,comerciais_leves/Furgões,1786,1594,-192,-10.7503,cauda_truncada,cauda nao publicada: 192 unidades
2016-06,subtotal_sub_segmento,comerciais_leves/Furgões Pequenos,1320,1319,-1,-0.0758,ok,cauda nao publicada: 1 unidades
2016-06,subtotal_sub_segmento,comerciais_leves/Pick-up's Grandes,13937,13932,-5,-0.0359,ok,cauda nao publicada: 5 unidades
2016-06,subtotal_sub_segmento,comerciais_leves/Pick-up's Pequenas,9803,9803,0,,ok,cauda nao publicada: 0 unidades
2016-06,ranking_x_sub_segmento,2016-06,154983,154982,-1,-0.0006,ok,1 modelos divergentes de 76 conferidos; desvio de volume 0.0006%
2016-06,cobertura,automoveis,139559,138287,-1272,-0.9114,medido,cobertura=99.09%
2016-06,cobertura,comerciais_leves,26851,26847,-4,-0.0149,medido,cobertura=99.99%
2016-07,mes_declarado,2016-07,,,,,ok,2016-07
2016-07,subtotal_sub_segmento,automoveis/Grandcab,2508,2501,-7,-0.2791,ok,cauda nao publicada: 7 unidades
2016-07,subtotal_sub_segmento,automoveis/Hatch Médios,2628,2141,-487,-18.5312,cauda_truncada,cauda nao publicada: 487 unidades
2016-07,subtotal_sub_segmento,automoveis/Hatch Pequenos,36081,35955,-126,-0.3492,ok,cauda nao publicada: 126 unidades
2016-07,subtotal_sub_segmento,automoveis/Monocab,3131,3131,0,,ok,cauda nao publicada: 0 unidades
2016-07,subtotal_sub_segmento,automoveis/Sedans Compactos,3194,3194,0,,ok,cauda nao publicada: 0 unidades
2016-07,subtotal_sub_segmento,automoveis/Sedans Grandes,760,685,-75,-9.8684,cauda_truncada,cauda nao publicada: 75 unidades
2016-07,subtotal_sub_segmento,automoveis/Sedans Pequenos,25482,25481,-1,-0.0039,ok,cauda nao publicada: 1 unidades
2016-07,subtotal_sub_segmento,automoveis/Sedans médios,11848,11809,-39,-0.3292,ok,cauda nao publicada: 39 unidades
2016-07,subtotal_sub_segmento,automoveis/Sports,175,142,-33,-18.8571,cauda_truncada,cauda nao publicada: 33 unidades
2016-07,subtotal_sub_segmento,automoveis/Suv's,24652,24118,-534,-2.1662,cauda_truncada,cauda nao publicada: 534 unidades
2016-07,subtotal_sub_segmento,automoveis/Sw Grandes,119,119,0,,ok,cauda nao publicada: 0 unidades
2016-07,subtotal_sub_segmento,automoveis/Sw Médios,708,705,-3,-0.4237,ok,cauda nao publicada: 3 unidades
2016-07,subtotal_sub_segmento,automoveis/Veículos de Entrada,35268,35257,-11,-0.0312,ok,cauda nao publicada: 11 unidades
2016-07,subtotal_sub_segmento,comerciais_leves/Furgões,1635,1441,-194,-11.8654,cauda_truncada,cauda nao publicada: 194 unidades
2016-07,subtotal_sub_segmento,comerciais_leves/Furgões Pequenos,1285,1279,-6,-0.4669,ok,cauda nao publicada: 6 unidades
2016-07,subtotal_sub_segmento,comerciais_leves/Pick-up's Grandes,14129,14126,-3,-0.0212,ok,cauda nao publicada: 3 unidades
2016-07,subtotal_sub_segmento,comerciais_leves/Pick-up's Pequenas,11146,11146,0,,ok,cauda nao publicada: 0 unidades
2016-07,ranking_x_sub_segmento,2016-07,163520,163505,-15,-0.0092,ok,4 modelos divergentes de 76 conferidos; desvio de volume 0.0092%
2016-07,cobertura,automoveis,146590,145238,-1352,-0.9223,medido,cobertura=99.08%
2016-07,cobertura,comerciais_leves,28202,28198,-4,-0.0142,medido,cobertura=99.99%
2016-08,mes_declarado,2016-08,,,,,ok,2016-08
2016-08,subtotal_sub_segmento,automoveis/Grandcab,2251,2246,-5,-0.2221,ok,cauda nao publicada: 5 unidades
2016-08,subtotal_sub_segmento,automoveis/Hatch Médios,2527,2111,-416,-16.4622,cauda_truncada,cauda nao publicada: 416 unidades
2016-08,subtotal_sub_segmento,automoveis/Hatch Pequenos,38381,38257,-124,-0.3231,ok,cauda nao publicada: 124 unidades
2016-08,subtotal_sub_segmento,automoveis/Monocab,3320,3320,0,,ok,cauda nao publicada: 0 unidades
2016-08,subtotal_sub_segmento,automoveis/Sedans Compactos,3700,3698,-2,-0.0541,ok,cauda nao publicada: 2 unidades
2016-08,subtotal_sub_segmento,automoveis/Sedans Grandes,899,788,-111,-12.3471,cauda_truncada,cauda nao publicada: 111 unidades
2016-08,subtotal_sub_segmento,automoveis/Sedans Pequenos,24977,24977,0,,ok,cauda nao publicada: 0 unidades
2016-08,subtotal_sub_segmento,automoveis/Sedans médios,11704,11661,-43,-0.3674,ok,cauda nao publicada: 43 unidades
2016-08,subtotal_sub_segmento,automoveis/Sports,204,153,-51,-25.0000,cauda_truncada,cauda nao publicada: 51 unidades
2016-08,subtotal_sub_segmento,automoveis/Suv's,27074,26467,-607,-2.2420,cauda_truncada,cauda nao publicada: 607 unidades
2016-08,subtotal_sub_segmento,automoveis/Sw Grandes,71,71,0,,ok,cauda nao publicada: 0 unidades
2016-08,subtotal_sub_segmento,automoveis/Sw Médios,837,832,-5,-0.5974,cauda_truncada,cauda nao publicada: 5 unidades
2016-08,subtotal_sub_segmento,automoveis/Veículos de Entrada,32746,32698,-48,-0.1466,ok,cauda nao publicada: 48 unidades
2016-08,subtotal_sub_segmento,comerciais_leves/Furgões,1731,1551,-180,-10.3986,cauda_truncada,cauda nao publicada: 180 unidades
2016-08,subtotal_sub_segmento,comerciais_leves/Furgões Pequenos,1285,1285,0,,ok,cauda nao publicada: 0 unidades
2016-08,subtotal_sub_segmento,comerciais_leves/Pick-up's Grandes,14427,14422,-5,-0.0347,ok,cauda nao publicada: 5 unidades
2016-08,subtotal_sub_segmento,comerciais_leves/Pick-up's Pequenas,11768,11768,0,,ok,cauda nao publicada: 0 unidades
2016-08,ranking_x_sub_segmento,2016-08,166739,166541,-198,-0.1187,ok,6 modelos divergentes de 75 conferidos; desvio de volume 0.1187%
2016-08,cobertura,automoveis,148888,147279,-1609,-1.0807,medido,cobertura=98.92%
2016-08,cobertura,comerciais_leves,29215,29208,-7,-0.0240,medido,cobertura=99.98%
2016-09,mes_declarado,2016-09,,,,,ok,2016-09
2016-09,subtotal_sub_segmento,automoveis/Grandcab,1661,1654,-7,-0.4214,ok,cauda nao publicada: 7 unidades
2016-09,subtotal_sub_segmento,automoveis/Hatch Médios,2323,1899,-424,-18.2523,cauda_truncada,cauda nao publicada: 424 unidades
2016-09,subtotal_sub_segmento,automoveis/Hatch Pequenos,35007,34924,-83,-0.2371,ok,cauda nao publicada: 83 unidades
2016-09,subtotal_sub_segmento,automoveis/Monocab,3234,3234,0,,ok,cauda nao publicada: 0 unidades
2016-09,subtotal_sub_segmento,automoveis/Sedans Compactos,2992,2992,0,,ok,cauda nao publicada: 0 unidades
2016-09,subtotal_sub_segmento,automoveis/Sedans Grandes,743,655,-88,-11.8439,cauda_truncada,cauda nao publicada: 88 unidades
2016-09,subtotal_sub_segmento,automoveis/Sedans Pequenos,21396,21396,0,,ok,cauda nao publicada: 0 unidades
2016-09,subtotal_sub_segmento,automoveis/Sedans médios,13405,13374,-31,-0.2313,ok,cauda nao publicada: 31 unidades
2016-09,subtotal_sub_segmento,automoveis/Sports,163,121,-42,-25.7669,cauda_truncada,cauda nao publicada: 42 unidades
2016-09,subtotal_sub_segmento,automoveis/Suv's,26412,25607,-805,-3.0479,cauda_truncada,cauda nao publicada: 805 unidades
2016-09,subtotal_sub_segmento,automoveis/Sw Grandes,42,42,0,,ok,cauda nao publicada: 0 unidades
2016-09,subtotal_sub_segmento,automoveis/Sw Médios,557,556,-1,-0.1795,ok,cauda nao publicada: 1 unidades
2016-09,subtotal_sub_segmento,automoveis/Veículos de Entrada,22876,22875,-1,-0.0044,ok,cauda nao publicada: 1 unidades
2016-09,subtotal_sub_segmento,comerciais_leves/Furgões,1727,1553,-174,-10.0753,cauda_truncada,cauda nao publicada: 174 unidades
2016-09,subtotal_sub_segmento,comerciais_leves/Furgões Pequenos,894,890,-4,-0.4474,ok,cauda nao publicada: 4 unidades
2016-09,subtotal_sub_segmento,comerciais_leves/Pick-up's Grandes,13295,13287,-8,-0.0602,ok,cauda nao publicada: 8 unidades
2016-09,subtotal_sub_segmento,comerciais_leves/Pick-up's Pequenas,8203,8203,0,,ok,cauda nao publicada: 0 unidades
2016-09,ranking_x_sub_segmento,2016-09,143993,143989,-4,-0.0028,ok,2 modelos divergentes de 75 conferidos; desvio de volume 0.0028%
2016-09,cobertura,automoveis,130854,129329,-1525,-1.1654,medido,cobertura=98.83%
2016-09,cobertura,comerciais_leves,24122,24116,-6,-0.0249,medido,cobertura=99.98%
2016-10,mes_declarado,2016-10,,,,,ok,2016-10
2016-10,subtotal_sub_segmento,automoveis/Grandcab,1951,1949,-2,-0.1025,ok,cauda nao publicada: 2 unidades
2016-10,subtotal_sub_segmento,automoveis/Hatch Médios,2102,1481,-621,-29.5433,cauda_truncada,cauda nao publicada: 621 unidades
2016-10,subtotal_sub_segmento,automoveis/Hatch Pequenos,38141,38070,-71,-0.1862,ok,cauda nao publicada: 71 unidades
2016-10,subtotal_sub_segmento,automoveis/Monocab,3444,3444,0,,ok,cauda nao publicada: 0 unidades
2016-10,subtotal_sub_segmento,automoveis/Sedans Compactos,2913,2913,0,,ok,cauda nao publicada: 0 unidades
2016-10,subtotal_sub_segmento,automoveis/Sedans Grandes,702,591,-111,-15.8120,cauda_truncada,cauda nao publicada: 111 unidades
2016-10,subtotal_sub_segmento,automoveis/Sedans Pequenos,20554,20554,0,,ok,cauda nao publicada: 0 unidades
2016-10,subtotal_sub_segmento,automoveis/Sedans médios,13485,13434,-51,-0.3782,ok,cauda nao publicada: 51 unidades
2016-10,subtotal_sub_segmento,automoveis/Sports,116,97,-19,-16.3793,cauda_truncada,cauda nao publicada: 19 unidades
2016-10,subtotal_sub_segmento,automoveis/Suv's,24034,23174,-860,-3.5783,cauda_truncada,cauda nao publicada: 860 unidades
2016-10,subtotal_sub_segmento,automoveis/Sw Grandes,52,52,0,,ok,cauda nao publicada: 0 unidades
2016-10,subtotal_sub_segmento,automoveis/Sw Médios,1051,1050,-1,-0.0951,ok,cauda nao publicada: 1 unidades
2016-10,subtotal_sub_segmento,automoveis/Veículos de Entrada,23659,23658,-1,-0.0042,ok,cauda nao publicada: 1 unidades
2016-10,subtotal_sub_segmento,comerciais_leves/Furgões,1289,1153,-136,-10.5508,cauda_truncada,cauda nao publicada: 136 unidades
2016-10,subtotal_sub_segmento,comerciais_leves/Furgões Pequenos,891,891,0,,ok,cauda nao publicada: 0 unidades
2016-10,subtotal_sub_segmento,comerciais_leves/Pick-up's Grandes,13636,13629,-7,-0.0513,ok,cauda nao publicada: 7 unidades
2016-10,subtotal_sub_segmento,comerciais_leves/Pick-up's Pequenas,6826,6826,0,,ok,cauda nao publicada: 0 unidades
2016-10,ranking_x_sub_segmento,2016-10,144446,144440,-6,-0.0042,ok,1 modelos divergentes de 75 conferidos; desvio de volume 0.0042%
2016-10,cobertura,automoveis,132230,130906,-1324,-1.0013,medido,cobertura=99.00%
2016-10,cobertura,comerciais_leves,22645,22642,-3,-0.0132,medido,cobertura=99.99%
2016-11,mes_declarado,2016-11,,,,,ok,2016-11
2016-11,subtotal_sub_segmento,automoveis/Grandcab,2295,2291,-4,-0.1743,ok,cauda nao publicada: 4 unidades
2016-11,subtotal_sub_segmento,automoveis/Hatch Médios,2120,1697,-423,-19.9528,cauda_truncada,cauda nao publicada: 423 unidades
2016-11,subtotal_sub_segmento,automoveis/Hatch Pequenos,41662,41554,-108,-0.2592,ok,cauda nao publicada: 108 unidades
2016-11,subtotal_sub_segmento,automoveis/Monocab,3351,3351,0,,ok,cauda nao publicada: 0 unidades
2016-11,subtotal_sub_segmento,automoveis/Sedans Compactos,3204,3204,0,,ok,cauda nao publicada: 0 unidades
2016-11,subtotal_sub_segmento,automoveis/Sedans Grandes,823,672,-151,-18.3475,cauda_truncada,cauda nao publicada: 151 unidades
2016-11,subtotal_sub_segmento,automoveis/Sedans Pequenos,24255,24254,-1,-0.0041,ok,cauda nao publicada: 1 unidades
2016-11,subtotal_sub_segmento,automoveis/Sedans médios,12733,12692,-41,-0.3220,ok,cauda nao publicada: 41 unidades
2016-11,subtotal_sub_segmento,automoveis/Sports,175,140,-35,-20.0000,cauda_truncada,cauda nao publicada: 35 unidades
2016-11,subtotal_sub_segmento,automoveis/Suv's,24888,24279,-609,-2.4470,cauda_truncada,cauda nao publicada: 609 unidades
2016-11,subtotal_sub_segmento,automoveis/Sw Grandes,84,84,0,,ok,cauda nao publicada: 0 unidades
2016-11,subtotal_sub_segmento,automoveis/Sw Médios,583,581,-2,-0.3431,ok,cauda nao publicada: 2 unidades
2016-11,subtotal_sub_segmento,automoveis/Veículos de Entrada,32568,32567,-1,-0.0031,ok,cauda nao publicada: 1 unidades
2016-11,subtotal_sub_segmento,comerciais_leves/Furgões,1529,1339,-190,-12.4264,cauda_truncada,cauda nao publicada: 190 unidades
2016-11,subtotal_sub_segmento,comerciais_leves/Furgões Pequenos,1038,1035,-3,-0.2890,ok,cauda nao publicada: 3 unidades
2016-11,subtotal_sub_segmento,comerciais_leves/Pick-up's Grandes,14308,14302,-6,-0.0419,ok,cauda nao publicada: 6 unidades
2016-11,subtotal_sub_segmento,comerciais_leves/Pick-up's Pequenas,7997,7997,0,,ok,cauda nao publicada: 0 unidades
2016-11,ranking_x_sub_segmento,2016-11,163978,163907,-71,-0.0433,ok,4 modelos divergentes de 76 conferidos; desvio de volume 0.0433%
2016-11,cobertura,automoveis,148687,147366,-1321,-0.8884,medido,cobertura=99.11%
2016-11,cobertura,comerciais_leves,24874,24869,-5,-0.0201,medido,cobertura=99.98%
2016-12,mes_declarado,2016-12,,,,,ok,2016-12
2016-12,subtotal_sub_segmento,automoveis/Grandcab,2304,2304,0,,ok,cauda nao publicada: 0 unidades
2016-12,subtotal_sub_segmento,automoveis/Hatch Médios,1791,1656,-135,-7.5377,cauda_truncada,cauda nao publicada: 135 unidades
2016-12,subtotal_sub_segmento,automoveis/Hatch Pequenos,47130,46880,-250,-0.5304,cauda_truncada,cauda nao publicada: 250 unidades
2016-12,subtotal_sub_segmento,automoveis/Monocab,4279,4279,0,,ok,cauda nao publicada: 0 unidades
2016-12,subtotal_sub_segmento,automoveis/Sedans Compactos,3420,3420,0,,ok,cauda nao publicada: 0 unidades
2016-12,subtotal_sub_segmento,automoveis/Sedans Grandes,1059,958,-101,-9.5373,cauda_truncada,cauda nao publicada: 101 unidades
2016-12,subtotal_sub_segmento,automoveis/Sedans Pequenos,27833,27833,0,,ok,cauda nao publicada: 0 unidades
2016-12,subtotal_sub_segmento,automoveis/Sedans médios,14432,14378,-54,-0.3742,ok,cauda nao publicada: 54 unidades
2016-12,subtotal_sub_segmento,automoveis/Sports,220,171,-49,-22.2727,cauda_truncada,cauda nao publicada: 49 unidades
2016-12,subtotal_sub_segmento,automoveis/Suv's,30955,30093,-862,-2.7847,cauda_truncada,cauda nao publicada: 862 unidades
2016-12,subtotal_sub_segmento,automoveis/Sw Grandes,88,88,0,,ok,cauda nao publicada: 0 unidades
2016-12,subtotal_sub_segmento,automoveis/Sw Médios,1072,1072,0,,ok,cauda nao publicada: 0 unidades
2016-12,subtotal_sub_segmento,automoveis/Veículos de Entrada,35366,35365,-1,-0.0028,ok,cauda nao publicada: 1 unidades
2016-12,subtotal_sub_segmento,comerciais_leves/Furgões,1545,1402,-143,-9.2557,cauda_truncada,cauda nao publicada: 143 unidades
2016-12,subtotal_sub_segmento,comerciais_leves/Furgões Pequenos,1162,1160,-2,-0.1721,ok,cauda nao publicada: 2 unidades
2016-12,subtotal_sub_segmento,comerciais_leves/Pick-up's Grandes,17068,17061,-7,-0.0410,ok,cauda nao publicada: 7 unidades
2016-12,subtotal_sub_segmento,comerciais_leves/Pick-up's Pequenas,9242,9242,0,,ok,cauda nao publicada: 0 unidades
2016-12,ranking_x_sub_segmento,2016-12,187634,187631,-3,-0.0016,ok,2 modelos divergentes de 75 conferidos; desvio de volume 0.0016%
2016-12,cobertura,automoveis,169990,168497,-1493,-0.8783,medido,cobertura=99.12%
2016-12,cobertura,comerciais_leves,29023,29015,-8,-0.0276,medido,cobertura=99.97%
2017-01,mes_declarado,2017-01,,,,,ok,2017-01
2017-01,subtotal_sub_segmento,automoveis/Grandcab,2108,2106,-2,-0.0949,ok,cauda nao publicada: 2 unidades
2017-01,subtotal_sub_segmento,automoveis/Hatch Médios,1744,1654,-90,-5.1606,cauda_truncada,cauda nao publicada: 90 unidades
2017-01,subtotal_sub_segmento,automoveis/Hatch Pequenos,33809,33733,-76,-0.2248,ok,cauda nao publicada: 76 unidades
2017-01,subtotal_sub_segmento,automoveis/Monocab,2863,2863,0,,ok,cauda nao publicada: 0 unidades
2017-01,subtotal_sub_segmento,automoveis/Sedans Compactos,2784,2784,0,,ok,cauda nao publicada: 0 unidades
2017-01,subtotal_sub_segmento,automoveis/Sedans Grandes,616,586,-30,-4.8701,cauda_truncada,cauda nao publicada: 30 unidades
2017-01,subtotal_sub_segmento,automoveis/Sedans Pequenos,17251,17251,0,,ok,cauda nao publicada: 0 unidades
2017-01,subtotal_sub_segmento,automoveis/Sedans médios,9758,9730,-28,-0.2869,ok,cauda nao publicada: 28 unidades
2017-01,subtotal_sub_segmento,automoveis/Sports,99,79,-20,-20.2020,cauda_truncada,cauda nao publicada: 20 unidades
2017-01,subtotal_sub_segmento,automoveis/Suv's,23577,23105,-472,-2.0020,cauda_truncada,cauda nao publicada: 472 unidades
2017-01,subtotal_sub_segmento,automoveis/Sw Grandes,47,47,0,,ok,cauda nao publicada: 0 unidades
2017-01,subtotal_sub_segmento,automoveis/Sw Médios,378,378,0,,ok,cauda nao publicada: 0 unidades
2017-01,subtotal_sub_segmento,automoveis/Veículos de Entrada,26322,26322,0,,ok,cauda nao publicada: 0 unidades
2017-01,subtotal_sub_segmento,comerciais_leves/Furgões,1285,1173,-112,-8.7160,cauda_truncada,cauda nao publicada: 112 unidades
2017-01,subtotal_sub_segmento,comerciais_leves/Furgões Pequenos,757,754,-3,-0.3963,ok,cauda nao publicada: 3 unidades
2017-01,subtotal_sub_segmento,comerciais_leves/Pick-up's Grandes,11675,11672,-3,-0.0257,ok,cauda nao publicada: 3 unidades
2017-01,subtotal_sub_segmento,comerciais_leves/Pick-up's Pequenas,8463,8463,0,,ok,cauda nao publicada: 0 unidades
2017-01,ranking_x_sub_segmento,2017-01,135769,135769,0,,ok,0 modelos divergentes de 76 conferidos; desvio de volume 0.0000%
2017-01,cobertura,automoveis,121399,120638,-761,-0.6269,medido,cobertura=99.37%
2017-01,cobertura,comerciais_leves,22181,22180,-1,-0.0045,medido,cobertura=100.00%
2017-02,mes_declarado,2017-02,,,,,ok,2017-02
2017-02,subtotal_sub_segmento,automoveis/Grandcab,1569,1568,-1,-0.0637,ok,cauda nao publicada: 1 unidades
2017-02,subtotal_sub_segmento,automoveis/Hatch Médios,1533,1458,-75,-4.8924,cauda_truncada,cauda nao publicada: 75 unidades
2017-02,subtotal_sub_segmento,automoveis/Hatch Pequenos,30273,30208,-65,-0.2147,ok,cauda nao publicada: 65 unidades
2017-02,subtotal_sub_segmento,automoveis/Monocab,2515,2515,0,,ok,cauda nao publicada: 0 unidades
2017-02,subtotal_sub_segmento,automoveis/Sedans Compactos,2972,2971,-1,-0.0336,ok,cauda nao publicada: 1 unidades
2017-02,subtotal_sub_segmento,automoveis/Sedans Grandes,575,527,-48,-8.3478,cauda_truncada,cauda nao publicada: 48 unidades
2017-02,subtotal_sub_segmento,automoveis/Sedans Pequenos,15534,15532,-2,-0.0129,ok,cauda nao publicada: 2 unidades
2017-02,subtotal_sub_segmento,automoveis/Sedans médios,8991,8960,-31,-0.3448,ok,cauda nao publicada: 31 unidades
2017-02,subtotal_sub_segmento,automoveis/Sports,97,70,-27,-27.8351,cauda_truncada,cauda nao publicada: 27 unidades
2017-02,subtotal_sub_segmento,automoveis/Suv's,23989,23598,-391,-1.6299,cauda_truncada,cauda nao publicada: 391 unidades
2017-02,subtotal_sub_segmento,automoveis/Sw Grandes,51,51,0,,ok,cauda nao publicada: 0 unidades
2017-02,subtotal_sub_segmento,automoveis/Sw Médios,355,355,0,,ok,cauda nao publicada: 0 unidades
2017-02,subtotal_sub_segmento,automoveis/Veículos de Entrada,23905,23903,-2,-0.0084,ok,cauda nao publicada: 2 unidades
2017-02,subtotal_sub_segmento,comerciais_leves/Furgões,1350,1221,-129,-9.5556,cauda_truncada,cauda nao publicada: 129 unidades
2017-02,subtotal_sub_segmento,comerciais_leves/Furgões Pequenos,859,858,-1,-0.1164,ok,cauda nao publicada: 1 unidades
2017-02,subtotal_sub_segmento,comerciais_leves/Pick-up's Grandes,10566,10564,-2,-0.0189,ok,cauda nao publicada: 2 unidades
2017-02,subtotal_sub_segmento,comerciais_leves/Pick-up's Pequenas,7245,7245,0,,ok,cauda nao publicada: 0 unidades
2017-02,ranking_x_sub_segmento,2017-02,125213,125212,-1,-0.0008,ok,1 modelos divergentes de 75 conferidos; desvio de volume 0.0008%
2017-02,cobertura,automoveis,112383,111716,-667,-0.5935,medido,cobertura=99.41%
2017-02,cobertura,comerciais_leves,20022,20020,-2,-0.0100,medido,cobertura=99.99%
2017-03,mes_declarado,2017-03,,,,,ok,2017-03
2017-03,subtotal_sub_segmento,automoveis/Grandcab,2095,2091,-4,-0.1909,ok,cauda nao publicada: 4 unidades
2017-03,subtotal_sub_segmento,automoveis/Hatch Médios,1878,1799,-79,-4.2066,cauda_truncada,cauda nao publicada: 79 unidades
2017-03,subtotal_sub_segmento,automoveis/Hatch Pequenos,41501,41455,-46,-0.1108,ok,cauda nao publicada: 46 unidades
2017-03,subtotal_sub_segmento,automoveis/Monocab,3023,3023,0,,ok,cauda nao publicada: 0 unidades
2017-03,subtotal_sub_segmento,automoveis/Sedans Compactos,3698,3698,0,,ok,cauda nao publicada: 0 unidades
2017-03,subtotal_sub_segmento,automoveis/Sedans Grandes,641,584,-57,-8.8924,cauda_truncada,cauda nao publicada: 57 unidades
2017-03,subtotal_sub_segmento,automoveis/Sedans Pequenos,25014,25013,-1,-0.0040,ok,cauda nao publicada: 1 unidades
2017-03,subtotal_sub_segmento,automoveis/Sedans médios,13659,13631,-28,-0.2050,ok,cauda nao publicada: 28 unidades
2017-03,subtotal_sub_segmento,automoveis/Sports,106,80,-26,-24.5283,cauda_truncada,cauda nao publicada: 26 unidades
2017-03,subtotal_sub_segmento,automoveis/Suv's,34132,33535,-597,-1.7491,cauda_truncada,cauda nao publicada: 597 unidades
2017-03,subtotal_sub_segmento,automoveis/Sw Grandes,105,105,0,,ok,cauda nao publicada: 0 unidades
2017-03,subtotal_sub_segmento,automoveis/Sw Médios,314,314,0,,ok,cauda nao publicada: 0 unidades
2017-03,subtotal_sub_segmento,automoveis/Veículos de Entrada,31888,31888,0,,ok,cauda nao publicada: 0 unidades
2017-03,subtotal_sub_segmento,comerciais_leves/Furgões,1630,1516,-114,-6.9939,cauda_truncada,cauda nao publicada: 114 unidades
2017-03,subtotal_sub_segmento,comerciais_leves/Furgões Pequenos,1140,1138,-2,-0.1754,ok,cauda nao publicada: 2 unidades
2017-03,subtotal_sub_segmento,comerciais_leves/Pick-up's Grandes,13335,13328,-7,-0.0525,ok,cauda nao publicada: 7 unidades
2017-03,subtotal_sub_segmento,comerciais_leves/Pick-up's Pequenas,9655,9655,0,,ok,cauda nao publicada: 0 unidades
2017-03,ranking_x_sub_segmento,2017-03,173395,173394,-1,-0.0006,ok,1 modelos divergentes de 76 conferidos; desvio de volume 0.0006%
2017-03,cobertura,automoveis,158084,157216,-868,-0.5491,medido,cobertura=99.45%
2017-03,cobertura,comerciais_leves,25766,25763,-3,-0.0116,medido,cobertura=99.99%
2017-04,mes_declarado,2017-04,,,,,ok,2017-04
2017-04,subtotal_sub_segmento,automoveis/Grandcab,1588,1587,-1,-0.0630,ok,cauda nao publicada: 1 unidades
2017-04,subtotal_sub_segmento,automoveis/Hatch Médios,1553,1474,-79,-5.0869,cauda_truncada,cauda nao publicada: 79 unidades
2017-04,subtotal_sub_segmento,automoveis/Hatch Pequenos,33634,33584,-50,-0.1487,ok,cauda nao publicada: 50 unidades
2017-04,subtotal_sub_segmento,automoveis/Monocab,2498,2498,0,,ok,cauda nao publicada: 0 unidades
2017-04,subtotal_sub_segmento,automoveis/Sedans Compactos,2935,2935,0,,ok,cauda nao publicada: 0 unidades
2017-04,subtotal_sub_segmento,automoveis/Sedans Grandes,602,551,-51,-8.4718,cauda_truncada,cauda nao publicada: 51 unidades
2017-04,subtotal_sub_segmento,automoveis/Sedans Pequenos,19586,19586,0,,ok,cauda nao publicada: 0 unidades
2017-04,subtotal_sub_segmento,automoveis/Sedans médios,11972,11951,-21,-0.1754,ok,cauda nao publicada: 21 unidades
2017-04,subtotal_sub_segmento,automoveis/Sports,93,68,-25,-26.8817,cauda_truncada,cauda nao publicada: 25 unidades
2017-04,subtotal_sub_segmento,automoveis/Suv's,30362,29885,-477,-1.5710,cauda_truncada,cauda nao publicada: 477 unidades
2017-04,subtotal_sub_segmento,automoveis/Sw Grandes,99,99,0,,ok,cauda nao publicada: 0 unidades
2017-04,subtotal_sub_segmento,automoveis/Sw Médios,286,284,-2,-0.6993,cauda_truncada,cauda nao publicada: 2 unidades
2017-04,subtotal_sub_segmento,automoveis/Veículos de Entrada,26297,26295,-2,-0.0076,ok,cauda nao publicada: 2 unidades
2017-04,subtotal_sub_segmento,comerciais_leves/Furgões,1396,1245,-151,-10.8166,cauda_truncada,cauda nao publicada: 151 unidades
2017-04,subtotal_sub_segmento,comerciais_leves/Furgões Pequenos,979,976,-3,-0.3064,ok,cauda nao publicada: 3 unidades
2017-04,subtotal_sub_segmento,comerciais_leves/Pickup's Grandes,11840,11836,-4,-0.0338,ok,cauda nao publicada: 4 unidades
2017-04,subtotal_sub_segmento,comerciais_leves/Pickup's Pequenas,6648,6648,0,,ok,cauda nao publicada: 0 unidades
2017-04,ranking_x_sub_segmento,2017-04,143449,143443,-6,-0.0042,ok,3 modelos divergentes de 76 conferidos; desvio de volume 0.0042%
2017-04,cobertura,automoveis,131516,130797,-719,-0.5467,medido,cobertura=99.45%
2017-04,cobertura,comerciais_leves,20867,20861,-6,-0.0288,medido,cobertura=99.97%
2017-05,mes_declarado,2017-05,,,,,ok,2017-05
2017-05,subtotal_sub_segmento,automoveis/Grandcab,2012,2012,0,,ok,cauda nao publicada: 0 unidades
2017-05,subtotal_sub_segmento,automoveis/Hatch Médios,1780,1675,-105,-5.8989,cauda_truncada,cauda nao publicada: 105 unidades
2017-05,subtotal_sub_segmento,automoveis/Hatch Pequenos,40785,40667,-118,-0.2893,ok,cauda nao publicada: 118 unidades
2017-05,subtotal_sub_segmento,automoveis/Monocab,2522,2522,0,,ok,cauda nao publicada: 0 unidades
2017-05,subtotal_sub_segmento,automoveis/Sedans Compactos,3980,3980,0,,ok,cauda nao publicada: 0 unidades
2017-05,subtotal_sub_segmento,automoveis/Sedans Grandes,707,609,-98,-13.8614,cauda_truncada,cauda nao publicada: 98 unidades
2017-05,subtotal_sub_segmento,automoveis/Sedans Pequenos,24036,24036,0,,ok,cauda nao publicada: 0 unidades
2017-05,subtotal_sub_segmento,automoveis/Sedans médios,13466,13430,-36,-0.2673,ok,cauda nao publicada: 36 unidades
2017-05,subtotal_sub_segmento,automoveis/Sports,115,89,-26,-22.6087,cauda_truncada,cauda nao publicada: 26 unidades
2017-05,subtotal_sub_segmento,automoveis/Suv's,36117,35459,-658,-1.8219,cauda_truncada,cauda nao publicada: 658 unidades
2017-05,subtotal_sub_segmento,automoveis/Sw Grandes,69,69,0,,ok,cauda nao publicada: 0 unidades
2017-05,subtotal_sub_segmento,automoveis/Sw Médios,545,545,0,,ok,cauda nao publicada: 0 unidades
2017-05,subtotal_sub_segmento,automoveis/Veículos de Entrada,37147,37144,-3,-0.0081,ok,cauda nao publicada: 3 unidades
2017-05,subtotal_sub_segmento,comerciais_leves/Furgões,1470,1303,-167,-11.3605,cauda_truncada,cauda nao publicada: 167 unidades
2017-05,subtotal_sub_segmento,comerciais_leves/Furgões Pequenos,1263,1256,-7,-0.5542,cauda_truncada,cauda nao publicada: 7 unidades
2017-05,subtotal_sub_segmento,comerciais_leves/Pick-up's Grandes,14818,14810,-8,-0.0540,ok,cauda nao publicada: 8 unidades
2017-05,subtotal_sub_segmento,comerciais_leves/Pick-up's Pequenas,9272,9271,-1,-0.0108,ok,cauda nao publicada: 1 unidades
2017-05,ranking_x_sub_segmento,2017-05,179172,179145,-27,-0.0151,ok,1 modelos divergentes de 76 conferidos; desvio de volume 0.0151%
2017-05,cobertura,automoveis,163294,162237,-1057,-0.6473,medido,cobertura=99.35%
2017-05,cobertura,comerciais_leves,26837,26828,-9,-0.0335,medido,cobertura=99.97%
2017-06,mes_declarado,2017-06,,,,,ok,2017-06
2017-06,subtotal_sub_segmento,automoveis/Grandcab,2119,2119,0,,ok,cauda nao publicada: 0 unidades
2017-06,subtotal_sub_segmento,automoveis/Hatch Médios,2253,2130,-123,-5.4594,cauda_truncada,cauda nao publicada: 123 unidades
2017-06,subtotal_sub_segmento,automoveis/Hatch Pequenos,44208,44151,-57,-0.1289,ok,cauda nao publicada: 57 unidades
2017-06,subtotal_sub_segmento,automoveis/Monocab,2306,2306,0,,ok,cauda nao publicada: 0 unidades
2017-06,subtotal_sub_segmento,automoveis/Sedans Compactos,3548,3548,0,,ok,cauda nao publicada: 0 unidades
2017-06,subtotal_sub_segmento,automoveis/Sedans Grandes,933,835,-98,-10.5038,cauda_truncada,cauda nao publicada: 98 unidades
2017-06,subtotal_sub_segmento,automoveis/Sedans Pequenos,23536,23535,-1,-0.0042,ok,cauda nao publicada: 1 unidades
2017-06,subtotal_sub_segmento,automoveis/Sedans médios,13710,13677,-33,-0.2407,ok,cauda nao publicada: 33 unidades
2017-06,subtotal_sub_segmento,automoveis/Sports,118,84,-34,-28.8136,cauda_truncada,cauda nao publicada: 34 unidades
2017-06,subtotal_sub_segmento,automoveis/Suv's,34164,33262,-902,-2.6402,cauda_truncada,cauda nao publicada: 902 unidades
2017-06,subtotal_sub_segmento,automoveis/Sw Grandes,93,93,0,,ok,cauda nao publicada: 0 unidades
2017-06,subtotal_sub_segmento,automoveis/Sw Médios,307,307,0,,ok,cauda nao publicada: 0 unidades
2017-06,subtotal_sub_segmento,automoveis/Veículos de Entrada,33892,33891,-1,-0.0030,ok,cauda nao publicada: 1 unidades
2017-06,subtotal_sub_segmento,comerciais_leves/Furgões,1440,1290,-150,-10.4167,cauda_truncada,cauda nao publicada: 150 unidades
2017-06,subtotal_sub_segmento,comerciais_leves/Furgões Pequenos,1134,1120,-14,-1.2346,cauda_truncada,cauda nao publicada: 14 unidades
2017-06,subtotal_sub_segmento,comerciais_leves/Pick-up's Grandes,16347,16342,-5,-0.0306,ok,cauda nao publicada: 5 unidades
2017-06,subtotal_sub_segmento,comerciais_leves/Pick-up's Pequenas,9107,9106,-1,-0.0110,ok,cauda nao publicada: 1 unidades
2017-06,ranking_x_sub_segmento,2017-06,177374,177135,-239,-0.1347,ok,2 modelos divergentes de 77 conferidos; desvio de volume 0.1347%
2017-06,cobertura,automoveis,161199,159938,-1261,-0.7823,medido,cobertura=99.22%
2017-06,cobertura,comerciais_leves,28030,28017,-13,-0.0464,medido,cobertura=99.95%
2017-07,mes_declarado,2017-07,,,,,ok,2017-07
2017-07,subtotal_sub_segmento,automoveis/Grandcab,2132,2132,0,,ok,cauda nao publicada: 0 unidades
2017-07,subtotal_sub_segmento,automoveis/Hatch Médios,1632,1540,-92,-5.6373,cauda_truncada,cauda nao publicada: 92 unidades
2017-07,subtotal_sub_segmento,automoveis/Hatch Pequenos,43082,39265,-3817,-8.8598,cauda_truncada,cauda nao publicada: 3817 unidades
2017-07,subtotal_sub_segmento,automoveis/Monocab,2221,2221,0,,ok,cauda nao publicada: 0 unidades
2017-07,subtotal_sub_segmento,automoveis/Sedans Compactos,3179,3179,0,,ok,cauda nao publicada: 0 unidades
2017-07,subtotal_sub_segmento,automoveis/Sedans Grandes,855,754,-101,-11.8129,cauda_truncada,cauda nao publicada: 101 unidades
2017-07,subtotal_sub_segmento,automoveis/Sedans Pequenos,22561,22561,0,,ok,cauda nao publicada: 0 unidades
2017-07,subtotal_sub_segmento,automoveis/Sedans médios,13750,13700,-50,-0.3636,ok,cauda nao publicada: 50 unidades
2017-07,subtotal_sub_segmento,automoveis/Sports,96,74,-22,-22.9167,cauda_truncada,cauda nao publicada: 22 unidades
2017-07,subtotal_sub_segmento,automoveis/Suv's,32562,31810,-752,-2.3094,cauda_truncada,cauda nao publicada: 752 unidades
2017-07,subtotal_sub_segmento,automoveis/Sw Grandes,67,67,0,,ok,cauda nao publicada: 0 unidades
2017-07,subtotal_sub_segmento,automoveis/Sw Médios,371,371,0,,ok,cauda nao publicada: 0 unidades
2017-07,subtotal_sub_segmento,automoveis/Veículos de Entrada,29183,29181,-2,-0.0069,ok,cauda nao publicada: 2 unidades
2017-07,subtotal_sub_segmento,comerciais_leves/Furgões,1779,1543,-236,-13.2659,cauda_truncada,cauda nao publicada: 236 unidades
2017-07,subtotal_sub_segmento,comerciais_leves/Furgões Pequenos,1191,1188,-3,-0.2519,ok,cauda nao publicada: 3 unidades
2017-07,subtotal_sub_segmento,comerciais_leves/Pick-up's Grandes,15409,15407,-2,-0.0130,ok,cauda nao publicada: 2 unidades
2017-07,subtotal_sub_segmento,comerciais_leves/Pick-up's Pequenas,8764,8764,0,,ok,cauda nao publicada: 0 unidades
2017-07,ranking_x_sub_segmento,2017-07,163278,163276,-2,-0.0012,ok,2 modelos divergentes de 74 conferidos; desvio de volume 0.0012%
2017-07,cobertura,automoveis,151703,150626,-1077,-0.7099,medido,cobertura=99.29%
2017-07,cobertura,comerciais_leves,27144,27140,-4,-0.0147,medido,cobertura=99.99%
2017-08,mes_declarado,2017-08,,,,,ok,2017-08
2017-08,subtotal_sub_segmento,automoveis/Grandcab,2179,2172,-7,-0.3212,ok,cauda nao publicada: 7 unidades
2017-08,subtotal_sub_segmento,automoveis/Hatch Médios,1889,1819,-70,-3.7057,cauda_truncada,cauda nao publicada: 70 unidades
2017-08,subtotal_sub_segmento,automoveis/Hatch Pequenos,49402,44146,-5256,-10.6392,cauda_truncada,cauda nao publicada: 5256 unidades
2017-08,subtotal_sub_segmento,automoveis/Monocab,2454,2454,0,,ok,cauda nao publicada: 0 unidades
2017-08,subtotal_sub_segmento,automoveis/Sedans Compactos,3865,3865,0,,ok,cauda nao publicada: 0 unidades
2017-08,subtotal_sub_segmento,automoveis/Sedans Grandes,872,797,-75,-8.6009,cauda_truncada,cauda nao publicada: 75 unidades
2017-08,subtotal_sub_segmento,automoveis/Sedans Pequenos,28070,28070,0,,ok,cauda nao publicada: 0 unidades
2017-08,subtotal_sub_segmento,automoveis/Sedans médios,15428,15405,-23,-0.1491,ok,cauda nao publicada: 23 unidades
2017-08,subtotal_sub_segmento,automoveis/Sports,103,77,-26,-25.2427,cauda_truncada,cauda nao publicada: 26 unidades
2017-08,subtotal_sub_segmento,automoveis/Suv's,40475,39510,-965,-2.3842,cauda_truncada,cauda nao publicada: 965 unidades
2017-08,subtotal_sub_segmento,automoveis/Sw Grandes,84,84,0,,ok,cauda nao publicada: 0 unidades
2017-08,subtotal_sub_segmento,automoveis/Sw Médios,433,433,0,,ok,cauda nao publicada: 0 unidades
2017-08,subtotal_sub_segmento,automoveis/Veículos de Entrada,35615,35612,-3,-0.0084,ok,cauda nao publicada: 3 unidades
2017-08,subtotal_sub_segmento,comerciais_leves/Furgões,1688,1510,-178,-10.5450,cauda_truncada,cauda nao publicada: 178 unidades
2017-08,subtotal_sub_segmento,comerciais_leves/Furgões Pequenos,1121,1117,-4,-0.3568,ok,cauda nao publicada: 4 unidades
2017-08,subtotal_sub_segmento,comerciais_leves/Pick-up's Grandes,15879,15866,-13,-0.0819,ok,cauda nao publicada: 13 unidades
2017-08,subtotal_sub_segmento,comerciais_leves/Pick-up's Pequenas,10292,10292,0,,ok,cauda nao publicada: 0 unidades
2017-08,ranking_x_sub_segmento,2017-08,191227,191227,0,,ok,0 modelos divergentes de 75 conferidos; desvio de volume 0.0000%
2017-08,cobertura,automoveis,180888,179626,-1262,-0.6977,medido,cobertura=99.30%
2017-08,cobertura,comerciais_leves,28983,28981,-2,-0.0069,medido,cobertura=99.99%
2017-09,mes_declarado,2017-09,,,,,ok,2017-09
2017-09,subtotal_sub_segmento,automoveis/Grandcab,2393,2390,-3,-0.1254,ok,cauda nao publicada: 3 unidades
2017-09,subtotal_sub_segmento,automoveis/Hatch Médios,1403,1354,-49,-3.4925,cauda_truncada,cauda nao publicada: 49 unidades
2017-09,subtotal_sub_segmento,automoveis/Hatch Pequenos,44298,43687,-611,-1.3793,cauda_truncada,cauda nao publicada: 611 unidades
2017-09,subtotal_sub_segmento,automoveis/Monocab,2154,2154,0,,ok,cauda nao publicada: 0 unidades
2017-09,subtotal_sub_segmento,automoveis/Sedans Compactos,3202,3201,-1,-0.0312,ok,cauda nao publicada: 1 unidades
2017-09,subtotal_sub_segmento,automoveis/Sedans Grandes,674,624,-50,-7.4184,cauda_truncada,cauda nao publicada: 50 unidades
2017-09,subtotal_sub_segmento,automoveis/Sedans Pequenos,25339,25339,0,,ok,cauda nao publicada: 0 unidades
2017-09,subtotal_sub_segmento,automoveis/Sedans médios,14055,14027,-28,-0.1992,ok,cauda nao publicada: 28 unidades
2017-09,subtotal_sub_segmento,automoveis/Sports,107,80,-27,-25.2336,cauda_truncada,cauda nao publicada: 27 unidades
2017-09,subtotal_sub_segmento,automoveis/Suv's,35262,34476,-786,-2.2290,cauda_truncada,cauda nao publicada: 786 unidades
2017-09,subtotal_sub_segmento,automoveis/Sw Grandes,57,57,0,,ok,cauda nao publicada: 0 unidades
2017-09,subtotal_sub_segmento,automoveis/Sw Médios,402,402,0,,ok,cauda nao publicada: 0 unidades
2017-09,subtotal_sub_segmento,automoveis/Veículos de Entrada,38653,38652,-1,-0.0026,ok,cauda nao publicada: 1 unidades
2017-09,subtotal_sub_segmento,comerciais_leves/Furgões,1366,1235,-131,-9.5900,cauda_truncada,cauda nao publicada: 131 unidades
2017-09,subtotal_sub_segmento,comerciais_leves/Furgões Pequenos,1272,1272,0,,ok,cauda nao publicada: 0 unidades
2017-09,subtotal_sub_segmento,comerciais_leves/Pick-up's Grandes,13615,13609,-6,-0.0441,ok,cauda nao publicada: 6 unidades
2017-09,subtotal_sub_segmento,comerciais_leves/Pick-up's Pequenas,9307,9307,0,,ok,cauda nao publicada: 0 unidades
2017-09,ranking_x_sub_segmento,2017-09,181335,181330,-5,-0.0028,ok,2 modelos divergentes de 76 conferidos; desvio de volume 0.0028%
2017-09,cobertura,automoveis,168016,166443,-1573,-0.9362,medido,cobertura=99.06%
2017-09,cobertura,comerciais_leves,25564,25556,-8,-0.0313,medido,cobertura=99.97%
2017-10,mes_declarado,2017-10,,,,,ok,2017-10
2017-10,subtotal_sub_segmento,automoveis/Grandcab,2213,2213,0,,ok,cauda nao publicada: 0 unidades
2017-10,subtotal_sub_segmento,automoveis/Hatch Médios,1537,1461,-76,-4.9447,cauda_truncada,cauda nao publicada: 76 unidades
2017-10,subtotal_sub_segmento,automoveis/Hatch Pequenos,43979,40281,-3698,-8.4086,cauda_truncada,cauda nao publicada: 3698 unidades
2017-10,subtotal_sub_segmento,automoveis/Monocab,3299,3299,0,,ok,cauda nao publicada: 0 unidades
2017-10,subtotal_sub_segmento,automoveis/Sedans Compactos,3184,3184,0,,ok,cauda nao publicada: 0 unidades
2017-10,subtotal_sub_segmento,automoveis/Sedans Grandes,818,750,-68,-8.3130,cauda_truncada,cauda nao publicada: 68 unidades
2017-10,subtotal_sub_segmento,automoveis/Sedans Pequenos,24951,24951,0,,ok,cauda nao publicada: 0 unidades
2017-10,subtotal_sub_segmento,automoveis/Sedans médios,12780,12760,-20,-0.1565,ok,cauda nao publicada: 20 unidades
2017-10,subtotal_sub_segmento,automoveis/Sports,103,74,-29,-28.1553,cauda_truncada,cauda nao publicada: 29 unidades
2017-10,subtotal_sub_segmento,automoveis/Suv's,39455,38283,-1172,-2.9705,cauda_truncada,cauda nao publicada: 1172 unidades
2017-10,subtotal_sub_segmento,automoveis/Sw Grandes,54,54,0,,ok,cauda nao publicada: 0 unidades
2017-10,subtotal_sub_segmento,automoveis/Sw Médios,753,752,-1,-0.1328,ok,cauda nao publicada: 1 unidades
2017-10,subtotal_sub_segmento,automoveis/Veículos de Entrada,33683,33682,-1,-0.0030,ok,cauda nao publicada: 1 unidades
2017-10,subtotal_sub_segmento,comerciais_leves/Furgões,1538,1341,-197,-12.8088,cauda_truncada,cauda nao publicada: 197 unidades
2017-10,subtotal_sub_segmento,comerciais_leves/Furgões Pequenos,1540,1492,-48,-3.1169,cauda_truncada,cauda nao publicada: 48 unidades
2017-10,subtotal_sub_segmento,comerciais_leves/Pick-up's Grandes,15406,15384,-22,-0.1428,ok,cauda nao publicada: 22 unidades
2017-10,subtotal_sub_segmento,comerciais_leves/Pick-up's Pequenas,11310,11310,0,,ok,cauda nao publicada: 0 unidades
2017-10,ranking_x_sub_segmento,2017-10,181039,181037,-2,-0.0011,ok,1 modelos divergentes de 75 conferidos; desvio de volume 0.0011%
2017-10,cobertura,automoveis,166834,164835,-1999,-1.1982,medido,cobertura=98.80%
2017-10,cobertura,comerciais_leves,29801,29796,-5,-0.0168,medido,cobertura=99.98%
2017-11,mes_declarado,2017-11,,,,,ok,2017-11
2017-11,subtotal_sub_segmento,automoveis/Grandcab,2525,2525,0,,ok,cauda nao publicada: 0 unidades
2017-11,subtotal_sub_segmento,automoveis/Hatch Médios,1616,1515,-101,-6.2500,cauda_truncada,cauda nao publicada: 101 unidades
2017-11,subtotal_sub_segmento,automoveis/Hatch Pequenos,47529,44749,-2780,-5.8491,cauda_truncada,cauda nao publicada: 2780 unidades
2017-11,subtotal_sub_segmento,automoveis/Monocab,3185,3185,0,,ok,cauda nao publicada: 0 unidades
2017-11,subtotal_sub_segmento,automoveis/Sedans Compactos,3491,3491,0,,ok,cauda nao publicada: 0 unidades
2017-11,subtotal_sub_segmento,automoveis/Sedans Grandes,795,702,-93,-11.6981,cauda_truncada,cauda nao publicada: 93 unidades
2017-11,subtotal_sub_segmento,automoveis/Sedans Pequenos,26425,26425,0,,ok,cauda nao publicada: 0 unidades
2017-11,subtotal_sub_segmento,automoveis/Sedans médios,12175,12162,-13,-0.1068,ok,cauda nao publicada: 13 unidades
2017-11,subtotal_sub_segmento,automoveis/Sports,122,85,-37,-30.3279,cauda_truncada,cauda nao publicada: 37 unidades
2017-11,subtotal_sub_segmento,automoveis/Suv's,40378,39445,-933,-2.3107,cauda_truncada,cauda nao publicada: 933 unidades
2017-11,subtotal_sub_segmento,automoveis/Sw Grandes,52,52,0,,ok,cauda nao publicada: 0 unidades
2017-11,subtotal_sub_segmento,automoveis/Sw Médios,725,725,0,,ok,cauda nao publicada: 0 unidades
2017-11,subtotal_sub_segmento,automoveis/Veículos de Entrada,29829,29828,-1,-0.0034,ok,cauda nao publicada: 1 unidades
2017-11,subtotal_sub_segmento,comerciais_leves/Furgões,1670,1512,-158,-9.4611,cauda_truncada,cauda nao publicada: 158 unidades
2017-11,subtotal_sub_segmento,comerciais_leves/Furgões Pequenos,1516,1428,-88,-5.8047,cauda_truncada,cauda nao publicada: 88 unidades
2017-11,subtotal_sub_segmento,comerciais_leves/Pick-up's Grandes,15006,14964,-42,-0.2799,ok,cauda nao publicada: 42 unidades
2017-11,subtotal_sub_segmento,comerciais_leves/Pick-up's Pequenas,10172,10172,0,,ok,cauda nao publicada: 0 unidades
2017-11,ranking_x_sub_segmento,2017-11,182539,182331,-208,-0.1139,ok,3 modelos divergentes de 75 conferidos; desvio de volume 0.1139%
2017-11,cobertura,automoveis,168875,167270,-1605,-0.9504,medido,cobertura=99.05%
2017-11,cobertura,comerciais_leves,28372,28358,-14,-0.0493,medido,cobertura=99.95%
2017-12,mes_declarado,2017-12,,,,,ok,2017-12
2017-12,subtotal_sub_segmento,automoveis/Grandcab,2463,2462,-1,-0.0406,ok,cauda nao publicada: 1 unidades
2017-12,subtotal_sub_segmento,automoveis/Hatch Médios,1419,1300,-119,-8.3862,cauda_truncada,cauda nao publicada: 119 unidades
2017-12,subtotal_sub_segmento,automoveis/Hatch Pequenos,48896,48488,-408,-0.8344,cauda_truncada,cauda nao publicada: 408 unidades
2017-12,subtotal_sub_segmento,automoveis/Monocab,3302,3302,0,,ok,cauda nao publicada: 0 unidades
2017-12,subtotal_sub_segmento,automoveis/Sedans Compactos,3403,3403,0,,ok,cauda nao publicada: 0 unidades
2017-12,subtotal_sub_segmento,automoveis/Sedans Grandes,906,827,-79,-8.7196,cauda_truncada,cauda nao publicada: 79 unidades
2017-12,subtotal_sub_segmento,automoveis/Sedans Pequenos,23411,23410,-1,-0.0043,ok,cauda nao publicada: 1 unidades
2017-12,subtotal_sub_segmento,automoveis/Sedans médios,13699,13675,-24,-0.1752,ok,cauda nao publicada: 24 unidades
2017-12,subtotal_sub_segmento,automoveis/Sports,130,86,-44,-33.8462,cauda_truncada,cauda nao publicada: 44 unidades
2017-12,subtotal_sub_segmento,automoveis/Suv's,44152,43139,-1013,-2.2943,cauda_truncada,cauda nao publicada: 1013 unidades
2017-12,subtotal_sub_segmento,automoveis/Sw Grandes,97,97,0,,ok,cauda nao publicada: 0 unidades
2017-12,subtotal_sub_segmento,automoveis/Sw Médios,729,728,-1,-0.1372,ok,cauda nao publicada: 1 unidades
2017-12,subtotal_sub_segmento,automoveis/Veículos de Entrada,29358,29357,-1,-0.0034,ok,cauda nao publicada: 1 unidades
2017-12,subtotal_sub_segmento,comerciais_leves/Furgões,1989,1625,-364,-18.3007,cauda_truncada,cauda nao publicada: 364 unidades
2017-12,subtotal_sub_segmento,comerciais_leves/Furgões Pequenos,1190,1149,-41,-3.4454,cauda_truncada,cauda nao publicada: 41 unidades
2017-12,subtotal_sub_segmento,comerciais_leves/Pick-up's Grandes,17715,17701,-14,-0.0790,ok,cauda nao publicada: 14 unidades
2017-12,subtotal_sub_segmento,comerciais_leves/Pick-up's Pequenas,11965,11965,0,,ok,cauda nao publicada: 0 unidades
2017-12,ranking_x_sub_segmento,2017-12,190198,189964,-234,-0.1230,ok,3 modelos divergentes de 76 conferidos; desvio de volume 0.1230%
2017-12,cobertura,automoveis,171988,170274,-1714,-0.9966,medido,cobertura=99.00%
2017-12,cobertura,comerciais_leves,32864,32853,-11,-0.0335,medido,cobertura=99.97%
2018-01,mes_declarado,2018-01,,,,,ok,2018-01
2018-01,subtotal_sub_segmento,automoveis/Grandcab,1912,1912,0,,ok,cauda nao publicada: 0 unidades
2018-01,subtotal_sub_segmento,automoveis/Hatch Médios,1121,1076,-45,-4.0143,cauda_truncada,cauda nao publicada: 45 unidades
2018-01,subtotal_sub_segmento,automoveis/Hatch Pequenos,45868,45666,-202,-0.4404,ok,cauda nao publicada: 202 unidades
2018-01,subtotal_sub_segmento,automoveis/Monocab,3329,3329,0,,ok,cauda nao publicada: 0 unidades
2018-01,subtotal_sub_segmento,automoveis/Sedans Compactos,2015,2015,0,,ok,cauda nao publicada: 0 unidades
2018-01,subtotal_sub_segmento,automoveis/Sedans Grandes,725,653,-72,-9.9310,cauda_truncada,cauda nao publicada: 72 unidades
2018-01,subtotal_sub_segmento,automoveis/Sedans Pequenos,19643,19643,0,,ok,cauda nao publicada: 0 unidades
2018-01,subtotal_sub_segmento,automoveis/Sedans médios,10534,10523,-11,-0.1044,ok,cauda nao publicada: 11 unidades
2018-01,subtotal_sub_segmento,automoveis/Sports,116,93,-23,-19.8276,cauda_truncada,cauda nao publicada: 23 unidades
2018-01,subtotal_sub_segmento,automoveis/Suv's,35441,34841,-600,-1.6930,cauda_truncada,cauda nao publicada: 600 unidades
2018-01,subtotal_sub_segmento,automoveis/Sw Grandes,68,68,0,,ok,cauda nao publicada: 0 unidades
2018-01,subtotal_sub_segmento,automoveis/Sw Médios,627,627,0,,ok,cauda nao publicada: 0 unidades
2018-01,subtotal_sub_segmento,automoveis/Veículos de Entrada,27491,27490,-1,-0.0036,ok,cauda nao publicada: 1 unidades
2018-01,subtotal_sub_segmento,comerciais_leves/Furgões,1599,1399,-200,-12.5078,cauda_truncada,cauda nao publicada: 200 unidades
2018-01,subtotal_sub_segmento,comerciais_leves/Furgões Pequenos,1083,1082,-1,-0.0923,ok,cauda nao publicada: 1 unidades
2018-01,subtotal_sub_segmento,comerciais_leves/Pick-up's Grandes,14469,14463,-6,-0.0415,ok,cauda nao publicada: 6 unidades
2018-01,subtotal_sub_segmento,comerciais_leves/Pick-up's Pequenas,9503,9503,0,,ok,cauda nao publicada: 0 unidades
2018-01,ranking_x_sub_segmento,2018-01,163477,163471,-6,-0.0037,ok,1 modelos divergentes de 75 conferidos; desvio de volume 0.0037%
2018-01,cobertura,automoveis,148898,147936,-962,-0.6461,medido,cobertura=99.35%
2018-01,cobertura,comerciais_leves,26656,26655,-1,-0.0038,medido,cobertura=100.00%
2018-02,mes_declarado,2018-02,,,,,ok,2018-02
2018-02,subtotal_sub_segmento,automoveis/Grandcab,1744,1744,0,,ok,cauda nao publicada: 0 unidades
2018-02,subtotal_sub_segmento,automoveis/Hatch Médios,1134,1102,-32,-2.8219,cauda_truncada,cauda nao publicada: 32 unidades
2018-02,subtotal_sub_segmento,automoveis/Hatch Pequenos,37398,37362,-36,-0.0963,ok,cauda nao publicada: 36 unidades
2018-02,subtotal_sub_segmento,automoveis/Monocab,2678,2678,0,,ok,cauda nao publicada: 0 unidades
2018-02,subtotal_sub_segmento,automoveis/Sedans Compactos,3637,3637,0,,ok,cauda nao publicada: 0 unidades
2018-02,subtotal_sub_segmento,automoveis/Sedans Grandes,639,570,-69,-10.7981,cauda_truncada,cauda nao publicada: 69 unidades
2018-02,subtotal_sub_segmento,automoveis/Sedans Pequenos,16837,16836,-1,-0.0059,ok,cauda nao publicada: 1 unidades
2018-02,subtotal_sub_segmento,automoveis/Sedans médios,10111,10105,-6,-0.0593,ok,cauda nao publicada: 6 unidades
2018-02,subtotal_sub_segmento,automoveis/Sports,98,82,-16,-16.3265,cauda_truncada,cauda nao publicada: 16 unidades
2018-02,subtotal_sub_segmento,automoveis/Suv's,30773,30198,-575,-1.8685,cauda_truncada,cauda nao publicada: 575 unidades
2018-02,subtotal_sub_segmento,automoveis/Sw Grandes,64,64,0,,ok,cauda nao publicada: 0 unidades
2018-02,subtotal_sub_segmento,automoveis/Sw Médios,602,602,0,,ok,cauda nao publicada: 0 unidades
2018-02,subtotal_sub_segmento,automoveis/Veículos de Entrada,24014,24014,0,,ok,cauda nao publicada: 0 unidades
2018-02,subtotal_sub_segmento,comerciais_leves/Furgões,1523,1364,-159,-10.4399,cauda_truncada,cauda nao publicada: 159 unidades
2018-02,subtotal_sub_segmento,comerciais_leves/Furgões Pequenos,734,734,0,,ok,cauda nao publicada: 0 unidades
2018-02,subtotal_sub_segmento,comerciais_leves/Pick-up's Grandes,11624,11621,-3,-0.0258,ok,cauda nao publicada: 3 unidades
2018-02,subtotal_sub_segmento,comerciais_leves/Pick-up's Pequenas,8070,8070,0,,ok,cauda nao publicada: 0 unidades
2018-02,ranking_x_sub_segmento,2018-02,141258,141251,-7,-0.0050,ok,3 modelos divergentes de 75 conferidos; desvio de volume 0.0050%
2018-02,cobertura,automoveis,129739,128994,-745,-0.5742,medido,cobertura=99.43%
2018-02,cobertura,comerciais_leves,21952,21949,-3,-0.0137,medido,cobertura=99.99%
2018-03,mes_declarado,2018-03,,,,,ok,2018-03
2018-03,subtotal_sub_segmento,automoveis/Grandcab,1380,1379,-1,-0.0725,ok,cauda nao publicada: 1 unidades
2018-03,subtotal_sub_segmento,automoveis/Hatch Médios,1245,1212,-33,-2.6506,cauda_truncada,cauda nao publicada: 33 unidades
2018-03,subtotal_sub_segmento,automoveis/Hatch Pequenos,44759,44698,-61,-0.1363,ok,cauda nao publicada: 61 unidades
2018-03,subtotal_sub_segmento,automoveis/Monocab,3022,3022,0,,ok,cauda nao publicada: 0 unidades
2018-03,subtotal_sub_segmento,automoveis/Sedans Compactos,6122,6122,0,,ok,cauda nao publicada: 0 unidades
2018-03,subtotal_sub_segmento,automoveis/Sedans Grandes,847,786,-61,-7.2019,cauda_truncada,cauda nao publicada: 61 unidades
2018-03,subtotal_sub_segmento,automoveis/Sedans Pequenos,24918,24916,-2,-0.0080,ok,cauda nao publicada: 2 unidades
2018-03,subtotal_sub_segmento,automoveis/Sedans médios,13322,13305,-17,-0.1276,ok,cauda nao publicada: 17 unidades
2018-03,subtotal_sub_segmento,automoveis/Sports,252,224,-28,-11.1111,cauda_truncada,cauda nao publicada: 28 unidades
2018-03,subtotal_sub_segmento,automoveis/Suv's,43616,42752,-864,-1.9809,cauda_truncada,cauda nao publicada: 864 unidades
2018-03,subtotal_sub_segmento,automoveis/Sw Grandes,91,91,0,,ok,cauda nao publicada: 0 unidades
2018-03,subtotal_sub_segmento,automoveis/Sw Médios,641,641,0,,ok,cauda nao publicada: 0 unidades
2018-03,subtotal_sub_segmento,automoveis/Veículos de Entrada,32508,32506,-2,-0.0062,ok,cauda nao publicada: 2 unidades
2018-03,subtotal_sub_segmento,comerciais_leves/Furgões,1924,1692,-232,-12.0582,cauda_truncada,cauda nao publicada: 232 unidades
2018-03,subtotal_sub_segmento,comerciais_leves/Furgões Pequenos,930,927,-3,-0.3226,ok,cauda nao publicada: 3 unidades
2018-03,subtotal_sub_segmento,comerciais_leves/Pick-up's Grandes,14511,14503,-8,-0.0551,ok,cauda nao publicada: 8 unidades
2018-03,subtotal_sub_segmento,comerciais_leves/Pick-up's Pequenas,9994,9994,0,,ok,cauda nao publicada: 0 unidades
2018-03,ranking_x_sub_segmento,2018-03,185782,185768,-14,-0.0075,ok,3 modelos divergentes de 75 conferidos; desvio de volume 0.0075%
2018-03,cobertura,automoveis,172739,171654,-1085,-0.6281,medido,cobertura=99.37%
2018-03,cobertura,comerciais_leves,27362,27354,-8,-0.0292,medido,cobertura=99.97%
2018-04,mes_declarado,2018-04,,,,,ok,2018-04
2018-04,subtotal_sub_segmento,automoveis/Grandcab,1297,1296,-1,-0.0771,ok,cauda nao publicada: 1 unidades
2018-04,subtotal_sub_segmento,automoveis/Hatch Médios,1315,1277,-38,-2.8897,cauda_truncada,cauda nao publicada: 38 unidades
2018-04,subtotal_sub_segmento,automoveis/Hatch Pequenos,50363,50326,-37,-0.0735,ok,cauda nao publicada: 37 unidades
2018-04,subtotal_sub_segmento,automoveis/Monocab,2762,2762,0,,ok,cauda nao publicada: 0 unidades
2018-04,subtotal_sub_segmento,automoveis/Sedans Compactos,6826,6826,0,,ok,cauda nao publicada: 0 unidades
2018-04,subtotal_sub_segmento,automoveis/Sedans Grandes,979,900,-79,-8.0695,cauda_truncada,cauda nao publicada: 79 unidades
2018-04,subtotal_sub_segmento,automoveis/Sedans Pequenos,28327,28326,-1,-0.0035,ok,cauda nao publicada: 1 unidades
2018-04,subtotal_sub_segmento,automoveis/Sedans médios,13666,13656,-10,-0.0732,ok,cauda nao publicada: 10 unidades
2018-04,subtotal_sub_segmento,automoveis/Sports,197,174,-23,-11.6751,cauda_truncada,cauda nao publicada: 23 unidades
2018-04,subtotal_sub_segmento,automoveis/Suv's,40626,39371,-1255,-3.0892,cauda_truncada,cauda nao publicada: 1255 unidades
2018-04,subtotal_sub_segmento,automoveis/Sw Grandes,107,107,0,,ok,cauda nao publicada: 0 unidades
2018-04,subtotal_sub_segmento,automoveis/Sw Médios,648,648,0,,ok,cauda nao publicada: 0 unidades
2018-04,subtotal_sub_segmento,automoveis/Veículos de Entrada,31572,31569,-3,-0.0095,ok,cauda nao publicada: 3 unidades
2018-04,subtotal_sub_segmento,comerciais_leves/Furgões,1928,1742,-186,-9.6473,cauda_truncada,cauda nao publicada: 186 unidades
2018-04,subtotal_sub_segmento,comerciais_leves/Furgões Pequenos,1501,1500,-1,-0.0666,ok,cauda nao publicada: 1 unidades
2018-04,subtotal_sub_segmento,comerciais_leves/Pick-up's Grandes,16617,16611,-6,-0.0361,ok,cauda nao publicada: 6 unidades
2018-04,subtotal_sub_segmento,comerciais_leves/Pick-up's Pequenas,11246,11246,0,,ok,cauda nao publicada: 0 unidades
2018-04,ranking_x_sub_segmento,2018-04,195336,195328,-8,-0.0041,ok,3 modelos divergentes de 76 conferidos; desvio de volume 0.0041%
2018-04,cobertura,automoveis,178699,177238,-1461,-0.8176,medido,cobertura=99.18%
2018-04,cobertura,comerciais_leves,31296,31292,-4,-0.0128,medido,cobertura=99.99%
2018-05,mes_declarado,2018-05,,,,,ok,2018-05
2018-05,subtotal_sub_segmento,automoveis/Grandcab,1773,1772,-1,-0.0564,ok,cauda nao publicada: 1 unidades
2018-05,subtotal_sub_segmento,automoveis/Hatch Médios,1091,1070,-21,-1.9248,cauda_truncada,cauda nao publicada: 21 unidades
2018-05,subtotal_sub_segmento,automoveis/Hatch Pequenos,44466,44437,-29,-0.0652,ok,cauda nao publicada: 29 unidades
2018-05,subtotal_sub_segmento,automoveis/Monocab,2545,2545,0,,ok,cauda nao publicada: 0 unidades
2018-05,subtotal_sub_segmento,automoveis/Sedans Compactos,7304,7303,-1,-0.0137,ok,cauda nao publicada: 1 unidades
2018-05,subtotal_sub_segmento,automoveis/Sedans Grandes,1012,940,-72,-7.1146,cauda_truncada,cauda nao publicada: 72 unidades
2018-05,subtotal_sub_segmento,automoveis/Sedans Pequenos,23762,23762,0,,ok,cauda nao publicada: 0 unidades
2018-05,subtotal_sub_segmento,automoveis/Sedans médios,12377,12371,-6,-0.0485,ok,cauda nao publicada: 6 unidades
2018-05,subtotal_sub_segmento,automoveis/Sports,240,216,-24,-10.0000,cauda_truncada,cauda nao publicada: 24 unidades
2018-05,subtotal_sub_segmento,automoveis/Suv's,41435,39987,-1448,-3.4946,cauda_truncada,cauda nao publicada: 1448 unidades
2018-05,subtotal_sub_segmento,automoveis/Sw Grandes,77,77,0,,ok,cauda nao publicada: 0 unidades
2018-05,subtotal_sub_segmento,automoveis/Sw Médios,733,733,0,,ok,cauda nao publicada: 0 unidades
2018-05,subtotal_sub_segmento,automoveis/Veículos de Entrada,27588,27584,-4,-0.0145,ok,cauda nao publicada: 4 unidades
2018-05,subtotal_sub_segmento,comerciais_leves/Furgões,1909,1714,-195,-10.2148,cauda_truncada,cauda nao publicada: 195 unidades
2018-05,subtotal_sub_segmento,comerciais_leves/Furgões Pequenos,1340,1332,-8,-0.5970,cauda_truncada,cauda nao publicada: 8 unidades
2018-05,subtotal_sub_segmento,comerciais_leves/Pick-up's Grandes,16523,16519,-4,-0.0242,ok,cauda nao publicada: 4 unidades
2018-05,subtotal_sub_segmento,comerciais_leves/Pick-up's Pequenas,10719,10719,0,,ok,cauda nao publicada: 0 unidades
2018-05,ranking_x_sub_segmento,2018-05,180101,180091,-10,-0.0056,ok,3 modelos divergentes de 74 conferidos; desvio de volume 0.0056%
2018-05,cobertura,automoveis,164426,162797,-1629,-0.9907,medido,cobertura=99.01%
2018-05,cobertura,comerciais_leves,30496,30489,-7,-0.0230,medido,cobertura=99.98%
2018-06,mes_declarado,2018-06,,,,,ok,2018-06
2018-06,subtotal_sub_segmento,automoveis/Grandcab,2090,2088,-2,-0.0957,ok,cauda nao publicada: 2 unidades
2018-06,subtotal_sub_segmento,automoveis/Hatch Médios,1070,1033,-37,-3.4579,cauda_truncada,cauda nao publicada: 37 unidades
2018-06,subtotal_sub_segmento,automoveis/Hatch Pequenos,48164,48136,-28,-0.0581,ok,cauda nao publicada: 28 unidades
2018-06,subtotal_sub_segmento,automoveis/Monocab,2139,2139,0,,ok,cauda nao publicada: 0 unidades
2018-06,subtotal_sub_segmento,automoveis/Sedans Compactos,7109,7109,0,,ok,cauda nao publicada: 0 unidades
2018-06,subtotal_sub_segmento,automoveis/Sedans Grandes,1065,997,-68,-6.3850,cauda_truncada,cauda nao publicada: 68 unidades
2018-06,subtotal_sub_segmento,automoveis/Sedans Pequenos,23901,23901,0,,ok,cauda nao publicada: 0 unidades
2018-06,subtotal_sub_segmento,automoveis/Sedans médios,11068,11048,-20,-0.1807,ok,cauda nao publicada: 20 unidades
2018-06,subtotal_sub_segmento,automoveis/Sports,325,287,-38,-11.6923,cauda_truncada,cauda nao publicada: 38 unidades
2018-06,subtotal_sub_segmento,automoveis/Suv's,38215,36888,-1327,-3.4725,cauda_truncada,cauda nao publicada: 1327 unidades
2018-06,subtotal_sub_segmento,automoveis/Sw Grandes,75,75,0,,ok,cauda nao publicada: 0 unidades
2018-06,subtotal_sub_segmento,automoveis/Sw Médios,548,547,-1,-0.1825,ok,cauda nao publicada: 1 unidades
2018-06,subtotal_sub_segmento,automoveis/Veículos de Entrada,27688,27676,-12,-0.0433,ok,cauda nao publicada: 12 unidades
2018-06,subtotal_sub_segmento,comerciais_leves/Furgões,1928,1714,-214,-11.0996,cauda_truncada,cauda nao publicada: 214 unidades
2018-06,subtotal_sub_segmento,comerciais_leves/Furgões Pequenos,1477,1475,-2,-0.1354,ok,cauda nao publicada: 2 unidades
2018-06,subtotal_sub_segmento,comerciais_leves/Pick-up's Grandes,17761,17756,-5,-0.0282,ok,cauda nao publicada: 5 unidades
2018-06,subtotal_sub_segmento,comerciais_leves/Pick-up's Pequenas,10372,10372,0,,ok,cauda nao publicada: 0 unidades
2018-06,ranking_x_sub_segmento,2018-06,180418,180405,-13,-0.0072,ok,4 modelos divergentes de 75 conferidos; desvio de volume 0.0072%
2018-06,cobertura,automoveis,163508,161924,-1584,-0.9688,medido,cobertura=99.03%
2018-06,cobertura,comerciais_leves,31546,31534,-12,-0.0380,medido,cobertura=99.96%
2018-07,mes_declarado,2018-07,,,,,ok,2018-07
2018-07,subtotal_sub_segmento,automoveis/Grandcab,1687,1685,-2,-0.1186,ok,cauda nao publicada: 2 unidades
2018-07,subtotal_sub_segmento,automoveis/Hatch Médios,1012,979,-33,-3.2609,cauda_truncada,cauda nao publicada: 33 unidades
2018-07,subtotal_sub_segmento,automoveis/Hatch Pequenos,51385,51364,-21,-0.0409,ok,cauda nao publicada: 21 unidades
2018-07,subtotal_sub_segmento,automoveis/Monocab,2453,2453,0,,ok,cauda nao publicada: 0 unidades
2018-07,subtotal_sub_segmento,automoveis/Sedans Compactos,8725,8724,-1,-0.0115,ok,cauda nao publicada: 1 unidades
2018-07,subtotal_sub_segmento,automoveis/Sedans Grandes,907,844,-63,-6.9460,cauda_truncada,cauda nao publicada: 63 unidades
2018-07,subtotal_sub_segmento,automoveis/Sedans Pequenos,24378,24378,0,,ok,cauda nao publicada: 0 unidades
2018-07,subtotal_sub_segmento,automoveis/Sedans médios,10864,10844,-20,-0.1841,ok,cauda nao publicada: 20 unidades
2018-07,subtotal_sub_segmento,automoveis/Sports,165,137,-28,-16.9697,cauda_truncada,cauda nao publicada: 28 unidades
2018-07,subtotal_sub_segmento,automoveis/Suv's,43894,42507,-1387,-3.1599,cauda_truncada,cauda nao publicada: 1387 unidades
2018-07,subtotal_sub_segmento,automoveis/Sw Grandes,53,53,0,,ok,cauda nao publicada: 0 unidades
2018-07,subtotal_sub_segmento,automoveis/Sw Médios,737,737,0,,ok,cauda nao publicada: 0 unidades
2018-07,subtotal_sub_segmento,automoveis/Veículos de Entrada,29774,29773,-1,-0.0034,ok,cauda nao publicada: 1 unidades
2018-07,subtotal_sub_segmento,comerciais_leves/Furgões,2242,1935,-307,-13.6931,cauda_truncada,cauda nao publicada: 307 unidades
2018-07,subtotal_sub_segmento,comerciais_leves/Furgões Pequenos,1272,1266,-6,-0.4717,ok,cauda nao publicada: 6 unidades
2018-07,subtotal_sub_segmento,comerciais_leves/Pick-up's Grandes,18146,18140,-6,-0.0331,ok,cauda nao publicada: 6 unidades
2018-07,subtotal_sub_segmento,comerciais_leves/Pick-up's Pequenas,10815,10815,0,,ok,cauda nao publicada: 0 unidades
2018-07,ranking_x_sub_segmento,2018-07,193268,193259,-9,-0.0047,ok,3 modelos divergentes de 75 conferidos; desvio de volume 0.0047%
2018-07,cobertura,automoveis,176067,174478,-1589,-0.9025,medido,cobertura=99.10%
2018-07,cobertura,comerciais_leves,32484,32471,-13,-0.0400,medido,cobertura=99.96%
2018-08,mes_declarado,2018-08,,,,,ok,2018-08
2018-08,subtotal_sub_segmento,automoveis/Grandcab,2050,2047,-3,-0.1463,ok,cauda nao publicada: 3 unidades
2018-08,subtotal_sub_segmento,automoveis/Hatch Médios,1144,1067,-77,-6.7308,cauda_truncada,cauda nao publicada: 77 unidades
2018-08,subtotal_sub_segmento,automoveis/Hatch Pequenos,60689,60660,-29,-0.0478,ok,cauda nao publicada: 29 unidades
2018-08,subtotal_sub_segmento,automoveis/Monocab,2547,2547,0,,ok,cauda nao publicada: 0 unidades
2018-08,subtotal_sub_segmento,automoveis/Sedans Compactos,10387,10383,-4,-0.0385,ok,cauda nao publicada: 4 unidades
2018-08,subtotal_sub_segmento,automoveis/Sedans Grandes,906,841,-65,-7.1744,cauda_truncada,cauda nao publicada: 65 unidades
2018-08,subtotal_sub_segmento,automoveis/Sedans Pequenos,27063,27061,-2,-0.0074,ok,cauda nao publicada: 2 unidades
2018-08,subtotal_sub_segmento,automoveis/Sedans médios,12630,12621,-9,-0.0713,ok,cauda nao publicada: 9 unidades
2018-08,subtotal_sub_segmento,automoveis/Sports,188,155,-33,-17.5532,cauda_truncada,cauda nao publicada: 33 unidades
2018-08,subtotal_sub_segmento,automoveis/Suv's,50993,49417,-1576,-3.0906,cauda_truncada,cauda nao publicada: 1576 unidades
2018-08,subtotal_sub_segmento,automoveis/Sw Grandes,55,55,0,,ok,cauda nao publicada: 0 unidades
2018-08,subtotal_sub_segmento,automoveis/Sw Médios,1154,1154,0,,ok,cauda nao publicada: 0 unidades
2018-08,subtotal_sub_segmento,automoveis/Veículos de Entrada,34093,34088,-5,-0.0147,ok,cauda nao publicada: 5 unidades
2018-08,subtotal_sub_segmento,comerciais_leves/Furgões,2604,2082,-522,-20.0461,cauda_truncada,cauda nao publicada: 522 unidades
2018-08,subtotal_sub_segmento,comerciais_leves/Furgões Pequenos,1788,1728,-60,-3.3557,cauda_truncada,cauda nao publicada: 60 unidades
2018-08,subtotal_sub_segmento,comerciais_leves/Pick-up's Grandes,19139,19132,-7,-0.0366,ok,cauda nao publicada: 7 unidades
2018-08,subtotal_sub_segmento,comerciais_leves/Pick-up's Pequenas,11761,11761,0,,ok,cauda nao publicada: 0 unidades
2018-08,ranking_x_sub_segmento,2018-08,221762,221757,-5,-0.0023,ok,4 modelos divergentes de 75 conferidos; desvio de volume 0.0023%
2018-08,cobertura,automoveis,203926,202096,-1830,-0.8974,medido,cobertura=99.10%
2018-08,cobertura,comerciais_leves,35319,35288,-31,-0.0878,medido,cobertura=99.91%
2018-09,mes_declarado,2018-09,,,,,ok,2018-09
2018-09,subtotal_sub_segmento,automoveis/Grandcab,1829,1828,-1,-0.0547,ok,cauda nao publicada: 1 unidades
2018-09,subtotal_sub_segmento,automoveis/Hatch Médios,950,888,-62,-6.5263,cauda_truncada,cauda nao publicada: 62 unidades
2018-09,subtotal_sub_segmento,automoveis/Hatch Pequenos,51280,51252,-28,-0.0546,ok,cauda nao publicada: 28 unidades
2018-09,subtotal_sub_segmento,automoveis/Monocab,2293,2293,0,,ok,cauda nao publicada: 0 unidades
2018-09,subtotal_sub_segmento,automoveis/Sedans Compactos,8705,8705,0,,ok,cauda nao publicada: 0 unidades
2018-09,subtotal_sub_segmento,automoveis/Sedans Grandes,641,596,-45,-7.0203,cauda_truncada,cauda nao publicada: 45 unidades
2018-09,subtotal_sub_segmento,automoveis/Sedans Pequenos,25820,25819,-1,-0.0039,ok,cauda nao publicada: 1 unidades
2018-09,subtotal_sub_segmento,automoveis/Sedans médios,10912,10910,-2,-0.0183,ok,cauda nao publicada: 2 unidades
2018-09,subtotal_sub_segmento,automoveis/Sports,173,150,-23,-13.2948,cauda_truncada,cauda nao publicada: 23 unidades
2018-09,subtotal_sub_segmento,automoveis/Suv's,40698,39298,-1400,-3.4400,cauda_truncada,cauda nao publicada: 1400 unidades
2018-09,subtotal_sub_segmento,automoveis/Sw Grandes,44,44,0,,ok,cauda nao publicada: 0 unidades
2018-09,subtotal_sub_segmento,automoveis/Sw Médios,886,885,-1,-0.1129,ok,cauda nao publicada: 1 unidades
2018-09,subtotal_sub_segmento,automoveis/Veículos de Entrada,28935,28933,-2,-0.0069,ok,cauda nao publicada: 2 unidades
2018-09,subtotal_sub_segmento,comerciais_leves/Furgões,2461,2033,-428,-17.3913,cauda_truncada,cauda nao publicada: 428 unidades
2018-09,subtotal_sub_segmento,comerciais_leves/Furgões Pequenos,1471,1468,-3,-0.2039,ok,cauda nao publicada: 3 unidades
2018-09,subtotal_sub_segmento,comerciais_leves/Pick-up's Grandes,17288,17283,-5,-0.0289,ok,cauda nao publicada: 5 unidades
2018-09,subtotal_sub_segmento,comerciais_leves/Pick-up's Pequenas,10311,10311,0,,ok,cauda nao publicada: 0 unidades
2018-09,ranking_x_sub_segmento,2018-09,190617,190602,-15,-0.0079,ok,4 modelos divergentes de 74 conferidos; desvio de volume 0.0079%
2018-09,cobertura,automoveis,173193,171601,-1592,-0.9192,medido,cobertura=99.08%
2018-09,cobertura,comerciais_leves,31540,31521,-19,-0.0602,medido,cobertura=99.94%
2018-10,mes_declarado,2018-10,,,,,ok,2018-10
2018-10,subtotal_sub_segmento,automoveis/Grandcab,2600,2596,-4,-0.1538,ok,cauda nao publicada: 4 unidades
2018-10,subtotal_sub_segmento,automoveis/Hatch Médios,944,866,-78,-8.2627,cauda_truncada,cauda nao publicada: 78 unidades
2018-10,subtotal_sub_segmento,automoveis/Hatch Pequenos,60160,60128,-32,-0.0532,ok,cauda nao publicada: 32 unidades
2018-10,subtotal_sub_segmento,automoveis/Monocab,3419,3419,0,,ok,cauda nao publicada: 0 unidades
2018-10,subtotal_sub_segmento,automoveis/Sedans Compactos,10775,10772,-3,-0.0278,ok,cauda nao publicada: 3 unidades
2018-10,subtotal_sub_segmento,automoveis/Sedans Grandes,778,714,-64,-8.2262,cauda_truncada,cauda nao publicada: 64 unidades
2018-10,subtotal_sub_segmento,automoveis/Sedans Pequenos,28376,28375,-1,-0.0035,ok,cauda nao publicada: 1 unidades
2018-10,subtotal_sub_segmento,automoveis/Sedans médios,13462,13461,-1,-0.0074,ok,cauda nao publicada: 1 unidades
2018-10,subtotal_sub_segmento,automoveis/Sports,161,128,-33,-20.4969,cauda_truncada,cauda nao publicada: 33 unidades
2018-10,subtotal_sub_segmento,automoveis/Suv's,50783,49294,-1489,-2.9321,cauda_truncada,cauda nao publicada: 1489 unidades
2018-10,subtotal_sub_segmento,automoveis/Sw Grandes,50,50,0,,ok,cauda nao publicada: 0 unidades
2018-10,subtotal_sub_segmento,automoveis/Sw Médios,1246,1246,0,,ok,cauda nao publicada: 0 unidades
2018-10,subtotal_sub_segmento,automoveis/Veículos de Entrada,36017,36009,-8,-0.0222,ok,cauda nao publicada: 8 unidades
2018-10,subtotal_sub_segmento,comerciais_leves/Furgões,2771,2162,-609,-21.9776,cauda_truncada,cauda nao publicada: 609 unidades
2018-10,subtotal_sub_segmento,comerciais_leves/Furgões Pequenos,1869,1858,-11,-0.5886,cauda_truncada,cauda nao publicada: 11 unidades
2018-10,subtotal_sub_segmento,comerciais_leves/Pick-up's Grandes,18758,18752,-6,-0.0320,ok,cauda nao publicada: 6 unidades
2018-10,subtotal_sub_segmento,comerciais_leves/Pick-up's Pequenas,12511,12511,0,,ok,cauda nao publicada: 0 unidades
2018-10,ranking_x_sub_segmento,2018-10,227396,227367,-29,-0.0128,ok,3 modelos divergentes de 76 conferidos; desvio de volume 0.0128%
2018-10,cobertura,automoveis,208814,207058,-1756,-0.8409,medido,cobertura=99.16%
2018-10,cobertura,comerciais_leves,35926,35882,-44,-0.1225,medido,cobertura=99.88%
2018-11,mes_declarado,2018-11,,,,,ok,2018-11
2018-11,subtotal_sub_segmento,automoveis/Grandcab,4199,4198,-1,-0.0238,ok,cauda nao publicada: 1 unidades
2018-11,subtotal_sub_segmento,automoveis/Hatch Médios,1022,986,-36,-3.5225,cauda_truncada,cauda nao publicada: 36 unidades
2018-11,subtotal_sub_segmento,automoveis/Hatch Pequenos,55765,55738,-27,-0.0484,ok,cauda nao publicada: 27 unidades
2018-11,subtotal_sub_segmento,automoveis/Monocab,3043,3043,0,,ok,cauda nao publicada: 0 unidades
2018-11,subtotal_sub_segmento,automoveis/Sedans Compactos,10675,10646,-29,-0.2717,ok,cauda nao publicada: 29 unidades
2018-11,subtotal_sub_segmento,automoveis/Sedans Grandes,723,653,-70,-9.6819,cauda_truncada,cauda nao publicada: 70 unidades
2018-11,subtotal_sub_segmento,automoveis/Sedans Pequenos,24646,24644,-2,-0.0081,ok,cauda nao publicada: 2 unidades
2018-11,subtotal_sub_segmento,automoveis/Sedans médios,11723,11714,-9,-0.0768,ok,cauda nao publicada: 9 unidades
2018-11,subtotal_sub_segmento,automoveis/Sports,149,130,-19,-12.7517,cauda_truncada,cauda nao publicada: 19 unidades
2018-11,subtotal_sub_segmento,automoveis/Suv's,45827,44384,-1443,-3.1488,cauda_truncada,cauda nao publicada: 1443 unidades
2018-11,subtotal_sub_segmento,automoveis/Sw Grandes,49,49,0,,ok,cauda nao publicada: 0 unidades
2018-11,subtotal_sub_segmento,automoveis/Sw Médios,537,537,0,,ok,cauda nao publicada: 0 unidades
2018-11,subtotal_sub_segmento,automoveis/Veículos de Entrada,33761,33756,-5,-0.0148,ok,cauda nao publicada: 5 unidades
2018-11,subtotal_sub_segmento,comerciais_leves/Furgões,2319,1853,-466,-20.0949,cauda_truncada,cauda nao publicada: 466 unidades
2018-11,subtotal_sub_segmento,comerciais_leves/Furgões Pequenos,1241,1229,-12,-0.9670,cauda_truncada,cauda nao publicada: 12 unidades
2018-11,subtotal_sub_segmento,comerciais_leves/Pick-up's Grandes,15773,15768,-5,-0.0317,ok,cauda nao publicada: 5 unidades
2018-11,subtotal_sub_segmento,comerciais_leves/Pick-up's Pequenas,9826,9826,0,,ok,cauda nao publicada: 0 unidades
2018-11,ranking_x_sub_segmento,2018-11,206632,206613,-19,-0.0092,ok,4 modelos divergentes de 74 conferidos; desvio de volume 0.0092%
2018-11,cobertura,automoveis,192146,190478,-1668,-0.8681,medido,cobertura=99.13%
2018-11,cobertura,comerciais_leves,29171,29146,-25,-0.0857,medido,cobertura=99.91%
2018-12,mes_declarado,2018-12,,,,,ok,2018-12
2018-12,subtotal_sub_segmento,automoveis/Grandcab,3228,3227,-1,-0.0310,ok,cauda nao publicada: 1 unidades
2018-12,subtotal_sub_segmento,automoveis/Hatch Médios,1129,1031,-98,-8.6802,cauda_truncada,cauda nao publicada: 98 unidades
2018-12,subtotal_sub_segmento,automoveis/Hatch Pequenos,51109,51075,-34,-0.0665,ok,cauda nao publicada: 34 unidades
2018-12,subtotal_sub_segmento,automoveis/Monocab,2785,2785,0,,ok,cauda nao publicada: 0 unidades
2018-12,subtotal_sub_segmento,automoveis/Sedans Compactos,11437,11370,-67,-0.5858,cauda_truncada,cauda nao publicada: 67 unidades
2018-12,subtotal_sub_segmento,automoveis/Sedans Grandes,824,734,-90,-10.9223,cauda_truncada,cauda nao publicada: 90 unidades
2018-12,subtotal_sub_segmento,automoveis/Sedans Pequenos,25293,25292,-1,-0.0040,ok,cauda nao publicada: 1 unidades
2018-12,subtotal_sub_segmento,automoveis/Sedans médios,11334,11328,-6,-0.0529,ok,cauda nao publicada: 6 unidades
2018-12,subtotal_sub_segmento,automoveis/Sports,190,157,-33,-17.3684,cauda_truncada,cauda nao publicada: 33 unidades
2018-12,subtotal_sub_segmento,automoveis/Suv's,49632,47805,-1827,-3.6811,cauda_truncada,cauda nao publicada: 1827 unidades
2018-12,subtotal_sub_segmento,automoveis/Sw Grandes,49,49,0,,ok,cauda nao publicada: 0 unidades
2018-12,subtotal_sub_segmento,automoveis/Sw Médios,387,387,0,,ok,cauda nao publicada: 0 unidades
2018-12,subtotal_sub_segmento,automoveis/Veículos de Entrada,31979,31974,-5,-0.0156,ok,cauda nao publicada: 5 unidades
2018-12,subtotal_sub_segmento,comerciais_leves/Furgões,2627,2137,-490,-18.6525,cauda_truncada,cauda nao publicada: 490 unidades
2018-12,subtotal_sub_segmento,comerciais_leves/Furgões Pequenos,1814,1776,-38,-2.0948,cauda_truncada,cauda nao publicada: 38 unidades
2018-12,subtotal_sub_segmento,comerciais_leves/Pick-up's Grandes,20074,20062,-12,-0.0598,ok,cauda nao publicada: 12 unidades
2018-12,subtotal_sub_segmento,comerciais_leves/Pick-up's Pequenas,11062,11062,0,,ok,cauda nao publicada: 0 unidades
2018-12,ranking_x_sub_segmento,2018-12,209361,209348,-13,-0.0062,ok,3 modelos divergentes de 73 conferidos; desvio de volume 0.0062%
2018-12,cobertura,automoveis,189411,187214,-2197,-1.1599,medido,cobertura=98.84%
2018-12,cobertura,comerciais_leves,35590,35568,-22,-0.0618,medido,cobertura=99.94%
2019-01,mes_declarado,2019-01,,,,,ok,2019-01
2019-01,subtotal_sub_segmento,automoveis/Grandcab,1990,1990,0,,ok,cauda nao publicada: 0 unidades
2019-01,subtotal_sub_segmento,automoveis/Hatch Médios,1231,1194,-37,-3.0057,cauda_truncada,cauda nao publicada: 37 unidades
2019-01,subtotal_sub_segmento,automoveis/Hatch Pequenos,49265,49234,-31,-0.0629,ok,cauda nao publicada: 31 unidades
2019-01,subtotal_sub_segmento,automoveis/Monocab,2428,2428,0,,ok,cauda nao publicada: 0 unidades
2019-01,subtotal_sub_segmento,automoveis/Sedans Compactos,7892,7891,-1,-0.0127,ok,cauda nao publicada: 1 unidades
2019-01,subtotal_sub_segmento,automoveis/Sedans Grandes,746,710,-36,-4.8257,cauda_truncada,cauda nao publicada: 36 unidades
2019-01,subtotal_sub_segmento,automoveis/Sedans Pequenos,22565,22565,0,,ok,cauda nao publicada: 0 unidades
2019-01,subtotal_sub_segmento,automoveis/Sedans médios,10092,10092,0,,ok,cauda nao publicada: 0 unidades
2019-01,subtotal_sub_segmento,automoveis/Sports,132,118,-14,-10.6061,cauda_truncada,cauda nao publicada: 14 unidades
2019-01,subtotal_sub_segmento,automoveis/Suv's,39736,38574,-1162,-2.9243,cauda_truncada,cauda nao publicada: 1162 unidades
2019-01,subtotal_sub_segmento,automoveis/Sw Grandes,60,60,0,,ok,cauda nao publicada: 0 unidades
2019-01,subtotal_sub_segmento,automoveis/Sw Médios,560,560,0,,ok,cauda nao publicada: 0 unidades
2019-01,subtotal_sub_segmento,automoveis/Veículos de Entrada,27062,27056,-6,-0.0222,ok,cauda nao publicada: 6 unidades
2019-01,subtotal_sub_segmento,comerciais_leves/Furgões,2233,1848,-385,-17.2414,cauda_truncada,cauda nao publicada: 385 unidades
2019-01,subtotal_sub_segmento,comerciais_leves/Furgões Pequenos,1438,1429,-9,-0.6259,cauda_truncada,cauda nao publicada: 9 unidades
2019-01,subtotal_sub_segmento,comerciais_leves/Pick-up's Grandes,14748,14745,-3,-0.0203,ok,cauda nao publicada: 3 unidades
2019-01,subtotal_sub_segmento,comerciais_leves/Pick-up's Pequenas,8528,8528,0,,ok,cauda nao publicada: 0 unidades
2019-01,ranking_x_sub_segmento,2019-01,177302,177291,-11,-0.0062,ok,2 modelos divergentes de 76 conferidos; desvio de volume 0.0062%
2019-01,cobertura,automoveis,163796,162472,-1324,-0.8083,medido,cobertura=99.19%
2019-01,cobertura,comerciais_leves,26956,26939,-17,-0.0631,medido,cobertura=99.94%
2019-02,mes_declarado,2019-02,,,,,ok,2019-02
2019-02,subtotal_sub_segmento,automoveis/Grandcab,1160,1160,0,,ok,cauda nao publicada: 0 unidades
2019-02,subtotal_sub_segmento,automoveis/Hatch Médios,1017,996,-21,-2.0649,cauda_truncada,cauda nao publicada: 21 unidades
2019-02,subtotal_sub_segmento,automoveis/Hatch Pequenos,58030,57879,-151,-0.2602,ok,cauda nao publicada: 151 unidades
2019-02,subtotal_sub_segmento,automoveis/Monocab,2580,2580,0,,ok,cauda nao publicada: 0 unidades
2019-02,subtotal_sub_segmento,automoveis/Sedans Compactos,7792,7790,-2,-0.0257,ok,cauda nao publicada: 2 unidades
2019-02,subtotal_sub_segmento,automoveis/Sedans Grandes,601,552,-49,-8.1531,cauda_truncada,cauda nao publicada: 49 unidades
2019-02,subtotal_sub_segmento,automoveis/Sedans Pequenos,20787,20786,-1,-0.0048,ok,cauda nao publicada: 1 unidades
2019-02,subtotal_sub_segmento,automoveis/Sedans médios,10064,10064,0,,ok,cauda nao publicada: 0 unidades
2019-02,subtotal_sub_segmento,automoveis/Sports,135,115,-20,-14.8148,cauda_truncada,cauda nao publicada: 20 unidades
2019-02,subtotal_sub_segmento,automoveis/Suv's,40465,39015,-1450,-3.5833,cauda_truncada,cauda nao publicada: 1450 unidades
2019-02,subtotal_sub_segmento,automoveis/Sw Grandes,34,34,0,,ok,cauda nao publicada: 0 unidades
2019-02,subtotal_sub_segmento,automoveis/Sw Médios,524,524,0,,ok,cauda nao publicada: 0 unidades
2019-02,subtotal_sub_segmento,automoveis/Veículos de Entrada,19305,19305,0,,ok,cauda nao publicada: 0 unidades
2019-02,subtotal_sub_segmento,comerciais_leves/Furgões,2393,2013,-380,-15.8796,cauda_truncada,cauda nao publicada: 380 unidades
2019-02,subtotal_sub_segmento,comerciais_leves/Furgões Pequenos,1260,1252,-8,-0.6349,cauda_truncada,cauda nao publicada: 8 unidades
2019-02,subtotal_sub_segmento,comerciais_leves/Pick-up's Grandes,13272,13270,-2,-0.0151,ok,cauda nao publicada: 2 unidades
2019-02,subtotal_sub_segmento,comerciais_leves/Pick-up's Pequenas,10383,10383,0,,ok,cauda nao publicada: 0 unidades
2019-02,ranking_x_sub_segmento,2019-02,176748,176737,-11,-0.0062,ok,3 modelos divergentes de 73 conferidos; desvio de volume 0.0062%
2019-02,cobertura,automoveis,162537,160800,-1737,-1.0687,medido,cobertura=98.93%
2019-02,cobertura,comerciais_leves,27313,27300,-13,-0.0476,medido,cobertura=99.95%
2019-03,mes_declarado,2019-03,,,,,ok,2019-03
2019-03,subtotal_sub_segmento,automoveis/Grandcab,2074,2074,0,,ok,cauda nao publicada: 0 unidades
2019-03,subtotal_sub_segmento,automoveis/Hatch Médios,712,694,-18,-2.5281,cauda_truncada,cauda nao publicada: 18 unidades
2019-03,subtotal_sub_segmento,automoveis/Hatch Pequenos,57911,57784,-127,-0.2193,ok,cauda nao publicada: 127 unidades
2019-03,subtotal_sub_segmento,automoveis/Monocab,2527,2527,0,,ok,cauda nao publicada: 0 unidades
2019-03,subtotal_sub_segmento,automoveis/Sedans Compactos,9130,9129,-1,-0.0110,ok,cauda nao publicada: 1 unidades
2019-03,subtotal_sub_segmento,automoveis/Sedans Grandes,606,531,-75,-12.3762,cauda_truncada,cauda nao publicada: 75 unidades
2019-03,subtotal_sub_segmento,automoveis/Sedans Pequenos,24058,24058,0,,ok,cauda nao publicada: 0 unidades
2019-03,subtotal_sub_segmento,automoveis/Sedans médios,10466,10464,-2,-0.0191,ok,cauda nao publicada: 2 unidades
2019-03,subtotal_sub_segmento,automoveis/Sports,130,121,-9,-6.9231,cauda_truncada,cauda nao publicada: 9 unidades
2019-03,subtotal_sub_segmento,automoveis/Suv's,43437,41809,-1628,-3.7480,cauda_truncada,cauda nao publicada: 1628 unidades
2019-03,subtotal_sub_segmento,automoveis/Sw Grandes,35,35,0,,ok,cauda nao publicada: 0 unidades
2019-03,subtotal_sub_segmento,automoveis/Sw Médios,446,446,0,,ok,cauda nao publicada: 0 unidades
2019-03,subtotal_sub_segmento,automoveis/Veículos de Entrada,18930,18928,-2,-0.0106,ok,cauda nao publicada: 2 unidades
2019-03,subtotal_sub_segmento,comerciais_leves/Furgões,2433,1921,-512,-21.0440,cauda_truncada,cauda nao publicada: 512 unidades
2019-03,subtotal_sub_segmento,comerciais_leves/Furgões Pequenos,2003,2001,-2,-0.0999,ok,cauda nao publicada: 2 unidades
2019-03,subtotal_sub_segmento,comerciais_leves/Pick-up's Grandes,15270,15270,0,,ok,cauda nao publicada: 0 unidades
2019-03,subtotal_sub_segmento,comerciais_leves/Pick-up's Pequenas,9358,9358,0,,ok,cauda nao publicada: 0 unidades
2019-03,ranking_x_sub_segmento,2019-03,187140,187137,-3,-0.0016,ok,3 modelos divergentes de 75 conferidos; desvio de volume 0.0016%
2019-03,cobertura,automoveis,170483,168600,-1883,-1.1045,medido,cobertura=98.90%
2019-03,cobertura,comerciais_leves,29067,29062,-5,-0.0172,medido,cobertura=99.98%
2019-04,mes_declarado,2019-04,,,,,ok,2019-04
2019-04,subtotal_sub_segmento,automoveis/Grandcab,2233,2232,-1,-0.0448,ok,cauda nao publicada: 1 unidades
2019-04,subtotal_sub_segmento,automoveis/Hatch Médios,804,755,-49,-6.0945,cauda_truncada,cauda nao publicada: 49 unidades
2019-04,subtotal_sub_segmento,automoveis/Hatch Pequenos,62860,62729,-131,-0.2084,ok,cauda nao publicada: 131 unidades
2019-04,subtotal_sub_segmento,automoveis/Monocab,3001,3001,0,,ok,cauda nao publicada: 0 unidades
2019-04,subtotal_sub_segmento,automoveis/Sedans Compactos,9838,9837,-1,-0.0102,ok,cauda nao publicada: 1 unidades
2019-04,subtotal_sub_segmento,automoveis/Sedans Grandes,803,739,-64,-7.9701,cauda_truncada,cauda nao publicada: 64 unidades
2019-04,subtotal_sub_segmento,automoveis/Sedans Pequenos,26583,26582,-1,-0.0038,ok,cauda nao publicada: 1 unidades
2019-04,subtotal_sub_segmento,automoveis/Sedans médios,10890,10890,0,,ok,cauda nao publicada: 0 unidades
2019-04,subtotal_sub_segmento,automoveis/Sports,163,145,-18,-11.0429,cauda_truncada,cauda nao publicada: 18 unidades
2019-04,subtotal_sub_segmento,automoveis/Suv's,47738,45945,-1793,-3.7559,cauda_truncada,cauda nao publicada: 1793 unidades
2019-04,subtotal_sub_segmento,automoveis/Sw Grandes,25,25,0,,ok,cauda nao publicada: 0 unidades
2019-04,subtotal_sub_segmento,automoveis/Sw Médios,967,967,0,,ok,cauda nao publicada: 0 unidades
2019-04,subtotal_sub_segmento,automoveis/Veículos de Entrada,23163,23162,-1,-0.0043,ok,cauda nao publicada: 1 unidades
2019-04,subtotal_sub_segmento,comerciais_leves/Furgões,2720,2149,-571,-20.9926,cauda_truncada,cauda nao publicada: 571 unidades
2019-04,subtotal_sub_segmento,comerciais_leves/Furgões Pequenos,1203,1197,-6,-0.4988,ok,cauda nao publicada: 6 unidades
2019-04,subtotal_sub_segmento,comerciais_leves/Pick-up's Grandes,17718,17715,-3,-0.0169,ok,cauda nao publicada: 3 unidades
2019-04,subtotal_sub_segmento,comerciais_leves/Pick-up's Pequenas,10581,10581,0,,ok,cauda nao publicada: 0 unidades
2019-04,ranking_x_sub_segmento,2019-04,206819,206817,-2,-0.0010,ok,2 modelos divergentes de 75 conferidos; desvio de volume 0.0010%
2019-04,cobertura,automoveis,189097,187009,-2088,-1.1042,medido,cobertura=98.90%
2019-04,cobertura,comerciais_leves,32224,32220,-4,-0.0124,medido,cobertura=99.99%
2019-05,mes_declarado,2019-05,,,,,ok,2019-05
2019-05,subtotal_sub_segmento,automoveis/Grandcab,2733,2732,-1,-0.0366,ok,cauda nao publicada: 1 unidades
2019-05,subtotal_sub_segmento,automoveis/Hatch Médios,654,611,-43,-6.5749,cauda_truncada,cauda nao publicada: 43 unidades
2019-05,subtotal_sub_segmento,automoveis/Hatch Pequenos,65707,65588,-119,-0.1811,ok,cauda nao publicada: 119 unidades
2019-05,subtotal_sub_segmento,automoveis/Monocab,2804,2804,0,,ok,cauda nao publicada: 0 unidades
2019-05,subtotal_sub_segmento,automoveis/Sedans Compactos,9774,9774,0,,ok,cauda nao publicada: 0 unidades
2019-05,subtotal_sub_segmento,automoveis/Sedans Grandes,735,651,-84,-11.4286,cauda_truncada,cauda nao publicada: 84 unidades
2019-05,subtotal_sub_segmento,automoveis/Sedans Pequenos,27694,27693,-1,-0.0036,ok,cauda nao publicada: 1 unidades
2019-05,subtotal_sub_segmento,automoveis/Sedans médios,11952,11951,-1,-0.0084,ok,cauda nao publicada: 1 unidades
2019-05,subtotal_sub_segmento,automoveis/Sports,174,146,-28,-16.0920,cauda_truncada,cauda nao publicada: 28 unidades
2019-05,subtotal_sub_segmento,automoveis/Suv's,49112,47403,-1709,-3.4798,cauda_truncada,cauda nao publicada: 1709 unidades
2019-05,subtotal_sub_segmento,automoveis/Sw Grandes,29,29,0,,ok,cauda nao publicada: 0 unidades
2019-05,subtotal_sub_segmento,automoveis/Sw Médios,493,493,0,,ok,cauda nao publicada: 0 unidades
2019-05,subtotal_sub_segmento,automoveis/Veículos de Entrada,26859,26858,-1,-0.0037,ok,cauda nao publicada: 1 unidades
2019-05,subtotal_sub_segmento,comerciais_leves/Furgões,3231,2428,-803,-24.8530,cauda_truncada,cauda nao publicada: 803 unidades
2019-05,subtotal_sub_segmento,comerciais_leves/Furgões Pequenos,1457,1455,-2,-0.1373,ok,cauda nao publicada: 2 unidades
2019-05,subtotal_sub_segmento,comerciais_leves/Pick-up's Grandes,18616,18612,-4,-0.0215,ok,cauda nao publicada: 4 unidades
2019-05,subtotal_sub_segmento,comerciais_leves/Pick-up's Pequenas,12085,12085,0,,ok,cauda nao publicada: 0 unidades
2019-05,ranking_x_sub_segmento,2019-05,219799,219797,-2,-0.0009,ok,2 modelos divergentes de 73 conferidos; desvio de volume 0.0009%
2019-05,cobertura,automoveis,198779,196733,-2046,-1.0293,medido,cobertura=98.97%
2019-05,cobertura,comerciais_leves,35394,35390,-4,-0.0113,medido,cobertura=99.99%
2019-06,mes_declarado,2019-06,,,,,ok,2019-06
2019-06,subtotal_sub_segmento,automoveis/Grandcab,2336,2336,0,,ok,cauda nao publicada: 0 unidades
2019-06,subtotal_sub_segmento,automoveis/Hatch Médios,652,609,-43,-6.5951,cauda_truncada,cauda nao publicada: 43 unidades
2019-06,subtotal_sub_segmento,automoveis/Hatch Pequenos,59327,59198,-129,-0.2174,ok,cauda nao publicada: 129 unidades
2019-06,subtotal_sub_segmento,automoveis/Monocab,2267,2267,0,,ok,cauda nao publicada: 0 unidades
2019-06,subtotal_sub_segmento,automoveis/Sedans Compactos,7925,7923,-2,-0.0252,ok,cauda nao publicada: 2 unidades
2019-06,subtotal_sub_segmento,automoveis/Sedans Grandes,565,498,-67,-11.8584,cauda_truncada,cauda nao publicada: 67 unidades
2019-06,subtotal_sub_segmento,automoveis/Sedans Pequenos,22403,22402,-1,-0.0045,ok,cauda nao publicada: 1 unidades
2019-06,subtotal_sub_segmento,automoveis/Sedans médios,10628,10628,0,,ok,cauda nao publicada: 0 unidades
2019-06,subtotal_sub_segmento,automoveis/Sports,136,112,-24,-17.6471,cauda_truncada,cauda nao publicada: 24 unidades
2019-06,subtotal_sub_segmento,automoveis/Suv's,50676,49083,-1593,-3.1435,cauda_truncada,cauda nao publicada: 1593 unidades
2019-06,subtotal_sub_segmento,automoveis/Sw Grandes,21,21,0,,ok,cauda nao publicada: 0 unidades
2019-06,subtotal_sub_segmento,automoveis/Sw Médios,526,526,0,,ok,cauda nao publicada: 0 unidades
2019-06,subtotal_sub_segmento,automoveis/Veículos de Entrada,23800,23798,-2,-0.0084,ok,cauda nao publicada: 2 unidades
2019-06,subtotal_sub_segmento,comerciais_leves/Furgões,2766,2273,-493,-17.8236,cauda_truncada,cauda nao publicada: 493 unidades
2019-06,subtotal_sub_segmento,comerciais_leves/Furgões Pequenos,1471,1462,-9,-0.6118,cauda_truncada,cauda nao publicada: 9 unidades
2019-06,subtotal_sub_segmento,comerciais_leves/Pick-up's Grandes,17168,17164,-4,-0.0233,ok,cauda nao publicada: 4 unidades
2019-06,subtotal_sub_segmento,comerciais_leves/Pick-up's Pequenas,10738,10738,0,,ok,cauda nao publicada: 0 unidades
2019-06,ranking_x_sub_segmento,2019-06,200127,200127,0,,ok,0 modelos divergentes de 75 conferidos; desvio de volume 0.0000%
2019-06,cobertura,automoveis,181291,179401,-1890,-1.0425,medido,cobertura=98.96%
2019-06,cobertura,comerciais_leves,32147,32146,-1,-0.0031,medido,cobertura=100.00%
2019-07,mes_declarado,2019-07,,,,,ok,2019-07
2019-07,subtotal_sub_segmento,automoveis/Grandcab,3136,3135,-1,-0.0319,ok,cauda nao publicada: 1 unidades
2019-07,subtotal_sub_segmento,automoveis/Hatch Médios,651,514,-137,-21.0445,cauda_truncada,cauda nao publicada: 137 unidades
2019-07,subtotal_sub_segmento,automoveis/Hatch Pequenos,62811,62700,-111,-0.1767,ok,cauda nao publicada: 111 unidades
2019-07,subtotal_sub_segmento,automoveis/Monocab,2624,2624,0,,ok,cauda nao publicada: 0 unidades
2019-07,subtotal_sub_segmento,automoveis/Sedans Compactos,8789,8789,0,,ok,cauda nao publicada: 0 unidades
2019-07,subtotal_sub_segmento,automoveis/Sedans Grandes,473,393,-80,-16.9133,cauda_truncada,cauda nao publicada: 80 unidades
2019-07,subtotal_sub_segmento,automoveis/Sedans Pequenos,26511,26511,0,,ok,cauda nao publicada: 0 unidades
2019-07,subtotal_sub_segmento,automoveis/Sedans médios,12306,12304,-2,-0.0163,ok,cauda nao publicada: 2 unidades
2019-07,subtotal_sub_segmento,automoveis/Sports,165,135,-30,-18.1818,cauda_truncada,cauda nao publicada: 30 unidades
2019-07,subtotal_sub_segmento,automoveis/Suv's,52695,50977,-1718,-3.2603,cauda_truncada,cauda nao publicada: 1718 unidades
2019-07,subtotal_sub_segmento,automoveis/Sw Grandes,17,17,0,,ok,cauda nao publicada: 0 unidades
2019-07,subtotal_sub_segmento,automoveis/Sw Médios,221,221,0,,ok,cauda nao publicada: 0 unidades
2019-07,subtotal_sub_segmento,automoveis/Veículos de Entrada,25403,25399,-4,-0.0157,ok,cauda nao publicada: 4 unidades
2019-07,subtotal_sub_segmento,comerciais_leves/Furgões,3060,2527,-533,-17.4183,cauda_truncada,cauda nao publicada: 533 unidades
2019-07,subtotal_sub_segmento,comerciais_leves/Furgões Pequenos,2247,2245,-2,-0.0890,ok,cauda nao publicada: 2 unidades
2019-07,subtotal_sub_segmento,comerciais_leves/Pick-up's Grandes,19479,19473,-6,-0.0308,ok,cauda nao publicada: 6 unidades
2019-07,subtotal_sub_segmento,comerciais_leves/Pick-up's Pequenas,11593,11593,0,,ok,cauda nao publicada: 0 unidades
2019-07,ranking_x_sub_segmento,2019-07,218471,218470,-1,-0.0005,ok,1 modelos divergentes de 73 conferidos; desvio de volume 0.0005%
2019-07,cobertura,automoveis,195854,193719,-2135,-1.0901,medido,cobertura=98.91%
2019-07,cobertura,comerciais_leves,36389,36378,-11,-0.0302,medido,cobertura=99.97%
2019-08,mes_declarado,2019-08,,,,,ok,2019-08
2019-08,subtotal_sub_segmento,automoveis/Grandcab,2827,2827,0,,ok,cauda nao publicada: 0 unidades
2019-08,subtotal_sub_segmento,automoveis/Hatch Médios,642,494,-148,-23.0530,cauda_truncada,cauda nao publicada: 148 unidades
2019-08,subtotal_sub_segmento,automoveis/Hatch Pequenos,66043,65898,-145,-0.2196,ok,cauda nao publicada: 145 unidades
2019-08,subtotal_sub_segmento,automoveis/Monocab,2405,2405,0,,ok,cauda nao publicada: 0 unidades
2019-08,subtotal_sub_segmento,automoveis/Sedans Compactos,9478,9477,-1,-0.0106,ok,cauda nao publicada: 1 unidades
2019-08,subtotal_sub_segmento,automoveis/Sedans Grandes,607,514,-93,-15.3213,cauda_truncada,cauda nao publicada: 93 unidades
2019-08,subtotal_sub_segmento,automoveis/Sedans Pequenos,26022,26022,0,,ok,cauda nao publicada: 0 unidades
2019-08,subtotal_sub_segmento,automoveis/Sedans médios,10717,10716,-1,-0.0093,ok,cauda nao publicada: 1 unidades
2019-08,subtotal_sub_segmento,automoveis/Sports,143,124,-19,-13.2867,cauda_truncada,cauda nao publicada: 19 unidades
2019-08,subtotal_sub_segmento,automoveis/Suv's,51078,49111,-1967,-3.8510,cauda_truncada,cauda nao publicada: 1967 unidades
2019-08,subtotal_sub_segmento,automoveis/Sw Grandes,68,68,0,,ok,cauda nao publicada: 0 unidades
2019-08,subtotal_sub_segmento,automoveis/Sw Médios,123,122,-1,-0.8130,cauda_truncada,cauda nao publicada: 1 unidades
2019-08,subtotal_sub_segmento,automoveis/Veículos de Entrada,25720,25718,-2,-0.0078,ok,cauda nao publicada: 2 unidades
2019-08,subtotal_sub_segmento,comerciais_leves/Furgões,3043,2552,-491,-16.1354,cauda_truncada,cauda nao publicada: 491 unidades
2019-08,subtotal_sub_segmento,comerciais_leves/Furgões Pequenos,1570,1570,0,,ok,cauda nao publicada: 0 unidades
2019-08,subtotal_sub_segmento,comerciais_leves/Pick-up's Grandes,17940,17937,-3,-0.0167,ok,cauda nao publicada: 3 unidades
2019-08,subtotal_sub_segmento,comerciais_leves/Pick-up's Pequenas,12234,12234,0,,ok,cauda nao publicada: 0 unidades
2019-08,ranking_x_sub_segmento,2019-08,216699,216699,0,,ok,0 modelos divergentes de 73 conferidos; desvio de volume 0.0000%
2019-08,cobertura,automoveis,195927,193496,-2431,-1.2408,medido,cobertura=98.76%
2019-08,cobertura,comerciais_leves,34791,34789,-2,-0.0057,medido,cobertura=99.99%
2019-09,mes_declarado,2019-09,,,,,ok,2019-09
2019-09,subtotal_sub_segmento,automoveis/Grandcab,2291,2290,-1,-0.0436,ok,cauda nao publicada: 1 unidades
2019-09,subtotal_sub_segmento,automoveis/Hatch Médios,453,375,-78,-17.2185,cauda_truncada,cauda nao publicada: 78 unidades
2019-09,subtotal_sub_segmento,automoveis/Hatch Pequenos,60338,60206,-132,-0.2188,ok,cauda nao publicada: 132 unidades
2019-09,subtotal_sub_segmento,automoveis/Monocab,2358,2358,0,,ok,cauda nao publicada: 0 unidades
2019-09,subtotal_sub_segmento,automoveis/Sedans Compactos,9399,9397,-2,-0.0213,ok,cauda nao publicada: 2 unidades
2019-09,subtotal_sub_segmento,automoveis/Sedans Grandes,712,617,-95,-13.3427,cauda_truncada,cauda nao publicada: 95 unidades
2019-09,subtotal_sub_segmento,automoveis/Sedans Pequenos,26918,26918,0,,ok,cauda nao publicada: 0 unidades
2019-09,subtotal_sub_segmento,automoveis/Sedans médios,9966,9965,-1,-0.0100,ok,cauda nao publicada: 1 unidades
2019-09,subtotal_sub_segmento,automoveis/Sports,195,175,-20,-10.2564,cauda_truncada,cauda nao publicada: 20 unidades
2019-09,subtotal_sub_segmento,automoveis/Suv's,50552,48993,-1559,-3.0840,cauda_truncada,cauda nao publicada: 1559 unidades
2019-09,subtotal_sub_segmento,automoveis/Sw Grandes,33,33,0,,ok,cauda nao publicada: 0 unidades
2019-09,subtotal_sub_segmento,automoveis/Sw Médios,436,436,0,,ok,cauda nao publicada: 0 unidades
2019-09,subtotal_sub_segmento,automoveis/Veículos de Entrada,24107,24103,-4,-0.0166,ok,cauda nao publicada: 4 unidades
2019-09,subtotal_sub_segmento,comerciais_leves/Furgões,2986,2518,-468,-15.6731,cauda_truncada,cauda nao publicada: 468 unidades
2019-09,subtotal_sub_segmento,comerciais_leves/Furgões Pequenos,1836,1836,0,,ok,cauda nao publicada: 0 unidades
2019-09,subtotal_sub_segmento,comerciais_leves/Pick-up's Grandes,18619,18615,-4,-0.0215,ok,cauda nao publicada: 4 unidades
2019-09,subtotal_sub_segmento,comerciais_leves/Pick-up's Pequenas,11975,11975,0,,ok,cauda nao publicada: 0 unidades
2019-09,ranking_x_sub_segmento,2019-09,209802,209801,-1,-0.0005,ok,1 modelos divergentes de 74 conferidos; desvio de volume 0.0005%
2019-09,cobertura,automoveis,187816,185866,-1950,-1.0383,medido,cobertura=98.96%
2019-09,cobertura,comerciais_leves,35424,35421,-3,-0.0085,medido,cobertura=99.99%
2019-10,mes_declarado,2019-10,,,,,ok,2019-10
2019-10,subtotal_sub_segmento,automoveis/Grandcab,2556,2555,-1,-0.0391,ok,cauda nao publicada: 1 unidades
2019-10,subtotal_sub_segmento,automoveis/Hatch Médios,478,400,-78,-16.3180,cauda_truncada,cauda nao publicada: 78 unidades
2019-10,subtotal_sub_segmento,automoveis/Hatch Pequenos,65819,65661,-158,-0.2401,ok,cauda nao publicada: 158 unidades
2019-10,subtotal_sub_segmento,automoveis/Monocab,2413,2413,0,,ok,cauda nao publicada: 0 unidades
2019-10,subtotal_sub_segmento,automoveis/Sedans Compactos,16541,16537,-4,-0.0242,ok,cauda nao publicada: 4 unidades
2019-10,subtotal_sub_segmento,automoveis/Sedans Grandes,1095,906,-189,-17.2603,cauda_truncada,cauda nao publicada: 189 unidades
2019-10,subtotal_sub_segmento,automoveis/Sedans Pequenos,24215,24215,0,,ok,cauda nao publicada: 0 unidades
2019-10,subtotal_sub_segmento,automoveis/Sedans médios,12095,12094,-1,-0.0083,ok,cauda nao publicada: 1 unidades
2019-10,subtotal_sub_segmento,automoveis/Sports,136,111,-25,-18.3824,cauda_truncada,cauda nao publicada: 25 unidades
2019-10,subtotal_sub_segmento,automoveis/Suv's,56848,55172,-1676,-2.9482,cauda_truncada,cauda nao publicada: 1676 unidades
2019-10,subtotal_sub_segmento,automoveis/Sw Grandes,53,53,0,,ok,cauda nao publicada: 0 unidades
2019-10,subtotal_sub_segmento,automoveis/Sw Médios,522,522,0,,ok,cauda nao publicada: 0 unidades
2019-10,subtotal_sub_segmento,automoveis/Veículos de Entrada,21688,21686,-2,-0.0092,ok,cauda nao publicada: 2 unidades
2019-10,subtotal_sub_segmento,comerciais_leves/Furgões,3229,2770,-459,-14.2149,cauda_truncada,cauda nao publicada: 459 unidades
2019-10,subtotal_sub_segmento,comerciais_leves/Furgões Pequenos,1714,1709,-5,-0.2917,ok,cauda nao publicada: 5 unidades
2019-10,subtotal_sub_segmento,comerciais_leves/Pick-up's Grandes,19263,19257,-6,-0.0311,ok,cauda nao publicada: 6 unidades
2019-10,subtotal_sub_segmento,comerciais_leves/Pick-up's Pequenas,12433,12433,0,,ok,cauda nao publicada: 0 unidades
2019-10,ranking_x_sub_segmento,2019-10,226619,226614,-5,-0.0022,ok,2 modelos divergentes de 74 conferidos; desvio de volume 0.0022%
2019-10,cobertura,automoveis,204523,202325,-2198,-1.0747,medido,cobertura=98.93%
2019-10,cobertura,comerciais_leves,36652,36644,-8,-0.0218,medido,cobertura=99.98%
2019-11,mes_declarado,2019-11,,,,,ok,2019-11
2019-11,subtotal_sub_segmento,automoveis/Grandcab,2993,2992,-1,-0.0334,ok,cauda nao publicada: 1 unidades
2019-11,subtotal_sub_segmento,automoveis/Hatch Médios,539,477,-62,-11.5028,cauda_truncada,cauda nao publicada: 62 unidades
2019-11,subtotal_sub_segmento,automoveis/Hatch Pequenos,63416,63276,-140,-0.2208,ok,cauda nao publicada: 140 unidades
2019-11,subtotal_sub_segmento,automoveis/Monocab,2503,2503,0,,ok,cauda nao publicada: 0 unidades
2019-11,subtotal_sub_segmento,automoveis/Sedans Compactos,16901,16898,-3,-0.0178,ok,cauda nao publicada: 3 unidades
2019-11,subtotal_sub_segmento,automoveis/Sedans Grandes,967,857,-110,-11.3754,cauda_truncada,cauda nao publicada: 110 unidades
2019-11,subtotal_sub_segmento,automoveis/Sedans Pequenos,22369,22369,0,,ok,cauda nao publicada: 0 unidades
2019-11,subtotal_sub_segmento,automoveis/Sedans médios,10053,10053,0,,ok,cauda nao publicada: 0 unidades
2019-11,subtotal_sub_segmento,automoveis/Sports,126,106,-20,-15.8730,cauda_truncada,cauda nao publicada: 20 unidades
2019-11,subtotal_sub_segmento,automoveis/Suv's,55946,54484,-1462,-2.6132,cauda_truncada,cauda nao publicada: 1462 unidades
2019-11,subtotal_sub_segmento,automoveis/Sw Grandes,70,70,0,,ok,cauda nao publicada: 0 unidades
2019-11,subtotal_sub_segmento,automoveis/Sw Médios,83,82,-1,-1.2048,cauda_truncada,cauda nao publicada: 1 unidades
2019-11,subtotal_sub_segmento,automoveis/Veículos de Entrada,20748,20747,-1,-0.0048,ok,cauda nao publicada: 1 unidades
2019-11,subtotal_sub_segmento,comerciais_leves/Furgões,2979,2520,-459,-15.4079,cauda_truncada,cauda nao publicada: 459 unidades
2019-11,subtotal_sub_segmento,comerciais_leves/Furgões Pequenos,1720,1717,-3,-0.1744,ok,cauda nao publicada: 3 unidades
2019-11,subtotal_sub_segmento,comerciais_leves/Pick-up's Grandes,18512,18499,-13,-0.0702,ok,cauda nao publicada: 13 unidades
2019-11,subtotal_sub_segmento,comerciais_leves/Pick-up's Pequenas,10937,10937,0,,ok,cauda nao publicada: 0 unidades
2019-11,ranking_x_sub_segmento,2019-11,217959,217956,-3,-0.0014,ok,2 modelos divergentes de 74 conferidos; desvio de volume 0.0014%
2019-11,cobertura,automoveis,196769,194914,-1855,-0.9427,medido,cobertura=99.06%
2019-11,cobertura,comerciais_leves,34154,34150,-4,-0.0117,medido,cobertura=99.99%
2019-12,mes_declarado,2019-12,,,,,ok,2019-12
2019-12,subtotal_sub_segmento,automoveis/Grandcab,2319,2319,0,,ok,cauda nao publicada: 0 unidades
2019-12,subtotal_sub_segmento,automoveis/Hatch Médios,1112,1020,-92,-8.2734,cauda_truncada,cauda nao publicada: 92 unidades
2019-12,subtotal_sub_segmento,automoveis/Hatch Pequenos,66515,66375,-140,-0.2105,ok,cauda nao publicada: 140 unidades
2019-12,subtotal_sub_segmento,automoveis/Monocab,2106,2106,0,,ok,cauda nao publicada: 0 unidades
2019-12,subtotal_sub_segmento,automoveis/Sedans Compactos,19168,19165,-3,-0.0157,ok,cauda nao publicada: 3 unidades
2019-12,subtotal_sub_segmento,automoveis/Sedans Grandes,984,909,-75,-7.6220,cauda_truncada,cauda nao publicada: 75 unidades
2019-12,subtotal_sub_segmento,automoveis/Sedans Pequenos,24189,24189,0,,ok,cauda nao publicada: 0 unidades
2019-12,subtotal_sub_segmento,automoveis/Sedans médios,11631,11623,-8,-0.0688,ok,cauda nao publicada: 8 unidades
2019-12,subtotal_sub_segmento,automoveis/Sports,166,150,-16,-9.6386,cauda_truncada,cauda nao publicada: 16 unidades
2019-12,subtotal_sub_segmento,automoveis/Suv's,61978,60001,-1977,-3.1898,cauda_truncada,cauda nao publicada: 1977 unidades
2019-12,subtotal_sub_segmento,automoveis/Sw Grandes,113,113,0,,ok,cauda nao publicada: 0 unidades
2019-12,subtotal_sub_segmento,automoveis/Sw Médios,44,44,0,,ok,cauda nao publicada: 0 unidades
2019-12,subtotal_sub_segmento,automoveis/Veículos de Entrada,24959,24958,-1,-0.0040,ok,cauda nao publicada: 1 unidades
2019-12,subtotal_sub_segmento,comerciais_leves/Furgões,3233,2708,-525,-16.2388,cauda_truncada,cauda nao publicada: 525 unidades
2019-12,subtotal_sub_segmento,comerciais_leves/Furgões Pequenos,2021,2014,-7,-0.3464,ok,cauda nao publicada: 7 unidades
2019-12,subtotal_sub_segmento,comerciais_leves/Pick-up's Grandes,21169,21161,-8,-0.0378,ok,cauda nao publicada: 8 unidades
2019-12,subtotal_sub_segmento,comerciais_leves/Pick-up's Pequenas,10194,10193,-1,-0.0098,ok,cauda nao publicada: 1 unidades
2019-12,ranking_x_sub_segmento,2019-12,236936,236932,-4,-0.0017,ok,2 modelos divergentes de 74 conferidos; desvio de volume 0.0017%
2019-12,cobertura,automoveis,215348,212972,-2376,-1.1033,medido,cobertura=98.90%
2019-12,cobertura,comerciais_leves,36625,36610,-15,-0.0410,medido,cobertura=99.96%
2020-01,mes_declarado,2020-01,,,,,ok,2020-01
2020-01,subtotal_sub_segmento,automoveis/Grandcab,1523,1523,0,,ok,cauda nao publicada: 0 unidades
2020-01,subtotal_sub_segmento,automoveis/Hatch Médios,832,820,-12,-1.4423,cauda_truncada,cauda nao publicada: 12 unidades
2020-01,subtotal_sub_segmento,automoveis/Hatch Pequenos,51462,51386,-76,-0.1477,ok,cauda nao publicada: 76 unidades
2020-01,subtotal_sub_segmento,automoveis/Monocab,1872,1872,0,,ok,cauda nao publicada: 0 unidades
2020-01,subtotal_sub_segmento,automoveis/Sedans Compactos,14638,14636,-2,-0.0137,ok,cauda nao publicada: 2 unidades
2020-01,subtotal_sub_segmento,automoveis/Sedans Grandes,459,428,-31,-6.7538,cauda_truncada,cauda nao publicada: 31 unidades
2020-01,subtotal_sub_segmento,automoveis/Sedans Pequenos,14534,14534,0,,ok,cauda nao publicada: 0 unidades
2020-01,subtotal_sub_segmento,automoveis/Sedans médios,8477,8477,0,,ok,cauda nao publicada: 0 unidades
2020-01,subtotal_sub_segmento,automoveis/Sports,213,189,-24,-11.2676,cauda_truncada,cauda nao publicada: 24 unidades
2020-01,subtotal_sub_segmento,automoveis/Suv's,39787,38497,-1290,-3.2423,cauda_truncada,cauda nao publicada: 1290 unidades
2020-01,subtotal_sub_segmento,automoveis/Sw Grandes,30,30,0,,ok,cauda nao publicada: 0 unidades
2020-01,subtotal_sub_segmento,automoveis/Sw Médios,56,56,0,,ok,cauda nao publicada: 0 unidades
2020-01,subtotal_sub_segmento,automoveis/Veículos de Entrada,20649,20649,0,,ok,cauda nao publicada: 0 unidades
2020-01,subtotal_sub_segmento,comerciais_leves/Furgões,2782,2314,-468,-16.8224,cauda_truncada,cauda nao publicada: 468 unidades
2020-01,subtotal_sub_segmento,comerciais_leves/Furgões Pequenos,1138,1132,-6,-0.5272,cauda_truncada,cauda nao publicada: 6 unidades
2020-01,subtotal_sub_segmento,comerciais_leves/Pick-up's Grandes,16687,16684,-3,-0.0180,ok,cauda nao publicada: 3 unidades
2020-01,subtotal_sub_segmento,comerciais_leves/Pick-up's Pequenas,8940,8940,0,,ok,cauda nao publicada: 0 unidades
2020-01,ranking_x_sub_segmento,2020-01,174168,174167,-1,-0.0006,ok,1 modelos divergentes de 76 conferidos; desvio de volume 0.0006%
2020-01,cobertura,automoveis,154572,153097,-1475,-0.9542,medido,cobertura=99.05%
2020-01,cobertura,comerciais_leves,29553,29550,-3,-0.0102,medido,cobertura=99.99%
2020-02,mes_declarado,2020-02,,,,,ok,2020-02
2020-02,subtotal_sub_segmento,automoveis/Grandcab,1623,1623,0,,ok,cauda nao publicada: 0 unidades
2020-02,subtotal_sub_segmento,automoveis/Hatch Médios,437,420,-17,-3.8902,cauda_truncada,cauda nao publicada: 17 unidades
2020-02,subtotal_sub_segmento,automoveis/Hatch Pequenos,55517,55460,-57,-0.1027,ok,cauda nao publicada: 57 unidades
2020-02,subtotal_sub_segmento,automoveis/Monocab,2086,2086,0,,ok,cauda nao publicada: 0 unidades
2020-02,subtotal_sub_segmento,automoveis/Sedans Compactos,15113,15109,-4,-0.0265,ok,cauda nao publicada: 4 unidades
2020-02,subtotal_sub_segmento,automoveis/Sedans Grandes,615,567,-48,-7.8049,cauda_truncada,cauda nao publicada: 48 unidades
2020-02,subtotal_sub_segmento,automoveis/Sedans Pequenos,14772,14772,0,,ok,cauda nao publicada: 0 unidades
2020-02,subtotal_sub_segmento,automoveis/Sedans médios,9188,9188,0,,ok,cauda nao publicada: 0 unidades
2020-02,subtotal_sub_segmento,automoveis/Sports,266,256,-10,-3.7594,cauda_truncada,cauda nao publicada: 10 unidades
2020-02,subtotal_sub_segmento,automoveis/Suv's,45646,44188,-1458,-3.1941,cauda_truncada,cauda nao publicada: 1458 unidades
2020-02,subtotal_sub_segmento,automoveis/Sw Grandes,50,50,0,,ok,cauda nao publicada: 0 unidades
2020-02,subtotal_sub_segmento,automoveis/Sw Médios,21,21,0,,ok,cauda nao publicada: 0 unidades
2020-02,subtotal_sub_segmento,automoveis/Veículos de Entrada,19761,19760,-1,-0.0051,ok,cauda nao publicada: 1 unidades
2020-02,subtotal_sub_segmento,comerciais_leves/Furgões,2843,2262,-581,-20.4362,cauda_truncada,cauda nao publicada: 581 unidades
2020-02,subtotal_sub_segmento,comerciais_leves/Furgões Pequenos,1544,1541,-3,-0.1943,ok,cauda nao publicada: 3 unidades
2020-02,subtotal_sub_segmento,comerciais_leves/Pick-up's Grandes,14470,14465,-5,-0.0346,ok,cauda nao publicada: 5 unidades
2020-02,subtotal_sub_segmento,comerciais_leves/Pick-up's Pequenas,8634,8634,0,,ok,cauda nao publicada: 0 unidades
2020-02,ranking_x_sub_segmento,2020-02,182110,182108,-2,-0.0011,ok,1 modelos divergentes de 73 conferidos; desvio de volume 0.0011%
2020-02,cobertura,automoveis,165140,163500,-1640,-0.9931,medido,cobertura=99.01%
2020-02,cobertura,comerciais_leves,27499,27493,-6,-0.0218,medido,cobertura=99.98%
2020-03,mes_declarado,2020-03,,,,,ok,2020-03
2020-03,subtotal_sub_segmento,automoveis/Grandcab,1291,1290,-1,-0.0775,ok,cauda nao publicada: 1 unidades
2020-03,subtotal_sub_segmento,automoveis/Hatch Médios,241,219,-22,-9.1286,cauda_truncada,cauda nao publicada: 22 unidades
2020-03,subtotal_sub_segmento,automoveis/Hatch Pequenos,43223,43168,-55,-0.1272,ok,cauda nao publicada: 55 unidades
2020-03,subtotal_sub_segmento,automoveis/Monocab,1696,1696,0,,ok,cauda nao publicada: 0 unidades
2020-03,subtotal_sub_segmento,automoveis/Sedans Compactos,11210,11207,-3,-0.0268,ok,cauda nao publicada: 3 unidades
2020-03,subtotal_sub_segmento,automoveis/Sedans Grandes,495,453,-42,-8.4848,cauda_truncada,cauda nao publicada: 42 unidades
2020-03,subtotal_sub_segmento,automoveis/Sedans Pequenos,12505,12505,0,,ok,cauda nao publicada: 0 unidades
2020-03,subtotal_sub_segmento,automoveis/Sedans médios,6663,6663,0,,ok,cauda nao publicada: 0 unidades
2020-03,subtotal_sub_segmento,automoveis/Sports,209,197,-12,-5.7416,cauda_truncada,cauda nao publicada: 12 unidades
2020-03,subtotal_sub_segmento,automoveis/Suv's,37595,36524,-1071,-2.8488,cauda_truncada,cauda nao publicada: 1071 unidades
2020-03,subtotal_sub_segmento,automoveis/Sw Grandes,21,21,0,,ok,cauda nao publicada: 0 unidades
2020-03,subtotal_sub_segmento,automoveis/Sw Médios,13,13,0,,ok,cauda nao publicada: 0 unidades
2020-03,subtotal_sub_segmento,automoveis/Veículos de Entrada,16066,16063,-3,-0.0187,ok,cauda nao publicada: 3 unidades
2020-03,subtotal_sub_segmento,comerciais_leves/Furgões,2481,2004,-477,-19.2261,cauda_truncada,cauda nao publicada: 477 unidades
2020-03,subtotal_sub_segmento,comerciais_leves/Furgões Pequenos,1404,1403,-1,-0.0712,ok,cauda nao publicada: 1 unidades
2020-03,subtotal_sub_segmento,comerciais_leves/Pick-up's Grandes,12415,12412,-3,-0.0242,ok,cauda nao publicada: 3 unidades
2020-03,subtotal_sub_segmento,comerciais_leves/Pick-up's Pequenas,8257,8257,0,,ok,cauda nao publicada: 0 unidades
2020-03,ranking_x_sub_segmento,2020-03,148002,147998,-4,-0.0027,ok,3 modelos divergentes de 72 conferidos; desvio de volume 0.0027%
2020-03,cobertura,automoveis,131249,130019,-1230,-0.9371,medido,cobertura=99.06%
2020-03,cobertura,comerciais_leves,24561,24556,-5,-0.0204,medido,cobertura=99.98%
2020-04,mes_declarado,2020-04,,,,,ok,2020-04
2020-04,marcador_de_secao,2020-04,,,,,corrigido_pelo_sub_segmento,"13 blocos; p11: 'Veículos de Entrada' e' de automoveis, mas o marcador da secao dizia comerciais_leves"
2020-04,ranking_x_sub_segmento,2020-04,48822,48820,-2,-0.0041,ok,1 modelos divergentes de 72 conferidos; desvio de volume 0.0041%
2020-04,cobertura,automoveis,39498,39094,-404,-1.0228,medido,cobertura=98.98%
2020-04,cobertura,comerciais_leves,11864,11861,-3,-0.0253,medido,cobertura=99.97%
2020-05,mes_declarado,2020-05,,,,,ok,2020-05
2020-05,marcador_de_secao,2020-05,,,,,corrigido_pelo_sub_segmento,"13 blocos; p11: 'Veículos de Entrada' e' de automoveis, mas o marcador da secao dizia comerciais_leves"
2020-05,ranking_x_sub_segmento,2020-05,53236,53235,-1,-0.0019,ok,1 modelos divergentes de 73 conferidos; desvio de volume 0.0019%
2020-05,cobertura,automoveis,44139,43493,-646,-1.4636,medido,cobertura=98.54%
2020-05,cobertura,comerciais_leves,12500,12495,-5,-0.0400,medido,cobertura=99.96%
2020-06,mes_declarado,2020-06,,,,,ok,2020-06
2020-06,marcador_de_secao,2020-06,,,,,corrigido_pelo_sub_segmento,"13 blocos; p11: 'Veículos de Entrada' e' de automoveis, mas o marcador da secao dizia comerciais_leves"
2020-06,ranking_x_sub_segmento,2020-06,114173,114171,-2,-0.0018,ok,2 modelos divergentes de 73 conferidos; desvio de volume 0.0018%
2020-06,cobertura,automoveis,102400,100848,-1552,-1.5156,medido,cobertura=98.48%
2020-06,cobertura,comerciais_leves,20372,20369,-3,-0.0147,medido,cobertura=99.99%
2020-07,mes_declarado,2020-07,,,,,ok,2020-07
2020-07,subtotal_sub_segmento,automoveis/Grandcab,1844,1843,-1,-0.0542,ok,cauda nao publicada: 1 unidades
2020-07,subtotal_sub_segmento,automoveis/Hatch Médios,537,521,-16,-2.9795,cauda_truncada,cauda nao publicada: 16 unidades
2020-07,subtotal_sub_segmento,automoveis/Hatch Pequenos,36101,36058,-43,-0.1191,ok,cauda nao publicada: 43 unidades
2020-07,subtotal_sub_segmento,automoveis/Monocab,1399,1399,0,,ok,cauda nao publicada: 0 unidades
2020-07,subtotal_sub_segmento,automoveis/Sedans Compactos,9373,9373,0,,ok,cauda nao publicada: 0 unidades
2020-07,subtotal_sub_segmento,automoveis/Sedans Grandes,807,726,-81,-10.0372,cauda_truncada,cauda nao publicada: 81 unidades
2020-07,subtotal_sub_segmento,automoveis/Sedans Pequenos,10623,10623,0,,ok,cauda nao publicada: 0 unidades
2020-07,subtotal_sub_segmento,automoveis/Sedans médios,6830,6823,-7,-0.1025,ok,cauda nao publicada: 7 unidades
2020-07,subtotal_sub_segmento,automoveis/Sports,192,183,-9,-4.6875,cauda_truncada,cauda nao publicada: 9 unidades
2020-07,subtotal_sub_segmento,automoveis/Suv's,51638,50087,-1551,-3.0036,cauda_truncada,cauda nao publicada: 1551 unidades
2020-07,subtotal_sub_segmento,automoveis/Sw Grandes,35,35,0,,ok,cauda nao publicada: 0 unidades
2020-07,subtotal_sub_segmento,automoveis/Sw Médios,10,10,0,,ok,cauda nao publicada: 0 unidades
2020-07,subtotal_sub_segmento,automoveis/Veículos de Entrada,15504,15502,-2,-0.0129,ok,cauda nao publicada: 2 unidades
2020-07,subtotal_sub_segmento,comerciais_leves/Furgões,3151,2342,-809,-25.6744,cauda_truncada,cauda nao publicada: 809 unidades
2020-07,subtotal_sub_segmento,comerciais_leves/Furgões Pequenos,1471,1470,-1,-0.0680,ok,cauda nao publicada: 1 unidades
2020-07,subtotal_sub_segmento,comerciais_leves/Pick-up's Grandes,13132,13130,-2,-0.0152,ok,cauda nao publicada: 2 unidades
2020-07,subtotal_sub_segmento,comerciais_leves/Pick-up's Pequenas,10384,10384,0,,ok,cauda nao publicada: 0 unidades
2020-07,ranking_x_sub_segmento,2020-07,152333,152332,-1,-0.0007,ok,1 modelos divergentes de 73 conferidos; desvio de volume 0.0007%
2020-07,cobertura,automoveis,134944,133183,-1761,-1.3050,medido,cobertura=98.70%
2020-07,cobertura,comerciais_leves,28139,28138,-1,-0.0036,medido,cobertura=100.00%
2020-08,mes_declarado,2020-08,,,,,ok,2020-08
2020-08,subtotal_sub_segmento,automoveis/Grandcab,1593,1593,0,,ok,cauda nao publicada: 0 unidades
2020-08,subtotal_sub_segmento,automoveis/Hatch Médios,412,393,-19,-4.6117,cauda_truncada,cauda nao publicada: 19 unidades
2020-08,subtotal_sub_segmento,automoveis/Hatch Pequenos,39030,38975,-55,-0.1409,ok,cauda nao publicada: 55 unidades
2020-08,subtotal_sub_segmento,automoveis/Monocab,1486,1486,0,,ok,cauda nao publicada: 0 unidades
2020-08,subtotal_sub_segmento,automoveis/Sedans Compactos,11335,11334,-1,-0.0088,ok,cauda nao publicada: 1 unidades
2020-08,subtotal_sub_segmento,automoveis/Sedans Grandes,689,611,-78,-11.3208,cauda_truncada,cauda nao publicada: 78 unidades
2020-08,subtotal_sub_segmento,automoveis/Sedans Pequenos,10347,10347,0,,ok,cauda nao publicada: 0 unidades
2020-08,subtotal_sub_segmento,automoveis/Sedans médios,6952,6951,-1,-0.0144,ok,cauda nao publicada: 1 unidades
2020-08,subtotal_sub_segmento,automoveis/Sports,156,137,-19,-12.1795,cauda_truncada,cauda nao publicada: 19 unidades
2020-08,subtotal_sub_segmento,automoveis/Suv's,50918,49005,-1913,-3.7570,cauda_truncada,cauda nao publicada: 1913 unidades
2020-08,subtotal_sub_segmento,automoveis/Sw Grandes,29,29,0,,ok,cauda nao publicada: 0 unidades
2020-08,subtotal_sub_segmento,automoveis/Sw Médios,0,0,0,,sem_total,
2020-08,subtotal_sub_segmento,automoveis/Veículos de Entrada,19048,19048,0,,ok,cauda nao publicada: 0 unidades
2020-08,subtotal_sub_segmento,comerciais_leves/Furgões,2966,2091,-875,-29.5010,cauda_truncada,cauda nao publicada: 875 unidades
2020-08,subtotal_sub_segmento,comerciais_leves/Furgões Pequenos,2175,2173,-2,-0.0920,ok,cauda nao publicada: 2 unidades
2020-08,subtotal_sub_segmento,comerciais_leves/Pick-up's Grandes,13615,13614,-1,-0.0073,ok,cauda nao publicada: 1 unidades
2020-08,subtotal_sub_segmento,comerciais_leves/Pick-up's Pequenas,12739,12739,0,,ok,cauda nao publicada: 0 unidades
2020-08,ranking_x_sub_segmento,2020-08,162936,162935,-1,-0.0006,ok,1 modelos divergentes de 74 conferidos; desvio de volume 0.0006%
2020-08,cobertura,automoveis,142046,139909,-2137,-1.5044,medido,cobertura=98.50%
2020-08,cobertura,comerciais_leves,31498,31496,-2,-0.0063,medido,cobertura=99.99%
2020-09,mes_declarado,2020-09,,,,,ok,2020-09
2020-09,subtotal_sub_segmento,automoveis/Grandcab,1491,1491,0,,ok,cauda nao publicada: 0 unidades
2020-09,subtotal_sub_segmento,automoveis/Hatch Médios,371,338,-33,-8.8949,cauda_truncada,cauda nao publicada: 33 unidades
2020-09,subtotal_sub_segmento,automoveis/Hatch Pequenos,45183,45121,-62,-0.1372,ok,cauda nao publicada: 62 unidades
2020-09,subtotal_sub_segmento,automoveis/Monocab,1667,1667,0,,ok,cauda nao publicada: 0 unidades
2020-09,subtotal_sub_segmento,automoveis/Sedans Compactos,12872,12872,0,,ok,cauda nao publicada: 0 unidades
2020-09,subtotal_sub_segmento,automoveis/Sedans Grandes,799,736,-63,-7.8849,cauda_truncada,cauda nao publicada: 63 unidades
2020-09,subtotal_sub_segmento,automoveis/Sedans Pequenos,11988,11986,-2,-0.0167,ok,cauda nao publicada: 2 unidades
2020-09,subtotal_sub_segmento,automoveis/Sedans médios,7487,7485,-2,-0.0267,ok,cauda nao publicada: 2 unidades
2020-09,subtotal_sub_segmento,automoveis/Sports,168,159,-9,-5.3571,cauda_truncada,cauda nao publicada: 9 unidades
2020-09,subtotal_sub_segmento,automoveis/Suv's,55626,53559,-2067,-3.7159,cauda_truncada,cauda nao publicada: 2067 unidades
2020-09,subtotal_sub_segmento,automoveis/Sw Grandes,19,19,0,,ok,cauda nao publicada: 0 unidades
2020-09,subtotal_sub_segmento,automoveis/Sw Médios,2,2,0,,ok,cauda nao publicada: 0 unidades
2020-09,subtotal_sub_segmento,automoveis/Veículos de Entrada,23357,23356,-1,-0.0043,ok,cauda nao publicada: 1 unidades
2020-09,subtotal_sub_segmento,comerciais_leves/Furgões,3102,2214,-888,-28.6267,cauda_truncada,cauda nao publicada: 888 unidades
2020-09,subtotal_sub_segmento,comerciais_leves/Furgões Pequenos,2166,2154,-12,-0.5540,cauda_truncada,cauda nao publicada: 12 unidades
2020-09,subtotal_sub_segmento,comerciais_leves/Pick-up's Grandes,17185,17185,0,,ok,cauda nao publicada: 0 unidades
2020-09,subtotal_sub_segmento,comerciais_leves/Pick-up's Pequenas,15245,15245,0,,ok,cauda nao publicada: 0 unidades
2020-09,ranking_x_sub_segmento,2020-09,187077,187077,0,,ok,0 modelos divergentes de 74 conferidos; desvio de volume 0.0000%
2020-09,cobertura,automoveis,161086,158791,-2295,-1.4247,medido,cobertura=98.58%
2020-09,cobertura,comerciais_leves,37699,37698,-1,-0.0027,medido,cobertura=100.00%
2020-10,mes_declarado,2020-10,,,,,ok,2020-10
2020-10,subtotal_sub_segmento,automoveis/Grandcab,1386,1386,0,,ok,cauda nao publicada: 0 unidades
2020-10,subtotal_sub_segmento,automoveis/Hatch Médios,428,414,-14,-3.2710,cauda_truncada,cauda nao publicada: 14 unidades
2020-10,subtotal_sub_segmento,automoveis/Hatch Pequenos,47432,47357,-75,-0.1581,ok,cauda nao publicada: 75 unidades
2020-10,subtotal_sub_segmento,automoveis/Monocab,1623,1623,0,,ok,cauda nao publicada: 0 unidades
2020-10,subtotal_sub_segmento,automoveis/Sedans Compactos,14726,14713,-13,-0.0883,ok,cauda nao publicada: 13 unidades
2020-10,subtotal_sub_segmento,automoveis/Sedans Grandes,812,755,-57,-7.0197,cauda_truncada,cauda nao publicada: 57 unidades
2020-10,subtotal_sub_segmento,automoveis/Sedans Pequenos,12928,12928,0,,ok,cauda nao publicada: 0 unidades
2020-10,subtotal_sub_segmento,automoveis/Sedans médios,8694,8693,-1,-0.0115,ok,cauda nao publicada: 1 unidades
2020-10,subtotal_sub_segmento,automoveis/Sports,165,144,-21,-12.7273,cauda_truncada,cauda nao publicada: 21 unidades
2020-10,subtotal_sub_segmento,automoveis/Suv's,57044,55689,-1355,-2.3754,cauda_truncada,cauda nao publicada: 1355 unidades
2020-10,subtotal_sub_segmento,automoveis/Sw Grandes,14,14,0,,ok,cauda nao publicada: 0 unidades
2020-10,subtotal_sub_segmento,automoveis/Sw Médios,48,48,0,,ok,cauda nao publicada: 0 unidades
2020-10,subtotal_sub_segmento,automoveis/Veículos de Entrada,23107,23105,-2,-0.0087,ok,cauda nao publicada: 2 unidades
2020-10,subtotal_sub_segmento,comerciais_leves/Furgões,2714,1996,-718,-26.4554,cauda_truncada,cauda nao publicada: 718 unidades
2020-10,subtotal_sub_segmento,comerciais_leves/Furgões Pequenos,2850,2796,-54,-1.8947,cauda_truncada,cauda nao publicada: 54 unidades
2020-10,subtotal_sub_segmento,comerciais_leves/Pick-up's Grandes,17631,17631,0,,ok,cauda nao publicada: 0 unidades
2020-10,subtotal_sub_segmento,comerciais_leves/Pick-up's Pequenas,13581,13581,0,,ok,cauda nao publicada: 0 unidades
2020-10,ranking_x_sub_segmento,2020-10,194438,194434,-4,-0.0021,ok,2 modelos divergentes de 75 conferidos; desvio de volume 0.0021%
2020-10,cobertura,automoveis,168464,166869,-1595,-0.9468,medido,cobertura=99.05%
2020-10,cobertura,comerciais_leves,36780,36775,-5,-0.0136,medido,cobertura=99.99%
2020-11,mes_declarado,2020-11,,,,,ok,2020-11
2020-11,subtotal_sub_segmento,automoveis/Grandcab,1382,1382,0,,ok,cauda nao publicada: 0 unidades
2020-11,subtotal_sub_segmento,automoveis/Hatch Médios,281,260,-21,-7.4733,cauda_truncada,cauda nao publicada: 21 unidades
2020-11,subtotal_sub_segmento,automoveis/Hatch Pequenos,52190,51953,-237,-0.4541,ok,cauda nao publicada: 237 unidades
2020-11,subtotal_sub_segmento,automoveis/Monocab,1318,1318,0,,ok,cauda nao publicada: 0 unidades
2020-11,subtotal_sub_segmento,automoveis/Sedans Compactos,18499,18488,-11,-0.0595,ok,cauda nao publicada: 11 unidades
2020-11,subtotal_sub_segmento,automoveis/Sedans Grandes,906,834,-72,-7.9470,cauda_truncada,cauda nao publicada: 72 unidades
2020-11,subtotal_sub_segmento,automoveis/Sedans Pequenos,13875,13875,0,,ok,cauda nao publicada: 0 unidades
2020-11,subtotal_sub_segmento,automoveis/Sedans médios,9009,9007,-2,-0.0222,ok,cauda nao publicada: 2 unidades
2020-11,subtotal_sub_segmento,automoveis/Sports,188,178,-10,-5.3191,cauda_truncada,cauda nao publicada: 10 unidades
2020-11,subtotal_sub_segmento,automoveis/Suv's,58012,56488,-1524,-2.6270,cauda_truncada,cauda nao publicada: 1524 unidades
2020-11,subtotal_sub_segmento,automoveis/Sw Grandes,6,6,0,,ok,cauda nao publicada: 0 unidades
2020-11,subtotal_sub_segmento,automoveis/Sw Médios,2,2,0,,ok,cauda nao publicada: 0 unidades
2020-11,subtotal_sub_segmento,automoveis/Veículos de Entrada,21806,21805,-1,-0.0046,ok,cauda nao publicada: 1 unidades
2020-11,subtotal_sub_segmento,comerciais_leves/Furgões,2159,1595,-564,-26.1232,cauda_truncada,cauda nao publicada: 564 unidades
2020-11,subtotal_sub_segmento,comerciais_leves/Furgões Pequenos,2846,2839,-7,-0.2460,ok,cauda nao publicada: 7 unidades
2020-11,subtotal_sub_segmento,comerciais_leves/Pick-up's Grandes,18689,18687,-2,-0.0107,ok,cauda nao publicada: 2 unidades
2020-11,subtotal_sub_segmento,comerciais_leves/Pick-up's Pequenas,13005,13005,0,,ok,cauda nao publicada: 0 unidades
2020-11,ranking_x_sub_segmento,2020-11,204085,204082,-3,-0.0015,ok,1 modelos divergentes de 74 conferidos; desvio de volume 0.0015%
2020-11,cobertura,automoveis,177565,175596,-1969,-1.1089,medido,cobertura=98.89%
2020-11,cobertura,comerciais_leves,36700,36696,-4,-0.0109,medido,cobertura=99.99%
2020-12,mes_declarado,2020-12,,,,,ok,2020-12
2020-12,subtotal_sub_segmento,automoveis/Grandcab,1279,1279,0,,ok,cauda nao publicada: 0 unidades
2020-12,subtotal_sub_segmento,automoveis/Hatch Médios,284,262,-22,-7.7465,cauda_truncada,cauda nao publicada: 22 unidades
2020-12,subtotal_sub_segmento,automoveis/Hatch Pequenos,55483,55203,-280,-0.5047,cauda_truncada,cauda nao publicada: 280 unidades
2020-12,subtotal_sub_segmento,automoveis/Monocab,1016,1016,0,,ok,cauda nao publicada: 0 unidades
2020-12,subtotal_sub_segmento,automoveis/Sedans Compactos,20609,20598,-11,-0.0534,ok,cauda nao publicada: 11 unidades
2020-12,subtotal_sub_segmento,automoveis/Sedans Grandes,1103,1042,-61,-5.5304,cauda_truncada,cauda nao publicada: 61 unidades
2020-12,subtotal_sub_segmento,automoveis/Sedans Pequenos,14901,14901,0,,ok,cauda nao publicada: 0 unidades
2020-12,subtotal_sub_segmento,automoveis/Sedans médios,9734,9733,-1,-0.0103,ok,cauda nao publicada: 1 unidades
2020-12,subtotal_sub_segmento,automoveis/Sports,156,127,-29,-18.5897,cauda_truncada,cauda nao publicada: 29 unidades
2020-12,subtotal_sub_segmento,automoveis/Suv's,67110,65666,-1444,-2.1517,cauda_truncada,cauda nao publicada: 1444 unidades
2020-12,subtotal_sub_segmento,automoveis/Sw Grandes,28,28,0,,ok,cauda nao publicada: 0 unidades
2020-12,subtotal_sub_segmento,automoveis/Sw Médios,7,7,0,,ok,cauda nao publicada: 0 unidades
2020-12,subtotal_sub_segmento,automoveis/Veículos de Entrada,22899,22897,-2,-0.0087,ok,cauda nao publicada: 2 unidades
2020-12,subtotal_sub_segmento,comerciais_leves/Furgões,2564,1999,-565,-22.0359,cauda_truncada,cauda nao publicada: 565 unidades
2020-12,subtotal_sub_segmento,comerciais_leves/Furgões Pequenos,1895,1891,-4,-0.2111,ok,cauda nao publicada: 4 unidades
2020-12,subtotal_sub_segmento,comerciais_leves/Pick-up's Grandes,19618,19615,-3,-0.0153,ok,cauda nao publicada: 3 unidades
2020-12,subtotal_sub_segmento,comerciais_leves/Pick-up's Pequenas,14058,14058,0,,ok,cauda nao publicada: 0 unidades
2020-12,ranking_x_sub_segmento,2020-12,222011,222011,0,,ok,0 modelos divergentes de 75 conferidos; desvio de volume 0.0000%
2020-12,cobertura,automoveis,194679,192759,-1920,-0.9862,medido,cobertura=99.01%
2020-12,cobertura,comerciais_leves,38135,38134,-1,-0.0026,medido,cobertura=100.00%
2021-01,mes_declarado,2021-01,,,,,ok,2021-01
2021-01,subtotal_sub_segmento,automoveis/Grandcab,787,787,0,,ok,cauda nao publicada: 0 unidades
2021-01,subtotal_sub_segmento,automoveis/Hatch Médios,207,202,-5,-2.4155,cauda_truncada,cauda nao publicada: 5 unidades
2021-01,subtotal_sub_segmento,automoveis/Hatch Pequenos,34686,34640,-46,-0.1326,ok,cauda nao publicada: 46 unidades
2021-01,subtotal_sub_segmento,automoveis/Monocab,1183,1183,0,,ok,cauda nao publicada: 0 unidades
2021-01,subtotal_sub_segmento,automoveis/Sedans Compactos,12311,12311,0,,ok,cauda nao publicada: 0 unidades
2021-01,subtotal_sub_segmento,automoveis/Sedans Grandes,581,554,-27,-4.6472,cauda_truncada,cauda nao publicada: 27 unidades
2021-01,subtotal_sub_segmento,automoveis/Sedans Pequenos,9485,9485,0,,ok,cauda nao publicada: 0 unidades
2021-01,subtotal_sub_segmento,automoveis/Sedans médios,5411,5411,0,,ok,cauda nao publicada: 0 unidades
2021-01,subtotal_sub_segmento,automoveis/Sports,266,251,-15,-5.6391,cauda_truncada,cauda nao publicada: 15 unidades
2021-01,subtotal_sub_segmento,automoveis/Suv's,47938,47061,-877,-1.8294,cauda_truncada,cauda nao publicada: 877 unidades
2021-01,subtotal_sub_segmento,automoveis/Sw Grandes,13,13,0,,ok,cauda nao publicada: 0 unidades
2021-01,subtotal_sub_segmento,automoveis/Sw Médios,1,1,0,,ok,cauda nao publicada: 0 unidades
2021-01,subtotal_sub_segmento,automoveis/Veículos de Entrada,17886,17886,0,,ok,cauda nao publicada: 0 unidades
2021-01,subtotal_sub_segmento,comerciais_leves/Furgões,2218,1849,-369,-16.6366,cauda_truncada,cauda nao publicada: 369 unidades
2021-01,subtotal_sub_segmento,comerciais_leves/Furgões Pequenos,1758,1756,-2,-0.1138,ok,cauda nao publicada: 2 unidades
2021-01,subtotal_sub_segmento,comerciais_leves/Pick-up's Grandes,15941,15940,-1,-0.0063,ok,cauda nao publicada: 1 unidades
2021-01,subtotal_sub_segmento,comerciais_leves/Pick-up's Pequenas,11848,11848,0,,ok,cauda nao publicada: 0 unidades
2021-01,ranking_x_sub_segmento,2021-01,154726,154722,-4,-0.0026,ok,2 modelos divergentes de 76 conferidos; desvio de volume 0.0026%
2021-01,cobertura,automoveis,130800,129785,-1015,-0.7760,medido,cobertura=99.22%
2021-01,cobertura,comerciais_leves,31767,31762,-5,-0.0157,medido,cobertura=99.98%
2021-02,mes_declarado,2021-02,,,,,ok,2021-02
2021-02,subtotal_sub_segmento,automoveis/Grandcab,721,720,-1,-0.1387,ok,cauda nao publicada: 1 unidades
2021-02,subtotal_sub_segmento,automoveis/Hatch Médios,150,148,-2,-1.3333,cauda_truncada,cauda nao publicada: 2 unidades
2021-02,subtotal_sub_segmento,automoveis/Hatch Pequenos,33551,33531,-20,-0.0596,ok,cauda nao publicada: 20 unidades
2021-02,subtotal_sub_segmento,automoveis/Monocab,1006,1006,0,,ok,cauda nao publicada: 0 unidades
2021-02,subtotal_sub_segmento,automoveis/Sedans Compactos,11675,11675,0,,ok,cauda nao publicada: 0 unidades
2021-02,subtotal_sub_segmento,automoveis/Sedans Grandes,693,664,-29,-4.1847,cauda_truncada,cauda nao publicada: 29 unidades
2021-02,subtotal_sub_segmento,automoveis/Sedans Pequenos,7894,7891,-3,-0.0380,ok,cauda nao publicada: 3 unidades
2021-02,subtotal_sub_segmento,automoveis/Sedans médios,5707,5707,0,,ok,cauda nao publicada: 0 unidades
2021-02,subtotal_sub_segmento,automoveis/Sports,280,266,-14,-5.0000,cauda_truncada,cauda nao publicada: 14 unidades
2021-02,subtotal_sub_segmento,automoveis/Suv's,46611,45724,-887,-1.9030,cauda_truncada,cauda nao publicada: 887 unidades
2021-02,subtotal_sub_segmento,automoveis/Sw Grandes,28,28,0,,ok,cauda nao publicada: 0 unidades
2021-02,subtotal_sub_segmento,automoveis/Sw Médios,2,2,0,,ok,cauda nao publicada: 0 unidades
2021-02,subtotal_sub_segmento,automoveis/Veículos de Entrada,19730,19730,0,,ok,cauda nao publicada: 0 unidades
2021-02,subtotal_sub_segmento,comerciais_leves/Furgões,2096,1696,-400,-19.0840,cauda_truncada,cauda nao publicada: 400 unidades
2021-02,subtotal_sub_segmento,comerciais_leves/Furgões Pequenos,2101,2097,-4,-0.1904,ok,cauda nao publicada: 4 unidades
2021-02,subtotal_sub_segmento,comerciais_leves/Pick-up's Grandes,13753,13752,-1,-0.0073,ok,cauda nao publicada: 1 unidades
2021-02,subtotal_sub_segmento,comerciais_leves/Pick-up's Pequenas,12187,12187,0,,ok,cauda nao publicada: 0 unidades
2021-02,ranking_x_sub_segmento,2021-02,150876,150876,0,,ok,0 modelos divergentes de 73 conferidos; desvio de volume 0.0000%
2021-02,cobertura,automoveis,128099,127092,-1007,-0.7861,medido,cobertura=99.21%
2021-02,cobertura,comerciais_leves,30138,30137,-1,-0.0033,medido,cobertura=100.00%
2021-03,mes_declarado,2021-03,,,,,ok,2021-03
2021-03,subtotal_sub_segmento,automoveis/Grandcab,1033,1033,0,,ok,cauda nao publicada: 0 unidades
2021-03,subtotal_sub_segmento,automoveis/Hatch Médios,217,208,-9,-4.1475,cauda_truncada,cauda nao publicada: 9 unidades
2021-03,subtotal_sub_segmento,automoveis/Hatch Pequenos,32355,32338,-17,-0.0525,ok,cauda nao publicada: 17 unidades
2021-03,subtotal_sub_segmento,automoveis/Monocab,1087,1087,0,,ok,cauda nao publicada: 0 unidades
2021-03,subtotal_sub_segmento,automoveis/Sedans Compactos,11112,11108,-4,-0.0360,ok,cauda nao publicada: 4 unidades
2021-03,subtotal_sub_segmento,automoveis/Sedans Grandes,812,784,-28,-3.4483,cauda_truncada,cauda nao publicada: 28 unidades
2021-03,subtotal_sub_segmento,automoveis/Sedans Pequenos,9877,9877,0,,ok,cauda nao publicada: 0 unidades
2021-03,subtotal_sub_segmento,automoveis/Sedans médios,6339,6339,0,,ok,cauda nao publicada: 0 unidades
2021-03,subtotal_sub_segmento,automoveis/Sports,266,237,-29,-10.9023,cauda_truncada,cauda nao publicada: 29 unidades
2021-03,subtotal_sub_segmento,automoveis/Suv's,54788,53725,-1063,-1.9402,cauda_truncada,cauda nao publicada: 1063 unidades
2021-03,subtotal_sub_segmento,automoveis/Sw Grandes,16,16,0,,ok,cauda nao publicada: 0 unidades
2021-03,subtotal_sub_segmento,automoveis/Sw Médios,0,0,0,,sem_total,
2021-03,subtotal_sub_segmento,automoveis/Veículos de Entrada,23968,23968,0,,ok,cauda nao publicada: 0 unidades
2021-03,subtotal_sub_segmento,comerciais_leves/Furgões,2544,2061,-483,-18.9858,cauda_truncada,cauda nao publicada: 483 unidades
2021-03,subtotal_sub_segmento,comerciais_leves/Furgões Pequenos,2050,2049,-1,-0.0488,ok,cauda nao publicada: 1 unidades
2021-03,subtotal_sub_segmento,comerciais_leves/Pick-up's Grandes,17068,17068,0,,ok,cauda nao publicada: 0 unidades
2021-03,subtotal_sub_segmento,comerciais_leves/Pick-up's Pequenas,13509,13509,0,,ok,cauda nao publicada: 0 unidades
2021-03,ranking_x_sub_segmento,2021-03,168811,168810,-1,-0.0006,ok,1 modelos divergentes de 74 conferidos; desvio de volume 0.0006%
2021-03,cobertura,automoveis,141938,140720,-1218,-0.8581,medido,cobertura=99.14%
2021-03,cobertura,comerciais_leves,35171,35170,-1,-0.0028,medido,cobertura=100.00%
2021-04,mes_declarado,2021-04,,,,,ok,2021-04
2021-04,subtotal_sub_segmento,automoveis/Grandcab,1135,1135,0,,ok,cauda nao publicada: 0 unidades
2021-04,subtotal_sub_segmento,automoveis/Hatch Médios,151,143,-8,-5.2980,cauda_truncada,cauda nao publicada: 8 unidades
2021-04,subtotal_sub_segmento,automoveis/Hatch Pequenos,28438,28418,-20,-0.0703,ok,cauda nao publicada: 20 unidades
2021-04,subtotal_sub_segmento,automoveis/Monocab,769,769,0,,ok,cauda nao publicada: 0 unidades
2021-04,subtotal_sub_segmento,automoveis/Sedans Compactos,9787,9787,0,,ok,cauda nao publicada: 0 unidades
2021-04,subtotal_sub_segmento,automoveis/Sedans Grandes,702,667,-35,-4.9858,cauda_truncada,cauda nao publicada: 35 unidades
2021-04,subtotal_sub_segmento,automoveis/Sedans Pequenos,7737,7737,0,,ok,cauda nao publicada: 0 unidades
2021-04,subtotal_sub_segmento,automoveis/Sedans médios,5298,5298,0,,ok,cauda nao publicada: 0 unidades
2021-04,subtotal_sub_segmento,automoveis/Sports,313,290,-23,-7.3482,cauda_truncada,cauda nao publicada: 23 unidades
2021-04,subtotal_sub_segmento,automoveis/Suv's,53608,52544,-1064,-1.9848,cauda_truncada,cauda nao publicada: 1064 unidades
2021-04,subtotal_sub_segmento,automoveis/Sw Grandes,16,16,0,,ok,cauda nao publicada: 0 unidades
2021-04,subtotal_sub_segmento,automoveis/Sw Médios,4,4,0,,ok,cauda nao publicada: 0 unidades
2021-04,subtotal_sub_segmento,automoveis/Veículos de Entrada,19451,19451,0,,ok,cauda nao publicada: 0 unidades
2021-04,subtotal_sub_segmento,comerciais_leves/Furgões,2123,1697,-426,-20.0659,cauda_truncada,cauda nao publicada: 426 unidades
2021-04,subtotal_sub_segmento,comerciais_leves/Furgões Pequenos,1366,1366,0,,ok,cauda nao publicada: 0 unidades
2021-04,subtotal_sub_segmento,comerciais_leves/Pick-up's Grandes,17643,17640,-3,-0.0170,ok,cauda nao publicada: 3 unidades
2021-04,subtotal_sub_segmento,comerciais_leves/Pick-up's Pequenas,15314,15314,0,,ok,cauda nao publicada: 0 unidades
2021-04,ranking_x_sub_segmento,2021-04,156291,156291,0,,ok,0 modelos divergentes de 74 conferidos; desvio de volume 0.0000%
2021-04,cobertura,automoveis,127453,126259,-1194,-0.9368,medido,cobertura=99.06%
2021-04,cobertura,comerciais_leves,36449,36446,-3,-0.0082,medido,cobertura=99.99%
2021-05,mes_declarado,2021-05,,,,,ok,2021-05
2021-05,subtotal_sub_segmento,automoveis/Grandcab,2367,2367,0,,ok,cauda nao publicada: 0 unidades
2021-05,subtotal_sub_segmento,automoveis/Hatch Médios,142,127,-15,-10.5634,cauda_truncada,cauda nao publicada: 15 unidades
2021-05,subtotal_sub_segmento,automoveis/Hatch Pequenos,31994,31973,-21,-0.0656,ok,cauda nao publicada: 21 unidades
2021-05,subtotal_sub_segmento,automoveis/Monocab,1310,1310,0,,ok,cauda nao publicada: 0 unidades
2021-05,subtotal_sub_segmento,automoveis/Sedans Compactos,8150,8149,-1,-0.0123,ok,cauda nao publicada: 1 unidades
2021-05,subtotal_sub_segmento,automoveis/Sedans Grandes,755,720,-35,-4.6358,cauda_truncada,cauda nao publicada: 35 unidades
2021-05,subtotal_sub_segmento,automoveis/Sedans Pequenos,10208,10208,0,,ok,cauda nao publicada: 0 unidades
2021-05,subtotal_sub_segmento,automoveis/Sedans médios,6418,6416,-2,-0.0312,ok,cauda nao publicada: 2 unidades
2021-05,subtotal_sub_segmento,automoveis/Sports,364,332,-32,-8.7912,cauda_truncada,cauda nao publicada: 32 unidades
2021-05,subtotal_sub_segmento,automoveis/Suv's,59017,57602,-1415,-2.3976,cauda_truncada,cauda nao publicada: 1415 unidades
2021-05,subtotal_sub_segmento,automoveis/Sw Grandes,11,11,0,,ok,cauda nao publicada: 0 unidades
2021-05,subtotal_sub_segmento,automoveis/Sw Médios,1,1,0,,ok,cauda nao publicada: 0 unidades
2021-05,subtotal_sub_segmento,automoveis/Veículos de Entrada,21869,21869,0,,ok,cauda nao publicada: 0 unidades
2021-05,subtotal_sub_segmento,comerciais_leves/Furgões,3278,2790,-488,-14.8871,cauda_truncada,cauda nao publicada: 488 unidades
2021-05,subtotal_sub_segmento,comerciais_leves/Furgões Pequenos,1703,1702,-1,-0.0587,ok,cauda nao publicada: 1 unidades
2021-05,subtotal_sub_segmento,comerciais_leves/Pick-up's Grandes,14851,14849,-2,-0.0135,ok,cauda nao publicada: 2 unidades
2021-05,subtotal_sub_segmento,comerciais_leves/Pick-up's Pequenas,12896,12896,0,,ok,cauda nao publicada: 0 unidades
2021-05,ranking_x_sub_segmento,2021-05,167362,167361,-1,-0.0006,ok,1 modelos divergentes de 75 conferidos; desvio de volume 0.0006%
2021-05,cobertura,automoveis,142673,141085,-1588,-1.1130,medido,cobertura=98.89%
2021-05,cobertura,comerciais_leves,32732,32729,-3,-0.0092,medido,cobertura=99.99%
2021-06,mes_declarado,2021-06,,,,,ok,2021-06
2021-06,subtotal_sub_segmento,automoveis/Grandcab,2010,2010,0,,ok,cauda nao publicada: 0 unidades
2021-06,subtotal_sub_segmento,automoveis/Hatch Médios,173,160,-13,-7.5145,cauda_truncada,cauda nao publicada: 13 unidades
2021-06,subtotal_sub_segmento,automoveis/Hatch Pequenos,28494,28475,-19,-0.0667,ok,cauda nao publicada: 19 unidades
2021-06,subtotal_sub_segmento,automoveis/Monocab,1629,1629,0,,ok,cauda nao publicada: 0 unidades
2021-06,subtotal_sub_segmento,automoveis/Sedans Compactos,6011,6011,0,,ok,cauda nao publicada: 0 unidades
2021-06,subtotal_sub_segmento,automoveis/Sedans Grandes,687,652,-35,-5.0946,cauda_truncada,cauda nao publicada: 35 unidades
2021-06,subtotal_sub_segmento,automoveis/Sedans Pequenos,11764,11764,0,,ok,cauda nao publicada: 0 unidades
2021-06,subtotal_sub_segmento,automoveis/Sedans médios,6546,6545,-1,-0.0153,ok,cauda nao publicada: 1 unidades
2021-06,subtotal_sub_segmento,automoveis/Sports,303,256,-47,-15.5116,cauda_truncada,cauda nao publicada: 47 unidades
2021-06,subtotal_sub_segmento,automoveis/Suv's,54604,52645,-1959,-3.5876,cauda_truncada,cauda nao publicada: 1959 unidades
2021-06,subtotal_sub_segmento,automoveis/Sw Grandes,16,16,0,,ok,cauda nao publicada: 0 unidades
2021-06,subtotal_sub_segmento,automoveis/Sw Médios,0,0,0,,sem_total,
2021-06,subtotal_sub_segmento,automoveis/Veículos de Entrada,21021,21019,-2,-0.0095,ok,cauda nao publicada: 2 unidades
2021-06,subtotal_sub_segmento,comerciais_leves/Furgões,3276,2623,-653,-19.9328,cauda_truncada,cauda nao publicada: 653 unidades
2021-06,subtotal_sub_segmento,comerciais_leves/Furgões Pequenos,2184,2182,-2,-0.0916,ok,cauda nao publicada: 2 unidades
2021-06,subtotal_sub_segmento,comerciais_leves/Pick-up's Grandes,17946,17941,-5,-0.0279,ok,cauda nao publicada: 5 unidades
2021-06,subtotal_sub_segmento,comerciais_leves/Pick-up's Pequenas,12863,12863,0,,ok,cauda nao publicada: 0 unidades
2021-06,ranking_x_sub_segmento,2021-06,160155,160150,-5,-0.0031,ok,4 modelos divergentes de 75 conferidos; desvio de volume 0.0031%
2021-06,cobertura,automoveis,133318,131182,-2136,-1.6022,medido,cobertura=98.40%
2021-06,cobertura,comerciais_leves,36271,36266,-5,-0.0138,medido,cobertura=99.99%
2021-07,mes_declarado,2021-07,,,,,ok,2021-07
2021-07,subtotal_sub_segmento,automoveis/Grandcab,1176,1176,0,,ok,cauda nao publicada: 0 unidades
2021-07,subtotal_sub_segmento,automoveis/Hatch Médios,363,350,-13,-3.5813,cauda_truncada,cauda nao publicada: 13 unidades
2021-07,subtotal_sub_segmento,automoveis/Hatch Pequenos,28358,28320,-38,-0.1340,ok,cauda nao publicada: 38 unidades
2021-07,subtotal_sub_segmento,automoveis/Monocab,1654,1654,0,,ok,cauda nao publicada: 0 unidades
2021-07,subtotal_sub_segmento,automoveis/Sedans Compactos,4960,4960,0,,ok,cauda nao publicada: 0 unidades
2021-07,subtotal_sub_segmento,automoveis/Sedans Grandes,723,693,-30,-4.1494,cauda_truncada,cauda nao publicada: 30 unidades
2021-07,subtotal_sub_segmento,automoveis/Sedans Pequenos,8464,8463,-1,-0.0118,ok,cauda nao publicada: 1 unidades
2021-07,subtotal_sub_segmento,automoveis/Sedans médios,7398,7395,-3,-0.0406,ok,cauda nao publicada: 3 unidades
2021-07,subtotal_sub_segmento,automoveis/Sports,225,191,-34,-15.1111,cauda_truncada,cauda nao publicada: 34 unidades
2021-07,subtotal_sub_segmento,automoveis/Suv's,54027,52083,-1944,-3.5982,cauda_truncada,cauda nao publicada: 1944 unidades
2021-07,subtotal_sub_segmento,automoveis/Sw Grandes,6,6,0,,ok,cauda nao publicada: 0 unidades
2021-07,subtotal_sub_segmento,automoveis/Sw Médios,5,5,0,,ok,cauda nao publicada: 0 unidades
2021-07,subtotal_sub_segmento,automoveis/Veículos de Entrada,16152,16151,-1,-0.0062,ok,cauda nao publicada: 1 unidades
2021-07,subtotal_sub_segmento,comerciais_leves/Furgões,3099,2417,-682,-22.0071,cauda_truncada,cauda nao publicada: 682 unidades
2021-07,subtotal_sub_segmento,comerciais_leves/Furgões Pequenos,1816,1812,-4,-0.2203,ok,cauda nao publicada: 4 unidades
2021-07,subtotal_sub_segmento,comerciais_leves/Pick-up's Grandes,22961,22956,-5,-0.0218,ok,cauda nao publicada: 5 unidades
2021-07,subtotal_sub_segmento,comerciais_leves/Pick-up's Pequenas,10947,10947,0,,ok,cauda nao publicada: 0 unidades
2021-07,ranking_x_sub_segmento,2021-07,153315,153314,-1,-0.0007,ok,1 modelos divergentes de 77 conferidos; desvio de volume 0.0007%
2021-07,cobertura,automoveis,123579,121447,-2132,-1.7252,medido,cobertura=98.27%
2021-07,cobertura,comerciais_leves,38825,38823,-2,-0.0052,medido,cobertura=99.99%
2021-08,mes_declarado,2021-08,,,,,ok,2021-08
2021-08,subtotal_sub_segmento,automoveis/Grandcab,468,468,0,,ok,cauda nao publicada: 0 unidades
2021-08,subtotal_sub_segmento,automoveis/Hatch Médios,378,374,-4,-1.0582,cauda_truncada,cauda nao publicada: 4 unidades
2021-08,subtotal_sub_segmento,automoveis/Hatch Pequenos,20742,20713,-29,-0.1398,ok,cauda nao publicada: 29 unidades
2021-08,subtotal_sub_segmento,automoveis/Monocab,1360,1360,0,,ok,cauda nao publicada: 0 unidades
2021-08,subtotal_sub_segmento,automoveis/Sedans Compactos,3803,3801,-2,-0.0526,ok,cauda nao publicada: 2 unidades
2021-08,subtotal_sub_segmento,automoveis/Sedans Grandes,793,735,-58,-7.3140,cauda_truncada,cauda nao publicada: 58 unidades
2021-08,subtotal_sub_segmento,automoveis/Sedans Pequenos,8019,8019,0,,ok,cauda nao publicada: 0 unidades
2021-08,subtotal_sub_segmento,automoveis/Sedans médios,7670,7669,-1,-0.0130,ok,cauda nao publicada: 1 unidades
2021-08,subtotal_sub_segmento,automoveis/Sports,254,220,-34,-13.3858,cauda_truncada,cauda nao publicada: 34 unidades
2021-08,subtotal_sub_segmento,automoveis/Suv's,58968,57142,-1826,-3.0966,cauda_truncada,cauda nao publicada: 1826 unidades
2021-08,subtotal_sub_segmento,automoveis/Sw Grandes,4,4,0,,ok,cauda nao publicada: 0 unidades
2021-08,subtotal_sub_segmento,automoveis/Sw Médios,2,2,0,,ok,cauda nao publicada: 0 unidades
2021-08,subtotal_sub_segmento,automoveis/Veículos de Entrada,17287,17287,0,,ok,cauda nao publicada: 0 unidades
2021-08,subtotal_sub_segmento,comerciais_leves/Furgões,3500,2795,-705,-20.1429,cauda_truncada,cauda nao publicada: 705 unidades
2021-08,subtotal_sub_segmento,comerciais_leves/Furgões Pequenos,1913,1909,-4,-0.2091,ok,cauda nao publicada: 4 unidades
2021-08,subtotal_sub_segmento,comerciais_leves/Pick-up's Grandes,22580,22575,-5,-0.0221,ok,cauda nao publicada: 5 unidades
2021-08,subtotal_sub_segmento,comerciais_leves/Pick-up's Pequenas,10706,10706,0,,ok,cauda nao publicada: 0 unidades
2021-08,ranking_x_sub_segmento,2021-08,149897,149897,0,,ok,0 modelos divergentes de 74 conferidos; desvio de volume 0.0000%
2021-08,cobertura,automoveis,119813,117794,-2019,-1.6851,medido,cobertura=98.31%
2021-08,cobertura,comerciais_leves,38701,38700,-1,-0.0026,medido,cobertura=100.00%
2021-09,mes_declarado,2021-09,,,,,ok,2021-09
2021-09,subtotal_sub_segmento,automoveis/Grandcab,481,481,0,,ok,cauda nao publicada: 0 unidades
2021-09,subtotal_sub_segmento,automoveis/Hatch Médios,244,237,-7,-2.8689,cauda_truncada,cauda nao publicada: 7 unidades
2021-09,subtotal_sub_segmento,automoveis/Hatch Pequenos,22887,22867,-20,-0.0874,ok,cauda nao publicada: 20 unidades
2021-09,subtotal_sub_segmento,automoveis/Monocab,956,956,0,,ok,cauda nao publicada: 0 unidades
2021-09,subtotal_sub_segmento,automoveis/Sedans Compactos,6937,6934,-3,-0.0432,ok,cauda nao publicada: 3 unidades
2021-09,subtotal_sub_segmento,automoveis/Sedans Grandes,688,628,-60,-8.7209,cauda_truncada,cauda nao publicada: 60 unidades
2021-09,subtotal_sub_segmento,automoveis/Sedans Pequenos,7102,7102,0,,ok,cauda nao publicada: 0 unidades
2021-09,subtotal_sub_segmento,automoveis/Sedans médios,5478,5478,0,,ok,cauda nao publicada: 0 unidades
2021-09,subtotal_sub_segmento,automoveis/Sports,227,190,-37,-16.2996,cauda_truncada,cauda nao publicada: 37 unidades
2021-09,subtotal_sub_segmento,automoveis/Suv's,54015,52415,-1600,-2.9621,cauda_truncada,cauda nao publicada: 1600 unidades
2021-09,subtotal_sub_segmento,automoveis/Sw Grandes,5,5,0,,ok,cauda nao publicada: 0 unidades
2021-09,subtotal_sub_segmento,automoveis/Sw Médios,0,0,0,,sem_total,
2021-09,subtotal_sub_segmento,automoveis/Veículos de Entrada,10006,10006,0,,ok,cauda nao publicada: 0 unidades
2021-09,subtotal_sub_segmento,comerciais_leves/Furgões,3150,2603,-547,-17.3651,cauda_truncada,cauda nao publicada: 547 unidades
2021-09,subtotal_sub_segmento,comerciais_leves/Furgões Pequenos,2416,2412,-4,-0.1656,ok,cauda nao publicada: 4 unidades
2021-09,subtotal_sub_segmento,comerciais_leves/Pick-up's Grandes,20517,20515,-2,-0.0097,ok,cauda nao publicada: 2 unidades
2021-09,subtotal_sub_segmento,comerciais_leves/Pick-up's Pequenas,7191,7189,-2,-0.0278,ok,cauda nao publicada: 2 unidades
2021-09,ranking_x_sub_segmento,2021-09,135355,135344,-11,-0.0081,ok,3 modelos divergentes de 74 conferidos; desvio de volume 0.0081%
2021-09,cobertura,automoveis,109077,107299,-1778,-1.6300,medido,cobertura=98.37%
2021-09,cobertura,comerciais_leves,33277,33271,-6,-0.0180,medido,cobertura=99.98%
2021-10,mes_declarado,2021-10,,,,,ok,2021-10
2021-10,subtotal_sub_segmento,automoveis/Grandcab,613,613,0,,ok,cauda nao publicada: 0 unidades
2021-10,subtotal_sub_segmento,automoveis/Hatch Médios,323,322,-1,-0.3096,ok,cauda nao publicada: 1 unidades
2021-10,subtotal_sub_segmento,automoveis/Hatch Pequenos,25962,25932,-30,-0.1156,ok,cauda nao publicada: 30 unidades
2021-10,subtotal_sub_segmento,automoveis/Monocab,789,789,0,,ok,cauda nao publicada: 0 unidades
2021-10,subtotal_sub_segmento,automoveis/Sedans Compactos,7679,7678,-1,-0.0130,ok,cauda nao publicada: 1 unidades
2021-10,subtotal_sub_segmento,automoveis/Sedans Grandes,629,585,-44,-6.9952,cauda_truncada,cauda nao publicada: 44 unidades
2021-10,subtotal_sub_segmento,automoveis/Sedans Pequenos,8844,8844,0,,ok,cauda nao publicada: 0 unidades
2021-10,subtotal_sub_segmento,automoveis/Sedans médios,5727,5726,-1,-0.0175,ok,cauda nao publicada: 1 unidades
2021-10,subtotal_sub_segmento,automoveis/Sports,253,224,-29,-11.4625,cauda_truncada,cauda nao publicada: 29 unidades
2021-10,subtotal_sub_segmento,automoveis/Suv's,57434,55781,-1653,-2.8781,cauda_truncada,cauda nao publicada: 1653 unidades
2021-10,subtotal_sub_segmento,automoveis/Sw Grandes,4,4,0,,ok,cauda nao publicada: 0 unidades
2021-10,subtotal_sub_segmento,automoveis/Sw Médios,2,1,-1,-50.0000,cauda_truncada,cauda nao publicada: 1 unidades
2021-10,subtotal_sub_segmento,automoveis/Veículos de Entrada,11009,11009,0,,ok,cauda nao publicada: 0 unidades
2021-10,subtotal_sub_segmento,comerciais_leves/Furgões,3167,2570,-597,-18.8506,cauda_truncada,cauda nao publicada: 597 unidades
2021-10,subtotal_sub_segmento,comerciais_leves/Furgões Pequenos,2042,2042,0,,ok,cauda nao publicada: 0 unidades
2021-10,subtotal_sub_segmento,comerciais_leves/Pick-up's Grandes,17228,17222,-6,-0.0348,ok,cauda nao publicada: 6 unidades
2021-10,subtotal_sub_segmento,comerciais_leves/Pick-up's Pequenas,8327,8327,0,,ok,cauda nao publicada: 0 unidades
2021-10,ranking_x_sub_segmento,2021-10,143337,143336,-1,-0.0007,ok,1 modelos divergentes de 74 conferidos; desvio de volume 0.0007%
2021-10,cobertura,automoveis,119315,117880,-1435,-1.2027,medido,cobertura=98.80%
2021-10,cobertura,comerciais_leves,30764,30763,-1,-0.0033,medido,cobertura=100.00%
2021-11,mes_declarado,2021-11,,,,,ok,2021-11
2021-11,subtotal_sub_segmento,automoveis/Grandcab,767,766,-1,-0.1304,ok,cauda nao publicada: 1 unidades
2021-11,subtotal_sub_segmento,automoveis/Hatch Médios,153,152,-1,-0.6536,cauda_truncada,cauda nao publicada: 1 unidades
2021-11,subtotal_sub_segmento,automoveis/Hatch Pequenos,25783,25724,-59,-0.2288,ok,cauda nao publicada: 59 unidades
2021-11,subtotal_sub_segmento,automoveis/Monocab,404,404,0,,ok,cauda nao publicada: 0 unidades
2021-11,subtotal_sub_segmento,automoveis/Sedans Compactos,10889,10889,0,,ok,cauda nao publicada: 0 unidades
2021-11,subtotal_sub_segmento,automoveis/Sedans Grandes,585,540,-45,-7.6923,cauda_truncada,cauda nao publicada: 45 unidades
2021-11,subtotal_sub_segmento,automoveis/Sedans Pequenos,11073,11073,0,,ok,cauda nao publicada: 0 unidades
2021-11,subtotal_sub_segmento,automoveis/Sedans médios,7188,7188,0,,ok,cauda nao publicada: 0 unidades
2021-11,subtotal_sub_segmento,automoveis/Sports,156,136,-20,-12.8205,cauda_truncada,cauda nao publicada: 20 unidades
2021-11,subtotal_sub_segmento,automoveis/Suv's,57599,55973,-1626,-2.8230,cauda_truncada,cauda nao publicada: 1626 unidades
2021-11,subtotal_sub_segmento,automoveis/Sw Grandes,3,3,0,,ok,cauda nao publicada: 0 unidades
2021-11,subtotal_sub_segmento,automoveis/Sw Médios,0,0,0,,sem_total,
2021-11,subtotal_sub_segmento,automoveis/Veículos de Entrada,11321,11321,0,,ok,cauda nao publicada: 0 unidades
2021-11,subtotal_sub_segmento,comerciais_leves/Furgões,3632,2976,-656,-18.0617,cauda_truncada,cauda nao publicada: 656 unidades
2021-11,subtotal_sub_segmento,comerciais_leves/Furgões Pequenos,1706,1704,-2,-0.1172,ok,cauda nao publicada: 2 unidades
2021-11,subtotal_sub_segmento,comerciais_leves/Pick-up's Grandes,19070,19026,-44,-0.2307,ok,cauda nao publicada: 44 unidades
2021-11,subtotal_sub_segmento,comerciais_leves/Pick-up's Pequenas,10642,10642,0,,ok,cauda nao publicada: 0 unidades
2021-11,ranking_x_sub_segmento,2021-11,154828,154825,-3,-0.0019,ok,3 modelos divergentes de 77 conferidos; desvio de volume 0.0019%
2021-11,cobertura,automoveis,125974,124169,-1805,-1.4328,medido,cobertura=98.57%
2021-11,cobertura,comerciais_leves,35053,35049,-4,-0.0114,medido,cobertura=99.99%
2021-12,mes_declarado,2021-12,,,,,ok,2021-12
2021-12,subtotal_sub_segmento,automoveis/Grandcab,1610,1610,0,,ok,cauda nao publicada: 0 unidades
2021-12,subtotal_sub_segmento,automoveis/Hatch Médios,329,321,-8,-2.4316,cauda_truncada,cauda nao publicada: 8 unidades
2021-12,subtotal_sub_segmento,automoveis/Hatch Pequenos,28680,28644,-36,-0.1255,ok,cauda nao publicada: 36 unidades
2021-12,subtotal_sub_segmento,automoveis/Monocab,485,485,0,,ok,cauda nao publicada: 0 unidades
2021-12,subtotal_sub_segmento,automoveis/Sedans Compactos,12091,12089,-2,-0.0165,ok,cauda nao publicada: 2 unidades
2021-12,subtotal_sub_segmento,automoveis/Sedans Grandes,541,495,-46,-8.5028,cauda_truncada,cauda nao publicada: 46 unidades
2021-12,subtotal_sub_segmento,automoveis/Sedans Pequenos,15061,15061,0,,ok,cauda nao publicada: 0 unidades
2021-12,subtotal_sub_segmento,automoveis/Sedans médios,8240,8239,-1,-0.0121,ok,cauda nao publicada: 1 unidades
2021-12,subtotal_sub_segmento,automoveis/Sports,213,183,-30,-14.0845,cauda_truncada,cauda nao publicada: 30 unidades
2021-12,subtotal_sub_segmento,automoveis/Suv's,69856,68232,-1624,-2.3248,cauda_truncada,cauda nao publicada: 1624 unidades
2021-12,subtotal_sub_segmento,automoveis/Sw Grandes,1,1,0,,ok,cauda nao publicada: 0 unidades
2021-12,subtotal_sub_segmento,automoveis/Sw Médios,1,1,0,,ok,cauda nao publicada: 0 unidades
2021-12,subtotal_sub_segmento,automoveis/Veículos de Entrada,18992,18992,0,,ok,cauda nao publicada: 0 unidades
2021-12,subtotal_sub_segmento,comerciais_leves/Furgões,3607,3002,-605,-16.7729,cauda_truncada,cauda nao publicada: 605 unidades
2021-12,subtotal_sub_segmento,comerciais_leves/Furgões Pequenos,1292,1286,-6,-0.4644,ok,cauda nao publicada: 6 unidades
2021-12,subtotal_sub_segmento,comerciais_leves/Pick-up's Grandes,20879,20873,-6,-0.0287,ok,cauda nao publicada: 6 unidades
2021-12,subtotal_sub_segmento,comerciais_leves/Pick-up's Pequenas,11629,11629,0,,ok,cauda nao publicada: 0 unidades
2021-12,ranking_x_sub_segmento,2021-12,187122,187122,0,,ok,0 modelos divergentes de 75 conferidos; desvio de volume 0.0000%
2021-12,cobertura,automoveis,156146,154353,-1793,-1.1483,medido,cobertura=98.85%
2021-12,cobertura,comerciais_leves,37409,37407,-2,-0.0053,medido,cobertura=99.99%
2022-01,mes_declarado,2022-01,,,,,ok,2022-01
2022-01,subtotal_sub_segmento,automoveis/Grandcab,564,564,0,,ok,cauda nao publicada: 0 unidades
2022-01,subtotal_sub_segmento,automoveis/Hatch Médios,127,127,0,,ok,cauda nao publicada: 0 unidades
2022-01,subtotal_sub_segmento,automoveis/Hatch Pequenos,17531,17517,-14,-0.0799,ok,cauda nao publicada: 14 unidades
2022-01,subtotal_sub_segmento,automoveis/Monocab,203,203,0,,ok,cauda nao publicada: 0 unidades
2022-01,subtotal_sub_segmento,automoveis/Sedans Compactos,6443,6443,0,,ok,cauda nao publicada: 0 unidades
2022-01,subtotal_sub_segmento,automoveis/Sedans Grandes,502,488,-14,-2.7888,cauda_truncada,cauda nao publicada: 14 unidades
2022-01,subtotal_sub_segmento,automoveis/Sedans Pequenos,5882,5882,0,,ok,cauda nao publicada: 0 unidades
2022-01,subtotal_sub_segmento,automoveis/Sedans médios,4170,4170,0,,ok,cauda nao publicada: 0 unidades
2022-01,subtotal_sub_segmento,automoveis/Sports,130,119,-11,-8.4615,cauda_truncada,cauda nao publicada: 11 unidades
2022-01,subtotal_sub_segmento,automoveis/Suv's,46832,45928,-904,-1.9303,cauda_truncada,cauda nao publicada: 904 unidades
2022-01,subtotal_sub_segmento,automoveis/Veículos de Entrada,9776,9776,0,,ok,cauda nao publicada: 0 unidades
2022-01,subtotal_sub_segmento,comerciais_leves/Furgões,2481,2143,-338,-13.6235,cauda_truncada,cauda nao publicada: 338 unidades
2022-01,subtotal_sub_segmento,comerciais_leves/Furgões Pequenos,1390,1390,0,,ok,cauda nao publicada: 0 unidades
2022-01,subtotal_sub_segmento,comerciais_leves/Pick-up's Grandes,12615,12609,-6,-0.0476,ok,cauda nao publicada: 6 unidades
2022-01,subtotal_sub_segmento,comerciais_leves/Pick-up's Pequenas,7902,7902,0,,ok,cauda nao publicada: 0 unidades
2022-01,ranking_x_sub_segmento,2022-01,111913,111913,0,,ok,0 modelos divergentes de 75 conferidos; desvio de volume 0.0000%
2022-01,cobertura,automoveis,92212,91221,-991,-1.0747,medido,cobertura=98.93%
2022-01,cobertura,comerciais_leves,24389,24387,-2,-0.0082,medido,cobertura=99.99%
2022-02,mes_declarado,2022-02,,,,,ok,2022-02
2022-02,subtotal_sub_segmento,automoveis/Grandcab,127,127,0,,ok,cauda nao publicada: 0 unidades
2022-02,subtotal_sub_segmento,automoveis/Hatch Médios,136,132,-4,-2.9412,cauda_truncada,cauda nao publicada: 4 unidades
2022-02,subtotal_sub_segmento,automoveis/Hatch Pequenos,22185,22151,-34,-0.1533,ok,cauda nao publicada: 34 unidades
2022-02,subtotal_sub_segmento,automoveis/Monocab,138,138,0,,ok,cauda nao publicada: 0 unidades
2022-02,subtotal_sub_segmento,automoveis/Sedans Compactos,9379,9378,-1,-0.0107,ok,cauda nao publicada: 1 unidades
2022-02,subtotal_sub_segmento,automoveis/Sedans Grandes,689,681,-8,-1.1611,cauda_truncada,cauda nao publicada: 8 unidades
2022-02,subtotal_sub_segmento,automoveis/Sedans Pequenos,7086,7086,0,,ok,cauda nao publicada: 0 unidades
2022-02,subtotal_sub_segmento,automoveis/Sedans médios,3977,3977,0,,ok,cauda nao publicada: 0 unidades
2022-02,subtotal_sub_segmento,automoveis/Sports,143,124,-19,-13.2867,cauda_truncada,cauda nao publicada: 19 unidades
2022-02,subtotal_sub_segmento,automoveis/Suv's,43483,42716,-767,-1.7639,cauda_truncada,cauda nao publicada: 767 unidades
2022-02,subtotal_sub_segmento,automoveis/Sw Grandes,5,5,0,,ok,cauda nao publicada: 0 unidades
2022-02,subtotal_sub_segmento,automoveis/Sw Médios,0,0,0,,sem_total,
2022-02,subtotal_sub_segmento,automoveis/Veículos de Entrada,10184,10184,0,,ok,cauda nao publicada: 0 unidades
2022-02,subtotal_sub_segmento,comerciais_leves/Furgões,2206,1859,-347,-15.7298,cauda_truncada,cauda nao publicada: 347 unidades
2022-02,subtotal_sub_segmento,comerciais_leves/Furgões Pequenos,1614,1613,-1,-0.0620,ok,cauda nao publicada: 1 unidades
2022-02,subtotal_sub_segmento,comerciais_leves/Pick-up's Grandes,11220,11214,-6,-0.0535,ok,cauda nao publicada: 6 unidades
2022-02,subtotal_sub_segmento,comerciais_leves/Pick-up's Pequenas,7559,7559,0,,ok,cauda nao publicada: 0 unidades
2022-02,ranking_x_sub_segmento,2022-02,116166,116166,0,,ok,0 modelos divergentes de 75 conferidos; desvio de volume 0.0000%
2022-02,cobertura,automoveis,97590,96699,-891,-0.9130,medido,cobertura=99.09%
2022-02,cobertura,comerciais_leves,22602,22600,-2,-0.0088,medido,cobertura=99.99%
2022-03,mes_declarado,2022-03,,,,,ok,2022-03
2022-03,subtotal_sub_segmento,automoveis/Grandcab,1253,1253,0,,ok,cauda nao publicada: 0 unidades
2022-03,subtotal_sub_segmento,automoveis/Hatch Médios,243,240,-3,-1.2346,cauda_truncada,cauda nao publicada: 3 unidades
2022-03,subtotal_sub_segmento,automoveis/Hatch Pequenos,23036,23006,-30,-0.1302,ok,cauda nao publicada: 30 unidades
2022-03,subtotal_sub_segmento,automoveis/Monocab,185,185,0,,ok,cauda nao publicada: 0 unidades
2022-03,subtotal_sub_segmento,automoveis/Sedans Compactos,8667,8667,0,,ok,cauda nao publicada: 0 unidades
2022-03,subtotal_sub_segmento,automoveis/Sedans Grandes,715,703,-12,-1.6783,cauda_truncada,cauda nao publicada: 12 unidades
2022-03,subtotal_sub_segmento,automoveis/Sedans Pequenos,4310,4309,-1,-0.0232,ok,cauda nao publicada: 1 unidades
2022-03,subtotal_sub_segmento,automoveis/Sedans médios,5523,5523,0,,ok,cauda nao publicada: 0 unidades
2022-03,subtotal_sub_segmento,automoveis/Sports,155,132,-23,-14.8387,cauda_truncada,cauda nao publicada: 23 unidades
2022-03,subtotal_sub_segmento,automoveis/Suv's,52712,51645,-1067,-2.0242,cauda_truncada,cauda nao publicada: 1067 unidades
2022-03,subtotal_sub_segmento,automoveis/Sw Grandes,0,0,0,,sem_total,
2022-03,subtotal_sub_segmento,automoveis/Sw Médios,0,0,0,,sem_total,
2022-03,subtotal_sub_segmento,automoveis/Veículos de Entrada,11389,11389,0,,ok,cauda nao publicada: 0 unidades
2022-03,subtotal_sub_segmento,comerciais_leves/Furgões,2650,2203,-447,-16.8679,cauda_truncada,cauda nao publicada: 447 unidades
2022-03,subtotal_sub_segmento,comerciais_leves/Furgões Pequenos,2040,2037,-3,-0.1471,ok,cauda nao publicada: 3 unidades
2022-03,subtotal_sub_segmento,comerciais_leves/Pick-up's Grandes,14299,14261,-38,-0.2658,ok,cauda nao publicada: 38 unidades
2022-03,subtotal_sub_segmento,comerciais_leves/Pick-up's Pequenas,7668,7668,0,,ok,cauda nao publicada: 0 unidades
2022-03,ranking_x_sub_segmento,2022-03,130145,130144,-1,-0.0008,ok,1 modelos divergentes de 75 conferidos; desvio de volume 0.0008%
2022-03,cobertura,automoveis,108244,107052,-1192,-1.1012,medido,cobertura=98.90%
2022-03,cobertura,comerciais_leves,26660,26657,-3,-0.0113,medido,cobertura=99.99%
2022-04,mes_declarado,2022-04,,,,,ok,2022-04
2022-04,subtotal_sub_segmento,automoveis/Grandcab,1652,1651,-1,-0.0605,ok,cauda nao publicada: 1 unidades
2022-04,subtotal_sub_segmento,automoveis/Hatch Médios,238,234,-4,-1.6807,cauda_truncada,cauda nao publicada: 4 unidades
2022-04,subtotal_sub_segmento,automoveis/Hatch Pequenos,24668,24656,-12,-0.0486,ok,cauda nao publicada: 12 unidades
2022-04,subtotal_sub_segmento,automoveis/Monocab,7,7,0,,ok,cauda nao publicada: 0 unidades
2022-04,subtotal_sub_segmento,automoveis/Sedans Compactos,9575,9575,0,,ok,cauda nao publicada: 0 unidades
2022-04,subtotal_sub_segmento,automoveis/Sedans Grandes,507,487,-20,-3.9448,cauda_truncada,cauda nao publicada: 20 unidades
2022-04,subtotal_sub_segmento,automoveis/Sedans Pequenos,7392,7392,0,,ok,cauda nao publicada: 0 unidades
2022-04,subtotal_sub_segmento,automoveis/Sedans médios,5308,5308,0,,ok,cauda nao publicada: 0 unidades
2022-04,subtotal_sub_segmento,automoveis/Sports,156,137,-19,-12.1795,cauda_truncada,cauda nao publicada: 19 unidades
2022-04,subtotal_sub_segmento,automoveis/Suv's,49509,48169,-1340,-2.7066,cauda_truncada,cauda nao publicada: 1340 unidades
2022-04,subtotal_sub_segmento,automoveis/Sw Grandes,1,1,0,,ok,cauda nao publicada: 0 unidades
2022-04,subtotal_sub_segmento,automoveis/Sw Médios,0,0,0,,sem_total,
2022-04,subtotal_sub_segmento,automoveis/Veículos de Entrada,10621,10621,0,,ok,cauda nao publicada: 0 unidades
2022-04,subtotal_sub_segmento,comerciais_leves/Furgões,2517,2177,-340,-13.5081,cauda_truncada,cauda nao publicada: 340 unidades
2022-04,subtotal_sub_segmento,comerciais_leves/Furgões Pequenos,913,913,0,,ok,cauda nao publicada: 0 unidades
2022-04,subtotal_sub_segmento,comerciais_leves/Pick-up's Grandes,15196,15184,-12,-0.0790,ok,cauda nao publicada: 12 unidades
2022-04,subtotal_sub_segmento,comerciais_leves/Pick-up's Pequenas,8027,8027,0,,ok,cauda nao publicada: 0 unidades
2022-04,ranking_x_sub_segmento,2022-04,132054,132054,0,,ok,0 modelos divergentes de 74 conferidos; desvio de volume 0.0000%
2022-04,cobertura,automoveis,109684,108238,-1446,-1.3183,medido,cobertura=98.68%
2022-04,cobertura,comerciais_leves,26657,26654,-3,-0.0113,medido,cobertura=99.99%
2022-05,mes_declarado,2022-05,,,,,ok,2022-05
2022-05,subtotal_sub_segmento,automoveis/Grandcab,1955,1953,-2,-0.1023,ok,cauda nao publicada: 2 unidades
2022-05,subtotal_sub_segmento,automoveis/Hatch Médios,244,235,-9,-3.6885,cauda_truncada,cauda nao publicada: 9 unidades
2022-05,subtotal_sub_segmento,automoveis/Hatch Pequenos,28578,28562,-16,-0.0560,ok,cauda nao publicada: 16 unidades
2022-05,subtotal_sub_segmento,automoveis/Monocab,6,6,0,,ok,cauda nao publicada: 0 unidades
2022-05,subtotal_sub_segmento,automoveis/Sedans Compactos,10514,10512,-2,-0.0190,ok,cauda nao publicada: 2 unidades
2022-05,subtotal_sub_segmento,automoveis/Sedans Grandes,644,629,-15,-2.3292,cauda_truncada,cauda nao publicada: 15 unidades
2022-05,subtotal_sub_segmento,automoveis/Sedans Pequenos,10660,10659,-1,-0.0094,ok,cauda nao publicada: 1 unidades
2022-05,subtotal_sub_segmento,automoveis/Sedans médios,5595,5595,0,,ok,cauda nao publicada: 0 unidades
2022-05,subtotal_sub_segmento,automoveis/Sports,150,131,-19,-12.6667,cauda_truncada,cauda nao publicada: 19 unidades
2022-05,subtotal_sub_segmento,automoveis/Suv's,63785,62266,-1519,-2.3814,cauda_truncada,cauda nao publicada: 1519 unidades
2022-05,subtotal_sub_segmento,automoveis/Sw Grandes,6,6,0,,ok,cauda nao publicada: 0 unidades
2022-05,subtotal_sub_segmento,automoveis/Sw Médios,2,2,0,,ok,cauda nao publicada: 0 unidades
2022-05,subtotal_sub_segmento,automoveis/Veículos de Entrada,17264,17263,-1,-0.0058,ok,cauda nao publicada: 1 unidades
2022-05,subtotal_sub_segmento,comerciais_leves/Furgões,3298,2893,-405,-12.2802,cauda_truncada,cauda nao publicada: 405 unidades
2022-05,subtotal_sub_segmento,comerciais_leves/Furgões Pequenos,2270,2263,-7,-0.3084,ok,cauda nao publicada: 7 unidades
2022-05,subtotal_sub_segmento,comerciais_leves/Pick-up's Grandes,16785,16647,-138,-0.8222,cauda_truncada,cauda nao publicada: 138 unidades
2022-05,subtotal_sub_segmento,comerciais_leves/Pick-up's Pequenas,12983,12983,0,,ok,cauda nao publicada: 0 unidades
2022-05,ranking_x_sub_segmento,2022-05,169914,169907,-7,-0.0041,ok,1 modelos divergentes de 73 conferidos; desvio de volume 0.0041%
2022-05,cobertura,automoveis,139472,138045,-1427,-1.0231,medido,cobertura=98.98%
2022-05,cobertura,comerciais_leves,35342,35330,-12,-0.0340,medido,cobertura=99.97%
2022-06,mes_declarado,2022-06,,,,,ok,2022-06
2022-06,subtotal_sub_segmento,automoveis/Grandcab,1569,1569,0,,ok,cauda nao publicada: 0 unidades
2022-06,subtotal_sub_segmento,automoveis/Hatch Médios,254,246,-8,-3.1496,cauda_truncada,cauda nao publicada: 8 unidades
2022-06,subtotal_sub_segmento,automoveis/Hatch Pequenos,24723,24679,-44,-0.1780,ok,cauda nao publicada: 44 unidades
2022-06,subtotal_sub_segmento,automoveis/Monocab,4,4,0,,ok,cauda nao publicada: 0 unidades
2022-06,subtotal_sub_segmento,automoveis/Sedans Compactos,8376,8361,-15,-0.1791,ok,cauda nao publicada: 15 unidades
2022-06,subtotal_sub_segmento,automoveis/Sedans Grandes,611,592,-19,-3.1097,cauda_truncada,cauda nao publicada: 19 unidades
2022-06,subtotal_sub_segmento,automoveis/Sedans Pequenos,13129,13129,0,,ok,cauda nao publicada: 0 unidades
2022-06,subtotal_sub_segmento,automoveis/Sedans médios,5209,5209,0,,ok,cauda nao publicada: 0 unidades
2022-06,subtotal_sub_segmento,automoveis/Sports,193,175,-18,-9.3264,cauda_truncada,cauda nao publicada: 18 unidades
2022-06,subtotal_sub_segmento,automoveis/Suv's,60227,58603,-1624,-2.6965,cauda_truncada,cauda nao publicada: 1624 unidades
2022-06,subtotal_sub_segmento,automoveis/Sw Grandes,3,3,0,,ok,cauda nao publicada: 0 unidades
2022-06,subtotal_sub_segmento,automoveis/Sw Médios,2,2,0,,ok,cauda nao publicada: 0 unidades
2022-06,subtotal_sub_segmento,automoveis/Veículos de Entrada,19230,19230,0,,ok,cauda nao publicada: 0 unidades
2022-06,subtotal_sub_segmento,comerciais_leves/Furgões,2522,1959,-563,-22.3236,cauda_truncada,cauda nao publicada: 563 unidades
2022-06,subtotal_sub_segmento,comerciais_leves/Furgões Pequenos,2068,2067,-1,-0.0484,ok,cauda nao publicada: 1 unidades
2022-06,subtotal_sub_segmento,comerciais_leves/Pick-up's Grandes,16703,16532,-171,-1.0238,cauda_truncada,cauda nao publicada: 171 unidades
2022-06,subtotal_sub_segmento,comerciais_leves/Pick-up's Pequenas,10588,10588,0,,ok,cauda nao publicada: 0 unidades
2022-06,ranking_x_sub_segmento,2022-06,160158,160158,0,,ok,0 modelos divergentes de 72 conferidos; desvio de volume 0.0000%
2022-06,cobertura,automoveis,133587,132198,-1389,-1.0398,medido,cobertura=98.96%
2022-06,cobertura,comerciais_leves,31883,31876,-7,-0.0220,medido,cobertura=99.98%
2022-07,mes_declarado,2022-07,,,,,ok,2022-07
2022-07,subtotal_sub_segmento,automoveis/Grandcab,1292,1292,0,,ok,cauda nao publicada: 0 unidades
2022-07,subtotal_sub_segmento,automoveis/Hatch Médios,191,184,-7,-3.6649,cauda_truncada,cauda nao publicada: 7 unidades
2022-07,subtotal_sub_segmento,automoveis/Hatch Pequenos,30994,30937,-57,-0.1839,ok,cauda nao publicada: 57 unidades
2022-07,subtotal_sub_segmento,automoveis/Monocab,1,1,0,,ok,cauda nao publicada: 0 unidades
2022-07,subtotal_sub_segmento,automoveis/Sedans Compactos,12550,12548,-2,-0.0159,ok,cauda nao publicada: 2 unidades
2022-07,subtotal_sub_segmento,automoveis/Sedans Grandes,522,503,-19,-3.6398,cauda_truncada,cauda nao publicada: 19 unidades
2022-07,subtotal_sub_segmento,automoveis/Sedans Pequenos,10957,10957,0,,ok,cauda nao publicada: 0 unidades
2022-07,subtotal_sub_segmento,automoveis/Sedans médios,5399,5398,-1,-0.0185,ok,cauda nao publicada: 1 unidades
2022-07,subtotal_sub_segmento,automoveis/Sports,184,158,-26,-14.1304,cauda_truncada,cauda nao publicada: 26 unidades
2022-07,subtotal_sub_segmento,automoveis/Suv's,53438,51866,-1572,-2.9417,cauda_truncada,cauda nao publicada: 1572 unidades
2022-07,subtotal_sub_segmento,automoveis/Sw Grandes,3,3,0,,ok,cauda nao publicada: 0 unidades
2022-07,subtotal_sub_segmento,automoveis/Sw Médios,1,1,0,,ok,cauda nao publicada: 0 unidades
2022-07,subtotal_sub_segmento,automoveis/Veículos de Entrada,19921,19921,0,,ok,cauda nao publicada: 0 unidades
2022-07,subtotal_sub_segmento,comerciais_leves/Furgões,2599,1936,-663,-25.5098,cauda_truncada,cauda nao publicada: 663 unidades
2022-07,subtotal_sub_segmento,comerciais_leves/Furgões Pequenos,1674,1673,-1,-0.0597,ok,cauda nao publicada: 1 unidades
2022-07,subtotal_sub_segmento,comerciais_leves/Pick-up's Grandes,16643,16396,-247,-1.4841,cauda_truncada,cauda nao publicada: 247 unidades
2022-07,subtotal_sub_segmento,comerciais_leves/Pick-up's Pequenas,12651,12651,0,,ok,cauda nao publicada: 0 unidades
2022-07,ranking_x_sub_segmento,2022-07,164165,164163,-2,-0.0012,ok,2 modelos divergentes de 74 conferidos; desvio de volume 0.0012%
2022-07,cobertura,automoveis,135522,134093,-1429,-1.0544,medido,cobertura=98.95%
2022-07,cobertura,comerciais_leves,33571,33563,-8,-0.0238,medido,cobertura=99.98%
2022-08,mes_declarado,2022-08,,,,,ok,2022-08
2022-08,subtotal_sub_segmento,automoveis/Grandcab,1558,1555,-3,-0.1926,ok,cauda nao publicada: 3 unidades
2022-08,subtotal_sub_segmento,automoveis/Hatch Médios,220,212,-8,-3.6364,cauda_truncada,cauda nao publicada: 8 unidades
2022-08,subtotal_sub_segmento,automoveis/Hatch Pequenos,36372,36158,-214,-0.5884,cauda_truncada,cauda nao publicada: 214 unidades
2022-08,subtotal_sub_segmento,automoveis/Monocab,1,1,0,,ok,cauda nao publicada: 0 unidades
2022-08,subtotal_sub_segmento,automoveis/Sedans Compactos,12859,12859,0,,ok,cauda nao publicada: 0 unidades
2022-08,subtotal_sub_segmento,automoveis/Sedans Grandes,485,460,-25,-5.1546,cauda_truncada,cauda nao publicada: 25 unidades
2022-08,subtotal_sub_segmento,automoveis/Sedans Pequenos,11042,11042,0,,ok,cauda nao publicada: 0 unidades
2022-08,subtotal_sub_segmento,automoveis/Sedans médios,4493,4493,0,,ok,cauda nao publicada: 0 unidades
2022-08,subtotal_sub_segmento,automoveis/Sports,187,151,-36,-19.2513,cauda_truncada,cauda nao publicada: 36 unidades
2022-08,subtotal_sub_segmento,automoveis/Suv's,61621,59883,-1738,-2.8205,cauda_truncada,cauda nao publicada: 1738 unidades
2022-08,subtotal_sub_segmento,automoveis/Sw Grandes,2,2,0,,ok,cauda nao publicada: 0 unidades
2022-08,subtotal_sub_segmento,automoveis/Sw Médios,2,2,0,,ok,cauda nao publicada: 0 unidades
2022-08,subtotal_sub_segmento,automoveis/Veículos de Entrada,26175,26173,-2,-0.0076,ok,cauda nao publicada: 2 unidades
2022-08,subtotal_sub_segmento,comerciais_leves/Furgões,2996,2299,-697,-23.2644,cauda_truncada,cauda nao publicada: 697 unidades
2022-08,subtotal_sub_segmento,comerciais_leves/Furgões Pequenos,2813,2808,-5,-0.1777,ok,cauda nao publicada: 5 unidades
2022-08,subtotal_sub_segmento,comerciais_leves/Pick-up's Grandes,16253,15985,-268,-1.6489,cauda_truncada,cauda nao publicada: 268 unidades
2022-08,subtotal_sub_segmento,comerciais_leves/Pick-up's Pequenas,16982,16982,0,,ok,cauda nao publicada: 0 unidades
2022-08,ranking_x_sub_segmento,2022-08,188771,188771,0,,ok,0 modelos divergentes de 70 conferidos; desvio de volume 0.0000%
2022-08,cobertura,automoveis,155095,153322,-1773,-1.1432,medido,cobertura=98.86%
2022-08,cobertura,comerciais_leves,39047,39037,-10,-0.0256,medido,cobertura=99.97%
2022-09,mes_declarado,2022-09,,,,,ok,2022-09
2022-09,subtotal_sub_segmento,automoveis/Grandcab,2091,2091,0,,ok,cauda nao publicada: 0 unidades
2022-09,subtotal_sub_segmento,automoveis/Hatch Médios,173,164,-9,-5.2023,cauda_truncada,cauda nao publicada: 9 unidades
2022-09,subtotal_sub_segmento,automoveis/Hatch Pequenos,33229,33197,-32,-0.0963,ok,cauda nao publicada: 32 unidades
2022-09,subtotal_sub_segmento,automoveis/Monocab,4,4,0,,ok,cauda nao publicada: 0 unidades
2022-09,subtotal_sub_segmento,automoveis/Sedans Compactos,11396,11394,-2,-0.0176,ok,cauda nao publicada: 2 unidades
2022-09,subtotal_sub_segmento,automoveis/Sedans Grandes,557,539,-18,-3.2316,cauda_truncada,cauda nao publicada: 18 unidades
2022-09,subtotal_sub_segmento,automoveis/Sedans Pequenos,9989,9989,0,,ok,cauda nao publicada: 0 unidades
2022-09,subtotal_sub_segmento,automoveis/Sedans médios,4556,4556,0,,ok,cauda nao publicada: 0 unidades
2022-09,subtotal_sub_segmento,automoveis/Sports,247,218,-29,-11.7409,cauda_truncada,cauda nao publicada: 29 unidades
2022-09,subtotal_sub_segmento,automoveis/Suv's,61915,59844,-2071,-3.3449,cauda_truncada,cauda nao publicada: 2071 unidades
2022-09,subtotal_sub_segmento,automoveis/Sw Grandes,1,1,0,,ok,cauda nao publicada: 0 unidades
2022-09,subtotal_sub_segmento,automoveis/Sw Médios,0,0,0,,sem_total,
2022-09,subtotal_sub_segmento,automoveis/Veículos de Entrada,18988,18988,0,,ok,cauda nao publicada: 0 unidades
2022-09,subtotal_sub_segmento,comerciais_leves/Furgões,3178,2218,-960,-30.2077,cauda_truncada,cauda nao publicada: 960 unidades
2022-09,subtotal_sub_segmento,comerciais_leves/Furgões Pequenos,2136,2135,-1,-0.0468,ok,cauda nao publicada: 1 unidades
2022-09,subtotal_sub_segmento,comerciais_leves/Pick-up's Grandes,17395,17184,-211,-1.2130,cauda_truncada,cauda nao publicada: 211 unidades
2022-09,subtotal_sub_segmento,comerciais_leves/Pick-up's Pequenas,14504,14503,-1,-0.0069,ok,cauda nao publicada: 1 unidades
2022-09,ranking_x_sub_segmento,2022-09,174195,174195,0,,ok,0 modelos divergentes de 72 conferidos; desvio de volume 0.0000%
2022-09,cobertura,automoveis,143210,141417,-1793,-1.2520,medido,cobertura=98.75%
2022-09,cobertura,comerciais_leves,37214,37211,-3,-0.0081,medido,cobertura=99.99%
2022-10,mes_declarado,2022-10,,,,,ok,2022-10
2022-10,subtotal_sub_segmento,automoveis/Grandcab,1763,1762,-1,-0.0567,ok,cauda nao publicada: 1 unidades
2022-10,subtotal_sub_segmento,automoveis/Hatch Médios,158,152,-6,-3.7975,cauda_truncada,cauda nao publicada: 6 unidades
2022-10,subtotal_sub_segmento,automoveis/Hatch Pequenos,32384,32361,-23,-0.0710,ok,cauda nao publicada: 23 unidades
2022-10,subtotal_sub_segmento,automoveis/Monocab,5,5,0,,ok,cauda nao publicada: 0 unidades
2022-10,subtotal_sub_segmento,automoveis/Sedans Compactos,10406,10406,0,,ok,cauda nao publicada: 0 unidades
2022-10,subtotal_sub_segmento,automoveis/Sedans Grandes,801,791,-10,-1.2484,cauda_truncada,cauda nao publicada: 10 unidades
2022-10,subtotal_sub_segmento,automoveis/Sedans Pequenos,10797,10797,0,,ok,cauda nao publicada: 0 unidades
2022-10,subtotal_sub_segmento,automoveis/Sedans médios,3865,3865,0,,ok,cauda nao publicada: 0 unidades
2022-10,subtotal_sub_segmento,automoveis/Sports,170,147,-23,-13.5294,cauda_truncada,cauda nao publicada: 23 unidades
2022-10,subtotal_sub_segmento,automoveis/Suv's,60711,59318,-1393,-2.2945,cauda_truncada,cauda nao publicada: 1393 unidades
2022-10,subtotal_sub_segmento,automoveis/Sw Grandes,6,6,0,,ok,cauda nao publicada: 0 unidades
2022-10,subtotal_sub_segmento,automoveis/Sw Médios,0,0,0,,sem_total,
2022-10,subtotal_sub_segmento,automoveis/Veículos de Entrada,15898,15897,-1,-0.0063,ok,cauda nao publicada: 1 unidades
2022-10,subtotal_sub_segmento,comerciais_leves/Furgões,2308,1589,-719,-31.1525,cauda_truncada,cauda nao publicada: 719 unidades
2022-10,subtotal_sub_segmento,comerciais_leves/Furgões Pequenos,2116,2115,-1,-0.0473,ok,cauda nao publicada: 1 unidades
2022-10,subtotal_sub_segmento,comerciais_leves/Pick-up's Grandes,14556,14442,-114,-0.7832,cauda_truncada,cauda nao publicada: 114 unidades
2022-10,subtotal_sub_segmento,comerciais_leves/Pick-up's Pequenas,12488,12488,0,,ok,cauda nao publicada: 0 unidades
2022-10,ranking_x_sub_segmento,2022-10,164298,164297,-1,-0.0006,ok,1 modelos divergentes de 72 conferidos; desvio de volume 0.0006%
2022-10,cobertura,automoveis,137003,135507,-1496,-1.0919,medido,cobertura=98.91%
2022-10,cobertura,comerciais_leves,31471,31468,-3,-0.0095,medido,cobertura=99.99%
2022-11,mes_declarado,2022-11,,,,,ok,2022-11
2022-11,subtotal_sub_segmento,automoveis/Grandcab,1923,1922,-1,-0.0520,ok,cauda nao publicada: 1 unidades
2022-11,subtotal_sub_segmento,automoveis/Hatch Médios,168,165,-3,-1.7857,cauda_truncada,cauda nao publicada: 3 unidades
2022-11,subtotal_sub_segmento,automoveis/Hatch Pequenos,39144,39128,-16,-0.0409,ok,cauda nao publicada: 16 unidades
2022-11,subtotal_sub_segmento,automoveis/Monocab,0,0,0,,sem_total,
2022-11,subtotal_sub_segmento,automoveis/Sedans Compactos,11531,11530,-1,-0.0087,ok,cauda nao publicada: 1 unidades
2022-11,subtotal_sub_segmento,automoveis/Sedans Grandes,908,888,-20,-2.2026,cauda_truncada,cauda nao publicada: 20 unidades
2022-11,subtotal_sub_segmento,automoveis/Sedans Pequenos,13877,13877,0,,ok,cauda nao publicada: 0 unidades
2022-11,subtotal_sub_segmento,automoveis/Sedans médios,4249,4249,0,,ok,cauda nao publicada: 0 unidades
2022-11,subtotal_sub_segmento,automoveis/Sports,119,94,-25,-21.0084,cauda_truncada,cauda nao publicada: 25 unidades
2022-11,subtotal_sub_segmento,automoveis/Suv's,64561,63010,-1551,-2.4024,cauda_truncada,cauda nao publicada: 1551 unidades
2022-11,subtotal_sub_segmento,automoveis/Sw Grandes,1,1,0,,ok,cauda nao publicada: 0 unidades
2022-11,subtotal_sub_segmento,automoveis/Sw Médios,0,0,0,,sem_total,
2022-11,subtotal_sub_segmento,automoveis/Veículos de Entrada,22236,22236,0,,ok,cauda nao publicada: 0 unidades
2022-11,subtotal_sub_segmento,comerciais_leves/Furgões,2309,1737,-572,-24.7726,cauda_truncada,cauda nao publicada: 572 unidades
2022-11,subtotal_sub_segmento,comerciais_leves/Furgões Pequenos,2301,2299,-2,-0.0869,ok,cauda nao publicada: 2 unidades
2022-11,subtotal_sub_segmento,comerciais_leves/Pick-up's Grandes,16352,16065,-287,-1.7551,cauda_truncada,cauda nao publicada: 287 unidades
2022-11,subtotal_sub_segmento,comerciais_leves/Pick-up's Pequenas,12214,12214,0,,ok,cauda nao publicada: 0 unidades
2022-11,ranking_x_sub_segmento,2022-11,187538,187537,-1,-0.0005,ok,1 modelos divergentes de 75 conferidos; desvio de volume 0.0005%
2022-11,cobertura,automoveis,158766,157100,-1666,-1.0493,medido,cobertura=98.95%
2022-11,cobertura,comerciais_leves,33178,33172,-6,-0.0181,medido,cobertura=99.98%
2022-12,mes_declarado,2022-12,,,,,ok,2022-12
2022-12,subtotal_sub_segmento,automoveis/Grandcab,2455,2455,0,,ok,cauda nao publicada: 0 unidades
2022-12,subtotal_sub_segmento,automoveis/Hatch Médios,140,138,-2,-1.4286,cauda_truncada,cauda nao publicada: 2 unidades
2022-12,subtotal_sub_segmento,automoveis/Hatch Pequenos,37379,37361,-18,-0.0482,ok,cauda nao publicada: 18 unidades
2022-12,subtotal_sub_segmento,automoveis/Monocab,2,2,0,,ok,cauda nao publicada: 0 unidades
2022-12,subtotal_sub_segmento,automoveis/Sedans Compactos,12636,12635,-1,-0.0079,ok,cauda nao publicada: 1 unidades
2022-12,subtotal_sub_segmento,automoveis/Sedans Grandes,1167,1120,-47,-4.0274,cauda_truncada,cauda nao publicada: 47 unidades
2022-12,subtotal_sub_segmento,automoveis/Sedans Pequenos,12443,12443,0,,ok,cauda nao publicada: 0 unidades
2022-12,subtotal_sub_segmento,automoveis/Sedans médios,4912,4911,-1,-0.0204,ok,cauda nao publicada: 1 unidades
2022-12,subtotal_sub_segmento,automoveis/Sports,145,122,-23,-15.8621,cauda_truncada,cauda nao publicada: 23 unidades
2022-12,subtotal_sub_segmento,automoveis/Suv's,71288,69271,-2017,-2.8294,cauda_truncada,cauda nao publicada: 2017 unidades
2022-12,subtotal_sub_segmento,automoveis/Sw Grandes,11,11,0,,ok,cauda nao publicada: 0 unidades
2022-12,subtotal_sub_segmento,automoveis/Sw Médios,0,0,0,,sem_total,
2022-12,subtotal_sub_segmento,automoveis/Veículos de Entrada,21522,21522,0,,ok,cauda nao publicada: 0 unidades
2022-12,subtotal_sub_segmento,comerciais_leves/Furgões,2708,2172,-536,-19.7932,cauda_truncada,cauda nao publicada: 536 unidades
2022-12,subtotal_sub_segmento,comerciais_leves/Furgões Pequenos,2258,2258,0,,ok,cauda nao publicada: 0 unidades
2022-12,subtotal_sub_segmento,comerciais_leves/Pick-up's Grandes,20848,20353,-495,-2.3743,cauda_truncada,cauda nao publicada: 495 unidades
2022-12,subtotal_sub_segmento,comerciais_leves/Pick-up's Pequenas,12192,12192,0,,ok,cauda nao publicada: 0 unidades
2022-12,ranking_x_sub_segmento,2022-12,196451,196451,0,,ok,0 modelos divergentes de 74 conferidos; desvio de volume 0.0000%
2022-12,cobertura,automoveis,164169,161991,-2178,-1.3267,medido,cobertura=98.67%
2022-12,cobertura,comerciais_leves,38007,37998,-9,-0.0237,medido,cobertura=99.98%
2023-01,mes_declarado,2023-01,,,,,ok,2023-01
2023-01,subtotal_sub_segmento,automoveis/Grandcab,1428,1427,-1,-0.0700,ok,cauda nao publicada: 1 unidades
2023-01,subtotal_sub_segmento,automoveis/Hatch Médios,158,153,-5,-3.1646,cauda_truncada,cauda nao publicada: 5 unidades
2023-01,subtotal_sub_segmento,automoveis/Hatch Pequenos,25179,25170,-9,-0.0357,ok,cauda nao publicada: 9 unidades
2023-01,subtotal_sub_segmento,automoveis/Monocab,4,4,0,,ok,cauda nao publicada: 0 unidades
2023-01,subtotal_sub_segmento,automoveis/Sedans Compactos,9158,9158,0,,ok,cauda nao publicada: 0 unidades
2023-01,subtotal_sub_segmento,automoveis/Sedans Grandes,574,557,-17,-2.9617,cauda_truncada,cauda nao publicada: 17 unidades
2023-01,subtotal_sub_segmento,automoveis/Sedans Pequenos,6463,6463,0,,ok,cauda nao publicada: 0 unidades
2023-01,subtotal_sub_segmento,automoveis/Sedans médios,2595,2595,0,,ok,cauda nao publicada: 0 unidades
2023-01,subtotal_sub_segmento,automoveis/Sports,208,190,-18,-8.6538,cauda_truncada,cauda nao publicada: 18 unidades
2023-01,subtotal_sub_segmento,automoveis/Suv's,47143,46217,-926,-1.9642,cauda_truncada,cauda nao publicada: 926 unidades
2023-01,subtotal_sub_segmento,automoveis/Sw Grandes,1,1,0,,ok,cauda nao publicada: 0 unidades
2023-01,subtotal_sub_segmento,automoveis/Sw Médios,1,1,0,,ok,cauda nao publicada: 0 unidades
2023-01,subtotal_sub_segmento,automoveis/Veículos de Entrada,10920,10920,0,,ok,cauda nao publicada: 0 unidades
2023-01,subtotal_sub_segmento,comerciais_leves/Furgões,2182,1870,-312,-14.2988,cauda_truncada,cauda nao publicada: 312 unidades
2023-01,subtotal_sub_segmento,comerciais_leves/Furgões Pequenos,1418,1416,-2,-0.1410,ok,cauda nao publicada: 2 unidades
2023-01,subtotal_sub_segmento,comerciais_leves/Pick-up's Grandes,13277,13002,-275,-2.0713,cauda_truncada,cauda nao publicada: 275 unidades
2023-01,subtotal_sub_segmento,comerciais_leves/Pick-up's Pequenas,9710,9710,0,,ok,cauda nao publicada: 0 unidades
2023-01,ranking_x_sub_segmento,2023-01,126705,126615,-90,-0.0710,ok,1 modelos divergentes de 74 conferidos; desvio de volume 0.0710%
2023-01,cobertura,automoveis,103872,102856,-1016,-0.9781,medido,cobertura=99.02%
2023-01,cobertura,comerciais_leves,26588,26488,-100,-0.3761,medido,cobertura=99.62%
2023-02,mes_declarado,2023-02,,,,,ok,2023-02
2023-02,subtotal_sub_segmento,automoveis/Grandcab,1326,1325,-1,-0.0754,ok,cauda nao publicada: 1 unidades
2023-02,subtotal_sub_segmento,automoveis/Hatch Médios,60,57,-3,-5.0000,cauda_truncada,cauda nao publicada: 3 unidades
2023-02,subtotal_sub_segmento,automoveis/Hatch Pequenos,23133,23126,-7,-0.0303,ok,cauda nao publicada: 7 unidades
2023-02,subtotal_sub_segmento,automoveis/Monocab,5,5,0,,ok,cauda nao publicada: 0 unidades
2023-02,subtotal_sub_segmento,automoveis/Sedans Compactos,7967,7967,0,,ok,cauda nao publicada: 0 unidades
2023-02,subtotal_sub_segmento,automoveis/Sedans Grandes,596,586,-10,-1.6779,cauda_truncada,cauda nao publicada: 10 unidades
2023-02,subtotal_sub_segmento,automoveis/Sedans Pequenos,2864,2864,0,,ok,cauda nao publicada: 0 unidades
2023-02,subtotal_sub_segmento,automoveis/Sedans médios,3286,3286,0,,ok,cauda nao publicada: 0 unidades
2023-02,subtotal_sub_segmento,automoveis/Sports,198,182,-16,-8.0808,cauda_truncada,cauda nao publicada: 16 unidades
2023-02,subtotal_sub_segmento,automoveis/Suv's,47255,46173,-1082,-2.2897,cauda_truncada,cauda nao publicada: 1082 unidades
2023-02,subtotal_sub_segmento,automoveis/Sw Grandes,2,2,0,,ok,cauda nao publicada: 0 unidades
2023-02,subtotal_sub_segmento,automoveis/Sw Médios,1,1,0,,ok,cauda nao publicada: 0 unidades
2023-02,subtotal_sub_segmento,automoveis/Veículos de Entrada,9085,9085,0,,ok,cauda nao publicada: 0 unidades
2023-02,subtotal_sub_segmento,comerciais_leves/Furgões,1932,1610,-322,-16.6667,cauda_truncada,cauda nao publicada: 322 unidades
2023-02,subtotal_sub_segmento,comerciais_leves/Furgões Pequenos,988,988,0,,ok,cauda nao publicada: 0 unidades
2023-02,subtotal_sub_segmento,comerciais_leves/Pick-up's Grandes,12097,11678,-419,-3.4637,cauda_truncada,cauda nao publicada: 419 unidades
2023-02,subtotal_sub_segmento,comerciais_leves/Pick-up's Pequenas,8929,8929,0,,ok,cauda nao publicada: 0 unidades
2023-02,ranking_x_sub_segmento,2023-02,115839,115839,0,,ok,0 modelos divergentes de 73 conferidos; desvio de volume 0.0000%
2023-02,cobertura,automoveis,95809,94659,-1150,-1.2003,medido,cobertura=98.80%
2023-02,cobertura,comerciais_leves,23946,23945,-1,-0.0042,medido,cobertura=100.00%
2023-03,mes_declarado,2023-03,,,,,ok,2023-03
2023-03,subtotal_sub_segmento,automoveis/Grandcab,1790,1790,0,,ok,cauda nao publicada: 0 unidades
2023-03,subtotal_sub_segmento,automoveis/Hatch Médios,82,77,-5,-6.0976,cauda_truncada,cauda nao publicada: 5 unidades
2023-03,subtotal_sub_segmento,automoveis/Hatch Pequenos,39313,39292,-21,-0.0534,ok,cauda nao publicada: 21 unidades
2023-03,subtotal_sub_segmento,automoveis/Monocab,15,15,0,,ok,cauda nao publicada: 0 unidades
2023-03,subtotal_sub_segmento,automoveis/Sedans Compactos,11593,11592,-1,-0.0086,ok,cauda nao publicada: 1 unidades
2023-03,subtotal_sub_segmento,automoveis/Sedans Grandes,947,926,-21,-2.2175,cauda_truncada,cauda nao publicada: 21 unidades
2023-03,subtotal_sub_segmento,automoveis/Sedans Pequenos,5716,5716,0,,ok,cauda nao publicada: 0 unidades
2023-03,subtotal_sub_segmento,automoveis/Sedans médios,4810,4810,0,,ok,cauda nao publicada: 0 unidades
2023-03,subtotal_sub_segmento,automoveis/Sports,270,245,-25,-9.2593,cauda_truncada,cauda nao publicada: 25 unidades
2023-03,subtotal_sub_segmento,automoveis/Suv's,67715,66005,-1710,-2.5253,cauda_truncada,cauda nao publicada: 1710 unidades
2023-03,subtotal_sub_segmento,automoveis/Sw Grandes,2,2,0,,ok,cauda nao publicada: 0 unidades
2023-03,subtotal_sub_segmento,automoveis/Sw Médios,1,1,0,,ok,cauda nao publicada: 0 unidades
2023-03,subtotal_sub_segmento,automoveis/Veículos de Entrada,13847,13847,0,,ok,cauda nao publicada: 0 unidades
2023-03,subtotal_sub_segmento,comerciais_leves/Furgões,2822,2399,-423,-14.9894,cauda_truncada,cauda nao publicada: 423 unidades
2023-03,subtotal_sub_segmento,comerciais_leves/Furgões Pequenos,1729,1729,0,,ok,cauda nao publicada: 0 unidades
2023-03,subtotal_sub_segmento,comerciais_leves/Pick-up's Grandes,23289,22771,-518,-2.2242,cauda_truncada,cauda nao publicada: 518 unidades
2023-03,subtotal_sub_segmento,comerciais_leves/Pick-up's Pequenas,12567,12567,0,,ok,cauda nao publicada: 0 unidades
2023-03,ranking_x_sub_segmento,2023-03,180260,180260,0,,ok,0 modelos divergentes de 73 conferidos; desvio de volume 0.0000%
2023-03,cobertura,automoveis,146174,144318,-1856,-1.2697,medido,cobertura=98.73%
2023-03,cobertura,comerciais_leves,40409,40398,-11,-0.0272,medido,cobertura=99.97%
2023-04,mes_declarado,2023-04,,,,,ok,2023-04
2023-04,subtotal_sub_segmento,automoveis/Grandcab,1089,1086,-3,-0.2755,ok,cauda nao publicada: 3 unidades
2023-04,subtotal_sub_segmento,automoveis/Hatch Médios,76,71,-5,-6.5789,cauda_truncada,cauda nao publicada: 5 unidades
2023-04,subtotal_sub_segmento,automoveis/Hatch Pequenos,33158,33139,-19,-0.0573,ok,cauda nao publicada: 19 unidades
2023-04,subtotal_sub_segmento,automoveis/Monocab,0,0,0,,sem_total,
2023-04,subtotal_sub_segmento,automoveis/Sedans Compactos,9875,9874,-1,-0.0101,ok,cauda nao publicada: 1 unidades
2023-04,subtotal_sub_segmento,automoveis/Sedans Grandes,550,534,-16,-2.9091,cauda_truncada,cauda nao publicada: 16 unidades
2023-04,subtotal_sub_segmento,automoveis/Sedans Pequenos,5763,5763,0,,ok,cauda nao publicada: 0 unidades
2023-04,subtotal_sub_segmento,automoveis/Sedans médios,4093,4093,0,,ok,cauda nao publicada: 0 unidades
2023-04,subtotal_sub_segmento,automoveis/Sports,242,217,-25,-10.3306,cauda_truncada,cauda nao publicada: 25 unidades
2023-04,subtotal_sub_segmento,automoveis/Suv's,54049,52719,-1330,-2.4607,cauda_truncada,cauda nao publicada: 1330 unidades
2023-04,subtotal_sub_segmento,automoveis/Sw Grandes,3,3,0,,ok,cauda nao publicada: 0 unidades
2023-04,subtotal_sub_segmento,automoveis/Sw Médios,0,0,0,,sem_total,
2023-04,subtotal_sub_segmento,automoveis/Veículos de Entrada,9166,9166,0,,ok,cauda nao publicada: 0 unidades
2023-04,subtotal_sub_segmento,comerciais_leves/Furgões,2514,2077,-437,-17.3827,cauda_truncada,cauda nao publicada: 437 unidades
2023-04,subtotal_sub_segmento,comerciais_leves/Furgões Pequenos,1458,1457,-1,-0.0686,ok,cauda nao publicada: 1 unidades
2023-04,subtotal_sub_segmento,comerciais_leves/Pick-up's Grandes,18420,18024,-396,-2.1498,cauda_truncada,cauda nao publicada: 396 unidades
2023-04,subtotal_sub_segmento,comerciais_leves/Pick-up's Pequenas,11201,11201,0,,ok,cauda nao publicada: 0 unidades
2023-04,ranking_x_sub_segmento,2023-04,147042,147042,0,,ok,0 modelos divergentes de 73 conferidos; desvio de volume 0.0000%
2023-04,cobertura,automoveis,118127,116665,-1462,-1.2377,medido,cobertura=98.76%
2023-04,cobertura,comerciais_leves,33594,33586,-8,-0.0238,medido,cobertura=99.98%
2023-05,mes_declarado,2023-05,,,,,ok,2023-05
2023-05,subtotal_sub_segmento,automoveis/Grandcab,1494,1493,-1,-0.0669,ok,cauda nao publicada: 1 unidades
2023-05,subtotal_sub_segmento,automoveis/Hatch Médios,102,95,-7,-6.8627,cauda_truncada,cauda nao publicada: 7 unidades
2023-05,subtotal_sub_segmento,automoveis/Hatch Pequenos,31816,31779,-37,-0.1163,ok,cauda nao publicada: 37 unidades
2023-05,subtotal_sub_segmento,automoveis/Monocab,12,12,0,,ok,cauda nao publicada: 0 unidades
2023-05,subtotal_sub_segmento,automoveis/Sedans Compactos,11260,11260,0,,ok,cauda nao publicada: 0 unidades
2023-05,subtotal_sub_segmento,automoveis/Sedans Grandes,668,644,-24,-3.5928,cauda_truncada,cauda nao publicada: 24 unidades
2023-05,subtotal_sub_segmento,automoveis/Sedans Pequenos,4511,4509,-2,-0.0443,ok,cauda nao publicada: 2 unidades
2023-05,subtotal_sub_segmento,automoveis/Sedans médios,5024,5024,0,,ok,cauda nao publicada: 0 unidades
2023-05,subtotal_sub_segmento,automoveis/Sports,224,207,-17,-7.5893,cauda_truncada,cauda nao publicada: 17 unidades
2023-05,subtotal_sub_segmento,automoveis/Suv's,65129,63743,-1386,-2.1281,cauda_truncada,cauda nao publicada: 1386 unidades
2023-05,subtotal_sub_segmento,automoveis/Sw Grandes,11,11,0,,ok,cauda nao publicada: 0 unidades
2023-05,subtotal_sub_segmento,automoveis/Sw Médios,0,0,0,,sem_total,
2023-05,subtotal_sub_segmento,automoveis/Veículos de Entrada,7159,7159,0,,ok,cauda nao publicada: 0 unidades
2023-05,subtotal_sub_segmento,comerciais_leves/Furgões,2797,2311,-486,-17.3758,cauda_truncada,cauda nao publicada: 486 unidades
2023-05,subtotal_sub_segmento,comerciais_leves/Furgões Pequenos,1211,1210,-1,-0.0826,ok,cauda nao publicada: 1 unidades
2023-05,subtotal_sub_segmento,comerciais_leves/Pick-up's Grandes,21273,20801,-472,-2.2188,cauda_truncada,cauda nao publicada: 472 unidades
2023-05,subtotal_sub_segmento,comerciais_leves/Pick-up's Pequenas,13589,13589,0,,ok,cauda nao publicada: 0 unidades
2023-05,ranking_x_sub_segmento,2023-05,160855,160853,-2,-0.0012,ok,2 modelos divergentes de 74 conferidos; desvio de volume 0.0012%
2023-05,cobertura,automoveis,127482,125936,-1546,-1.2127,medido,cobertura=98.79%
2023-05,cobertura,comerciais_leves,38879,38868,-11,-0.0283,medido,cobertura=99.97%
2023-06,mes_declarado,2023-06,,,,,ok,2023-06
2023-06,subtotal_sub_segmento,automoveis/Grandcab,1521,1520,-1,-0.0657,ok,cauda nao publicada: 1 unidades
2023-06,subtotal_sub_segmento,automoveis/Hatch Médios,144,142,-2,-1.3889,cauda_truncada,cauda nao publicada: 2 unidades
2023-06,subtotal_sub_segmento,automoveis/Hatch Pequenos,40881,40855,-26,-0.0636,ok,cauda nao publicada: 26 unidades
2023-06,subtotal_sub_segmento,automoveis/Monocab,2,2,0,,ok,cauda nao publicada: 0 unidades
2023-06,subtotal_sub_segmento,automoveis/Sedans Compactos,11805,11804,-1,-0.0085,ok,cauda nao publicada: 1 unidades
2023-06,subtotal_sub_segmento,automoveis/Sedans Grandes,564,549,-15,-2.6596,cauda_truncada,cauda nao publicada: 15 unidades
2023-06,subtotal_sub_segmento,automoveis/Sedans Pequenos,6837,6837,0,,ok,cauda nao publicada: 0 unidades
2023-06,subtotal_sub_segmento,automoveis/Sedans médios,4717,4717,0,,ok,cauda nao publicada: 0 unidades
2023-06,subtotal_sub_segmento,automoveis/Sports,215,193,-22,-10.2326,cauda_truncada,cauda nao publicada: 22 unidades
2023-06,subtotal_sub_segmento,automoveis/Suv's,62340,61091,-1249,-2.0035,cauda_truncada,cauda nao publicada: 1249 unidades
2023-06,subtotal_sub_segmento,automoveis/Sw Grandes,3,3,0,,ok,cauda nao publicada: 0 unidades
2023-06,subtotal_sub_segmento,automoveis/Sw Médios,0,0,0,,sem_total,
2023-06,subtotal_sub_segmento,automoveis/Veículos de Entrada,12924,12923,-1,-0.0077,ok,cauda nao publicada: 1 unidades
2023-06,subtotal_sub_segmento,comerciais_leves/Furgões,2323,1897,-426,-18.3384,cauda_truncada,cauda nao publicada: 426 unidades
2023-06,subtotal_sub_segmento,comerciais_leves/Furgões Pequenos,2439,2435,-4,-0.1640,ok,cauda nao publicada: 4 unidades
2023-06,subtotal_sub_segmento,comerciais_leves/Pick-up's Grandes,19267,18568,-699,-3.6280,cauda_truncada,cauda nao publicada: 699 unidades
2023-06,subtotal_sub_segmento,comerciais_leves/Pick-up's Pequenas,13643,13643,0,,ok,cauda nao publicada: 0 unidades
2023-06,ranking_x_sub_segmento,2023-06,174519,174518,-1,-0.0006,ok,1 modelos divergentes de 72 conferidos; desvio de volume 0.0006%
2023-06,cobertura,automoveis,142017,140636,-1381,-0.9724,medido,cobertura=99.03%
2023-06,cobertura,comerciais_leves,37674,37664,-10,-0.0265,medido,cobertura=99.97%
2023-07,mes_declarado,2023-07,,,,,ok,2023-07
2023-07,subtotal_sub_segmento,automoveis/Grandcab,2171,2171,0,,ok,cauda nao publicada: 0 unidades
2023-07,subtotal_sub_segmento,automoveis/Hatch Médios,131,116,-15,-11.4504,cauda_truncada,cauda nao publicada: 15 unidades
2023-07,subtotal_sub_segmento,automoveis/Hatch Pequenos,55987,55957,-30,-0.0536,ok,cauda nao publicada: 30 unidades
2023-07,subtotal_sub_segmento,automoveis/Monocab,18,18,0,,ok,cauda nao publicada: 0 unidades
2023-07,subtotal_sub_segmento,automoveis/Sedans Compactos,13798,13794,-4,-0.0290,ok,cauda nao publicada: 4 unidades
2023-07,subtotal_sub_segmento,automoveis/Sedans Grandes,579,567,-12,-2.0725,cauda_truncada,cauda nao publicada: 12 unidades
2023-07,subtotal_sub_segmento,automoveis/Sedans Pequenos,11773,11772,-1,-0.0085,ok,cauda nao publicada: 1 unidades
2023-07,subtotal_sub_segmento,automoveis/Sedans médios,4587,4587,0,,ok,cauda nao publicada: 0 unidades
2023-07,subtotal_sub_segmento,automoveis/Sports,183,160,-23,-12.5683,cauda_truncada,cauda nao publicada: 23 unidades
2023-07,subtotal_sub_segmento,automoveis/Suv's,72138,70212,-1926,-2.6699,cauda_truncada,cauda nao publicada: 1926 unidades
2023-07,subtotal_sub_segmento,automoveis/Sw Grandes,3,3,0,,ok,cauda nao publicada: 0 unidades
2023-07,subtotal_sub_segmento,automoveis/Sw Médios,0,0,0,,sem_total,
2023-07,subtotal_sub_segmento,automoveis/Veículos de Entrada,15317,15317,0,,ok,cauda nao publicada: 0 unidades
2023-07,subtotal_sub_segmento,comerciais_leves/Furgões,2487,1953,-534,-21.4717,cauda_truncada,cauda nao publicada: 534 unidades
2023-07,subtotal_sub_segmento,comerciais_leves/Furgões Pequenos,1469,1468,-1,-0.0681,ok,cauda nao publicada: 1 unidades
2023-07,subtotal_sub_segmento,comerciais_leves/Pick-up's Grandes,19286,18389,-897,-4.6510,cauda_truncada,cauda nao publicada: 897 unidades
2023-07,subtotal_sub_segmento,comerciais_leves/Pick-up's Pequenas,15723,15723,0,,ok,cauda nao publicada: 0 unidades
2023-07,ranking_x_sub_segmento,2023-07,209150,209148,-2,-0.0010,ok,1 modelos divergentes de 72 conferidos; desvio de volume 0.0010%
2023-07,cobertura,automoveis,176742,174949,-1793,-1.0145,medido,cobertura=98.99%
2023-07,cobertura,comerciais_leves,38969,38960,-9,-0.0231,medido,cobertura=99.98%
2023-08,mes_declarado,2023-08,,,,,ok,2023-08
2023-08,subtotal_sub_segmento,automoveis/Grandcab,2501,2497,-4,-0.1599,ok,cauda nao publicada: 4 unidades
2023-08,subtotal_sub_segmento,automoveis/Hatch Médios,96,85,-11,-11.4583,cauda_truncada,cauda nao publicada: 11 unidades
2023-08,subtotal_sub_segmento,automoveis/Hatch Pequenos,39843,39798,-45,-0.1129,ok,cauda nao publicada: 45 unidades
2023-08,subtotal_sub_segmento,automoveis/Monocab,3,3,0,,ok,cauda nao publicada: 0 unidades
2023-08,subtotal_sub_segmento,automoveis/Sedans Compactos,14673,14673,0,,ok,cauda nao publicada: 0 unidades
2023-08,subtotal_sub_segmento,automoveis/Sedans Grandes,750,737,-13,-1.7333,cauda_truncada,cauda nao publicada: 13 unidades
2023-08,subtotal_sub_segmento,automoveis/Sedans Pequenos,7482,7482,0,,ok,cauda nao publicada: 0 unidades
2023-08,subtotal_sub_segmento,automoveis/Sedans médios,5486,5486,0,,ok,cauda nao publicada: 0 unidades
2023-08,subtotal_sub_segmento,automoveis/Sports,294,262,-32,-10.8844,cauda_truncada,cauda nao publicada: 32 unidades
2023-08,subtotal_sub_segmento,automoveis/Suv's,71042,69286,-1756,-2.4718,cauda_truncada,cauda nao publicada: 1756 unidades
2023-08,subtotal_sub_segmento,automoveis/Sw Grandes,4,4,0,,ok,cauda nao publicada: 0 unidades
2023-08,subtotal_sub_segmento,automoveis/Sw Médios,0,0,0,,sem_total,
2023-08,subtotal_sub_segmento,automoveis/Veículos de Entrada,11234,11234,0,,ok,cauda nao publicada: 0 unidades
2023-08,subtotal_sub_segmento,comerciais_leves/Furgões,2986,2251,-735,-24.6149,cauda_truncada,cauda nao publicada: 735 unidades
2023-08,subtotal_sub_segmento,comerciais_leves/Furgões Pequenos,2070,2070,0,,ok,cauda nao publicada: 0 unidades
2023-08,subtotal_sub_segmento,comerciais_leves/Pick-up's Grandes,20879,19987,-892,-4.2722,cauda_truncada,cauda nao publicada: 892 unidades
2023-08,subtotal_sub_segmento,comerciais_leves/Pick-up's Pequenas,17463,17463,0,,ok,cauda nao publicada: 0 unidades
2023-08,ranking_x_sub_segmento,2023-08,190062,190060,-2,-0.0011,ok,1 modelos divergentes de 72 conferidos; desvio de volume 0.0011%
2023-08,cobertura,automoveis,153478,151547,-1931,-1.2582,medido,cobertura=98.74%
2023-08,cobertura,comerciais_leves,43400,43397,-3,-0.0069,medido,cobertura=99.99%
2023-09,mes_declarado,2023-09,,,,,indeterminado,titulo 'Resumo Mensal' nao encontrado
2023-09,extracao_de_texto,2023-09,,,,,falhou,paginas=46 sem_texto=46
2023-10,mes_declarado,2023-10,,,,,ok,2023-10
2023-10,subtotal_sub_segmento,automoveis/Grandcab,2055,2055,0,,ok,cauda nao publicada: 0 unidades
2023-10,subtotal_sub_segmento,automoveis/Hatch Médios,120,113,-7,-5.8333,cauda_truncada,cauda nao publicada: 7 unidades
2023-10,subtotal_sub_segmento,automoveis/Hatch Pequenos,44514,44477,-37,-0.0831,ok,cauda nao publicada: 37 unidades
2023-10,subtotal_sub_segmento,automoveis/Monocab,4,4,0,,ok,cauda nao publicada: 0 unidades
2023-10,subtotal_sub_segmento,automoveis/Sedans Compactos,13968,13968,0,,ok,cauda nao publicada: 0 unidades
2023-10,subtotal_sub_segmento,automoveis/Sedans Grandes,574,562,-12,-2.0906,cauda_truncada,cauda nao publicada: 12 unidades
2023-10,subtotal_sub_segmento,automoveis/Sedans Pequenos,8553,8553,0,,ok,cauda nao publicada: 0 unidades
2023-10,subtotal_sub_segmento,automoveis/Sedans médios,5246,5246,0,,ok,cauda nao publicada: 0 unidades
2023-10,subtotal_sub_segmento,automoveis/Sports,335,309,-26,-7.7612,cauda_truncada,cauda nao publicada: 26 unidades
2023-10,subtotal_sub_segmento,automoveis/Suv's,73221,71324,-1897,-2.5908,cauda_truncada,cauda nao publicada: 1897 unidades
2023-10,subtotal_sub_segmento,automoveis/Sw Grandes,4,4,0,,ok,cauda nao publicada: 0 unidades
2023-10,subtotal_sub_segmento,automoveis/Sw Médios,0,0,0,,sem_total,
2023-10,subtotal_sub_segmento,automoveis/Veículos de Entrada,14469,14468,-1,-0.0069,ok,cauda nao publicada: 1 unidades
2023-10,subtotal_sub_segmento,comerciais_leves/Furgões,2637,2129,-508,-19.2643,cauda_truncada,cauda nao publicada: 508 unidades
2023-10,subtotal_sub_segmento,comerciais_leves/Furgões Pequenos,2145,2140,-5,-0.2331,ok,cauda nao publicada: 5 unidades
2023-10,subtotal_sub_segmento,comerciais_leves/Pick-up's Grandes,22658,21955,-703,-3.1027,cauda_truncada,cauda nao publicada: 703 unidades
2023-10,subtotal_sub_segmento,comerciais_leves/Pick-up's Pequenas,16089,16089,0,,ok,cauda nao publicada: 0 unidades
2023-10,ranking_x_sub_segmento,2023-10,199901,199901,0,,ok,0 modelos divergentes de 72 conferidos; desvio de volume 0.0000%
2023-10,cobertura,automoveis,163134,161340,-1794,-1.0997,medido,cobertura=98.90%
2023-10,cobertura,comerciais_leves,43535,43523,-12,-0.0276,medido,cobertura=99.97%
2023-11,mes_declarado,2023-11,,,,,ok,2023-11
2023-11,subtotal_sub_segmento,automoveis/Grandcab,1638,1632,-6,-0.3663,ok,cauda nao publicada: 6 unidades
2023-11,subtotal_sub_segmento,automoveis/Hatch Médios,96,90,-6,-6.2500,cauda_truncada,cauda nao publicada: 6 unidades
2023-11,subtotal_sub_segmento,automoveis/Hatch Pequenos,46114,46026,-88,-0.1908,ok,cauda nao publicada: 88 unidades
2023-11,subtotal_sub_segmento,automoveis/Monocab,0,0,0,,sem_total,
2023-11,subtotal_sub_segmento,automoveis/Sedans Compactos,11247,11247,0,,ok,cauda nao publicada: 0 unidades
2023-11,subtotal_sub_segmento,automoveis/Sedans Grandes,487,434,-53,-10.8830,cauda_truncada,cauda nao publicada: 53 unidades
2023-11,subtotal_sub_segmento,automoveis/Sedans Pequenos,9270,9270,0,,ok,cauda nao publicada: 0 unidades
2023-11,subtotal_sub_segmento,automoveis/Sedans médios,4592,4590,-2,-0.0436,ok,cauda nao publicada: 2 unidades
2023-11,subtotal_sub_segmento,automoveis/Sports,287,269,-18,-6.2718,cauda_truncada,cauda nao publicada: 18 unidades
2023-11,subtotal_sub_segmento,automoveis/Suv's,74541,72307,-2234,-2.9970,cauda_truncada,cauda nao publicada: 2234 unidades
2023-11,subtotal_sub_segmento,automoveis/Sw Grandes,6,6,0,,ok,cauda nao publicada: 0 unidades
2023-11,subtotal_sub_segmento,automoveis/Sw Médios,0,0,0,,sem_total,
2023-11,subtotal_sub_segmento,automoveis/Veículos de Entrada,12368,12368,0,,ok,cauda nao publicada: 0 unidades
2023-11,subtotal_sub_segmento,comerciais_leves/Furgões,2649,1978,-671,-25.3303,cauda_truncada,cauda nao publicada: 671 unidades
2023-11,subtotal_sub_segmento,comerciais_leves/Furgões Pequenos,2334,2332,-2,-0.0857,ok,cauda nao publicada: 2 unidades
2023-11,subtotal_sub_segmento,comerciais_leves/Pick-up's Grandes,21348,20784,-564,-2.6419,cauda_truncada,cauda nao publicada: 564 unidades
2023-11,subtotal_sub_segmento,comerciais_leves/Pick-up's Pequenas,14615,14615,0,,ok,cauda nao publicada: 0 unidades
2023-11,ranking_x_sub_segmento,2023-11,194434,194431,-3,-0.0015,ok,2 modelos divergentes de 73 conferidos; desvio de volume 0.0015%
2023-11,cobertura,automoveis,160693,158573,-2120,-1.3193,medido,cobertura=98.68%
2023-11,cobertura,comerciais_leves,40956,40942,-14,-0.0342,medido,cobertura=99.97%
2023-12,mes_declarado,2023-12,,,,,ok,2023-12
2023-12,subtotal_sub_segmento,automoveis/Grandcab,1831,1820,-11,-0.6008,cauda_truncada,cauda nao publicada: 11 unidades
2023-12,subtotal_sub_segmento,automoveis/Hatch Médios,257,249,-8,-3.1128,cauda_truncada,cauda nao publicada: 8 unidades
2023-12,subtotal_sub_segmento,automoveis/Hatch Pequenos,55811,55697,-114,-0.2043,ok,cauda nao publicada: 114 unidades
2023-12,subtotal_sub_segmento,automoveis/Monocab,5,5,0,,ok,cauda nao publicada: 0 unidades
2023-12,subtotal_sub_segmento,automoveis/Sedans Compactos,14661,14661,0,,ok,cauda nao publicada: 0 unidades
2023-12,subtotal_sub_segmento,automoveis/Sedans Grandes,918,890,-28,-3.0501,cauda_truncada,cauda nao publicada: 28 unidades
2023-12,subtotal_sub_segmento,automoveis/Sedans Pequenos,9787,9787,0,,ok,cauda nao publicada: 0 unidades
2023-12,subtotal_sub_segmento,automoveis/Sedans médios,5938,5938,0,,ok,cauda nao publicada: 0 unidades
2023-12,subtotal_sub_segmento,automoveis/Sports,340,298,-42,-12.3529,cauda_truncada,cauda nao publicada: 42 unidades
2023-12,subtotal_sub_segmento,automoveis/Suv's,82585,79144,-3441,-4.1666,cauda_truncada,cauda nao publicada: 3441 unidades
2023-12,subtotal_sub_segmento,automoveis/Sw Grandes,6,6,0,,ok,cauda nao publicada: 0 unidades
2023-12,subtotal_sub_segmento,automoveis/Sw Médios,0,0,0,,sem_total,
2023-12,subtotal_sub_segmento,automoveis/Veículos de Entrada,15512,15512,0,,ok,cauda nao publicada: 0 unidades
2023-12,subtotal_sub_segmento,comerciais_leves/Furgões,3382,2547,-835,-24.6895,cauda_truncada,cauda nao publicada: 835 unidades
2023-12,subtotal_sub_segmento,comerciais_leves/Furgões Pequenos,3838,3835,-3,-0.0782,ok,cauda nao publicada: 3 unidades
2023-12,subtotal_sub_segmento,comerciais_leves/Pick-up's Grandes,25762,24665,-1097,-4.2582,cauda_truncada,cauda nao publicada: 1097 unidades
2023-12,subtotal_sub_segmento,comerciais_leves/Pick-up's Pequenas,15855,15855,0,,ok,cauda nao publicada: 0 unidades
2023-12,ranking_x_sub_segmento,2023-12,225209,225203,-6,-0.0027,ok,2 modelos divergentes de 72 conferidos; desvio de volume 0.0027%
2023-12,cobertura,automoveis,187751,185020,-2731,-1.4546,medido,cobertura=98.55%
2023-12,cobertura,comerciais_leves,48846,48833,-13,-0.0266,medido,cobertura=99.97%
2024-01,mes_declarado,2024-01,,,,,ok,2024-01
2024-01,subtotal_sub_segmento,automoveis/Grandcab,1107,1107,0,,ok,cauda nao publicada: 0 unidades
2024-01,subtotal_sub_segmento,automoveis/Hatch Médios,88,84,-4,-4.5455,cauda_truncada,cauda nao publicada: 4 unidades
2024-01,subtotal_sub_segmento,automoveis/Hatch Pequenos,34777,34713,-64,-0.1840,ok,cauda nao publicada: 64 unidades
2024-01,subtotal_sub_segmento,automoveis/Monocab,1,1,0,,ok,cauda nao publicada: 0 unidades
2024-01,subtotal_sub_segmento,automoveis/Sedans Compactos,9482,9482,0,,ok,cauda nao publicada: 0 unidades
2024-01,subtotal_sub_segmento,automoveis/Sedans Grandes,499,488,-11,-2.2044,cauda_truncada,cauda nao publicada: 11 unidades
2024-01,subtotal_sub_segmento,automoveis/Sedans Pequenos,4701,4701,0,,ok,cauda nao publicada: 0 unidades
2024-01,subtotal_sub_segmento,automoveis/Sedans médios,3654,3654,0,,ok,cauda nao publicada: 0 unidades
2024-01,subtotal_sub_segmento,automoveis/Sports,236,218,-18,-7.6271,cauda_truncada,cauda nao publicada: 18 unidades
2024-01,subtotal_sub_segmento,automoveis/Suv's,57061,55236,-1825,-3.1983,cauda_truncada,cauda nao publicada: 1825 unidades
2024-01,subtotal_sub_segmento,automoveis/Sw Grandes,7,7,0,,ok,cauda nao publicada: 0 unidades
2024-01,subtotal_sub_segmento,automoveis/Sw Médios,0,0,0,,sem_total,
2024-01,subtotal_sub_segmento,automoveis/Veículos de Entrada,6826,6826,0,,ok,cauda nao publicada: 0 unidades
2024-01,subtotal_sub_segmento,comerciais_leves/Furgões,2652,2088,-564,-21.2670,cauda_truncada,cauda nao publicada: 564 unidades
2024-01,subtotal_sub_segmento,comerciais_leves/Furgões Pequenos,1630,1626,-4,-0.2454,ok,cauda nao publicada: 4 unidades
2024-01,subtotal_sub_segmento,comerciais_leves/Pick-up's Grandes,17616,16726,-890,-5.0522,cauda_truncada,cauda nao publicada: 890 unidades
2024-01,subtotal_sub_segmento,comerciais_leves/Pick-up's Pequenas,11650,11650,0,,ok,cauda nao publicada: 0 unidades
2024-01,ranking_x_sub_segmento,2024-01,144795,144795,0,,ok,0 modelos divergentes de 73 conferidos; desvio de volume 0.0000%
2024-01,cobertura,automoveis,118507,116517,-1990,-1.6792,medido,cobertura=98.32%
2024-01,cobertura,comerciais_leves,33555,33549,-6,-0.0179,medido,cobertura=99.98%
2024-02,mes_declarado,2024-02,,,,,ok,2024-02
2024-02,subtotal_sub_segmento,automoveis/Grandcab,766,766,0,,ok,cauda nao publicada: 0 unidades
2024-02,subtotal_sub_segmento,automoveis/Hatch Médios,102,99,-3,-2.9412,cauda_truncada,cauda nao publicada: 3 unidades
2024-02,subtotal_sub_segmento,automoveis/Hatch Pequenos,32901,32768,-133,-0.4042,ok,cauda nao publicada: 133 unidades
2024-02,subtotal_sub_segmento,automoveis/Monocab,0,0,0,,sem_total,
2024-02,subtotal_sub_segmento,automoveis/Sedans Compactos,9035,9035,0,,ok,cauda nao publicada: 0 unidades
2024-02,subtotal_sub_segmento,automoveis/Sedans Grandes,446,437,-9,-2.0179,cauda_truncada,cauda nao publicada: 9 unidades
2024-02,subtotal_sub_segmento,automoveis/Sedans Pequenos,4071,4071,0,,ok,cauda nao publicada: 0 unidades
2024-02,subtotal_sub_segmento,automoveis/Sedans médios,3951,3951,0,,ok,cauda nao publicada: 0 unidades
2024-02,subtotal_sub_segmento,automoveis/Sports,398,368,-30,-7.5377,cauda_truncada,cauda nao publicada: 30 unidades
2024-02,subtotal_sub_segmento,automoveis/Suv's,56243,54771,-1472,-2.6172,cauda_truncada,cauda nao publicada: 1472 unidades
2024-02,subtotal_sub_segmento,automoveis/Sw Grandes,7,7,0,,ok,cauda nao publicada: 0 unidades
2024-02,subtotal_sub_segmento,automoveis/Sw Médios,1,1,0,,ok,cauda nao publicada: 0 unidades
2024-02,subtotal_sub_segmento,automoveis/Veículos de Entrada,12339,12339,0,,ok,cauda nao publicada: 0 unidades
2024-02,subtotal_sub_segmento,comerciais_leves/Furgões,2562,1988,-574,-22.4044,cauda_truncada,cauda nao publicada: 574 unidades
2024-02,subtotal_sub_segmento,comerciais_leves/Furgões Pequenos,1499,1499,0,,ok,cauda nao publicada: 0 unidades
2024-02,subtotal_sub_segmento,comerciais_leves/Pick-up's Grandes,18196,17294,-902,-4.9571,cauda_truncada,cauda nao publicada: 902 unidades
2024-02,subtotal_sub_segmento,comerciais_leves/Pick-up's Pequenas,12695,12695,0,,ok,cauda nao publicada: 0 unidades
2024-02,ranking_x_sub_segmento,2024-02,148149,148147,-2,-0.0013,ok,2 modelos divergentes de 74 conferidos; desvio de volume 0.0013%
2024-02,cobertura,automoveis,120315,118613,-1702,-1.4146,medido,cobertura=98.59%
2024-02,cobertura,comerciais_leves,34968,34954,-14,-0.0400,medido,cobertura=99.96%
2024-03,mes_declarado,2024-03,,,,,ok,2024-03
2024-03,subtotal_sub_segmento,automoveis/Grandcab,458,458,0,,ok,cauda nao publicada: 0 unidades
2024-03,subtotal_sub_segmento,automoveis/Hatch Médios,141,133,-8,-5.6738,cauda_truncada,cauda nao publicada: 8 unidades
2024-03,subtotal_sub_segmento,automoveis/Hatch Pequenos,43202,42843,-359,-0.8310,cauda_truncada,cauda nao publicada: 359 unidades
2024-03,subtotal_sub_segmento,automoveis/Monocab,3,3,0,,ok,cauda nao publicada: 0 unidades
2024-03,subtotal_sub_segmento,automoveis/Sedans Compactos,10562,10562,0,,ok,cauda nao publicada: 0 unidades
2024-03,subtotal_sub_segmento,automoveis/Sedans Grandes,566,550,-16,-2.8269,cauda_truncada,cauda nao publicada: 16 unidades
2024-03,subtotal_sub_segmento,automoveis/Sedans Pequenos,3249,3249,0,,ok,cauda nao publicada: 0 unidades
2024-03,subtotal_sub_segmento,automoveis/Sedans médios,4733,4732,-1,-0.0211,ok,cauda nao publicada: 1 unidades
2024-03,subtotal_sub_segmento,automoveis/Sports,409,375,-34,-8.3130,cauda_truncada,cauda nao publicada: 34 unidades
2024-03,subtotal_sub_segmento,automoveis/Suv's,65852,63595,-2257,-3.4274,cauda_truncada,cauda nao publicada: 2257 unidades
2024-03,subtotal_sub_segmento,automoveis/Sw Grandes,3,3,0,,ok,cauda nao publicada: 0 unidades
2024-03,subtotal_sub_segmento,automoveis/Sw Médios,1,1,0,,ok,cauda nao publicada: 0 unidades
2024-03,subtotal_sub_segmento,automoveis/Veículos de Entrada,8659,8659,0,,ok,cauda nao publicada: 0 unidades
2024-03,subtotal_sub_segmento,comerciais_leves/Furgões,2722,2155,-567,-20.8303,cauda_truncada,cauda nao publicada: 567 unidades
2024-03,subtotal_sub_segmento,comerciais_leves/Furgões Pequenos,1755,1749,-6,-0.3419,ok,cauda nao publicada: 6 unidades
2024-03,subtotal_sub_segmento,comerciais_leves/Pick-up's Grandes,19008,18109,-899,-4.7296,cauda_truncada,cauda nao publicada: 899 unidades
2024-03,subtotal_sub_segmento,comerciais_leves/Pick-up's Pequenas,14598,14598,0,,ok,cauda nao publicada: 0 unidades
2024-03,ranking_x_sub_segmento,2024-03,167137,167135,-2,-0.0012,ok,1 modelos divergentes de 74 conferidos; desvio de volume 0.0012%
2024-03,cobertura,automoveis,137889,135163,-2726,-1.9770,medido,cobertura=98.02%
2024-03,cobertura,comerciais_leves,38093,38077,-16,-0.0420,medido,cobertura=99.96%
2024-04,mes_declarado,2024-04,,,,,ok,2024-04
2024-04,subtotal_sub_segmento,automoveis/Grandcab,2332,2332,0,,ok,cauda nao publicada: 0 unidades
2024-04,subtotal_sub_segmento,automoveis/Hatch Médios,79,69,-10,-12.6582,cauda_truncada,cauda nao publicada: 10 unidades
2024-04,subtotal_sub_segmento,automoveis/Hatch Pequenos,50591,50353,-238,-0.4704,ok,cauda nao publicada: 238 unidades
2024-04,subtotal_sub_segmento,automoveis/Monocab,1,1,0,,ok,cauda nao publicada: 0 unidades
2024-04,subtotal_sub_segmento,automoveis/Sedans Compactos,13170,13170,0,,ok,cauda nao publicada: 0 unidades
2024-04,subtotal_sub_segmento,automoveis/Sedans Grandes,667,656,-11,-1.6492,cauda_truncada,cauda nao publicada: 11 unidades
2024-04,subtotal_sub_segmento,automoveis/Sedans Pequenos,6146,6146,0,,ok,cauda nao publicada: 0 unidades
2024-04,subtotal_sub_segmento,automoveis/Sedans médios,4448,4448,0,,ok,cauda nao publicada: 0 unidades
2024-04,subtotal_sub_segmento,automoveis/Sports,394,366,-28,-7.1066,cauda_truncada,cauda nao publicada: 28 unidades
2024-04,subtotal_sub_segmento,automoveis/Suv's,75848,73616,-2232,-2.9427,cauda_truncada,cauda nao publicada: 2232 unidades
2024-04,subtotal_sub_segmento,automoveis/Sw Grandes,8,8,0,,ok,cauda nao publicada: 0 unidades
2024-04,subtotal_sub_segmento,automoveis/Sw Médios,0,0,0,,sem_total,
2024-04,subtotal_sub_segmento,automoveis/Veículos de Entrada,10617,10617,0,,ok,cauda nao publicada: 0 unidades
2024-04,subtotal_sub_segmento,comerciais_leves/Furgões,2773,2090,-683,-24.6304,cauda_truncada,cauda nao publicada: 683 unidades
2024-04,subtotal_sub_segmento,comerciais_leves/Furgões Pequenos,1636,1629,-7,-0.4279,ok,cauda nao publicada: 7 unidades
2024-04,subtotal_sub_segmento,comerciais_leves/Pick-up's Grandes,22422,21737,-685,-3.0550,cauda_truncada,cauda nao publicada: 685 unidades
2024-04,subtotal_sub_segmento,comerciais_leves/Pick-up's Pequenas,16873,16873,0,,ok,cauda nao publicada: 0 unidades
2024-04,ranking_x_sub_segmento,2024-04,198958,198958,0,,ok,0 modelos divergentes de 74 conferidos; desvio de volume 0.0000%
2024-04,cobertura,automoveis,164365,161782,-2583,-1.5715,medido,cobertura=98.43%
2024-04,cobertura,comerciais_leves,43713,43696,-17,-0.0389,medido,cobertura=99.96%
2024-05,mes_declarado,2024-05,,,,,ok,2024-05
2024-05,subtotal_sub_segmento,automoveis/Grandcab,2533,2533,0,,ok,cauda nao publicada: 0 unidades
2024-05,subtotal_sub_segmento,automoveis/Hatch Médios,74,63,-11,-14.8649,cauda_truncada,cauda nao publicada: 11 unidades
2024-05,subtotal_sub_segmento,automoveis/Hatch Pequenos,38687,38516,-171,-0.4420,ok,cauda nao publicada: 171 unidades
2024-05,subtotal_sub_segmento,automoveis/Monocab,11,11,0,,ok,cauda nao publicada: 0 unidades
2024-05,subtotal_sub_segmento,automoveis/Sedans Compactos,10769,10768,-1,-0.0093,ok,cauda nao publicada: 1 unidades
2024-05,subtotal_sub_segmento,automoveis/Sedans Grandes,716,708,-8,-1.1173,cauda_truncada,cauda nao publicada: 8 unidades
2024-05,subtotal_sub_segmento,automoveis/Sedans Pequenos,6711,6711,0,,ok,cauda nao publicada: 0 unidades
2024-05,subtotal_sub_segmento,automoveis/Sedans médios,3700,3700,0,,ok,cauda nao publicada: 0 unidades
2024-05,subtotal_sub_segmento,automoveis/Sports,307,284,-23,-7.4919,cauda_truncada,cauda nao publicada: 23 unidades
2024-05,subtotal_sub_segmento,automoveis/Suv's,71514,68983,-2531,-3.5392,cauda_truncada,cauda nao publicada: 2531 unidades
2024-05,subtotal_sub_segmento,automoveis/Sw Grandes,3,3,0,,ok,cauda nao publicada: 0 unidades
2024-05,subtotal_sub_segmento,automoveis/Sw Médios,0,0,0,,sem_total,
2024-05,subtotal_sub_segmento,automoveis/Veículos de Entrada,8952,8952,0,,ok,cauda nao publicada: 0 unidades
2024-05,subtotal_sub_segmento,comerciais_leves/Furgões,2157,1546,-611,-28.3264,cauda_truncada,cauda nao publicada: 611 unidades
2024-05,subtotal_sub_segmento,comerciais_leves/Furgões Pequenos,1177,1168,-9,-0.7647,cauda_truncada,cauda nao publicada: 9 unidades
2024-05,subtotal_sub_segmento,comerciais_leves/Pick-up's Grandes,21304,20348,-956,-4.4874,cauda_truncada,cauda nao publicada: 956 unidades
2024-05,subtotal_sub_segmento,comerciais_leves/Pick-up's Pequenas,14530,14530,0,,ok,cauda nao publicada: 0 unidades
2024-05,ranking_x_sub_segmento,2024-05,174010,174010,0,,ok,0 modelos divergentes de 72 conferidos; desvio de volume 0.0000%
2024-05,cobertura,automoveis,144027,141700,-2327,-1.6157,medido,cobertura=98.38%
2024-05,cobertura,comerciais_leves,39187,39166,-21,-0.0536,medido,cobertura=99.95%
2024-06,mes_declarado,2024-06,,,,,ok,2024-06
2024-06,subtotal_sub_segmento,automoveis/Grandcab,2257,2257,0,,ok,cauda nao publicada: 0 unidades
2024-06,subtotal_sub_segmento,automoveis/Hatch Médios,67,62,-5,-7.4627,cauda_truncada,cauda nao publicada: 5 unidades
2024-06,subtotal_sub_segmento,automoveis/Hatch Pequenos,47403,47277,-126,-0.2658,ok,cauda nao publicada: 126 unidades
2024-06,subtotal_sub_segmento,automoveis/Monocab,1,1,0,,ok,cauda nao publicada: 0 unidades
2024-06,subtotal_sub_segmento,automoveis/Sedans Compactos,13805,13805,0,,ok,cauda nao publicada: 0 unidades
2024-06,subtotal_sub_segmento,automoveis/Sedans Grandes,641,630,-11,-1.7161,cauda_truncada,cauda nao publicada: 11 unidades
2024-06,subtotal_sub_segmento,automoveis/Sedans Pequenos,7474,7474,0,,ok,cauda nao publicada: 0 unidades
2024-06,subtotal_sub_segmento,automoveis/Sedans médios,4617,4617,0,,ok,cauda nao publicada: 0 unidades
2024-06,subtotal_sub_segmento,automoveis/Sports,290,261,-29,-10.0000,cauda_truncada,cauda nao publicada: 29 unidades
2024-06,subtotal_sub_segmento,automoveis/Suv's,76644,74521,-2123,-2.7699,cauda_truncada,cauda nao publicada: 2123 unidades
2024-06,subtotal_sub_segmento,automoveis/Sw Grandes,11,11,0,,ok,cauda nao publicada: 0 unidades
2024-06,subtotal_sub_segmento,automoveis/Sw Médios,1,1,0,,ok,cauda nao publicada: 0 unidades
2024-06,subtotal_sub_segmento,automoveis/Veículos de Entrada,10531,10531,0,,ok,cauda nao publicada: 0 unidades
2024-06,subtotal_sub_segmento,comerciais_leves/Furgões,2436,1568,-868,-35.6322,cauda_truncada,cauda nao publicada: 868 unidades
2024-06,subtotal_sub_segmento,comerciais_leves/Furgões Pequenos,2138,2060,-78,-3.6483,cauda_truncada,cauda nao publicada: 78 unidades
2024-06,subtotal_sub_segmento,comerciais_leves/Pick-up's Grandes,23348,21671,-1677,-7.1826,cauda_truncada,cauda nao publicada: 1677 unidades
2024-06,subtotal_sub_segmento,comerciais_leves/Pick-up's Pequenas,10731,10731,0,,ok,cauda nao publicada: 0 unidades
2024-06,ranking_x_sub_segmento,2024-06,192648,192646,-2,-0.0010,ok,1 modelos divergentes de 73 conferidos; desvio de volume 0.0010%
2024-06,cobertura,automoveis,163808,161448,-2360,-1.4407,medido,cobertura=98.56%
2024-06,cobertura,comerciais_leves,38666,38650,-16,-0.0414,medido,cobertura=99.96%
2024-07,mes_declarado,2024-07,,,,,ok,2024-07
2024-07,subtotal_sub_segmento,automoveis/Grandcab,2409,2409,0,,ok,cauda nao publicada: 0 unidades
2024-07,subtotal_sub_segmento,automoveis/Hatch Médios,51,49,-2,-3.9216,cauda_truncada,cauda nao publicada: 2 unidades
2024-07,subtotal_sub_segmento,automoveis/Hatch Pequenos,48746,48533,-213,-0.4370,ok,cauda nao publicada: 213 unidades
2024-07,subtotal_sub_segmento,automoveis/Monocab,0,0,0,,sem_total,
2024-07,subtotal_sub_segmento,automoveis/Sedans Compactos,13090,13089,-1,-0.0076,ok,cauda nao publicada: 1 unidades
2024-07,subtotal_sub_segmento,automoveis/Sedans Grandes,742,723,-19,-2.5606,cauda_truncada,cauda nao publicada: 19 unidades
2024-07,subtotal_sub_segmento,automoveis/Sedans Pequenos,6298,6298,0,,ok,cauda nao publicada: 0 unidades
2024-07,subtotal_sub_segmento,automoveis/Sedans médios,5619,5619,0,,ok,cauda nao publicada: 0 unidades
2024-07,subtotal_sub_segmento,automoveis/Sports,537,515,-22,-4.0968,cauda_truncada,cauda nao publicada: 22 unidades
2024-07,subtotal_sub_segmento,automoveis/Suv's,90132,87775,-2357,-2.6151,cauda_truncada,cauda nao publicada: 2357 unidades
2024-07,subtotal_sub_segmento,automoveis/Sw Grandes,7,7,0,,ok,cauda nao publicada: 0 unidades
2024-07,subtotal_sub_segmento,automoveis/Sw Médios,0,0,0,,sem_total,
2024-07,subtotal_sub_segmento,automoveis/Veículos de Entrada,10334,10334,0,,ok,cauda nao publicada: 0 unidades
2024-07,subtotal_sub_segmento,comerciais_leves/Furgões,3469,2441,-1028,-29.6339,cauda_truncada,cauda nao publicada: 1028 unidades
2024-07,subtotal_sub_segmento,comerciais_leves/Furgões Pequenos,2206,2201,-5,-0.2267,ok,cauda nao publicada: 5 unidades
2024-07,subtotal_sub_segmento,comerciais_leves/Pick-up's Grandes,24984,23554,-1430,-5.7237,cauda_truncada,cauda nao publicada: 1430 unidades
2024-07,subtotal_sub_segmento,comerciais_leves/Pick-up's Pequenas,18581,18581,0,,ok,cauda nao publicada: 0 unidades
2024-07,ranking_x_sub_segmento,2024-07,216348,216346,-2,-0.0009,ok,1 modelos divergentes de 73 conferidos; desvio de volume 0.0009%
2024-07,cobertura,automoveis,178047,175351,-2696,-1.5142,medido,cobertura=98.49%
2024-07,cobertura,comerciais_leves,49253,49239,-14,-0.0284,medido,cobertura=99.97%
2024-08,mes_declarado,2024-08,,,,,ok,2024-08
2024-08,subtotal_sub_segmento,automoveis/Grandcab,2646,2646,0,,ok,cauda nao publicada: 0 unidades
2024-08,subtotal_sub_segmento,automoveis/Hatch Médios,65,57,-8,-12.3077,cauda_truncada,cauda nao publicada: 8 unidades
2024-08,subtotal_sub_segmento,automoveis/Hatch Pequenos,50195,50053,-142,-0.2829,ok,cauda nao publicada: 142 unidades
2024-08,subtotal_sub_segmento,automoveis/Monocab,5,5,0,,ok,cauda nao publicada: 0 unidades
2024-08,subtotal_sub_segmento,automoveis/Sedans Compactos,12753,12753,0,,ok,cauda nao publicada: 0 unidades
2024-08,subtotal_sub_segmento,automoveis/Sedans Grandes,607,591,-16,-2.6359,cauda_truncada,cauda nao publicada: 16 unidades
2024-08,subtotal_sub_segmento,automoveis/Sedans Pequenos,7727,7727,0,,ok,cauda nao publicada: 0 unidades
2024-08,subtotal_sub_segmento,automoveis/Sedans médios,5175,5172,-3,-0.0580,ok,cauda nao publicada: 3 unidades
2024-08,subtotal_sub_segmento,automoveis/Sports,627,593,-34,-5.4226,cauda_truncada,cauda nao publicada: 34 unidades
2024-08,subtotal_sub_segmento,automoveis/Suv's,81718,79625,-2093,-2.5612,cauda_truncada,cauda nao publicada: 2093 unidades
2024-08,subtotal_sub_segmento,automoveis/Sw Grandes,10,10,0,,ok,cauda nao publicada: 0 unidades
2024-08,subtotal_sub_segmento,automoveis/Sw Médios,1,1,0,,ok,cauda nao publicada: 0 unidades
2024-08,subtotal_sub_segmento,automoveis/Veículos de Entrada,9403,9402,-1,-0.0106,ok,cauda nao publicada: 1 unidades
2024-08,subtotal_sub_segmento,comerciais_leves/Furgões,3627,2612,-1015,-27.9846,cauda_truncada,cauda nao publicada: 1015 unidades
2024-08,subtotal_sub_segmento,comerciais_leves/Furgões Pequenos,2115,2106,-9,-0.4255,ok,cauda nao publicada: 9 unidades
2024-08,subtotal_sub_segmento,comerciais_leves/Pick-up's Grandes,24500,23510,-990,-4.0408,cauda_truncada,cauda nao publicada: 990 unidades
2024-08,subtotal_sub_segmento,comerciais_leves/Pick-up's Pequenas,21941,21941,0,,ok,cauda nao publicada: 0 unidades
2024-08,ranking_x_sub_segmento,2024-08,212834,212831,-3,-0.0014,ok,2 modelos divergentes de 73 conferidos; desvio de volume 0.0014%
2024-08,cobertura,automoveis,170995,168635,-2360,-1.3802,medido,cobertura=98.62%
2024-08,cobertura,comerciais_leves,52201,52178,-23,-0.0441,medido,cobertura=99.96%
2024-09,mes_declarado,2024-09,,,,,ok,2024-09
2024-09,subtotal_sub_segmento,automoveis/Grandcab,2348,2348,0,,ok,cauda nao publicada: 0 unidades
2024-09,subtotal_sub_segmento,automoveis/Hatch Médios,100,89,-11,-11.0000,cauda_truncada,cauda nao publicada: 11 unidades
2024-09,subtotal_sub_segmento,automoveis/Hatch Pequenos,47419,47295,-124,-0.2615,ok,cauda nao publicada: 124 unidades
2024-09,subtotal_sub_segmento,automoveis/Monocab,5,5,0,,ok,cauda nao publicada: 0 unidades
2024-09,subtotal_sub_segmento,automoveis/Sedans Compactos,12132,12132,0,,ok,cauda nao publicada: 0 unidades
2024-09,subtotal_sub_segmento,automoveis/Sedans Grandes,642,633,-9,-1.4019,cauda_truncada,cauda nao publicada: 9 unidades
2024-09,subtotal_sub_segmento,automoveis/Sedans Pequenos,10139,10139,0,,ok,cauda nao publicada: 0 unidades
2024-09,subtotal_sub_segmento,automoveis/Sedans médios,5120,5119,-1,-0.0195,ok,cauda nao publicada: 1 unidades
2024-09,subtotal_sub_segmento,automoveis/Sports,478,451,-27,-5.6485,cauda_truncada,cauda nao publicada: 27 unidades
2024-09,subtotal_sub_segmento,automoveis/Suv's,82234,80084,-2150,-2.6145,cauda_truncada,cauda nao publicada: 2150 unidades
2024-09,subtotal_sub_segmento,automoveis/Sw Grandes,5,5,0,,ok,cauda nao publicada: 0 unidades
2024-09,subtotal_sub_segmento,automoveis/Sw Médios,1,1,0,,ok,cauda nao publicada: 0 unidades
2024-09,subtotal_sub_segmento,automoveis/Veículos de Entrada,10960,10960,0,,ok,cauda nao publicada: 0 unidades
2024-09,subtotal_sub_segmento,comerciais_leves/Furgões,3638,2605,-1033,-28.3947,cauda_truncada,cauda nao publicada: 1033 unidades
2024-09,subtotal_sub_segmento,comerciais_leves/Furgões Pequenos,2734,2731,-3,-0.1097,ok,cauda nao publicada: 3 unidades
2024-09,subtotal_sub_segmento,comerciais_leves/Pick-up's Grandes,25747,24881,-866,-3.3635,cauda_truncada,cauda nao publicada: 866 unidades
2024-09,subtotal_sub_segmento,comerciais_leves/Pick-up's Pequenas,18897,18897,0,,ok,cauda nao publicada: 0 unidades
2024-09,ranking_x_sub_segmento,2024-09,212892,212892,0,,ok,0 modelos divergentes de 73 conferidos; desvio de volume 0.0000%
2024-09,cobertura,automoveis,171658,169261,-2397,-1.3964,medido,cobertura=98.60%
2024-09,cobertura,comerciais_leves,51028,51020,-8,-0.0157,medido,cobertura=99.98%
2024-10,mes_declarado,2024-10,,,,,ok,2024-10
2024-10,ranking_x_sub_segmento,2024-10,238410,238409,-1,-0.0004,ok,1 modelos divergentes de 74 conferidos; desvio de volume 0.0004%
2024-10,cobertura,automoveis,195201,192166,-3035,-1.5548,medido,cobertura=98.45%
2024-10,cobertura,comerciais_leves,54695,54674,-21,-0.0384,medido,cobertura=99.96%
2024-11,mes_declarado,2024-11,,,,,ok,2024-11
2024-11,ranking_x_sub_segmento,2024-11,229855,229855,0,,ok,0 modelos divergentes de 73 conferidos; desvio de volume 0.0000%
2024-11,cobertura,automoveis,193730,191110,-2620,-1.3524,medido,cobertura=98.65%
2024-11,cobertura,comerciais_leves,47461,47437,-24,-0.0506,medido,cobertura=99.95%
2024-12,mes_declarado,2024-12,,,,,ok,2024-12
2024-12,ranking_x_sub_segmento,2024-12,233052,233051,-1,-0.0004,ok,1 modelos divergentes de 74 conferidos; desvio de volume 0.0004%
2024-12,cobertura,automoveis,189862,186761,-3101,-1.6333,medido,cobertura=98.37%
2024-12,cobertura,comerciais_leves,53829,53807,-22,-0.0409,medido,cobertura=99.96%
2025-01,mes_declarado,2025-01,,,,,ok,2025-01
2025-01,ranking_x_sub_segmento,2025-01,151227,151226,-1,-0.0007,ok,1 modelos divergentes de 74 conferidos; desvio de volume 0.0007%
2025-01,cobertura,automoveis,123359,120881,-2478,-2.0088,medido,cobertura=97.99%
2025-01,cobertura,comerciais_leves,36487,36468,-19,-0.0521,medido,cobertura=99.95%
2025-02,mes_declarado,2025-02,,,,,ok,2025-02
2025-02,subtotal_sub_segmento,automoveis/Grandcab,1595,1595,0,,ok,cauda nao publicada: 0 unidades
2025-02,subtotal_sub_segmento,automoveis/Hatch Médios,28,24,-4,-14.2857,cauda_truncada,cauda nao publicada: 4 unidades
2025-02,subtotal_sub_segmento,automoveis/Hatch Pequenos,30780,30674,-106,-0.3444,ok,cauda nao publicada: 106 unidades
2025-02,subtotal_sub_segmento,automoveis/Monocab,0,0,0,,sem_total,
2025-02,subtotal_sub_segmento,automoveis/Sedans Compactos,9573,9573,0,,ok,cauda nao publicada: 0 unidades
2025-02,subtotal_sub_segmento,automoveis/Sedans Grandes,583,573,-10,-1.7153,cauda_truncada,cauda nao publicada: 10 unidades
2025-02,subtotal_sub_segmento,automoveis/Sedans Pequenos,3855,3855,0,,ok,cauda nao publicada: 0 unidades
2025-02,subtotal_sub_segmento,automoveis/Sedans médios,5501,5501,0,,ok,cauda nao publicada: 0 unidades
2025-02,subtotal_sub_segmento,automoveis/Sports,267,247,-20,-7.4906,cauda_truncada,cauda nao publicada: 20 unidades
2025-02,subtotal_sub_segmento,automoveis/Suv's,72053,69933,-2120,-2.9423,cauda_truncada,cauda nao publicada: 2120 unidades
2025-02,subtotal_sub_segmento,automoveis/Sw Grandes,6,6,0,,ok,cauda nao publicada: 0 unidades
2025-02,subtotal_sub_segmento,automoveis/Sw Médios,0,0,0,,sem_total,
2025-02,subtotal_sub_segmento,automoveis/Veículos de Entrada,10459,10459,0,,ok,cauda nao publicada: 0 unidades
2025-02,subtotal_sub_segmento,comerciais_leves/Furgões,3676,2761,-915,-24.8912,cauda_truncada,cauda nao publicada: 915 unidades
2025-02,subtotal_sub_segmento,comerciais_leves/Furgões Pequenos,1409,1404,-5,-0.3549,ok,cauda nao publicada: 5 unidades
2025-02,subtotal_sub_segmento,comerciais_leves/Pick-up's Grandes,18982,17769,-1213,-6.3903,cauda_truncada,cauda nao publicada: 1213 unidades
2025-02,subtotal_sub_segmento,comerciais_leves/Pick-up's Pequenas,14964,14964,0,,ok,cauda nao publicada: 0 unidades
2025-02,ranking_x_sub_segmento,2025-02,164719,164718,-1,-0.0006,ok,1 modelos divergentes de 74 conferidos; desvio de volume 0.0006%
2025-02,cobertura,automoveis,134772,132440,-2332,-1.7303,medido,cobertura=98.27%
2025-02,cobertura,comerciais_leves,39037,39021,-16,-0.0410,medido,cobertura=99.96%
2025-03,mes_declarado,2025-03,,,,,ok,2025-03
2025-03,subtotal_sub_segmento,automoveis/Grandcab,1417,1415,-2,-0.1411,ok,cauda nao publicada: 2 unidades
2025-03,subtotal_sub_segmento,automoveis/Hatch Médios,30,28,-2,-6.6667,cauda_truncada,cauda nao publicada: 2 unidades
2025-03,subtotal_sub_segmento,automoveis/Hatch Pequenos,35324,35271,-53,-0.1500,ok,cauda nao publicada: 53 unidades
2025-03,subtotal_sub_segmento,automoveis/Monocab,1,1,0,,ok,cauda nao publicada: 0 unidades
2025-03,subtotal_sub_segmento,automoveis/Sedans Compactos,10223,10223,0,,ok,cauda nao publicada: 0 unidades
2025-03,subtotal_sub_segmento,automoveis/Sedans Grandes,594,582,-12,-2.0202,cauda_truncada,cauda nao publicada: 12 unidades
2025-03,subtotal_sub_segmento,automoveis/Sedans Pequenos,4071,4071,0,,ok,cauda nao publicada: 0 unidades
2025-03,subtotal_sub_segmento,automoveis/Sedans médios,5562,5562,0,,ok,cauda nao publicada: 0 unidades
2025-03,subtotal_sub_segmento,automoveis/Sports,265,245,-20,-7.5472,cauda_truncada,cauda nao publicada: 20 unidades
2025-03,subtotal_sub_segmento,automoveis/Suv's,74349,71860,-2489,-3.3477,cauda_truncada,cauda nao publicada: 2489 unidades
2025-03,subtotal_sub_segmento,automoveis/Sw Grandes,8,8,0,,ok,cauda nao publicada: 0 unidades
2025-03,subtotal_sub_segmento,automoveis/Sw Médios,0,0,0,,sem_total,
2025-03,subtotal_sub_segmento,automoveis/Veículos de Entrada,9639,9639,0,,ok,cauda nao publicada: 0 unidades
2025-03,subtotal_sub_segmento,comerciais_leves/Furgões,3667,2773,-894,-24.3796,cauda_truncada,cauda nao publicada: 894 unidades
2025-03,subtotal_sub_segmento,comerciais_leves/Furgões Pequenos,2119,2116,-3,-0.1416,ok,cauda nao publicada: 3 unidades
2025-03,subtotal_sub_segmento,comerciais_leves/Pick-up's Grandes,20766,19232,-1534,-7.3871,cauda_truncada,cauda nao publicada: 1534 unidades
2025-03,subtotal_sub_segmento,comerciais_leves/Pick-up's Pequenas,15947,15947,0,,ok,cauda nao publicada: 0 unidades
2025-03,ranking_x_sub_segmento,2025-03,174678,174678,0,,ok,0 modelos divergentes de 73 conferidos; desvio de volume 0.0000%
2025-03,cobertura,automoveis,141542,138905,-2637,-1.8631,medido,cobertura=98.14%
2025-03,cobertura,comerciais_leves,42504,42489,-15,-0.0353,medido,cobertura=99.96%
2025-04,mes_declarado,2025-04,,,,,ok,2025-04
2025-04,subtotal_sub_segmento,automoveis/Grandcab,1769,1769,0,,ok,cauda nao publicada: 0 unidades
2025-04,subtotal_sub_segmento,automoveis/Hatch Médios,46,44,-2,-4.3478,cauda_truncada,cauda nao publicada: 2 unidades
2025-04,subtotal_sub_segmento,automoveis/Hatch Pequenos,39216,39127,-89,-0.2269,ok,cauda nao publicada: 89 unidades
2025-04,subtotal_sub_segmento,automoveis/Monocab,0,0,0,,sem_total,
2025-04,subtotal_sub_segmento,automoveis/Sedans Compactos,9815,9815,0,,ok,cauda nao publicada: 0 unidades
2025-04,subtotal_sub_segmento,automoveis/Sedans Grandes,728,713,-15,-2.0604,cauda_truncada,cauda nao publicada: 15 unidades
2025-04,subtotal_sub_segmento,automoveis/Sedans Pequenos,6288,6288,0,,ok,cauda nao publicada: 0 unidades
2025-04,subtotal_sub_segmento,automoveis/Sedans médios,5714,5714,0,,ok,cauda nao publicada: 0 unidades
2025-04,subtotal_sub_segmento,automoveis/Sports,268,242,-26,-9.7015,cauda_truncada,cauda nao publicada: 26 unidades
2025-04,subtotal_sub_segmento,automoveis/Suv's,78417,75843,-2574,-3.2825,cauda_truncada,cauda nao publicada: 2574 unidades
2025-04,subtotal_sub_segmento,automoveis/Sw Grandes,11,11,0,,ok,cauda nao publicada: 0 unidades
2025-04,subtotal_sub_segmento,automoveis/Sw Médios,0,0,0,,sem_total,
2025-04,subtotal_sub_segmento,automoveis/Veículos de Entrada,9934,9934,0,,ok,cauda nao publicada: 0 unidades
2025-04,subtotal_sub_segmento,comerciais_leves/Furgões,4429,3583,-846,-19.1014,cauda_truncada,cauda nao publicada: 846 unidades
2025-04,subtotal_sub_segmento,comerciais_leves/Furgões Pequenos,2067,2056,-11,-0.5322,cauda_truncada,cauda nao publicada: 11 unidades
2025-04,subtotal_sub_segmento,comerciais_leves/Pick-up's Grandes,22745,21047,-1698,-7.4654,cauda_truncada,cauda nao publicada: 1698 unidades
2025-04,subtotal_sub_segmento,comerciais_leves/Pick-up's Pequenas,15533,15533,0,,ok,cauda nao publicada: 0 unidades
2025-04,ranking_x_sub_segmento,2025-04,187368,187367,-1,-0.0005,ok,1 modelos divergentes de 73 conferidos; desvio de volume 0.0005%
2025-04,cobertura,automoveis,152267,149500,-2767,-1.8172,medido,cobertura=98.18%
2025-04,cobertura,comerciais_leves,44786,44750,-36,-0.0804,medido,cobertura=99.92%
2025-05,mes_declarado,2025-05,,,,,ok,2025-05
2025-05,subtotal_sub_segmento,automoveis/Grandcab,2229,2228,-1,-0.0449,ok,cauda nao publicada: 1 unidades
2025-05,subtotal_sub_segmento,automoveis/Hatch Médios,34,32,-2,-5.8824,cauda_truncada,cauda nao publicada: 2 unidades
2025-05,subtotal_sub_segmento,automoveis/Hatch Pequenos,44926,44846,-80,-0.1781,ok,cauda nao publicada: 80 unidades
2025-05,subtotal_sub_segmento,automoveis/Monocab,0,0,0,,sem_total,
2025-05,subtotal_sub_segmento,automoveis/Sedans Compactos,9370,9370,0,,ok,cauda nao publicada: 0 unidades
2025-05,subtotal_sub_segmento,automoveis/Sedans Grandes,683,656,-27,-3.9531,cauda_truncada,cauda nao publicada: 27 unidades
2025-05,subtotal_sub_segmento,automoveis/Sedans Pequenos,7101,7101,0,,ok,cauda nao publicada: 0 unidades
2025-05,subtotal_sub_segmento,automoveis/Sedans médios,5409,5409,0,,ok,cauda nao publicada: 0 unidades
2025-05,subtotal_sub_segmento,automoveis/Sports,194,177,-17,-8.7629,cauda_truncada,cauda nao publicada: 17 unidades
2025-05,subtotal_sub_segmento,automoveis/Suv's,85720,82827,-2893,-3.3749,cauda_truncada,cauda nao publicada: 2893 unidades
2025-05,subtotal_sub_segmento,automoveis/Sw Grandes,7,7,0,,ok,cauda nao publicada: 0 unidades
2025-05,subtotal_sub_segmento,automoveis/Sw Médios,0,0,0,,sem_total,
2025-05,subtotal_sub_segmento,automoveis/Veículos de Entrada,11808,11808,0,,ok,cauda nao publicada: 0 unidades
2025-05,subtotal_sub_segmento,comerciais_leves/Furgões,4124,3284,-840,-20.3686,cauda_truncada,cauda nao publicada: 840 unidades
2025-05,subtotal_sub_segmento,comerciais_leves/Furgões Pequenos,2504,2497,-7,-0.2796,ok,cauda nao publicada: 7 unidades
2025-05,subtotal_sub_segmento,comerciais_leves/Pick-up's Grandes,22791,21964,-827,-3.6286,cauda_truncada,cauda nao publicada: 827 unidades
2025-05,subtotal_sub_segmento,comerciais_leves/Pick-up's Pequenas,17390,17390,0,,ok,cauda nao publicada: 0 unidades
2025-05,ranking_x_sub_segmento,2025-05,204931,204930,-1,-0.0005,ok,1 modelos divergentes de 73 conferidos; desvio de volume 0.0005%
2025-05,cobertura,automoveis,167540,164461,-3079,-1.8378,medido,cobertura=98.16%
2025-05,cobertura,comerciais_leves,46817,46781,-36,-0.0769,medido,cobertura=99.92%
2025-06,mes_declarado,2025-06,,,,,ok,2025-06
2025-06,subtotal_sub_segmento,automoveis/Grandcab,2002,2002,0,,ok,cauda nao publicada: 0 unidades
2025-06,subtotal_sub_segmento,automoveis/Hatch Médios,38,37,-1,-2.6316,cauda_truncada,cauda nao publicada: 1 unidades
2025-06,subtotal_sub_segmento,automoveis/Hatch Pequenos,39474,39371,-103,-0.2609,ok,cauda nao publicada: 103 unidades
2025-06,subtotal_sub_segmento,automoveis/Monocab,0,0,0,,sem_total,
2025-06,subtotal_sub_segmento,automoveis/Sedans Compactos,9737,9737,0,,ok,cauda nao publicada: 0 unidades
2025-06,subtotal_sub_segmento,automoveis/Sedans Grandes,613,577,-36,-5.8728,cauda_truncada,cauda nao publicada: 36 unidades
2025-06,subtotal_sub_segmento,automoveis/Sedans Pequenos,4162,4162,0,,ok,cauda nao publicada: 0 unidades
2025-06,subtotal_sub_segmento,automoveis/Sedans médios,5120,5119,-1,-0.0195,ok,cauda nao publicada: 1 unidades
2025-06,subtotal_sub_segmento,automoveis/Sports,222,197,-25,-11.2613,cauda_truncada,cauda nao publicada: 25 unidades
2025-06,subtotal_sub_segmento,automoveis/Suv's,86011,82634,-3377,-3.9262,cauda_truncada,cauda nao publicada: 3377 unidades
2025-06,subtotal_sub_segmento,automoveis/Sw Grandes,18,18,0,,ok,cauda nao publicada: 0 unidades
2025-06,subtotal_sub_segmento,automoveis/Sw Médios,0,0,0,,sem_total,
2025-06,subtotal_sub_segmento,automoveis/Veículos de Entrada,11675,11675,0,,ok,cauda nao publicada: 0 unidades
2025-06,subtotal_sub_segmento,comerciais_leves/Furgões,3248,2297,-951,-29.2796,cauda_truncada,cauda nao publicada: 951 unidades
2025-06,subtotal_sub_segmento,comerciais_leves/Furgões Pequenos,2676,2675,-1,-0.0374,ok,cauda nao publicada: 1 unidades
2025-06,subtotal_sub_segmento,comerciais_leves/Pick-up's Grandes,20779,19969,-810,-3.8982,cauda_truncada,cauda nao publicada: 810 unidades
2025-06,subtotal_sub_segmento,comerciais_leves/Pick-up's Pequenas,16325,16325,0,,ok,cauda nao publicada: 0 unidades
2025-06,ranking_x_sub_segmento,2025-06,191820,191820,0,,ok,0 modelos divergentes de 72 conferidos; desvio de volume 0.0000%
2025-06,cobertura,automoveis,159128,155910,-3218,-2.0223,medido,cobertura=97.98%
2025-06,cobertura,comerciais_leves,43036,43006,-30,-0.0697,medido,cobertura=99.93%
2025-07,mes_declarado,2025-07,,,,,ok,2025-07
2025-07,ranking_x_sub_segmento,2025-07,218457,218454,-3,-0.0014,ok,1 modelos divergentes de 73 conferidos; desvio de volume 0.0014%
2025-07,cobertura,automoveis,181787,177745,-4042,-2.2235,medido,cobertura=97.78%
2025-07,cobertura,comerciais_leves,48161,48139,-22,-0.0457,medido,cobertura=99.95%
2025-08,mes_declarado,2025-08,,,,,ok,2025-08
2025-08,ranking_x_sub_segmento,2025-08,203069,203069,0,,ok,0 modelos divergentes de 73 conferidos; desvio de volume 0.0000%
2025-08,cobertura,automoveis,172280,168054,-4226,-2.4530,medido,cobertura=97.55%
2025-08,cobertura,comerciais_leves,42210,42185,-25,-0.0592,medido,cobertura=99.94%
2025-09,mes_declarado,2025-09,,,,,ok,2025-09
2025-09,ranking_x_sub_segmento,2025-09,218856,218856,0,,ok,0 modelos divergentes de 73 conferidos; desvio de volume 0.0000%
2025-09,cobertura,automoveis,178548,173670,-4878,-2.7320,medido,cobertura=97.27%
2025-09,cobertura,comerciais_leves,52822,52787,-35,-0.0663,medido,cobertura=99.93%
2025-10,mes_declarado,2025-10,,,,,ok,2025-10
2025-10,ranking_x_sub_segmento,2025-10,233359,233357,-2,-0.0009,ok,1 modelos divergentes de 73 conferidos; desvio de volume 0.0009%
2025-10,cobertura,automoveis,192752,186892,-5860,-3.0402,medido,cobertura=96.96%
2025-10,cobertura,comerciais_leves,55125,55045,-80,-0.1451,medido,cobertura=99.85%
2025-11,mes_declarado,2025-11,,,,,ok,2025-11
2025-11,ranking_x_sub_segmento,2025-11,210386,210384,-2,-0.0010,ok,1 modelos divergentes de 69 conferidos; desvio de volume 0.0010%
2025-11,cobertura,automoveis,182044,177642,-4402,-2.4181,medido,cobertura=97.58%
2025-11,cobertura,comerciais_leves,45130,45075,-55,-0.1219,medido,cobertura=99.88%
2025-12,mes_declarado,2025-12,,,,,ok,2025-12
2025-12,ranking_x_sub_segmento,2025-12,249538,249537,-1,-0.0004,ok,1 modelos divergentes de 72 conferidos; desvio de volume 0.0004%
2025-12,cobertura,automoveis,210732,204072,-6660,-3.1604,medido,cobertura=96.84%
2025-12,cobertura,comerciais_leves,56385,56311,-74,-0.1312,medido,cobertura=99.87%
2026-01,mes_declarado,2026-01,,,,,ok,2026-01
2026-01,subtotal_sub_segmento,automoveis/Grandcab,1241,1241,0,,ok,cauda nao publicada: 0 unidades
2026-01,subtotal_sub_segmento,automoveis/Hatch Médios,18,18,0,,ok,cauda nao publicada: 0 unidades
2026-01,subtotal_sub_segmento,automoveis/Hatch Pequenos,28414,28287,-127,-0.4470,ok,cauda nao publicada: 127 unidades
2026-01,subtotal_sub_segmento,automoveis/Monocab,2,2,0,,ok,cauda nao publicada: 0 unidades
2026-01,subtotal_sub_segmento,automoveis/Sedans Compactos,5155,5155,0,,ok,cauda nao publicada: 0 unidades
2026-01,subtotal_sub_segmento,automoveis/Sedans Grandes,392,383,-9,-2.2959,cauda_truncada,cauda nao publicada: 9 unidades
2026-01,subtotal_sub_segmento,automoveis/Sedans Pequenos,2942,2942,0,,ok,cauda nao publicada: 0 unidades
2026-01,subtotal_sub_segmento,automoveis/Sedans médios,2901,2901,0,,ok,cauda nao publicada: 0 unidades
2026-01,subtotal_sub_segmento,automoveis/Sports,277,261,-16,-5.7762,cauda_truncada,cauda nao publicada: 16 unidades
2026-01,subtotal_sub_segmento,automoveis/Suv's,77491,73309,-4182,-5.3968,cauda_truncada,cauda nao publicada: 4182 unidades
2026-01,subtotal_sub_segmento,automoveis/Sw Grandes,6,6,0,,ok,cauda nao publicada: 0 unidades
2026-01,subtotal_sub_segmento,automoveis/Sw Médios,1,1,0,,ok,cauda nao publicada: 0 unidades
2026-01,subtotal_sub_segmento,automoveis/Veículos de Entrada,6234,6234,0,,ok,cauda nao publicada: 0 unidades
2026-01,subtotal_sub_segmento,comerciais_leves/Furgões,3166,2289,-877,-27.7006,cauda_truncada,cauda nao publicada: 877 unidades
2026-01,subtotal_sub_segmento,comerciais_leves/Furgões Pequenos,1655,1655,0,,ok,cauda nao publicada: 0 unidades
2026-01,subtotal_sub_segmento,comerciais_leves/Pick-up's Grandes,19116,18328,-788,-4.1222,cauda_truncada,cauda nao publicada: 788 unidades
2026-01,subtotal_sub_segmento,comerciais_leves/Pick-up's Pequenas,13403,13403,0,,ok,cauda nao publicada: 0 unidades
2026-01,ranking_x_sub_segmento,2026-01,150231,150227,-4,-0.0027,ok,3 modelos divergentes de 73 conferidos; desvio de volume 0.0027%
2026-01,cobertura,automoveis,125136,120740,-4396,-3.5130,medido,cobertura=96.49%
2026-01,cobertura,comerciais_leves,37348,37307,-41,-0.1098,medido,cobertura=99.89%
2026-02,mes_declarado,2026-02,,,,,ok,2026-02
2026-02,ranking_x_sub_segmento,2026-02,165162,165161,-1,-0.0006,ok,1 modelos divergentes de 73 conferidos; desvio de volume 0.0006%
2026-02,cobertura,automoveis,140548,136101,-4447,-3.1640,medido,cobertura=96.84%
2026-02,cobertura,comerciais_leves,36249,36223,-26,-0.0717,medido,cobertura=99.93%
2026-03,mes_declarado,2026-03,,,,,ok,2026-03
2026-03,ranking_x_sub_segmento,2026-03,239917,239916,-1,-0.0004,ok,1 modelos divergentes de 73 conferidos; desvio de volume 0.0004%
2026-03,cobertura,automoveis,206375,199723,-6652,-3.2233,medido,cobertura=96.78%
2026-03,cobertura,comerciais_leves,51848,51804,-44,-0.0849,medido,cobertura=99.92%
2026-04,mes_declarado,2026-04,,,,,ok,2026-04
2026-04,ranking_x_sub_segmento,2026-04,220031,220027,-4,-0.0018,ok,2 modelos divergentes de 73 conferidos; desvio de volume 0.0018%
2026-04,cobertura,automoveis,187313,180002,-7311,-3.9031,medido,cobertura=96.10%
2026-04,cobertura,comerciais_leves,49943,49913,-30,-0.0601,medido,cobertura=99.94%
2026-05,mes_declarado,2026-05,,,,,ok,2026-05
2026-05,ranking_x_sub_segmento,2026-05,241976,241975,-1,-0.0004,ok,1 modelos divergentes de 72 conferidos; desvio de volume 0.0004%
2026-05,cobertura,automoveis,214300,206511,-7789,-3.6346,medido,cobertura=96.37%
2026-05,cobertura,comerciais_leves,49743,49709,-34,-0.0684,medido,cobertura=99.93%
2026-06,mes_declarado,2026-06,,,,,ok,2026-06
2026-06,ranking_x_sub_segmento,2026-06,235982,235982,0,,ok,0 modelos divergentes de 72 conferidos; desvio de volume 0.0000%
2026-06,cobertura,automoveis,212902,202896,-10006,-4.6998,medido,cobertura=95.30%
2026-06,cobertura,comerciais_leves,47565,47503,-62,-0.1303,medido,cobertura=99.87%
2026-07,mes_declarado,2026-07,,,,,ok,2026-07
2026-07,ranking_x_sub_segmento,2026-07,239752,239749,-3,-0.0013,ok,2 modelos divergentes de 72 conferidos; desvio de volume 0.0013%
2026-07,cobertura,automoveis,212691,201086,-11605,-5.4563,medido,cobertura=94.54%
2026-07,cobertura,comerciais_leves,53004,52966,-38,-0.0717,medido,cobertura=99.93%
2026-08,mes_declarado,2026-08,,,,,ok,2026-08
2026-08,ranking_x_sub_segmento,2026-08,237858,237858,0,,ok,0 modelos divergentes de 72 conferidos; desvio de volume 0.0000%
2026-08,cobertura,automoveis,212876,201755,-11121,-5.2242,medido,cobertura=94.78%
2026-08,cobertura,comerciais_leves,50178,50111,-67,-0.1335,medido,cobertura=99.87%
