mes,segmento,sub_segmento_fonte,total_publicado,soma_modelos_listados,modelos_listados,cauda_nao_publicada,arquivo_origem
2003-01,automoveis,Grandcab,2502,2502,4,0,2003-01.pdf
2003-01,automoveis,Hatch Médios,6955,6955,6,0,2003-01.pdf
2003-01,automoveis,Hatch Pequenos,11516,11516,7,0,2003-01.pdf
2003-01,automoveis,Monocab,3038,3038,7,0,2003-01.pdf
2003-01,automoveis,Sedans Compactos,2013,2013,5,0,2003-01.pdf
2003-01,automoveis,Sedans Grandes,304,304,12,0,2003-01.pdf
2003-01,automoveis,Sedans Pequenos,11298,11298,7,0,2003-01.pdf
2003-01,automoveis,Sedans médios,5590,5590,12,0,2003-01.pdf
2003-01,automoveis,Sports,34,34,9,0,2003-01.pdf
2003-01,automoveis,Suv's,1074,1074,36,0,2003-01.pdf
2003-01,automoveis,Sw Grandes,109,109,5,0,2003-01.pdf
2003-01,automoveis,Sw Médios,3921,3921,4,0,2003-01.pdf
2003-01,automoveis,Veículos de Entrada,47250,47250,8,0,2003-01.pdf
2003-01,comerciais_leves,Furgões,1939,1939,7,0,2003-01.pdf
2003-01,comerciais_leves,Furgões Pequenos,854,854,4,0,2003-01.pdf
2003-01,comerciais_leves,Pick-up's Grandes,3066,3066,10,0,2003-01.pdf
2003-01,comerciais_leves,Pick-up's Pequenas,4226,4226,6,0,2003-01.pdf
2003-02,automoveis,Grandcab,2917,2917,4,0,2003-02.pdf
2003-02,automoveis,Hatch Médios,6974,6974,6,0,2003-02.pdf
2003-02,automoveis,Hatch Pequenos,12073,12073,7,0,2003-02.pdf
2003-02,automoveis,Monocab,3299,3299,8,0,2003-02.pdf
2003-02,automoveis,Sedans Compactos,2890,2890,4,0,2003-02.pdf
2003-02,automoveis,Sedans Grandes,348,348,12,0,2003-02.pdf
2003-02,automoveis,Sedans Pequenos,10316,10316,6,0,2003-02.pdf
2003-02,automoveis,Sedans médios,6860,6860,12,0,2003-02.pdf
2003-02,automoveis,Sports,27,27,9,0,2003-02.pdf
2003-02,automoveis,Suv's,1110,1110,35,0,2003-02.pdf
2003-02,automoveis,Sw Grandes,121,121,5,0,2003-02.pdf
2003-02,automoveis,Sw Médios,3536,3536,4,0,2003-02.pdf
2003-02,automoveis,Veículos de Entrada,49105,49105,8,0,2003-02.pdf
2003-02,comerciais_leves,Furgões,2001,2001,7,0,2003-02.pdf
2003-02,comerciais_leves,Furgões Pequenos,1048,1048,4,0,2003-02.pdf
2003-02,comerciais_leves,Pick-up's Grandes,3437,3437,10,0,2003-02.pdf
2003-02,comerciais_leves,Pick-up's Pequenas,4802,4802,5,0,2003-02.pdf
2003-03,automoveis,Grandcab,2321,2321,4,0,2003-03.pdf
2003-03,automoveis,Hatch Médios,5793,5793,6,0,2003-03.pdf
2003-03,automoveis,Hatch Pequenos,10030,10030,8,0,2003-03.pdf
2003-03,automoveis,Monocab,2681,2681,8,0,2003-03.pdf
2003-03,automoveis,Sedans Compactos,2232,2232,5,0,2003-03.pdf
2003-03,automoveis,Sedans Grandes,246,246,12,0,2003-03.pdf
2003-03,automoveis,Sedans Pequenos,8990,8990,6,0,2003-03.pdf
2003-03,automoveis,Sedans médios,6410,6410,14,0,2003-03.pdf
2003-03,automoveis,Sports,15,15,9,0,2003-03.pdf
2003-03,automoveis,Suv's,1871,1871,39,0,2003-03.pdf
2003-03,automoveis,Sw Grandes,108,108,6,0,2003-03.pdf
2003-03,automoveis,Sw Médios,2864,2864,4,0,2003-03.pdf
2003-03,automoveis,Veículos de Entrada,42400,42400,8,0,2003-03.pdf
2003-03,comerciais_leves,Furgões,1545,1545,7,0,2003-03.pdf
2003-03,comerciais_leves,Furgões Pequenos,912,912,4,0,2003-03.pdf
2003-03,comerciais_leves,Pick-up's Grandes,3022,3022,11,0,2003-03.pdf
2003-03,comerciais_leves,Pick-up's Pequenas,3839,3839,5,0,2003-03.pdf
2003-04,automoveis,Grandcab,2658,2658,4,0,2003-04.pdf
2003-04,automoveis,Hatch Médios,6523,6523,6,0,2003-04.pdf
2003-04,automoveis,Hatch Pequenos,10644,10644,9,0,2003-04.pdf
2003-04,automoveis,Monocab,2961,2961,9,0,2003-04.pdf
2003-04,automoveis,Sedans Compactos,2292,2292,5,0,2003-04.pdf
2003-04,automoveis,Sedans Grandes,294,294,12,0,2003-04.pdf
2003-04,automoveis,Sedans Pequenos,8977,8977,8,0,2003-04.pdf
2003-04,automoveis,Sedans médios,6775,6775,16,0,2003-04.pdf
2003-04,automoveis,Sports,35,35,9,0,2003-04.pdf
2003-04,automoveis,Suv's,2651,2651,40,0,2003-04.pdf
2003-04,automoveis,Sw Grandes,151,151,6,0,2003-04.pdf
2003-04,automoveis,Sw Médios,2736,2736,4,0,2003-04.pdf
2003-04,automoveis,Veículos de Entrada,44879,44879,9,0,2003-04.pdf
2003-04,comerciais_leves,Furgões,1449,1449,7,0,2003-04.pdf
2003-04,comerciais_leves,Furgões Pequenos,913,913,4,0,2003-04.pdf
2003-04,comerciais_leves,Pick-up's Grandes,3338,3338,11,0,2003-04.pdf
2003-04,comerciais_leves,Pick-up's Pequenas,3866,3866,5,0,2003-04.pdf
2003-05,automoveis,Grandcab,2374,2374,4,0,2003-05.pdf
2003-05,automoveis,Hatch Médios,5793,5793,6,0,2003-05.pdf
2003-05,automoveis,Hatch Pequenos,8709,8709,9,0,2003-05.pdf
2003-05,automoveis,Monocab,3919,3919,9,0,2003-05.pdf
2003-05,automoveis,Sedans Compactos,2678,2678,5,0,2003-05.pdf
2003-05,automoveis,Sedans Grandes,345,345,12,0,2003-05.pdf
2003-05,automoveis,Sedans Pequenos,10743,10743,8,0,2003-05.pdf
2003-05,automoveis,Sedans médios,6162,6162,16,0,2003-05.pdf
2003-05,automoveis,Sports,14,14,9,0,2003-05.pdf
2003-05,automoveis,Suv's,3205,3205,40,0,2003-05.pdf
2003-05,automoveis,Sw Grandes,223,223,6,0,2003-05.pdf
2003-05,automoveis,Sw Médios,2709,2709,4,0,2003-05.pdf
2003-05,automoveis,Veículos de Entrada,42140,42140,9,0,2003-05.pdf
2003-05,comerciais_leves,Furgões,1594,1594,7,0,2003-05.pdf
2003-05,comerciais_leves,Furgões Pequenos,863,863,4,0,2003-05.pdf
2003-05,comerciais_leves,Pick-up's Grandes,3634,3634,11,0,2003-05.pdf
2003-05,comerciais_leves,Pick-up's Pequenas,3980,3980,5,0,2003-05.pdf
2003-06,automoveis,Grandcab,2132,2132,4,0,2003-06.pdf
2003-06,automoveis,Hatch Médios,4704,4704,6,0,2003-06.pdf
2003-06,automoveis,Hatch Pequenos,8312,8312,9,0,2003-06.pdf
2003-06,automoveis,Monocab,3886,3886,9,0,2003-06.pdf
2003-06,automoveis,Sedans Compactos,2198,2198,5,0,2003-06.pdf
2003-06,automoveis,Sedans Grandes,286,286,12,0,2003-06.pdf
2003-06,automoveis,Sedans Pequenos,10618,10618,8,0,2003-06.pdf
2003-06,automoveis,Sedans médios,5677,5677,16,0,2003-06.pdf
2003-06,automoveis,Sports,24,24,9,0,2003-06.pdf
2003-06,automoveis,Suv's,4016,4016,40,0,2003-06.pdf
2003-06,automoveis,Sw Grandes,132,132,6,0,2003-06.pdf
2003-06,automoveis,Sw Médios,2365,2365,4,0,2003-06.pdf
2003-06,automoveis,Veículos de Entrada,39876,39876,9,0,2003-06.pdf
2003-06,comerciais_leves,Furgões,1333,1333,7,0,2003-06.pdf
2003-06,comerciais_leves,Furgões Pequenos,752,752,4,0,2003-06.pdf
2003-06,comerciais_leves,Pick-up's Grandes,3357,3357,11,0,2003-06.pdf
2003-06,comerciais_leves,Pick-up's Pequenas,3268,3268,6,0,2003-06.pdf
2003-07,automoveis,Grandcab,2099,2099,4,0,2003-07.pdf
2003-07,automoveis,Hatch Médios,4697,4697,6,0,2003-07.pdf
2003-07,automoveis,Hatch Pequenos,9870,9870,9,0,2003-07.pdf
2003-07,automoveis,Monocab,4150,4150,9,0,2003-07.pdf
2003-07,automoveis,Sedans Compactos,2233,2233,5,0,2003-07.pdf
2003-07,automoveis,Sedans Grandes,279,279,12,0,2003-07.pdf
2003-07,automoveis,Sedans Pequenos,11395,11395,8,0,2003-07.pdf
2003-07,automoveis,Sedans médios,6201,6201,16,0,2003-07.pdf
2003-07,automoveis,Sports,34,34,9,0,2003-07.pdf
2003-07,automoveis,Suv's,4258,4258,40,0,2003-07.pdf
2003-07,automoveis,Sw Grandes,121,121,7,0,2003-07.pdf
2003-07,automoveis,Sw Médios,2858,2858,4,0,2003-07.pdf
2003-07,automoveis,Veículos de Entrada,47387,47387,9,0,2003-07.pdf
2003-07,comerciais_leves,Furgões,1666,1666,7,0,2003-07.pdf
2003-07,comerciais_leves,Furgões Pequenos,918,918,4,0,2003-07.pdf
2003-07,comerciais_leves,Pick-up's Grandes,3563,3563,11,0,2003-07.pdf
2003-07,comerciais_leves,Pick-up's Pequenas,3740,3740,6,0,2003-07.pdf
2003-08,automoveis,Grandcab,2151,2151,4,0,2003-08.pdf
2003-08,automoveis,Hatch Médios,4559,4559,6,0,2003-08.pdf
2003-08,automoveis,Hatch Pequenos,8254,8254,9,0,2003-08.pdf
2003-08,automoveis,Monocab,4439,4439,9,0,2003-08.pdf
2003-08,automoveis,Sedans Compactos,1817,1817,6,0,2003-08.pdf
2003-08,automoveis,Sedans Grandes,314,314,12,0,2003-08.pdf
2003-08,automoveis,Sedans Pequenos,8830,8830,8,0,2003-08.pdf
2003-08,automoveis,Sedans médios,5827,5827,17,0,2003-08.pdf
2003-08,automoveis,Sports,18,18,9,0,2003-08.pdf
2003-08,automoveis,Suv's,3731,3731,40,0,2003-08.pdf
2003-08,automoveis,Sw Grandes,112,112,8,0,2003-08.pdf
2003-08,automoveis,Sw Médios,2695,2695,4,0,2003-08.pdf
2003-08,automoveis,Veículos de Entrada,42098,42098,9,0,2003-08.pdf
2003-08,comerciais_leves,Furgões,1264,1264,7,0,2003-08.pdf
2003-08,comerciais_leves,Furgões Pequenos,896,896,4,0,2003-08.pdf
2003-08,comerciais_leves,Pick-up's Grandes,2817,2817,11,0,2003-08.pdf
2003-08,comerciais_leves,Pick-up's Pequenas,3779,3779,6,0,2003-08.pdf
2003-09,automoveis,Grandcab,2894,2894,4,0,2003-09.pdf
2003-09,automoveis,Hatch Médios,5243,5243,6,0,2003-09.pdf
2003-09,automoveis,Hatch Pequenos,10583,10583,9,0,2003-09.pdf
2003-09,automoveis,Monocab,5184,5184,9,0,2003-09.pdf
2003-09,automoveis,Sedans Compactos,2251,2251,6,0,2003-09.pdf
2003-09,automoveis,Sedans Grandes,369,369,12,0,2003-09.pdf
2003-09,automoveis,Sedans Pequenos,12405,12405,8,0,2003-09.pdf
2003-09,automoveis,Sedans médios,7020,7020,17,0,2003-09.pdf
2003-09,automoveis,Sports,32,32,9,0,2003-09.pdf
2003-09,automoveis,Suv's,4280,4280,40,0,2003-09.pdf
2003-09,automoveis,Sw Grandes,66,66,8,0,2003-09.pdf
2003-09,automoveis,Sw Médios,2927,2927,4,0,2003-09.pdf
2003-09,automoveis,Veículos de Entrada,53457,53457,9,0,2003-09.pdf
2003-09,comerciais_leves,Furgões,1504,1504,7,0,2003-09.pdf
2003-09,comerciais_leves,Furgões Pequenos,1068,1068,4,0,2003-09.pdf
2003-09,comerciais_leves,Pick-up's Grandes,3505,3505,11,0,2003-09.pdf
2003-09,comerciais_leves,Pick-up's Pequenas,4683,4683,6,0,2003-09.pdf
2003-10,automoveis,Veículos de Entrada,60640,60640,9,0,2003-10.pdf
2003-11,automoveis,Grandcab,2807,2807,4,0,2003-11.pdf
2003-11,automoveis,Hatch Médios,5662,5662,6,0,2003-11.pdf
2003-11,automoveis,Hatch Pequenos,13098,13098,10,0,2003-11.pdf
2003-11,automoveis,Monocab,5373,5373,10,0,2003-11.pdf
2003-11,automoveis,Sedans Compactos,2447,2447,6,0,2003-11.pdf
2003-11,automoveis,Sedans Grandes,335,335,12,0,2003-11.pdf
2003-11,automoveis,Sedans Pequenos,13545,13545,8,0,2003-11.pdf
2003-11,automoveis,Sedans médios,6146,6146,17,0,2003-11.pdf
2003-11,automoveis,Sports,18,18,9,0,2003-11.pdf
2003-11,automoveis,Suv's,4568,4568,40,0,2003-11.pdf
2003-11,automoveis,Sw Grandes,110,110,9,0,2003-11.pdf
2003-11,automoveis,Sw Médios,2783,2783,4,0,2003-11.pdf
2003-11,automoveis,Veículos de Entrada,53864,53864,9,0,2003-11.pdf
2003-11,comerciais_leves,Furgões,1344,1344,7,0,2003-11.pdf
2003-11,comerciais_leves,Furgões Pequenos,926,926,4,0,2003-11.pdf
2003-11,comerciais_leves,Pick-up's Grandes,4283,4283,11,0,2003-11.pdf
2003-11,comerciais_leves,Pick-up's Pequenas,5487,5487,6,0,2003-11.pdf
2003-12,automoveis,Grandcab,3622,3622,4,0,2003-12.pdf
2003-12,automoveis,Hatch Médios,5720,5720,6,0,2003-12.pdf
2003-12,automoveis,Hatch Pequenos,17755,17755,10,0,2003-12.pdf
2003-12,automoveis,Monocab,6709,6709,10,0,2003-12.pdf
2003-12,automoveis,Sedans Compactos,3112,3112,6,0,2003-12.pdf
2003-12,automoveis,Sedans Grandes,440,440,12,0,2003-12.pdf
2003-12,automoveis,Sedans Pequenos,18792,18792,9,0,2003-12.pdf
2003-12,automoveis,Sedans médios,6979,6979,17,0,2003-12.pdf
2003-12,automoveis,Sports,27,27,9,0,2003-12.pdf
2003-12,automoveis,Suv's,5701,5701,40,0,2003-12.pdf
2003-12,automoveis,Sw Grandes,166,166,9,0,2003-12.pdf
2003-12,automoveis,Sw Médios,3345,3345,4,0,2003-12.pdf
2003-12,automoveis,Veículos de Entrada,72602,72602,9,0,2003-12.pdf
2003-12,comerciais_leves,Furgões,1520,1520,7,0,2003-12.pdf
2003-12,comerciais_leves,Furgões Pequenos,1006,1006,4,0,2003-12.pdf
2003-12,comerciais_leves,Pick-up's Grandes,5472,5472,11,0,2003-12.pdf
2003-12,comerciais_leves,Pick-up's Pequenas,7924,7924,6,0,2003-12.pdf
2004-01,automoveis,Grandcab,2412,2412,4,0,2004-01.pdf
2004-01,automoveis,Hatch Médios,3874,3874,6,0,2004-01.pdf
2004-01,automoveis,Hatch Pequenos,10582,10582,6,0,2004-01.pdf
2004-01,automoveis,Monocab,4026,4026,8,0,2004-01.pdf
2004-01,automoveis,Sedans Compactos,2391,2391,5,0,2004-01.pdf
2004-01,automoveis,Sedans Grandes,340,340,12,0,2004-01.pdf
2004-01,automoveis,Sedans Pequenos,9022,9022,8,0,2004-01.pdf
2004-01,automoveis,Sedans médios,5223,5223,13,0,2004-01.pdf
2004-01,automoveis,Sports,20,20,9,0,2004-01.pdf
2004-01,automoveis,Suv's,3244,3244,40,0,2004-01.pdf
2004-01,automoveis,Sw Grandes,96,96,8,0,2004-01.pdf
2004-01,automoveis,Sw Médios,1699,1699,4,0,2004-01.pdf
2004-01,automoveis,Veículos de Entrada,47387,47387,9,0,2004-01.pdf
2004-01,comerciais_leves,Furgões,1674,1674,7,0,2004-01.pdf
2004-01,comerciais_leves,Furgões Pequenos,620,620,4,0,2004-01.pdf
2004-01,comerciais_leves,Pick-up's Grandes,3449,3449,11,0,2004-01.pdf
2004-01,comerciais_leves,Pick-up's Pequenas,4575,4575,5,0,2004-01.pdf
2004-02,automoveis,Grandcab,1915,1915,4,0,2004-02.pdf
2004-02,automoveis,Hatch Médios,3943,3943,6,0,2004-02.pdf
2004-02,automoveis,Hatch Pequenos,10301,10301,7,0,2004-02.pdf
2004-02,automoveis,Monocab,4641,4641,8,0,2004-02.pdf
2004-02,automoveis,Sedans Compactos,2192,2192,4,0,2004-02.pdf
2004-02,automoveis,Sedans Grandes,292,292,12,0,2004-02.pdf
2004-02,automoveis,Sedans Pequenos,9720,9720,7,0,2004-02.pdf
2004-02,automoveis,Sedans médios,6009,6009,11,0,2004-02.pdf
2004-02,automoveis,Sports,30,30,9,0,2004-02.pdf
2004-02,automoveis,Suv's,3662,3662,40,0,2004-02.pdf
2004-02,automoveis,Sw Grandes,100,100,6,0,2004-02.pdf
2004-02,automoveis,Sw Médios,1804,1804,4,0,2004-02.pdf
2004-02,automoveis,Veículos de Entrada,42940,42940,9,0,2004-02.pdf
2004-02,comerciais_leves,Furgões,1415,1415,7,0,2004-02.pdf
2004-02,comerciais_leves,Furgões Pequenos,681,681,4,0,2004-02.pdf
2004-02,comerciais_leves,Pick-up's Grandes,3150,3150,11,0,2004-02.pdf
2004-02,comerciais_leves,Pick-up's Pequenas,5141,5141,6,0,2004-02.pdf
2004-03,automoveis,Grandcab,2853,2853,4,0,2004-03.pdf
2004-03,automoveis,Hatch Médios,5657,5657,6,0,2004-03.pdf
2004-03,automoveis,Hatch Pequenos,13433,13433,7,0,2004-03.pdf
2004-03,automoveis,Monocab,5818,5818,9,0,2004-03.pdf
2004-03,automoveis,Sedans Compactos,2873,2873,5,0,2004-03.pdf
2004-03,automoveis,Sedans Grandes,334,334,12,0,2004-03.pdf
2004-03,automoveis,Sedans Pequenos,14308,14308,8,0,2004-03.pdf
2004-03,automoveis,Sedans médios,7083,7083,11,0,2004-03.pdf
2004-03,automoveis,Sports,30,30,9,0,2004-03.pdf
2004-03,automoveis,Suv's,4897,4897,40,0,2004-03.pdf
2004-03,automoveis,Sw Grandes,159,159,7,0,2004-03.pdf
2004-03,automoveis,Sw Médios,2225,2225,4,0,2004-03.pdf
2004-03,automoveis,Veículos de Entrada,57235,57235,9,0,2004-03.pdf
2004-03,comerciais_leves,Furgões,2098,2098,7,0,2004-03.pdf
2004-03,comerciais_leves,Furgões Pequenos,922,922,4,0,2004-03.pdf
2004-03,comerciais_leves,Pick-up's Grandes,4342,4342,11,0,2004-03.pdf
2004-03,comerciais_leves,Pick-up's Pequenas,7669,7669,6,0,2004-03.pdf
2004-04,automoveis,Grandcab,2583,2583,4,0,2004-04.pdf
2004-04,automoveis,Hatch Médios,4683,4683,6,0,2004-04.pdf
2004-04,automoveis,Hatch Pequenos,10385,10385,7,0,2004-04.pdf
2004-04,automoveis,Monocab,5022,5022,9,0,2004-04.pdf
2004-04,automoveis,Sedans Compactos,2289,2289,5,0,2004-04.pdf
2004-04,automoveis,Sedans Grandes,312,312,12,0,2004-04.pdf
2004-04,automoveis,Sedans Pequenos,10761,10761,9,0,2004-04.pdf
2004-04,automoveis,Sedans médios,6142,6142,11,0,2004-04.pdf
2004-04,automoveis,Sports,26,26,9,0,2004-04.pdf
2004-04,automoveis,Suv's,4003,4003,40,0,2004-04.pdf
2004-04,automoveis,Sw Grandes,117,117,8,0,2004-04.pdf
2004-04,automoveis,Sw Médios,2178,2178,4,0,2004-04.pdf
2004-04,automoveis,Veículos de Entrada,45099,45099,9,0,2004-04.pdf
2004-04,comerciais_leves,Furgões,2205,2205,7,0,2004-04.pdf
2004-04,comerciais_leves,Furgões Pequenos,1067,1067,4,0,2004-04.pdf
2004-04,comerciais_leves,Pick-up's Grandes,4112,4112,11,0,2004-04.pdf
2004-04,comerciais_leves,Pick-up's Pequenas,5508,5508,6,0,2004-04.pdf
2004-05,automoveis,Grandcab,2705,2705,4,0,2004-05.pdf
2004-05,automoveis,Hatch Médios,5038,5038,6,0,2004-05.pdf
2004-05,automoveis,Hatch Pequenos,11454,11454,8,0,2004-05.pdf
2004-05,automoveis,Monocab,4985,4985,9,0,2004-05.pdf
2004-05,automoveis,Sedans Compactos,2896,2896,6,0,2004-05.pdf
2004-05,automoveis,Sedans Grandes,385,385,12,0,2004-05.pdf
2004-05,automoveis,Sedans Pequenos,12541,12541,9,0,2004-05.pdf
2004-05,automoveis,Sedans médios,6290,6290,11,0,2004-05.pdf
2004-05,automoveis,Sports,17,17,9,0,2004-05.pdf
2004-05,automoveis,Suv's,4090,4090,40,0,2004-05.pdf
2004-05,automoveis,Sw Grandes,566,566,9,0,2004-05.pdf
2004-05,automoveis,Sw Médios,3409,3409,4,0,2004-05.pdf
2004-05,automoveis,Veículos de Entrada,46792,46792,9,0,2004-05.pdf
2004-05,comerciais_leves,Furgões,2044,2044,7,0,2004-05.pdf
2004-05,comerciais_leves,Furgões Pequenos,1020,1020,4,0,2004-05.pdf
2004-05,comerciais_leves,Pick-up's Grandes,4202,4202,11,0,2004-05.pdf
2004-05,comerciais_leves,Pick-up's Pequenas,5837,5837,6,0,2004-05.pdf
2004-06,automoveis,Grandcab,3229,3229,4,0,2004-06.pdf
2004-06,automoveis,Hatch Médios,5279,5279,6,0,2004-06.pdf
2004-06,automoveis,Hatch Pequenos,12873,12873,8,0,2004-06.pdf
2004-06,automoveis,Monocab,5321,5321,9,0,2004-06.pdf
2004-06,automoveis,Sedans Compactos,3058,3058,6,0,2004-06.pdf
2004-06,automoveis,Sedans Grandes,484,484,12,0,2004-06.pdf
2004-06,automoveis,Sedans Pequenos,13201,13201,9,0,2004-06.pdf
2004-06,automoveis,Sedans médios,5980,5980,11,0,2004-06.pdf
2004-06,automoveis,Sports,19,19,9,0,2004-06.pdf
2004-06,automoveis,Suv's,4620,4620,40,0,2004-06.pdf
2004-06,automoveis,Sw Grandes,646,646,9,0,2004-06.pdf
2004-06,automoveis,Sw Médios,3448,3448,4,0,2004-06.pdf
2004-06,automoveis,Veículos de Entrada,50796,50796,9,0,2004-06.pdf
2004-06,comerciais_leves,Furgões,1980,1980,7,0,2004-06.pdf
2004-06,comerciais_leves,Furgões Pequenos,1133,1133,4,0,2004-06.pdf
2004-06,comerciais_leves,Pick-up's Grandes,3792,3792,11,0,2004-06.pdf
2004-06,comerciais_leves,Pick-up's Pequenas,6131,6131,6,0,2004-06.pdf
2004-07,automoveis,Grandcab,2868,2868,4,0,2004-07.pdf
2004-07,automoveis,Hatch Médios,5620,5620,6,0,2004-07.pdf
2004-07,automoveis,Hatch Pequenos,15189,15189,8,0,2004-07.pdf
2004-07,automoveis,Monocab,5280,5280,9,0,2004-07.pdf
2004-07,automoveis,Sedans Compactos,3046,3046,6,0,2004-07.pdf
2004-07,automoveis,Sedans Grandes,497,497,12,0,2004-07.pdf
2004-07,automoveis,Sedans Pequenos,12461,12461,9,0,2004-07.pdf
2004-07,automoveis,Sedans médios,6194,6194,14,0,2004-07.pdf
2004-07,automoveis,Sports,20,20,9,0,2004-07.pdf
2004-07,automoveis,Suv's,4480,4480,40,0,2004-07.pdf
2004-07,automoveis,Sw Grandes,660,660,9,0,2004-07.pdf
2004-07,automoveis,Sw Médios,4032,4032,4,0,2004-07.pdf
2004-07,automoveis,Veículos de Entrada,51902,51902,9,0,2004-07.pdf
2004-07,comerciais_leves,Furgões,1900,1900,7,0,2004-07.pdf
2004-07,comerciais_leves,Furgões Pequenos,1061,1061,4,0,2004-07.pdf
2004-07,comerciais_leves,Pick-up's Grandes,3669,3669,11,0,2004-07.pdf
2004-07,comerciais_leves,Pick-up's Pequenas,6171,6171,6,0,2004-07.pdf
2004-08,automoveis,Grandcab,2699,2699,4,0,2004-08.pdf
2004-08,automoveis,Hatch Médios,5934,5934,6,0,2004-08.pdf
2004-08,automoveis,Hatch Pequenos,15234,15234,8,0,2004-08.pdf
2004-08,automoveis,Monocab,4703,4703,9,0,2004-08.pdf
2004-08,automoveis,Sedans Compactos,2610,2610,6,0,2004-08.pdf
2004-08,automoveis,Sedans Grandes,438,438,12,0,2004-08.pdf
2004-08,automoveis,Sedans Pequenos,13303,13303,10,0,2004-08.pdf
2004-08,automoveis,Sedans médios,6126,6126,15,0,2004-08.pdf
2004-08,automoveis,Sports,20,20,9,0,2004-08.pdf
2004-08,automoveis,Suv's,4593,4593,40,0,2004-08.pdf
2004-08,automoveis,Sw Grandes,651,651,9,0,2004-08.pdf
2004-08,automoveis,Sw Médios,3421,3421,4,0,2004-08.pdf
2004-08,automoveis,Veículos de Entrada,48426,48426,9,0,2004-08.pdf
2004-08,comerciais_leves,Furgões,1784,1784,7,0,2004-08.pdf
2004-08,comerciais_leves,Furgões Pequenos,1161,1161,4,0,2004-08.pdf
2004-08,comerciais_leves,Pick-up's Grandes,3848,3848,11,0,2004-08.pdf
2004-08,comerciais_leves,Pick-up's Pequenas,6674,6674,6,0,2004-08.pdf
2004-09,automoveis,Grandcab,3374,3374,4,0,2004-09.pdf
2004-09,automoveis,Hatch Médios,5766,5766,6,0,2004-09.pdf
2004-09,automoveis,Hatch Pequenos,16272,16272,8,0,2004-09.pdf
2004-09,automoveis,Monocab,5208,5208,9,0,2004-09.pdf
2004-09,automoveis,Sedans Compactos,2932,2932,6,0,2004-09.pdf
2004-09,automoveis,Sedans Grandes,388,388,12,0,2004-09.pdf
2004-09,automoveis,Sedans Pequenos,14578,14578,10,0,2004-09.pdf
2004-09,automoveis,Sedans médios,6227,6227,16,0,2004-09.pdf
2004-09,automoveis,Sports,21,21,9,0,2004-09.pdf
2004-09,automoveis,Suv's,4690,4690,40,0,2004-09.pdf
2004-09,automoveis,Sw Grandes,697,697,9,0,2004-09.pdf
2004-09,automoveis,Sw Médios,3961,3961,4,0,2004-09.pdf
2004-09,automoveis,Veículos de Entrada,50200,50200,9,0,2004-09.pdf
2004-09,comerciais_leves,Furgões,1959,1959,7,0,2004-09.pdf
2004-09,comerciais_leves,Furgões Pequenos,986,986,4,0,2004-09.pdf
2004-09,comerciais_leves,Pick-up's Grandes,4526,4526,11,0,2004-09.pdf
2004-09,comerciais_leves,Pick-up's Pequenas,7107,7107,6,0,2004-09.pdf
2004-10,automoveis,Grandcab,3184,3184,4,0,2004-10.pdf
2004-10,automoveis,Hatch Médios,5211,5211,6,0,2004-10.pdf
2004-10,automoveis,Hatch Pequenos,15127,15127,8,0,2004-10.pdf
2004-10,automoveis,Monocab,5534,5534,9,0,2004-10.pdf
2004-10,automoveis,Sedans Compactos,2804,2804,6,0,2004-10.pdf
2004-10,automoveis,Sedans Grandes,337,337,12,0,2004-10.pdf
2004-10,automoveis,Sedans Pequenos,16272,16272,10,0,2004-10.pdf
2004-10,automoveis,Sedans médios,6387,6387,16,0,2004-10.pdf
2004-10,automoveis,Sports,21,21,9,0,2004-10.pdf
2004-10,automoveis,Suv's,5195,5195,40,0,2004-10.pdf
2004-10,automoveis,Sw Grandes,707,707,9,0,2004-10.pdf
2004-10,automoveis,Sw Médios,3883,3883,4,0,2004-10.pdf
2004-10,automoveis,Veículos de Entrada,48690,48690,9,0,2004-10.pdf
2004-10,comerciais_leves,Furgões,1817,1817,7,0,2004-10.pdf
2004-10,comerciais_leves,Furgões Pequenos,890,890,4,0,2004-10.pdf
2004-10,comerciais_leves,Pick-up's Grandes,4745,4745,11,0,2004-10.pdf
2004-10,comerciais_leves,Pick-up's Pequenas,7125,7125,6,0,2004-10.pdf
2004-11,automoveis,Grandcab,3105,3105,4,0,2004-11.pdf
2004-11,automoveis,Hatch Médios,5636,5636,6,0,2004-11.pdf
2004-11,automoveis,Hatch Pequenos,13787,13787,8,0,2004-11.pdf
2004-11,automoveis,Monocab,5167,5167,9,0,2004-11.pdf
2004-11,automoveis,Sedans Compactos,2867,2867,6,0,2004-11.pdf
2004-11,automoveis,Sedans Grandes,383,383,12,0,2004-11.pdf
2004-11,automoveis,Sedans Pequenos,16578,16578,10,0,2004-11.pdf
2004-11,automoveis,Sedans médios,6126,6126,16,0,2004-11.pdf
2004-11,automoveis,Sports,22,22,9,0,2004-11.pdf
2004-11,automoveis,Suv's,5945,5945,40,0,2004-11.pdf
2004-11,automoveis,Sw Grandes,735,735,9,0,2004-11.pdf
2004-11,automoveis,Sw Médios,4045,4045,4,0,2004-11.pdf
2004-11,automoveis,Veículos de Entrada,51552,51552,9,0,2004-11.pdf
2004-11,comerciais_leves,Furgões,1755,1755,7,0,2004-11.pdf
2004-11,comerciais_leves,Furgões Pequenos,1005,1005,4,0,2004-11.pdf
2004-11,comerciais_leves,Pick-up's Grandes,4647,4647,11,0,2004-11.pdf
2004-11,comerciais_leves,Pick-up's Pequenas,6585,6585,6,0,2004-11.pdf
2004-12,automoveis,Grandcab,4206,4206,4,0,2004-12.pdf
2004-12,automoveis,Hatch Médios,7989,7989,6,0,2004-12.pdf
2004-12,automoveis,Hatch Pequenos,18987,18987,8,0,2004-12.pdf
2004-12,automoveis,Monocab,6794,6794,9,0,2004-12.pdf
2004-12,automoveis,Sedans Compactos,3554,3554,6,0,2004-12.pdf
2004-12,automoveis,Sedans Grandes,507,507,12,0,2004-12.pdf
2004-12,automoveis,Sedans Pequenos,23673,23673,10,0,2004-12.pdf
2004-12,automoveis,Sedans médios,8004,8004,18,0,2004-12.pdf
2004-12,automoveis,Sports,40,40,9,0,2004-12.pdf
2004-12,automoveis,Suv's,7675,7675,40,0,2004-12.pdf
2004-12,automoveis,Sw Grandes,883,883,9,0,2004-12.pdf
2004-12,automoveis,Sw Médios,4431,4431,4,0,2004-12.pdf
2004-12,automoveis,Veículos de Entrada,63181,63181,9,0,2004-12.pdf
2004-12,comerciais_leves,Furgões,2423,2423,7,0,2004-12.pdf
2004-12,comerciais_leves,Furgões Pequenos,1066,1066,4,0,2004-12.pdf
2004-12,comerciais_leves,Pick-up's Grandes,6092,6092,11,0,2004-12.pdf
2004-12,comerciais_leves,Pick-up's Pequenas,8050,8050,6,0,2004-12.pdf
2005-01,automoveis,Grandcab,2018,2018,4,0,2005-01.pdf
2005-01,automoveis,Hatch Médios,4575,4575,6,0,2005-01.pdf
2005-01,automoveis,Hatch Pequenos,13422,13422,7,0,2005-01.pdf
2005-01,automoveis,Monocab,4449,4449,5,0,2005-01.pdf
2005-01,automoveis,Sedans Compactos,1812,1812,6,0,2005-01.pdf
2005-01,automoveis,Sedans Grandes,312,312,12,0,2005-01.pdf
2005-01,automoveis,Sedans Pequenos,11319,11319,8,0,2005-01.pdf
2005-01,automoveis,Sedans médios,4337,4337,15,0,2005-01.pdf
2005-01,automoveis,Sports,18,18,9,0,2005-01.pdf
2005-01,automoveis,Suv's,5092,5092,40,0,2005-01.pdf
2005-01,automoveis,Sw Grandes,380,380,9,0,2005-01.pdf
2005-01,automoveis,Sw Médios,3135,3135,4,0,2005-01.pdf
2005-01,automoveis,Veículos de Entrada,37558,37558,8,0,2005-01.pdf
2005-01,comerciais_leves,Furgões,1872,1872,7,0,2005-01.pdf
2005-01,comerciais_leves,Furgões Pequenos,973,973,4,0,2005-01.pdf
2005-01,comerciais_leves,Pick-up's Grandes,3128,3128,10,0,2005-01.pdf
2005-01,comerciais_leves,Pick-up's Pequenas,5014,5014,5,0,2005-01.pdf
2005-02,automoveis,Grandcab,2255,2255,4,0,2005-02.pdf
2005-02,automoveis,Hatch Médios,5005,5005,6,0,2005-02.pdf
2005-02,automoveis,Hatch Pequenos,13294,13294,7,0,2005-02.pdf
2005-02,automoveis,Monocab,4552,4552,5,0,2005-02.pdf
2005-02,automoveis,Sedans Compactos,2169,2169,5,0,2005-02.pdf
2005-02,automoveis,Sedans Grandes,390,390,12,0,2005-02.pdf
2005-02,automoveis,Sedans Pequenos,13460,13460,7,0,2005-02.pdf
2005-02,automoveis,Sedans médios,5351,5351,11,0,2005-02.pdf
2005-02,automoveis,Sports,34,34,9,0,2005-02.pdf
2005-02,automoveis,Suv's,4934,4934,40,0,2005-02.pdf
2005-02,automoveis,Sw Grandes,540,540,8,0,2005-02.pdf
2005-02,automoveis,Sw Médios,3390,3390,4,0,2005-02.pdf
2005-02,automoveis,Veículos de Entrada,40156,40156,8,0,2005-02.pdf
2005-02,comerciais_leves,Furgões,1832,1832,7,0,2005-02.pdf
2005-02,comerciais_leves,Furgões Pequenos,1334,1334,4,0,2005-02.pdf
2005-02,comerciais_leves,Pick-up's Grandes,2858,2858,10,0,2005-02.pdf
2005-02,comerciais_leves,Pick-up's Pequenas,6044,6044,5,0,2005-02.pdf
2005-03,automoveis,Veículos de Entrada,53323,53323,9,0,2005-03.pdf
2005-04,automoveis,Grandcab,3070,3070,4,0,2005-04.pdf
2005-04,automoveis,Hatch Médios,5548,5548,6,0,2005-04.pdf
2005-04,automoveis,Hatch Pequenos,14201,14201,8,0,2005-04.pdf
2005-04,automoveis,Monocab,5909,5909,5,0,2005-04.pdf
2005-04,automoveis,Sedans Compactos,2284,2284,6,0,2005-04.pdf
2005-04,automoveis,Sedans Grandes,615,615,12,0,2005-04.pdf
2005-04,automoveis,Sedans Pequenos,16588,16588,8,0,2005-04.pdf
2005-04,automoveis,Sedans médios,6086,6086,15,0,2005-04.pdf
2005-04,automoveis,Sports,43,43,9,0,2005-04.pdf
2005-04,automoveis,Suv's,5000,5000,40,0,2005-04.pdf
2005-04,automoveis,Sw Grandes,630,630,8,0,2005-04.pdf
2005-04,automoveis,Sw Médios,3786,3786,4,0,2005-04.pdf
2005-04,automoveis,Veículos de Entrada,50234,50234,9,0,2005-04.pdf
2005-04,comerciais_leves,Furgões,2058,2058,7,0,2005-04.pdf
2005-04,comerciais_leves,Furgões Pequenos,1296,1296,4,0,2005-04.pdf
2005-04,comerciais_leves,Pick-up's Grandes,5051,5051,11,0,2005-04.pdf
2005-04,comerciais_leves,Pick-up's Pequenas,6392,6392,6,0,2005-04.pdf
2005-05,automoveis,Grandcab,2560,2560,4,0,2005-05.pdf
2005-05,automoveis,Hatch Médios,5653,5653,6,0,2005-05.pdf
2005-05,automoveis,Hatch Pequenos,15395,15395,8,0,2005-05.pdf
2005-05,automoveis,Monocab,5839,5839,5,0,2005-05.pdf
2005-05,automoveis,Sedans Compactos,2561,2561,6,0,2005-05.pdf
2005-05,automoveis,Sedans Grandes,501,501,12,0,2005-05.pdf
2005-05,automoveis,Sedans Pequenos,17519,17519,8,0,2005-05.pdf
2005-05,automoveis,Sedans médios,6220,6220,15,0,2005-05.pdf
2005-05,automoveis,Sports,28,28,9,0,2005-05.pdf
2005-05,automoveis,Suv's,5044,5044,40,0,2005-05.pdf
2005-05,automoveis,Sw Grandes,719,719,8,0,2005-05.pdf
2005-05,automoveis,Sw Médios,3858,3858,4,0,2005-05.pdf
2005-05,automoveis,Veículos de Entrada,53054,53054,9,0,2005-05.pdf
2005-05,comerciais_leves,Furgões,2035,2035,7,0,2005-05.pdf
2005-05,comerciais_leves,Furgões Pequenos,1103,1103,4,0,2005-05.pdf
2005-05,comerciais_leves,Pick-up's Grandes,5817,5817,11,0,2005-05.pdf
2005-05,comerciais_leves,Pick-up's Pequenas,6755,6755,6,0,2005-05.pdf
2005-06,automoveis,Grandcab,2847,2847,4,0,2005-06.pdf
2005-06,automoveis,Hatch Médios,5287,5287,6,0,2005-06.pdf
2005-06,automoveis,Hatch Pequenos,15787,15787,10,0,2005-06.pdf
2005-06,automoveis,Monocab,6041,6041,5,0,2005-06.pdf
2005-06,automoveis,Sedans Compactos,2403,2403,6,0,2005-06.pdf
2005-06,automoveis,Sedans Grandes,530,530,12,0,2005-06.pdf
2005-06,automoveis,Sedans Pequenos,17504,17504,9,0,2005-06.pdf
2005-06,automoveis,Sedans médios,5993,5993,15,0,2005-06.pdf
2005-06,automoveis,Sports,41,41,9,0,2005-06.pdf
2005-06,automoveis,Suv's,5711,5711,40,0,2005-06.pdf
2005-06,automoveis,Sw Grandes,684,684,10,0,2005-06.pdf
2005-06,automoveis,Sw Médios,4463,4463,4,0,2005-06.pdf
2005-06,automoveis,Veículos de Entrada,55537,55537,9,0,2005-06.pdf
2005-06,comerciais_leves,Furgões,2273,2273,7,0,2005-06.pdf
2005-06,comerciais_leves,Furgões Pequenos,1430,1430,4,0,2005-06.pdf
2005-06,comerciais_leves,Pick-up's Grandes,5443,5443,11,0,2005-06.pdf
2005-06,comerciais_leves,Pick-up's Pequenas,7335,7335,6,0,2005-06.pdf
2005-07,automoveis,Grandcab,2666,2666,4,0,2005-07.pdf
2005-07,automoveis,Hatch Médios,4336,4336,6,0,2005-07.pdf
2005-07,automoveis,Hatch Pequenos,15996,15996,10,0,2005-07.pdf
2005-07,automoveis,Monocab,5162,5162,6,0,2005-07.pdf
2005-07,automoveis,Sedans Compactos,1732,1732,6,0,2005-07.pdf
2005-07,automoveis,Sedans Grandes,394,394,12,0,2005-07.pdf
2005-07,automoveis,Sedans Pequenos,16318,16318,9,0,2005-07.pdf
2005-07,automoveis,Sedans médios,5795,5795,15,0,2005-07.pdf
2005-07,automoveis,Sports,21,21,9,0,2005-07.pdf
2005-07,automoveis,Suv's,5237,5237,40,0,2005-07.pdf
2005-07,automoveis,Sw Grandes,719,719,10,0,2005-07.pdf
2005-07,automoveis,Sw Médios,4087,4087,4,0,2005-07.pdf
2005-07,automoveis,Veículos de Entrada,52468,52468,9,0,2005-07.pdf
2005-07,comerciais_leves,Furgões,2133,2133,7,0,2005-07.pdf
2005-07,comerciais_leves,Furgões Pequenos,1361,1361,4,0,2005-07.pdf
2005-07,comerciais_leves,Pick-up's Grandes,4673,4673,11,0,2005-07.pdf
2005-07,comerciais_leves,Pick-up's Pequenas,7032,7032,6,0,2005-07.pdf
2005-08,automoveis,Grandcab,2551,2551,4,0,2005-08.pdf
2005-08,automoveis,Hatch Médios,5002,5002,6,0,2005-08.pdf
2005-08,automoveis,Hatch Pequenos,19546,19546,10,0,2005-08.pdf
2005-08,automoveis,Monocab,5884,5884,7,0,2005-08.pdf
2005-08,automoveis,Sedans Compactos,1889,1889,6,0,2005-08.pdf
2005-08,automoveis,Sedans Grandes,420,420,12,0,2005-08.pdf
2005-08,automoveis,Sedans Pequenos,18507,18507,9,0,2005-08.pdf
2005-08,automoveis,Sedans médios,6788,6788,16,0,2005-08.pdf
2005-08,automoveis,Sports,31,31,9,0,2005-08.pdf
2005-08,automoveis,Suv's,6366,6366,40,0,2005-08.pdf
2005-08,automoveis,Sw Grandes,873,873,10,0,2005-08.pdf
2005-08,automoveis,Sw Médios,4792,4792,4,0,2005-08.pdf
2005-08,automoveis,Veículos de Entrada,53888,53888,9,0,2005-08.pdf
2005-08,comerciais_leves,Furgões,2487,2487,7,0,2005-08.pdf
2005-08,comerciais_leves,Furgões Pequenos,1472,1472,4,0,2005-08.pdf
2005-08,comerciais_leves,Pick-up's Grandes,4626,4626,11,0,2005-08.pdf
2005-08,comerciais_leves,Pick-up's Pequenas,7692,7692,6,0,2005-08.pdf
2005-09,automoveis,Grandcab,2699,2699,4,0,2005-09.pdf
2005-09,automoveis,Hatch Médios,5551,5551,6,0,2005-09.pdf
2005-09,automoveis,Hatch Pequenos,19620,19620,10,0,2005-09.pdf
2005-09,automoveis,Monocab,7039,7039,8,0,2005-09.pdf
2005-09,automoveis,Sedans Compactos,1827,1827,6,0,2005-09.pdf
2005-09,automoveis,Sedans Grandes,471,471,12,0,2005-09.pdf
2005-09,automoveis,Sedans Pequenos,16607,16607,9,0,2005-09.pdf
2005-09,automoveis,Sedans médios,6036,6036,17,0,2005-09.pdf
2005-09,automoveis,Sports,41,41,9,0,2005-09.pdf
2005-09,automoveis,Suv's,5689,5689,40,0,2005-09.pdf
2005-09,automoveis,Sw Grandes,870,870,10,0,2005-09.pdf
2005-09,automoveis,Sw Médios,4387,4387,4,0,2005-09.pdf
2005-09,automoveis,Veículos de Entrada,49823,49823,9,0,2005-09.pdf
2005-09,comerciais_leves,Furgões,2128,2128,7,0,2005-09.pdf
2005-09,comerciais_leves,Furgões Pequenos,1284,1284,4,0,2005-09.pdf
2005-09,comerciais_leves,Pick-up's Grandes,5728,5728,11,0,2005-09.pdf
2005-09,comerciais_leves,Pick-up's Pequenas,6533,6533,6,0,2005-09.pdf
2005-10,automoveis,Grandcab,2615,2615,4,0,2005-10.pdf
2005-10,automoveis,Hatch Médios,5055,5055,6,0,2005-10.pdf
2005-10,automoveis,Hatch Pequenos,18619,18619,10,0,2005-10.pdf
2005-10,automoveis,Monocab,7807,7807,9,0,2005-10.pdf
2005-10,automoveis,Sedans Compactos,1598,1598,6,0,2005-10.pdf
2005-10,automoveis,Sedans Grandes,423,423,12,0,2005-10.pdf
2005-10,automoveis,Sedans Pequenos,14596,14596,9,0,2005-10.pdf
2005-10,automoveis,Sedans médios,5780,5780,17,0,2005-10.pdf
2005-10,automoveis,Sports,46,46,9,0,2005-10.pdf
2005-10,automoveis,Suv's,5719,5719,40,0,2005-10.pdf
2005-10,automoveis,Sw Grandes,758,758,10,0,2005-10.pdf
2005-10,automoveis,Sw Médios,3815,3815,4,0,2005-10.pdf
2005-10,automoveis,Veículos de Entrada,49603,49603,9,0,2005-10.pdf
2005-10,comerciais_leves,Furgões,1623,1623,7,0,2005-10.pdf
2005-10,comerciais_leves,Furgões Pequenos,1224,1224,4,0,2005-10.pdf
2005-10,comerciais_leves,Pick-up's Grandes,4970,4970,11,0,2005-10.pdf
2005-10,comerciais_leves,Pick-up's Pequenas,5947,5947,6,0,2005-10.pdf
2005-11,automoveis,Grandcab,2523,2523,4,0,2005-11.pdf
2005-11,automoveis,Hatch Médios,4952,4952,6,0,2005-11.pdf
2005-11,automoveis,Hatch Pequenos,23050,23050,10,0,2005-11.pdf
2005-11,automoveis,Monocab,9051,9051,9,0,2005-11.pdf
2005-11,automoveis,Sedans Compactos,1629,1629,6,0,2005-11.pdf
2005-11,automoveis,Sedans Grandes,522,522,12,0,2005-11.pdf
2005-11,automoveis,Sedans Pequenos,17357,17357,9,0,2005-11.pdf
2005-11,automoveis,Sedans médios,9431,9431,18,0,2005-11.pdf
2005-11,automoveis,Sports,69,69,9,0,2005-11.pdf
2005-11,automoveis,Suv's,7191,7191,40,0,2005-11.pdf
2005-11,automoveis,Sw Grandes,849,849,10,0,2005-11.pdf
2005-11,automoveis,Sw Médios,4523,4523,4,0,2005-11.pdf
2005-11,automoveis,Veículos de Entrada,54815,54815,9,0,2005-11.pdf
2005-11,comerciais_leves,Furgões,1816,1816,7,0,2005-11.pdf
2005-11,comerciais_leves,Furgões Pequenos,1256,1256,4,0,2005-11.pdf
2005-11,comerciais_leves,Pick-up's Grandes,5471,5471,11,0,2005-11.pdf
2005-11,comerciais_leves,Pick-up's Pequenas,5784,5784,6,0,2005-11.pdf
2005-12,automoveis,Grandcab,2619,2595,4,24,2005-12.pdf
2005-12,automoveis,Hatch Médios,6633,6544,6,89,2005-12.pdf
2005-12,automoveis,Hatch Pequenos,26654,26654,10,0,2005-12.pdf
2005-12,automoveis,Monocab,9555,9555,9,0,2005-12.pdf
2005-12,automoveis,Sedans Compactos,1972,1972,6,0,2005-12.pdf
2005-12,automoveis,Sedans Grandes,831,689,12,142,2005-12.pdf
2005-12,automoveis,Sedans Pequenos,18922,18922,9,0,2005-12.pdf
2005-12,automoveis,Sedans médios,12240,12240,19,0,2005-12.pdf
2005-12,automoveis,Sports,62,47,9,15,2005-12.pdf
2005-12,automoveis,Suv's,8913,8899,40,14,2005-12.pdf
2005-12,automoveis,Sw Grandes,909,909,10,0,2005-12.pdf
2005-12,automoveis,Sw Médios,5268,5264,4,4,2005-12.pdf
2005-12,automoveis,Veículos de Entrada,63236,63236,9,0,2005-12.pdf
2005-12,comerciais_leves,Furgões,2689,2369,7,320,2005-12.pdf
2005-12,comerciais_leves,Furgões Pequenos,1458,1457,4,1,2005-12.pdf
2005-12,comerciais_leves,Pick-up's Grandes,6514,6514,11,0,2005-12.pdf
2005-12,comerciais_leves,Pick-up's Pequenas,6868,6868,6,0,2005-12.pdf
2006-01,automoveis,Grandcab,1880,1880,4,0,2006-01.pdf
2006-01,automoveis,Hatch Médios,4420,4420,6,0,2006-01.pdf
2006-01,automoveis,Hatch Pequenos,19181,19181,6,0,2006-01.pdf
2006-01,automoveis,Monocab,6026,6026,7,0,2006-01.pdf
2006-01,automoveis,Sedans Compactos,1507,1507,4,0,2006-01.pdf
2006-01,automoveis,Sedans Grandes,582,582,12,0,2006-01.pdf
2006-01,automoveis,Sedans Pequenos,14875,14875,7,0,2006-01.pdf
2006-01,automoveis,Sedans médios,7664,7664,15,0,2006-01.pdf
2006-01,automoveis,Sports,47,47,9,0,2006-01.pdf
2006-01,automoveis,Suv's,5644,5644,40,0,2006-01.pdf
2006-01,automoveis,Sw Grandes,610,610,7,0,2006-01.pdf
2006-01,automoveis,Sw Médios,3844,3844,4,0,2006-01.pdf
2006-01,automoveis,Veículos de Entrada,46077,46077,9,0,2006-01.pdf
2006-01,comerciais_leves,Furgões,2225,2225,7,0,2006-01.pdf
2006-01,comerciais_leves,Furgões Pequenos,1004,1004,4,0,2006-01.pdf
2006-01,comerciais_leves,Pick-up's Grandes,4418,4418,10,0,2006-01.pdf
2006-01,comerciais_leves,Pick-up's Pequenas,5361,5361,6,0,2006-01.pdf
2006-02,automoveis,Grandcab,1582,1582,4,0,2006-02.pdf
2006-02,automoveis,Hatch Médios,4138,4138,6,0,2006-02.pdf
2006-02,automoveis,Hatch Pequenos,18049,18049,7,0,2006-02.pdf
2006-02,automoveis,Monocab,6280,6280,8,0,2006-02.pdf
2006-02,automoveis,Sedans Compactos,1420,1420,6,0,2006-02.pdf
2006-02,automoveis,Sedans Grandes,416,416,12,0,2006-02.pdf
2006-02,automoveis,Sedans Pequenos,15020,15020,5,0,2006-02.pdf
2006-02,automoveis,Sedans médios,7552,7552,16,0,2006-02.pdf
2006-02,automoveis,Sports,50,50,9,0,2006-02.pdf
2006-02,automoveis,Suv's,5080,5080,40,0,2006-02.pdf
2006-02,automoveis,Sw Grandes,647,647,8,0,2006-02.pdf
2006-02,automoveis,Sw Médios,4277,4277,4,0,2006-02.pdf
2006-02,automoveis,Veículos de Entrada,43692,43692,9,0,2006-02.pdf
2006-02,comerciais_leves,Furgões,2297,2297,7,0,2006-02.pdf
2006-02,comerciais_leves,Furgões Pequenos,922,922,4,0,2006-02.pdf
2006-02,comerciais_leves,Pick-up's Grandes,3922,3922,9,0,2006-02.pdf
2006-02,comerciais_leves,Pick-up's Pequenas,5751,5751,5,0,2006-02.pdf
2006-03,automoveis,Grandcab,1691,1691,4,0,2006-03.pdf
2006-03,automoveis,Hatch Médios,4670,4670,6,0,2006-03.pdf
2006-03,automoveis,Hatch Pequenos,21969,21969,8,0,2006-03.pdf
2006-03,automoveis,Monocab,8572,8572,8,0,2006-03.pdf
2006-03,automoveis,Sedans Compactos,1925,1925,6,0,2006-03.pdf
2006-03,automoveis,Sedans Grandes,804,804,12,0,2006-03.pdf
2006-03,automoveis,Sedans Pequenos,18138,18138,6,0,2006-03.pdf
2006-03,automoveis,Sedans médios,8808,8808,16,0,2006-03.pdf
2006-03,automoveis,Sports,58,58,9,0,2006-03.pdf
2006-03,automoveis,Suv's,5978,5978,40,0,2006-03.pdf
2006-03,automoveis,Sw Grandes,805,805,9,0,2006-03.pdf
2006-03,automoveis,Sw Médios,5192,5192,4,0,2006-03.pdf
2006-03,automoveis,Veículos de Entrada,52092,52092,9,0,2006-03.pdf
2006-03,comerciais_leves,Furgões,3040,3040,7,0,2006-03.pdf
2006-03,comerciais_leves,Furgões Pequenos,1338,1338,4,0,2006-03.pdf
2006-03,comerciais_leves,Pick-up's Grandes,5050,5050,10,0,2006-03.pdf
2006-03,comerciais_leves,Pick-up's Pequenas,7625,7625,6,0,2006-03.pdf
2006-04,automoveis,Grandcab,2217,2217,4,0,2006-04.pdf
2006-04,automoveis,Hatch Médios,4593,4593,6,0,2006-04.pdf
2006-04,automoveis,Hatch Pequenos,16739,16739,8,0,2006-04.pdf
2006-04,automoveis,Monocab,7116,7116,8,0,2006-04.pdf
2006-04,automoveis,Sedans Compactos,2025,2025,6,0,2006-04.pdf
2006-04,automoveis,Sedans Grandes,655,655,12,0,2006-04.pdf
2006-04,automoveis,Sedans Pequenos,14128,14128,6,0,2006-04.pdf
2006-04,automoveis,Sedans médios,8363,8363,17,0,2006-04.pdf
2006-04,automoveis,Sports,69,69,9,0,2006-04.pdf
2006-04,automoveis,Suv's,5409,5409,40,0,2006-04.pdf
2006-04,automoveis,Sw Grandes,758,758,11,0,2006-04.pdf
2006-04,automoveis,Sw Médios,4272,4272,4,0,2006-04.pdf
2006-04,automoveis,Veículos de Entrada,42972,42972,9,0,2006-04.pdf
2006-04,comerciais_leves,Furgões,2289,2289,7,0,2006-04.pdf
2006-04,comerciais_leves,Furgões Pequenos,947,947,4,0,2006-04.pdf
2006-04,comerciais_leves,Pick-up's Grandes,4944,4944,10,0,2006-04.pdf
2006-04,comerciais_leves,Pick-up's Pequenas,6429,6429,6,0,2006-04.pdf
2006-05,automoveis,Grandcab,2642,2642,4,0,2006-05.pdf
2006-05,automoveis,Hatch Médios,5659,5659,6,0,2006-05.pdf
2006-05,automoveis,Hatch Pequenos,19227,19227,8,0,2006-05.pdf
2006-05,automoveis,Monocab,7540,7540,8,0,2006-05.pdf
2006-05,automoveis,Sedans Compactos,2172,2172,6,0,2006-05.pdf
2006-05,automoveis,Sedans Grandes,718,718,12,0,2006-05.pdf
2006-05,automoveis,Sedans Pequenos,18432,18432,6,0,2006-05.pdf
2006-05,automoveis,Sedans médios,11559,11559,18,0,2006-05.pdf
2006-05,automoveis,Sports,56,56,9,0,2006-05.pdf
2006-05,automoveis,Suv's,6709,6709,40,0,2006-05.pdf
2006-05,automoveis,Sw Grandes,782,782,11,0,2006-05.pdf
2006-05,automoveis,Sw Médios,5697,5697,4,0,2006-05.pdf
2006-05,automoveis,Veículos de Entrada,56460,56460,9,0,2006-05.pdf
2006-05,comerciais_leves,Furgões,2555,2555,7,0,2006-05.pdf
2006-05,comerciais_leves,Furgões Pequenos,1687,1687,4,0,2006-05.pdf
2006-05,comerciais_leves,Pick-up's Grandes,5627,5627,11,0,2006-05.pdf
2006-05,comerciais_leves,Pick-up's Pequenas,7457,7457,6,0,2006-05.pdf
2006-06,automoveis,Grandcab,1816,1816,4,0,2006-06.pdf
2006-06,automoveis,Hatch Médios,4912,4912,6,0,2006-06.pdf
2006-06,automoveis,Hatch Pequenos,17478,17478,8,0,2006-06.pdf
2006-06,automoveis,Monocab,6650,6650,8,0,2006-06.pdf
2006-06,automoveis,Sedans Compactos,1811,1811,6,0,2006-06.pdf
2006-06,automoveis,Sedans Grandes,530,530,12,0,2006-06.pdf
2006-06,automoveis,Sedans Pequenos,16294,16294,6,0,2006-06.pdf
2006-06,automoveis,Sedans médios,10256,10256,18,0,2006-06.pdf
2006-06,automoveis,Sports,63,63,9,0,2006-06.pdf
2006-06,automoveis,Suv's,5742,5742,40,0,2006-06.pdf
2006-06,automoveis,Sw Grandes,668,668,11,0,2006-06.pdf
2006-06,automoveis,Sw Médios,4978,4978,4,0,2006-06.pdf
2006-06,automoveis,Veículos de Entrada,52912,52912,9,0,2006-06.pdf
2006-06,comerciais_leves,Furgões,2527,2527,7,0,2006-06.pdf
2006-06,comerciais_leves,Furgões Pequenos,1726,1726,4,0,2006-06.pdf
2006-06,comerciais_leves,Pick-up's Grandes,5222,5222,11,0,2006-06.pdf
2006-06,comerciais_leves,Pick-up's Pequenas,6807,6807,6,0,2006-06.pdf
2006-07,automoveis,Grandcab,1955,1955,4,0,2006-07.pdf
2006-07,automoveis,Hatch Médios,5589,5589,6,0,2006-07.pdf
2006-07,automoveis,Hatch Pequenos,20233,20233,8,0,2006-07.pdf
2006-07,automoveis,Monocab,6692,6692,8,0,2006-07.pdf
2006-07,automoveis,Sedans Compactos,2002,2002,6,0,2006-07.pdf
2006-07,automoveis,Sedans Grandes,564,564,12,0,2006-07.pdf
2006-07,automoveis,Sedans Pequenos,20049,20049,7,0,2006-07.pdf
2006-07,automoveis,Sedans médios,11711,11711,20,0,2006-07.pdf
2006-07,automoveis,Sports,60,60,9,0,2006-07.pdf
2006-07,automoveis,Suv's,6501,6501,40,0,2006-07.pdf
2006-07,automoveis,Sw Grandes,702,702,11,0,2006-07.pdf
2006-07,automoveis,Sw Médios,4998,4998,4,0,2006-07.pdf
2006-07,automoveis,Veículos de Entrada,59725,59725,9,0,2006-07.pdf
2006-07,comerciais_leves,Furgões,2701,2701,7,0,2006-07.pdf
2006-07,comerciais_leves,Furgões Pequenos,1403,1403,4,0,2006-07.pdf
2006-07,comerciais_leves,Pick-up's Grandes,5436,5436,11,0,2006-07.pdf
2006-07,comerciais_leves,Pick-up's Pequenas,7121,7121,6,0,2006-07.pdf
2006-08,automoveis,Grandcab,1875,1875,4,0,2006-08.pdf
2006-08,automoveis,Hatch Médios,5961,5961,6,0,2006-08.pdf
2006-08,automoveis,Hatch Pequenos,20495,20495,8,0,2006-08.pdf
2006-08,automoveis,Monocab,8077,8077,9,0,2006-08.pdf
2006-08,automoveis,Sedans Compactos,2112,2112,6,0,2006-08.pdf
2006-08,automoveis,Sedans Grandes,608,608,12,0,2006-08.pdf
2006-08,automoveis,Sedans Pequenos,19569,19569,7,0,2006-08.pdf
2006-08,automoveis,Sedans médios,12576,12576,21,0,2006-08.pdf
2006-08,automoveis,Sports,65,65,9,0,2006-08.pdf
2006-08,automoveis,Suv's,6661,6661,40,0,2006-08.pdf
2006-08,automoveis,Sw Grandes,1149,1149,11,0,2006-08.pdf
2006-08,automoveis,Sw Médios,6670,6670,4,0,2006-08.pdf
2006-08,automoveis,Veículos de Entrada,64460,64460,9,0,2006-08.pdf
2006-08,comerciais_leves,Furgões,3264,3264,7,0,2006-08.pdf
2006-08,comerciais_leves,Furgões Pequenos,1540,1540,4,0,2006-08.pdf
2006-08,comerciais_leves,Pick-up's Grandes,6423,6423,11,0,2006-08.pdf
2006-08,comerciais_leves,Pick-up's Pequenas,7785,7785,6,0,2006-08.pdf
2006-09,automoveis,Grandcab,1999,1999,4,0,2006-09.pdf
2006-09,automoveis,Hatch Médios,5367,5367,6,0,2006-09.pdf
2006-09,automoveis,Hatch Pequenos,17805,17805,9,0,2006-09.pdf
2006-09,automoveis,Monocab,7227,7227,10,0,2006-09.pdf
2006-09,automoveis,Sedans Compactos,1664,1664,6,0,2006-09.pdf
2006-09,automoveis,Sedans Grandes,554,554,12,0,2006-09.pdf
2006-09,automoveis,Sedans Pequenos,18663,18663,9,0,2006-09.pdf
2006-09,automoveis,Sedans médios,10770,10770,21,0,2006-09.pdf
2006-09,automoveis,Sports,55,55,9,0,2006-09.pdf
2006-09,automoveis,Suv's,6039,6039,40,0,2006-09.pdf
2006-09,automoveis,Sw Grandes,775,775,12,0,2006-09.pdf
2006-09,automoveis,Sw Médios,5845,5845,4,0,2006-09.pdf
2006-09,automoveis,Veículos de Entrada,57283,57283,9,0,2006-09.pdf
2006-09,comerciais_leves,Furgões,2820,2820,7,0,2006-09.pdf
2006-09,comerciais_leves,Furgões Pequenos,1302,1302,4,0,2006-09.pdf
2006-09,comerciais_leves,Pick-up's Grandes,5529,5529,11,0,2006-09.pdf
2006-09,comerciais_leves,Pick-up's Pequenas,6756,6756,6,0,2006-09.pdf
2006-10,automoveis,Grandcab,2191,2191,4,0,2006-10.pdf
2006-10,automoveis,Hatch Médios,6076,6076,6,0,2006-10.pdf
2006-10,automoveis,Hatch Pequenos,19785,19785,10,0,2006-10.pdf
2006-10,automoveis,Monocab,9171,9171,10,0,2006-10.pdf
2006-10,automoveis,Sedans Compactos,2798,2798,6,0,2006-10.pdf
2006-10,automoveis,Sedans Grandes,569,569,12,0,2006-10.pdf
2006-10,automoveis,Sedans Pequenos,20737,20737,10,0,2006-10.pdf
2006-10,automoveis,Sedans médios,11453,11453,21,0,2006-10.pdf
2006-10,automoveis,Sports,42,42,9,0,2006-10.pdf
2006-10,automoveis,Suv's,6778,6778,40,0,2006-10.pdf
2006-10,automoveis,Sw Grandes,759,759,12,0,2006-10.pdf
2006-10,automoveis,Sw Médios,6272,6272,4,0,2006-10.pdf
2006-10,automoveis,Veículos de Entrada,60791,60791,9,0,2006-10.pdf
2006-10,comerciais_leves,Furgões,3149,3149,7,0,2006-10.pdf
2006-10,comerciais_leves,Furgões Pequenos,1602,1602,4,0,2006-10.pdf
2006-10,comerciais_leves,Pick-up's Grandes,5653,5653,11,0,2006-10.pdf
2006-10,comerciais_leves,Pick-up's Pequenas,8010,8010,6,0,2006-10.pdf
2006-11,automoveis,Grandcab,1931,1931,4,0,2006-11.pdf
2006-11,automoveis,Hatch Médios,6500,6500,6,0,2006-11.pdf
2006-11,automoveis,Hatch Pequenos,20893,20893,10,0,2006-11.pdf
2006-11,automoveis,Monocab,9508,9508,10,0,2006-11.pdf
2006-11,automoveis,Sedans Compactos,3143,3143,6,0,2006-11.pdf
2006-11,automoveis,Sedans Grandes,579,579,12,0,2006-11.pdf
2006-11,automoveis,Sedans Pequenos,23861,23861,10,0,2006-11.pdf
2006-11,automoveis,Sedans médios,11752,11752,21,0,2006-11.pdf
2006-11,automoveis,Sports,75,75,9,0,2006-11.pdf
2006-11,automoveis,Suv's,7537,7537,40,0,2006-11.pdf
2006-11,automoveis,Sw Grandes,874,874,12,0,2006-11.pdf
2006-11,automoveis,Sw Médios,6382,6382,4,0,2006-11.pdf
2006-11,automoveis,Veículos de Entrada,62328,62328,9,0,2006-11.pdf
2006-11,comerciais_leves,Furgões,2943,2943,7,0,2006-11.pdf
2006-11,comerciais_leves,Furgões Pequenos,1133,1133,4,0,2006-11.pdf
2006-11,comerciais_leves,Pick-up's Grandes,6060,6060,11,0,2006-11.pdf
2006-11,comerciais_leves,Pick-up's Pequenas,7630,7630,6,0,2006-11.pdf
2006-12,automoveis,Grandcab,2364,2364,4,0,2006-12.pdf
2006-12,automoveis,Hatch Médios,7470,7470,6,0,2006-12.pdf
2006-12,automoveis,Hatch Pequenos,25344,25344,10,0,2006-12.pdf
2006-12,automoveis,Monocab,10598,10598,10,0,2006-12.pdf
2006-12,automoveis,Sedans Compactos,3221,3221,6,0,2006-12.pdf
2006-12,automoveis,Sedans Grandes,641,641,12,0,2006-12.pdf
2006-12,automoveis,Sedans Pequenos,27905,27905,10,0,2006-12.pdf
2006-12,automoveis,Sedans médios,13070,13070,21,0,2006-12.pdf
2006-12,automoveis,Sports,60,60,9,0,2006-12.pdf
2006-12,automoveis,Suv's,8772,8772,40,0,2006-12.pdf
2006-12,automoveis,Sw Grandes,1110,1110,12,0,2006-12.pdf
2006-12,automoveis,Sw Médios,7836,7836,4,0,2006-12.pdf
2006-12,automoveis,Veículos de Entrada,67778,67778,9,0,2006-12.pdf
2006-12,comerciais_leves,Furgões,2843,2843,7,0,2006-12.pdf
2006-12,comerciais_leves,Furgões Pequenos,1403,1403,4,0,2006-12.pdf
2006-12,comerciais_leves,Pick-up's Grandes,6570,6570,11,0,2006-12.pdf
2006-12,comerciais_leves,Pick-up's Pequenas,7816,7816,6,0,2006-12.pdf
2007-01,automoveis,Grandcab,1592,1592,4,0,2007-01.pdf
2007-01,automoveis,Hatch Médios,5722,5722,6,0,2007-01.pdf
2007-01,automoveis,Hatch Pequenos,22067,22067,7,0,2007-01.pdf
2007-01,automoveis,Monocab,5852,5852,9,0,2007-01.pdf
2007-01,automoveis,Sedans Compactos,1654,1654,6,0,2007-01.pdf
2007-01,automoveis,Sedans Grandes,595,595,12,0,2007-01.pdf
2007-01,automoveis,Sedans Pequenos,20715,20715,9,0,2007-01.pdf
2007-01,automoveis,Sedans médios,8697,8697,17,0,2007-01.pdf
2007-01,automoveis,Sports,55,55,9,0,2007-01.pdf
2007-01,automoveis,Suv's,6798,6798,40,0,2007-01.pdf
2007-01,automoveis,Sw Grandes,723,723,8,0,2007-01.pdf
2007-01,automoveis,Sw Médios,6068,6068,4,0,2007-01.pdf
2007-01,automoveis,Veículos de Entrada,48875,48875,9,0,2007-01.pdf
2007-01,comerciais_leves,Furgões,2767,2767,7,0,2007-01.pdf
2007-01,comerciais_leves,Furgões Pequenos,1098,1098,4,0,2007-01.pdf
2007-01,comerciais_leves,Pick-up's Grandes,4332,4332,10,0,2007-01.pdf
2007-01,comerciais_leves,Pick-up's Pequenas,7036,7036,6,0,2007-01.pdf
2007-02,automoveis,Grandcab,1507,1507,4,0,2007-02.pdf
2007-02,automoveis,Hatch Médios,4087,4087,6,0,2007-02.pdf
2007-02,automoveis,Hatch Pequenos,19609,19609,7,0,2007-02.pdf
2007-02,automoveis,Monocab,6000,6000,9,0,2007-02.pdf
2007-02,automoveis,Sedans Compactos,2388,2388,5,0,2007-02.pdf
2007-02,automoveis,Sedans Grandes,476,476,12,0,2007-02.pdf
2007-02,automoveis,Sedans Pequenos,21024,21024,8,0,2007-02.pdf
2007-02,automoveis,Sedans médios,9200,9200,18,0,2007-02.pdf
2007-02,automoveis,Sports,38,38,9,0,2007-02.pdf
2007-02,automoveis,Suv's,5292,5292,40,0,2007-02.pdf
2007-02,automoveis,Sw Grandes,1014,1014,7,0,2007-02.pdf
2007-02,automoveis,Sw Médios,5437,5437,4,0,2007-02.pdf
2007-02,automoveis,Veículos de Entrada,47267,47267,8,0,2007-02.pdf
2007-02,comerciais_leves,Furgões,2556,2556,7,0,2007-02.pdf
2007-02,comerciais_leves,Furgões Pequenos,1212,1212,4,0,2007-02.pdf
2007-02,comerciais_leves,Pick-up's Grandes,4259,4259,11,0,2007-02.pdf
2007-02,comerciais_leves,Pick-up's Pequenas,7465,7465,6,0,2007-02.pdf
2007-03,automoveis,Grandcab,1840,1840,4,0,2007-03.pdf
2007-03,automoveis,Hatch Médios,5713,5713,6,0,2007-03.pdf
2007-03,automoveis,Hatch Pequenos,23954,23954,7,0,2007-03.pdf
2007-03,automoveis,Monocab,8555,8555,9,0,2007-03.pdf
2007-03,automoveis,Sedans Compactos,3616,3616,5,0,2007-03.pdf
2007-03,automoveis,Sedans Grandes,599,599,12,0,2007-03.pdf
2007-03,automoveis,Sedans Pequenos,25985,25985,8,0,2007-03.pdf
2007-03,automoveis,Sedans médios,13621,13621,18,0,2007-03.pdf
2007-03,automoveis,Sports,72,72,9,0,2007-03.pdf
2007-03,automoveis,Suv's,6755,6755,40,0,2007-03.pdf
2007-03,automoveis,Sw Grandes,1367,1367,8,0,2007-03.pdf
2007-03,automoveis,Sw Médios,6685,6685,4,0,2007-03.pdf
2007-03,automoveis,Veículos de Entrada,62876,62876,8,0,2007-03.pdf
2007-03,comerciais_leves,Furgões,3526,3526,7,0,2007-03.pdf
2007-03,comerciais_leves,Furgões Pequenos,1856,1856,4,0,2007-03.pdf
2007-03,comerciais_leves,Pick-up's Grandes,6295,6295,11,0,2007-03.pdf
2007-03,comerciais_leves,Pick-up's Pequenas,9593,9593,6,0,2007-03.pdf
2007-04,automoveis,Grandcab,1931,1931,4,0,2007-04.pdf
2007-04,automoveis,Hatch Médios,5804,5804,6,0,2007-04.pdf
2007-04,automoveis,Hatch Pequenos,20958,20958,7,0,2007-04.pdf
2007-04,automoveis,Monocab,6708,6708,10,0,2007-04.pdf
2007-04,automoveis,Sedans Compactos,2873,2873,5,0,2007-04.pdf
2007-04,automoveis,Sedans Grandes,573,573,12,0,2007-04.pdf
2007-04,automoveis,Sedans Pequenos,23901,23901,8,0,2007-04.pdf
2007-04,automoveis,Sedans médios,13466,13466,20,0,2007-04.pdf
2007-04,automoveis,Sports,73,73,9,0,2007-04.pdf
2007-04,automoveis,Suv's,7271,7271,40,0,2007-04.pdf
2007-04,automoveis,Sw Grandes,1615,1615,11,0,2007-04.pdf
2007-04,automoveis,Sw Médios,5688,5688,4,0,2007-04.pdf
2007-04,automoveis,Veículos de Entrada,59696,59696,8,0,2007-04.pdf
2007-04,comerciais_leves,Furgões,3107,3107,7,0,2007-04.pdf
2007-04,comerciais_leves,Furgões Pequenos,1437,1437,4,0,2007-04.pdf
2007-04,comerciais_leves,Pick-up's Grandes,5310,5310,11,0,2007-04.pdf
2007-04,comerciais_leves,Pick-up's Pequenas,8661,8661,6,0,2007-04.pdf
2007-05,automoveis,Grandcab,2114,2114,4,0,2007-05.pdf
2007-05,automoveis,Hatch Médios,7890,7890,6,0,2007-05.pdf
2007-05,automoveis,Hatch Pequenos,23641,23641,7,0,2007-05.pdf
2007-05,automoveis,Monocab,8508,8508,10,0,2007-05.pdf
2007-05,automoveis,Sedans Compactos,3379,3379,5,0,2007-05.pdf
2007-05,automoveis,Sedans Grandes,584,584,12,0,2007-05.pdf
2007-05,automoveis,Sedans Pequenos,26940,26940,9,0,2007-05.pdf
2007-05,automoveis,Sedans médios,14675,14675,21,0,2007-05.pdf
2007-05,automoveis,Sports,76,76,9,0,2007-05.pdf
2007-05,automoveis,Suv's,9200,9200,40,0,2007-05.pdf
2007-05,automoveis,Sw Grandes,1433,1433,11,0,2007-05.pdf
2007-05,automoveis,Sw Médios,6231,6231,4,0,2007-05.pdf
2007-05,automoveis,Veículos de Entrada,74555,74555,8,0,2007-05.pdf
2007-05,comerciais_leves,Furgões,3288,3288,7,0,2007-05.pdf
2007-05,comerciais_leves,Furgões Pequenos,1626,1626,4,0,2007-05.pdf
2007-05,comerciais_leves,Pick-up's Grandes,5882,5882,11,0,2007-05.pdf
2007-05,comerciais_leves,Pick-up's Pequenas,8960,8960,6,0,2007-05.pdf
2007-06,automoveis,Grandcab,2037,2037,4,0,2007-06.pdf
2007-06,automoveis,Hatch Médios,7247,7247,6,0,2007-06.pdf
2007-06,automoveis,Hatch Pequenos,20521,20521,7,0,2007-06.pdf
2007-06,automoveis,Monocab,8407,8407,10,0,2007-06.pdf
2007-06,automoveis,Sedans Compactos,3371,3371,6,0,2007-06.pdf
2007-06,automoveis,Sedans Grandes,653,653,12,0,2007-06.pdf
2007-06,automoveis,Sedans Pequenos,25482,25482,10,0,2007-06.pdf
2007-06,automoveis,Sedans médios,13505,13505,21,0,2007-06.pdf
2007-06,automoveis,Sports,82,82,9,0,2007-06.pdf
2007-06,automoveis,Suv's,8378,8378,40,0,2007-06.pdf
2007-06,automoveis,Sw Grandes,1280,1280,11,0,2007-06.pdf
2007-06,automoveis,Sw Médios,6774,6774,4,0,2007-06.pdf
2007-06,automoveis,Veículos de Entrada,70747,70747,8,0,2007-06.pdf
2007-06,comerciais_leves,Furgões,3548,3548,7,0,2007-06.pdf
2007-06,comerciais_leves,Furgões Pequenos,1601,1601,4,0,2007-06.pdf
2007-06,comerciais_leves,Pick-up's Grandes,5497,5497,11,0,2007-06.pdf
2007-06,comerciais_leves,Pick-up's Pequenas,8518,8518,6,0,2007-06.pdf
2007-07,automoveis,Grandcab,2422,2422,4,0,2007-07.pdf
2007-07,automoveis,Hatch Médios,7921,7921,6,0,2007-07.pdf
2007-07,automoveis,Hatch Pequenos,25105,25105,7,0,2007-07.pdf
2007-07,automoveis,Monocab,8355,8355,10,0,2007-07.pdf
2007-07,automoveis,Sedans Compactos,2928,2928,6,0,2007-07.pdf
2007-07,automoveis,Sedans Grandes,536,536,12,0,2007-07.pdf
2007-07,automoveis,Sedans Pequenos,28930,28930,10,0,2007-07.pdf
2007-07,automoveis,Sedans médios,12741,12741,21,0,2007-07.pdf
2007-07,automoveis,Sports,80,80,9,0,2007-07.pdf
2007-07,automoveis,Suv's,8886,8886,40,0,2007-07.pdf
2007-07,automoveis,Sw Grandes,1564,1564,11,0,2007-07.pdf
2007-07,automoveis,Sw Médios,7603,7603,4,0,2007-07.pdf
2007-07,automoveis,Veículos de Entrada,76477,76477,9,0,2007-07.pdf
2007-07,comerciais_leves,Furgões,3638,3638,7,0,2007-07.pdf
2007-07,comerciais_leves,Furgões Pequenos,1445,1445,4,0,2007-07.pdf
2007-07,comerciais_leves,Pick-up's Grandes,5713,5713,11,0,2007-07.pdf
2007-07,comerciais_leves,Pick-up's Pequenas,11121,11121,6,0,2007-07.pdf
2007-08,automoveis,Grandcab,2675,2675,4,0,2007-08.pdf
2007-08,automoveis,Hatch Médios,8687,8687,6,0,2007-08.pdf
2007-08,automoveis,Hatch Pequenos,29577,29577,8,0,2007-08.pdf
2007-08,automoveis,Monocab,8955,8955,10,0,2007-08.pdf
2007-08,automoveis,Sedans Compactos,3451,3451,6,0,2007-08.pdf
2007-08,automoveis,Sedans Grandes,610,610,12,0,2007-08.pdf
2007-08,automoveis,Sedans Pequenos,32374,32374,10,0,2007-08.pdf
2007-08,automoveis,Sedans médios,14435,14435,21,0,2007-08.pdf
2007-08,automoveis,Sports,71,71,9,0,2007-08.pdf
2007-08,automoveis,Suv's,10735,10735,40,0,2007-08.pdf
2007-08,automoveis,Sw Grandes,1834,1834,11,0,2007-08.pdf
2007-08,automoveis,Sw Médios,6891,6891,4,0,2007-08.pdf
2007-08,automoveis,Veículos de Entrada,76464,76464,9,0,2007-08.pdf
2007-08,comerciais_leves,Furgões,4171,4171,7,0,2007-08.pdf
2007-08,comerciais_leves,Furgões Pequenos,1805,1805,4,0,2007-08.pdf
2007-08,comerciais_leves,Pick-up's Grandes,6701,6701,11,0,2007-08.pdf
2007-08,comerciais_leves,Pick-up's Pequenas,12517,12517,6,0,2007-08.pdf
2007-09,automoveis,Grandcab,2386,2386,4,0,2007-09.pdf
2007-09,automoveis,Hatch Médios,8687,8687,6,0,2007-09.pdf
2007-09,automoveis,Hatch Pequenos,24544,24544,8,0,2007-09.pdf
2007-09,automoveis,Monocab,8246,8246,10,0,2007-09.pdf
2007-09,automoveis,Sedans Compactos,2857,2857,6,0,2007-09.pdf
2007-09,automoveis,Sedans Grandes,559,559,12,0,2007-09.pdf
2007-09,automoveis,Sedans Pequenos,27743,27743,10,0,2007-09.pdf
2007-09,automoveis,Sedans médios,14150,14150,21,0,2007-09.pdf
2007-09,automoveis,Sports,75,75,9,0,2007-09.pdf
2007-09,automoveis,Suv's,9656,9656,40,0,2007-09.pdf
2007-09,automoveis,Sw Grandes,1210,1210,11,0,2007-09.pdf
2007-09,automoveis,Sw Médios,6047,6047,4,0,2007-09.pdf
2007-09,automoveis,Veículos de Entrada,64522,64522,9,0,2007-09.pdf
2007-09,comerciais_leves,Furgões,3412,3412,7,0,2007-09.pdf
2007-09,comerciais_leves,Furgões Pequenos,1605,1605,4,0,2007-09.pdf
2007-09,comerciais_leves,Pick-up's Grandes,6117,6117,11,0,2007-09.pdf
2007-09,comerciais_leves,Pick-up's Pequenas,9989,9989,6,0,2007-09.pdf
2007-10,automoveis,Grandcab,2463,2463,4,0,2007-10.pdf
2007-10,automoveis,Hatch Médios,11071,11071,6,0,2007-10.pdf
2007-10,automoveis,Hatch Pequenos,27115,27115,10,0,2007-10.pdf
2007-10,automoveis,Monocab,9684,9684,10,0,2007-10.pdf
2007-10,automoveis,Sedans Compactos,3548,3548,6,0,2007-10.pdf
2007-10,automoveis,Sedans Grandes,639,639,12,0,2007-10.pdf
2007-10,automoveis,Sedans Pequenos,31992,31992,10,0,2007-10.pdf
2007-10,automoveis,Sedans médios,19484,19484,21,0,2007-10.pdf
2007-10,automoveis,Sports,102,102,9,0,2007-10.pdf
2007-10,automoveis,Suv's,11824,11824,40,0,2007-10.pdf
2007-10,automoveis,Sw Grandes,1432,1432,11,0,2007-10.pdf
2007-10,automoveis,Sw Médios,7252,7252,4,0,2007-10.pdf
2007-10,automoveis,Veículos de Entrada,77337,77337,9,0,2007-10.pdf
2007-10,comerciais_leves,Furgões,4211,4211,7,0,2007-10.pdf
2007-10,comerciais_leves,Furgões Pequenos,2191,2191,4,0,2007-10.pdf
2007-10,comerciais_leves,Pick-up's Grandes,7539,7539,11,0,2007-10.pdf
2007-10,comerciais_leves,Pick-up's Pequenas,11945,11945,6,0,2007-10.pdf
2007-11,automoveis,Grandcab,2279,2279,4,0,2007-11.pdf
2007-11,automoveis,Hatch Médios,10161,10161,6,0,2007-11.pdf
2007-11,automoveis,Hatch Pequenos,26919,26919,10,0,2007-11.pdf
2007-11,automoveis,Monocab,9121,9121,10,0,2007-11.pdf
2007-11,automoveis,Sedans Compactos,3809,3809,6,0,2007-11.pdf
2007-11,automoveis,Sedans Grandes,502,502,12,0,2007-11.pdf
2007-11,automoveis,Sedans Pequenos,32469,32469,10,0,2007-11.pdf
2007-11,automoveis,Sedans médios,17536,17536,21,0,2007-11.pdf
2007-11,automoveis,Sports,93,93,9,0,2007-11.pdf
2007-11,automoveis,Suv's,12234,12234,40,0,2007-11.pdf
2007-11,automoveis,Sw Grandes,1403,1403,11,0,2007-11.pdf
2007-11,automoveis,Sw Médios,7622,7622,4,0,2007-11.pdf
2007-11,automoveis,Veículos de Entrada,74269,74269,9,0,2007-11.pdf
2007-11,comerciais_leves,Furgões,3895,3895,7,0,2007-11.pdf
2007-11,comerciais_leves,Furgões Pequenos,2025,2025,4,0,2007-11.pdf
2007-11,comerciais_leves,Pick-up's Grandes,7289,7289,11,0,2007-11.pdf
2007-11,comerciais_leves,Pick-up's Pequenas,11421,11421,6,0,2007-11.pdf
2007-12,automoveis,Grandcab,2458,2458,4,0,2007-12.pdf
2007-12,automoveis,Hatch Médios,10767,10767,6,0,2007-12.pdf
2007-12,automoveis,Hatch Pequenos,27924,27924,10,0,2007-12.pdf
2007-12,automoveis,Monocab,9627,9627,10,0,2007-12.pdf
2007-12,automoveis,Sedans Compactos,3716,3716,6,0,2007-12.pdf
2007-12,automoveis,Sedans Grandes,529,529,12,0,2007-12.pdf
2007-12,automoveis,Sedans Pequenos,33458,33458,10,0,2007-12.pdf
2007-12,automoveis,Sedans médios,17738,17738,21,0,2007-12.pdf
2007-12,automoveis,Sports,120,120,9,0,2007-12.pdf
2007-12,automoveis,Suv's,13051,13051,40,0,2007-12.pdf
2007-12,automoveis,Sw Grandes,1425,1425,11,0,2007-12.pdf
2007-12,automoveis,Sw Médios,7600,7600,4,0,2007-12.pdf
2007-12,automoveis,Veículos de Entrada,74579,74579,9,0,2007-12.pdf
2007-12,comerciais_leves,Furgões,3995,3995,7,0,2007-12.pdf
2007-12,comerciais_leves,Furgões Pequenos,2192,2192,4,0,2007-12.pdf
2007-12,comerciais_leves,Pick-up's Grandes,8881,8881,11,0,2007-12.pdf
2007-12,comerciais_leves,Pick-up's Pequenas,10486,10486,6,0,2007-12.pdf
2008-01,automoveis,Grandcab,2178,2178,4,0,2008-01.pdf
2008-01,automoveis,Hatch Médios,10113,10113,6,0,2008-01.pdf
2008-01,automoveis,Hatch Pequenos,26047,14885,8,11162,2008-01.pdf
2008-01,automoveis,Monocab,8047,8047,8,0,2008-01.pdf
2008-01,automoveis,Sedans Compactos,3259,3259,3,0,2008-01.pdf
2008-01,automoveis,Sedans Grandes,669,669,12,0,2008-01.pdf
2008-01,automoveis,Sedans Pequenos,29904,29904,10,0,2008-01.pdf
2008-01,automoveis,Sedans médios,14646,14646,20,0,2008-01.pdf
2008-01,automoveis,Sports,86,86,9,0,2008-01.pdf
2008-01,automoveis,Suv's,10811,10811,40,0,2008-01.pdf
2008-01,automoveis,Sw Grandes,1043,1043,8,0,2008-01.pdf
2008-01,automoveis,Sw Médios,6452,6452,4,0,2008-01.pdf
2008-01,automoveis,Veículos de Entrada,65513,65513,8,0,2008-01.pdf
2008-01,comerciais_leves,Furgões,4601,4601,7,0,2008-01.pdf
2008-01,comerciais_leves,Furgões Pequenos,1739,1739,4,0,2008-01.pdf
2008-01,comerciais_leves,Pick-up's Grandes,7576,7576,11,0,2008-01.pdf
2008-01,comerciais_leves,Pick-up's Pequenas,10826,10826,6,0,2008-01.pdf
2008-02,automoveis,Grandcab,1855,1855,4,0,2008-02.pdf
2008-02,automoveis,Hatch Médios,9107,9107,6,0,2008-02.pdf
2008-02,automoveis,Hatch Pequenos,21576,21576,9,0,2008-02.pdf
2008-02,automoveis,Monocab,8364,8364,8,0,2008-02.pdf
2008-02,automoveis,Sedans Compactos,2901,2901,4,0,2008-02.pdf
2008-02,automoveis,Sedans Grandes,712,712,12,0,2008-02.pdf
2008-02,automoveis,Sedans Pequenos,27266,27266,10,0,2008-02.pdf
2008-02,automoveis,Sedans médios,13039,13039,19,0,2008-02.pdf
2008-02,automoveis,Sports,84,84,9,0,2008-02.pdf
2008-02,automoveis,Suv's,8718,8718,40,0,2008-02.pdf
2008-02,automoveis,Sw Grandes,908,908,8,0,2008-02.pdf
2008-02,automoveis,Sw Médios,5183,5183,4,0,2008-02.pdf
2008-02,automoveis,Veículos de Entrada,65433,65433,9,0,2008-02.pdf
2008-02,comerciais_leves,Furgões,4327,4327,7,0,2008-02.pdf
2008-02,comerciais_leves,Furgões Pequenos,1842,1842,4,0,2008-02.pdf
2008-02,comerciais_leves,Pick-up's Grandes,6155,6155,11,0,2008-02.pdf
2008-02,comerciais_leves,Pick-up's Pequenas,11083,11083,5,0,2008-02.pdf
2008-03,automoveis,Grandcab,2248,2202,4,46,2008-03.pdf
2008-03,automoveis,Hatch Médios,13734,11301,6,2433,2008-03.pdf
2008-03,automoveis,Hatch Pequenos,25446,25446,11,0,2008-03.pdf
2008-03,automoveis,Monocab,9020,9020,7,0,2008-03.pdf
2008-03,automoveis,Sedans Compactos,2854,2854,6,0,2008-03.pdf
2008-03,automoveis,Sedans Grandes,1014,909,12,105,2008-03.pdf
2008-03,automoveis,Sedans Pequenos,29900,29900,10,0,2008-03.pdf
2008-03,automoveis,Sedans médios,14178,14176,21,2,2008-03.pdf
2008-03,automoveis,Sports,135,96,9,39,2008-03.pdf
2008-03,automoveis,Suv's,11696,11671,40,25,2008-03.pdf
2008-03,automoveis,Sw Grandes,922,922,9,0,2008-03.pdf
2008-03,automoveis,Sw Médios,6208,6208,4,0,2008-03.pdf
2008-03,automoveis,Veículos de Entrada,76619,76619,9,0,2008-03.pdf
2008-03,comerciais_leves,Furgões,5177,4830,7,347,2008-03.pdf
2008-03,comerciais_leves,Furgões Pequenos,1908,1879,4,29,2008-03.pdf
2008-03,comerciais_leves,Pick-up's Grandes,7457,7456,11,1,2008-03.pdf
2008-03,comerciais_leves,Pick-up's Pequenas,12297,12297,6,0,2008-03.pdf
2008-04,automoveis,Grandcab,2374,2374,4,0,2008-04.pdf
2008-04,automoveis,Hatch Médios,12246,12246,6,0,2008-04.pdf
2008-04,automoveis,Hatch Pequenos,29234,29234,10,0,2008-04.pdf
2008-04,automoveis,Monocab,10591,10591,9,0,2008-04.pdf
2008-04,automoveis,Sedans Compactos,3027,3027,6,0,2008-04.pdf
2008-04,automoveis,Sedans Grandes,1207,1207,12,0,2008-04.pdf
2008-04,automoveis,Sedans Pequenos,34119,34119,10,0,2008-04.pdf
2008-04,automoveis,Sedans médios,19078,19078,21,0,2008-04.pdf
2008-04,automoveis,Sports,128,128,9,0,2008-04.pdf
2008-04,automoveis,Suv's,12574,12574,40,0,2008-04.pdf
2008-04,automoveis,Sw Grandes,1015,1015,9,0,2008-04.pdf
2008-04,automoveis,Sw Médios,6330,6330,4,0,2008-04.pdf
2008-04,automoveis,Veículos de Entrada,83356,83356,9,0,2008-04.pdf
2008-04,comerciais_leves,Furgões,5563,5563,7,0,2008-04.pdf
2008-04,comerciais_leves,Furgões Pequenos,2034,2034,4,0,2008-04.pdf
2008-04,comerciais_leves,Pick-up's Grandes,8534,8534,11,0,2008-04.pdf
2008-04,comerciais_leves,Pick-up's Pequenas,13410,13410,6,0,2008-04.pdf
2008-05,automoveis,Grandcab,2369,2369,4,0,2008-05.pdf
2008-05,automoveis,Hatch Médios,11104,11104,6,0,2008-05.pdf
2008-05,automoveis,Hatch Pequenos,28590,28590,11,0,2008-05.pdf
2008-05,automoveis,Monocab,9241,9241,10,0,2008-05.pdf
2008-05,automoveis,Sedans Compactos,3243,3243,6,0,2008-05.pdf
2008-05,automoveis,Sedans Grandes,1118,1118,12,0,2008-05.pdf
2008-05,automoveis,Sedans Pequenos,32289,32289,10,0,2008-05.pdf
2008-05,automoveis,Sedans médios,17484,17484,21,0,2008-05.pdf
2008-05,automoveis,Sports,76,76,9,0,2008-05.pdf
2008-05,automoveis,Suv's,11968,11968,40,0,2008-05.pdf
2008-05,automoveis,Sw Grandes,908,908,9,0,2008-05.pdf
2008-05,automoveis,Sw Médios,5392,5392,4,0,2008-05.pdf
2008-05,automoveis,Veículos de Entrada,76839,76839,9,0,2008-05.pdf
2008-05,comerciais_leves,Furgões,5124,5124,7,0,2008-05.pdf
2008-05,comerciais_leves,Furgões Pequenos,2040,2040,4,0,2008-05.pdf
2008-05,comerciais_leves,Pick-up's Grandes,7471,7471,11,0,2008-05.pdf
2008-05,comerciais_leves,Pick-up's Pequenas,11681,11681,6,0,2008-05.pdf
2008-06,automoveis,Grandcab,2406,2406,4,0,2008-06.pdf
2008-06,automoveis,Hatch Médios,11932,11932,6,0,2008-06.pdf
2008-06,automoveis,Hatch Pequenos,29316,29316,11,0,2008-06.pdf
2008-06,automoveis,Monocab,9210,9210,10,0,2008-06.pdf
2008-06,automoveis,Sedans Compactos,3279,3279,6,0,2008-06.pdf
2008-06,automoveis,Sedans Grandes,1283,1283,12,0,2008-06.pdf
2008-06,automoveis,Sedans Pequenos,33470,33470,10,0,2008-06.pdf
2008-06,automoveis,Sedans médios,18013,18013,21,0,2008-06.pdf
2008-06,automoveis,Sports,88,88,9,0,2008-06.pdf
2008-06,automoveis,Suv's,11720,11720,40,0,2008-06.pdf
2008-06,automoveis,Sw Grandes,1027,1027,10,0,2008-06.pdf
2008-06,automoveis,Sw Médios,7504,7504,4,0,2008-06.pdf
2008-06,automoveis,Veículos de Entrada,81348,81348,9,0,2008-06.pdf
2008-06,comerciais_leves,Furgões,5543,5543,7,0,2008-06.pdf
2008-06,comerciais_leves,Furgões Pequenos,2063,2063,4,0,2008-06.pdf
2008-06,comerciais_leves,Pick-up's Grandes,8865,8865,11,0,2008-06.pdf
2008-06,comerciais_leves,Pick-up's Pequenas,12727,12727,6,0,2008-06.pdf
2008-07,automoveis,Grandcab,2498,2498,4,0,2008-07.pdf
2008-07,automoveis,Hatch Médios,13588,13588,6,0,2008-07.pdf
2008-07,automoveis,Hatch Pequenos,32154,32154,11,0,2008-07.pdf
2008-07,automoveis,Monocab,10988,10988,10,0,2008-07.pdf
2008-07,automoveis,Sedans Compactos,3630,3630,6,0,2008-07.pdf
2008-07,automoveis,Sedans Grandes,1327,1327,12,0,2008-07.pdf
2008-07,automoveis,Sedans Pequenos,34320,34320,10,0,2008-07.pdf
2008-07,automoveis,Sedans médios,19673,19673,21,0,2008-07.pdf
2008-07,automoveis,Sports,146,146,9,0,2008-07.pdf
2008-07,automoveis,Suv's,14336,14336,40,0,2008-07.pdf
2008-07,automoveis,Sw Grandes,1082,1082,11,0,2008-07.pdf
2008-07,automoveis,Sw Médios,8548,8548,4,0,2008-07.pdf
2008-07,automoveis,Veículos de Entrada,93772,93772,9,0,2008-07.pdf
2008-07,comerciais_leves,Furgões,6568,6568,7,0,2008-07.pdf
2008-07,comerciais_leves,Furgões Pequenos,2294,2294,4,0,2008-07.pdf
2008-07,comerciais_leves,Pick-up's Grandes,9663,9663,11,0,2008-07.pdf
2008-07,comerciais_leves,Pick-up's Pequenas,14605,14605,6,0,2008-07.pdf
2008-08,automoveis,Grandcab,2188,2188,4,0,2008-08.pdf
2008-08,automoveis,Hatch Médios,11277,11277,6,0,2008-08.pdf
2008-08,automoveis,Hatch Pequenos,27029,27029,11,0,2008-08.pdf
2008-08,automoveis,Monocab,8116,8116,10,0,2008-08.pdf
2008-08,automoveis,Sedans Compactos,2181,2181,6,0,2008-08.pdf
2008-08,automoveis,Sedans Grandes,1029,1029,12,0,2008-08.pdf
2008-08,automoveis,Sedans Pequenos,31732,31732,10,0,2008-08.pdf
2008-08,automoveis,Sedans médios,16922,16922,21,0,2008-08.pdf
2008-08,automoveis,Sports,72,72,9,0,2008-08.pdf
2008-08,automoveis,Suv's,13008,13008,40,0,2008-08.pdf
2008-08,automoveis,Sw Grandes,810,810,11,0,2008-08.pdf
2008-08,automoveis,Sw Médios,6810,6810,4,0,2008-08.pdf
2008-08,automoveis,Veículos de Entrada,76487,76487,9,0,2008-08.pdf
2008-08,comerciais_leves,Furgões,5916,5916,7,0,2008-08.pdf
2008-08,comerciais_leves,Furgões Pequenos,1933,1933,4,0,2008-08.pdf
2008-08,comerciais_leves,Pick-up's Grandes,8834,8834,11,0,2008-08.pdf
2008-08,comerciais_leves,Pick-up's Pequenas,12683,12683,6,0,2008-08.pdf
2008-09,automoveis,Grandcab,2710,2710,4,0,2008-09.pdf
2008-09,automoveis,Hatch Médios,10719,10719,6,0,2008-09.pdf
2008-09,automoveis,Hatch Pequenos,31527,31527,11,0,2008-09.pdf
2008-09,automoveis,Monocab,9504,9504,10,0,2008-09.pdf
2008-09,automoveis,Sedans Compactos,2630,2630,6,0,2008-09.pdf
2008-09,automoveis,Sedans Grandes,1087,1087,12,0,2008-09.pdf
2008-09,automoveis,Sedans Pequenos,35530,35530,10,0,2008-09.pdf
2008-09,automoveis,Sedans médios,19163,19163,21,0,2008-09.pdf
2008-09,automoveis,Sports,121,121,9,0,2008-09.pdf
2008-09,automoveis,Suv's,15597,15597,40,0,2008-09.pdf
2008-09,automoveis,Sw Grandes,739,739,11,0,2008-09.pdf
2008-09,automoveis,Sw Médios,7489,7489,4,0,2008-09.pdf
2008-09,automoveis,Veículos de Entrada,82804,82804,9,0,2008-09.pdf
2008-09,comerciais_leves,Furgões,5909,5909,7,0,2008-09.pdf
2008-09,comerciais_leves,Furgões Pequenos,1869,1869,4,0,2008-09.pdf
2008-09,comerciais_leves,Pick-up's Grandes,8477,8477,11,0,2008-09.pdf
2008-09,comerciais_leves,Pick-up's Pequenas,13523,13523,6,0,2008-09.pdf
2008-10,automoveis,Grandcab,2142,2142,4,0,2008-10.pdf
2008-10,automoveis,Hatch Médios,10042,10042,6,0,2008-10.pdf
2008-10,automoveis,Hatch Pequenos,27667,27667,11,0,2008-10.pdf
2008-10,automoveis,Monocab,7968,7968,10,0,2008-10.pdf
2008-10,automoveis,Sedans Compactos,2273,2273,6,0,2008-10.pdf
2008-10,automoveis,Sedans Grandes,975,975,12,0,2008-10.pdf
2008-10,automoveis,Sedans Pequenos,30019,30019,10,0,2008-10.pdf
2008-10,automoveis,Sedans médios,19818,19818,21,0,2008-10.pdf
2008-10,automoveis,Sports,135,135,9,0,2008-10.pdf
2008-10,automoveis,Suv's,14060,14060,40,0,2008-10.pdf
2008-10,automoveis,Sw Grandes,615,615,11,0,2008-10.pdf
2008-10,automoveis,Sw Médios,7601,7601,4,0,2008-10.pdf
2008-10,automoveis,Veículos de Entrada,67721,67721,9,0,2008-10.pdf
2008-10,comerciais_leves,Furgões,5313,5313,7,0,2008-10.pdf
2008-10,comerciais_leves,Furgões Pequenos,1935,1935,4,0,2008-10.pdf
2008-10,comerciais_leves,Pick-up's Grandes,8357,8357,11,0,2008-10.pdf
2008-10,comerciais_leves,Pick-up's Pequenas,13385,13385,6,0,2008-10.pdf
2008-11,automoveis,Grandcab,1642,1642,4,0,2008-11.pdf
2008-11,automoveis,Hatch Médios,6291,6291,6,0,2008-11.pdf
2008-11,automoveis,Hatch Pequenos,17299,17299,11,0,2008-11.pdf
2008-11,automoveis,Monocab,6574,6574,10,0,2008-11.pdf
2008-11,automoveis,Sedans Compactos,2286,2286,6,0,2008-11.pdf
2008-11,automoveis,Sedans Grandes,807,807,12,0,2008-11.pdf
2008-11,automoveis,Sedans Pequenos,21488,21488,10,0,2008-11.pdf
2008-11,automoveis,Sedans médios,16769,16769,21,0,2008-11.pdf
2008-11,automoveis,Sports,84,84,9,0,2008-11.pdf
2008-11,automoveis,Suv's,10970,10970,40,0,2008-11.pdf
2008-11,automoveis,Sw Grandes,307,307,11,0,2008-11.pdf
2008-11,automoveis,Sw Médios,5745,5745,4,0,2008-11.pdf
2008-11,automoveis,Veículos de Entrada,50295,50295,9,0,2008-11.pdf
2008-11,comerciais_leves,Furgões,4156,4156,7,0,2008-11.pdf
2008-11,comerciais_leves,Furgões Pequenos,1671,1671,4,0,2008-11.pdf
2008-11,comerciais_leves,Pick-up's Grandes,7073,7073,11,0,2008-11.pdf
2008-11,comerciais_leves,Pick-up's Pequenas,9564,9564,6,0,2008-11.pdf
2008-12,automoveis,Grandcab,1417,1417,4,0,2008-12.pdf
2008-12,automoveis,Hatch Médios,6408,6408,6,0,2008-12.pdf
2008-12,automoveis,Hatch Pequenos,19685,19685,11,0,2008-12.pdf
2008-12,automoveis,Monocab,6758,6758,10,0,2008-12.pdf
2008-12,automoveis,Sedans Compactos,2132,2132,6,0,2008-12.pdf
2008-12,automoveis,Sedans Grandes,930,930,12,0,2008-12.pdf
2008-12,automoveis,Sedans Pequenos,25530,25530,10,0,2008-12.pdf
2008-12,automoveis,Sedans médios,20907,20907,21,0,2008-12.pdf
2008-12,automoveis,Sports,100,100,9,0,2008-12.pdf
2008-12,automoveis,Suv's,12688,12688,40,0,2008-12.pdf
2008-12,automoveis,Sw Grandes,492,492,11,0,2008-12.pdf
2008-12,automoveis,Sw Médios,5958,5958,4,0,2008-12.pdf
2008-12,automoveis,Veículos de Entrada,57259,57259,9,0,2008-12.pdf
2008-12,comerciais_leves,Furgões,3590,3590,7,0,2008-12.pdf
2008-12,comerciais_leves,Furgões Pequenos,1466,1466,4,0,2008-12.pdf
2008-12,comerciais_leves,Pick-up's Grandes,7262,7262,11,0,2008-12.pdf
2008-12,comerciais_leves,Pick-up's Pequenas,7882,7882,6,0,2008-12.pdf
2009-01,automoveis,Grandcab,1697,1697,4,0,2009-01.pdf
2009-01,automoveis,Hatch Médios,7714,7714,6,0,2009-01.pdf
2009-01,automoveis,Hatch Pequenos,22134,22134,8,0,2009-01.pdf
2009-01,automoveis,Monocab,7767,7767,8,0,2009-01.pdf
2009-01,automoveis,Sedans Compactos,2374,2374,5,0,2009-01.pdf
2009-01,automoveis,Sedans Grandes,861,861,12,0,2009-01.pdf
2009-01,automoveis,Sedans Pequenos,29563,29563,9,0,2009-01.pdf
2009-01,automoveis,Sedans médios,17444,17444,19,0,2009-01.pdf
2009-01,automoveis,Sports,97,97,9,0,2009-01.pdf
2009-01,automoveis,Suv's,11697,11697,40,0,2009-01.pdf
2009-01,automoveis,Sw Grandes,596,596,7,0,2009-01.pdf
2009-01,automoveis,Sw Médios,7613,7613,4,0,2009-01.pdf
2009-01,automoveis,Veículos de Entrada,57863,57863,9,0,2009-01.pdf
2009-01,comerciais_leves,Furgões,3428,3428,7,0,2009-01.pdf
2009-01,comerciais_leves,Furgões Pequenos,1339,1339,4,0,2009-01.pdf
2009-01,comerciais_leves,Pick-up's Grandes,7073,7073,11,0,2009-01.pdf
2009-01,comerciais_leves,Pick-up's Pequenas,7492,7492,6,0,2009-01.pdf
2009-02,automoveis,Grandcab,1542,1542,4,0,2009-02.pdf
2009-02,automoveis,Hatch Médios,7273,7273,6,0,2009-02.pdf
2009-02,automoveis,Hatch Pequenos,21700,21700,9,0,2009-02.pdf
2009-02,automoveis,Monocab,7560,7560,9,0,2009-02.pdf
2009-02,automoveis,Sedans Compactos,2014,2014,3,0,2009-02.pdf
2009-02,automoveis,Sedans Grandes,997,997,12,0,2009-02.pdf
2009-02,automoveis,Sedans Pequenos,26930,26930,10,0,2009-02.pdf
2009-02,automoveis,Sedans médios,13658,13658,19,0,2009-02.pdf
2009-02,automoveis,Sports,82,82,9,0,2009-02.pdf
2009-02,automoveis,Suv's,12104,12104,40,0,2009-02.pdf
2009-02,automoveis,Sw Grandes,461,461,8,0,2009-02.pdf
2009-02,automoveis,Sw Médios,7529,7529,4,0,2009-02.pdf
2009-02,automoveis,Veículos de Entrada,63624,63624,9,0,2009-02.pdf
2009-02,comerciais_leves,Furgões,4096,4096,7,0,2009-02.pdf
2009-02,comerciais_leves,Furgões Pequenos,1307,1307,4,0,2009-02.pdf
2009-02,comerciais_leves,Pick-up's Grandes,6899,6899,11,0,2009-02.pdf
2009-02,comerciais_leves,Pick-up's Pequenas,10955,10955,5,0,2009-02.pdf
2009-03,automoveis,Grandcab,2315,2315,4,0,2009-03.pdf
2009-03,automoveis,Hatch Médios,9670,9670,6,0,2009-03.pdf
2009-03,automoveis,Hatch Pequenos,31976,31976,10,0,2009-03.pdf
2009-03,automoveis,Monocab,10662,10662,10,0,2009-03.pdf
2009-03,automoveis,Sedans Compactos,2867,2867,5,0,2009-03.pdf
2009-03,automoveis,Sedans Grandes,1511,1511,12,0,2009-03.pdf
2009-03,automoveis,Sedans Pequenos,38123,38123,10,0,2009-03.pdf
2009-03,automoveis,Sedans médios,18918,18918,21,0,2009-03.pdf
2009-03,automoveis,Sports,109,109,9,0,2009-03.pdf
2009-03,automoveis,Suv's,15377,15377,40,0,2009-03.pdf
2009-03,automoveis,Sw Grandes,302,302,8,0,2009-03.pdf
2009-03,automoveis,Sw Médios,9519,9519,4,0,2009-03.pdf
2009-03,automoveis,Veículos de Entrada,84864,84864,9,0,2009-03.pdf
2009-03,comerciais_leves,Furgões,4898,4898,7,0,2009-03.pdf
2009-03,comerciais_leves,Furgões Pequenos,1878,1878,4,0,2009-03.pdf
2009-03,comerciais_leves,Pick-up's Grandes,9528,9528,11,0,2009-03.pdf
2009-03,comerciais_leves,Pick-up's Pequenas,14531,14531,6,0,2009-03.pdf
2009-04,automoveis,Grandcab,2097,2097,4,0,2009-04.pdf
2009-04,automoveis,Hatch Médios,8245,8245,6,0,2009-04.pdf
2009-04,automoveis,Hatch Pequenos,26545,26545,11,0,2009-04.pdf
2009-04,automoveis,Monocab,10146,10146,11,0,2009-04.pdf
2009-04,automoveis,Sedans Compactos,2661,2661,6,0,2009-04.pdf
2009-04,automoveis,Sedans Grandes,1897,1897,12,0,2009-04.pdf
2009-04,automoveis,Sedans Pequenos,36142,36142,10,0,2009-04.pdf
2009-04,automoveis,Sedans médios,15225,15225,21,0,2009-04.pdf
2009-04,automoveis,Sports,96,96,9,0,2009-04.pdf
2009-04,automoveis,Suv's,13451,13451,40,0,2009-04.pdf
2009-04,automoveis,Sw Grandes,372,372,10,0,2009-04.pdf
2009-04,automoveis,Sw Médios,6109,6109,4,0,2009-04.pdf
2009-04,automoveis,Veículos de Entrada,71508,71508,9,0,2009-04.pdf
2009-04,comerciais_leves,Furgões,4538,4538,7,0,2009-04.pdf
2009-04,comerciais_leves,Furgões Pequenos,1743,1743,4,0,2009-04.pdf
2009-04,comerciais_leves,Pick-up's Grandes,7774,7774,11,0,2009-04.pdf
2009-04,comerciais_leves,Pick-up's Pequenas,12331,12331,6,0,2009-04.pdf
2009-05,automoveis,Grandcab,2032,2032,4,0,2009-05.pdf
2009-05,automoveis,Hatch Médios,9586,9586,6,0,2009-05.pdf
2009-05,automoveis,Hatch Pequenos,28338,28338,11,0,2009-05.pdf
2009-05,automoveis,Monocab,10294,10294,11,0,2009-05.pdf
2009-05,automoveis,Sedans Compactos,3537,3537,6,0,2009-05.pdf
2009-05,automoveis,Sedans Grandes,1790,1790,12,0,2009-05.pdf
2009-05,automoveis,Sedans Pequenos,39163,39163,10,0,2009-05.pdf
2009-05,automoveis,Sedans médios,16071,16071,21,0,2009-05.pdf
2009-05,automoveis,Sports,86,86,9,0,2009-05.pdf
2009-05,automoveis,Suv's,13391,13391,40,0,2009-05.pdf
2009-05,automoveis,Sw Grandes,376,376,10,0,2009-05.pdf
2009-05,automoveis,Sw Médios,6198,6198,4,0,2009-05.pdf
2009-05,automoveis,Veículos de Entrada,74963,74963,9,0,2009-05.pdf
2009-05,comerciais_leves,Furgões,4508,4508,7,0,2009-05.pdf
2009-05,comerciais_leves,Furgões Pequenos,1621,1621,4,0,2009-05.pdf
2009-05,comerciais_leves,Pick-up's Grandes,8402,8402,11,0,2009-05.pdf
2009-05,comerciais_leves,Pick-up's Pequenas,13235,13235,6,0,2009-05.pdf
2009-06,automoveis,Grandcab,2408,2408,4,0,2009-06.pdf
2009-06,automoveis,Hatch Médios,11413,11413,6,0,2009-06.pdf
2009-06,automoveis,Hatch Pequenos,36579,36579,11,0,2009-06.pdf
2009-06,automoveis,Monocab,12913,12913,11,0,2009-06.pdf
2009-06,automoveis,Sedans Compactos,4811,4811,6,0,2009-06.pdf
2009-06,automoveis,Sedans Grandes,1584,1584,12,0,2009-06.pdf
2009-06,automoveis,Sedans Pequenos,50535,50535,10,0,2009-06.pdf
2009-06,automoveis,Sedans médios,19225,19225,21,0,2009-06.pdf
2009-06,automoveis,Sports,76,76,9,0,2009-06.pdf
2009-06,automoveis,Suv's,14173,14173,40,0,2009-06.pdf
2009-06,automoveis,Sw Grandes,410,410,11,0,2009-06.pdf
2009-06,automoveis,Sw Médios,7372,7372,4,0,2009-06.pdf
2009-06,automoveis,Veículos de Entrada,91805,91805,9,0,2009-06.pdf
2009-06,comerciais_leves,Furgões,4524,4524,7,0,2009-06.pdf
2009-06,comerciais_leves,Furgões Pequenos,2204,2204,4,0,2009-06.pdf
2009-06,comerciais_leves,Pick-up's Grandes,10315,10315,11,0,2009-06.pdf
2009-06,comerciais_leves,Pick-up's Pequenas,14937,14937,6,0,2009-06.pdf
2009-07,automoveis,Grandcab,2024,2024,4,0,2009-07.pdf
2009-07,automoveis,Hatch Médios,9671,9671,6,0,2009-07.pdf
2009-07,automoveis,Hatch Pequenos,31050,31050,11,0,2009-07.pdf
2009-07,automoveis,Monocab,11921,11921,11,0,2009-07.pdf
2009-07,automoveis,Sedans Compactos,4194,4194,6,0,2009-07.pdf
2009-07,automoveis,Sedans Grandes,1505,1505,12,0,2009-07.pdf
2009-07,automoveis,Sedans Pequenos,47951,47951,10,0,2009-07.pdf
2009-07,automoveis,Sedans médios,16768,16768,21,0,2009-07.pdf
2009-07,automoveis,Sports,90,90,9,0,2009-07.pdf
2009-07,automoveis,Suv's,13220,13220,40,0,2009-07.pdf
2009-07,automoveis,Sw Grandes,396,396,11,0,2009-07.pdf
2009-07,automoveis,Sw Médios,7681,7681,4,0,2009-07.pdf
2009-07,automoveis,Veículos de Entrada,88715,88715,9,0,2009-07.pdf
2009-07,comerciais_leves,Furgões,5228,5228,7,0,2009-07.pdf
2009-07,comerciais_leves,Furgões Pequenos,2197,2197,4,0,2009-07.pdf
2009-07,comerciais_leves,Pick-up's Grandes,10508,10508,11,0,2009-07.pdf
2009-07,comerciais_leves,Pick-up's Pequenas,15294,15294,6,0,2009-07.pdf
2009-08,automoveis,Grandcab,1700,1700,4,0,2009-08.pdf
2009-08,automoveis,Hatch Médios,9751,9751,6,0,2009-08.pdf
2009-08,automoveis,Hatch Pequenos,25947,25947,11,0,2009-08.pdf
2009-08,automoveis,Monocab,11438,11438,11,0,2009-08.pdf
2009-08,automoveis,Sedans Compactos,5663,5663,6,0,2009-08.pdf
2009-08,automoveis,Sedans Grandes,1242,1242,12,0,2009-08.pdf
2009-08,automoveis,Sedans Pequenos,42558,42558,10,0,2009-08.pdf
2009-08,automoveis,Sedans médios,14401,14401,21,0,2009-08.pdf
2009-08,automoveis,Sports,89,89,9,0,2009-08.pdf
2009-08,automoveis,Suv's,12247,12247,40,0,2009-08.pdf
2009-08,automoveis,Sw Grandes,313,313,12,0,2009-08.pdf
2009-08,automoveis,Sw Médios,6763,6763,4,0,2009-08.pdf
2009-08,automoveis,Veículos de Entrada,80646,80646,9,0,2009-08.pdf
2009-08,comerciais_leves,Furgões,5189,5189,7,0,2009-08.pdf
2009-08,comerciais_leves,Furgões Pequenos,2129,2129,4,0,2009-08.pdf
2009-08,comerciais_leves,Pick-up's Grandes,8660,8660,11,0,2009-08.pdf
2009-08,comerciais_leves,Pick-up's Pequenas,14323,14323,6,0,2009-08.pdf
2009-09,automoveis,Grandcab,2111,2111,4,0,2009-09.pdf
2009-09,automoveis,Hatch Médios,11692,11692,6,0,2009-09.pdf
2009-09,automoveis,Hatch Pequenos,31445,31445,11,0,2009-09.pdf
2009-09,automoveis,Monocab,13876,13876,11,0,2009-09.pdf
2009-09,automoveis,Sedans Compactos,7815,7815,6,0,2009-09.pdf
2009-09,automoveis,Sedans Grandes,1269,1269,12,0,2009-09.pdf
2009-09,automoveis,Sedans Pequenos,51924,51924,10,0,2009-09.pdf
2009-09,automoveis,Sedans médios,18885,18885,21,0,2009-09.pdf
2009-09,automoveis,Sports,97,97,9,0,2009-09.pdf
2009-09,automoveis,Suv's,15665,15665,40,0,2009-09.pdf
2009-09,automoveis,Sw Grandes,395,395,12,0,2009-09.pdf
2009-09,automoveis,Sw Médios,9095,9095,4,0,2009-09.pdf
2009-09,automoveis,Veículos de Entrada,95381,95381,9,0,2009-09.pdf
2009-09,comerciais_leves,Furgões,4732,4732,7,0,2009-09.pdf
2009-09,comerciais_leves,Furgões Pequenos,2076,2076,4,0,2009-09.pdf
2009-09,comerciais_leves,Pick-up's Grandes,10304,10304,11,0,2009-09.pdf
2009-09,comerciais_leves,Pick-up's Pequenas,13908,13908,6,0,2009-09.pdf
2009-10,automoveis,Grandcab,2200,2200,4,0,2009-10.pdf
2009-10,automoveis,Hatch Médios,11571,11571,6,0,2009-10.pdf
2009-10,automoveis,Hatch Pequenos,30528,30528,11,0,2009-10.pdf
2009-10,automoveis,Monocab,11968,11968,11,0,2009-10.pdf
2009-10,automoveis,Sedans Compactos,7248,7248,6,0,2009-10.pdf
2009-10,automoveis,Sedans Grandes,992,992,12,0,2009-10.pdf
2009-10,automoveis,Sedans Pequenos,45716,45716,10,0,2009-10.pdf
2009-10,automoveis,Sedans médios,17382,17382,21,0,2009-10.pdf
2009-10,automoveis,Sports,132,132,9,0,2009-10.pdf
2009-10,automoveis,Suv's,16404,16404,40,0,2009-10.pdf
2009-10,automoveis,Sw Grandes,412,412,12,0,2009-10.pdf
2009-10,automoveis,Sw Médios,8461,8461,4,0,2009-10.pdf
2009-10,automoveis,Veículos de Entrada,87732,87732,9,0,2009-10.pdf
2009-10,comerciais_leves,Furgões,5926,5926,7,0,2009-10.pdf
2009-10,comerciais_leves,Furgões Pequenos,1998,1998,4,0,2009-10.pdf
2009-10,comerciais_leves,Pick-up's Grandes,10997,10997,11,0,2009-10.pdf
2009-10,comerciais_leves,Pick-up's Pequenas,14385,14385,6,0,2009-10.pdf
2009-11,automoveis,Grandcab,1754,1754,4,0,2009-11.pdf
2009-11,automoveis,Hatch Médios,9856,9856,6,0,2009-11.pdf
2009-11,automoveis,Hatch Pequenos,31209,31209,11,0,2009-11.pdf
2009-11,automoveis,Monocab,8793,8793,11,0,2009-11.pdf
2009-11,automoveis,Sedans Compactos,6106,6106,6,0,2009-11.pdf
2009-11,automoveis,Sedans Grandes,1015,1015,12,0,2009-11.pdf
2009-11,automoveis,Sedans Pequenos,33563,33563,10,0,2009-11.pdf
2009-11,automoveis,Sedans médios,14272,14272,21,0,2009-11.pdf
2009-11,automoveis,Sports,131,131,9,0,2009-11.pdf
2009-11,automoveis,Suv's,13489,13489,40,0,2009-11.pdf
2009-11,automoveis,Sw Grandes,240,240,13,0,2009-11.pdf
2009-11,automoveis,Sw Médios,7200,7200,4,0,2009-11.pdf
2009-11,automoveis,Veículos de Entrada,71993,71993,9,0,2009-11.pdf
2009-11,comerciais_leves,Furgões,5548,5548,7,0,2009-11.pdf
2009-11,comerciais_leves,Furgões Pequenos,1801,1801,4,0,2009-11.pdf
2009-11,comerciais_leves,Pick-up's Grandes,9990,9990,11,0,2009-11.pdf
2009-11,comerciais_leves,Pick-up's Pequenas,14558,14558,6,0,2009-11.pdf
2009-12,automoveis,Grandcab,2231,2231,4,0,2009-12.pdf
2009-12,automoveis,Hatch Médios,13798,13798,6,0,2009-12.pdf
2009-12,automoveis,Hatch Pequenos,35238,35238,11,0,2009-12.pdf
2009-12,automoveis,Monocab,10132,10132,11,0,2009-12.pdf
2009-12,automoveis,Sedans Compactos,6473,6473,6,0,2009-12.pdf
2009-12,automoveis,Sedans Grandes,1252,1252,12,0,2009-12.pdf
2009-12,automoveis,Sedans Pequenos,40351,40351,10,0,2009-12.pdf
2009-12,automoveis,Sedans médios,20307,20307,21,0,2009-12.pdf
2009-12,automoveis,Sports,118,118,9,0,2009-12.pdf
2009-12,automoveis,Suv's,17048,17048,40,0,2009-12.pdf
2009-12,automoveis,Sw Grandes,238,238,13,0,2009-12.pdf
2009-12,automoveis,Sw Médios,8085,8085,4,0,2009-12.pdf
2009-12,automoveis,Veículos de Entrada,78881,78881,9,0,2009-12.pdf
2009-12,comerciais_leves,Furgões,5709,5709,7,0,2009-12.pdf
2009-12,comerciais_leves,Furgões Pequenos,1769,1769,4,0,2009-12.pdf
2009-12,comerciais_leves,Pick-up's Grandes,12707,12707,11,0,2009-12.pdf
2009-12,comerciais_leves,Pick-up's Pequenas,16686,16686,6,0,2009-12.pdf
2010-01,automoveis,Grandcab,1500,1500,4,0,2010-01.pdf
2010-01,automoveis,Hatch Médios,9882,9882,6,0,2010-01.pdf
2010-01,automoveis,Hatch Pequenos,27581,20104,10,7477,2010-01.pdf
2010-01,automoveis,Monocab,7541,7541,11,0,2010-01.pdf
2010-01,automoveis,Sedans Compactos,5666,5666,6,0,2010-01.pdf
2010-01,automoveis,Sedans Grandes,846,846,12,0,2010-01.pdf
2010-01,automoveis,Sedans Pequenos,29765,29765,10,0,2010-01.pdf
2010-01,automoveis,Sedans médios,11698,11698,21,0,2010-01.pdf
2010-01,automoveis,Sports,99,99,9,0,2010-01.pdf
2010-01,automoveis,Suv's,12906,12906,40,0,2010-01.pdf
2010-01,automoveis,Sw Grandes,198,198,10,0,2010-01.pdf
2010-01,automoveis,Sw Médios,5060,5060,4,0,2010-01.pdf
2010-01,automoveis,Veículos de Entrada,56378,56378,9,0,2010-01.pdf
2010-01,comerciais_leves,Furgões,4707,4707,7,0,2010-01.pdf
2010-01,comerciais_leves,Furgões Pequenos,1282,1282,4,0,2010-01.pdf
2010-01,comerciais_leves,Pick-up's Grandes,9153,9153,11,0,2010-01.pdf
2010-01,comerciais_leves,Pick-up's Pequenas,13324,13324,6,0,2010-01.pdf
2010-02,automoveis,Grandcab,1402,1402,4,0,2010-02.pdf
2010-02,automoveis,Hatch Médios,10715,10715,6,0,2010-02.pdf
2010-02,automoveis,Hatch Pequenos,29627,29627,10,0,2010-02.pdf
2010-02,automoveis,Monocab,9765,9765,11,0,2010-02.pdf
2010-02,automoveis,Sedans Compactos,4606,4606,5,0,2010-02.pdf
2010-02,automoveis,Sedans Grandes,1014,1014,12,0,2010-02.pdf
2010-02,automoveis,Sedans Pequenos,31285,31285,10,0,2010-02.pdf
2010-02,automoveis,Sedans médios,11827,11827,21,0,2010-02.pdf
2010-02,automoveis,Sports,127,127,9,0,2010-02.pdf
2010-02,automoveis,Suv's,13117,13117,40,0,2010-02.pdf
2010-02,automoveis,Sw Grandes,155,155,8,0,2010-02.pdf
2010-02,automoveis,Sw Médios,4905,4905,4,0,2010-02.pdf
2010-02,automoveis,Veículos de Entrada,60101,60101,8,0,2010-02.pdf
2010-02,comerciais_leves,Furgões,4739,4739,7,0,2010-02.pdf
2010-02,comerciais_leves,Furgões Pequenos,1533,1533,4,0,2010-02.pdf
2010-02,comerciais_leves,Pick-up's Grandes,7748,7748,11,0,2010-02.pdf
2010-02,comerciais_leves,Pick-up's Pequenas,14671,14671,6,0,2010-02.pdf
2010-03,automoveis,Grandcab,2297,2297,4,0,2010-03.pdf
2010-03,automoveis,Hatch Médios,16185,16185,6,0,2010-03.pdf
2010-03,automoveis,Hatch Pequenos,48221,48221,11,0,2010-03.pdf
2010-03,automoveis,Monocab,15235,15235,11,0,2010-03.pdf
2010-03,automoveis,Sedans Compactos,7726,7726,6,0,2010-03.pdf
2010-03,automoveis,Sedans Grandes,1502,1502,12,0,2010-03.pdf
2010-03,automoveis,Sedans Pequenos,50404,50404,10,0,2010-03.pdf
2010-03,automoveis,Sedans médios,19010,19010,21,0,2010-03.pdf
2010-03,automoveis,Sports,176,176,9,0,2010-03.pdf
2010-03,automoveis,Suv's,20904,20904,40,0,2010-03.pdf
2010-03,automoveis,Sw Grandes,390,390,8,0,2010-03.pdf
2010-03,automoveis,Sw Médios,7075,7075,4,0,2010-03.pdf
2010-03,automoveis,Veículos de Entrada,101297,101297,9,0,2010-03.pdf
2010-03,comerciais_leves,Furgões,7103,7103,7,0,2010-03.pdf
2010-03,comerciais_leves,Furgões Pequenos,2162,2162,4,0,2010-03.pdf
2010-03,comerciais_leves,Pick-up's Grandes,11702,11702,11,0,2010-03.pdf
2010-03,comerciais_leves,Pick-up's Pequenas,19839,19839,6,0,2010-03.pdf
2010-04,automoveis,Grandcab,1978,1978,4,0,2010-04.pdf
2010-04,automoveis,Hatch Médios,13758,13758,6,0,2010-04.pdf
2010-04,automoveis,Hatch Pequenos,37602,37602,11,0,2010-04.pdf
2010-04,automoveis,Monocab,9099,9099,11,0,2010-04.pdf
2010-04,automoveis,Sedans Compactos,6764,6764,6,0,2010-04.pdf
2010-04,automoveis,Sedans Grandes,1435,1435,12,0,2010-04.pdf
2010-04,automoveis,Sedans Pequenos,39696,39696,10,0,2010-04.pdf
2010-04,automoveis,Sedans médios,15171,15171,21,0,2010-04.pdf
2010-04,automoveis,Sports,128,128,9,0,2010-04.pdf
2010-04,automoveis,Suv's,17270,17270,40,0,2010-04.pdf
2010-04,automoveis,Sw Grandes,460,460,10,0,2010-04.pdf
2010-04,automoveis,Sw Médios,4823,4823,4,0,2010-04.pdf
2010-04,automoveis,Veículos de Entrada,73041,73041,9,0,2010-04.pdf
2010-04,comerciais_leves,Furgões,6027,6027,7,0,2010-04.pdf
2010-04,comerciais_leves,Furgões Pequenos,1898,1898,4,0,2010-04.pdf
2010-04,comerciais_leves,Pick-up's Grandes,9597,9597,11,0,2010-04.pdf
2010-04,comerciais_leves,Pick-up's Pequenas,18317,18317,6,0,2010-04.pdf
2010-05,automoveis,Grandcab,1591,1591,4,0,2010-05.pdf
2010-05,automoveis,Hatch Médios,11601,11601,6,0,2010-05.pdf
2010-05,automoveis,Hatch Pequenos,29587,29587,11,0,2010-05.pdf
2010-05,automoveis,Monocab,8027,8027,11,0,2010-05.pdf
2010-05,automoveis,Sedans Compactos,6095,6095,6,0,2010-05.pdf
2010-05,automoveis,Sedans Grandes,1395,1395,12,0,2010-05.pdf
2010-05,automoveis,Sedans Pequenos,35119,35119,10,0,2010-05.pdf
2010-05,automoveis,Sedans médios,14086,14086,21,0,2010-05.pdf
2010-05,automoveis,Sports,142,142,9,0,2010-05.pdf
2010-05,automoveis,Suv's,16135,16135,40,0,2010-05.pdf
2010-05,automoveis,Sw Grandes,321,321,10,0,2010-05.pdf
2010-05,automoveis,Sw Médios,3529,3529,4,0,2010-05.pdf
2010-05,automoveis,Veículos de Entrada,66815,66815,9,0,2010-05.pdf
2010-05,comerciais_leves,Furgões,5737,5737,7,0,2010-05.pdf
2010-05,comerciais_leves,Furgões Pequenos,1634,1634,4,0,2010-05.pdf
2010-05,comerciais_leves,Pick-up's Grandes,10224,10224,11,0,2010-05.pdf
2010-05,comerciais_leves,Pick-up's Pequenas,18915,18915,6,0,2010-05.pdf
2010-06,automoveis,Grandcab,1718,1718,4,0,2010-06.pdf
2010-06,automoveis,Hatch Médios,10873,10873,6,0,2010-06.pdf
2010-06,automoveis,Hatch Pequenos,31820,31820,11,0,2010-06.pdf
2010-06,automoveis,Monocab,8311,8311,11,0,2010-06.pdf
2010-06,automoveis,Sedans Compactos,6351,6351,6,0,2010-06.pdf
2010-06,automoveis,Sedans Grandes,1394,1394,12,0,2010-06.pdf
2010-06,automoveis,Sedans Pequenos,36824,36824,10,0,2010-06.pdf
2010-06,automoveis,Sedans médios,14686,14686,21,0,2010-06.pdf
2010-06,automoveis,Sports,101,101,9,0,2010-06.pdf
2010-06,automoveis,Suv's,16391,16391,40,0,2010-06.pdf
2010-06,automoveis,Sw Grandes,255,255,11,0,2010-06.pdf
2010-06,automoveis,Sw Médios,3923,3923,4,0,2010-06.pdf
2010-06,automoveis,Veículos de Entrada,71749,71749,9,0,2010-06.pdf
2010-06,comerciais_leves,Furgões,6017,6017,7,0,2010-06.pdf
2010-06,comerciais_leves,Furgões Pequenos,2176,2176,4,0,2010-06.pdf
2010-06,comerciais_leves,Pick-up's Grandes,11126,11126,11,0,2010-06.pdf
2010-06,comerciais_leves,Pick-up's Pequenas,19011,19011,6,0,2010-06.pdf
2010-07,automoveis,Grandcab,2036,2036,4,0,2010-07.pdf
2010-07,automoveis,Hatch Médios,12261,12261,6,0,2010-07.pdf
2010-07,automoveis,Hatch Pequenos,37608,37608,11,0,2010-07.pdf
2010-07,automoveis,Monocab,9318,9318,11,0,2010-07.pdf
2010-07,automoveis,Sedans Compactos,6729,6729,6,0,2010-07.pdf
2010-07,automoveis,Sedans Grandes,1562,1562,12,0,2010-07.pdf
2010-07,automoveis,Sedans Pequenos,44992,44992,10,0,2010-07.pdf
2010-07,automoveis,Sedans médios,14737,14737,21,0,2010-07.pdf
2010-07,automoveis,Sports,127,127,9,0,2010-07.pdf
2010-07,automoveis,Suv's,17957,17957,40,0,2010-07.pdf
2010-07,automoveis,Sw Grandes,301,301,11,0,2010-07.pdf
2010-07,automoveis,Sw Médios,4505,4505,4,0,2010-07.pdf
2010-07,automoveis,Veículos de Entrada,87269,87269,9,0,2010-07.pdf
2010-07,comerciais_leves,Furgões,6192,6192,7,0,2010-07.pdf
2010-07,comerciais_leves,Furgões Pequenos,2799,2799,4,0,2010-07.pdf
2010-07,comerciais_leves,Pick-up's Grandes,11331,11331,11,0,2010-07.pdf
2010-07,comerciais_leves,Pick-up's Pequenas,20258,20258,6,0,2010-07.pdf
2010-08,automoveis,Grandcab,2105,2105,4,0,2010-08.pdf
2010-08,automoveis,Hatch Médios,13524,13524,6,0,2010-08.pdf
2010-08,automoveis,Hatch Pequenos,43836,43836,11,0,2010-08.pdf
2010-08,automoveis,Monocab,10933,10933,11,0,2010-08.pdf
2010-08,automoveis,Sedans Compactos,7191,7191,6,0,2010-08.pdf
2010-08,automoveis,Sedans Grandes,1883,1883,12,0,2010-08.pdf
2010-08,automoveis,Sedans Pequenos,43229,43229,10,0,2010-08.pdf
2010-08,automoveis,Sedans médios,16690,16690,21,0,2010-08.pdf
2010-08,automoveis,Sports,143,143,9,0,2010-08.pdf
2010-08,automoveis,Suv's,17969,17969,40,0,2010-08.pdf
2010-08,automoveis,Sw Grandes,325,325,11,0,2010-08.pdf
2010-08,automoveis,Sw Médios,5102,5102,4,0,2010-08.pdf
2010-08,automoveis,Veículos de Entrada,88319,88319,9,0,2010-08.pdf
2010-08,comerciais_leves,Furgões,6458,6458,7,0,2010-08.pdf
2010-08,comerciais_leves,Furgões Pequenos,2636,2636,4,0,2010-08.pdf
2010-08,comerciais_leves,Pick-up's Grandes,10295,10295,11,0,2010-08.pdf
2010-08,comerciais_leves,Pick-up's Pequenas,20557,20557,6,0,2010-08.pdf
2010-09,automoveis,Grandcab,1989,1989,4,0,2010-09.pdf
2010-09,automoveis,Hatch Médios,13387,13387,6,0,2010-09.pdf
2010-09,automoveis,Hatch Pequenos,43117,43117,11,0,2010-09.pdf
2010-09,automoveis,Monocab,12765,12765,11,0,2010-09.pdf
2010-09,automoveis,Sedans Compactos,6512,6512,6,0,2010-09.pdf
2010-09,automoveis,Sedans Grandes,1813,1813,12,0,2010-09.pdf
2010-09,automoveis,Sedans Pequenos,42744,42744,10,0,2010-09.pdf
2010-09,automoveis,Sedans médios,16677,16677,21,0,2010-09.pdf
2010-09,automoveis,Sports,144,144,9,0,2010-09.pdf
2010-09,automoveis,Suv's,17301,17301,40,0,2010-09.pdf
2010-09,automoveis,Sw Grandes,404,404,12,0,2010-09.pdf
2010-09,automoveis,Sw Médios,5055,5055,4,0,2010-09.pdf
2010-09,automoveis,Veículos de Entrada,85402,85402,9,0,2010-09.pdf
2010-09,comerciais_leves,Furgões,5910,5910,7,0,2010-09.pdf
2010-09,comerciais_leves,Furgões Pequenos,2277,2277,4,0,2010-09.pdf
2010-09,comerciais_leves,Pick-up's Grandes,10938,10938,11,0,2010-09.pdf
2010-09,comerciais_leves,Pick-up's Pequenas,19969,19969,6,0,2010-09.pdf
2010-10,automoveis,Grandcab,1835,1835,4,0,2010-10.pdf
2010-10,automoveis,Hatch Médios,13489,13489,6,0,2010-10.pdf
2010-10,automoveis,Hatch Pequenos,39930,39930,11,0,2010-10.pdf
2010-10,automoveis,Monocab,11889,11889,11,0,2010-10.pdf
2010-10,automoveis,Sedans Compactos,7809,7809,6,0,2010-10.pdf
2010-10,automoveis,Sedans Grandes,1732,1732,12,0,2010-10.pdf
2010-10,automoveis,Sedans Pequenos,41976,41976,10,0,2010-10.pdf
2010-10,automoveis,Sedans médios,15215,15215,21,0,2010-10.pdf
2010-10,automoveis,Sports,119,119,9,0,2010-10.pdf
2010-10,automoveis,Suv's,18599,18599,40,0,2010-10.pdf
2010-10,automoveis,Sw Grandes,486,486,12,0,2010-10.pdf
2010-10,automoveis,Sw Médios,5603,5603,4,0,2010-10.pdf
2010-10,automoveis,Veículos de Entrada,83969,83969,9,0,2010-10.pdf
2010-10,comerciais_leves,Furgões,6199,6199,7,0,2010-10.pdf
2010-10,comerciais_leves,Furgões Pequenos,2065,2065,4,0,2010-10.pdf
2010-10,comerciais_leves,Pick-up's Grandes,11968,11968,11,0,2010-10.pdf
2010-10,comerciais_leves,Pick-up's Pequenas,19733,19733,6,0,2010-10.pdf
2010-11,automoveis,Grandcab,1840,1840,4,0,2010-11.pdf
2010-11,automoveis,Hatch Médios,14656,14656,6,0,2010-11.pdf
2010-11,automoveis,Hatch Pequenos,43509,43509,11,0,2010-11.pdf
2010-11,automoveis,Monocab,11438,11438,11,0,2010-11.pdf
2010-11,automoveis,Sedans Compactos,9497,9497,6,0,2010-11.pdf
2010-11,automoveis,Sedans Grandes,1563,1563,12,0,2010-11.pdf
2010-11,automoveis,Sedans Pequenos,45051,45051,10,0,2010-11.pdf
2010-11,automoveis,Sedans médios,15156,15156,21,0,2010-11.pdf
2010-11,automoveis,Sports,298,298,9,0,2010-11.pdf
2010-11,automoveis,Suv's,21306,21306,40,0,2010-11.pdf
2010-11,automoveis,Sw Grandes,579,579,12,0,2010-11.pdf
2010-11,automoveis,Sw Médios,5573,5573,4,0,2010-11.pdf
2010-11,automoveis,Veículos de Entrada,94544,94544,9,0,2010-11.pdf
2010-11,comerciais_leves,Furgões,6345,6345,7,0,2010-11.pdf
2010-11,comerciais_leves,Furgões Pequenos,2538,2538,4,0,2010-11.pdf
2010-11,comerciais_leves,Pick-up's Grandes,12042,12042,11,0,2010-11.pdf
2010-11,comerciais_leves,Pick-up's Pequenas,20386,20386,6,0,2010-11.pdf
2010-12,automoveis,Grandcab,1903,1903,4,0,2010-12.pdf
2010-12,automoveis,Hatch Médios,17059,17059,6,0,2010-12.pdf
2010-12,automoveis,Hatch Pequenos,53070,53070,11,0,2010-12.pdf
2010-12,automoveis,Monocab,14549,14549,11,0,2010-12.pdf
2010-12,automoveis,Sedans Compactos,11175,11175,6,0,2010-12.pdf
2010-12,automoveis,Sedans Grandes,1745,1745,12,0,2010-12.pdf
2010-12,automoveis,Sedans Pequenos,52252,52252,10,0,2010-12.pdf
2010-12,automoveis,Sedans médios,19570,19570,21,0,2010-12.pdf
2010-12,automoveis,Sports,362,362,9,0,2010-12.pdf
2010-12,automoveis,Suv's,26167,26167,40,0,2010-12.pdf
2010-12,automoveis,Sw Grandes,552,552,12,0,2010-12.pdf
2010-12,automoveis,Sw Médios,7204,7204,4,0,2010-12.pdf
2010-12,automoveis,Veículos de Entrada,101730,101730,9,0,2010-12.pdf
2010-12,comerciais_leves,Furgões,6122,6122,7,0,2010-12.pdf
2010-12,comerciais_leves,Furgões Pequenos,2417,2417,4,0,2010-12.pdf
2010-12,comerciais_leves,Pick-up's Grandes,14694,14694,11,0,2010-12.pdf
2010-12,comerciais_leves,Pick-up's Pequenas,23498,23498,6,0,2010-12.pdf
2011-01,automoveis,Grandcab,1587,1587,4,0,2011-01.pdf
2011-01,automoveis,Hatch Médios,11666,11666,6,0,2011-01.pdf
2011-01,automoveis,Hatch Pequenos,34022,34022,11,0,2011-01.pdf
2011-01,automoveis,Monocab,7980,7980,11,0,2011-01.pdf
2011-01,automoveis,Sedans Compactos,6380,6380,6,0,2011-01.pdf
2011-01,automoveis,Sedans Grandes,1903,1903,12,0,2011-01.pdf
2011-01,automoveis,Sedans Pequenos,29871,29871,10,0,2011-01.pdf
2011-01,automoveis,Sedans médios,12472,12472,21,0,2011-01.pdf
2011-01,automoveis,Sports,294,294,9,0,2011-01.pdf
2011-01,automoveis,Suv's,16750,16750,40,0,2011-01.pdf
2011-01,automoveis,Sw Grandes,511,511,7,0,2011-01.pdf
2011-01,automoveis,Sw Médios,4150,4150,4,0,2011-01.pdf
2011-01,automoveis,Veículos de Entrada,64852,64852,7,0,2011-01.pdf
2011-01,comerciais_leves,Furgões,5265,5265,7,0,2011-01.pdf
2011-01,comerciais_leves,Furgões Pequenos,1867,1867,4,0,2011-01.pdf
2011-01,comerciais_leves,Pick-up's Grandes,9763,9763,11,0,2011-01.pdf
2011-01,comerciais_leves,Pick-up's Pequenas,15711,15711,6,0,2011-01.pdf
2011-02,automoveis,Grandcab,1556,1556,4,0,2011-02.pdf
2011-02,automoveis,Hatch Médios,11795,11795,6,0,2011-02.pdf
2011-02,automoveis,Hatch Pequenos,38501,38501,11,0,2011-02.pdf
2011-02,automoveis,Monocab,9634,9634,11,0,2011-02.pdf
2011-02,automoveis,Sedans Compactos,7083,7083,6,0,2011-02.pdf
2011-02,automoveis,Sedans Grandes,1873,1873,12,0,2011-02.pdf
2011-02,automoveis,Sedans Pequenos,35083,35083,10,0,2011-02.pdf
2011-02,automoveis,Sedans médios,13701,13701,21,0,2011-02.pdf
2011-02,automoveis,Sports,229,229,9,0,2011-02.pdf
2011-02,automoveis,Suv's,18664,18664,40,0,2011-02.pdf
2011-02,automoveis,Sw Grandes,634,634,7,0,2011-02.pdf
2011-02,automoveis,Sw Médios,4704,4704,4,0,2011-02.pdf
2011-02,automoveis,Veículos de Entrada,71319,71319,8,0,2011-02.pdf
2011-02,comerciais_leves,Furgões,5644,5644,7,0,2011-02.pdf
2011-02,comerciais_leves,Furgões Pequenos,2391,2391,4,0,2011-02.pdf
2011-02,comerciais_leves,Pick-up's Grandes,9640,9640,11,0,2011-02.pdf
2011-02,comerciais_leves,Pick-up's Pequenas,20134,20134,6,0,2011-02.pdf
2011-03,automoveis,Grandcab,1583,1583,4,0,2011-03.pdf
2011-03,automoveis,Hatch Médios,12561,12561,6,0,2011-03.pdf
2011-03,automoveis,Hatch Pequenos,40836,40836,11,0,2011-03.pdf
2011-03,automoveis,Monocab,13140,13140,11,0,2011-03.pdf
2011-03,automoveis,Sedans Compactos,7244,7244,6,0,2011-03.pdf
2011-03,automoveis,Sedans Grandes,1876,1876,12,0,2011-03.pdf
2011-03,automoveis,Sedans Pequenos,36337,36337,10,0,2011-03.pdf
2011-03,automoveis,Sedans médios,15135,15135,21,0,2011-03.pdf
2011-03,automoveis,Sports,228,228,9,0,2011-03.pdf
2011-03,automoveis,Suv's,21430,21430,40,0,2011-03.pdf
2011-03,automoveis,Sw Grandes,905,905,7,0,2011-03.pdf
2011-03,automoveis,Sw Médios,4569,4569,4,0,2011-03.pdf
2011-03,automoveis,Veículos de Entrada,82672,82672,8,0,2011-03.pdf
2011-03,comerciais_leves,Furgões,6378,6378,7,0,2011-03.pdf
2011-03,comerciais_leves,Furgões Pequenos,2546,2546,4,0,2011-03.pdf
2011-03,comerciais_leves,Pick-up's Grandes,12110,12110,11,0,2011-03.pdf
2011-03,comerciais_leves,Pick-up's Pequenas,22055,22055,6,0,2011-03.pdf
2011-04,automoveis,Grandcab,1600,1600,4,0,2011-04.pdf
2011-04,automoveis,Hatch Médios,12032,12032,6,0,2011-04.pdf
2011-04,automoveis,Hatch Pequenos,37773,37773,11,0,2011-04.pdf
2011-04,automoveis,Monocab,9850,9850,11,0,2011-04.pdf
2011-04,automoveis,Sedans Compactos,7142,7142,6,0,2011-04.pdf
2011-04,automoveis,Sedans Grandes,2238,2238,12,0,2011-04.pdf
2011-04,automoveis,Sedans Pequenos,36105,36105,10,0,2011-04.pdf
2011-04,automoveis,Sedans médios,16651,16651,21,0,2011-04.pdf
2011-04,automoveis,Sports,330,330,9,0,2011-04.pdf
2011-04,automoveis,Suv's,22069,22069,40,0,2011-04.pdf
2011-04,automoveis,Sw Grandes,879,879,7,0,2011-04.pdf
2011-04,automoveis,Sw Médios,4117,4117,4,0,2011-04.pdf
2011-04,automoveis,Veículos de Entrada,75543,75543,8,0,2011-04.pdf
2011-04,comerciais_leves,Furgões,5782,5782,7,0,2011-04.pdf
2011-04,comerciais_leves,Furgões Pequenos,2738,2738,4,0,2011-04.pdf
2011-04,comerciais_leves,Pick-up's Grandes,11485,11485,11,0,2011-04.pdf
2011-04,comerciais_leves,Pick-up's Pequenas,19625,19625,6,0,2011-04.pdf
2011-05,automoveis,Grandcab,1490,1490,4,0,2011-05.pdf
2011-05,automoveis,Hatch Médios,12884,12884,6,0,2011-05.pdf
2011-05,automoveis,Hatch Pequenos,38195,38195,11,0,2011-05.pdf
2011-05,automoveis,Monocab,10627,10627,11,0,2011-05.pdf
2011-05,automoveis,Sedans Compactos,8575,8575,6,0,2011-05.pdf
2011-05,automoveis,Sedans Grandes,2934,2934,12,0,2011-05.pdf
2011-05,automoveis,Sedans Pequenos,42057,42057,10,0,2011-05.pdf
2011-05,automoveis,Sedans médios,18686,18686,21,0,2011-05.pdf
2011-05,automoveis,Sports,364,364,9,0,2011-05.pdf
2011-05,automoveis,Suv's,23114,23114,40,0,2011-05.pdf
2011-05,automoveis,Sw Grandes,676,676,7,0,2011-05.pdf
2011-05,automoveis,Sw Médios,4725,4725,4,0,2011-05.pdf
2011-05,automoveis,Veículos de Entrada,83709,83709,8,0,2011-05.pdf
2011-05,comerciais_leves,Furgões,6721,6721,7,0,2011-05.pdf
2011-05,comerciais_leves,Furgões Pequenos,2943,2943,4,0,2011-05.pdf
2011-05,comerciais_leves,Pick-up's Grandes,12356,12356,11,0,2011-05.pdf
2011-05,comerciais_leves,Pick-up's Pequenas,22658,22658,6,0,2011-05.pdf
2011-06,automoveis,Grandcab,1655,1655,4,0,2011-06.pdf
2011-06,automoveis,Hatch Médios,11571,11571,6,0,2011-06.pdf
2011-06,automoveis,Hatch Pequenos,33641,33641,11,0,2011-06.pdf
2011-06,automoveis,Monocab,9541,9541,11,0,2011-06.pdf
2011-06,automoveis,Sedans Compactos,7340,7340,6,0,2011-06.pdf
2011-06,automoveis,Sedans Grandes,2887,2887,12,0,2011-06.pdf
2011-06,automoveis,Sedans Pequenos,39815,39815,10,0,2011-06.pdf
2011-06,automoveis,Sedans médios,18074,18074,21,0,2011-06.pdf
2011-06,automoveis,Sports,269,269,9,0,2011-06.pdf
2011-06,automoveis,Suv's,21916,21916,40,0,2011-06.pdf
2011-06,automoveis,Sw Grandes,759,759,8,0,2011-06.pdf
2011-06,automoveis,Sw Médios,4401,4401,4,0,2011-06.pdf
2011-06,automoveis,Veículos de Entrada,85300,85300,9,0,2011-06.pdf
2011-06,comerciais_leves,Furgões,6210,6210,7,0,2011-06.pdf
2011-06,comerciais_leves,Furgões Pequenos,2498,2498,4,0,2011-06.pdf
2011-06,comerciais_leves,Pick-up's Grandes,11516,11516,11,0,2011-06.pdf
2011-06,comerciais_leves,Pick-up's Pequenas,22200,22200,6,0,2011-06.pdf
2011-07,automoveis,Grandcab,1603,1603,4,0,2011-07.pdf
2011-07,automoveis,Hatch Médios,13323,13323,6,0,2011-07.pdf
2011-07,automoveis,Hatch Pequenos,40670,40670,11,0,2011-07.pdf
2011-07,automoveis,Monocab,9304,9304,11,0,2011-07.pdf
2011-07,automoveis,Sedans Compactos,7475,7475,6,0,2011-07.pdf
2011-07,automoveis,Sedans Grandes,2720,2720,12,0,2011-07.pdf
2011-07,automoveis,Sedans Pequenos,36988,36988,10,0,2011-07.pdf
2011-07,automoveis,Sedans médios,16489,16489,21,0,2011-07.pdf
2011-07,automoveis,Sports,240,240,9,0,2011-07.pdf
2011-07,automoveis,Suv's,20635,20635,40,0,2011-07.pdf
2011-07,automoveis,Sw Grandes,840,840,9,0,2011-07.pdf
2011-07,automoveis,Sw Médios,4306,4306,4,0,2011-07.pdf
2011-07,automoveis,Veículos de Entrada,82941,82941,9,0,2011-07.pdf
2011-07,comerciais_leves,Furgões,6615,6615,7,0,2011-07.pdf
2011-07,comerciais_leves,Furgões Pequenos,2709,2709,4,0,2011-07.pdf
2011-07,comerciais_leves,Pick-up's Grandes,12041,12041,11,0,2011-07.pdf
2011-07,comerciais_leves,Pick-up's Pequenas,22735,22735,6,0,2011-07.pdf
2011-08,automoveis,Grandcab,2136,2136,4,0,2011-08.pdf
2011-08,automoveis,Hatch Médios,15452,15452,6,0,2011-08.pdf
2011-08,automoveis,Hatch Pequenos,45516,45516,11,0,2011-08.pdf
2011-08,automoveis,Monocab,10463,10463,11,0,2011-08.pdf
2011-08,automoveis,Sedans Compactos,7706,7706,6,0,2011-08.pdf
2011-08,automoveis,Sedans Grandes,2376,2376,12,0,2011-08.pdf
2011-08,automoveis,Sedans Pequenos,38208,38208,10,0,2011-08.pdf
2011-08,automoveis,Sedans médios,16865,16865,21,0,2011-08.pdf
2011-08,automoveis,Sports,334,334,9,0,2011-08.pdf
2011-08,automoveis,Suv's,23218,23218,40,0,2011-08.pdf
2011-08,automoveis,Sw Grandes,1175,1175,10,0,2011-08.pdf
2011-08,automoveis,Sw Médios,4665,4665,4,0,2011-08.pdf
2011-08,automoveis,Veículos de Entrada,85020,85020,9,0,2011-08.pdf
2011-08,comerciais_leves,Furgões,7344,7344,7,0,2011-08.pdf
2011-08,comerciais_leves,Furgões Pequenos,3044,3044,4,0,2011-08.pdf
2011-08,comerciais_leves,Pick-up's Grandes,13542,13542,11,0,2011-08.pdf
2011-08,comerciais_leves,Pick-up's Pequenas,23956,23956,6,0,2011-08.pdf
2011-09,automoveis,Grandcab,2020,2020,4,0,2011-09.pdf
2011-09,automoveis,Hatch Médios,13883,13883,6,0,2011-09.pdf
2011-09,automoveis,Hatch Pequenos,42137,42137,11,0,2011-09.pdf
2011-09,automoveis,Monocab,11774,11774,11,0,2011-09.pdf
2011-09,automoveis,Sedans Compactos,6962,6962,6,0,2011-09.pdf
2011-09,automoveis,Sedans Grandes,2652,2652,12,0,2011-09.pdf
2011-09,automoveis,Sedans Pequenos,35090,35090,10,0,2011-09.pdf
2011-09,automoveis,Sedans médios,19451,19451,21,0,2011-09.pdf
2011-09,automoveis,Sports,501,501,9,0,2011-09.pdf
2011-09,automoveis,Suv's,24505,24505,40,0,2011-09.pdf
2011-09,automoveis,Sw Grandes,1275,1275,10,0,2011-09.pdf
2011-09,automoveis,Sw Médios,3901,3901,4,0,2011-09.pdf
2011-09,automoveis,Veículos de Entrada,78045,78045,9,0,2011-09.pdf
2011-09,comerciais_leves,Furgões,6668,6668,7,0,2011-09.pdf
2011-09,comerciais_leves,Furgões Pequenos,2585,2585,4,0,2011-09.pdf
2011-09,comerciais_leves,Pick-up's Grandes,12787,12787,11,0,2011-09.pdf
2011-09,comerciais_leves,Pick-up's Pequenas,20324,20324,6,0,2011-09.pdf
2011-10,automoveis,Grandcab,1419,1419,4,0,2011-10.pdf
2011-10,automoveis,Hatch Médios,10809,10809,6,0,2011-10.pdf
2011-10,automoveis,Hatch Pequenos,40104,40104,11,0,2011-10.pdf
2011-10,automoveis,Monocab,9006,9006,11,0,2011-10.pdf
2011-10,automoveis,Sedans Compactos,5676,5676,6,0,2011-10.pdf
2011-10,automoveis,Sedans Grandes,2108,2108,12,0,2011-10.pdf
2011-10,automoveis,Sedans Pequenos,30553,30553,10,0,2011-10.pdf
2011-10,automoveis,Sedans médios,17656,17656,21,0,2011-10.pdf
2011-10,automoveis,Sports,369,369,9,0,2011-10.pdf
2011-10,automoveis,Suv's,21103,21103,40,0,2011-10.pdf
2011-10,automoveis,Sw Grandes,1311,1311,10,0,2011-10.pdf
2011-10,automoveis,Sw Médios,3682,3682,4,0,2011-10.pdf
2011-10,automoveis,Veículos de Entrada,71864,71864,9,0,2011-10.pdf
2011-10,comerciais_leves,Furgões,6048,6048,7,0,2011-10.pdf
2011-10,comerciais_leves,Furgões Pequenos,2380,2380,4,0,2011-10.pdf
2011-10,comerciais_leves,Pick-up's Grandes,11715,11715,11,0,2011-10.pdf
2011-10,comerciais_leves,Pick-up's Pequenas,18650,18650,6,0,2011-10.pdf
2011-11,automoveis,Grandcab,1567,1567,4,0,2011-11.pdf
2011-11,automoveis,Hatch Médios,11597,11597,6,0,2011-11.pdf
2011-11,automoveis,Hatch Pequenos,47200,47200,11,0,2011-11.pdf
2011-11,automoveis,Monocab,10647,10647,11,0,2011-11.pdf
2011-11,automoveis,Sedans Compactos,6016,6016,6,0,2011-11.pdf
2011-11,automoveis,Sedans Grandes,1937,1937,12,0,2011-11.pdf
2011-11,automoveis,Sedans Pequenos,37665,37665,10,0,2011-11.pdf
2011-11,automoveis,Sedans médios,21130,21130,21,0,2011-11.pdf
2011-11,automoveis,Sports,319,319,9,0,2011-11.pdf
2011-11,automoveis,Suv's,26601,26601,40,0,2011-11.pdf
2011-11,automoveis,Sw Grandes,1386,1386,10,0,2011-11.pdf
2011-11,automoveis,Sw Médios,3609,3609,4,0,2011-11.pdf
2011-11,automoveis,Veículos de Entrada,80688,80688,9,0,2011-11.pdf
2011-11,comerciais_leves,Furgões,6227,6227,7,0,2011-11.pdf
2011-11,comerciais_leves,Furgões Pequenos,2252,2252,4,0,2011-11.pdf
2011-11,comerciais_leves,Pick-up's Grandes,14442,14442,11,0,2011-11.pdf
2011-11,comerciais_leves,Pick-up's Pequenas,21348,21348,6,0,2011-11.pdf
2011-12,automoveis,Grandcab,2030,2030,4,0,2011-12.pdf
2011-12,automoveis,Hatch Médios,11585,11585,6,0,2011-12.pdf
2011-12,automoveis,Hatch Pequenos,49673,49673,11,0,2011-12.pdf
2011-12,automoveis,Monocab,10706,10706,11,0,2011-12.pdf
2011-12,automoveis,Sedans Compactos,6699,6699,6,0,2011-12.pdf
2011-12,automoveis,Sedans Grandes,2455,2455,12,0,2011-12.pdf
2011-12,automoveis,Sedans Pequenos,39918,39918,10,0,2011-12.pdf
2011-12,automoveis,Sedans médios,22471,22471,21,0,2011-12.pdf
2011-12,automoveis,Sports,435,435,9,0,2011-12.pdf
2011-12,automoveis,Suv's,31084,31084,40,0,2011-12.pdf
2011-12,automoveis,Sw Grandes,1514,1514,11,0,2011-12.pdf
2011-12,automoveis,Sw Médios,5316,5316,4,0,2011-12.pdf
2011-12,automoveis,Veículos de Entrada,87563,87563,9,0,2011-12.pdf
2011-12,comerciais_leves,Furgões,6210,6210,7,0,2011-12.pdf
2011-12,comerciais_leves,Furgões Pequenos,2909,2909,4,0,2011-12.pdf
2011-12,comerciais_leves,Pick-up's Grandes,15930,15930,11,0,2011-12.pdf
2011-12,comerciais_leves,Pick-up's Pequenas,20735,20735,6,0,2011-12.pdf
2012-01,automoveis,Grandcab,1246,1246,4,0,2012-01.pdf
2012-01,automoveis,Hatch Médios,8761,8761,6,0,2012-01.pdf
2012-01,automoveis,Hatch Pequenos,39414,39414,11,0,2012-01.pdf
2012-01,automoveis,Monocab,7544,7544,10,0,2012-01.pdf
2012-01,automoveis,Sedans Compactos,9809,9809,6,0,2012-01.pdf
2012-01,automoveis,Sedans Grandes,1838,1838,12,0,2012-01.pdf
2012-01,automoveis,Sedans Pequenos,31153,31153,10,0,2012-01.pdf
2012-01,automoveis,Sedans médios,15874,15874,21,0,2012-01.pdf
2012-01,automoveis,Sports,244,244,9,0,2012-01.pdf
2012-01,automoveis,Suv's,19569,19569,40,0,2012-01.pdf
2012-01,automoveis,Sw Grandes,1201,1201,4,0,2012-01.pdf
2012-01,automoveis,Sw Médios,4113,4113,4,0,2012-01.pdf
2012-01,automoveis,Veículos de Entrada,69918,69918,9,0,2012-01.pdf
2012-01,comerciais_leves,Furgões,5770,5770,7,0,2012-01.pdf
2012-01,comerciais_leves,Furgões Pequenos,1782,1782,4,0,2012-01.pdf
2012-01,comerciais_leves,Pick-up's Grandes,11910,11910,11,0,2012-01.pdf
2012-01,comerciais_leves,Pick-up's Pequenas,16105,16105,6,0,2012-01.pdf
2012-02,automoveis,Grandcab,1098,1098,4,0,2012-02.pdf
2012-02,automoveis,Hatch Médios,7748,7748,6,0,2012-02.pdf
2012-02,automoveis,Hatch Pequenos,40632,40632,11,0,2012-02.pdf
2012-02,automoveis,Monocab,7204,7204,11,0,2012-02.pdf
2012-02,automoveis,Sedans Compactos,7647,7647,6,0,2012-02.pdf
2012-02,automoveis,Sedans Grandes,1248,1248,12,0,2012-02.pdf
2012-02,automoveis,Sedans Pequenos,27587,27587,10,0,2012-02.pdf
2012-02,automoveis,Sedans médios,17524,17524,21,0,2012-02.pdf
2012-02,automoveis,Sports,141,141,9,0,2012-02.pdf
2012-02,automoveis,Suv's,16960,16960,40,0,2012-02.pdf
2012-02,automoveis,Sw Grandes,1254,1254,5,0,2012-02.pdf
2012-02,automoveis,Sw Médios,3813,3813,4,0,2012-02.pdf
2012-02,automoveis,Veículos de Entrada,64928,64928,9,0,2012-02.pdf
2012-02,comerciais_leves,Furgões,5348,5348,7,0,2012-02.pdf
2012-02,comerciais_leves,Furgões Pequenos,2272,2272,4,0,2012-02.pdf
2012-02,comerciais_leves,Pick-up's Grandes,8178,8178,11,0,2012-02.pdf
2012-02,comerciais_leves,Pick-up's Pequenas,16500,16500,6,0,2012-02.pdf
2012-03,automoveis,Grandcab,1277,1277,4,0,2012-03.pdf
2012-03,automoveis,Hatch Médios,8946,8946,6,0,2012-03.pdf
2012-03,automoveis,Hatch Pequenos,51896,51896,11,0,2012-03.pdf
2012-03,automoveis,Monocab,9655,9655,11,0,2012-03.pdf
2012-03,automoveis,Sedans Compactos,11048,11048,6,0,2012-03.pdf
2012-03,automoveis,Sedans Grandes,1473,1473,12,0,2012-03.pdf
2012-03,automoveis,Sedans Pequenos,30836,30836,10,0,2012-03.pdf
2012-03,automoveis,Sedans médios,21951,21951,21,0,2012-03.pdf
2012-03,automoveis,Sports,150,150,9,0,2012-03.pdf
2012-03,automoveis,Suv's,21087,21087,40,0,2012-03.pdf
2012-03,automoveis,Sw Grandes,1358,1358,5,0,2012-03.pdf
2012-03,automoveis,Sw Médios,4068,4068,4,0,2012-03.pdf
2012-03,automoveis,Veículos de Entrada,72098,72098,9,0,2012-03.pdf
2012-03,comerciais_leves,Furgões,6467,6467,7,0,2012-03.pdf
2012-03,comerciais_leves,Furgões Pequenos,3108,3108,4,0,2012-03.pdf
2012-03,comerciais_leves,Pick-up's Grandes,10347,10347,11,0,2012-03.pdf
2012-03,comerciais_leves,Pick-up's Pequenas,21734,21734,6,0,2012-03.pdf
2012-04,automoveis,Grandcab,1214,1214,4,0,2012-04.pdf
2012-04,automoveis,Hatch Médios,7581,7581,6,0,2012-04.pdf
2012-04,automoveis,Hatch Pequenos,42418,42418,11,0,2012-04.pdf
2012-04,automoveis,Monocab,7955,7955,11,0,2012-04.pdf
2012-04,automoveis,Sedans Compactos,10250,10250,6,0,2012-04.pdf
2012-04,automoveis,Sedans Grandes,1295,1295,12,0,2012-04.pdf
2012-04,automoveis,Sedans Pequenos,27562,27562,10,0,2012-04.pdf
2012-04,automoveis,Sedans médios,20266,20266,21,0,2012-04.pdf
2012-04,automoveis,Sports,135,135,9,0,2012-04.pdf
2012-04,automoveis,Suv's,19394,19394,40,0,2012-04.pdf
2012-04,automoveis,Sw Grandes,1167,1167,6,0,2012-04.pdf
2012-04,automoveis,Sw Médios,3874,3874,4,0,2012-04.pdf
2012-04,automoveis,Veículos de Entrada,60283,60283,9,0,2012-04.pdf
2012-04,comerciais_leves,Furgões,5352,5352,7,0,2012-04.pdf
2012-04,comerciais_leves,Furgões Pequenos,2203,2203,4,0,2012-04.pdf
2012-04,comerciais_leves,Pick-up's Grandes,9564,9564,11,0,2012-04.pdf
2012-04,comerciais_leves,Pick-up's Pequenas,18256,18256,6,0,2012-04.pdf
2012-05,automoveis,Grandcab,1147,1147,4,0,2012-05.pdf
2012-05,automoveis,Hatch Médios,7968,7968,6,0,2012-05.pdf
2012-05,automoveis,Hatch Pequenos,45739,45739,11,0,2012-05.pdf
2012-05,automoveis,Monocab,9084,9084,11,0,2012-05.pdf
2012-05,automoveis,Sedans Compactos,10036,10036,6,0,2012-05.pdf
2012-05,automoveis,Sedans Grandes,1450,1450,12,0,2012-05.pdf
2012-05,automoveis,Sedans Pequenos,34445,34445,10,0,2012-05.pdf
2012-05,automoveis,Sedans médios,20089,20089,21,0,2012-05.pdf
2012-05,automoveis,Sports,152,152,9,0,2012-05.pdf
2012-05,automoveis,Suv's,22005,22005,40,0,2012-05.pdf
2012-05,automoveis,Sw Grandes,1015,1015,7,0,2012-05.pdf
2012-05,automoveis,Sw Médios,3766,3766,4,0,2012-05.pdf
2012-05,automoveis,Veículos de Entrada,69311,69311,9,0,2012-05.pdf
2012-05,comerciais_leves,Furgões,5709,5709,7,0,2012-05.pdf
2012-05,comerciais_leves,Furgões Pequenos,2389,2389,4,0,2012-05.pdf
2012-05,comerciais_leves,Pick-up's Grandes,12357,12357,11,0,2012-05.pdf
2012-05,comerciais_leves,Pick-up's Pequenas,20831,20831,6,0,2012-05.pdf
2012-06,automoveis,Grandcab,1099,1099,4,0,2012-06.pdf
2012-06,automoveis,Hatch Médios,11501,11501,6,0,2012-06.pdf
2012-06,automoveis,Hatch Pequenos,60861,60861,11,0,2012-06.pdf
2012-06,automoveis,Monocab,11857,11857,11,0,2012-06.pdf
2012-06,automoveis,Sedans Compactos,13302,13302,6,0,2012-06.pdf
2012-06,automoveis,Sedans Grandes,1392,1392,12,0,2012-06.pdf
2012-06,automoveis,Sedans Pequenos,42858,42858,10,0,2012-06.pdf
2012-06,automoveis,Sedans médios,25752,25752,21,0,2012-06.pdf
2012-06,automoveis,Sports,159,159,9,0,2012-06.pdf
2012-06,automoveis,Suv's,24710,24710,40,0,2012-06.pdf
2012-06,automoveis,Sw Grandes,998,998,8,0,2012-06.pdf
2012-06,automoveis,Sw Médios,3721,3721,4,0,2012-06.pdf
2012-06,automoveis,Veículos de Entrada,93851,93851,9,0,2012-06.pdf
2012-06,comerciais_leves,Furgões,5624,5624,7,0,2012-06.pdf
2012-06,comerciais_leves,Furgões Pequenos,2150,2150,4,0,2012-06.pdf
2012-06,comerciais_leves,Pick-up's Grandes,14056,14056,11,0,2012-06.pdf
2012-06,comerciais_leves,Pick-up's Pequenas,18251,18251,6,0,2012-06.pdf
2012-07,automoveis,Grandcab,1142,1142,4,0,2012-07.pdf
2012-07,automoveis,Hatch Médios,11518,11518,6,0,2012-07.pdf
2012-07,automoveis,Hatch Pequenos,59207,59207,11,0,2012-07.pdf
2012-07,automoveis,Monocab,11786,11786,11,0,2012-07.pdf
2012-07,automoveis,Sedans Compactos,13881,13881,6,0,2012-07.pdf
2012-07,automoveis,Sedans Grandes,1213,1213,12,0,2012-07.pdf
2012-07,automoveis,Sedans Pequenos,44173,44173,10,0,2012-07.pdf
2012-07,automoveis,Sedans médios,24429,24429,21,0,2012-07.pdf
2012-07,automoveis,Sports,186,186,9,0,2012-07.pdf
2012-07,automoveis,Suv's,23848,23848,40,0,2012-07.pdf
2012-07,automoveis,Sw Grandes,1106,1106,8,0,2012-07.pdf
2012-07,automoveis,Sw Médios,4791,4791,4,0,2012-07.pdf
2012-07,automoveis,Veículos de Entrada,98585,98585,9,0,2012-07.pdf
2012-07,comerciais_leves,Furgões,6232,6232,7,0,2012-07.pdf
2012-07,comerciais_leves,Furgões Pequenos,2262,2262,4,0,2012-07.pdf
2012-07,comerciais_leves,Pick-up's Grandes,14961,14961,11,0,2012-07.pdf
2012-07,comerciais_leves,Pick-up's Pequenas,22447,22447,6,0,2012-07.pdf
2012-08,automoveis,Grandcab,5564,5564,4,0,2012-08.pdf
2012-08,automoveis,Hatch Médios,14769,14769,6,0,2012-08.pdf
2012-08,automoveis,Hatch Pequenos,68003,68003,11,0,2012-08.pdf
2012-08,automoveis,Monocab,15299,15299,11,0,2012-08.pdf
2012-08,automoveis,Sedans Compactos,15017,15017,6,0,2012-08.pdf
2012-08,automoveis,Sedans Grandes,1213,1213,12,0,2012-08.pdf
2012-08,automoveis,Sedans Pequenos,47504,47504,10,0,2012-08.pdf
2012-08,automoveis,Sedans médios,27395,27395,21,0,2012-08.pdf
2012-08,automoveis,Sports,233,233,9,0,2012-08.pdf
2012-08,automoveis,Suv's,26250,26250,40,0,2012-08.pdf
2012-08,automoveis,Sw Grandes,1085,1085,9,0,2012-08.pdf
2012-08,automoveis,Sw Médios,6093,6093,4,0,2012-08.pdf
2012-08,automoveis,Veículos de Entrada,114474,114474,9,0,2012-08.pdf
2012-08,comerciais_leves,Furgões,6193,6193,7,0,2012-08.pdf
2012-08,comerciais_leves,Furgões Pequenos,2623,2623,4,0,2012-08.pdf
2012-08,comerciais_leves,Pick-up's Grandes,17221,17221,11,0,2012-08.pdf
2012-08,comerciais_leves,Pick-up's Pequenas,25943,25943,6,0,2012-08.pdf
2012-09,automoveis,Grandcab,4198,4198,4,0,2012-09.pdf
2012-09,automoveis,Hatch Médios,9643,9643,6,0,2012-09.pdf
2012-09,automoveis,Hatch Pequenos,40736,40736,11,0,2012-09.pdf
2012-09,automoveis,Monocab,9231,9231,11,0,2012-09.pdf
2012-09,automoveis,Sedans Compactos,10242,10242,6,0,2012-09.pdf
2012-09,automoveis,Sedans Grandes,1108,1108,12,0,2012-09.pdf
2012-09,automoveis,Sedans Pequenos,31555,31555,10,0,2012-09.pdf
2012-09,automoveis,Sedans médios,18589,18589,21,0,2012-09.pdf
2012-09,automoveis,Sports,166,166,9,0,2012-09.pdf
2012-09,automoveis,Suv's,21363,21363,40,0,2012-09.pdf
2012-09,automoveis,Sw Grandes,657,657,10,0,2012-09.pdf
2012-09,automoveis,Sw Médios,4266,4266,4,0,2012-09.pdf
2012-09,automoveis,Veículos de Entrada,78038,78038,9,0,2012-09.pdf
2012-09,comerciais_leves,Furgões,5290,5290,7,0,2012-09.pdf
2012-09,comerciais_leves,Furgões Pequenos,2224,2224,4,0,2012-09.pdf
2012-09,comerciais_leves,Pick-up's Grandes,13993,13993,11,0,2012-09.pdf
2012-09,comerciais_leves,Pick-up's Pequenas,19838,19838,6,0,2012-09.pdf
2012-10,automoveis,Grandcab,3739,3739,4,0,2012-10.pdf
2012-10,automoveis,Hatch Médios,12154,12154,6,0,2012-10.pdf
2012-10,automoveis,Hatch Pequenos,42832,42832,11,0,2012-10.pdf
2012-10,automoveis,Monocab,11881,11881,11,0,2012-10.pdf
2012-10,automoveis,Sedans Compactos,13161,13161,6,0,2012-10.pdf
2012-10,automoveis,Sedans Grandes,1146,1146,12,0,2012-10.pdf
2012-10,automoveis,Sedans Pequenos,38976,38976,10,0,2012-10.pdf
2012-10,automoveis,Sedans médios,22257,22257,21,0,2012-10.pdf
2012-10,automoveis,Sports,199,199,9,0,2012-10.pdf
2012-10,automoveis,Suv's,27684,27684,40,0,2012-10.pdf
2012-10,automoveis,Sw Grandes,667,667,10,0,2012-10.pdf
2012-10,automoveis,Sw Médios,5113,5113,4,0,2012-10.pdf
2012-10,automoveis,Veículos de Entrada,89734,89734,9,0,2012-10.pdf
2012-10,comerciais_leves,Furgões,5388,5388,7,0,2012-10.pdf
2012-10,comerciais_leves,Furgões Pequenos,2390,2390,4,0,2012-10.pdf
2012-10,comerciais_leves,Pick-up's Grandes,17392,17392,11,0,2012-10.pdf
2012-10,comerciais_leves,Pick-up's Pequenas,22841,22841,6,0,2012-10.pdf
2012-11,automoveis,Grandcab,3511,3511,4,0,2012-11.pdf
2012-11,automoveis,Hatch Médios,11562,11562,6,0,2012-11.pdf
2012-11,automoveis,Hatch Pequenos,43505,43505,11,0,2012-11.pdf
2012-11,automoveis,Monocab,9484,9484,11,0,2012-11.pdf
2012-11,automoveis,Sedans Compactos,11592,11592,6,0,2012-11.pdf
2012-11,automoveis,Sedans Grandes,916,916,12,0,2012-11.pdf
2012-11,automoveis,Sedans Pequenos,36206,36206,10,0,2012-11.pdf
2012-11,automoveis,Sedans médios,19211,19211,21,0,2012-11.pdf
2012-11,automoveis,Sports,219,219,9,0,2012-11.pdf
2012-11,automoveis,Suv's,22065,22065,40,0,2012-11.pdf
2012-11,automoveis,Sw Grandes,374,374,11,0,2012-11.pdf
2012-11,automoveis,Sw Médios,4416,4416,4,0,2012-11.pdf
2012-11,automoveis,Veículos de Entrada,78795,78795,9,0,2012-11.pdf
2012-11,comerciais_leves,Furgões,4436,4436,7,0,2012-11.pdf
2012-11,comerciais_leves,Furgões Pequenos,1963,1963,4,0,2012-11.pdf
2012-11,comerciais_leves,Pick-up's Grandes,15794,15794,11,0,2012-11.pdf
2012-11,comerciais_leves,Pick-up's Pequenas,18926,18926,6,0,2012-11.pdf
2012-12,automoveis,Grandcab,3869,3869,4,0,2012-12.pdf
2012-12,automoveis,Hatch Médios,14470,14470,6,0,2012-12.pdf
2012-12,automoveis,Hatch Pequenos,62486,62486,11,0,2012-12.pdf
2012-12,automoveis,Monocab,10029,10029,11,0,2012-12.pdf
2012-12,automoveis,Sedans Compactos,14542,14542,6,0,2012-12.pdf
2012-12,automoveis,Sedans Grandes,1027,1027,12,0,2012-12.pdf
2012-12,automoveis,Sedans Pequenos,40562,40562,10,0,2012-12.pdf
2012-12,automoveis,Sedans médios,21583,21583,21,0,2012-12.pdf
2012-12,automoveis,Sports,275,275,9,0,2012-12.pdf
2012-12,automoveis,Suv's,28633,28633,40,0,2012-12.pdf
2012-12,automoveis,Sw Grandes,255,255,11,0,2012-12.pdf
2012-12,automoveis,Sw Médios,4830,4830,4,0,2012-12.pdf
2012-12,automoveis,Veículos de Entrada,85440,85440,9,0,2012-12.pdf
2012-12,comerciais_leves,Furgões,4836,4836,7,0,2012-12.pdf
2012-12,comerciais_leves,Furgões Pequenos,2282,2282,4,0,2012-12.pdf
2012-12,comerciais_leves,Pick-up's Grandes,19483,19483,11,0,2012-12.pdf
2012-12,comerciais_leves,Pick-up's Pequenas,20958,20958,6,0,2012-12.pdf
2013-01,automoveis,Grandcab,3448,3448,4,0,2013-01.pdf
2013-01,automoveis,Hatch Médios,12492,12492,6,0,2013-01.pdf
2013-01,automoveis,Hatch Pequenos,58575,58575,11,0,2013-01.pdf
2013-01,automoveis,Monocab,8290,8290,11,0,2013-01.pdf
2013-01,automoveis,Sedans Compactos,11589,11589,6,0,2013-01.pdf
2013-01,automoveis,Sedans Grandes,1321,1321,12,0,2013-01.pdf
2013-01,automoveis,Sedans Pequenos,33704,33704,10,0,2013-01.pdf
2013-01,automoveis,Sedans médios,15465,15465,21,0,2013-01.pdf
2013-01,automoveis,Sports,260,260,9,0,2013-01.pdf
2013-01,automoveis,Suv's,22757,22757,40,0,2013-01.pdf
2013-01,automoveis,Sw Grandes,187,187,4,0,2013-01.pdf
2013-01,automoveis,Sw Médios,4210,4210,4,0,2013-01.pdf
2013-01,automoveis,Veículos de Entrada,76387,76387,9,0,2013-01.pdf
2013-01,comerciais_leves,Furgões,5116,5116,7,0,2013-01.pdf
2013-01,comerciais_leves,Furgões Pequenos,2194,2194,4,0,2013-01.pdf
2013-01,comerciais_leves,Pick-up's Grandes,15223,15223,11,0,2013-01.pdf
2013-01,comerciais_leves,Pick-up's Pequenas,19784,19784,6,0,2013-01.pdf
2013-02,automoveis,Grandcab,2700,2700,4,0,2013-02.pdf
2013-02,automoveis,Hatch Médios,9603,9603,6,0,2013-02.pdf
2013-02,automoveis,Hatch Pequenos,45774,45774,11,0,2013-02.pdf
2013-02,automoveis,Monocab,6781,6781,11,0,2013-02.pdf
2013-02,automoveis,Sedans Compactos,7935,7935,6,0,2013-02.pdf
2013-02,automoveis,Sedans Grandes,1071,1071,12,0,2013-02.pdf
2013-02,automoveis,Sedans Pequenos,23550,23550,10,0,2013-02.pdf
2013-02,automoveis,Sedans médios,14122,14122,21,0,2013-02.pdf
2013-02,automoveis,Sports,225,225,9,0,2013-02.pdf
2013-02,automoveis,Suv's,15791,15791,40,0,2013-02.pdf
2013-02,automoveis,Sw Grandes,88,88,4,0,2013-02.pdf
2013-02,automoveis,Sw Médios,2216,2216,4,0,2013-02.pdf
2013-02,automoveis,Veículos de Entrada,53334,53334,9,0,2013-02.pdf
2013-02,comerciais_leves,Furgões,4428,4428,7,0,2013-02.pdf
2013-02,comerciais_leves,Furgões Pequenos,1721,1721,4,0,2013-02.pdf
2013-02,comerciais_leves,Pick-up's Grandes,11367,11367,11,0,2013-02.pdf
2013-02,comerciais_leves,Pick-up's Pequenas,16653,16653,6,0,2013-02.pdf
2013-03,automoveis,Grandcab,3191,3191,4,0,2013-03.pdf
2013-03,automoveis,Hatch Médios,9674,9674,6,0,2013-03.pdf
2013-03,automoveis,Hatch Pequenos,55202,55202,11,0,2013-03.pdf
2013-03,automoveis,Monocab,8367,8367,11,0,2013-03.pdf
2013-03,automoveis,Sedans Compactos,9207,9207,6,0,2013-03.pdf
2013-03,automoveis,Sedans Grandes,999,999,12,0,2013-03.pdf
2013-03,automoveis,Sedans Pequenos,34396,34396,10,0,2013-03.pdf
2013-03,automoveis,Sedans médios,16636,16636,21,0,2013-03.pdf
2013-03,automoveis,Sports,268,268,9,0,2013-03.pdf
2013-03,automoveis,Suv's,17844,17844,40,0,2013-03.pdf
2013-03,automoveis,Sw Grandes,61,61,5,0,2013-03.pdf
2013-03,automoveis,Sw Médios,2762,2762,4,0,2013-03.pdf
2013-03,automoveis,Veículos de Entrada,64083,64083,9,0,2013-03.pdf
2013-03,comerciais_leves,Furgões,4781,4781,7,0,2013-03.pdf
2013-03,comerciais_leves,Furgões Pequenos,1665,1665,4,0,2013-03.pdf
2013-03,comerciais_leves,Pick-up's Grandes,13516,13516,11,0,2013-03.pdf
2013-03,comerciais_leves,Pick-up's Pequenas,19951,19951,6,0,2013-03.pdf
2013-04,automoveis,Grandcab,3850,3850,4,0,2013-04.pdf
2013-04,automoveis,Hatch Médios,10449,10449,6,0,2013-04.pdf
2013-04,automoveis,Hatch Pequenos,59718,59718,11,0,2013-04.pdf
2013-04,automoveis,Monocab,9610,9610,11,0,2013-04.pdf
2013-04,automoveis,Sedans Compactos,11906,11906,6,0,2013-04.pdf
2013-04,automoveis,Sedans Grandes,1751,1751,12,0,2013-04.pdf
2013-04,automoveis,Sedans Pequenos,44743,44743,10,0,2013-04.pdf
2013-04,automoveis,Sedans médios,20766,20766,21,0,2013-04.pdf
2013-04,automoveis,Sports,289,289,9,0,2013-04.pdf
2013-04,automoveis,Suv's,24442,24442,40,0,2013-04.pdf
2013-04,automoveis,Sw Grandes,58,58,5,0,2013-04.pdf
2013-04,automoveis,Sw Médios,3051,3051,4,0,2013-04.pdf
2013-04,automoveis,Veículos de Entrada,72778,72778,9,0,2013-04.pdf
2013-04,comerciais_leves,Furgões,5134,5134,7,0,2013-04.pdf
2013-04,comerciais_leves,Furgões Pequenos,2101,2101,4,0,2013-04.pdf
2013-04,comerciais_leves,Pick-up's Grandes,15729,15729,11,0,2013-04.pdf
2013-04,comerciais_leves,Pick-up's Pequenas,22010,22010,6,0,2013-04.pdf
2013-05,automoveis,Grandcab,3605,3605,4,0,2013-05.pdf
2013-05,automoveis,Hatch Médios,8605,8605,6,0,2013-05.pdf
2013-05,automoveis,Hatch Pequenos,59870,59870,11,0,2013-05.pdf
2013-05,automoveis,Monocab,8461,8461,11,0,2013-05.pdf
2013-05,automoveis,Sedans Compactos,9379,9379,6,0,2013-05.pdf
2013-05,automoveis,Sedans Grandes,1516,1516,12,0,2013-05.pdf
2013-05,automoveis,Sedans Pequenos,46681,46681,10,0,2013-05.pdf
2013-05,automoveis,Sedans médios,19825,19825,21,0,2013-05.pdf
2013-05,automoveis,Sports,277,277,9,0,2013-05.pdf
2013-05,automoveis,Suv's,24015,24015,40,0,2013-05.pdf
2013-05,automoveis,Sw Grandes,30,30,5,0,2013-05.pdf
2013-05,automoveis,Sw Médios,3384,3384,4,0,2013-05.pdf
2013-05,automoveis,Veículos de Entrada,65959,65959,9,0,2013-05.pdf
2013-05,comerciais_leves,Furgões,4770,4770,7,0,2013-05.pdf
2013-05,comerciais_leves,Furgões Pequenos,1966,1966,4,0,2013-05.pdf
2013-05,comerciais_leves,Pick-up's Grandes,15299,15299,11,0,2013-05.pdf
2013-05,comerciais_leves,Pick-up's Pequenas,20998,20998,6,0,2013-05.pdf
2013-06,automoveis,Grandcab,3769,3769,4,0,2013-06.pdf
2013-06,automoveis,Hatch Médios,8522,8522,6,0,2013-06.pdf
2013-06,automoveis,Hatch Pequenos,64509,64509,11,0,2013-06.pdf
2013-06,automoveis,Monocab,9048,9048,11,0,2013-06.pdf
2013-06,automoveis,Sedans Compactos,9004,9004,6,0,2013-06.pdf
2013-06,automoveis,Sedans Grandes,1580,1580,12,0,2013-06.pdf
2013-06,automoveis,Sedans Pequenos,44880,44880,10,0,2013-06.pdf
2013-06,automoveis,Sedans médios,19300,19300,21,0,2013-06.pdf
2013-06,automoveis,Sports,267,267,9,0,2013-06.pdf
2013-06,automoveis,Suv's,23558,23558,40,0,2013-06.pdf
2013-06,automoveis,Sw Grandes,25,25,6,0,2013-06.pdf
2013-06,automoveis,Sw Médios,2819,2819,4,0,2013-06.pdf
2013-06,automoveis,Veículos de Entrada,65031,65031,9,0,2013-06.pdf
2013-06,comerciais_leves,Furgões,5180,5180,7,0,2013-06.pdf
2013-06,comerciais_leves,Furgões Pequenos,2292,2292,4,0,2013-06.pdf
2013-06,comerciais_leves,Pick-up's Grandes,15170,15170,11,0,2013-06.pdf
2013-06,comerciais_leves,Pick-up's Pequenas,22450,22450,6,0,2013-06.pdf
2013-07,automoveis,Grandcab,4350,4350,4,0,2013-07.pdf
2013-07,automoveis,Hatch Médios,9558,9558,6,0,2013-07.pdf
2013-07,automoveis,Hatch Pequenos,68040,68040,11,0,2013-07.pdf
2013-07,automoveis,Monocab,10100,10100,11,0,2013-07.pdf
2013-07,automoveis,Sedans Compactos,8848,8848,6,0,2013-07.pdf
2013-07,automoveis,Sedans Grandes,1420,1420,12,0,2013-07.pdf
2013-07,automoveis,Sedans Pequenos,49891,49891,10,0,2013-07.pdf
2013-07,automoveis,Sedans médios,20126,20126,21,0,2013-07.pdf
2013-07,automoveis,Sports,215,215,9,0,2013-07.pdf
2013-07,automoveis,Suv's,25623,25623,40,0,2013-07.pdf
2013-07,automoveis,Sw Grandes,20,20,6,0,2013-07.pdf
2013-07,automoveis,Sw Médios,3635,3635,4,0,2013-07.pdf
2013-07,automoveis,Veículos de Entrada,69455,69455,9,0,2013-07.pdf
2013-07,comerciais_leves,Furgões,5897,5897,7,0,2013-07.pdf
2013-07,comerciais_leves,Furgões Pequenos,2619,2619,4,0,2013-07.pdf
2013-07,comerciais_leves,Pick-up's Grandes,16563,16563,11,0,2013-07.pdf
2013-07,comerciais_leves,Pick-up's Pequenas,21710,21710,6,0,2013-07.pdf
2013-08,automoveis,Grandcab,4148,4148,4,0,2013-08.pdf
2013-08,automoveis,Hatch Médios,9464,9464,6,0,2013-08.pdf
2013-08,automoveis,Hatch Pequenos,64819,64819,11,0,2013-08.pdf
2013-08,automoveis,Monocab,7563,7563,11,0,2013-08.pdf
2013-08,automoveis,Sedans Compactos,9151,9151,6,0,2013-08.pdf
2013-08,automoveis,Sedans Grandes,1705,1705,12,0,2013-08.pdf
2013-08,automoveis,Sedans Pequenos,48264,48264,10,0,2013-08.pdf
2013-08,automoveis,Sedans médios,19706,19706,21,0,2013-08.pdf
2013-08,automoveis,Sports,249,249,9,0,2013-08.pdf
2013-08,automoveis,Suv's,24449,24449,40,0,2013-08.pdf
2013-08,automoveis,Sw Grandes,15,15,6,0,2013-08.pdf
2013-08,automoveis,Sw Médios,3299,3299,4,0,2013-08.pdf
2013-08,automoveis,Veículos de Entrada,68658,68658,9,0,2013-08.pdf
2013-08,comerciais_leves,Furgões,5791,5791,7,0,2013-08.pdf
2013-08,comerciais_leves,Furgões Pequenos,2002,2002,4,0,2013-08.pdf
2013-08,comerciais_leves,Pick-up's Grandes,15842,15842,11,0,2013-08.pdf
2013-08,comerciais_leves,Pick-up's Pequenas,21540,21540,6,0,2013-08.pdf
2013-09,automoveis,Grandcab,3519,3519,4,0,2013-09.pdf
2013-09,automoveis,Hatch Médios,8909,8909,6,0,2013-09.pdf
2013-09,automoveis,Hatch Pequenos,60084,60084,11,0,2013-09.pdf
2013-09,automoveis,Monocab,6426,6426,11,0,2013-09.pdf
2013-09,automoveis,Sedans Compactos,7800,7800,6,0,2013-09.pdf
2013-09,automoveis,Sedans Grandes,1445,1445,12,0,2013-09.pdf
2013-09,automoveis,Sedans Pequenos,43703,43703,10,0,2013-09.pdf
2013-09,automoveis,Sedans médios,19131,19131,21,0,2013-09.pdf
2013-09,automoveis,Sports,252,252,9,0,2013-09.pdf
2013-09,automoveis,Suv's,24158,24158,40,0,2013-09.pdf
2013-09,automoveis,Sw Grandes,5,5,6,0,2013-09.pdf
2013-09,automoveis,Sw Médios,4107,4107,4,0,2013-09.pdf
2013-09,automoveis,Veículos de Entrada,61750,61750,9,0,2013-09.pdf
2013-09,comerciais_leves,Furgões,6447,6447,7,0,2013-09.pdf
2013-09,comerciais_leves,Furgões Pequenos,1908,1908,4,0,2013-09.pdf
2013-09,comerciais_leves,Pick-up's Grandes,15897,15897,11,0,2013-09.pdf
2013-09,comerciais_leves,Pick-up's Pequenas,22736,22736,6,0,2013-09.pdf
2013-10,automoveis,Grandcab,4712,4712,4,0,2013-10.pdf
2013-10,automoveis,Hatch Médios,10203,10203,6,0,2013-10.pdf
2013-10,automoveis,Hatch Pequenos,67611,67611,11,0,2013-10.pdf
2013-10,automoveis,Monocab,7534,7534,11,0,2013-10.pdf
2013-10,automoveis,Sedans Compactos,11233,11233,6,0,2013-10.pdf
2013-10,automoveis,Sedans Grandes,1388,1388,12,0,2013-10.pdf
2013-10,automoveis,Sedans Pequenos,43481,43481,10,0,2013-10.pdf
2013-10,automoveis,Sedans médios,22879,22879,21,0,2013-10.pdf
2013-10,automoveis,Sports,171,171,9,0,2013-10.pdf
2013-10,automoveis,Suv's,28079,28079,40,0,2013-10.pdf
2013-10,automoveis,Sw Grandes,11,11,6,0,2013-10.pdf
2013-10,automoveis,Sw Médios,3674,3674,4,0,2013-10.pdf
2013-10,automoveis,Veículos de Entrada,61223,61223,9,0,2013-10.pdf
2013-10,comerciais_leves,Furgões,6233,6233,7,0,2013-10.pdf
2013-10,comerciais_leves,Furgões Pequenos,2268,2268,4,0,2013-10.pdf
2013-10,comerciais_leves,Pick-up's Grandes,16482,16482,11,0,2013-10.pdf
2013-10,comerciais_leves,Pick-up's Pequenas,20223,20223,6,0,2013-10.pdf
2013-11,automoveis,Grandcab,3925,3925,4,0,2013-11.pdf
2013-11,automoveis,Hatch Médios,9049,9049,6,0,2013-11.pdf
2013-11,automoveis,Hatch Pequenos,60471,60471,11,0,2013-11.pdf
2013-11,automoveis,Monocab,7565,7565,11,0,2013-11.pdf
2013-11,automoveis,Sedans Compactos,9438,9438,6,0,2013-11.pdf
2013-11,automoveis,Sedans Grandes,1650,1650,12,0,2013-11.pdf
2013-11,automoveis,Sedans Pequenos,40805,40805,10,0,2013-11.pdf
2013-11,automoveis,Sedans médios,19954,19954,21,0,2013-11.pdf
2013-11,automoveis,Sports,194,194,9,0,2013-11.pdf
2013-11,automoveis,Suv's,24444,24444,40,0,2013-11.pdf
2013-11,automoveis,Sw Grandes,10,10,6,0,2013-11.pdf
2013-11,automoveis,Sw Médios,4731,4731,4,0,2013-11.pdf
2013-11,automoveis,Veículos de Entrada,61173,61173,9,0,2013-11.pdf
2013-11,comerciais_leves,Furgões,5957,5957,7,0,2013-11.pdf
2013-11,comerciais_leves,Furgões Pequenos,2119,2119,4,0,2013-11.pdf
2013-11,comerciais_leves,Pick-up's Grandes,14660,14660,11,0,2013-11.pdf
2013-11,comerciais_leves,Pick-up's Pequenas,16561,16561,6,0,2013-11.pdf
2013-12,automoveis,Grandcab,4178,4178,4,0,2013-12.pdf
2013-12,automoveis,Hatch Médios,10987,10987,6,0,2013-12.pdf
2013-12,automoveis,Hatch Pequenos,73094,73094,11,0,2013-12.pdf
2013-12,automoveis,Monocab,9010,9010,11,0,2013-12.pdf
2013-12,automoveis,Sedans Compactos,10364,10364,6,0,2013-12.pdf
2013-12,automoveis,Sedans Grandes,1660,1660,12,0,2013-12.pdf
2013-12,automoveis,Sedans Pequenos,50077,50077,10,0,2013-12.pdf
2013-12,automoveis,Sedans médios,22732,22732,21,0,2013-12.pdf
2013-12,automoveis,Sports,260,260,9,0,2013-12.pdf
2013-12,automoveis,Suv's,28781,28781,40,0,2013-12.pdf
2013-12,automoveis,Sw Grandes,9,9,7,0,2013-12.pdf
2013-12,automoveis,Sw Médios,3300,3300,4,0,2013-12.pdf
2013-12,automoveis,Veículos de Entrada,67545,67545,9,0,2013-12.pdf
2013-12,comerciais_leves,Furgões,6299,6299,7,0,2013-12.pdf
2013-12,comerciais_leves,Furgões Pequenos,2015,2015,4,0,2013-12.pdf
2013-12,comerciais_leves,Pick-up's Grandes,17287,17287,11,0,2013-12.pdf
2013-12,comerciais_leves,Pick-up's Pequenas,21515,21515,6,0,2013-12.pdf
2014-01,automoveis,Grandcab,3380,3380,4,0,2014-01.pdf
2014-01,automoveis,Hatch Médios,10888,10888,6,0,2014-01.pdf
2014-01,automoveis,Hatch Pequenos,66666,66666,11,0,2014-01.pdf
2014-01,automoveis,Monocab,8026,8026,11,0,2014-01.pdf
2014-01,automoveis,Sedans Compactos,9425,9425,6,0,2014-01.pdf
2014-01,automoveis,Sedans Grandes,1722,1722,12,0,2014-01.pdf
2014-01,automoveis,Sedans Pequenos,41619,41619,10,0,2014-01.pdf
2014-01,automoveis,Sedans médios,17489,17489,21,0,2014-01.pdf
2014-01,automoveis,Sports,235,235,9,0,2014-01.pdf
2014-01,automoveis,Suv's,27248,27248,40,0,2014-01.pdf
2014-01,automoveis,Sw Grandes,10,10,6,0,2014-01.pdf
2014-01,automoveis,Sw Médios,2774,2774,4,0,2014-01.pdf
2014-01,automoveis,Veículos de Entrada,61156,61156,9,0,2014-01.pdf
2014-01,comerciais_leves,Furgões,6133,6133,7,0,2014-01.pdf
2014-01,comerciais_leves,Furgões Pequenos,2202,2202,4,0,2014-01.pdf
2014-01,comerciais_leves,Pick-up's Grandes,14074,14074,11,0,2014-01.pdf
2014-01,comerciais_leves,Pick-up's Pequenas,20756,20756,6,0,2014-01.pdf
2014-02,automoveis,Grandcab,2766,2766,4,0,2014-02.pdf
2014-02,automoveis,Hatch Médios,8538,8538,6,0,2014-02.pdf
2014-02,automoveis,Hatch Pequenos,52219,52219,11,0,2014-02.pdf
2014-02,automoveis,Monocab,6497,6497,11,0,2014-02.pdf
2014-02,automoveis,Sedans Compactos,7552,7552,6,0,2014-02.pdf
2014-02,automoveis,Sedans Grandes,1290,1290,12,0,2014-02.pdf
2014-02,automoveis,Sedans Pequenos,33061,33061,10,0,2014-02.pdf
2014-02,automoveis,Sedans médios,15768,15768,21,0,2014-02.pdf
2014-02,automoveis,Sports,219,219,9,0,2014-02.pdf
2014-02,automoveis,Suv's,21225,21225,40,0,2014-02.pdf
2014-02,automoveis,Sw Grandes,6,6,5,0,2014-02.pdf
2014-02,automoveis,Sw Médios,2180,2180,4,0,2014-02.pdf
2014-02,automoveis,Veículos de Entrada,49000,49000,9,0,2014-02.pdf
2014-02,comerciais_leves,Furgões,3498,3498,7,0,2014-02.pdf
2014-02,comerciais_leves,Furgões Pequenos,2808,2808,4,0,2014-02.pdf
2014-02,comerciais_leves,Pick-up's Grandes,12278,12278,11,0,2014-02.pdf
2014-02,comerciais_leves,Pick-up's Pequenas,22043,22043,6,0,2014-02.pdf
2014-03,automoveis,Grandcab,2624,2624,4,0,2014-03.pdf
2014-03,automoveis,Hatch Médios,7105,7105,6,0,2014-03.pdf
2014-03,automoveis,Hatch Pequenos,49801,49801,11,0,2014-03.pdf
2014-03,automoveis,Monocab,6197,6197,11,0,2014-03.pdf
2014-03,automoveis,Sedans Compactos,6425,6425,6,0,2014-03.pdf
2014-03,automoveis,Sedans Grandes,1186,1186,12,0,2014-03.pdf
2014-03,automoveis,Sedans Pequenos,31001,31001,10,0,2014-03.pdf
2014-03,automoveis,Sedans médios,14507,14507,21,0,2014-03.pdf
2014-03,automoveis,Sports,166,166,9,0,2014-03.pdf
2014-03,automoveis,Suv's,18855,18855,40,0,2014-03.pdf
2014-03,automoveis,Sw Grandes,7,7,6,0,2014-03.pdf
2014-03,automoveis,Sw Médios,2185,2185,4,0,2014-03.pdf
2014-03,automoveis,Veículos de Entrada,46459,46459,9,0,2014-03.pdf
2014-03,comerciais_leves,Furgões,3312,3312,7,0,2014-03.pdf
2014-03,comerciais_leves,Furgões Pequenos,2351,2351,4,0,2014-03.pdf
2014-03,comerciais_leves,Pick-up's Grandes,11666,11666,11,0,2014-03.pdf
2014-03,comerciais_leves,Pick-up's Pequenas,20641,20641,6,0,2014-03.pdf
2014-04,automoveis,Grandcab,3670,3670,4,0,2014-04.pdf
2014-04,automoveis,Hatch Médios,8384,8384,6,0,2014-04.pdf
2014-04,automoveis,Hatch Pequenos,58721,58721,11,0,2014-04.pdf
2014-04,automoveis,Monocab,6824,6824,11,0,2014-04.pdf
2014-04,automoveis,Sedans Compactos,7753,7753,6,0,2014-04.pdf
2014-04,automoveis,Sedans Grandes,1302,1302,12,0,2014-04.pdf
2014-04,automoveis,Sedans Pequenos,38536,38536,10,0,2014-04.pdf
2014-04,automoveis,Sedans médios,21620,21620,21,0,2014-04.pdf
2014-04,automoveis,Sports,183,183,9,0,2014-04.pdf
2014-04,automoveis,Suv's,23893,23893,40,0,2014-04.pdf
2014-04,automoveis,Sw Grandes,18,18,6,0,2014-04.pdf
2014-04,automoveis,Sw Médios,2251,2251,4,0,2014-04.pdf
2014-04,automoveis,Veículos de Entrada,57974,57974,9,0,2014-04.pdf
2014-04,comerciais_leves,Furgões,3459,3459,7,0,2014-04.pdf
2014-04,comerciais_leves,Furgões Pequenos,2483,2483,4,0,2014-04.pdf
2014-04,comerciais_leves,Pick-up's Grandes,15378,15378,11,0,2014-04.pdf
2014-04,comerciais_leves,Pick-up's Pequenas,22548,22548,6,0,2014-04.pdf
2014-05,automoveis,Grandcab,3137,3137,4,0,2014-05.pdf
2014-05,automoveis,Hatch Médios,7937,7937,6,0,2014-05.pdf
2014-05,automoveis,Hatch Pequenos,58064,58064,11,0,2014-05.pdf
2014-05,automoveis,Monocab,8517,8517,11,0,2014-05.pdf
2014-05,automoveis,Sedans Compactos,6909,6909,6,0,2014-05.pdf
2014-05,automoveis,Sedans Grandes,1186,1186,12,0,2014-05.pdf
2014-05,automoveis,Sedans Pequenos,42315,42315,10,0,2014-05.pdf
2014-05,automoveis,Sedans médios,20279,20279,21,0,2014-05.pdf
2014-05,automoveis,Sports,185,185,9,0,2014-05.pdf
2014-05,automoveis,Suv's,25095,25095,40,0,2014-05.pdf
2014-05,automoveis,Sw Grandes,10,10,6,0,2014-05.pdf
2014-05,automoveis,Sw Médios,2400,2400,4,0,2014-05.pdf
2014-05,automoveis,Veículos de Entrada,52839,52839,9,0,2014-05.pdf
2014-05,comerciais_leves,Furgões,3836,3836,7,0,2014-05.pdf
2014-05,comerciais_leves,Furgões Pequenos,2764,2764,4,0,2014-05.pdf
2014-05,comerciais_leves,Pick-up's Grandes,15285,15285,11,0,2014-05.pdf
2014-05,comerciais_leves,Pick-up's Pequenas,22446,22446,6,0,2014-05.pdf
2014-06,automoveis,Grandcab,2764,2764,4,0,2014-06.pdf
2014-06,automoveis,Hatch Médios,6947,6947,6,0,2014-06.pdf
2014-06,automoveis,Hatch Pequenos,51863,51863,11,0,2014-06.pdf
2014-06,automoveis,Monocab,8037,8037,11,0,2014-06.pdf
2014-06,automoveis,Sedans Compactos,5787,5787,6,0,2014-06.pdf
2014-06,automoveis,Sedans Grandes,986,986,12,0,2014-06.pdf
2014-06,automoveis,Sedans Pequenos,39932,39932,10,0,2014-06.pdf
2014-06,automoveis,Sedans médios,17707,17707,21,0,2014-06.pdf
2014-06,automoveis,Sports,176,176,9,0,2014-06.pdf
2014-06,automoveis,Suv's,23553,23553,40,0,2014-06.pdf
2014-06,automoveis,Sw Grandes,8,8,6,0,2014-06.pdf
2014-06,automoveis,Sw Médios,2677,2677,4,0,2014-06.pdf
2014-06,automoveis,Veículos de Entrada,48071,48071,9,0,2014-06.pdf
2014-06,comerciais_leves,Furgões,3293,3293,7,0,2014-06.pdf
2014-06,comerciais_leves,Furgões Pequenos,2568,2568,4,0,2014-06.pdf
2014-06,comerciais_leves,Pick-up's Grandes,12928,12928,11,0,2014-06.pdf
2014-06,comerciais_leves,Pick-up's Pequenas,19634,19634,6,0,2014-06.pdf
2014-07,automoveis,Grandcab,3849,3849,4,0,2014-07.pdf
2014-07,automoveis,Hatch Médios,7573,7573,6,0,2014-07.pdf
2014-07,automoveis,Hatch Pequenos,55132,55132,11,0,2014-07.pdf
2014-07,automoveis,Monocab,8419,8419,11,0,2014-07.pdf
2014-07,automoveis,Sedans Compactos,8075,8075,6,0,2014-07.pdf
2014-07,automoveis,Sedans Grandes,1072,1072,12,0,2014-07.pdf
2014-07,automoveis,Sedans Pequenos,44585,44585,10,0,2014-07.pdf
2014-07,automoveis,Sedans médios,19678,19678,21,0,2014-07.pdf
2014-07,automoveis,Sports,178,178,9,0,2014-07.pdf
2014-07,automoveis,Suv's,26271,26271,40,0,2014-07.pdf
2014-07,automoveis,Sw Grandes,13,13,6,0,2014-07.pdf
2014-07,automoveis,Sw Médios,2753,2753,4,0,2014-07.pdf
2014-07,automoveis,Veículos de Entrada,53672,53672,9,0,2014-07.pdf
2014-07,comerciais_leves,Furgões,3812,3812,7,0,2014-07.pdf
2014-07,comerciais_leves,Furgões Pequenos,2967,2967,4,0,2014-07.pdf
2014-07,comerciais_leves,Pick-up's Grandes,15037,15037,11,0,2014-07.pdf
2014-07,comerciais_leves,Pick-up's Pequenas,22361,22361,6,0,2014-07.pdf
2014-08,automoveis,Grandcab,3112,3112,4,0,2014-08.pdf
2014-08,automoveis,Hatch Médios,6779,6779,6,0,2014-08.pdf
2014-08,automoveis,Hatch Pequenos,50641,50641,11,0,2014-08.pdf
2014-08,automoveis,Monocab,7900,7900,11,0,2014-08.pdf
2014-08,automoveis,Sedans Compactos,6709,6709,6,0,2014-08.pdf
2014-08,automoveis,Sedans Grandes,1236,1236,12,0,2014-08.pdf
2014-08,automoveis,Sedans Pequenos,39354,39354,10,0,2014-08.pdf
2014-08,automoveis,Sedans médios,19496,19496,21,0,2014-08.pdf
2014-08,automoveis,Sports,167,167,9,0,2014-08.pdf
2014-08,automoveis,Suv's,23538,23538,40,0,2014-08.pdf
2014-08,automoveis,Sw Grandes,7,7,6,0,2014-08.pdf
2014-08,automoveis,Sw Médios,2476,2476,4,0,2014-08.pdf
2014-08,automoveis,Veículos de Entrada,52430,52430,9,0,2014-08.pdf
2014-08,comerciais_leves,Furgões,3854,3854,7,0,2014-08.pdf
2014-08,comerciais_leves,Furgões Pequenos,2343,2343,4,0,2014-08.pdf
2014-08,comerciais_leves,Pick-up's Grandes,13428,13428,11,0,2014-08.pdf
2014-08,comerciais_leves,Pick-up's Pequenas,21648,21648,6,0,2014-08.pdf
2014-09,automoveis,Grandcab,3971,3971,4,0,2014-09.pdf
2014-09,automoveis,Hatch Médios,6657,6657,6,0,2014-09.pdf
2014-09,automoveis,Hatch Pequenos,53403,53403,11,0,2014-09.pdf
2014-09,automoveis,Monocab,9272,9272,11,0,2014-09.pdf
2014-09,automoveis,Sedans Compactos,7072,7072,6,0,2014-09.pdf
2014-09,automoveis,Sedans Grandes,1507,1507,12,0,2014-09.pdf
2014-09,automoveis,Sedans Pequenos,42967,42967,10,0,2014-09.pdf
2014-09,automoveis,Sedans médios,20575,20575,21,0,2014-09.pdf
2014-09,automoveis,Sports,154,154,9,0,2014-09.pdf
2014-09,automoveis,Suv's,24464,24464,40,0,2014-09.pdf
2014-09,automoveis,Sw Grandes,9,9,7,0,2014-09.pdf
2014-09,automoveis,Sw Médios,2880,2880,4,0,2014-09.pdf
2014-09,automoveis,Veículos de Entrada,58325,58325,9,0,2014-09.pdf
2014-09,comerciais_leves,Furgões,3719,3719,7,0,2014-09.pdf
2014-09,comerciais_leves,Furgões Pequenos,2955,2955,4,0,2014-09.pdf
2014-09,comerciais_leves,Pick-up's Grandes,15159,15159,11,0,2014-09.pdf
2014-09,comerciais_leves,Pick-up's Pequenas,25328,25328,6,0,2014-09.pdf
2014-10,automoveis,Grandcab,3086,3086,4,0,2014-10.pdf
2014-10,automoveis,Hatch Médios,5883,5883,6,0,2014-10.pdf
2014-10,automoveis,Hatch Pequenos,53822,53822,11,0,2014-10.pdf
2014-10,automoveis,Monocab,8808,8808,11,0,2014-10.pdf
2014-10,automoveis,Sedans Compactos,8870,8870,6,0,2014-10.pdf
2014-10,automoveis,Sedans Grandes,1517,1517,12,0,2014-10.pdf
2014-10,automoveis,Sedans Pequenos,41458,41458,10,0,2014-10.pdf
2014-10,automoveis,Sedans médios,20691,20691,21,0,2014-10.pdf
2014-10,automoveis,Sports,173,173,9,0,2014-10.pdf
2014-10,automoveis,Suv's,25810,25810,40,0,2014-10.pdf
2014-10,automoveis,Sw Grandes,9,9,7,0,2014-10.pdf
2014-10,automoveis,Sw Médios,2514,2514,4,0,2014-10.pdf
2014-10,automoveis,Veículos de Entrada,66300,66300,9,0,2014-10.pdf
2014-10,comerciais_leves,Furgões,3769,3769,7,0,2014-10.pdf
2014-10,comerciais_leves,Furgões Pequenos,3310,3310,4,0,2014-10.pdf
2014-10,comerciais_leves,Pick-up's Grandes,14736,14736,11,0,2014-10.pdf
2014-10,comerciais_leves,Pick-up's Pequenas,26129,26129,6,0,2014-10.pdf
2014-11,automoveis,Grandcab,3260,3260,4,0,2014-11.pdf
2014-11,automoveis,Hatch Médios,6224,6224,6,0,2014-11.pdf
2014-11,automoveis,Hatch Pequenos,53294,53294,11,0,2014-11.pdf
2014-11,automoveis,Monocab,8341,8341,11,0,2014-11.pdf
2014-11,automoveis,Sedans Compactos,8971,8971,6,0,2014-11.pdf
2014-11,automoveis,Sedans Grandes,1288,1288,12,0,2014-11.pdf
2014-11,automoveis,Sedans Pequenos,39697,39697,10,0,2014-11.pdf
2014-11,automoveis,Sedans médios,20471,20471,21,0,2014-11.pdf
2014-11,automoveis,Sports,165,165,9,0,2014-11.pdf
2014-11,automoveis,Suv's,24040,24040,40,0,2014-11.pdf
2014-11,automoveis,Sw Grandes,22,22,7,0,2014-11.pdf
2014-11,automoveis,Sw Médios,2022,2022,4,0,2014-11.pdf
2014-11,automoveis,Veículos de Entrada,63661,63661,9,0,2014-11.pdf
2014-11,comerciais_leves,Furgões,4578,4578,7,0,2014-11.pdf
2014-11,comerciais_leves,Furgões Pequenos,2948,2948,4,0,2014-11.pdf
2014-11,comerciais_leves,Pick-up's Grandes,13557,13557,11,0,2014-11.pdf
2014-11,comerciais_leves,Pick-up's Pequenas,23341,23341,6,0,2014-11.pdf
2014-12,automoveis,Grandcab,3301,3301,4,0,2014-12.pdf
2014-12,automoveis,Hatch Médios,7593,7593,6,0,2014-12.pdf
2014-12,automoveis,Hatch Pequenos,68481,68481,11,0,2014-12.pdf
2014-12,automoveis,Monocab,11007,11007,11,0,2014-12.pdf
2014-12,automoveis,Sedans Compactos,11736,11736,6,0,2014-12.pdf
2014-12,automoveis,Sedans Grandes,1749,1749,12,0,2014-12.pdf
2014-12,automoveis,Sedans Pequenos,51780,51780,10,0,2014-12.pdf
2014-12,automoveis,Sedans médios,23616,23616,21,0,2014-12.pdf
2014-12,automoveis,Sports,143,143,9,0,2014-12.pdf
2014-12,automoveis,Suv's,30429,30429,40,0,2014-12.pdf
2014-12,automoveis,Sw Grandes,30,30,7,0,2014-12.pdf
2014-12,automoveis,Sw Médios,1588,1588,4,0,2014-12.pdf
2014-12,automoveis,Veículos de Entrada,87186,87186,9,0,2014-12.pdf
2014-12,comerciais_leves,Furgões,4457,4457,7,0,2014-12.pdf
2014-12,comerciais_leves,Furgões Pequenos,2912,2912,4,0,2014-12.pdf
2014-12,comerciais_leves,Pick-up's Grandes,17071,17071,11,0,2014-12.pdf
2014-12,comerciais_leves,Pick-up's Pequenas,25468,25468,6,0,2014-12.pdf
2015-01,automoveis,Grandcab,3381,3381,4,0,2015-01.pdf
2015-01,automoveis,Hatch Médios,5909,5909,6,0,2015-01.pdf
2015-01,automoveis,Hatch Pequenos,50481,50481,11,0,2015-01.pdf
2015-01,automoveis,Monocab,7773,7773,11,0,2015-01.pdf
2015-01,automoveis,Sedans Compactos,7246,7246,6,0,2015-01.pdf
2015-01,automoveis,Sedans Grandes,1275,1275,12,0,2015-01.pdf
2015-01,automoveis,Sedans Pequenos,36122,36122,10,0,2015-01.pdf
2015-01,automoveis,Sedans médios,14000,14000,21,0,2015-01.pdf
2015-01,automoveis,Sports,137,137,9,0,2015-01.pdf
2015-01,automoveis,Suv's,20810,20810,40,0,2015-01.pdf
2015-01,automoveis,Sw Grandes,15,15,3,0,2015-01.pdf
2015-01,automoveis,Sw Médios,1847,1847,4,0,2015-01.pdf
2015-01,automoveis,Veículos de Entrada,54760,54760,9,0,2015-01.pdf
2015-01,comerciais_leves,Furgões,2720,2720,7,0,2015-01.pdf
2015-01,comerciais_leves,Furgões Pequenos,2045,2045,4,0,2015-01.pdf
2015-01,comerciais_leves,Pick-up's Grandes,12427,12427,11,0,2015-01.pdf
2015-01,comerciais_leves,Pick-up's Pequenas,20006,20006,6,0,2015-01.pdf
2015-02,automoveis,Grandcab,1811,1811,4,0,2015-02.pdf
2015-02,automoveis,Hatch Médios,4323,4323,6,0,2015-02.pdf
2015-02,automoveis,Hatch Pequenos,33616,33616,11,0,2015-02.pdf
2015-02,automoveis,Monocab,7191,7191,11,0,2015-02.pdf
2015-02,automoveis,Sedans Compactos,5498,5498,6,0,2015-02.pdf
2015-02,automoveis,Sedans Grandes,888,888,12,0,2015-02.pdf
2015-02,automoveis,Sedans Pequenos,26085,26085,10,0,2015-02.pdf
2015-02,automoveis,Sedans médios,12278,12278,21,0,2015-02.pdf
2015-02,automoveis,Sports,96,96,9,0,2015-02.pdf
2015-02,automoveis,Suv's,15476,15476,40,0,2015-02.pdf
2015-02,automoveis,Sw Grandes,11,11,4,0,2015-02.pdf
2015-02,automoveis,Sw Médios,1242,1242,4,0,2015-02.pdf
2015-02,automoveis,Veículos de Entrada,39380,39380,9,0,2015-02.pdf
2015-02,comerciais_leves,Furgões,2539,2539,7,0,2015-02.pdf
2015-02,comerciais_leves,Furgões Pequenos,1799,1799,4,0,2015-02.pdf
2015-02,comerciais_leves,Pick-up's Grandes,8430,8430,11,0,2015-02.pdf
2015-02,comerciais_leves,Pick-up's Pequenas,15806,15806,6,0,2015-02.pdf
2015-03,automoveis,Grandcab,2172,2172,4,0,2015-03.pdf
2015-03,automoveis,Hatch Médios,5187,5187,6,0,2015-03.pdf
2015-03,automoveis,Hatch Pequenos,43343,43343,11,0,2015-03.pdf
2015-03,automoveis,Monocab,7304,7304,11,0,2015-03.pdf
2015-03,automoveis,Sedans Compactos,6401,6401,6,0,2015-03.pdf
2015-03,automoveis,Sedans Grandes,1258,1258,12,0,2015-03.pdf
2015-03,automoveis,Sedans Pequenos,34469,34469,10,0,2015-03.pdf
2015-03,automoveis,Sedans médios,16319,16319,21,0,2015-03.pdf
2015-03,automoveis,Sports,155,155,9,0,2015-03.pdf
2015-03,automoveis,Suv's,21301,21301,40,0,2015-03.pdf
2015-03,automoveis,Sw Grandes,18,18,4,0,2015-03.pdf
2015-03,automoveis,Sw Médios,1268,1268,4,0,2015-03.pdf
2015-03,automoveis,Veículos de Entrada,47872,47872,9,0,2015-03.pdf
2015-03,comerciais_leves,Furgões,3161,3161,7,0,2015-03.pdf
2015-03,comerciais_leves,Furgões Pequenos,1837,1837,4,0,2015-03.pdf
2015-03,comerciais_leves,Pick-up's Grandes,11686,11686,11,0,2015-03.pdf
2015-03,comerciais_leves,Pick-up's Pequenas,18950,18950,6,0,2015-03.pdf
2015-04,automoveis,Grandcab,2767,2767,4,0,2015-04.pdf
2015-04,automoveis,Hatch Médios,5132,5132,6,0,2015-04.pdf
2015-04,automoveis,Hatch Pequenos,38432,38432,11,0,2015-04.pdf
2015-04,automoveis,Monocab,5867,5867,11,0,2015-04.pdf
2015-04,automoveis,Sedans Compactos,5781,5781,6,0,2015-04.pdf
2015-04,automoveis,Sedans Grandes,1491,1491,12,0,2015-04.pdf
2015-04,automoveis,Sedans Pequenos,32118,32118,10,0,2015-04.pdf
2015-04,automoveis,Sedans médios,15748,15748,21,0,2015-04.pdf
2015-04,automoveis,Sports,125,125,9,0,2015-04.pdf
2015-04,automoveis,Suv's,23528,23528,40,0,2015-04.pdf
2015-04,automoveis,Sw Grandes,42,42,4,0,2015-04.pdf
2015-04,automoveis,Sw Médios,2056,2056,4,0,2015-04.pdf
2015-04,automoveis,Veículos de Entrada,43637,43637,9,0,2015-04.pdf
2015-04,comerciais_leves,Furgões,3204,3204,7,0,2015-04.pdf
2015-04,comerciais_leves,Furgões Pequenos,1804,1804,4,0,2015-04.pdf
2015-04,comerciais_leves,Pick-up's Grandes,10394,10394,11,0,2015-04.pdf
2015-04,comerciais_leves,Pick-up's Pequenas,16611,16611,6,0,2015-04.pdf
2015-05,automoveis,Grandcab,2307,2307,4,0,2015-05.pdf
2015-05,automoveis,Hatch Médios,4653,4653,6,0,2015-05.pdf
2015-05,automoveis,Hatch Pequenos,38621,38621,11,0,2015-05.pdf
2015-05,automoveis,Monocab,4592,4592,11,0,2015-05.pdf
2015-05,automoveis,Sedans Compactos,4922,4922,6,0,2015-05.pdf
2015-05,automoveis,Sedans Grandes,1616,1616,12,0,2015-05.pdf
2015-05,automoveis,Sedans Pequenos,30124,30124,10,0,2015-05.pdf
2015-05,automoveis,Sedans médios,16467,16467,21,0,2015-05.pdf
2015-05,automoveis,Sports,166,166,9,0,2015-05.pdf
2015-05,automoveis,Suv's,24837,24837,40,0,2015-05.pdf
2015-05,automoveis,Sw Grandes,39,39,5,0,2015-05.pdf
2015-05,automoveis,Sw Médios,1708,1708,4,0,2015-05.pdf
2015-05,automoveis,Veículos de Entrada,43364,43364,9,0,2015-05.pdf
2015-05,comerciais_leves,Furgões,2555,2555,7,0,2015-05.pdf
2015-05,comerciais_leves,Furgões Pequenos,1667,1667,4,0,2015-05.pdf
2015-05,comerciais_leves,Pick-up's Grandes,10724,10724,11,0,2015-05.pdf
2015-05,comerciais_leves,Pick-up's Pequenas,13973,13973,6,0,2015-05.pdf
2015-06,automoveis,Grandcab,2386,2386,4,0,2015-06.pdf
2015-06,automoveis,Hatch Médios,4552,4552,6,0,2015-06.pdf
2015-06,automoveis,Hatch Pequenos,39584,39584,11,0,2015-06.pdf
2015-06,automoveis,Monocab,4664,4664,11,0,2015-06.pdf
2015-06,automoveis,Sedans Compactos,4928,4928,6,0,2015-06.pdf
2015-06,automoveis,Sedans Grandes,1489,1489,12,0,2015-06.pdf
2015-06,automoveis,Sedans Pequenos,29643,29643,10,0,2015-06.pdf
2015-06,automoveis,Sedans médios,17276,17276,21,0,2015-06.pdf
2015-06,automoveis,Sports,180,180,9,0,2015-06.pdf
2015-06,automoveis,Suv's,27198,27198,40,0,2015-06.pdf
2015-06,automoveis,Sw Grandes,146,146,5,0,2015-06.pdf
2015-06,automoveis,Sw Médios,1754,1754,4,0,2015-06.pdf
2015-06,automoveis,Veículos de Entrada,39238,39238,9,0,2015-06.pdf
2015-06,comerciais_leves,Furgões,2510,2510,7,0,2015-06.pdf
2015-06,comerciais_leves,Furgões Pequenos,1646,1646,4,0,2015-06.pdf
2015-06,comerciais_leves,Pick-up's Grandes,9318,9318,11,0,2015-06.pdf
2015-06,comerciais_leves,Pick-up's Pequenas,15579,15579,6,0,2015-06.pdf
2015-07,automoveis,Grandcab,1895,1895,4,0,2015-07.pdf
2015-07,automoveis,Hatch Médios,4742,4742,6,0,2015-07.pdf
2015-07,automoveis,Hatch Pequenos,43372,43372,11,0,2015-07.pdf
2015-07,automoveis,Monocab,4525,4525,11,0,2015-07.pdf
2015-07,automoveis,Sedans Compactos,4060,4060,6,0,2015-07.pdf
2015-07,automoveis,Sedans Grandes,1471,1471,12,0,2015-07.pdf
2015-07,automoveis,Sedans Pequenos,33160,33160,10,0,2015-07.pdf
2015-07,automoveis,Sedans médios,17622,17622,21,0,2015-07.pdf
2015-07,automoveis,Sports,135,135,9,0,2015-07.pdf
2015-07,automoveis,Suv's,29062,29062,40,0,2015-07.pdf
2015-07,automoveis,Sw Grandes,216,216,5,0,2015-07.pdf
2015-07,automoveis,Sw Médios,1511,1511,4,0,2015-07.pdf
2015-07,automoveis,Veículos de Entrada,42850,42850,9,0,2015-07.pdf
2015-07,comerciais_leves,Furgões,2604,2604,7,0,2015-07.pdf
2015-07,comerciais_leves,Furgões Pequenos,1781,1781,4,0,2015-07.pdf
2015-07,comerciais_leves,Pick-up's Grandes,10341,10341,11,0,2015-07.pdf
2015-07,comerciais_leves,Pick-up's Pequenas,17356,17356,6,0,2015-07.pdf
2015-08,automoveis,Grandcab,1815,1815,4,0,2015-08.pdf
2015-08,automoveis,Hatch Médios,5069,5069,6,0,2015-08.pdf
2015-08,automoveis,Hatch Pequenos,41171,41171,11,0,2015-08.pdf
2015-08,automoveis,Monocab,4538,4538,11,0,2015-08.pdf
2015-08,automoveis,Sedans Compactos,3893,3893,6,0,2015-08.pdf
2015-08,automoveis,Sedans Grandes,1301,1301,12,0,2015-08.pdf
2015-08,automoveis,Sedans Pequenos,28521,28521,10,0,2015-08.pdf
2015-08,automoveis,Sedans médios,15841,15841,21,0,2015-08.pdf
2015-08,automoveis,Sports,108,108,9,0,2015-08.pdf
2015-08,automoveis,Suv's,27951,27951,40,0,2015-08.pdf
2015-08,automoveis,Sw Grandes,160,160,5,0,2015-08.pdf
2015-08,automoveis,Sw Médios,1624,1624,4,0,2015-08.pdf
2015-08,automoveis,Veículos de Entrada,38762,38762,9,0,2015-08.pdf
2015-08,comerciais_leves,Furgões,2326,2326,7,0,2015-08.pdf
2015-08,comerciais_leves,Furgões Pequenos,1631,1631,4,0,2015-08.pdf
2015-08,comerciais_leves,Pick-up's Grandes,8355,8355,11,0,2015-08.pdf
2015-08,comerciais_leves,Pick-up's Pequenas,14634,14634,6,0,2015-08.pdf
2015-09,automoveis,Grandcab,1840,1840,4,0,2015-09.pdf
2015-09,automoveis,Hatch Médios,4552,4552,6,0,2015-09.pdf
2015-09,automoveis,Hatch Pequenos,39406,39406,11,0,2015-09.pdf
2015-09,automoveis,Monocab,5397,5397,11,0,2015-09.pdf
2015-09,automoveis,Sedans Compactos,4135,4135,6,0,2015-09.pdf
2015-09,automoveis,Sedans Grandes,1572,1572,12,0,2015-09.pdf
2015-09,automoveis,Sedans Pequenos,27311,27311,10,0,2015-09.pdf
2015-09,automoveis,Sedans médios,14513,14513,21,0,2015-09.pdf
2015-09,automoveis,Sports,126,126,9,0,2015-09.pdf
2015-09,automoveis,Suv's,28710,28710,40,0,2015-09.pdf
2015-09,automoveis,Sw Grandes,165,165,6,0,2015-09.pdf
2015-09,automoveis,Sw Médios,1110,1110,4,0,2015-09.pdf
2015-09,automoveis,Veículos de Entrada,35652,35652,9,0,2015-09.pdf
2015-09,comerciais_leves,Furgões,2035,2035,7,0,2015-09.pdf
2015-09,comerciais_leves,Furgões Pequenos,1445,1445,4,0,2015-09.pdf
2015-09,comerciais_leves,Pick-up's Grandes,9482,9482,11,0,2015-09.pdf
2015-09,comerciais_leves,Pick-up's Pequenas,13013,13013,6,0,2015-09.pdf
2015-10,automoveis,Grandcab,2593,2593,4,0,2015-10.pdf
2015-10,automoveis,Hatch Médios,4327,4327,6,0,2015-10.pdf
2015-10,automoveis,Hatch Pequenos,37996,37996,11,0,2015-10.pdf
2015-10,automoveis,Monocab,4944,4944,11,0,2015-10.pdf
2015-10,automoveis,Sedans Compactos,3898,3898,6,0,2015-10.pdf
2015-10,automoveis,Sedans Grandes,2079,2079,12,0,2015-10.pdf
2015-10,automoveis,Sedans Pequenos,26861,26861,10,0,2015-10.pdf
2015-10,automoveis,Sedans médios,14405,14405,21,0,2015-10.pdf
2015-10,automoveis,Sports,113,113,9,0,2015-10.pdf
2015-10,automoveis,Suv's,27382,27382,40,0,2015-10.pdf
2015-10,automoveis,Sw Grandes,148,148,6,0,2015-10.pdf
2015-10,automoveis,Sw Médios,1257,1257,4,0,2015-10.pdf
2015-10,automoveis,Veículos de Entrada,33650,33650,9,0,2015-10.pdf
2015-10,comerciais_leves,Furgões,1910,1910,7,0,2015-10.pdf
2015-10,comerciais_leves,Furgões Pequenos,1812,1812,4,0,2015-10.pdf
2015-10,comerciais_leves,Pick-up's Grandes,8289,8289,11,0,2015-10.pdf
2015-10,comerciais_leves,Pick-up's Pequenas,11394,11394,6,0,2015-10.pdf
2015-11,automoveis,Grandcab,2439,2439,4,0,2015-11.pdf
2015-11,automoveis,Hatch Médios,3827,3827,6,0,2015-11.pdf
2015-11,automoveis,Hatch Pequenos,39565,39565,11,0,2015-11.pdf
2015-11,automoveis,Monocab,4953,4953,11,0,2015-11.pdf
2015-11,automoveis,Sedans Compactos,4238,4238,6,0,2015-11.pdf
2015-11,automoveis,Sedans Grandes,1481,1481,12,0,2015-11.pdf
2015-11,automoveis,Sedans Pequenos,28212,28212,10,0,2015-11.pdf
2015-11,automoveis,Sedans médios,13402,13402,21,0,2015-11.pdf
2015-11,automoveis,Sports,110,110,9,0,2015-11.pdf
2015-11,automoveis,Suv's,27957,27957,40,0,2015-11.pdf
2015-11,automoveis,Sw Grandes,146,146,6,0,2015-11.pdf
2015-11,automoveis,Sw Médios,1167,1167,4,0,2015-11.pdf
2015-11,automoveis,Veículos de Entrada,36495,36495,9,0,2015-11.pdf
2015-11,comerciais_leves,Furgões,2097,2097,7,0,2015-11.pdf
2015-11,comerciais_leves,Furgões Pequenos,1475,1475,4,0,2015-11.pdf
2015-11,comerciais_leves,Pick-up's Grandes,8728,8728,11,0,2015-11.pdf
2015-11,comerciais_leves,Pick-up's Pequenas,10785,10785,6,0,2015-11.pdf
2015-12,automoveis,Grandcab,2491,2491,4,0,2015-12.pdf
2015-12,automoveis,Hatch Médios,4550,4550,6,0,2015-12.pdf
2015-12,automoveis,Hatch Pequenos,47757,47757,11,0,2015-12.pdf
2015-12,automoveis,Monocab,5666,5666,11,0,2015-12.pdf
2015-12,automoveis,Sedans Compactos,5556,5556,6,0,2015-12.pdf
2015-12,automoveis,Sedans Grandes,1985,1985,12,0,2015-12.pdf
2015-12,automoveis,Sedans Pequenos,32485,32485,10,0,2015-12.pdf
2015-12,automoveis,Sedans médios,16139,16139,21,0,2015-12.pdf
2015-12,automoveis,Sports,132,132,9,0,2015-12.pdf
2015-12,automoveis,Suv's,31537,31537,40,0,2015-12.pdf
2015-12,automoveis,Sw Grandes,150,150,6,0,2015-12.pdf
2015-12,automoveis,Sw Médios,1200,1200,4,0,2015-12.pdf
2015-12,automoveis,Veículos de Entrada,40911,40911,9,0,2015-12.pdf
2015-12,comerciais_leves,Furgões,2068,2068,7,0,2015-12.pdf
2015-12,comerciais_leves,Furgões Pequenos,1732,1732,4,0,2015-12.pdf
2015-12,comerciais_leves,Pick-up's Grandes,12131,12131,11,0,2015-12.pdf
2015-12,comerciais_leves,Pick-up's Pequenas,10914,10914,6,0,2015-12.pdf
2016-01,automoveis,Grandcab,1717,1717,4,0,2016-01.pdf
2016-01,automoveis,Hatch Médios,4017,4017,6,0,2016-01.pdf
2016-01,automoveis,Hatch Pequenos,34993,34993,11,0,2016-01.pdf
2016-01,automoveis,Monocab,3827,3827,9,0,2016-01.pdf
2016-01,automoveis,Sedans Compactos,3483,3483,6,0,2016-01.pdf
2016-01,automoveis,Sedans Grandes,765,765,12,0,2016-01.pdf
2016-01,automoveis,Sedans Pequenos,22026,22026,10,0,2016-01.pdf
2016-01,automoveis,Sedans médios,10055,10055,21,0,2016-01.pdf
2016-01,automoveis,Sports,105,105,9,0,2016-01.pdf
2016-01,automoveis,Suv's,21176,21176,40,0,2016-01.pdf
2016-01,automoveis,Sw Grandes,127,127,4,0,2016-01.pdf
2016-01,automoveis,Sw Médios,817,817,4,0,2016-01.pdf
2016-01,automoveis,Veículos de Entrada,26931,26931,9,0,2016-01.pdf
2016-01,comerciais_leves,Furgões,1586,1586,7,0,2016-01.pdf
2016-01,comerciais_leves,Furgões Pequenos,804,804,4,0,2016-01.pdf
2016-01,comerciais_leves,Pick-up's Grandes,7757,7757,11,0,2016-01.pdf
2016-01,comerciais_leves,Pick-up's Pequenas,8015,8015,4,0,2016-01.pdf
2016-02,automoveis,Grandcab,1285,1285,4,0,2016-02.pdf
2016-02,automoveis,Hatch Médios,3037,3037,6,0,2016-02.pdf
2016-02,automoveis,Hatch Pequenos,31190,31190,11,0,2016-02.pdf
2016-02,automoveis,Monocab,3125,3125,9,0,2016-02.pdf
2016-02,automoveis,Sedans Compactos,3035,3035,6,0,2016-02.pdf
2016-02,automoveis,Sedans Grandes,601,601,12,0,2016-02.pdf
2016-02,automoveis,Sedans Pequenos,20669,20669,10,0,2016-02.pdf
2016-02,automoveis,Sedans médios,10722,10722,21,0,2016-02.pdf
2016-02,automoveis,Sports,88,88,9,0,2016-02.pdf
2016-02,automoveis,Suv's,20823,20823,40,0,2016-02.pdf
2016-02,automoveis,Sw Grandes,104,104,4,0,2016-02.pdf
2016-02,automoveis,Sw Médios,966,966,4,0,2016-02.pdf
2016-02,automoveis,Veículos de Entrada,26001,26001,8,0,2016-02.pdf
2016-02,comerciais_leves,Furgões,1658,1658,7,0,2016-02.pdf
2016-02,comerciais_leves,Furgões Pequenos,946,946,4,0,2016-02.pdf
2016-02,comerciais_leves,Pick-up's Grandes,8474,8474,11,0,2016-02.pdf
2016-02,comerciais_leves,Pick-up's Pequenas,8013,8013,4,0,2016-02.pdf
2016-03,automoveis,Grandcab,1477,1477,4,0,2016-03.pdf
2016-03,automoveis,Hatch Médios,3349,3349,6,0,2016-03.pdf
2016-03,automoveis,Hatch Pequenos,37093,37093,11,0,2016-03.pdf
2016-03,automoveis,Monocab,3499,3499,10,0,2016-03.pdf
2016-03,automoveis,Sedans Compactos,4237,4237,6,0,2016-03.pdf
2016-03,automoveis,Sedans Grandes,780,780,12,0,2016-03.pdf
2016-03,automoveis,Sedans Pequenos,25089,25089,10,0,2016-03.pdf
2016-03,automoveis,Sedans médios,12928,12928,21,0,2016-03.pdf
2016-03,automoveis,Sports,86,86,9,0,2016-03.pdf
2016-03,automoveis,Suv's,25603,25603,40,0,2016-03.pdf
2016-03,automoveis,Sw Grandes,136,136,4,0,2016-03.pdf
2016-03,automoveis,Sw Médios,1136,1136,4,0,2016-03.pdf
2016-03,automoveis,Veículos de Entrada,30665,30665,9,0,2016-03.pdf
2016-03,comerciais_leves,Furgões,1809,1809,7,0,2016-03.pdf
2016-03,comerciais_leves,Furgões Pequenos,1263,1263,4,0,2016-03.pdf
2016-03,comerciais_leves,Pick-up's Grandes,13505,13505,11,0,2016-03.pdf
2016-03,comerciais_leves,Pick-up's Pequenas,8702,8702,4,0,2016-03.pdf
2016-04,automoveis,Grandcab,1770,1770,4,0,2016-04.pdf
2016-04,automoveis,Hatch Médios,2685,2685,6,0,2016-04.pdf
2016-04,automoveis,Hatch Pequenos,33678,33678,11,0,2016-04.pdf
2016-04,automoveis,Monocab,3403,3403,11,0,2016-04.pdf
2016-04,automoveis,Sedans Compactos,3674,3674,6,0,2016-04.pdf
2016-04,automoveis,Sedans Grandes,572,572,12,0,2016-04.pdf
2016-04,automoveis,Sedans Pequenos,22539,22539,10,0,2016-04.pdf
2016-04,automoveis,Sedans médios,11367,11367,21,0,2016-04.pdf
2016-04,automoveis,Sports,68,68,9,0,2016-04.pdf
2016-04,automoveis,Suv's,23663,23663,40,0,2016-04.pdf
2016-04,automoveis,Sw Grandes,89,89,5,0,2016-04.pdf
2016-04,automoveis,Sw Médios,606,606,4,0,2016-04.pdf
2016-04,automoveis,Veículos de Entrada,26498,26498,9,0,2016-04.pdf
2016-04,comerciais_leves,Furgões,1931,1931,7,0,2016-04.pdf
2016-04,comerciais_leves,Furgões Pequenos,1204,1204,4,0,2016-04.pdf
2016-04,comerciais_leves,Pick-up's Grandes,12789,12789,11,0,2016-04.pdf
2016-04,comerciais_leves,Pick-up's Pequenas,9371,9371,4,0,2016-04.pdf
2016-05,automoveis,Grandcab,2044,2044,4,0,2016-05.pdf
2016-05,automoveis,Hatch Médios,2351,2351,6,0,2016-05.pdf
2016-05,automoveis,Hatch Pequenos,33832,33832,11,0,2016-05.pdf
2016-05,automoveis,Monocab,3405,3405,11,0,2016-05.pdf
2016-05,automoveis,Sedans Compactos,3562,3562,6,0,2016-05.pdf
2016-05,automoveis,Sedans Grandes,599,599,12,0,2016-05.pdf
2016-05,automoveis,Sedans Pequenos,23051,23051,10,0,2016-05.pdf
2016-05,automoveis,Sedans médios,12242,12242,21,0,2016-05.pdf
2016-05,automoveis,Sports,101,101,9,0,2016-05.pdf
2016-05,automoveis,Suv's,24932,24932,40,0,2016-05.pdf
2016-05,automoveis,Sw Grandes,131,131,5,0,2016-05.pdf
2016-05,automoveis,Sw Médios,674,674,4,0,2016-05.pdf
2016-05,automoveis,Veículos de Entrada,29122,29122,9,0,2016-05.pdf
2016-05,comerciais_leves,Furgões,1520,1520,7,0,2016-05.pdf
2016-05,comerciais_leves,Furgões Pequenos,1031,1031,4,0,2016-05.pdf
2016-05,comerciais_leves,Pick-up's Grandes,12850,12850,11,0,2016-05.pdf
2016-05,comerciais_leves,Pick-up's Pequenas,9088,9088,4,0,2016-05.pdf
2016-06,automoveis,Grandcab,2131,2129,4,2,2016-06.pdf
2016-06,automoveis,Hatch Médios,2510,2085,6,425,2016-06.pdf
2016-06,automoveis,Hatch Pequenos,36591,36477,11,114,2016-06.pdf
2016-06,automoveis,Monocab,3433,3433,11,0,2016-06.pdf
2016-06,automoveis,Sedans Compactos,3316,3316,6,0,2016-06.pdf
2016-06,automoveis,Sedans Grandes,764,680,12,84,2016-06.pdf
2016-06,automoveis,Sedans Pequenos,23497,23497,10,0,2016-06.pdf
2016-06,automoveis,Sedans médios,11220,11188,21,32,2016-06.pdf
2016-06,automoveis,Sports,174,139,9,35,2016-06.pdf
2016-06,automoveis,Suv's,25076,24542,40,534,2016-06.pdf
2016-06,automoveis,Sw Grandes,144,144,5,0,2016-06.pdf
2016-06,automoveis,Sw Médios,829,829,4,0,2016-06.pdf
2016-06,automoveis,Veículos de Entrada,29828,29828,9,0,2016-06.pdf
2016-06,comerciais_leves,Furgões,1786,1594,7,192,2016-06.pdf
2016-06,comerciais_leves,Furgões Pequenos,1320,1319,4,1,2016-06.pdf
2016-06,comerciais_leves,Pick-up's Grandes,13937,13932,11,5,2016-06.pdf
2016-06,comerciais_leves,Pick-up's Pequenas,9803,9803,4,0,2016-06.pdf
2016-07,automoveis,Grandcab,2508,2501,4,7,2016-07.pdf
2016-07,automoveis,Hatch Médios,2628,2141,6,487,2016-07.pdf
2016-07,automoveis,Hatch Pequenos,36081,35955,11,126,2016-07.pdf
2016-07,automoveis,Monocab,3131,3131,11,0,2016-07.pdf
2016-07,automoveis,Sedans Compactos,3194,3194,6,0,2016-07.pdf
2016-07,automoveis,Sedans Grandes,760,685,12,75,2016-07.pdf
2016-07,automoveis,Sedans Pequenos,25482,25481,10,1,2016-07.pdf
2016-07,automoveis,Sedans médios,11848,11809,21,39,2016-07.pdf
2016-07,automoveis,Sports,175,142,9,33,2016-07.pdf
2016-07,automoveis,Suv's,24652,24118,40,534,2016-07.pdf
2016-07,automoveis,Sw Grandes,119,119,5,0,2016-07.pdf
2016-07,automoveis,Sw Médios,708,705,4,3,2016-07.pdf
2016-07,automoveis,Veículos de Entrada,35268,35257,9,11,2016-07.pdf
2016-07,comerciais_leves,Furgões,1635,1441,7,194,2016-07.pdf
2016-07,comerciais_leves,Furgões Pequenos,1285,1279,4,6,2016-07.pdf
2016-07,comerciais_leves,Pick-up's Grandes,14129,14126,11,3,2016-07.pdf
2016-07,comerciais_leves,Pick-up's Pequenas,11146,11146,5,0,2016-07.pdf
2016-08,automoveis,Grandcab,2251,2246,4,5,2016-08.pdf
2016-08,automoveis,Hatch Médios,2527,2111,6,416,2016-08.pdf
2016-08,automoveis,Hatch Pequenos,38381,38257,11,124,2016-08.pdf
2016-08,automoveis,Monocab,3320,3320,11,0,2016-08.pdf
2016-08,automoveis,Sedans Compactos,3700,3698,6,2,2016-08.pdf
2016-08,automoveis,Sedans Grandes,899,788,12,111,2016-08.pdf
2016-08,automoveis,Sedans Pequenos,24977,24977,10,0,2016-08.pdf
2016-08,automoveis,Sedans médios,11704,11661,21,43,2016-08.pdf
2016-08,automoveis,Sports,204,153,9,51,2016-08.pdf
2016-08,automoveis,Suv's,27074,26467,40,607,2016-08.pdf
2016-08,automoveis,Sw Grandes,71,71,7,0,2016-08.pdf
2016-08,automoveis,Sw Médios,837,832,4,5,2016-08.pdf
2016-08,automoveis,Veículos de Entrada,32746,32698,9,48,2016-08.pdf
2016-08,comerciais_leves,Furgões,1731,1551,7,180,2016-08.pdf
2016-08,comerciais_leves,Furgões Pequenos,1285,1285,4,0,2016-08.pdf
2016-08,comerciais_leves,Pick-up's Grandes,14427,14422,11,5,2016-08.pdf
2016-08,comerciais_leves,Pick-up's Pequenas,11768,11768,5,0,2016-08.pdf
2016-09,automoveis,Grandcab,1661,1654,4,7,2016-09.pdf
2016-09,automoveis,Hatch Médios,2323,1899,6,424,2016-09.pdf
2016-09,automoveis,Hatch Pequenos,35007,34924,11,83,2016-09.pdf
2016-09,automoveis,Monocab,3234,3234,11,0,2016-09.pdf
2016-09,automoveis,Sedans Compactos,2992,2992,6,0,2016-09.pdf
2016-09,automoveis,Sedans Grandes,743,655,12,88,2016-09.pdf
2016-09,automoveis,Sedans Pequenos,21396,21396,10,0,2016-09.pdf
2016-09,automoveis,Sedans médios,13405,13374,21,31,2016-09.pdf
2016-09,automoveis,Sports,163,121,9,42,2016-09.pdf
2016-09,automoveis,Suv's,26412,25607,40,805,2016-09.pdf
2016-09,automoveis,Sw Grandes,42,42,8,0,2016-09.pdf
2016-09,automoveis,Sw Médios,557,556,4,1,2016-09.pdf
2016-09,automoveis,Veículos de Entrada,22876,22875,9,1,2016-09.pdf
2016-09,comerciais_leves,Furgões,1727,1553,7,174,2016-09.pdf
2016-09,comerciais_leves,Furgões Pequenos,894,890,4,4,2016-09.pdf
2016-09,comerciais_leves,Pick-up's Grandes,13295,13287,11,8,2016-09.pdf
2016-09,comerciais_leves,Pick-up's Pequenas,8203,8203,6,0,2016-09.pdf
2016-10,automoveis,Grandcab,1951,1949,4,2,2016-10.pdf
2016-10,automoveis,Hatch Médios,2102,1481,6,621,2016-10.pdf
2016-10,automoveis,Hatch Pequenos,38141,38070,11,71,2016-10.pdf
2016-10,automoveis,Monocab,3444,3444,11,0,2016-10.pdf
2016-10,automoveis,Sedans Compactos,2913,2913,6,0,2016-10.pdf
2016-10,automoveis,Sedans Grandes,702,591,12,111,2016-10.pdf
2016-10,automoveis,Sedans Pequenos,20554,20554,10,0,2016-10.pdf
2016-10,automoveis,Sedans médios,13485,13434,21,51,2016-10.pdf
2016-10,automoveis,Sports,116,97,9,19,2016-10.pdf
2016-10,automoveis,Suv's,24034,23174,40,860,2016-10.pdf
2016-10,automoveis,Sw Grandes,52,52,8,0,2016-10.pdf
2016-10,automoveis,Sw Médios,1051,1050,4,1,2016-10.pdf
2016-10,automoveis,Veículos de Entrada,23659,23658,9,1,2016-10.pdf
2016-10,comerciais_leves,Furgões,1289,1153,7,136,2016-10.pdf
2016-10,comerciais_leves,Furgões Pequenos,891,891,4,0,2016-10.pdf
2016-10,comerciais_leves,Pick-up's Grandes,13636,13629,11,7,2016-10.pdf
2016-10,comerciais_leves,Pick-up's Pequenas,6826,6826,6,0,2016-10.pdf
2016-11,automoveis,Grandcab,2295,2291,4,4,2016-11.pdf
2016-11,automoveis,Hatch Médios,2120,1697,6,423,2016-11.pdf
2016-11,automoveis,Hatch Pequenos,41662,41554,11,108,2016-11.pdf
2016-11,automoveis,Monocab,3351,3351,11,0,2016-11.pdf
2016-11,automoveis,Sedans Compactos,3204,3204,6,0,2016-11.pdf
2016-11,automoveis,Sedans Grandes,823,672,12,151,2016-11.pdf
2016-11,automoveis,Sedans Pequenos,24255,24254,10,1,2016-11.pdf
2016-11,automoveis,Sedans médios,12733,12692,21,41,2016-11.pdf
2016-11,automoveis,Sports,175,140,9,35,2016-11.pdf
2016-11,automoveis,Suv's,24888,24279,40,609,2016-11.pdf
2016-11,automoveis,Sw Grandes,84,84,8,0,2016-11.pdf
2016-11,automoveis,Sw Médios,583,581,4,2,2016-11.pdf
2016-11,automoveis,Veículos de Entrada,32568,32567,9,1,2016-11.pdf
2016-11,comerciais_leves,Furgões,1529,1339,7,190,2016-11.pdf
2016-11,comerciais_leves,Furgões Pequenos,1038,1035,4,3,2016-11.pdf
2016-11,comerciais_leves,Pick-up's Grandes,14308,14302,11,6,2016-11.pdf
2016-11,comerciais_leves,Pick-up's Pequenas,7997,7997,6,0,2016-11.pdf
2016-12,automoveis,Grandcab,2304,2304,4,0,2016-12.pdf
2016-12,automoveis,Hatch Médios,1791,1656,6,135,2016-12.pdf
2016-12,automoveis,Hatch Pequenos,47130,46880,11,250,2016-12.pdf
2016-12,automoveis,Monocab,4279,4279,11,0,2016-12.pdf
2016-12,automoveis,Sedans Compactos,3420,3420,6,0,2016-12.pdf
2016-12,automoveis,Sedans Grandes,1059,958,12,101,2016-12.pdf
2016-12,automoveis,Sedans Pequenos,27833,27833,10,0,2016-12.pdf
2016-12,automoveis,Sedans médios,14432,14378,21,54,2016-12.pdf
2016-12,automoveis,Sports,220,171,9,49,2016-12.pdf
2016-12,automoveis,Suv's,30955,30093,40,862,2016-12.pdf
2016-12,automoveis,Sw Grandes,88,88,8,0,2016-12.pdf
2016-12,automoveis,Sw Médios,1072,1072,4,0,2016-12.pdf
2016-12,automoveis,Veículos de Entrada,35366,35365,9,1,2016-12.pdf
2016-12,comerciais_leves,Furgões,1545,1402,7,143,2016-12.pdf
2016-12,comerciais_leves,Furgões Pequenos,1162,1160,4,2,2016-12.pdf
2016-12,comerciais_leves,Pick-up's Grandes,17068,17061,11,7,2016-12.pdf
2016-12,comerciais_leves,Pick-up's Pequenas,9242,9242,6,0,2016-12.pdf
2017-01,automoveis,Grandcab,2108,2106,4,2,2017-01.pdf
2017-01,automoveis,Hatch Médios,1744,1654,6,90,2017-01.pdf
2017-01,automoveis,Hatch Pequenos,33809,33733,11,76,2017-01.pdf
2017-01,automoveis,Monocab,2863,2863,8,0,2017-01.pdf
2017-01,automoveis,Sedans Compactos,2784,2784,5,0,2017-01.pdf
2017-01,automoveis,Sedans Grandes,616,586,12,30,2017-01.pdf
2017-01,automoveis,Sedans Pequenos,17251,17251,10,0,2017-01.pdf
2017-01,automoveis,Sedans médios,9758,9730,21,28,2017-01.pdf
2017-01,automoveis,Sports,99,79,9,20,2017-01.pdf
2017-01,automoveis,Suv's,23577,23105,40,472,2017-01.pdf
2017-01,automoveis,Sw Grandes,47,47,6,0,2017-01.pdf
2017-01,automoveis,Sw Médios,378,378,4,0,2017-01.pdf
2017-01,automoveis,Veículos de Entrada,26322,26322,9,0,2017-01.pdf
2017-01,comerciais_leves,Furgões,1285,1173,7,112,2017-01.pdf
2017-01,comerciais_leves,Furgões Pequenos,757,754,4,3,2017-01.pdf
2017-01,comerciais_leves,Pick-up's Grandes,11675,11672,11,3,2017-01.pdf
2017-01,comerciais_leves,Pick-up's Pequenas,8463,8463,4,0,2017-01.pdf
2017-02,automoveis,Grandcab,1569,1568,4,1,2017-02.pdf
2017-02,automoveis,Hatch Médios,1533,1458,6,75,2017-02.pdf
2017-02,automoveis,Hatch Pequenos,30273,30208,11,65,2017-02.pdf
2017-02,automoveis,Monocab,2515,2515,7,0,2017-02.pdf
2017-02,automoveis,Sedans Compactos,2972,2971,6,1,2017-02.pdf
2017-02,automoveis,Sedans Grandes,575,527,12,48,2017-02.pdf
2017-02,automoveis,Sedans Pequenos,15534,15532,10,2,2017-02.pdf
2017-02,automoveis,Sedans médios,8991,8960,21,31,2017-02.pdf
2017-02,automoveis,Sports,97,70,9,27,2017-02.pdf
2017-02,automoveis,Suv's,23989,23598,40,391,2017-02.pdf
2017-02,automoveis,Sw Grandes,51,51,5,0,2017-02.pdf
2017-02,automoveis,Sw Médios,355,355,4,0,2017-02.pdf
2017-02,automoveis,Veículos de Entrada,23905,23903,9,2,2017-02.pdf
2017-02,comerciais_leves,Furgões,1350,1221,7,129,2017-02.pdf
2017-02,comerciais_leves,Furgões Pequenos,859,858,4,1,2017-02.pdf
2017-02,comerciais_leves,Pick-up's Grandes,10566,10564,11,2,2017-02.pdf
2017-02,comerciais_leves,Pick-up's Pequenas,7245,7245,4,0,2017-02.pdf
2017-03,automoveis,Grandcab,2095,2091,4,4,2017-03.pdf
2017-03,automoveis,Hatch Médios,1878,1799,6,79,2017-03.pdf
2017-03,automoveis,Hatch Pequenos,41501,41455,11,46,2017-03.pdf
2017-03,automoveis,Monocab,3023,3023,7,0,2017-03.pdf
2017-03,automoveis,Sedans Compactos,3698,3698,6,0,2017-03.pdf
2017-03,automoveis,Sedans Grandes,641,584,12,57,2017-03.pdf
2017-03,automoveis,Sedans Pequenos,25014,25013,10,1,2017-03.pdf
2017-03,automoveis,Sedans médios,13659,13631,21,28,2017-03.pdf
2017-03,automoveis,Sports,106,80,9,26,2017-03.pdf
2017-03,automoveis,Suv's,34132,33535,40,597,2017-03.pdf
2017-03,automoveis,Sw Grandes,105,105,6,0,2017-03.pdf
2017-03,automoveis,Sw Médios,314,314,4,0,2017-03.pdf
2017-03,automoveis,Veículos de Entrada,31888,31888,9,0,2017-03.pdf
2017-03,comerciais_leves,Furgões,1630,1516,7,114,2017-03.pdf
2017-03,comerciais_leves,Furgões Pequenos,1140,1138,4,2,2017-03.pdf
2017-03,comerciais_leves,Pick-up's Grandes,13335,13328,11,7,2017-03.pdf
2017-03,comerciais_leves,Pick-up's Pequenas,9655,9655,6,0,2017-03.pdf
2017-04,automoveis,Grandcab,1588,1587,4,1,2017-04.pdf
2017-04,automoveis,Hatch Médios,1553,1474,6,79,2017-04.pdf
2017-04,automoveis,Hatch Pequenos,33634,33584,11,50,2017-04.pdf
2017-04,automoveis,Monocab,2498,2498,8,0,2017-04.pdf
2017-04,automoveis,Sedans Compactos,2935,2935,6,0,2017-04.pdf
2017-04,automoveis,Sedans Grandes,602,551,12,51,2017-04.pdf
2017-04,automoveis,Sedans Pequenos,19586,19586,10,0,2017-04.pdf
2017-04,automoveis,Sedans médios,11972,11951,21,21,2017-04.pdf
2017-04,automoveis,Sports,93,68,9,25,2017-04.pdf
2017-04,automoveis,Suv's,30362,29885,40,477,2017-04.pdf
2017-04,automoveis,Sw Grandes,99,99,6,0,2017-04.pdf
2017-04,automoveis,Sw Médios,286,284,4,2,2017-04.pdf
2017-04,automoveis,Veículos de Entrada,26297,26295,9,2,2017-04.pdf
2017-04,comerciais_leves,Furgões,1396,1245,7,151,2017-04.pdf
2017-04,comerciais_leves,Furgões Pequenos,979,976,4,3,2017-04.pdf
2017-04,comerciais_leves,Pickup's Grandes,11840,11836,11,4,2017-04.pdf
2017-04,comerciais_leves,Pickup's Pequenas,6648,6648,6,0,2017-04.pdf
2017-05,automoveis,Grandcab,2012,2012,4,0,2017-05.pdf
2017-05,automoveis,Hatch Médios,1780,1675,6,105,2017-05.pdf
2017-05,automoveis,Hatch Pequenos,40785,40667,11,118,2017-05.pdf
2017-05,automoveis,Monocab,2522,2522,9,0,2017-05.pdf
2017-05,automoveis,Sedans Compactos,3980,3980,6,0,2017-05.pdf
2017-05,automoveis,Sedans Grandes,707,609,12,98,2017-05.pdf
2017-05,automoveis,Sedans Pequenos,24036,24036,10,0,2017-05.pdf
2017-05,automoveis,Sedans médios,13466,13430,21,36,2017-05.pdf
2017-05,automoveis,Sports,115,89,9,26,2017-05.pdf
2017-05,automoveis,Suv's,36117,35459,40,658,2017-05.pdf
2017-05,automoveis,Sw Grandes,69,69,6,0,2017-05.pdf
2017-05,automoveis,Sw Médios,545,545,4,0,2017-05.pdf
2017-05,automoveis,Veículos de Entrada,37147,37144,9,3,2017-05.pdf
2017-05,comerciais_leves,Furgões,1470,1303,7,167,2017-05.pdf
2017-05,comerciais_leves,Furgões Pequenos,1263,1256,4,7,2017-05.pdf
2017-05,comerciais_leves,Pick-up's Grandes,14818,14810,11,8,2017-05.pdf
2017-05,comerciais_leves,Pick-up's Pequenas,9272,9271,6,1,2017-05.pdf
2017-06,automoveis,Grandcab,2119,2119,4,0,2017-06.pdf
2017-06,automoveis,Hatch Médios,2253,2130,6,123,2017-06.pdf
2017-06,automoveis,Hatch Pequenos,44208,44151,11,57,2017-06.pdf
2017-06,automoveis,Monocab,2306,2306,10,0,2017-06.pdf
2017-06,automoveis,Sedans Compactos,3548,3548,6,0,2017-06.pdf
2017-06,automoveis,Sedans Grandes,933,835,12,98,2017-06.pdf
2017-06,automoveis,Sedans Pequenos,23536,23535,10,1,2017-06.pdf
2017-06,automoveis,Sedans médios,13710,13677,21,33,2017-06.pdf
2017-06,automoveis,Sports,118,84,9,34,2017-06.pdf
2017-06,automoveis,Suv's,34164,33262,40,902,2017-06.pdf
2017-06,automoveis,Sw Grandes,93,93,6,0,2017-06.pdf
2017-06,automoveis,Sw Médios,307,307,4,0,2017-06.pdf
2017-06,automoveis,Veículos de Entrada,33892,33891,9,1,2017-06.pdf
2017-06,comerciais_leves,Furgões,1440,1290,7,150,2017-06.pdf
2017-06,comerciais_leves,Furgões Pequenos,1134,1120,4,14,2017-06.pdf
2017-06,comerciais_leves,Pick-up's Grandes,16347,16342,11,5,2017-06.pdf
2017-06,comerciais_leves,Pick-up's Pequenas,9107,9106,6,1,2017-06.pdf
2017-07,automoveis,Grandcab,2132,2132,4,0,2017-07.pdf
2017-07,automoveis,Hatch Médios,1632,1540,6,92,2017-07.pdf
2017-07,automoveis,Hatch Pequenos,43082,39265,10,3817,2017-07.pdf
2017-07,automoveis,Monocab,2221,2221,10,0,2017-07.pdf
2017-07,automoveis,Sedans Compactos,3179,3179,6,0,2017-07.pdf
2017-07,automoveis,Sedans Grandes,855,754,12,101,2017-07.pdf
2017-07,automoveis,Sedans Pequenos,22561,22561,10,0,2017-07.pdf
2017-07,automoveis,Sedans médios,13750,13700,21,50,2017-07.pdf
2017-07,automoveis,Sports,96,74,9,22,2017-07.pdf
2017-07,automoveis,Suv's,32562,31810,40,752,2017-07.pdf
2017-07,automoveis,Sw Grandes,67,67,6,0,2017-07.pdf
2017-07,automoveis,Sw Médios,371,371,4,0,2017-07.pdf
2017-07,automoveis,Veículos de Entrada,29183,29181,9,2,2017-07.pdf
2017-07,comerciais_leves,Furgões,1779,1543,7,236,2017-07.pdf
2017-07,comerciais_leves,Furgões Pequenos,1191,1188,4,3,2017-07.pdf
2017-07,comerciais_leves,Pick-up's Grandes,15409,15407,11,2,2017-07.pdf
2017-07,comerciais_leves,Pick-up's Pequenas,8764,8764,6,0,2017-07.pdf
2017-08,automoveis,Grandcab,2179,2172,4,7,2017-08.pdf
2017-08,automoveis,Hatch Médios,1889,1819,6,70,2017-08.pdf
2017-08,automoveis,Hatch Pequenos,49402,44146,10,5256,2017-08.pdf
2017-08,automoveis,Monocab,2454,2454,10,0,2017-08.pdf
2017-08,automoveis,Sedans Compactos,3865,3865,6,0,2017-08.pdf
2017-08,automoveis,Sedans Grandes,872,797,12,75,2017-08.pdf
2017-08,automoveis,Sedans Pequenos,28070,28070,10,0,2017-08.pdf
2017-08,automoveis,Sedans médios,15428,15405,21,23,2017-08.pdf
2017-08,automoveis,Sports,103,77,9,26,2017-08.pdf
2017-08,automoveis,Suv's,40475,39510,40,965,2017-08.pdf
2017-08,automoveis,Sw Grandes,84,84,6,0,2017-08.pdf
2017-08,automoveis,Sw Médios,433,433,4,0,2017-08.pdf
2017-08,automoveis,Veículos de Entrada,35615,35612,9,3,2017-08.pdf
2017-08,comerciais_leves,Furgões,1688,1510,7,178,2017-08.pdf
2017-08,comerciais_leves,Furgões Pequenos,1121,1117,4,4,2017-08.pdf
2017-08,comerciais_leves,Pick-up's Grandes,15879,15866,11,13,2017-08.pdf
2017-08,comerciais_leves,Pick-up's Pequenas,10292,10292,6,0,2017-08.pdf
2017-09,automoveis,Grandcab,2393,2390,4,3,2017-09.pdf
2017-09,automoveis,Hatch Médios,1403,1354,6,49,2017-09.pdf
2017-09,automoveis,Hatch Pequenos,44298,43687,11,611,2017-09.pdf
2017-09,automoveis,Monocab,2154,2154,11,0,2017-09.pdf
2017-09,automoveis,Sedans Compactos,3202,3201,6,1,2017-09.pdf
2017-09,automoveis,Sedans Grandes,674,624,12,50,2017-09.pdf
2017-09,automoveis,Sedans Pequenos,25339,25339,10,0,2017-09.pdf
2017-09,automoveis,Sedans médios,14055,14027,21,28,2017-09.pdf
2017-09,automoveis,Sports,107,80,9,27,2017-09.pdf
2017-09,automoveis,Suv's,35262,34476,40,786,2017-09.pdf
2017-09,automoveis,Sw Grandes,57,57,7,0,2017-09.pdf
2017-09,automoveis,Sw Médios,402,402,4,0,2017-09.pdf
2017-09,automoveis,Veículos de Entrada,38653,38652,9,1,2017-09.pdf
2017-09,comerciais_leves,Furgões,1366,1235,7,131,2017-09.pdf
2017-09,comerciais_leves,Furgões Pequenos,1272,1272,4,0,2017-09.pdf
2017-09,comerciais_leves,Pick-up's Grandes,13615,13609,11,6,2017-09.pdf
2017-09,comerciais_leves,Pick-up's Pequenas,9307,9307,6,0,2017-09.pdf
2017-10,automoveis,Grandcab,2213,2213,4,0,2017-10.pdf
2017-10,automoveis,Hatch Médios,1537,1461,6,76,2017-10.pdf
2017-10,automoveis,Hatch Pequenos,43979,40281,10,3698,2017-10.pdf
2017-10,automoveis,Monocab,3299,3299,11,0,2017-10.pdf
2017-10,automoveis,Sedans Compactos,3184,3184,6,0,2017-10.pdf
2017-10,automoveis,Sedans Grandes,818,750,12,68,2017-10.pdf
2017-10,automoveis,Sedans Pequenos,24951,24951,10,0,2017-10.pdf
2017-10,automoveis,Sedans médios,12780,12760,21,20,2017-10.pdf
2017-10,automoveis,Sports,103,74,9,29,2017-10.pdf
2017-10,automoveis,Suv's,39455,38283,40,1172,2017-10.pdf
2017-10,automoveis,Sw Grandes,54,54,7,0,2017-10.pdf
2017-10,automoveis,Sw Médios,753,752,4,1,2017-10.pdf
2017-10,automoveis,Veículos de Entrada,33683,33682,9,1,2017-10.pdf
2017-10,comerciais_leves,Furgões,1538,1341,7,197,2017-10.pdf
2017-10,comerciais_leves,Furgões Pequenos,1540,1492,4,48,2017-10.pdf
2017-10,comerciais_leves,Pick-up's Grandes,15406,15384,11,22,2017-10.pdf
2017-10,comerciais_leves,Pick-up's Pequenas,11310,11310,6,0,2017-10.pdf
2017-11,automoveis,Grandcab,2525,2525,4,0,2017-11.pdf
2017-11,automoveis,Hatch Médios,1616,1515,6,101,2017-11.pdf
2017-11,automoveis,Hatch Pequenos,47529,44749,10,2780,2017-11.pdf
2017-11,automoveis,Monocab,3185,3185,11,0,2017-11.pdf
2017-11,automoveis,Sedans Compactos,3491,3491,6,0,2017-11.pdf
2017-11,automoveis,Sedans Grandes,795,702,12,93,2017-11.pdf
2017-11,automoveis,Sedans Pequenos,26425,26425,10,0,2017-11.pdf
2017-11,automoveis,Sedans médios,12175,12162,21,13,2017-11.pdf
2017-11,automoveis,Sports,122,85,9,37,2017-11.pdf
2017-11,automoveis,Suv's,40378,39445,40,933,2017-11.pdf
2017-11,automoveis,Sw Grandes,52,52,8,0,2017-11.pdf
2017-11,automoveis,Sw Médios,725,725,4,0,2017-11.pdf
2017-11,automoveis,Veículos de Entrada,29829,29828,9,1,2017-11.pdf
2017-11,comerciais_leves,Furgões,1670,1512,7,158,2017-11.pdf
2017-11,comerciais_leves,Furgões Pequenos,1516,1428,4,88,2017-11.pdf
2017-11,comerciais_leves,Pick-up's Grandes,15006,14964,11,42,2017-11.pdf
2017-11,comerciais_leves,Pick-up's Pequenas,10172,10172,6,0,2017-11.pdf
2017-12,automoveis,Grandcab,2463,2462,4,1,2017-12.pdf
2017-12,automoveis,Hatch Médios,1419,1300,6,119,2017-12.pdf
2017-12,automoveis,Hatch Pequenos,48896,48488,11,408,2017-12.pdf
2017-12,automoveis,Monocab,3302,3302,10,0,2017-12.pdf
2017-12,automoveis,Sedans Compactos,3403,3403,6,0,2017-12.pdf
2017-12,automoveis,Sedans Grandes,906,827,12,79,2017-12.pdf
2017-12,automoveis,Sedans Pequenos,23411,23410,10,1,2017-12.pdf
2017-12,automoveis,Sedans médios,13699,13675,21,24,2017-12.pdf
2017-12,automoveis,Sports,130,86,9,44,2017-12.pdf
2017-12,automoveis,Suv's,44152,43139,40,1013,2017-12.pdf
2017-12,automoveis,Sw Grandes,97,97,8,0,2017-12.pdf
2017-12,automoveis,Sw Médios,729,728,4,1,2017-12.pdf
2017-12,automoveis,Veículos de Entrada,29358,29357,9,1,2017-12.pdf
2017-12,comerciais_leves,Furgões,1989,1625,7,364,2017-12.pdf
2017-12,comerciais_leves,Furgões Pequenos,1190,1149,4,41,2017-12.pdf
2017-12,comerciais_leves,Pick-up's Grandes,17715,17701,11,14,2017-12.pdf
2017-12,comerciais_leves,Pick-up's Pequenas,11965,11965,6,0,2017-12.pdf
2018-01,automoveis,Grandcab,1912,1912,4,0,2018-01.pdf
2018-01,automoveis,Hatch Médios,1121,1076,6,45,2018-01.pdf
2018-01,automoveis,Hatch Pequenos,45868,45666,12,202,2018-01.pdf
2018-01,automoveis,Monocab,3329,3329,7,0,2018-01.pdf
2018-01,automoveis,Sedans Compactos,2015,2015,6,0,2018-01.pdf
2018-01,automoveis,Sedans Grandes,725,653,12,72,2018-01.pdf
2018-01,automoveis,Sedans Pequenos,19643,19643,10,0,2018-01.pdf
2018-01,automoveis,Sedans médios,10534,10523,21,11,2018-01.pdf
2018-01,automoveis,Sports,116,93,9,23,2018-01.pdf
2018-01,automoveis,Suv's,35441,34841,40,600,2018-01.pdf
2018-01,automoveis,Sw Grandes,68,68,3,0,2018-01.pdf
2018-01,automoveis,Sw Médios,627,627,4,0,2018-01.pdf
2018-01,automoveis,Veículos de Entrada,27491,27490,9,1,2018-01.pdf
2018-01,comerciais_leves,Furgões,1599,1399,7,200,2018-01.pdf
2018-01,comerciais_leves,Furgões Pequenos,1083,1082,4,1,2018-01.pdf
2018-01,comerciais_leves,Pick-up's Grandes,14469,14463,11,6,2018-01.pdf
2018-01,comerciais_leves,Pick-up's Pequenas,9503,9503,3,0,2018-01.pdf
2018-02,automoveis,Grandcab,1744,1744,3,0,2018-02.pdf
2018-02,automoveis,Hatch Médios,1134,1102,6,32,2018-02.pdf
2018-02,automoveis,Hatch Pequenos,37398,37362,12,36,2018-02.pdf
2018-02,automoveis,Monocab,2678,2678,5,0,2018-02.pdf
2018-02,automoveis,Sedans Compactos,3637,3637,6,0,2018-02.pdf
2018-02,automoveis,Sedans Grandes,639,570,12,69,2018-02.pdf
2018-02,automoveis,Sedans Pequenos,16837,16836,10,1,2018-02.pdf
2018-02,automoveis,Sedans médios,10111,10105,21,6,2018-02.pdf
2018-02,automoveis,Sports,98,82,9,16,2018-02.pdf
2018-02,automoveis,Suv's,30773,30198,40,575,2018-02.pdf
2018-02,automoveis,Sw Grandes,64,64,3,0,2018-02.pdf
2018-02,automoveis,Sw Médios,602,602,3,0,2018-02.pdf
2018-02,automoveis,Veículos de Entrada,24014,24014,9,0,2018-02.pdf
2018-02,comerciais_leves,Furgões,1523,1364,7,159,2018-02.pdf
2018-02,comerciais_leves,Furgões Pequenos,734,734,4,0,2018-02.pdf
2018-02,comerciais_leves,Pick-up's Grandes,11624,11621,11,3,2018-02.pdf
2018-02,comerciais_leves,Pick-up's Pequenas,8070,8070,3,0,2018-02.pdf
2018-03,automoveis,Grandcab,1380,1379,4,1,2018-03.pdf
2018-03,automoveis,Hatch Médios,1245,1212,6,33,2018-03.pdf
2018-03,automoveis,Hatch Pequenos,44759,44698,12,61,2018-03.pdf
2018-03,automoveis,Monocab,3022,3022,6,0,2018-03.pdf
2018-03,automoveis,Sedans Compactos,6122,6122,6,0,2018-03.pdf
2018-03,automoveis,Sedans Grandes,847,786,12,61,2018-03.pdf
2018-03,automoveis,Sedans Pequenos,24918,24916,10,2,2018-03.pdf
2018-03,automoveis,Sedans médios,13322,13305,21,17,2018-03.pdf
2018-03,automoveis,Sports,252,224,9,28,2018-03.pdf
2018-03,automoveis,Suv's,43616,42752,40,864,2018-03.pdf
2018-03,automoveis,Sw Grandes,91,91,3,0,2018-03.pdf
2018-03,automoveis,Sw Médios,641,641,3,0,2018-03.pdf
2018-03,automoveis,Veículos de Entrada,32508,32506,9,2,2018-03.pdf
2018-03,comerciais_leves,Furgões,1924,1692,7,232,2018-03.pdf
2018-03,comerciais_leves,Furgões Pequenos,930,927,4,3,2018-03.pdf
2018-03,comerciais_leves,Pick-up's Grandes,14511,14503,11,8,2018-03.pdf
2018-03,comerciais_leves,Pick-up's Pequenas,9994,9994,3,0,2018-03.pdf
2018-04,automoveis,Grandcab,1297,1296,4,1,2018-04.pdf
2018-04,automoveis,Hatch Médios,1315,1277,6,38,2018-04.pdf
2018-04,automoveis,Hatch Pequenos,50363,50326,12,37,2018-04.pdf
2018-04,automoveis,Monocab,2762,2762,7,0,2018-04.pdf
2018-04,automoveis,Sedans Compactos,6826,6826,6,0,2018-04.pdf
2018-04,automoveis,Sedans Grandes,979,900,12,79,2018-04.pdf
2018-04,automoveis,Sedans Pequenos,28327,28326,10,1,2018-04.pdf
2018-04,automoveis,Sedans médios,13666,13656,21,10,2018-04.pdf
2018-04,automoveis,Sports,197,174,9,23,2018-04.pdf
2018-04,automoveis,Suv's,40626,39371,40,1255,2018-04.pdf
2018-04,automoveis,Sw Grandes,107,107,4,0,2018-04.pdf
2018-04,automoveis,Sw Médios,648,648,3,0,2018-04.pdf
2018-04,automoveis,Veículos de Entrada,31572,31569,9,3,2018-04.pdf
2018-04,comerciais_leves,Furgões,1928,1742,7,186,2018-04.pdf
2018-04,comerciais_leves,Furgões Pequenos,1501,1500,4,1,2018-04.pdf
2018-04,comerciais_leves,Pick-up's Grandes,16617,16611,11,6,2018-04.pdf
2018-04,comerciais_leves,Pick-up's Pequenas,11246,11246,4,0,2018-04.pdf
2018-05,automoveis,Grandcab,1773,1772,4,1,2018-05.pdf
2018-05,automoveis,Hatch Médios,1091,1070,6,21,2018-05.pdf
2018-05,automoveis,Hatch Pequenos,44466,44437,12,29,2018-05.pdf
2018-05,automoveis,Monocab,2545,2545,7,0,2018-05.pdf
2018-05,automoveis,Sedans Compactos,7304,7303,6,1,2018-05.pdf
2018-05,automoveis,Sedans Grandes,1012,940,12,72,2018-05.pdf
2018-05,automoveis,Sedans Pequenos,23762,23762,10,0,2018-05.pdf
2018-05,automoveis,Sedans médios,12377,12371,21,6,2018-05.pdf
2018-05,automoveis,Sports,240,216,9,24,2018-05.pdf
2018-05,automoveis,Suv's,41435,39987,40,1448,2018-05.pdf
2018-05,automoveis,Sw Grandes,77,77,5,0,2018-05.pdf
2018-05,automoveis,Sw Médios,733,733,4,0,2018-05.pdf
2018-05,automoveis,Veículos de Entrada,27588,27584,9,4,2018-05.pdf
2018-05,comerciais_leves,Furgões,1909,1714,7,195,2018-05.pdf
2018-05,comerciais_leves,Furgões Pequenos,1340,1332,4,8,2018-05.pdf
2018-05,comerciais_leves,Pick-up's Grandes,16523,16519,11,4,2018-05.pdf
2018-05,comerciais_leves,Pick-up's Pequenas,10719,10719,3,0,2018-05.pdf
2018-06,automoveis,Grandcab,2090,2088,4,2,2018-06.pdf
2018-06,automoveis,Hatch Médios,1070,1033,6,37,2018-06.pdf
2018-06,automoveis,Hatch Pequenos,48164,48136,12,28,2018-06.pdf
2018-06,automoveis,Monocab,2139,2139,7,0,2018-06.pdf
2018-06,automoveis,Sedans Compactos,7109,7109,6,0,2018-06.pdf
2018-06,automoveis,Sedans Grandes,1065,997,12,68,2018-06.pdf
2018-06,automoveis,Sedans Pequenos,23901,23901,10,0,2018-06.pdf
2018-06,automoveis,Sedans médios,11068,11048,21,20,2018-06.pdf
2018-06,automoveis,Sports,325,287,9,38,2018-06.pdf
2018-06,automoveis,Suv's,38215,36888,40,1327,2018-06.pdf
2018-06,automoveis,Sw Grandes,75,75,6,0,2018-06.pdf
2018-06,automoveis,Sw Médios,548,547,4,1,2018-06.pdf
2018-06,automoveis,Veículos de Entrada,27688,27676,9,12,2018-06.pdf
2018-06,comerciais_leves,Furgões,1928,1714,7,214,2018-06.pdf
2018-06,comerciais_leves,Furgões Pequenos,1477,1475,4,2,2018-06.pdf
2018-06,comerciais_leves,Pick-up's Grandes,17761,17756,11,5,2018-06.pdf
2018-06,comerciais_leves,Pick-up's Pequenas,10372,10372,3,0,2018-06.pdf
2018-07,automoveis,Grandcab,1687,1685,4,2,2018-07.pdf
2018-07,automoveis,Hatch Médios,1012,979,6,33,2018-07.pdf
2018-07,automoveis,Hatch Pequenos,51385,51364,12,21,2018-07.pdf
2018-07,automoveis,Monocab,2453,2453,7,0,2018-07.pdf
2018-07,automoveis,Sedans Compactos,8725,8724,6,1,2018-07.pdf
2018-07,automoveis,Sedans Grandes,907,844,12,63,2018-07.pdf
2018-07,automoveis,Sedans Pequenos,24378,24378,10,0,2018-07.pdf
2018-07,automoveis,Sedans médios,10864,10844,21,20,2018-07.pdf
2018-07,automoveis,Sports,165,137,9,28,2018-07.pdf
2018-07,automoveis,Suv's,43894,42507,40,1387,2018-07.pdf
2018-07,automoveis,Sw Grandes,53,53,6,0,2018-07.pdf
2018-07,automoveis,Sw Médios,737,737,4,0,2018-07.pdf
2018-07,automoveis,Veículos de Entrada,29774,29773,9,1,2018-07.pdf
2018-07,comerciais_leves,Furgões,2242,1935,7,307,2018-07.pdf
2018-07,comerciais_leves,Furgões Pequenos,1272,1266,4,6,2018-07.pdf
2018-07,comerciais_leves,Pick-up's Grandes,18146,18140,11,6,2018-07.pdf
2018-07,comerciais_leves,Pick-up's Pequenas,10815,10815,4,0,2018-07.pdf
2018-08,automoveis,Grandcab,2050,2047,4,3,2018-08.pdf
2018-08,automoveis,Hatch Médios,1144,1067,6,77,2018-08.pdf
2018-08,automoveis,Hatch Pequenos,60689,60660,12,29,2018-08.pdf
2018-08,automoveis,Monocab,2547,2547,7,0,2018-08.pdf
2018-08,automoveis,Sedans Compactos,10387,10383,6,4,2018-08.pdf
2018-08,automoveis,Sedans Grandes,906,841,12,65,2018-08.pdf
2018-08,automoveis,Sedans Pequenos,27063,27061,10,2,2018-08.pdf
2018-08,automoveis,Sedans médios,12630,12621,21,9,2018-08.pdf
2018-08,automoveis,Sports,188,155,9,33,2018-08.pdf
2018-08,automoveis,Suv's,50993,49417,40,1576,2018-08.pdf
2018-08,automoveis,Sw Grandes,55,55,6,0,2018-08.pdf
2018-08,automoveis,Sw Médios,1154,1154,4,0,2018-08.pdf
2018-08,automoveis,Veículos de Entrada,34093,34088,9,5,2018-08.pdf
2018-08,comerciais_leves,Furgões,2604,2082,7,522,2018-08.pdf
2018-08,comerciais_leves,Furgões Pequenos,1788,1728,4,60,2018-08.pdf
2018-08,comerciais_leves,Pick-up's Grandes,19139,19132,11,7,2018-08.pdf
2018-08,comerciais_leves,Pick-up's Pequenas,11761,11761,4,0,2018-08.pdf
2018-09,automoveis,Grandcab,1829,1828,4,1,2018-09.pdf
2018-09,automoveis,Hatch Médios,950,888,6,62,2018-09.pdf
2018-09,automoveis,Hatch Pequenos,51280,51252,12,28,2018-09.pdf
2018-09,automoveis,Monocab,2293,2293,7,0,2018-09.pdf
2018-09,automoveis,Sedans Compactos,8705,8705,6,0,2018-09.pdf
2018-09,automoveis,Sedans Grandes,641,596,12,45,2018-09.pdf
2018-09,automoveis,Sedans Pequenos,25820,25819,10,1,2018-09.pdf
2018-09,automoveis,Sedans médios,10912,10910,21,2,2018-09.pdf
2018-09,automoveis,Sports,173,150,9,23,2018-09.pdf
2018-09,automoveis,Suv's,40698,39298,40,1400,2018-09.pdf
2018-09,automoveis,Sw Grandes,44,44,6,0,2018-09.pdf
2018-09,automoveis,Sw Médios,886,885,4,1,2018-09.pdf
2018-09,automoveis,Veículos de Entrada,28935,28933,9,2,2018-09.pdf
2018-09,comerciais_leves,Furgões,2461,2033,7,428,2018-09.pdf
2018-09,comerciais_leves,Furgões Pequenos,1471,1468,4,3,2018-09.pdf
2018-09,comerciais_leves,Pick-up's Grandes,17288,17283,11,5,2018-09.pdf
2018-09,comerciais_leves,Pick-up's Pequenas,10311,10311,4,0,2018-09.pdf
2018-10,automoveis,Grandcab,2600,2596,4,4,2018-10.pdf
2018-10,automoveis,Hatch Médios,944,866,6,78,2018-10.pdf
2018-10,automoveis,Hatch Pequenos,60160,60128,12,32,2018-10.pdf
2018-10,automoveis,Monocab,3419,3419,7,0,2018-10.pdf
2018-10,automoveis,Sedans Compactos,10775,10772,6,3,2018-10.pdf
2018-10,automoveis,Sedans Grandes,778,714,12,64,2018-10.pdf
2018-10,automoveis,Sedans Pequenos,28376,28375,10,1,2018-10.pdf
2018-10,automoveis,Sedans médios,13462,13461,21,1,2018-10.pdf
2018-10,automoveis,Sports,161,128,9,33,2018-10.pdf
2018-10,automoveis,Suv's,50783,49294,40,1489,2018-10.pdf
2018-10,automoveis,Sw Grandes,50,50,6,0,2018-10.pdf
2018-10,automoveis,Sw Médios,1246,1246,4,0,2018-10.pdf
2018-10,automoveis,Veículos de Entrada,36017,36009,9,8,2018-10.pdf
2018-10,comerciais_leves,Furgões,2771,2162,7,609,2018-10.pdf
2018-10,comerciais_leves,Furgões Pequenos,1869,1858,4,11,2018-10.pdf
2018-10,comerciais_leves,Pick-up's Grandes,18758,18752,11,6,2018-10.pdf
2018-10,comerciais_leves,Pick-up's Pequenas,12511,12511,5,0,2018-10.pdf
2018-11,automoveis,Grandcab,4199,4198,4,1,2018-11.pdf
2018-11,automoveis,Hatch Médios,1022,986,6,36,2018-11.pdf
2018-11,automoveis,Hatch Pequenos,55765,55738,12,27,2018-11.pdf
2018-11,automoveis,Monocab,3043,3043,7,0,2018-11.pdf
2018-11,automoveis,Sedans Compactos,10675,10646,6,29,2018-11.pdf
2018-11,automoveis,Sedans Grandes,723,653,12,70,2018-11.pdf
2018-11,automoveis,Sedans Pequenos,24646,24644,10,2,2018-11.pdf
2018-11,automoveis,Sedans médios,11723,11714,21,9,2018-11.pdf
2018-11,automoveis,Sports,149,130,9,19,2018-11.pdf
2018-11,automoveis,Suv's,45827,44384,40,1443,2018-11.pdf
2018-11,automoveis,Sw Grandes,49,49,6,0,2018-11.pdf
2018-11,automoveis,Sw Médios,537,537,4,0,2018-11.pdf
2018-11,automoveis,Veículos de Entrada,33761,33756,9,5,2018-11.pdf
2018-11,comerciais_leves,Furgões,2319,1853,7,466,2018-11.pdf
2018-11,comerciais_leves,Furgões Pequenos,1241,1229,4,12,2018-11.pdf
2018-11,comerciais_leves,Pick-up's Grandes,15773,15768,11,5,2018-11.pdf
2018-11,comerciais_leves,Pick-up's Pequenas,9826,9826,5,0,2018-11.pdf
2018-12,automoveis,Grandcab,3228,3227,4,1,2018-12.pdf
2018-12,automoveis,Hatch Médios,1129,1031,6,98,2018-12.pdf
2018-12,automoveis,Hatch Pequenos,51109,51075,12,34,2018-12.pdf
2018-12,automoveis,Monocab,2785,2785,7,0,2018-12.pdf
2018-12,automoveis,Sedans Compactos,11437,11370,6,67,2018-12.pdf
2018-12,automoveis,Sedans Grandes,824,734,12,90,2018-12.pdf
2018-12,automoveis,Sedans Pequenos,25293,25292,10,1,2018-12.pdf
2018-12,automoveis,Sedans médios,11334,11328,21,6,2018-12.pdf
2018-12,automoveis,Sports,190,157,9,33,2018-12.pdf
2018-12,automoveis,Suv's,49632,47805,40,1827,2018-12.pdf
2018-12,automoveis,Sw Grandes,49,49,6,0,2018-12.pdf
2018-12,automoveis,Sw Médios,387,387,4,0,2018-12.pdf
2018-12,automoveis,Veículos de Entrada,31979,31974,9,5,2018-12.pdf
2018-12,comerciais_leves,Furgões,2627,2137,7,490,2018-12.pdf
2018-12,comerciais_leves,Furgões Pequenos,1814,1776,4,38,2018-12.pdf
2018-12,comerciais_leves,Pick-up's Grandes,20074,20062,11,12,2018-12.pdf
2018-12,comerciais_leves,Pick-up's Pequenas,11062,11062,5,0,2018-12.pdf
2019-01,automoveis,Grandcab,1990,1990,4,0,2019-01.pdf
2019-01,automoveis,Hatch Médios,1231,1194,6,37,2019-01.pdf
2019-01,automoveis,Hatch Pequenos,49265,49234,12,31,2019-01.pdf
2019-01,automoveis,Monocab,2428,2428,5,0,2019-01.pdf
2019-01,automoveis,Sedans Compactos,7892,7891,6,1,2019-01.pdf
2019-01,automoveis,Sedans Grandes,746,710,12,36,2019-01.pdf
2019-01,automoveis,Sedans Pequenos,22565,22565,10,0,2019-01.pdf
2019-01,automoveis,Sedans médios,10092,10092,21,0,2019-01.pdf
2019-01,automoveis,Sports,132,118,9,14,2019-01.pdf
2019-01,automoveis,Suv's,39736,38574,40,1162,2019-01.pdf
2019-01,automoveis,Sw Grandes,60,60,5,0,2019-01.pdf
2019-01,automoveis,Sw Médios,560,560,4,0,2019-01.pdf
2019-01,automoveis,Veículos de Entrada,27062,27056,9,6,2019-01.pdf
2019-01,comerciais_leves,Furgões,2233,1848,7,385,2019-01.pdf
2019-01,comerciais_leves,Furgões Pequenos,1438,1429,4,9,2019-01.pdf
2019-01,comerciais_leves,Pick-up's Grandes,14748,14745,11,3,2019-01.pdf
2019-01,comerciais_leves,Pick-up's Pequenas,8528,8528,4,0,2019-01.pdf
2019-02,automoveis,Grandcab,1160,1160,4,0,2019-02.pdf
2019-02,automoveis,Hatch Médios,1017,996,6,21,2019-02.pdf
2019-02,automoveis,Hatch Pequenos,58030,57879,12,151,2019-02.pdf
2019-02,automoveis,Monocab,2580,2580,4,0,2019-02.pdf
2019-02,automoveis,Sedans Compactos,7792,7790,6,2,2019-02.pdf
2019-02,automoveis,Sedans Grandes,601,552,12,49,2019-02.pdf
2019-02,automoveis,Sedans Pequenos,20787,20786,10,1,2019-02.pdf
2019-02,automoveis,Sedans médios,10064,10064,21,0,2019-02.pdf
2019-02,automoveis,Sports,135,115,9,20,2019-02.pdf
2019-02,automoveis,Suv's,40465,39015,40,1450,2019-02.pdf
2019-02,automoveis,Sw Grandes,34,34,5,0,2019-02.pdf
2019-02,automoveis,Sw Médios,524,524,3,0,2019-02.pdf
2019-02,automoveis,Veículos de Entrada,19305,19305,9,0,2019-02.pdf
2019-02,comerciais_leves,Furgões,2393,2013,7,380,2019-02.pdf
2019-02,comerciais_leves,Furgões Pequenos,1260,1252,4,8,2019-02.pdf
2019-02,comerciais_leves,Pick-up's Grandes,13272,13270,11,2,2019-02.pdf
2019-02,comerciais_leves,Pick-up's Pequenas,10383,10383,4,0,2019-02.pdf
2019-03,automoveis,Grandcab,2074,2074,4,0,2019-03.pdf
2019-03,automoveis,Hatch Médios,712,694,6,18,2019-03.pdf
2019-03,automoveis,Hatch Pequenos,57911,57784,12,127,2019-03.pdf
2019-03,automoveis,Monocab,2527,2527,4,0,2019-03.pdf
2019-03,automoveis,Sedans Compactos,9130,9129,6,1,2019-03.pdf
2019-03,automoveis,Sedans Grandes,606,531,12,75,2019-03.pdf
2019-03,automoveis,Sedans Pequenos,24058,24058,10,0,2019-03.pdf
2019-03,automoveis,Sedans médios,10466,10464,21,2,2019-03.pdf
2019-03,automoveis,Sports,130,121,9,9,2019-03.pdf
2019-03,automoveis,Suv's,43437,41809,40,1628,2019-03.pdf
2019-03,automoveis,Sw Grandes,35,35,5,0,2019-03.pdf
2019-03,automoveis,Sw Médios,446,446,3,0,2019-03.pdf
2019-03,automoveis,Veículos de Entrada,18930,18928,9,2,2019-03.pdf
2019-03,comerciais_leves,Furgões,2433,1921,7,512,2019-03.pdf
2019-03,comerciais_leves,Furgões Pequenos,2003,2001,4,2,2019-03.pdf
2019-03,comerciais_leves,Pick-up's Grandes,15270,15270,11,0,2019-03.pdf
2019-03,comerciais_leves,Pick-up's Pequenas,9358,9358,6,0,2019-03.pdf
2019-04,automoveis,Grandcab,2233,2232,4,1,2019-04.pdf
2019-04,automoveis,Hatch Médios,804,755,6,49,2019-04.pdf
2019-04,automoveis,Hatch Pequenos,62860,62729,12,131,2019-04.pdf
2019-04,automoveis,Monocab,3001,3001,4,0,2019-04.pdf
2019-04,automoveis,Sedans Compactos,9838,9837,6,1,2019-04.pdf
2019-04,automoveis,Sedans Grandes,803,739,12,64,2019-04.pdf
2019-04,automoveis,Sedans Pequenos,26583,26582,10,1,2019-04.pdf
2019-04,automoveis,Sedans médios,10890,10890,21,0,2019-04.pdf
2019-04,automoveis,Sports,163,145,9,18,2019-04.pdf
2019-04,automoveis,Suv's,47738,45945,40,1793,2019-04.pdf
2019-04,automoveis,Sw Grandes,25,25,5,0,2019-04.pdf
2019-04,automoveis,Sw Médios,967,967,3,0,2019-04.pdf
2019-04,automoveis,Veículos de Entrada,23163,23162,9,1,2019-04.pdf
2019-04,comerciais_leves,Furgões,2720,2149,7,571,2019-04.pdf
2019-04,comerciais_leves,Furgões Pequenos,1203,1197,4,6,2019-04.pdf
2019-04,comerciais_leves,Pick-up's Grandes,17718,17715,11,3,2019-04.pdf
2019-04,comerciais_leves,Pick-up's Pequenas,10581,10581,6,0,2019-04.pdf
2019-05,automoveis,Grandcab,2733,2732,4,1,2019-05.pdf
2019-05,automoveis,Hatch Médios,654,611,6,43,2019-05.pdf
2019-05,automoveis,Hatch Pequenos,65707,65588,12,119,2019-05.pdf
2019-05,automoveis,Monocab,2804,2804,5,0,2019-05.pdf
2019-05,automoveis,Sedans Compactos,9774,9774,6,0,2019-05.pdf
2019-05,automoveis,Sedans Grandes,735,651,12,84,2019-05.pdf
2019-05,automoveis,Sedans Pequenos,27694,27693,10,1,2019-05.pdf
2019-05,automoveis,Sedans médios,11952,11951,21,1,2019-05.pdf
2019-05,automoveis,Sports,174,146,9,28,2019-05.pdf
2019-05,automoveis,Suv's,49112,47403,40,1709,2019-05.pdf
2019-05,automoveis,Sw Grandes,29,29,5,0,2019-05.pdf
2019-05,automoveis,Sw Médios,493,493,3,0,2019-05.pdf
2019-05,automoveis,Veículos de Entrada,26859,26858,9,1,2019-05.pdf
2019-05,comerciais_leves,Furgões,3231,2428,7,803,2019-05.pdf
2019-05,comerciais_leves,Furgões Pequenos,1457,1455,4,2,2019-05.pdf
2019-05,comerciais_leves,Pick-up's Grandes,18616,18612,11,4,2019-05.pdf
2019-05,comerciais_leves,Pick-up's Pequenas,12085,12085,6,0,2019-05.pdf
2019-06,automoveis,Grandcab,2336,2336,4,0,2019-06.pdf
2019-06,automoveis,Hatch Médios,652,609,6,43,2019-06.pdf
2019-06,automoveis,Hatch Pequenos,59327,59198,12,129,2019-06.pdf
2019-06,automoveis,Monocab,2267,2267,5,0,2019-06.pdf
2019-06,automoveis,Sedans Compactos,7925,7923,6,2,2019-06.pdf
2019-06,automoveis,Sedans Grandes,565,498,12,67,2019-06.pdf
2019-06,automoveis,Sedans Pequenos,22403,22402,10,1,2019-06.pdf
2019-06,automoveis,Sedans médios,10628,10628,21,0,2019-06.pdf
2019-06,automoveis,Sports,136,112,9,24,2019-06.pdf
2019-06,automoveis,Suv's,50676,49083,40,1593,2019-06.pdf
2019-06,automoveis,Sw Grandes,21,21,5,0,2019-06.pdf
2019-06,automoveis,Sw Médios,526,526,4,0,2019-06.pdf
2019-06,automoveis,Veículos de Entrada,23800,23798,9,2,2019-06.pdf
2019-06,comerciais_leves,Furgões,2766,2273,7,493,2019-06.pdf
2019-06,comerciais_leves,Furgões Pequenos,1471,1462,4,9,2019-06.pdf
2019-06,comerciais_leves,Pick-up's Grandes,17168,17164,11,4,2019-06.pdf
2019-06,comerciais_leves,Pick-up's Pequenas,10738,10738,6,0,2019-06.pdf
2019-07,automoveis,Grandcab,3136,3135,4,1,2019-07.pdf
2019-07,automoveis,Hatch Médios,651,514,6,137,2019-07.pdf
2019-07,automoveis,Hatch Pequenos,62811,62700,12,111,2019-07.pdf
2019-07,automoveis,Monocab,2624,2624,5,0,2019-07.pdf
2019-07,automoveis,Sedans Compactos,8789,8789,6,0,2019-07.pdf
2019-07,automoveis,Sedans Grandes,473,393,12,80,2019-07.pdf
2019-07,automoveis,Sedans Pequenos,26511,26511,10,0,2019-07.pdf
2019-07,automoveis,Sedans médios,12306,12304,21,2,2019-07.pdf
2019-07,automoveis,Sports,165,135,9,30,2019-07.pdf
2019-07,automoveis,Suv's,52695,50977,40,1718,2019-07.pdf
2019-07,automoveis,Sw Grandes,17,17,5,0,2019-07.pdf
2019-07,automoveis,Sw Médios,221,221,4,0,2019-07.pdf
2019-07,automoveis,Veículos de Entrada,25403,25399,9,4,2019-07.pdf
2019-07,comerciais_leves,Furgões,3060,2527,7,533,2019-07.pdf
2019-07,comerciais_leves,Furgões Pequenos,2247,2245,4,2,2019-07.pdf
2019-07,comerciais_leves,Pick-up's Grandes,19479,19473,11,6,2019-07.pdf
2019-07,comerciais_leves,Pick-up's Pequenas,11593,11593,6,0,2019-07.pdf
2019-08,automoveis,Grandcab,2827,2827,4,0,2019-08.pdf
2019-08,automoveis,Hatch Médios,642,494,6,148,2019-08.pdf
2019-08,automoveis,Hatch Pequenos,66043,65898,12,145,2019-08.pdf
2019-08,automoveis,Monocab,2405,2405,6,0,2019-08.pdf
2019-08,automoveis,Sedans Compactos,9478,9477,6,1,2019-08.pdf
2019-08,automoveis,Sedans Grandes,607,514,12,93,2019-08.pdf
2019-08,automoveis,Sedans Pequenos,26022,26022,10,0,2019-08.pdf
2019-08,automoveis,Sedans médios,10717,10716,21,1,2019-08.pdf
2019-08,automoveis,Sports,143,124,9,19,2019-08.pdf
2019-08,automoveis,Suv's,51078,49111,40,1967,2019-08.pdf
2019-08,automoveis,Sw Grandes,68,68,5,0,2019-08.pdf
2019-08,automoveis,Sw Médios,123,122,4,1,2019-08.pdf
2019-08,automoveis,Veículos de Entrada,25720,25718,9,2,2019-08.pdf
2019-08,comerciais_leves,Furgões,3043,2552,7,491,2019-08.pdf
2019-08,comerciais_leves,Furgões Pequenos,1570,1570,4,0,2019-08.pdf
2019-08,comerciais_leves,Pick-up's Grandes,17940,17937,11,3,2019-08.pdf
2019-08,comerciais_leves,Pick-up's Pequenas,12234,12234,6,0,2019-08.pdf
2019-09,automoveis,Grandcab,2291,2290,4,1,2019-09.pdf
2019-09,automoveis,Hatch Médios,453,375,6,78,2019-09.pdf
2019-09,automoveis,Hatch Pequenos,60338,60206,12,132,2019-09.pdf
2019-09,automoveis,Monocab,2358,2358,6,0,2019-09.pdf
2019-09,automoveis,Sedans Compactos,9399,9397,6,2,2019-09.pdf
2019-09,automoveis,Sedans Grandes,712,617,12,95,2019-09.pdf
2019-09,automoveis,Sedans Pequenos,26918,26918,10,0,2019-09.pdf
2019-09,automoveis,Sedans médios,9966,9965,21,1,2019-09.pdf
2019-09,automoveis,Sports,195,175,9,20,2019-09.pdf
2019-09,automoveis,Suv's,50552,48993,40,1559,2019-09.pdf
2019-09,automoveis,Sw Grandes,33,33,5,0,2019-09.pdf
2019-09,automoveis,Sw Médios,436,436,4,0,2019-09.pdf
2019-09,automoveis,Veículos de Entrada,24107,24103,9,4,2019-09.pdf
2019-09,comerciais_leves,Furgões,2986,2518,7,468,2019-09.pdf
2019-09,comerciais_leves,Furgões Pequenos,1836,1836,4,0,2019-09.pdf
2019-09,comerciais_leves,Pick-up's Grandes,18619,18615,11,4,2019-09.pdf
2019-09,comerciais_leves,Pick-up's Pequenas,11975,11975,6,0,2019-09.pdf
2019-10,automoveis,Grandcab,2556,2555,4,1,2019-10.pdf
2019-10,automoveis,Hatch Médios,478,400,6,78,2019-10.pdf
2019-10,automoveis,Hatch Pequenos,65819,65661,12,158,2019-10.pdf
2019-10,automoveis,Monocab,2413,2413,6,0,2019-10.pdf
2019-10,automoveis,Sedans Compactos,16541,16537,6,4,2019-10.pdf
2019-10,automoveis,Sedans Grandes,1095,906,12,189,2019-10.pdf
2019-10,automoveis,Sedans Pequenos,24215,24215,10,0,2019-10.pdf
2019-10,automoveis,Sedans médios,12095,12094,21,1,2019-10.pdf
2019-10,automoveis,Sports,136,111,9,25,2019-10.pdf
2019-10,automoveis,Suv's,56848,55172,40,1676,2019-10.pdf
2019-10,automoveis,Sw Grandes,53,53,5,0,2019-10.pdf
2019-10,automoveis,Sw Médios,522,522,4,0,2019-10.pdf
2019-10,automoveis,Veículos de Entrada,21688,21686,9,2,2019-10.pdf
2019-10,comerciais_leves,Furgões,3229,2770,7,459,2019-10.pdf
2019-10,comerciais_leves,Furgões Pequenos,1714,1709,4,5,2019-10.pdf
2019-10,comerciais_leves,Pick-up's Grandes,19263,19257,11,6,2019-10.pdf
2019-10,comerciais_leves,Pick-up's Pequenas,12433,12433,6,0,2019-10.pdf
2019-11,automoveis,Grandcab,2993,2992,4,1,2019-11.pdf
2019-11,automoveis,Hatch Médios,539,477,6,62,2019-11.pdf
2019-11,automoveis,Hatch Pequenos,63416,63276,12,140,2019-11.pdf
2019-11,automoveis,Monocab,2503,2503,7,0,2019-11.pdf
2019-11,automoveis,Sedans Compactos,16901,16898,6,3,2019-11.pdf
2019-11,automoveis,Sedans Grandes,967,857,12,110,2019-11.pdf
2019-11,automoveis,Sedans Pequenos,22369,22369,10,0,2019-11.pdf
2019-11,automoveis,Sedans médios,10053,10053,21,0,2019-11.pdf
2019-11,automoveis,Sports,126,106,9,20,2019-11.pdf
2019-11,automoveis,Suv's,55946,54484,40,1462,2019-11.pdf
2019-11,automoveis,Sw Grandes,70,70,5,0,2019-11.pdf
2019-11,automoveis,Sw Médios,83,82,4,1,2019-11.pdf
2019-11,automoveis,Veículos de Entrada,20748,20747,9,1,2019-11.pdf
2019-11,comerciais_leves,Furgões,2979,2520,7,459,2019-11.pdf
2019-11,comerciais_leves,Furgões Pequenos,1720,1717,4,3,2019-11.pdf
2019-11,comerciais_leves,Pick-up's Grandes,18512,18499,11,13,2019-11.pdf
2019-11,comerciais_leves,Pick-up's Pequenas,10937,10937,6,0,2019-11.pdf
2019-12,automoveis,Grandcab,2319,2319,4,0,2019-12.pdf
2019-12,automoveis,Hatch Médios,1112,1020,6,92,2019-12.pdf
2019-12,automoveis,Hatch Pequenos,66515,66375,12,140,2019-12.pdf
2019-12,automoveis,Monocab,2106,2106,7,0,2019-12.pdf
2019-12,automoveis,Sedans Compactos,19168,19165,6,3,2019-12.pdf
2019-12,automoveis,Sedans Grandes,984,909,12,75,2019-12.pdf
2019-12,automoveis,Sedans Pequenos,24189,24189,10,0,2019-12.pdf
2019-12,automoveis,Sedans médios,11631,11623,21,8,2019-12.pdf
2019-12,automoveis,Sports,166,150,9,16,2019-12.pdf
2019-12,automoveis,Suv's,61978,60001,40,1977,2019-12.pdf
2019-12,automoveis,Sw Grandes,113,113,5,0,2019-12.pdf
2019-12,automoveis,Sw Médios,44,44,4,0,2019-12.pdf
2019-12,automoveis,Veículos de Entrada,24959,24958,9,1,2019-12.pdf
2019-12,comerciais_leves,Furgões,3233,2708,7,525,2019-12.pdf
2019-12,comerciais_leves,Furgões Pequenos,2021,2014,4,7,2019-12.pdf
2019-12,comerciais_leves,Pick-up's Grandes,21169,21161,11,8,2019-12.pdf
2019-12,comerciais_leves,Pick-up's Pequenas,10194,10193,6,1,2019-12.pdf
2020-01,automoveis,Grandcab,1523,1523,4,0,2020-01.pdf
2020-01,automoveis,Hatch Médios,832,820,6,12,2020-01.pdf
2020-01,automoveis,Hatch Pequenos,51462,51386,12,76,2020-01.pdf
2020-01,automoveis,Monocab,1872,1872,3,0,2020-01.pdf
2020-01,automoveis,Sedans Compactos,14638,14636,6,2,2020-01.pdf
2020-01,automoveis,Sedans Grandes,459,428,12,31,2020-01.pdf
2020-01,automoveis,Sedans Pequenos,14534,14534,10,0,2020-01.pdf
2020-01,automoveis,Sedans médios,8477,8477,21,0,2020-01.pdf
2020-01,automoveis,Sports,213,189,9,24,2020-01.pdf
2020-01,automoveis,Suv's,39787,38497,40,1290,2020-01.pdf
2020-01,automoveis,Sw Grandes,30,30,3,0,2020-01.pdf
2020-01,automoveis,Sw Médios,56,56,3,0,2020-01.pdf
2020-01,automoveis,Veículos de Entrada,20649,20649,9,0,2020-01.pdf
2020-01,comerciais_leves,Furgões,2782,2314,7,468,2020-01.pdf
2020-01,comerciais_leves,Furgões Pequenos,1138,1132,4,6,2020-01.pdf
2020-01,comerciais_leves,Pick-up's Grandes,16687,16684,11,3,2020-01.pdf
2020-01,comerciais_leves,Pick-up's Pequenas,8940,8940,5,0,2020-01.pdf
2020-02,automoveis,Grandcab,1623,1623,4,0,2020-02.pdf
2020-02,automoveis,Hatch Médios,437,420,6,17,2020-02.pdf
2020-02,automoveis,Hatch Pequenos,55517,55460,12,57,2020-02.pdf
2020-02,automoveis,Monocab,2086,2086,4,0,2020-02.pdf
2020-02,automoveis,Sedans Compactos,15113,15109,6,4,2020-02.pdf
2020-02,automoveis,Sedans Grandes,615,567,12,48,2020-02.pdf
2020-02,automoveis,Sedans Pequenos,14772,14772,10,0,2020-02.pdf
2020-02,automoveis,Sedans médios,9188,9188,21,0,2020-02.pdf
2020-02,automoveis,Sports,266,256,9,10,2020-02.pdf
2020-02,automoveis,Suv's,45646,44188,40,1458,2020-02.pdf
2020-02,automoveis,Sw Grandes,50,50,4,0,2020-02.pdf
2020-02,automoveis,Sw Médios,21,21,3,0,2020-02.pdf
2020-02,automoveis,Veículos de Entrada,19761,19760,9,1,2020-02.pdf
2020-02,comerciais_leves,Furgões,2843,2262,7,581,2020-02.pdf
2020-02,comerciais_leves,Furgões Pequenos,1544,1541,4,3,2020-02.pdf
2020-02,comerciais_leves,Pick-up's Grandes,14470,14465,11,5,2020-02.pdf
2020-02,comerciais_leves,Pick-up's Pequenas,8634,8634,5,0,2020-02.pdf
2020-03,automoveis,Grandcab,1291,1290,4,1,2020-03.pdf
2020-03,automoveis,Hatch Médios,241,219,6,22,2020-03.pdf
2020-03,automoveis,Hatch Pequenos,43223,43168,12,55,2020-03.pdf
2020-03,automoveis,Monocab,1696,1696,4,0,2020-03.pdf
2020-03,automoveis,Sedans Compactos,11210,11207,6,3,2020-03.pdf
2020-03,automoveis,Sedans Grandes,495,453,12,42,2020-03.pdf
2020-03,automoveis,Sedans Pequenos,12505,12505,10,0,2020-03.pdf
2020-03,automoveis,Sedans médios,6663,6663,21,0,2020-03.pdf
2020-03,automoveis,Sports,209,197,9,12,2020-03.pdf
2020-03,automoveis,Suv's,37595,36524,40,1071,2020-03.pdf
2020-03,automoveis,Sw Grandes,21,21,4,0,2020-03.pdf
2020-03,automoveis,Sw Médios,13,13,3,0,2020-03.pdf
2020-03,automoveis,Veículos de Entrada,16066,16063,9,3,2020-03.pdf
2020-03,comerciais_leves,Furgões,2481,2004,7,477,2020-03.pdf
2020-03,comerciais_leves,Furgões Pequenos,1404,1403,4,1,2020-03.pdf
2020-03,comerciais_leves,Pick-up's Grandes,12415,12412,11,3,2020-03.pdf
2020-03,comerciais_leves,Pick-up's Pequenas,8257,8257,5,0,2020-03.pdf
2020-07,automoveis,Grandcab,1844,1843,4,1,2020-07.pdf
2020-07,automoveis,Hatch Médios,537,521,6,16,2020-07.pdf
2020-07,automoveis,Hatch Pequenos,36101,36058,12,43,2020-07.pdf
2020-07,automoveis,Monocab,1399,1399,4,0,2020-07.pdf
2020-07,automoveis,Sedans Compactos,9373,9373,6,0,2020-07.pdf
2020-07,automoveis,Sedans Grandes,807,726,12,81,2020-07.pdf
2020-07,automoveis,Sedans Pequenos,10623,10623,10,0,2020-07.pdf
2020-07,automoveis,Sedans médios,6830,6823,21,7,2020-07.pdf
2020-07,automoveis,Sports,192,183,9,9,2020-07.pdf
2020-07,automoveis,Suv's,51638,50087,40,1551,2020-07.pdf
2020-07,automoveis,Sw Grandes,35,35,4,0,2020-07.pdf
2020-07,automoveis,Sw Médios,10,10,4,0,2020-07.pdf
2020-07,automoveis,Veículos de Entrada,15504,15502,9,2,2020-07.pdf
2020-07,comerciais_leves,Furgões,3151,2342,7,809,2020-07.pdf
2020-07,comerciais_leves,Furgões Pequenos,1471,1470,4,1,2020-07.pdf
2020-07,comerciais_leves,Pick-up's Grandes,13132,13130,11,2,2020-07.pdf
2020-07,comerciais_leves,Pick-up's Pequenas,10384,10384,5,0,2020-07.pdf
2020-08,automoveis,Grandcab,1593,1593,4,0,2020-08.pdf
2020-08,automoveis,Hatch Médios,412,393,6,19,2020-08.pdf
2020-08,automoveis,Hatch Pequenos,39030,38975,12,55,2020-08.pdf
2020-08,automoveis,Monocab,1486,1486,4,0,2020-08.pdf
2020-08,automoveis,Sedans Compactos,11335,11334,6,1,2020-08.pdf
2020-08,automoveis,Sedans Grandes,689,611,12,78,2020-08.pdf
2020-08,automoveis,Sedans Pequenos,10347,10347,10,0,2020-08.pdf
2020-08,automoveis,Sedans médios,6952,6951,21,1,2020-08.pdf
2020-08,automoveis,Sports,156,137,9,19,2020-08.pdf
2020-08,automoveis,Suv's,50918,49005,40,1913,2020-08.pdf
2020-08,automoveis,Sw Grandes,29,29,4,0,2020-08.pdf
2020-08,automoveis,Sw Médios,0,0,4,0,2020-08.pdf
2020-08,automoveis,Veículos de Entrada,19048,19048,9,0,2020-08.pdf
2020-08,comerciais_leves,Furgões,2966,2091,7,875,2020-08.pdf
2020-08,comerciais_leves,Furgões Pequenos,2175,2173,4,2,2020-08.pdf
2020-08,comerciais_leves,Pick-up's Grandes,13615,13614,11,1,2020-08.pdf
2020-08,comerciais_leves,Pick-up's Pequenas,12739,12739,5,0,2020-08.pdf
2020-09,automoveis,Grandcab,1491,1491,4,0,2020-09.pdf
2020-09,automoveis,Hatch Médios,371,338,6,33,2020-09.pdf
2020-09,automoveis,Hatch Pequenos,45183,45121,12,62,2020-09.pdf
2020-09,automoveis,Monocab,1667,1667,4,0,2020-09.pdf
2020-09,automoveis,Sedans Compactos,12872,12872,6,0,2020-09.pdf
2020-09,automoveis,Sedans Grandes,799,736,12,63,2020-09.pdf
2020-09,automoveis,Sedans Pequenos,11988,11986,10,2,2020-09.pdf
2020-09,automoveis,Sedans médios,7487,7485,21,2,2020-09.pdf
2020-09,automoveis,Sports,168,159,9,9,2020-09.pdf
2020-09,automoveis,Suv's,55626,53559,40,2067,2020-09.pdf
2020-09,automoveis,Sw Grandes,19,19,4,0,2020-09.pdf
2020-09,automoveis,Sw Médios,2,2,4,0,2020-09.pdf
2020-09,automoveis,Veículos de Entrada,23357,23356,9,1,2020-09.pdf
2020-09,comerciais_leves,Furgões,3102,2214,7,888,2020-09.pdf
2020-09,comerciais_leves,Furgões Pequenos,2166,2154,4,12,2020-09.pdf
2020-09,comerciais_leves,Pick-up's Grandes,17185,17185,11,0,2020-09.pdf
2020-09,comerciais_leves,Pick-up's Pequenas,15245,15245,6,0,2020-09.pdf
2020-10,automoveis,Grandcab,1386,1386,4,0,2020-10.pdf
2020-10,automoveis,Hatch Médios,428,414,6,14,2020-10.pdf
2020-10,automoveis,Hatch Pequenos,47432,47357,12,75,2020-10.pdf
2020-10,automoveis,Monocab,1623,1623,4,0,2020-10.pdf
2020-10,automoveis,Sedans Compactos,14726,14713,6,13,2020-10.pdf
2020-10,automoveis,Sedans Grandes,812,755,12,57,2020-10.pdf
2020-10,automoveis,Sedans Pequenos,12928,12928,10,0,2020-10.pdf
2020-10,automoveis,Sedans médios,8694,8693,21,1,2020-10.pdf
2020-10,automoveis,Sports,165,144,9,21,2020-10.pdf
2020-10,automoveis,Suv's,57044,55689,40,1355,2020-10.pdf
2020-10,automoveis,Sw Grandes,14,14,4,0,2020-10.pdf
2020-10,automoveis,Sw Médios,48,48,4,0,2020-10.pdf
2020-10,automoveis,Veículos de Entrada,23107,23105,9,2,2020-10.pdf
2020-10,comerciais_leves,Furgões,2714,1996,7,718,2020-10.pdf
2020-10,comerciais_leves,Furgões Pequenos,2850,2796,4,54,2020-10.pdf
2020-10,comerciais_leves,Pick-up's Grandes,17631,17631,11,0,2020-10.pdf
2020-10,comerciais_leves,Pick-up's Pequenas,13581,13581,6,0,2020-10.pdf
2020-11,automoveis,Grandcab,1382,1382,4,0,2020-11.pdf
2020-11,automoveis,Hatch Médios,281,260,6,21,2020-11.pdf
2020-11,automoveis,Hatch Pequenos,52190,51953,12,237,2020-11.pdf
2020-11,automoveis,Monocab,1318,1318,4,0,2020-11.pdf
2020-11,automoveis,Sedans Compactos,18499,18488,6,11,2020-11.pdf
2020-11,automoveis,Sedans Grandes,906,834,12,72,2020-11.pdf
2020-11,automoveis,Sedans Pequenos,13875,13875,10,0,2020-11.pdf
2020-11,automoveis,Sedans médios,9009,9007,21,2,2020-11.pdf
2020-11,automoveis,Sports,188,178,9,10,2020-11.pdf
2020-11,automoveis,Suv's,58012,56488,40,1524,2020-11.pdf
2020-11,automoveis,Sw Grandes,6,6,5,0,2020-11.pdf
2020-11,automoveis,Sw Médios,2,2,4,0,2020-11.pdf
2020-11,automoveis,Veículos de Entrada,21806,21805,9,1,2020-11.pdf
2020-11,comerciais_leves,Furgões,2159,1595,7,564,2020-11.pdf
2020-11,comerciais_leves,Furgões Pequenos,2846,2839,4,7,2020-11.pdf
2020-11,comerciais_leves,Pick-up's Grandes,18689,18687,11,2,2020-11.pdf
2020-11,comerciais_leves,Pick-up's Pequenas,13005,13005,6,0,2020-11.pdf
2020-12,automoveis,Grandcab,1279,1279,4,0,2020-12.pdf
2020-12,automoveis,Hatch Médios,284,262,6,22,2020-12.pdf
2020-12,automoveis,Hatch Pequenos,55483,55203,12,280,2020-12.pdf
2020-12,automoveis,Monocab,1016,1016,4,0,2020-12.pdf
2020-12,automoveis,Sedans Compactos,20609,20598,6,11,2020-12.pdf
2020-12,automoveis,Sedans Grandes,1103,1042,12,61,2020-12.pdf
2020-12,automoveis,Sedans Pequenos,14901,14901,10,0,2020-12.pdf
2020-12,automoveis,Sedans médios,9734,9733,21,1,2020-12.pdf
2020-12,automoveis,Sports,156,127,9,29,2020-12.pdf
2020-12,automoveis,Suv's,67110,65666,40,1444,2020-12.pdf
2020-12,automoveis,Sw Grandes,28,28,5,0,2020-12.pdf
2020-12,automoveis,Sw Médios,7,7,4,0,2020-12.pdf
2020-12,automoveis,Veículos de Entrada,22899,22897,9,2,2020-12.pdf
2020-12,comerciais_leves,Furgões,2564,1999,7,565,2020-12.pdf
2020-12,comerciais_leves,Furgões Pequenos,1895,1891,4,4,2020-12.pdf
2020-12,comerciais_leves,Pick-up's Grandes,19618,19615,11,3,2020-12.pdf
2020-12,comerciais_leves,Pick-up's Pequenas,14058,14058,6,0,2020-12.pdf
2021-01,automoveis,Grandcab,787,787,3,0,2021-01.pdf
2021-01,automoveis,Hatch Médios,207,202,6,5,2021-01.pdf
2021-01,automoveis,Hatch Pequenos,34686,34640,12,46,2021-01.pdf
2021-01,automoveis,Monocab,1183,1183,4,0,2021-01.pdf
2021-01,automoveis,Sedans Compactos,12311,12311,6,0,2021-01.pdf
2021-01,automoveis,Sedans Grandes,581,554,12,27,2021-01.pdf
2021-01,automoveis,Sedans Pequenos,9485,9485,10,0,2021-01.pdf
2021-01,automoveis,Sedans médios,5411,5411,21,0,2021-01.pdf
2021-01,automoveis,Sports,266,251,9,15,2021-01.pdf
2021-01,automoveis,Suv's,47938,47061,40,877,2021-01.pdf
2021-01,automoveis,Sw Grandes,13,13,2,0,2021-01.pdf
2021-01,automoveis,Sw Médios,1,1,2,0,2021-01.pdf
2021-01,automoveis,Veículos de Entrada,17886,17886,9,0,2021-01.pdf
2021-01,comerciais_leves,Furgões,2218,1849,7,369,2021-01.pdf
2021-01,comerciais_leves,Furgões Pequenos,1758,1756,4,2,2021-01.pdf
2021-01,comerciais_leves,Pick-up's Grandes,15941,15940,11,1,2021-01.pdf
2021-01,comerciais_leves,Pick-up's Pequenas,11848,11848,4,0,2021-01.pdf
2021-02,automoveis,Grandcab,721,720,4,1,2021-02.pdf
2021-02,automoveis,Hatch Médios,150,148,6,2,2021-02.pdf
2021-02,automoveis,Hatch Pequenos,33551,33531,12,20,2021-02.pdf
2021-02,automoveis,Monocab,1006,1006,5,0,2021-02.pdf
2021-02,automoveis,Sedans Compactos,11675,11675,6,0,2021-02.pdf
2021-02,automoveis,Sedans Grandes,693,664,12,29,2021-02.pdf
2021-02,automoveis,Sedans Pequenos,7894,7891,10,3,2021-02.pdf
2021-02,automoveis,Sedans médios,5707,5707,19,0,2021-02.pdf
2021-02,automoveis,Sports,280,266,9,14,2021-02.pdf
2021-02,automoveis,Suv's,46611,45724,40,887,2021-02.pdf
2021-02,automoveis,Sw Grandes,28,28,2,0,2021-02.pdf
2021-02,automoveis,Sw Médios,2,2,2,0,2021-02.pdf
2021-02,automoveis,Veículos de Entrada,19730,19730,9,0,2021-02.pdf
2021-02,comerciais_leves,Furgões,2096,1696,7,400,2021-02.pdf
2021-02,comerciais_leves,Furgões Pequenos,2101,2097,4,4,2021-02.pdf
2021-02,comerciais_leves,Pick-up's Grandes,13753,13752,11,1,2021-02.pdf
2021-02,comerciais_leves,Pick-up's Pequenas,12187,12187,5,0,2021-02.pdf
2021-03,automoveis,Grandcab,1033,1033,4,0,2021-03.pdf
2021-03,automoveis,Hatch Médios,217,208,6,9,2021-03.pdf
2021-03,automoveis,Hatch Pequenos,32355,32338,12,17,2021-03.pdf
2021-03,automoveis,Monocab,1087,1087,6,0,2021-03.pdf
2021-03,automoveis,Sedans Compactos,11112,11108,6,4,2021-03.pdf
2021-03,automoveis,Sedans Grandes,812,784,12,28,2021-03.pdf
2021-03,automoveis,Sedans Pequenos,9877,9877,10,0,2021-03.pdf
2021-03,automoveis,Sedans médios,6339,6339,21,0,2021-03.pdf
2021-03,automoveis,Sports,266,237,9,29,2021-03.pdf
2021-03,automoveis,Suv's,54788,53725,40,1063,2021-03.pdf
2021-03,automoveis,Sw Grandes,16,16,3,0,2021-03.pdf
2021-03,automoveis,Sw Médios,0,0,2,0,2021-03.pdf
2021-03,automoveis,Veículos de Entrada,23968,23968,9,0,2021-03.pdf
2021-03,comerciais_leves,Furgões,2544,2061,7,483,2021-03.pdf
2021-03,comerciais_leves,Furgões Pequenos,2050,2049,4,1,2021-03.pdf
2021-03,comerciais_leves,Pick-up's Grandes,17068,17068,11,0,2021-03.pdf
2021-03,comerciais_leves,Pick-up's Pequenas,13509,13509,5,0,2021-03.pdf
2021-04,automoveis,Grandcab,1135,1135,4,0,2021-04.pdf
2021-04,automoveis,Hatch Médios,151,143,6,8,2021-04.pdf
2021-04,automoveis,Hatch Pequenos,28438,28418,12,20,2021-04.pdf
2021-04,automoveis,Monocab,769,769,6,0,2021-04.pdf
2021-04,automoveis,Sedans Compactos,9787,9787,6,0,2021-04.pdf
2021-04,automoveis,Sedans Grandes,702,667,12,35,2021-04.pdf
2021-04,automoveis,Sedans Pequenos,7737,7737,10,0,2021-04.pdf
2021-04,automoveis,Sedans médios,5298,5298,21,0,2021-04.pdf
2021-04,automoveis,Sports,313,290,9,23,2021-04.pdf
2021-04,automoveis,Suv's,53608,52544,40,1064,2021-04.pdf
2021-04,automoveis,Sw Grandes,16,16,4,0,2021-04.pdf
2021-04,automoveis,Sw Médios,4,4,4,0,2021-04.pdf
2021-04,automoveis,Veículos de Entrada,19451,19451,9,0,2021-04.pdf
2021-04,comerciais_leves,Furgões,2123,1697,7,426,2021-04.pdf
2021-04,comerciais_leves,Furgões Pequenos,1366,1366,4,0,2021-04.pdf
2021-04,comerciais_leves,Pick-up's Grandes,17643,17640,11,3,2021-04.pdf
2021-04,comerciais_leves,Pick-up's Pequenas,15314,15314,5,0,2021-04.pdf
2021-05,automoveis,Grandcab,2367,2367,4,0,2021-05.pdf
2021-05,automoveis,Hatch Médios,142,127,6,15,2021-05.pdf
2021-05,automoveis,Hatch Pequenos,31994,31973,12,21,2021-05.pdf
2021-05,automoveis,Monocab,1310,1310,6,0,2021-05.pdf
2021-05,automoveis,Sedans Compactos,8150,8149,6,1,2021-05.pdf
2021-05,automoveis,Sedans Grandes,755,720,12,35,2021-05.pdf
2021-05,automoveis,Sedans Pequenos,10208,10208,10,0,2021-05.pdf
2021-05,automoveis,Sedans médios,6418,6416,21,2,2021-05.pdf
2021-05,automoveis,Sports,364,332,9,32,2021-05.pdf
2021-05,automoveis,Suv's,59017,57602,40,1415,2021-05.pdf
2021-05,automoveis,Sw Grandes,11,11,4,0,2021-05.pdf
2021-05,automoveis,Sw Médios,1,1,4,0,2021-05.pdf
2021-05,automoveis,Veículos de Entrada,21869,21869,9,0,2021-05.pdf
2021-05,comerciais_leves,Furgões,3278,2790,7,488,2021-05.pdf
2021-05,comerciais_leves,Furgões Pequenos,1703,1702,4,1,2021-05.pdf
2021-05,comerciais_leves,Pick-up's Grandes,14851,14849,11,2,2021-05.pdf
2021-05,comerciais_leves,Pick-up's Pequenas,12896,12896,5,0,2021-05.pdf
2021-06,automoveis,Grandcab,2010,2010,4,0,2021-06.pdf
2021-06,automoveis,Hatch Médios,173,160,6,13,2021-06.pdf
2021-06,automoveis,Hatch Pequenos,28494,28475,12,19,2021-06.pdf
2021-06,automoveis,Monocab,1629,1629,6,0,2021-06.pdf
2021-06,automoveis,Sedans Compactos,6011,6011,6,0,2021-06.pdf
2021-06,automoveis,Sedans Grandes,687,652,12,35,2021-06.pdf
2021-06,automoveis,Sedans Pequenos,11764,11764,10,0,2021-06.pdf
2021-06,automoveis,Sedans médios,6546,6545,21,1,2021-06.pdf
2021-06,automoveis,Sports,303,256,9,47,2021-06.pdf
2021-06,automoveis,Suv's,54604,52645,40,1959,2021-06.pdf
2021-06,automoveis,Sw Grandes,16,16,4,0,2021-06.pdf
2021-06,automoveis,Sw Médios,0,0,4,0,2021-06.pdf
2021-06,automoveis,Veículos de Entrada,21021,21019,9,2,2021-06.pdf
2021-06,comerciais_leves,Furgões,3276,2623,7,653,2021-06.pdf
2021-06,comerciais_leves,Furgões Pequenos,2184,2182,4,2,2021-06.pdf
2021-06,comerciais_leves,Pick-up's Grandes,17946,17941,11,5,2021-06.pdf
2021-06,comerciais_leves,Pick-up's Pequenas,12863,12863,5,0,2021-06.pdf
2021-07,automoveis,Grandcab,1176,1176,4,0,2021-07.pdf
2021-07,automoveis,Hatch Médios,363,350,6,13,2021-07.pdf
2021-07,automoveis,Hatch Pequenos,28358,28320,12,38,2021-07.pdf
2021-07,automoveis,Monocab,1654,1654,6,0,2021-07.pdf
2021-07,automoveis,Sedans Compactos,4960,4960,6,0,2021-07.pdf
2021-07,automoveis,Sedans Grandes,723,693,12,30,2021-07.pdf
2021-07,automoveis,Sedans Pequenos,8464,8463,10,1,2021-07.pdf
2021-07,automoveis,Sedans médios,7398,7395,21,3,2021-07.pdf
2021-07,automoveis,Sports,225,191,9,34,2021-07.pdf
2021-07,automoveis,Suv's,54027,52083,40,1944,2021-07.pdf
2021-07,automoveis,Sw Grandes,6,6,4,0,2021-07.pdf
2021-07,automoveis,Sw Médios,5,5,4,0,2021-07.pdf
2021-07,automoveis,Veículos de Entrada,16152,16151,9,1,2021-07.pdf
2021-07,comerciais_leves,Furgões,3099,2417,7,682,2021-07.pdf
2021-07,comerciais_leves,Furgões Pequenos,1816,1812,4,4,2021-07.pdf
2021-07,comerciais_leves,Pick-up's Grandes,22961,22956,11,5,2021-07.pdf
2021-07,comerciais_leves,Pick-up's Pequenas,10947,10947,6,0,2021-07.pdf
2021-08,automoveis,Grandcab,468,468,4,0,2021-08.pdf
2021-08,automoveis,Hatch Médios,378,374,6,4,2021-08.pdf
2021-08,automoveis,Hatch Pequenos,20742,20713,12,29,2021-08.pdf
2021-08,automoveis,Monocab,1360,1360,6,0,2021-08.pdf
2021-08,automoveis,Sedans Compactos,3803,3801,6,2,2021-08.pdf
2021-08,automoveis,Sedans Grandes,793,735,12,58,2021-08.pdf
2021-08,automoveis,Sedans Pequenos,8019,8019,10,0,2021-08.pdf
2021-08,automoveis,Sedans médios,7670,7669,21,1,2021-08.pdf
2021-08,automoveis,Sports,254,220,9,34,2021-08.pdf
2021-08,automoveis,Suv's,58968,57142,40,1826,2021-08.pdf
2021-08,automoveis,Sw Grandes,4,4,4,0,2021-08.pdf
2021-08,automoveis,Sw Médios,2,2,4,0,2021-08.pdf
2021-08,automoveis,Veículos de Entrada,17287,17287,9,0,2021-08.pdf
2021-08,comerciais_leves,Furgões,3500,2795,7,705,2021-08.pdf
2021-08,comerciais_leves,Furgões Pequenos,1913,1909,4,4,2021-08.pdf
2021-08,comerciais_leves,Pick-up's Grandes,22580,22575,11,5,2021-08.pdf
2021-08,comerciais_leves,Pick-up's Pequenas,10706,10706,6,0,2021-08.pdf
2021-09,automoveis,Grandcab,481,481,4,0,2021-09.pdf
2021-09,automoveis,Hatch Médios,244,237,6,7,2021-09.pdf
2021-09,automoveis,Hatch Pequenos,22887,22867,12,20,2021-09.pdf
2021-09,automoveis,Monocab,956,956,6,0,2021-09.pdf
2021-09,automoveis,Sedans Compactos,6937,6934,6,3,2021-09.pdf
2021-09,automoveis,Sedans Grandes,688,628,12,60,2021-09.pdf
2021-09,automoveis,Sedans Pequenos,7102,7102,10,0,2021-09.pdf
2021-09,automoveis,Sedans médios,5478,5478,21,0,2021-09.pdf
2021-09,automoveis,Sports,227,190,9,37,2021-09.pdf
2021-09,automoveis,Suv's,54015,52415,40,1600,2021-09.pdf
2021-09,automoveis,Sw Grandes,5,5,5,0,2021-09.pdf
2021-09,automoveis,Sw Médios,0,0,4,0,2021-09.pdf
2021-09,automoveis,Veículos de Entrada,10006,10006,9,0,2021-09.pdf
2021-09,comerciais_leves,Furgões,3150,2603,7,547,2021-09.pdf
2021-09,comerciais_leves,Furgões Pequenos,2416,2412,4,4,2021-09.pdf
2021-09,comerciais_leves,Pick-up's Grandes,20517,20515,11,2,2021-09.pdf
2021-09,comerciais_leves,Pick-up's Pequenas,7191,7189,6,2,2021-09.pdf
2021-10,automoveis,Grandcab,613,613,4,0,2021-10.pdf
2021-10,automoveis,Hatch Médios,323,322,6,1,2021-10.pdf
2021-10,automoveis,Hatch Pequenos,25962,25932,12,30,2021-10.pdf
2021-10,automoveis,Monocab,789,789,7,0,2021-10.pdf
2021-10,automoveis,Sedans Compactos,7679,7678,6,1,2021-10.pdf
2021-10,automoveis,Sedans Grandes,629,585,12,44,2021-10.pdf
2021-10,automoveis,Sedans Pequenos,8844,8844,10,0,2021-10.pdf
2021-10,automoveis,Sedans médios,5727,5726,21,1,2021-10.pdf
2021-10,automoveis,Sports,253,224,9,29,2021-10.pdf
2021-10,automoveis,Suv's,57434,55781,40,1653,2021-10.pdf
2021-10,automoveis,Sw Grandes,4,4,5,0,2021-10.pdf
2021-10,automoveis,Sw Médios,2,1,4,1,2021-10.pdf
2021-10,automoveis,Veículos de Entrada,11009,11009,9,0,2021-10.pdf
2021-10,comerciais_leves,Furgões,3167,2570,7,597,2021-10.pdf
2021-10,comerciais_leves,Furgões Pequenos,2042,2042,4,0,2021-10.pdf
2021-10,comerciais_leves,Pick-up's Grandes,17228,17222,11,6,2021-10.pdf
2021-10,comerciais_leves,Pick-up's Pequenas,8327,8327,6,0,2021-10.pdf
2021-11,automoveis,Grandcab,767,766,4,1,2021-11.pdf
2021-11,automoveis,Hatch Médios,153,152,6,1,2021-11.pdf
2021-11,automoveis,Hatch Pequenos,25783,25724,12,59,2021-11.pdf
2021-11,automoveis,Monocab,404,404,7,0,2021-11.pdf
2021-11,automoveis,Sedans Compactos,10889,10889,6,0,2021-11.pdf
2021-11,automoveis,Sedans Grandes,585,540,12,45,2021-11.pdf
2021-11,automoveis,Sedans Pequenos,11073,11073,10,0,2021-11.pdf
2021-11,automoveis,Sedans médios,7188,7188,21,0,2021-11.pdf
2021-11,automoveis,Sports,156,136,9,20,2021-11.pdf
2021-11,automoveis,Suv's,57599,55973,40,1626,2021-11.pdf
2021-11,automoveis,Sw Grandes,3,3,5,0,2021-11.pdf
2021-11,automoveis,Sw Médios,0,0,4,0,2021-11.pdf
2021-11,automoveis,Veículos de Entrada,11321,11321,9,0,2021-11.pdf
2021-11,comerciais_leves,Furgões,3632,2976,7,656,2021-11.pdf
2021-11,comerciais_leves,Furgões Pequenos,1706,1704,4,2,2021-11.pdf
2021-11,comerciais_leves,Pick-up's Grandes,19070,19026,11,44,2021-11.pdf
2021-11,comerciais_leves,Pick-up's Pequenas,10642,10642,6,0,2021-11.pdf
2021-12,automoveis,Grandcab,1610,1610,4,0,2021-12.pdf
2021-12,automoveis,Hatch Médios,329,321,6,8,2021-12.pdf
2021-12,automoveis,Hatch Pequenos,28680,28644,12,36,2021-12.pdf
2021-12,automoveis,Monocab,485,485,7,0,2021-12.pdf
2021-12,automoveis,Sedans Compactos,12091,12089,6,2,2021-12.pdf
2021-12,automoveis,Sedans Grandes,541,495,12,46,2021-12.pdf
2021-12,automoveis,Sedans Pequenos,15061,15061,10,0,2021-12.pdf
2021-12,automoveis,Sedans médios,8240,8239,21,1,2021-12.pdf
2021-12,automoveis,Sports,213,183,9,30,2021-12.pdf
2021-12,automoveis,Suv's,69856,68232,40,1624,2021-12.pdf
2021-12,automoveis,Sw Grandes,1,1,5,0,2021-12.pdf
2021-12,automoveis,Sw Médios,1,1,4,0,2021-12.pdf
2021-12,automoveis,Veículos de Entrada,18992,18992,9,0,2021-12.pdf
2021-12,comerciais_leves,Furgões,3607,3002,7,605,2021-12.pdf
2021-12,comerciais_leves,Furgões Pequenos,1292,1286,4,6,2021-12.pdf
2021-12,comerciais_leves,Pick-up's Grandes,20879,20873,11,6,2021-12.pdf
2021-12,comerciais_leves,Pick-up's Pequenas,11629,11629,6,0,2021-12.pdf
2022-01,automoveis,Grandcab,564,564,4,0,2022-01.pdf
2022-01,automoveis,Hatch Médios,127,127,6,0,2022-01.pdf
2022-01,automoveis,Hatch Pequenos,17531,17517,12,14,2022-01.pdf
2022-01,automoveis,Monocab,203,203,3,0,2022-01.pdf
2022-01,automoveis,Sedans Compactos,6443,6443,6,0,2022-01.pdf
2022-01,automoveis,Sedans Grandes,502,488,12,14,2022-01.pdf
2022-01,automoveis,Sedans Pequenos,5882,5882,10,0,2022-01.pdf
2022-01,automoveis,Sedans médios,4170,4170,17,0,2022-01.pdf
2022-01,automoveis,Sports,130,119,9,11,2022-01.pdf
2022-01,automoveis,Suv's,46832,45928,40,904,2022-01.pdf
2022-01,automoveis,Veículos de Entrada,9776,9776,8,0,2022-01.pdf
2022-01,comerciais_leves,Furgões,2481,2143,7,338,2022-01.pdf
2022-01,comerciais_leves,Furgões Pequenos,1390,1390,4,0,2022-01.pdf
2022-01,comerciais_leves,Pick-up's Grandes,12615,12609,11,6,2022-01.pdf
2022-01,comerciais_leves,Pick-up's Pequenas,7902,7902,5,0,2022-01.pdf
2022-02,automoveis,Grandcab,127,127,4,0,2022-02.pdf
2022-02,automoveis,Hatch Médios,136,132,6,4,2022-02.pdf
2022-02,automoveis,Hatch Pequenos,22185,22151,12,34,2022-02.pdf
2022-02,automoveis,Monocab,138,138,3,0,2022-02.pdf
2022-02,automoveis,Sedans Compactos,9379,9378,6,1,2022-02.pdf
2022-02,automoveis,Sedans Grandes,689,681,12,8,2022-02.pdf
2022-02,automoveis,Sedans Pequenos,7086,7086,10,0,2022-02.pdf
2022-02,automoveis,Sedans médios,3977,3977,15,0,2022-02.pdf
2022-02,automoveis,Sports,143,124,9,19,2022-02.pdf
2022-02,automoveis,Suv's,43483,42716,40,767,2022-02.pdf
2022-02,automoveis,Sw Grandes,5,5,3,0,2022-02.pdf
2022-02,automoveis,Sw Médios,0,0,1,0,2022-02.pdf
2022-02,automoveis,Veículos de Entrada,10184,10184,7,0,2022-02.pdf
2022-02,comerciais_leves,Furgões,2206,1859,7,347,2022-02.pdf
2022-02,comerciais_leves,Furgões Pequenos,1614,1613,4,1,2022-02.pdf
2022-02,comerciais_leves,Pick-up's Grandes,11220,11214,11,6,2022-02.pdf
2022-02,comerciais_leves,Pick-up's Pequenas,7559,7559,6,0,2022-02.pdf
2022-03,automoveis,Grandcab,1253,1253,4,0,2022-03.pdf
2022-03,automoveis,Hatch Médios,243,240,6,3,2022-03.pdf
2022-03,automoveis,Hatch Pequenos,23036,23006,12,30,2022-03.pdf
2022-03,automoveis,Monocab,185,185,3,0,2022-03.pdf
2022-03,automoveis,Sedans Compactos,8667,8667,6,0,2022-03.pdf
2022-03,automoveis,Sedans Grandes,715,703,12,12,2022-03.pdf
2022-03,automoveis,Sedans Pequenos,4310,4309,10,1,2022-03.pdf
2022-03,automoveis,Sedans médios,5523,5523,17,0,2022-03.pdf
2022-03,automoveis,Sports,155,132,9,23,2022-03.pdf
2022-03,automoveis,Suv's,52712,51645,40,1067,2022-03.pdf
2022-03,automoveis,Sw Grandes,0,0,3,0,2022-03.pdf
2022-03,automoveis,Sw Médios,0,0,1,0,2022-03.pdf
2022-03,automoveis,Veículos de Entrada,11389,11389,8,0,2022-03.pdf
2022-03,comerciais_leves,Furgões,2650,2203,7,447,2022-03.pdf
2022-03,comerciais_leves,Furgões Pequenos,2040,2037,4,3,2022-03.pdf
2022-03,comerciais_leves,Pick-up's Grandes,14299,14261,11,38,2022-03.pdf
2022-03,comerciais_leves,Pick-up's Pequenas,7668,7668,6,0,2022-03.pdf
2022-04,automoveis,Grandcab,1652,1651,4,1,2022-04.pdf
2022-04,automoveis,Hatch Médios,238,234,6,4,2022-04.pdf
2022-04,automoveis,Hatch Pequenos,24668,24656,12,12,2022-04.pdf
2022-04,automoveis,Monocab,7,7,3,0,2022-04.pdf
2022-04,automoveis,Sedans Compactos,9575,9575,6,0,2022-04.pdf
2022-04,automoveis,Sedans Grandes,507,487,12,20,2022-04.pdf
2022-04,automoveis,Sedans Pequenos,7392,7392,10,0,2022-04.pdf
2022-04,automoveis,Sedans médios,5308,5308,20,0,2022-04.pdf
2022-04,automoveis,Sports,156,137,9,19,2022-04.pdf
2022-04,automoveis,Suv's,49509,48169,40,1340,2022-04.pdf
2022-04,automoveis,Sw Grandes,1,1,3,0,2022-04.pdf
2022-04,automoveis,Sw Médios,0,0,1,0,2022-04.pdf
2022-04,automoveis,Veículos de Entrada,10621,10621,9,0,2022-04.pdf
2022-04,comerciais_leves,Furgões,2517,2177,7,340,2022-04.pdf
2022-04,comerciais_leves,Furgões Pequenos,913,913,4,0,2022-04.pdf
2022-04,comerciais_leves,Pick-up's Grandes,15196,15184,11,12,2022-04.pdf
2022-04,comerciais_leves,Pick-up's Pequenas,8027,8027,6,0,2022-04.pdf
2022-05,automoveis,Grandcab,1955,1953,4,2,2022-05.pdf
2022-05,automoveis,Hatch Médios,244,235,6,9,2022-05.pdf
2022-05,automoveis,Hatch Pequenos,28578,28562,12,16,2022-05.pdf
2022-05,automoveis,Monocab,6,6,3,0,2022-05.pdf
2022-05,automoveis,Sedans Compactos,10514,10512,6,2,2022-05.pdf
2022-05,automoveis,Sedans Grandes,644,629,12,15,2022-05.pdf
2022-05,automoveis,Sedans Pequenos,10660,10659,10,1,2022-05.pdf
2022-05,automoveis,Sedans médios,5595,5595,21,0,2022-05.pdf
2022-05,automoveis,Sports,150,131,9,19,2022-05.pdf
2022-05,automoveis,Suv's,63785,62266,40,1519,2022-05.pdf
2022-05,automoveis,Sw Grandes,6,6,3,0,2022-05.pdf
2022-05,automoveis,Sw Médios,2,2,3,0,2022-05.pdf
2022-05,automoveis,Veículos de Entrada,17264,17263,9,1,2022-05.pdf
2022-05,comerciais_leves,Furgões,3298,2893,7,405,2022-05.pdf
2022-05,comerciais_leves,Furgões Pequenos,2270,2263,4,7,2022-05.pdf
2022-05,comerciais_leves,Pick-up's Grandes,16785,16647,11,138,2022-05.pdf
2022-05,comerciais_leves,Pick-up's Pequenas,12983,12983,6,0,2022-05.pdf
2022-06,automoveis,Grandcab,1569,1569,4,0,2022-06.pdf
2022-06,automoveis,Hatch Médios,254,246,6,8,2022-06.pdf
2022-06,automoveis,Hatch Pequenos,24723,24679,12,44,2022-06.pdf
2022-06,automoveis,Monocab,4,4,4,0,2022-06.pdf
2022-06,automoveis,Sedans Compactos,8376,8361,6,15,2022-06.pdf
2022-06,automoveis,Sedans Grandes,611,592,12,19,2022-06.pdf
2022-06,automoveis,Sedans Pequenos,13129,13129,10,0,2022-06.pdf
2022-06,automoveis,Sedans médios,5209,5209,21,0,2022-06.pdf
2022-06,automoveis,Sports,193,175,9,18,2022-06.pdf
2022-06,automoveis,Suv's,60227,58603,40,1624,2022-06.pdf
2022-06,automoveis,Sw Grandes,3,3,3,0,2022-06.pdf
2022-06,automoveis,Sw Médios,2,2,3,0,2022-06.pdf
2022-06,automoveis,Veículos de Entrada,19230,19230,9,0,2022-06.pdf
2022-06,comerciais_leves,Furgões,2522,1959,7,563,2022-06.pdf
2022-06,comerciais_leves,Furgões Pequenos,2068,2067,4,1,2022-06.pdf
2022-06,comerciais_leves,Pick-up's Grandes,16703,16532,11,171,2022-06.pdf
2022-06,comerciais_leves,Pick-up's Pequenas,10588,10588,6,0,2022-06.pdf
2022-07,automoveis,Grandcab,1292,1292,4,0,2022-07.pdf
2022-07,automoveis,Hatch Médios,191,184,6,7,2022-07.pdf
2022-07,automoveis,Hatch Pequenos,30994,30937,12,57,2022-07.pdf
2022-07,automoveis,Monocab,1,1,4,0,2022-07.pdf
2022-07,automoveis,Sedans Compactos,12550,12548,6,2,2022-07.pdf
2022-07,automoveis,Sedans Grandes,522,503,12,19,2022-07.pdf
2022-07,automoveis,Sedans Pequenos,10957,10957,10,0,2022-07.pdf
2022-07,automoveis,Sedans médios,5399,5398,21,1,2022-07.pdf
2022-07,automoveis,Sports,184,158,9,26,2022-07.pdf
2022-07,automoveis,Suv's,53438,51866,40,1572,2022-07.pdf
2022-07,automoveis,Sw Grandes,3,3,3,0,2022-07.pdf
2022-07,automoveis,Sw Médios,1,1,3,0,2022-07.pdf
2022-07,automoveis,Veículos de Entrada,19921,19921,9,0,2022-07.pdf
2022-07,comerciais_leves,Furgões,2599,1936,7,663,2022-07.pdf
2022-07,comerciais_leves,Furgões Pequenos,1674,1673,4,1,2022-07.pdf
2022-07,comerciais_leves,Pick-up's Grandes,16643,16396,11,247,2022-07.pdf
2022-07,comerciais_leves,Pick-up's Pequenas,12651,12651,6,0,2022-07.pdf
2022-08,automoveis,Grandcab,1558,1555,4,3,2022-08.pdf
2022-08,automoveis,Hatch Médios,220,212,6,8,2022-08.pdf
2022-08,automoveis,Hatch Pequenos,36372,36158,12,214,2022-08.pdf
2022-08,automoveis,Monocab,1,1,4,0,2022-08.pdf
2022-08,automoveis,Sedans Compactos,12859,12859,6,0,2022-08.pdf
2022-08,automoveis,Sedans Grandes,485,460,12,25,2022-08.pdf
2022-08,automoveis,Sedans Pequenos,11042,11042,10,0,2022-08.pdf
2022-08,automoveis,Sedans médios,4493,4493,21,0,2022-08.pdf
2022-08,automoveis,Sports,187,151,9,36,2022-08.pdf
2022-08,automoveis,Suv's,61621,59883,40,1738,2022-08.pdf
2022-08,automoveis,Sw Grandes,2,2,3,0,2022-08.pdf
2022-08,automoveis,Sw Médios,2,2,4,0,2022-08.pdf
2022-08,automoveis,Veículos de Entrada,26175,26173,9,2,2022-08.pdf
2022-08,comerciais_leves,Furgões,2996,2299,7,697,2022-08.pdf
2022-08,comerciais_leves,Furgões Pequenos,2813,2808,4,5,2022-08.pdf
2022-08,comerciais_leves,Pick-up's Grandes,16253,15985,11,268,2022-08.pdf
2022-08,comerciais_leves,Pick-up's Pequenas,16982,16982,6,0,2022-08.pdf
2022-09,automoveis,Grandcab,2091,2091,4,0,2022-09.pdf
2022-09,automoveis,Hatch Médios,173,164,6,9,2022-09.pdf
2022-09,automoveis,Hatch Pequenos,33229,33197,12,32,2022-09.pdf
2022-09,automoveis,Monocab,4,4,4,0,2022-09.pdf
2022-09,automoveis,Sedans Compactos,11396,11394,6,2,2022-09.pdf
2022-09,automoveis,Sedans Grandes,557,539,12,18,2022-09.pdf
2022-09,automoveis,Sedans Pequenos,9989,9989,10,0,2022-09.pdf
2022-09,automoveis,Sedans médios,4556,4556,21,0,2022-09.pdf
2022-09,automoveis,Sports,247,218,9,29,2022-09.pdf
2022-09,automoveis,Suv's,61915,59844,40,2071,2022-09.pdf
2022-09,automoveis,Sw Grandes,1,1,3,0,2022-09.pdf
2022-09,automoveis,Sw Médios,0,0,4,0,2022-09.pdf
2022-09,automoveis,Veículos de Entrada,18988,18988,9,0,2022-09.pdf
2022-09,comerciais_leves,Furgões,3178,2218,7,960,2022-09.pdf
2022-09,comerciais_leves,Furgões Pequenos,2136,2135,4,1,2022-09.pdf
2022-09,comerciais_leves,Pick-up's Grandes,17395,17184,11,211,2022-09.pdf
2022-09,comerciais_leves,Pick-up's Pequenas,14504,14503,6,1,2022-09.pdf
2022-10,automoveis,Grandcab,1763,1762,4,1,2022-10.pdf
2022-10,automoveis,Hatch Médios,158,152,6,6,2022-10.pdf
2022-10,automoveis,Hatch Pequenos,32384,32361,12,23,2022-10.pdf
2022-10,automoveis,Monocab,5,5,4,0,2022-10.pdf
2022-10,automoveis,Sedans Compactos,10406,10406,6,0,2022-10.pdf
2022-10,automoveis,Sedans Grandes,801,791,12,10,2022-10.pdf
2022-10,automoveis,Sedans Pequenos,10797,10797,10,0,2022-10.pdf
2022-10,automoveis,Sedans médios,3865,3865,21,0,2022-10.pdf
2022-10,automoveis,Sports,170,147,9,23,2022-10.pdf
2022-10,automoveis,Suv's,60711,59318,40,1393,2022-10.pdf
2022-10,automoveis,Sw Grandes,6,6,3,0,2022-10.pdf
2022-10,automoveis,Sw Médios,0,0,4,0,2022-10.pdf
2022-10,automoveis,Veículos de Entrada,15898,15897,9,1,2022-10.pdf
2022-10,comerciais_leves,Furgões,2308,1589,7,719,2022-10.pdf
2022-10,comerciais_leves,Furgões Pequenos,2116,2115,4,1,2022-10.pdf
2022-10,comerciais_leves,Pick-up's Grandes,14556,14442,11,114,2022-10.pdf
2022-10,comerciais_leves,Pick-up's Pequenas,12488,12488,6,0,2022-10.pdf
2022-11,automoveis,Grandcab,1923,1922,4,1,2022-11.pdf
2022-11,automoveis,Hatch Médios,168,165,6,3,2022-11.pdf
2022-11,automoveis,Hatch Pequenos,39144,39128,12,16,2022-11.pdf
2022-11,automoveis,Monocab,0,0,4,0,2022-11.pdf
2022-11,automoveis,Sedans Compactos,11531,11530,6,1,2022-11.pdf
2022-11,automoveis,Sedans Grandes,908,888,12,20,2022-11.pdf
2022-11,automoveis,Sedans Pequenos,13877,13877,10,0,2022-11.pdf
2022-11,automoveis,Sedans médios,4249,4249,21,0,2022-11.pdf
2022-11,automoveis,Sports,119,94,9,25,2022-11.pdf
2022-11,automoveis,Suv's,64561,63010,40,1551,2022-11.pdf
2022-11,automoveis,Sw Grandes,1,1,3,0,2022-11.pdf
2022-11,automoveis,Sw Médios,0,0,4,0,2022-11.pdf
2022-11,automoveis,Veículos de Entrada,22236,22236,9,0,2022-11.pdf
2022-11,comerciais_leves,Furgões,2309,1737,7,572,2022-11.pdf
2022-11,comerciais_leves,Furgões Pequenos,2301,2299,4,2,2022-11.pdf
2022-11,comerciais_leves,Pick-up's Grandes,16352,16065,11,287,2022-11.pdf
2022-11,comerciais_leves,Pick-up's Pequenas,12214,12214,6,0,2022-11.pdf
2022-12,automoveis,Grandcab,2455,2455,4,0,2022-12.pdf
2022-12,automoveis,Hatch Médios,140,138,6,2,2022-12.pdf
2022-12,automoveis,Hatch Pequenos,37379,37361,12,18,2022-12.pdf
2022-12,automoveis,Monocab,2,2,4,0,2022-12.pdf
2022-12,automoveis,Sedans Compactos,12636,12635,6,1,2022-12.pdf
2022-12,automoveis,Sedans Grandes,1167,1120,12,47,2022-12.pdf
2022-12,automoveis,Sedans Pequenos,12443,12443,10,0,2022-12.pdf
2022-12,automoveis,Sedans médios,4912,4911,21,1,2022-12.pdf
2022-12,automoveis,Sports,145,122,9,23,2022-12.pdf
2022-12,automoveis,Suv's,71288,69271,40,2017,2022-12.pdf
2022-12,automoveis,Sw Grandes,11,11,3,0,2022-12.pdf
2022-12,automoveis,Sw Médios,0,0,4,0,2022-12.pdf
2022-12,automoveis,Veículos de Entrada,21522,21522,9,0,2022-12.pdf
2022-12,comerciais_leves,Furgões,2708,2172,7,536,2022-12.pdf
2022-12,comerciais_leves,Furgões Pequenos,2258,2258,4,0,2022-12.pdf
2022-12,comerciais_leves,Pick-up's Grandes,20848,20353,11,495,2022-12.pdf
2022-12,comerciais_leves,Pick-up's Pequenas,12192,12192,6,0,2022-12.pdf
2023-01,automoveis,Grandcab,1428,1427,4,1,2023-01.pdf
2023-01,automoveis,Hatch Médios,158,153,6,5,2023-01.pdf
2023-01,automoveis,Hatch Pequenos,25179,25170,12,9,2023-01.pdf
2023-01,automoveis,Monocab,4,4,1,0,2023-01.pdf
2023-01,automoveis,Sedans Compactos,9158,9158,6,0,2023-01.pdf
2023-01,automoveis,Sedans Grandes,574,557,12,17,2023-01.pdf
2023-01,automoveis,Sedans Pequenos,6463,6463,8,0,2023-01.pdf
2023-01,automoveis,Sedans médios,2595,2595,17,0,2023-01.pdf
2023-01,automoveis,Sports,208,190,9,18,2023-01.pdf
2023-01,automoveis,Suv's,47143,46217,40,926,2023-01.pdf
2023-01,automoveis,Sw Grandes,1,1,1,0,2023-01.pdf
2023-01,automoveis,Sw Médios,1,1,1,0,2023-01.pdf
2023-01,automoveis,Veículos de Entrada,10920,10920,9,0,2023-01.pdf
2023-01,comerciais_leves,Furgões,2182,1870,7,312,2023-01.pdf
2023-01,comerciais_leves,Furgões Pequenos,1418,1416,4,2,2023-01.pdf
2023-01,comerciais_leves,Pick-up's Grandes,13277,13002,11,275,2023-01.pdf
2023-01,comerciais_leves,Pick-up's Pequenas,9710,9710,4,0,2023-01.pdf
2023-02,automoveis,Grandcab,1326,1325,4,1,2023-02.pdf
2023-02,automoveis,Hatch Médios,60,57,6,3,2023-02.pdf
2023-02,automoveis,Hatch Pequenos,23133,23126,12,7,2023-02.pdf
2023-02,automoveis,Monocab,5,5,2,0,2023-02.pdf
2023-02,automoveis,Sedans Compactos,7967,7967,6,0,2023-02.pdf
2023-02,automoveis,Sedans Grandes,596,586,12,10,2023-02.pdf
2023-02,automoveis,Sedans Pequenos,2864,2864,6,0,2023-02.pdf
2023-02,automoveis,Sedans médios,3286,3286,16,0,2023-02.pdf
2023-02,automoveis,Sports,198,182,9,16,2023-02.pdf
2023-02,automoveis,Suv's,47255,46173,40,1082,2023-02.pdf
2023-02,automoveis,Sw Grandes,2,2,1,0,2023-02.pdf
2023-02,automoveis,Sw Médios,1,1,2,0,2023-02.pdf
2023-02,automoveis,Veículos de Entrada,9085,9085,9,0,2023-02.pdf
2023-02,comerciais_leves,Furgões,1932,1610,7,322,2023-02.pdf
2023-02,comerciais_leves,Furgões Pequenos,988,988,4,0,2023-02.pdf
2023-02,comerciais_leves,Pick-up's Grandes,12097,11678,11,419,2023-02.pdf
2023-02,comerciais_leves,Pick-up's Pequenas,8929,8929,3,0,2023-02.pdf
2023-03,automoveis,Grandcab,1790,1790,4,0,2023-03.pdf
2023-03,automoveis,Hatch Médios,82,77,6,5,2023-03.pdf
2023-03,automoveis,Hatch Pequenos,39313,39292,12,21,2023-03.pdf
2023-03,automoveis,Monocab,15,15,2,0,2023-03.pdf
2023-03,automoveis,Sedans Compactos,11593,11592,6,1,2023-03.pdf
2023-03,automoveis,Sedans Grandes,947,926,12,21,2023-03.pdf
2023-03,automoveis,Sedans Pequenos,5716,5716,10,0,2023-03.pdf
2023-03,automoveis,Sedans médios,4810,4810,19,0,2023-03.pdf
2023-03,automoveis,Sports,270,245,9,25,2023-03.pdf
2023-03,automoveis,Suv's,67715,66005,40,1710,2023-03.pdf
2023-03,automoveis,Sw Grandes,2,2,3,0,2023-03.pdf
2023-03,automoveis,Sw Médios,1,1,2,0,2023-03.pdf
2023-03,automoveis,Veículos de Entrada,13847,13847,9,0,2023-03.pdf
2023-03,comerciais_leves,Furgões,2822,2399,7,423,2023-03.pdf
2023-03,comerciais_leves,Furgões Pequenos,1729,1729,4,0,2023-03.pdf
2023-03,comerciais_leves,Pick-up's Grandes,23289,22771,11,518,2023-03.pdf
2023-03,comerciais_leves,Pick-up's Pequenas,12567,12567,4,0,2023-03.pdf
2023-04,automoveis,Grandcab,1089,1086,4,3,2023-04.pdf
2023-04,automoveis,Hatch Médios,76,71,6,5,2023-04.pdf
2023-04,automoveis,Hatch Pequenos,33158,33139,12,19,2023-04.pdf
2023-04,automoveis,Monocab,0,0,2,0,2023-04.pdf
2023-04,automoveis,Sedans Compactos,9875,9874,6,1,2023-04.pdf
2023-04,automoveis,Sedans Grandes,550,534,12,16,2023-04.pdf
2023-04,automoveis,Sedans Pequenos,5763,5763,10,0,2023-04.pdf
2023-04,automoveis,Sedans médios,4093,4093,19,0,2023-04.pdf
2023-04,automoveis,Sports,242,217,9,25,2023-04.pdf
2023-04,automoveis,Suv's,54049,52719,40,1330,2023-04.pdf
2023-04,automoveis,Sw Grandes,3,3,3,0,2023-04.pdf
2023-04,automoveis,Sw Médios,0,0,2,0,2023-04.pdf
2023-04,automoveis,Veículos de Entrada,9166,9166,9,0,2023-04.pdf
2023-04,comerciais_leves,Furgões,2514,2077,7,437,2023-04.pdf
2023-04,comerciais_leves,Furgões Pequenos,1458,1457,4,1,2023-04.pdf
2023-04,comerciais_leves,Pick-up's Grandes,18420,18024,11,396,2023-04.pdf
2023-04,comerciais_leves,Pick-up's Pequenas,11201,11201,4,0,2023-04.pdf
2023-05,automoveis,Grandcab,1494,1493,4,1,2023-05.pdf
2023-05,automoveis,Hatch Médios,102,95,6,7,2023-05.pdf
2023-05,automoveis,Hatch Pequenos,31816,31779,12,37,2023-05.pdf
2023-05,automoveis,Monocab,12,12,2,0,2023-05.pdf
2023-05,automoveis,Sedans Compactos,11260,11260,6,0,2023-05.pdf
2023-05,automoveis,Sedans Grandes,668,644,12,24,2023-05.pdf
2023-05,automoveis,Sedans Pequenos,4511,4509,10,2,2023-05.pdf
2023-05,automoveis,Sedans médios,5024,5024,20,0,2023-05.pdf
2023-05,automoveis,Sports,224,207,9,17,2023-05.pdf
2023-05,automoveis,Suv's,65129,63743,40,1386,2023-05.pdf
2023-05,automoveis,Sw Grandes,11,11,3,0,2023-05.pdf
2023-05,automoveis,Sw Médios,0,0,2,0,2023-05.pdf
2023-05,automoveis,Veículos de Entrada,7159,7159,9,0,2023-05.pdf
2023-05,comerciais_leves,Furgões,2797,2311,7,486,2023-05.pdf
2023-05,comerciais_leves,Furgões Pequenos,1211,1210,4,1,2023-05.pdf
2023-05,comerciais_leves,Pick-up's Grandes,21273,20801,11,472,2023-05.pdf
2023-05,comerciais_leves,Pick-up's Pequenas,13589,13589,5,0,2023-05.pdf
2023-06,automoveis,Grandcab,1521,1520,4,1,2023-06.pdf
2023-06,automoveis,Hatch Médios,144,142,6,2,2023-06.pdf
2023-06,automoveis,Hatch Pequenos,40881,40855,12,26,2023-06.pdf
2023-06,automoveis,Monocab,2,2,3,0,2023-06.pdf
2023-06,automoveis,Sedans Compactos,11805,11804,6,1,2023-06.pdf
2023-06,automoveis,Sedans Grandes,564,549,12,15,2023-06.pdf
2023-06,automoveis,Sedans Pequenos,6837,6837,10,0,2023-06.pdf
2023-06,automoveis,Sedans médios,4717,4717,20,0,2023-06.pdf
2023-06,automoveis,Sports,215,193,9,22,2023-06.pdf
2023-06,automoveis,Suv's,62340,61091,40,1249,2023-06.pdf
2023-06,automoveis,Sw Grandes,3,3,3,0,2023-06.pdf
2023-06,automoveis,Sw Médios,0,0,2,0,2023-06.pdf
2023-06,automoveis,Veículos de Entrada,12924,12923,9,1,2023-06.pdf
2023-06,comerciais_leves,Furgões,2323,1897,7,426,2023-06.pdf
2023-06,comerciais_leves,Furgões Pequenos,2439,2435,4,4,2023-06.pdf
2023-06,comerciais_leves,Pick-up's Grandes,19267,18568,11,699,2023-06.pdf
2023-06,comerciais_leves,Pick-up's Pequenas,13643,13643,5,0,2023-06.pdf
2023-07,automoveis,Grandcab,2171,2171,4,0,2023-07.pdf
2023-07,automoveis,Hatch Médios,131,116,6,15,2023-07.pdf
2023-07,automoveis,Hatch Pequenos,55987,55957,12,30,2023-07.pdf
2023-07,automoveis,Monocab,18,18,3,0,2023-07.pdf
2023-07,automoveis,Sedans Compactos,13798,13794,6,4,2023-07.pdf
2023-07,automoveis,Sedans Grandes,579,567,12,12,2023-07.pdf
2023-07,automoveis,Sedans Pequenos,11773,11772,10,1,2023-07.pdf
2023-07,automoveis,Sedans médios,4587,4587,21,0,2023-07.pdf
2023-07,automoveis,Sports,183,160,9,23,2023-07.pdf
2023-07,automoveis,Suv's,72138,70212,40,1926,2023-07.pdf
2023-07,automoveis,Sw Grandes,3,3,3,0,2023-07.pdf
2023-07,automoveis,Sw Médios,0,0,2,0,2023-07.pdf
2023-07,automoveis,Veículos de Entrada,15317,15317,9,0,2023-07.pdf
2023-07,comerciais_leves,Furgões,2487,1953,7,534,2023-07.pdf
2023-07,comerciais_leves,Furgões Pequenos,1469,1468,4,1,2023-07.pdf
2023-07,comerciais_leves,Pick-up's Grandes,19286,18389,11,897,2023-07.pdf
2023-07,comerciais_leves,Pick-up's Pequenas,15723,15723,5,0,2023-07.pdf
2023-08,automoveis,Grandcab,2501,2497,4,4,2023-08.pdf
2023-08,automoveis,Hatch Médios,96,85,6,11,2023-08.pdf
2023-08,automoveis,Hatch Pequenos,39843,39798,12,45,2023-08.pdf
2023-08,automoveis,Monocab,3,3,3,0,2023-08.pdf
2023-08,automoveis,Sedans Compactos,14673,14673,6,0,2023-08.pdf
2023-08,automoveis,Sedans Grandes,750,737,12,13,2023-08.pdf
2023-08,automoveis,Sedans Pequenos,7482,7482,10,0,2023-08.pdf
2023-08,automoveis,Sedans médios,5486,5486,21,0,2023-08.pdf
2023-08,automoveis,Sports,294,262,9,32,2023-08.pdf
2023-08,automoveis,Suv's,71042,69286,40,1756,2023-08.pdf
2023-08,automoveis,Sw Grandes,4,4,3,0,2023-08.pdf
2023-08,automoveis,Sw Médios,0,0,2,0,2023-08.pdf
2023-08,automoveis,Veículos de Entrada,11234,11234,9,0,2023-08.pdf
2023-08,comerciais_leves,Furgões,2986,2251,7,735,2023-08.pdf
2023-08,comerciais_leves,Furgões Pequenos,2070,2070,4,0,2023-08.pdf
2023-08,comerciais_leves,Pick-up's Grandes,20879,19987,11,892,2023-08.pdf
2023-08,comerciais_leves,Pick-up's Pequenas,17463,17463,5,0,2023-08.pdf
2023-10,automoveis,Grandcab,2055,2055,4,0,2023-10.pdf
2023-10,automoveis,Hatch Médios,120,113,6,7,2023-10.pdf
2023-10,automoveis,Hatch Pequenos,44514,44477,12,37,2023-10.pdf
2023-10,automoveis,Monocab,4,4,5,0,2023-10.pdf
2023-10,automoveis,Sedans Compactos,13968,13968,6,0,2023-10.pdf
2023-10,automoveis,Sedans Grandes,574,562,12,12,2023-10.pdf
2023-10,automoveis,Sedans Pequenos,8553,8553,10,0,2023-10.pdf
2023-10,automoveis,Sedans médios,5246,5246,21,0,2023-10.pdf
2023-10,automoveis,Sports,335,309,9,26,2023-10.pdf
2023-10,automoveis,Suv's,73221,71324,40,1897,2023-10.pdf
2023-10,automoveis,Sw Grandes,4,4,3,0,2023-10.pdf
2023-10,automoveis,Sw Médios,0,0,2,0,2023-10.pdf
2023-10,automoveis,Veículos de Entrada,14469,14468,9,1,2023-10.pdf
2023-10,comerciais_leves,Furgões,2637,2129,7,508,2023-10.pdf
2023-10,comerciais_leves,Furgões Pequenos,2145,2140,4,5,2023-10.pdf
2023-10,comerciais_leves,Pick-up's Grandes,22658,21955,11,703,2023-10.pdf
2023-10,comerciais_leves,Pick-up's Pequenas,16089,16089,6,0,2023-10.pdf
2023-11,automoveis,Grandcab,1638,1632,4,6,2023-11.pdf
2023-11,automoveis,Hatch Médios,96,90,6,6,2023-11.pdf
2023-11,automoveis,Hatch Pequenos,46114,46026,12,88,2023-11.pdf
2023-11,automoveis,Monocab,0,0,5,0,2023-11.pdf
2023-11,automoveis,Sedans Compactos,11247,11247,6,0,2023-11.pdf
2023-11,automoveis,Sedans Grandes,487,434,12,53,2023-11.pdf
2023-11,automoveis,Sedans Pequenos,9270,9270,10,0,2023-11.pdf
2023-11,automoveis,Sedans médios,4592,4590,21,2,2023-11.pdf
2023-11,automoveis,Sports,287,269,9,18,2023-11.pdf
2023-11,automoveis,Suv's,74541,72307,40,2234,2023-11.pdf
2023-11,automoveis,Sw Grandes,6,6,3,0,2023-11.pdf
2023-11,automoveis,Sw Médios,0,0,2,0,2023-11.pdf
2023-11,automoveis,Veículos de Entrada,12368,12368,9,0,2023-11.pdf
2023-11,comerciais_leves,Furgões,2649,1978,7,671,2023-11.pdf
2023-11,comerciais_leves,Furgões Pequenos,2334,2332,4,2,2023-11.pdf
2023-11,comerciais_leves,Pick-up's Grandes,21348,20784,11,564,2023-11.pdf
2023-11,comerciais_leves,Pick-up's Pequenas,14615,14615,6,0,2023-11.pdf
2023-12,automoveis,Grandcab,1831,1820,4,11,2023-12.pdf
2023-12,automoveis,Hatch Médios,257,249,6,8,2023-12.pdf
2023-12,automoveis,Hatch Pequenos,55811,55697,12,114,2023-12.pdf
2023-12,automoveis,Monocab,5,5,5,0,2023-12.pdf
2023-12,automoveis,Sedans Compactos,14661,14661,6,0,2023-12.pdf
2023-12,automoveis,Sedans Grandes,918,890,12,28,2023-12.pdf
2023-12,automoveis,Sedans Pequenos,9787,9787,10,0,2023-12.pdf
2023-12,automoveis,Sedans médios,5938,5938,21,0,2023-12.pdf
2023-12,automoveis,Sports,340,298,9,42,2023-12.pdf
2023-12,automoveis,Suv's,82585,79144,40,3441,2023-12.pdf
2023-12,automoveis,Sw Grandes,6,6,1,0,2023-12.pdf
2023-12,automoveis,Sw Médios,0,0,0,0,2023-12.pdf
2023-12,automoveis,Veículos de Entrada,15512,15512,7,0,2023-12.pdf
2023-12,comerciais_leves,Furgões,3382,2547,7,835,2023-12.pdf
2023-12,comerciais_leves,Furgões Pequenos,3838,3835,4,3,2023-12.pdf
2023-12,comerciais_leves,Pick-up's Grandes,25762,24665,11,1097,2023-12.pdf
2023-12,comerciais_leves,Pick-up's Pequenas,15855,15855,5,0,2023-12.pdf
2024-01,automoveis,Grandcab,1107,1107,4,0,2024-01.pdf
2024-01,automoveis,Hatch Médios,88,84,6,4,2024-01.pdf
2024-01,automoveis,Hatch Pequenos,34777,34713,12,64,2024-01.pdf
2024-01,automoveis,Monocab,1,1,3,0,2024-01.pdf
2024-01,automoveis,Sedans Compactos,9482,9482,6,0,2024-01.pdf
2024-01,automoveis,Sedans Grandes,499,488,12,11,2024-01.pdf
2024-01,automoveis,Sedans Pequenos,4701,4701,6,0,2024-01.pdf
2024-01,automoveis,Sedans médios,3654,3654,18,0,2024-01.pdf
2024-01,automoveis,Sports,236,218,9,18,2024-01.pdf
2024-01,automoveis,Suv's,57061,55236,40,1825,2024-01.pdf
2024-01,automoveis,Sw Grandes,7,7,2,0,2024-01.pdf
2024-01,automoveis,Sw Médios,0,0,0,0,2024-01.pdf
2024-01,automoveis,Veículos de Entrada,6826,6826,5,0,2024-01.pdf
2024-01,comerciais_leves,Furgões,2652,2088,7,564,2024-01.pdf
2024-01,comerciais_leves,Furgões Pequenos,1630,1626,4,4,2024-01.pdf
2024-01,comerciais_leves,Pick-up's Grandes,17616,16726,11,890,2024-01.pdf
2024-01,comerciais_leves,Pick-up's Pequenas,11650,11650,3,0,2024-01.pdf
2024-02,automoveis,Grandcab,766,766,4,0,2024-02.pdf
2024-02,automoveis,Hatch Médios,102,99,6,3,2024-02.pdf
2024-02,automoveis,Hatch Pequenos,32901,32768,12,133,2024-02.pdf
2024-02,automoveis,Monocab,0,0,1,0,2024-02.pdf
2024-02,automoveis,Sedans Compactos,9035,9035,6,0,2024-02.pdf
2024-02,automoveis,Sedans Grandes,446,437,12,9,2024-02.pdf
2024-02,automoveis,Sedans Pequenos,4071,4071,4,0,2024-02.pdf
2024-02,automoveis,Sedans médios,3951,3951,19,0,2024-02.pdf
2024-02,automoveis,Sports,398,368,9,30,2024-02.pdf
2024-02,automoveis,Suv's,56243,54771,40,1472,2024-02.pdf
2024-02,automoveis,Sw Grandes,7,7,2,0,2024-02.pdf
2024-02,automoveis,Sw Médios,1,1,1,0,2024-02.pdf
2024-02,automoveis,Veículos de Entrada,12339,12339,5,0,2024-02.pdf
2024-02,comerciais_leves,Furgões,2562,1988,7,574,2024-02.pdf
2024-02,comerciais_leves,Furgões Pequenos,1499,1499,4,0,2024-02.pdf
2024-02,comerciais_leves,Pick-up's Grandes,18196,17294,11,902,2024-02.pdf
2024-02,comerciais_leves,Pick-up's Pequenas,12695,12695,3,0,2024-02.pdf
2024-03,automoveis,Grandcab,458,458,4,0,2024-03.pdf
2024-03,automoveis,Hatch Médios,141,133,6,8,2024-03.pdf
2024-03,automoveis,Hatch Pequenos,43202,42843,12,359,2024-03.pdf
2024-03,automoveis,Monocab,3,3,2,0,2024-03.pdf
2024-03,automoveis,Sedans Compactos,10562,10562,6,0,2024-03.pdf
2024-03,automoveis,Sedans Grandes,566,550,12,16,2024-03.pdf
2024-03,automoveis,Sedans Pequenos,3249,3249,6,0,2024-03.pdf
2024-03,automoveis,Sedans médios,4733,4732,21,1,2024-03.pdf
2024-03,automoveis,Sports,409,375,9,34,2024-03.pdf
2024-03,automoveis,Suv's,65852,63595,40,2257,2024-03.pdf
2024-03,automoveis,Sw Grandes,3,3,2,0,2024-03.pdf
2024-03,automoveis,Sw Médios,1,1,2,0,2024-03.pdf
2024-03,automoveis,Veículos de Entrada,8659,8659,7,0,2024-03.pdf
2024-03,comerciais_leves,Furgões,2722,2155,7,567,2024-03.pdf
2024-03,comerciais_leves,Furgões Pequenos,1755,1749,4,6,2024-03.pdf
2024-03,comerciais_leves,Pick-up's Grandes,19008,18109,11,899,2024-03.pdf
2024-03,comerciais_leves,Pick-up's Pequenas,14598,14598,4,0,2024-03.pdf
2024-04,automoveis,Grandcab,2332,2332,4,0,2024-04.pdf
2024-04,automoveis,Hatch Médios,79,69,6,10,2024-04.pdf
2024-04,automoveis,Hatch Pequenos,50591,50353,12,238,2024-04.pdf
2024-04,automoveis,Monocab,1,1,2,0,2024-04.pdf
2024-04,automoveis,Sedans Compactos,13170,13170,6,0,2024-04.pdf
2024-04,automoveis,Sedans Grandes,667,656,12,11,2024-04.pdf
2024-04,automoveis,Sedans Pequenos,6146,6146,7,0,2024-04.pdf
2024-04,automoveis,Sedans médios,4448,4448,21,0,2024-04.pdf
2024-04,automoveis,Sports,394,366,9,28,2024-04.pdf
2024-04,automoveis,Suv's,75848,73616,40,2232,2024-04.pdf
2024-04,automoveis,Sw Grandes,8,8,2,0,2024-04.pdf
2024-04,automoveis,Sw Médios,0,0,2,0,2024-04.pdf
2024-04,automoveis,Veículos de Entrada,10617,10617,7,0,2024-04.pdf
2024-04,comerciais_leves,Furgões,2773,2090,7,683,2024-04.pdf
2024-04,comerciais_leves,Furgões Pequenos,1636,1629,4,7,2024-04.pdf
2024-04,comerciais_leves,Pick-up's Grandes,22422,21737,11,685,2024-04.pdf
2024-04,comerciais_leves,Pick-up's Pequenas,16873,16873,5,0,2024-04.pdf
2024-05,automoveis,Grandcab,2533,2533,4,0,2024-05.pdf
2024-05,automoveis,Hatch Médios,74,63,6,11,2024-05.pdf
2024-05,automoveis,Hatch Pequenos,38687,38516,12,171,2024-05.pdf
2024-05,automoveis,Monocab,11,11,3,0,2024-05.pdf
2024-05,automoveis,Sedans Compactos,10769,10768,6,1,2024-05.pdf
2024-05,automoveis,Sedans Grandes,716,708,12,8,2024-05.pdf
2024-05,automoveis,Sedans Pequenos,6711,6711,7,0,2024-05.pdf
2024-05,automoveis,Sedans médios,3700,3700,21,0,2024-05.pdf
2024-05,automoveis,Sports,307,284,9,23,2024-05.pdf
2024-05,automoveis,Suv's,71514,68983,40,2531,2024-05.pdf
2024-05,automoveis,Sw Grandes,3,3,2,0,2024-05.pdf
2024-05,automoveis,Sw Médios,0,0,2,0,2024-05.pdf
2024-05,automoveis,Veículos de Entrada,8952,8952,9,0,2024-05.pdf
2024-05,comerciais_leves,Furgões,2157,1546,7,611,2024-05.pdf
2024-05,comerciais_leves,Furgões Pequenos,1177,1168,4,9,2024-05.pdf
2024-05,comerciais_leves,Pick-up's Grandes,21304,20348,11,956,2024-05.pdf
2024-05,comerciais_leves,Pick-up's Pequenas,14530,14530,5,0,2024-05.pdf
2024-06,automoveis,Grandcab,2257,2257,4,0,2024-06.pdf
2024-06,automoveis,Hatch Médios,67,62,6,5,2024-06.pdf
2024-06,automoveis,Hatch Pequenos,47403,47277,12,126,2024-06.pdf
2024-06,automoveis,Monocab,1,1,3,0,2024-06.pdf
2024-06,automoveis,Sedans Compactos,13805,13805,6,0,2024-06.pdf
2024-06,automoveis,Sedans Grandes,641,630,12,11,2024-06.pdf
2024-06,automoveis,Sedans Pequenos,7474,7474,7,0,2024-06.pdf
2024-06,automoveis,Sedans médios,4617,4617,21,0,2024-06.pdf
2024-06,automoveis,Sports,290,261,9,29,2024-06.pdf
2024-06,automoveis,Suv's,76644,74521,40,2123,2024-06.pdf
2024-06,automoveis,Sw Grandes,11,11,2,0,2024-06.pdf
2024-06,automoveis,Sw Médios,1,1,3,0,2024-06.pdf
2024-06,automoveis,Veículos de Entrada,10531,10531,9,0,2024-06.pdf
2024-06,comerciais_leves,Furgões,2436,1568,7,868,2024-06.pdf
2024-06,comerciais_leves,Furgões Pequenos,2138,2060,4,78,2024-06.pdf
2024-06,comerciais_leves,Pick-up's Grandes,23348,21671,11,1677,2024-06.pdf
2024-06,comerciais_leves,Pick-up's Pequenas,10731,10731,5,0,2024-06.pdf
2024-07,automoveis,Grandcab,2409,2409,4,0,2024-07.pdf
2024-07,automoveis,Hatch Médios,51,49,6,2,2024-07.pdf
2024-07,automoveis,Hatch Pequenos,48746,48533,12,213,2024-07.pdf
2024-07,automoveis,Monocab,0,0,3,0,2024-07.pdf
2024-07,automoveis,Sedans Compactos,13090,13089,6,1,2024-07.pdf
2024-07,automoveis,Sedans Grandes,742,723,12,19,2024-07.pdf
2024-07,automoveis,Sedans Pequenos,6298,6298,7,0,2024-07.pdf
2024-07,automoveis,Sedans médios,5619,5619,21,0,2024-07.pdf
2024-07,automoveis,Sports,537,515,9,22,2024-07.pdf
2024-07,automoveis,Suv's,90132,87775,40,2357,2024-07.pdf
2024-07,automoveis,Sw Grandes,7,7,2,0,2024-07.pdf
2024-07,automoveis,Sw Médios,0,0,3,0,2024-07.pdf
2024-07,automoveis,Veículos de Entrada,10334,10334,9,0,2024-07.pdf
2024-07,comerciais_leves,Furgões,3469,2441,7,1028,2024-07.pdf
2024-07,comerciais_leves,Furgões Pequenos,2206,2201,4,5,2024-07.pdf
2024-07,comerciais_leves,Pick-up's Grandes,24984,23554,11,1430,2024-07.pdf
2024-07,comerciais_leves,Pick-up's Pequenas,18581,18581,6,0,2024-07.pdf
2024-08,automoveis,Grandcab,2646,2646,4,0,2024-08.pdf
2024-08,automoveis,Hatch Médios,65,57,6,8,2024-08.pdf
2024-08,automoveis,Hatch Pequenos,50195,50053,12,142,2024-08.pdf
2024-08,automoveis,Monocab,5,5,3,0,2024-08.pdf
2024-08,automoveis,Sedans Compactos,12753,12753,6,0,2024-08.pdf
2024-08,automoveis,Sedans Grandes,607,591,12,16,2024-08.pdf
2024-08,automoveis,Sedans Pequenos,7727,7727,8,0,2024-08.pdf
2024-08,automoveis,Sedans médios,5175,5172,21,3,2024-08.pdf
2024-08,automoveis,Sports,627,593,9,34,2024-08.pdf
2024-08,automoveis,Suv's,81718,79625,40,2093,2024-08.pdf
2024-08,automoveis,Sw Grandes,10,10,3,0,2024-08.pdf
2024-08,automoveis,Sw Médios,1,1,4,0,2024-08.pdf
2024-08,automoveis,Veículos de Entrada,9403,9402,9,1,2024-08.pdf
2024-08,comerciais_leves,Furgões,3627,2612,7,1015,2024-08.pdf
2024-08,comerciais_leves,Furgões Pequenos,2115,2106,4,9,2024-08.pdf
2024-08,comerciais_leves,Pick-up's Grandes,24500,23510,11,990,2024-08.pdf
2024-08,comerciais_leves,Pick-up's Pequenas,21941,21941,6,0,2024-08.pdf
2024-09,automoveis,Grandcab,2348,2348,4,0,2024-09.pdf
2024-09,automoveis,Hatch Médios,100,89,6,11,2024-09.pdf
2024-09,automoveis,Hatch Pequenos,47419,47295,12,124,2024-09.pdf
2024-09,automoveis,Monocab,5,5,3,0,2024-09.pdf
2024-09,automoveis,Sedans Compactos,12132,12132,6,0,2024-09.pdf
2024-09,automoveis,Sedans Grandes,642,633,12,9,2024-09.pdf
2024-09,automoveis,Sedans Pequenos,10139,10139,8,0,2024-09.pdf
2024-09,automoveis,Sedans médios,5120,5119,21,1,2024-09.pdf
2024-09,automoveis,Sports,478,451,9,27,2024-09.pdf
2024-09,automoveis,Suv's,82234,80084,40,2150,2024-09.pdf
2024-09,automoveis,Sw Grandes,5,5,3,0,2024-09.pdf
2024-09,automoveis,Sw Médios,1,1,4,0,2024-09.pdf
2024-09,automoveis,Veículos de Entrada,10960,10960,9,0,2024-09.pdf
2024-09,comerciais_leves,Furgões,3638,2605,7,1033,2024-09.pdf
2024-09,comerciais_leves,Furgões Pequenos,2734,2731,4,3,2024-09.pdf
2024-09,comerciais_leves,Pick-up's Grandes,25747,24881,11,866,2024-09.pdf
2024-09,comerciais_leves,Pick-up's Pequenas,18897,18897,6,0,2024-09.pdf
2025-02,automoveis,Grandcab,1595,1595,4,0,2025-02.pdf
2025-02,automoveis,Hatch Médios,28,24,6,4,2025-02.pdf
2025-02,automoveis,Hatch Pequenos,30780,30674,12,106,2025-02.pdf
2025-02,automoveis,Monocab,0,0,1,0,2025-02.pdf
2025-02,automoveis,Sedans Compactos,9573,9573,6,0,2025-02.pdf
2025-02,automoveis,Sedans Grandes,583,573,12,10,2025-02.pdf
2025-02,automoveis,Sedans Pequenos,3855,3855,5,0,2025-02.pdf
2025-02,automoveis,Sedans médios,5501,5501,18,0,2025-02.pdf
2025-02,automoveis,Sports,267,247,9,20,2025-02.pdf
2025-02,automoveis,Suv's,72053,69933,40,2120,2025-02.pdf
2025-02,automoveis,Sw Grandes,6,6,1,0,2025-02.pdf
2025-02,automoveis,Sw Médios,0,0,0,0,2025-02.pdf
2025-02,automoveis,Veículos de Entrada,10459,10459,6,0,2025-02.pdf
2025-02,comerciais_leves,Furgões,3676,2761,7,915,2025-02.pdf
2025-02,comerciais_leves,Furgões Pequenos,1409,1404,4,5,2025-02.pdf
2025-02,comerciais_leves,Pick-up's Grandes,18982,17769,11,1213,2025-02.pdf
2025-02,comerciais_leves,Pick-up's Pequenas,14964,14964,3,0,2025-02.pdf
2025-03,automoveis,Grandcab,1417,1415,4,2,2025-03.pdf
2025-03,automoveis,Hatch Médios,30,28,6,2,2025-03.pdf
2025-03,automoveis,Hatch Pequenos,35324,35271,12,53,2025-03.pdf
2025-03,automoveis,Monocab,1,1,1,0,2025-03.pdf
2025-03,automoveis,Sedans Compactos,10223,10223,6,0,2025-03.pdf
2025-03,automoveis,Sedans Grandes,594,582,12,12,2025-03.pdf
2025-03,automoveis,Sedans Pequenos,4071,4071,5,0,2025-03.pdf
2025-03,automoveis,Sedans médios,5562,5562,18,0,2025-03.pdf
2025-03,automoveis,Sports,265,245,9,20,2025-03.pdf
2025-03,automoveis,Suv's,74349,71860,40,2489,2025-03.pdf
2025-03,automoveis,Sw Grandes,8,8,2,0,2025-03.pdf
2025-03,automoveis,Sw Médios,0,0,0,0,2025-03.pdf
2025-03,automoveis,Veículos de Entrada,9639,9639,7,0,2025-03.pdf
2025-03,comerciais_leves,Furgões,3667,2773,7,894,2025-03.pdf
2025-03,comerciais_leves,Furgões Pequenos,2119,2116,4,3,2025-03.pdf
2025-03,comerciais_leves,Pick-up's Grandes,20766,19232,11,1534,2025-03.pdf
2025-03,comerciais_leves,Pick-up's Pequenas,15947,15947,3,0,2025-03.pdf
2025-04,automoveis,Grandcab,1769,1769,4,0,2025-04.pdf
2025-04,automoveis,Hatch Médios,46,44,6,2,2025-04.pdf
2025-04,automoveis,Hatch Pequenos,39216,39127,12,89,2025-04.pdf
2025-04,automoveis,Monocab,0,0,1,0,2025-04.pdf
2025-04,automoveis,Sedans Compactos,9815,9815,6,0,2025-04.pdf
2025-04,automoveis,Sedans Grandes,728,713,12,15,2025-04.pdf
2025-04,automoveis,Sedans Pequenos,6288,6288,5,0,2025-04.pdf
2025-04,automoveis,Sedans médios,5714,5714,20,0,2025-04.pdf
2025-04,automoveis,Sports,268,242,9,26,2025-04.pdf
2025-04,automoveis,Suv's,78417,75843,40,2574,2025-04.pdf
2025-04,automoveis,Sw Grandes,11,11,2,0,2025-04.pdf
2025-04,automoveis,Sw Médios,0,0,0,0,2025-04.pdf
2025-04,automoveis,Veículos de Entrada,9934,9934,7,0,2025-04.pdf
2025-04,comerciais_leves,Furgões,4429,3583,7,846,2025-04.pdf
2025-04,comerciais_leves,Furgões Pequenos,2067,2056,4,11,2025-04.pdf
2025-04,comerciais_leves,Pick-up's Grandes,22745,21047,11,1698,2025-04.pdf
2025-04,comerciais_leves,Pick-up's Pequenas,15533,15533,3,0,2025-04.pdf
2025-05,automoveis,Grandcab,2229,2228,4,1,2025-05.pdf
2025-05,automoveis,Hatch Médios,34,32,6,2,2025-05.pdf
2025-05,automoveis,Hatch Pequenos,44926,44846,12,80,2025-05.pdf
2025-05,automoveis,Monocab,0,0,1,0,2025-05.pdf
2025-05,automoveis,Sedans Compactos,9370,9370,6,0,2025-05.pdf
2025-05,automoveis,Sedans Grandes,683,656,12,27,2025-05.pdf
2025-05,automoveis,Sedans Pequenos,7101,7101,6,0,2025-05.pdf
2025-05,automoveis,Sedans médios,5409,5409,21,0,2025-05.pdf
2025-05,automoveis,Sports,194,177,9,17,2025-05.pdf
2025-05,automoveis,Suv's,85720,82827,40,2893,2025-05.pdf
2025-05,automoveis,Sw Grandes,7,7,2,0,2025-05.pdf
2025-05,automoveis,Sw Médios,0,0,0,0,2025-05.pdf
2025-05,automoveis,Veículos de Entrada,11808,11808,8,0,2025-05.pdf
2025-05,comerciais_leves,Furgões,4124,3284,7,840,2025-05.pdf
2025-05,comerciais_leves,Furgões Pequenos,2504,2497,4,7,2025-05.pdf
2025-05,comerciais_leves,Pick-up's Grandes,22791,21964,11,827,2025-05.pdf
2025-05,comerciais_leves,Pick-up's Pequenas,17390,17390,3,0,2025-05.pdf
2025-06,automoveis,Grandcab,2002,2002,4,0,2025-06.pdf
2025-06,automoveis,Hatch Médios,38,37,6,1,2025-06.pdf
2025-06,automoveis,Hatch Pequenos,39474,39371,12,103,2025-06.pdf
2025-06,automoveis,Monocab,0,0,1,0,2025-06.pdf
2025-06,automoveis,Sedans Compactos,9737,9737,6,0,2025-06.pdf
2025-06,automoveis,Sedans Grandes,613,577,12,36,2025-06.pdf
2025-06,automoveis,Sedans Pequenos,4162,4162,7,0,2025-06.pdf
2025-06,automoveis,Sedans médios,5120,5119,21,1,2025-06.pdf
2025-06,automoveis,Sports,222,197,9,25,2025-06.pdf
2025-06,automoveis,Suv's,86011,82634,40,3377,2025-06.pdf
2025-06,automoveis,Sw Grandes,18,18,2,0,2025-06.pdf
2025-06,automoveis,Sw Médios,0,0,0,0,2025-06.pdf
2025-06,automoveis,Veículos de Entrada,11675,11675,8,0,2025-06.pdf
2025-06,comerciais_leves,Furgões,3248,2297,7,951,2025-06.pdf
2025-06,comerciais_leves,Furgões Pequenos,2676,2675,4,1,2025-06.pdf
2025-06,comerciais_leves,Pick-up's Grandes,20779,19969,11,810,2025-06.pdf
2025-06,comerciais_leves,Pick-up's Pequenas,16325,16325,3,0,2025-06.pdf
2026-01,automoveis,Grandcab,1241,1241,4,0,2026-01.pdf
2026-01,automoveis,Hatch Médios,18,18,6,0,2026-01.pdf
2026-01,automoveis,Hatch Pequenos,28414,28287,12,127,2026-01.pdf
2026-01,automoveis,Monocab,2,2,2,0,2026-01.pdf
2026-01,automoveis,Sedans Compactos,5155,5155,6,0,2026-01.pdf
2026-01,automoveis,Sedans Grandes,392,383,12,9,2026-01.pdf
2026-01,automoveis,Sedans Pequenos,2942,2942,5,0,2026-01.pdf
2026-01,automoveis,Sedans médios,2901,2901,19,0,2026-01.pdf
2026-01,automoveis,Sports,277,261,9,16,2026-01.pdf
2026-01,automoveis,Suv's,77491,73309,40,4182,2026-01.pdf
2026-01,automoveis,Sw Grandes,6,6,1,0,2026-01.pdf
2026-01,automoveis,Sw Médios,1,1,2,0,2026-01.pdf
2026-01,automoveis,Veículos de Entrada,6234,6234,7,0,2026-01.pdf
2026-01,comerciais_leves,Furgões,3166,2289,7,877,2026-01.pdf
2026-01,comerciais_leves,Furgões Pequenos,1655,1655,4,0,2026-01.pdf
2026-01,comerciais_leves,Pick-up's Grandes,19116,18328,11,788,2026-01.pdf
2026-01,comerciais_leves,Pick-up's Pequenas,13403,13403,3,0,2026-01.pdf
